frame_index,0,1,2,3,4,5,6,7,8,9,10,11,12,13,14,15,16,17,18,19,20,21,22,23,24,25,26,27,28,29,30,31,32,33,34,35,36,37,38,39,40,41,42,43,44,45,46,47,48,49,50,51,52,53,54,55,56,57,58,59,60,61,62,63,64,65,66,67,68,69,70,71,72,73,74,75,76,77,78,79,80,81,82,83,84,85,86,87,88,89,90,91,92,93,94,95,96,97,98,99,100,101,102,103,104,105,106,107,108,109,110,111,112,113,114,115,116,117,118,119,120,121,122,123,124,125
0,0.8799313306808472,0.821445643901825,-1.447284159183937e-08,0.8661780953407288,0.7200480699539185,0.00691699143499136,0.8239991068840027,0.6345328688621521,0.002699608216062188,0.7886479496955872,0.5625437498092651,-0.00405780179426074,0.780432403087616,0.5033653378486633,-0.01355674397200346,0.7576090097427368,0.6389060020446777,-0.01426912471652031,0.6656120419502258,0.6158487200737,-0.027169032022356987,0.6162095069885254,0.6109581589698792,-0.036420077085494995,0.5801287293434143,0.6111935377120972,-0.042536474764347076,0.7432862520217896,0.6886807680130005,-0.027503658086061478,0.6439992189407349,0.6585254669189453,-0.03837313503026962,0.5890693664550781,0.6492500305175781,-0.04600195586681366,0.5500566363334656,0.6469033360481262,-0.05218211188912392,0.7333200573921204,0.7466911673545837,-0.03915298730134964,0.6418496966362,0.7126182317733765,-0.04661515727639198,0.5918912291526794,0.6994967460632324,-0.048765700310468674,0.5557115077972412,0.691541850566864,-0.05161549896001816,0.7273706197738647,0.8097022771835327,-0.0498574860394001,0.6590003967285156,0.7759882211685181,-0.05560686066746712,0.6209148168563843,0.757167398929596,-0.05415913462638855,0.5891322493553162,0.7401291131973267,-0.05301733687520027,0.04589894413948059,0.9483236074447632,3.7290990917426825e-07,0.03099486231803894,0.8582634329795837,-0.005937283858656883,0.041184261441230774,0.7604904770851135,-0.020021585747599602,0.03798219561576843,0.6855452060699463,-0.03624417632818222,0.027901530265808105,0.6271845102310181,-0.054444968700408936,0.13983456790447235,0.7177344560623169,-0.01719004288315773,0.2204369157552719,0.662845253944397,-0.02952348068356514,0.26447033882141113,0.6418498754501343,-0.037437085062265396,0.2972765862941742,0.6260170936584473,-0.04142367094755173,0.16706052422523499,0.7600163221359253,-0.026577608659863472,0.25298377871513367,0.6932365298271179,-0.03232261911034584,0.29614031314849854,0.6602107882499695,-0.036351025104522705,0.3280077576637268,0.6358838677406311,-0.039581235498189926,0.18723124265670776,0.8107629418373108,-0.03677869588136673,0.26367485523223877,0.7417953014373779,-0.040965594351291656,0.30310705304145813,0.7039327025413513,-0.04369818791747093,0.3298904299736023,0.6764411330223083,-0.045913394540548325,0.20121344923973083,0.8673635721206665,-0.047819435596466064,0.2600100040435791,0.8046169877052307,-0.049023889005184174,0.2904207408428192,0.7692142724990845,-0.04483390972018242,0.3122806251049042,0.7404422163963318,-0.04095696657896042
1,0.8855494260787964,0.8171394467353821,2.6995837743015727e-07,0.893932580947876,0.7111759185791016,0.002258964814245701,0.8679888248443604,0.6210963726043701,-0.0011497433297336102,0.840087890625,0.5433603525161743,-0.005354341119527817,0.8373599648475647,0.48540449142456055,-0.011100266128778458,0.7908087968826294,0.611619770526886,-0.013129130937159061,0.7112147808074951,0.5665121078491211,-0.02104322239756584,0.6672276854515076,0.5451078414916992,-0.02615971863269806,0.6323619484901428,0.528418242931366,-0.030083302408456802,0.7623303532600403,0.6568819284439087,-0.021427888423204422,0.6792407035827637,0.5993697047233582,-0.02882259711623192,0.6310386657714844,0.5675356388092041,-0.03503438085317612,0.5945327281951904,0.5418474674224854,-0.039925333112478256,0.7420874834060669,0.7086651921272278,-0.028208155184984207,0.6666272282600403,0.6481115221977234,-0.03313031792640686,0.6209477782249451,0.6128984093666077,-0.03870730847120285,0.5861996412277222,0.5839532017707825,-0.043731264770030975,0.7295359969139099,0.7610610723495483,-0.03439057245850563,0.6702756285667419,0.7044985890388489,-0.03835996985435486,0.6360582709312439,0.6739881038665771,-0.038360971957445145,0.6086246371269226,0.64518141746521,-0.03796618804335594,0.0,0.0,0.0,0.0,0.0,0.0,0.0,0.0,0.0,0.0,0.0,0.0,0.0,0.0,0.0,0.0,0.0,0.0,0.0,0.0,0.0,0.0,0.0,0.0,0.0,0.0,0.0,0.0,0.0,0.0,0.0,0.0,0.0,0.0,0.0,0.0,0.0,0.0,0.0,0.0,0.0,0.0,0.0,0.0,0.0,0.0,0.0,0.0,0.0,0.0,0.0,0.0,0.0,0.0,0.0,0.0,0.0,0.0,0.0,0.0,0.0,0.0,0.0
2,0.8789101839065552,0.8364368081092834,1.5229127825477917e-07,0.8678506016731262,0.7247788310050964,0.01018234807997942,0.827772319316864,0.6382831335067749,0.010508010163903236,0.7928957939147949,0.5652518272399902,0.008386234752833843,0.7818073630332947,0.5080328583717346,0.00366210681386292,0.7584297060966492,0.6444058418273926,-0.0033812460023909807,0.6706748008728027,0.6179361343383789,-0.009490481577813625,0.6226030588150024,0.6076588034629822,-0.015411019325256348,0.5830731391906738,0.6012963652610779,-0.02028852328658104,0.7393556833267212,0.6985270380973816,-0.015504351817071438,0.645304799079895,0.6629109978675842,-0.021258166059851646,0.5899350047111511,0.6452130675315857,-0.027932489290833473,0.547338604927063,0.6349683403968811,-0.03414569050073624,0.726969838142395,0.757793128490448,-0.025995375588536263,0.6423192024230957,0.7131161093711853,-0.030958373099565506,0.5936305522918701,0.6906688809394836,-0.03516862168908119,0.5551719069480896,0.6754022240638733,-0.03943082317709923,0.7204180359840393,0.8171051144599915,-0.03507576882839203,0.6530811786651611,0.7731505632400513,-0.040998268872499466,0.6162434816360474,0.7518984079360962,-0.04136768355965614,0.5841434001922607,0.7332363128662109,-0.04105723649263382,0.05523225665092468,0.9388843178749084,2.494084583304357e-07,0.03493224084377289,0.8463419079780579,-0.0035418791230767965,0.03566300868988037,0.7433782815933228,-0.01977645978331566,0.031255513429641724,0.6621230244636536,-0.037825096398591995,0.02311834692955017,0.6028614640235901,-0.058001283556222916,0.12851157784461975,0.7115185856819153,-0.030411016196012497,0.21816012263298035,0.6610035300254822,-0.044195327907800674,0.2583811283111572,0.643770694732666,-0.04940516874194145,0.2882787585258484,0.628199577331543,-0.05096093937754631,0.16014692187309265,0.7563170194625854,-0.040146443992853165,0.25744152069091797,0.6874755024909973,-0.04626813158392906,0.30264049768447876,0.6555812954902649,-0.04624016955494881,0.33546963334083557,0.6326224207878113,-0.046866826713085175,0.18324697017669678,0.808025062084198,-0.049591030925512314,0.2684040069580078,0.737380862236023,-0.05362064391374588,0.3106974959373474,0.699709951877594,-0.05449657514691353,0.3391017019748688,0.6694743633270264,-0.05596272274851799,0.2009468376636505,0.8637217283248901,-0.05893877148628235,0.26220619678497314,0.7992976903915405,-0.06115080788731575,0.29553574323654175,0.763075053691864,-0.05671071633696556,0.3210447430610657,0.7298303842544556,-0.0527111254632473
3,0.884549617767334,0.8146852254867554,2.5386214019818e-07,0.8895263671875,0.7081125378608704,0.00741402106359601,0.8590340614318848,0.6203036308288574,0.006864605471491814,0.8275755047798157,0.5431163311004639,0.0048988331109285355,0.8231942057609558,0.4837496280670166,0.0014211151283234358,0.7828354835510254,0.614368736743927,-0.004607063718140125,0.701690673828125,0.5713682174682617,-0.007144416216760874,0.6597172617912292,0.55439692735672,-0.008748890832066536,0.6273935437202454,0.5423397421836853,-0.010543284937739372,0.7559415102005005,0.6602808833122253,-0.01370926108211279,0.6705797910690308,0.6048398017883301,-0.016198553144931793,0.6228311061859131,0.5771685242652893,-0.01939687319099903,0.5880938768386841,0.5568860769271851,-0.02240653894841671,0.7379249334335327,0.7132493257522583,-0.02109650708734989,0.6596735119819641,0.6545291543006897,-0.022526755928993225,0.6149008274078369,0.6234337687492371,-0.02613256126642227,0.5815469026565552,0.6001074314117432,-0.03015177696943283,0.7275339961051941,0.7670278549194336,-0.027266811579465866,0.6675845384597778,0.7128921747207642,-0.02846730872988701,0.6343173384666443,0.6862346529960632,-0.02694808878004551,0.6069645881652832,0.661020040512085,-0.02575121819972992,0.0,0.0,0.0,0.0,0.0,0.0,0.0,0.0,0.0,0.0,0.0,0.0,0.0,0.0,0.0,0.0,0.0,0.0,0.0,0.0,0.0,0.0,0.0,0.0,0.0,0.0,0.0,0.0,0.0,0.0,0.0,0.0,0.0,0.0,0.0,0.0,0.0,0.0,0.0,0.0,0.0,0.0,0.0,0.0,0.0,0.0,0.0,0.0,0.0,0.0,0.0,0.0,0.0,0.0,0.0,0.0,0.0,0.0,0.0,0.0,0.0,0.0,0.0
4,0.8776828050613403,0.8376568555831909,1.415242678604045e-07,0.8596422076225281,0.7273641228675842,0.009741051122546196,0.8127555847167969,0.6385883688926697,0.00998608022928238,0.7753733992576599,0.5662708282470703,0.00772514333948493,0.7640043497085571,0.5091002583503723,0.0028819774743169546,0.7487788200378418,0.6499939560890198,-0.0042786807753145695,0.6617969274520874,0.6277783513069153,-0.011524139903485775,0.6128009557723999,0.619538426399231,-0.01812952756881714,0.572296142578125,0.6157820820808411,-0.023293999955058098,0.7321150302886963,0.7041506767272949,-0.016668256372213364,0.6366425156593323,0.6747954487800598,-0.02275944873690605,0.5790774822235107,0.6606561541557312,-0.029113003984093666,0.5342537760734558,0.6528511643409729,-0.035014808177948,0.7215144038200378,0.7637645602226257,-0.02758053131401539,0.6344863176345825,0.7255424857139587,-0.032441601157188416,0.584971010684967,0.7068920731544495,-0.035715505480766296,0.5456882119178772,0.6941560506820679,-0.039264120161533356,0.7165445685386658,0.8240433931350708,-0.03729436174035072,0.6474986672401428,0.7840198874473572,-0.04286857694387436,0.6097941398620605,0.7650419473648071,-0.04252729192376137,0.576900839805603,0.748360276222229,-0.041632745414972305,0.015427947044372559,0.9220794439315796,3.773629657644051e-07,0.015178292989730835,0.8230993151664734,0.001752996351569891,0.04090593755245209,0.7382974028587341,-0.009400788694620132,0.0630517452955246,0.6781736612319946,-0.021832894533872604,0.06697496771812439,0.6352633237838745,-0.035753004252910614,0.10063577443361282,0.7066348195075989,-0.03176426887512207,0.19658495485782623,0.6580349206924438,-0.04797934368252754,0.246781125664711,0.6360313296318054,-0.05349449813365936,0.2815656065940857,0.6163007616996765,-0.054597239941358566,0.13033147156238556,0.7594561576843262,-0.04365545138716698,0.2313695102930069,0.6921537518501282,-0.056663040071725845,0.28641626238822937,0.6565443277359009,-0.05968167260289192,0.32410210371017456,0.6292126774787903,-0.06008042395114899,0.1524125039577484,0.8172502517700195,-0.05364026501774788,0.24274779856204987,0.7489402294158936,-0.06102035567164421,0.29189157485961914,0.7100270390510559,-0.0612603984773159,0.32552599906921387,0.6794443130493164,-0.06052028015255928,0.16786879301071167,0.8765436410903931,-0.06292642652988434,0.23581352829933167,0.816982090473175,-0.0652536079287529,0.2729918658733368,0.7802520394325256,-0.059604041278362274,0.30009645223617554,0.7495031356811523,-0.053607113659381866
5,0.8731691241264343,0.8159469962120056,2.2572548630250822e-07,0.8709565997123718,0.7077915668487549,0.006346066016703844,0.8364218473434448,0.6197614669799805,0.004516600631177425,0.8042719960212708,0.5488852858543396,0.0012914901599287987,0.7980528473854065,0.4922180771827698,-0.0033263112418353558,0.7629623413085938,0.6220612525939941,-0.007836408913135529,0.6794074177742004,0.5860676169395447,-0.013873862102627754,0.6352493762969971,0.5725962519645691,-0.01700638234615326,0.6028259992599487,0.5648109912872314,-0.019122354686260223,0.7417832016944885,0.6704374551773071,-0.017409441992640495,0.6528876423835754,0.6234109401702881,-0.02401762828230858,0.6032615900039673,0.6018869280815125,-0.028262771666049957,0.5669463276863098,0.587028980255127,-0.03128189966082573,0.7269035577774048,0.7233579754829407,-0.02532939799129963,0.6462273597717285,0.670776903629303,-0.029599208384752274,0.5999842286109924,0.6452113389968872,-0.031440090388059616,0.5654802322387695,0.62641841173172,-0.03336112201213837,0.7182739973068237,0.7776364088058472,-0.0321890152990818,0.6559948921203613,0.7279674410820007,-0.0351712591946125,0.6215441226959229,0.7027077674865723,-0.03260011598467827,0.5937709212303162,0.6792945861816406,-0.030000999569892883,0.0,0.0,0.0,0.0,0.0,0.0,0.0,0.0,0.0,0.0,0.0,0.0,0.0,0.0,0.0,0.0,0.0,0.0,0.0,0.0,0.0,0.0,0.0,0.0,0.0,0.0,0.0,0.0,0.0,0.0,0.0,0.0,0.0,0.0,0.0,0.0,0.0,0.0,0.0,0.0,0.0,0.0,0.0,0.0,0.0,0.0,0.0,0.0,0.0,0.0,0.0,0.0,0.0,0.0,0.0,0.0,0.0,0.0,0.0,0.0,0.0,0.0,0.0
6,0.8613643050193787,0.8199657201766968,2.39357234477211e-07,0.8608264327049255,0.7128696441650391,0.004761607386171818,0.827236533164978,0.62254798412323,0.0008930579642765224,0.7970604300498962,0.5488218069076538,-0.004110698588192463,0.7916830778121948,0.4892064929008484,-0.011317666620016098,0.7575650811195374,0.6302163600921631,-0.016287900507450104,0.6731284260749817,0.5908962488174438,-0.02608286403119564,0.6272791028022766,0.573229193687439,-0.030976146459579468,0.5923033952713013,0.5621199607849121,-0.03411093354225159,0.7362008690834045,0.6788261532783508,-0.02662685327231884,0.6453045606613159,0.6294283866882324,-0.03754299879074097,0.5924301147460938,0.6038051247596741,-0.042976342141628265,0.5527046322822571,0.5854864716529846,-0.046488650143146515,0.7194746136665344,0.7331153750419617,-0.03517049923539162,0.6365047097206116,0.678314745426178,-0.043446529656648636,0.5906528830528259,0.6494863033294678,-0.0453624501824379,0.5547710061073303,0.6269115209579468,-0.04676459729671478,0.7083885073661804,0.7903187274932861,-0.04252609610557556,0.6454588770866394,0.7373497486114502,-0.048776499927043915,0.6119539141654968,0.709404706954956,-0.046850912272930145,0.5835696458816528,0.6845619082450867,-0.04439555108547211,0.09114882349967957,0.917510449886322,-3.512668556027165e-08,0.10171224176883698,0.8419836163520813,0.008469286374747753,0.13770581781864166,0.7600542902946472,0.014139080420136452,0.17210602760314941,0.7074567079544067,0.018246566876769066,0.20059341192245483,0.6750440001487732,0.022957153618335724,0.16516096889972687,0.7153317332267761,0.008859914727509022,0.22376662492752075,0.6403957605361938,0.006547274999320507,0.25184786319732666,0.6079469323158264,0.005709627643227577,0.2743625044822693,0.5850058794021606,0.005295773968100548,0.18098917603492737,0.7358331084251404,0.0003173654549755156,0.2438095510005951,0.6549882888793945,-0.0018203279469162226,0.2749524414539337,0.6129283308982849,-0.004343844950199127,0.3018192946910858,0.5795600414276123,-0.006202023476362228,0.1919410079717636,0.7653005719184875,-0.008380535989999771,0.25187644362449646,0.6889407634735107,-0.009827879257500172,0.2806037962436676,0.6438949108123779,-0.011476058512926102,0.3053100109100342,0.6073743104934692,-0.013400174677371979,0.1972721666097641,0.800627589225769,-0.01628563366830349,0.2399626225233078,0.7411468625068665,-0.015371638350188732,0.26284274458885193,0.7042739391326904,-0.01145588606595993,0.2833417057991028,0.6735208034515381,-0.008866673335433006
7,0.8513074517250061,0.8258849382400513,2.2442831948410458e-07,0.842305600643158,0.7186700701713562,0.006249117664992809,0.8049145340919495,0.6325114369392395,0.0025705306325107813,0.7733927369117737,0.5580839514732361,-0.0020822486840188503,0.7649701237678528,0.49970507621765137,-0.009656453505158424,0.7411020994186401,0.6401422023773193,-0.019483987241983414,0.6532341241836548,0.6092404127120972,-0.030120085924863815,0.6051135063171387,0.5955376029014587,-0.03587444871664047,0.5676298141479492,0.5856561064720154,-0.0396377295255661,0.7221271991729736,0.6909192800521851,-0.03032628260552883,0.6257117390632629,0.6510747075080872,-0.04117627814412117,0.5710515975952148,0.62876957654953,-0.04778650030493736,0.5317381024360657,0.6111199259757996,-0.0525985024869442,0.7082495093345642,0.7475988268852234,-0.038822658360004425,0.6203343868255615,0.7042213082313538,-0.04776664823293686,0.5706313848495483,0.677353024482727,-0.05274587497115135,0.5340896844863892,0.6553131341934204,-0.056470535695552826,0.7011138796806335,0.8057394027709961,-0.04570936784148216,0.6334940195083618,0.7594068646430969,-0.05369817465543747,0.5992947816848755,0.7345981001853943,-0.05398229509592056,0.5713569521903992,0.71116703748703,-0.053030312061309814,0.06078242510557175,0.9361943006515503,7.170858680183301e-07,0.035553306341171265,0.836999773979187,-0.007167327683418989,0.03166249394416809,0.7424880266189575,-0.024281928315758705,0.027238935232162476,0.667589008808136,-0.04045560583472252,0.020472049713134766,0.6080290675163269,-0.057616397738456726,0.1150144413113594,0.7060349583625793,-0.03886852785944939,0.19960185885429382,0.6385749578475952,-0.05553248152136803,0.2476120889186859,0.6021536588668823,-0.06256720423698425,0.28373247385025024,0.5806284546852112,-0.06436993926763535,0.15022464096546173,0.7518168687820435,-0.04645738750696182,0.23863691091537476,0.6684814691543579,-0.05901931971311569,0.28856122493743896,0.6192011833190918,-0.0629219114780426,0.32566145062446594,0.5852581262588501,-0.06460077315568924,0.1798730492591858,0.8013349771499634,-0.05276742950081825,0.2603759467601776,0.7175807952880859,-0.0598825141787529,0.3058026432991028,0.668717622756958,-0.06104723736643791,0.3373081386089325,0.6321710348129272,-0.06174318864941597,0.202302947640419,0.8519730567932129,-0.05890979617834091,0.2623942196369171,0.7808113694190979,-0.06042563542723656,0.2954237759113312,0.7403122782707214,-0.05510108172893524,0.31971877813339233,0.7064211964607239,-0.05013401433825493
8,0.8581666946411133,0.8079249262809753,2.2446594982739043e-07,0.8549652695655823,0.7018462419509888,0.005070578772574663,0.8209366798400879,0.6151949167251587,0.0025271682534366846,0.7887365818023682,0.5435013175010681,-0.0017738707829266787,0.7826586961746216,0.4864775836467743,-0.00814786460250616,0.7508483529090881,0.6191135048866272,-0.009537892416119576,0.6704704165458679,0.583460807800293,-0.01687290146946907,0.6268028020858765,0.5683204531669617,-0.022068897262215614,0.5923587083816528,0.5571858286857605,-0.02606823854148388,0.7273311018943787,0.6662462949752808,-0.01992926374077797,0.6403343081474304,0.6208478212356567,-0.02747848816215992,0.5874332785606384,0.5962621569633484,-0.034029897302389145,0.5472730398178101,0.5782033205032349,-0.039153989404439926,0.7117898464202881,0.7195524573326111,-0.02887859381735325,0.6325229406356812,0.6697724461555481,-0.03497108444571495,0.5837412476539612,0.6417064666748047,-0.04056689143180847,0.5456492304801941,0.6198511123657227,-0.04526690021157265,0.7033355832099915,0.7747988104820251,-0.036784812808036804,0.6410127282142639,0.7275354266166687,-0.04273831099271774,0.6045287847518921,0.7030554413795471,-0.04344042390584946,0.5735170841217041,0.6804000735282898,-0.04329987242817879,0.07766500115394592,0.9318586587905884,6.338659659377299e-07,0.05489073693752289,0.8268786668777466,-0.0014529387699440122,0.057794615626335144,0.7305485606193542,-0.012238293886184692,0.06002803146839142,0.6531686186790466,-0.023212652653455734,0.05481535196304321,0.5939704179763794,-0.035097330808639526,0.14974838495254517,0.7012461423873901,-0.022421326488256454,0.23254325985908508,0.6396665573120117,-0.03433676436543465,0.28008008003234863,0.604989230632782,-0.04136757552623749,0.315158486366272,0.5803442001342773,-0.04442450404167175,0.1852782815694809,0.7441326975822449,-0.031079871580004692,0.272497296333313,0.6688302755355835,-0.03730697184801102,0.32329756021499634,0.6212753057479858,-0.04154795780777931,0.3606696128845215,0.5859866142272949,-0.04537348449230194,0.212243914604187,0.7916014194488525,-0.03865028917789459,0.2910439968109131,0.7162342071533203,-0.04127591848373413,0.3369603157043457,0.6694549918174744,-0.0446416512131691,0.36943623423576355,0.6327675580978394,-0.04878847673535347,0.23100604116916656,0.8405386805534363,-0.04588552191853523,0.29107147455215454,0.7811967134475708,-0.04707123339176178,0.32609766721725464,0.7434860467910767,-0.04472960904240608,0.35410916805267334,0.7113066911697388,-0.04273576661944389
9,0.8622769117355347,0.8149537444114685,2.3036322716052382e-07,0.859839916229248,0.7094457149505615,0.004424940794706345,0.8279712796211243,0.6193063855171204,0.0008909169700928032,0.798049807548523,0.5445848703384399,-0.004103205632418394,0.7920913100242615,0.4857664704322815,-0.011761446483433247,0.7565733194351196,0.6231200098991394,-0.013104559853672981,0.6757373809814453,0.5870813131332397,-0.021985569968819618,0.6322301030158997,0.5705154538154602,-0.02774902991950512,0.5995505452156067,0.5573732852935791,-0.03195418417453766,0.7340571880340576,0.6715360879898071,-0.023590637370944023,0.6465035676956177,0.6261649131774902,-0.032702021300792694,0.5946147441864014,0.5994076728820801,-0.03978608548641205,0.555905818939209,0.5783942937850952,-0.045132510364055634,0.7182347178459167,0.7265440225601196,-0.0325787253677845,0.6372089385986328,0.6762800812721252,-0.04031943902373314,0.5903077125549316,0.6455197334289551,-0.0458989255130291,0.5541593432426453,0.619610071182251,-0.05040847882628441,0.708501935005188,0.7855674624443054,-0.040345773100852966,0.6448416709899902,0.7380041480064392,-0.047175172716379166,0.6111115217208862,0.7105106711387634,-0.047608960419893265,0.5829458832740784,0.683357298374176,-0.04727950319647789,0.0994299128651619,0.9273989200592041,5.900793667024118e-07,0.07624568790197372,0.8199108839035034,-0.001562940189614892,0.0815328061580658,0.7186618447303772,-0.011688119731843472,0.08391964435577393,0.6392059326171875,-0.022012099623680115,0.07771836221218109,0.5791985988616943,-0.03312705084681511,0.17057272791862488,0.6914097666740417,-0.02105598896741867,0.2562201917171478,0.6280277371406555,-0.03298007324337959,0.30585700273513794,0.5924559235572815,-0.03975225239992142,0.34181612730026245,0.5677675604820251,-0.04235639423131943,0.20833250880241394,0.7354044318199158,-0.02894205041229725,0.2945190370082855,0.6591024994850159,-0.033961519598960876,0.344690203666687,0.6141133308410645,-0.03655988350510597,0.3810245990753174,0.5810248851776123,-0.03916177526116371,0.23729249835014343,0.7837660908699036,-0.03600307181477547,0.31429892778396606,0.7057229280471802,-0.03766311705112457,0.3581836223602295,0.659512460231781,-0.03848402574658394,0.38930320739746094,0.6238756775856018,-0.04070989415049553,0.25857043266296387,0.8317340612411499,-0.04295565187931061,0.3168226480484009,0.7669299244880676,-0.043725885450839996,0.35044151544570923,0.7308946251869202,-0.039701197296381,0.3760858178138733,0.7007679343223572,-0.03625446930527687
10,0.8599814176559448,0.8372299671173096,2.12980296510068e-07,0.8556076288223267,0.7277949452400208,0.005427621770650148,0.8193350434303284,0.640550434589386,0.002558942651376128,0.7863526344299316,0.5659224987030029,-0.0009852902730926871,0.7765630483627319,0.5055117607116699,-0.006900427863001823,0.751361608505249,0.6491726636886597,-0.01660742238163948,0.6633839011192322,0.6147561073303223,-0.02578618749976158,0.6154047250747681,0.6016528606414795,-0.030815210193395615,0.5784250497817993,0.5938011407852173,-0.034046720713377,0.7308247685432434,0.7014163732528687,-0.026014860719442368,0.63596111536026,0.6586567163467407,-0.036163341253995895,0.5819897055625916,0.6366020441055298,-0.04221203178167343,0.5425687432289124,0.6213225722312927,-0.04641497880220413,0.7165350914001465,0.7584871053695679,-0.03334508091211319,0.629368245601654,0.7120532393455505,-0.04121017083525658,0.5805243253707886,0.6857190132141113,-0.044846173375844955,0.5437678098678589,0.6660819053649902,-0.04749464988708496,0.7084644436836243,0.8145413994789124,-0.039222169667482376,0.6406756639480591,0.7656819820404053,-0.04543021693825722,0.607384979724884,0.740379273891449,-0.04425843805074692,0.5799446702003479,0.7179917693138123,-0.042305588722229004,0.11872390657663345,0.9269232749938965,5.76308650579449e-07,0.1006212830543518,0.8170043230056763,0.00010668975301086903,0.11017325520515442,0.7140455842018127,-0.008546624332666397,0.11751018464565277,0.6335343718528748,-0.0180402509868145,0.11198337376117706,0.5740419626235962,-0.028435301035642624,0.2000044882297516,0.6897053718566895,-0.016516391187906265,0.28395503759384155,0.6341116428375244,-0.027529679238796234,0.33292901515960693,0.6064978837966919,-0.03434692323207855,0.3701869249343872,0.5880523324012756,-0.03734332695603371,0.23352982103824615,0.7349448800086975,-0.025993218645453453,0.3229447603225708,0.6675692796707153,-0.03110460750758648,0.3753901720046997,0.6274352073669434,-0.03482041135430336,0.4154031574726105,0.5965821146965027,-0.038352496922016144,0.2593240439891815,0.7856736779212952,-0.034770216792821884,0.3412031829357147,0.7167852520942688,-0.037195608019828796,0.3884025812149048,0.6741105914115906,-0.03974787890911102,0.4225662350654602,0.6403144001960754,-0.042977165430784225,0.27811935544013977,0.8366184830665588,-0.04331737011671066,0.34224528074264526,0.7760932445526123,-0.04415830224752426,0.37954530119895935,0.7407225966453552,-0.04081571847200394,0.4093325734138489,0.7115755081176758,-0.03794235736131668
11,0.879255473613739,0.8115173578262329,1.5012572873729368e-07,0.8754884004592896,0.7053002119064331,0.005816198419779539,0.8383640050888062,0.6176186203956604,0.005016684997826815,0.8031074404716492,0.5483961701393127,0.0023287697695195675,0.7944086790084839,0.49266743659973145,-0.0022544420789927244,0.7638353109359741,0.6244111657142639,-0.006729982327669859,0.6804162263870239,0.5935941934585571,-0.014116702601313591,0.6335496306419373,0.5817167162895203,-0.019556192681193352,0.5971812009811401,0.5757930874824524,-0.023434052243828773,0.7439330220222473,0.6725923418998718,-0.016938436776399612,0.6552797555923462,0.6309956908226013,-0.024243220686912537,0.6016824841499329,0.6099362969398499,-0.030213825404644012,0.5609224438667297,0.5971081256866455,-0.03479618579149246,0.7305067181587219,0.726317822933197,-0.025861259549856186,0.6497172713279724,0.6794462203979492,-0.031702056527137756,0.601873517036438,0.6561915874481201,-0.035355158150196075,0.5648387670516968,0.6413441300392151,-0.03831033781170845,0.7231965661048889,0.7825759649276733,-0.03385263681411743,0.6589679718017578,0.7351822853088379,-0.0397053137421608,0.6221002340316772,0.7127388119697571,-0.039447054266929626,0.5912107825279236,0.6950892806053162,-0.038199856877326965,0.15360797941684723,0.8798047304153442,6.154514267109334e-07,0.12928231060504913,0.7801738381385803,-0.01389345619827509,0.13195939362049103,0.6859678030014038,-0.0323554165661335,0.1338847577571869,0.6108269691467285,-0.048791736364364624,0.12870262563228607,0.5517832040786743,-0.06571369618177414,0.22759968042373657,0.6664710640907288,-0.03793350234627724,0.3035658597946167,0.6129911541938782,-0.05458702892065048,0.34864819049835205,0.5821244716644287,-0.06466855853796005,0.38301849365234375,0.5626401901245117,-0.06971190124750137,0.262376993894577,0.7122045159339905,-0.04242034628987312,0.3436594605445862,0.6415724754333496,-0.05277774855494499,0.39116132259368896,0.5965899229049683,-0.059319157153367996,0.42688411474227905,0.5635479092597961,-0.06430954486131668,0.28724050521850586,0.7614342570304871,-0.04659527540206909,0.3617960810661316,0.6877955198287964,-0.05305950343608856,0.4058683216571808,0.6435571908950806,-0.05816194415092468,0.4368721842765808,0.6103658080101013,-0.06257285922765732,0.30320966243743896,0.8099048137664795,-0.051391858607530594,0.3597792685031891,0.7505744695663452,-0.055249787867069244,0.3922606110572815,0.7138241529464722,-0.05410051345825195,0.41595155000686646,0.6819486618041992,-0.05252391844987869
12,0.886332631111145,0.808430552482605,2.3399283577418828e-07,0.8862171769142151,0.7001039385795593,0.00404718704521656,0.8559682369232178,0.6113694310188293,0.00036867259768769145,0.8265010714530945,0.5361300110816956,-0.004537875298410654,0.8188166618347168,0.47806456685066223,-0.01168608944863081,0.7841883301734924,0.6136830449104309,-0.015689019113779068,0.6994679570198059,0.5778040289878845,-0.02499007061123848,0.6538742780685425,0.5612488985061646,-0.030282406136393547,0.619168221950531,0.5493953227996826,-0.033802058547735214,0.76072758436203,0.663425087928772,-0.025613151490688324,0.6693865060806274,0.616260290145874,-0.03503120690584183,0.6166619658470154,0.5885567665100098,-0.04097997397184372,0.5788401365280151,0.5685780644416809,-0.04537113010883331,0.7446821331977844,0.7186411023139954,-0.033997535705566406,0.661431074142456,0.6658177375793457,-0.041634347289800644,0.6129840612411499,0.6348389387130737,-0.046912770718336105,0.5768495798110962,0.6108388900756836,-0.051023535430431366,0.7348284721374512,0.7758625149726868,-0.04128582030534744,0.6695254445075989,0.7248356938362122,-0.04932194948196411,0.6327348351478577,0.6963552236557007,-0.05112132802605629,0.6023257374763489,0.6703146696090698,-0.051415544003248215,0.1594642996788025,0.8686434030532837,5.315280873219308e-07,0.13499999046325684,0.7676270008087158,-0.006058328319340944,0.1385284960269928,0.6694235801696777,-0.01891496405005455,0.14052149653434753,0.5929983854293823,-0.03152728080749512,0.1315060406923294,0.5350985527038574,-0.04444391280412674,0.23152823746204376,0.644253134727478,-0.02047787234187126,0.30274173617362976,0.5884476900100708,-0.03288274630904198,0.3465172052383423,0.5569658875465393,-0.04158953204751015,0.37931907176971436,0.5363504886627197,-0.04595889523625374,0.2673552632331848,0.6851531267166138,-0.027391737326979637,0.34275850653648376,0.6124818921089172,-0.032598625868558884,0.38870111107826233,0.5680228471755981,-0.036135803908109665,0.4229559898376465,0.53528892993927,-0.03941545635461807,0.29362043738365173,0.7313542366027832,-0.03434844687581062,0.3619154095649719,0.6570408344268799,-0.0370536670088768,0.4034268260002136,0.6136646270751953,-0.038950759917497635,0.4328165054321289,0.5809109807014465,-0.04140760749578476,0.31213995814323425,0.7784618139266968,-0.04174913093447685,0.3639838695526123,0.715378999710083,-0.04322652891278267,0.39556169509887695,0.6778485774993896,-0.03988805413246155,0.4190182089805603,0.6461522579193115,-0.03681788966059685
13,0.8832141757011414,0.828349769115448,2.5260453639930347e-07,0.881237804889679,0.7185523509979248,0.0021066756453365088,0.8496544361114502,0.6293712854385376,-0.00406680628657341,0.8206361532211304,0.5516124367713928,-0.010485067963600159,0.8132463693618774,0.4899587333202362,-0.01929028145968914,0.7801955342292786,0.6403520703315735,-0.023444728925824165,0.6931053996086121,0.6027536392211914,-0.03526480123400688,0.6457576751708984,0.5864580273628235,-0.04148697853088379,0.6094989776611328,0.5753610134124756,-0.04541800171136856,0.7576276063919067,0.6923336386680603,-0.03267372027039528,0.6626390218734741,0.6424989104270935,-0.04588771611452103,0.6077543497085571,0.6162059307098389,-0.053279392421245575,0.5676958560943604,0.597000777721405,-0.05823879688978195,0.7413273453712463,0.7482432126998901,-0.03983291983604431,0.6544550657272339,0.6937384009361267,-0.04993562772870064,0.6048817038536072,0.6632816195487976,-0.0548211894929409,0.567674994468689,0.6400349140167236,-0.05810575559735298,0.7320446372032166,0.80323326587677,-0.04573436826467514,0.6649848222732544,0.7489526271820068,-0.053592000156641006,0.6302878260612488,0.7199202179908752,-0.05362115427851677,0.6015864014625549,0.6943498849868774,-0.05247357115149498,0.16118794679641724,0.8600261807441711,5.506721549863869e-07,0.13392631709575653,0.7573444843292236,-0.004084393382072449,0.13228178024291992,0.6626706719398499,-0.015605024993419647,0.13144084811210632,0.5853956937789917,-0.02608156017959118,0.1196843758225441,0.5279966592788696,-0.03700455650687218,0.22494280338287354,0.6333983540534973,-0.02610873617231846,0.29934483766555786,0.566777765750885,-0.038274578750133514,0.3428189754486084,0.5295085906982422,-0.043429166078567505,0.3754552900791168,0.504892110824585,-0.04435800388455391,0.2630358934402466,0.674866259098053,-0.031047603115439415,0.3414672017097473,0.5898959636688232,-0.03818365931510925,0.38724076747894287,0.539894700050354,-0.03873732313513756,0.42042917013168335,0.5046908855438232,-0.03850938379764557,0.29078805446624756,0.7195736765861511,-0.035093747079372406,0.3589763045310974,0.6367077827453613,-0.03813710808753967,0.39949896931648254,0.5881941318511963,-0.03884414955973625,0.4277550280094147,0.5505130887031555,-0.039489082992076874,0.31033656001091003,0.7641122341156006,-0.03896404430270195,0.36159422993659973,0.695824921131134,-0.03941863775253296,0.3911393880844116,0.6556559205055237,-0.035612400621175766,0.41275715827941895,0.6206545829772949,-0.03173384442925453
14,0.8941278457641602,0.7895491719245911,1.4376344381616946e-07,0.8910041451454163,0.6859889626502991,0.005987169686704874,0.8570932745933533,0.5970635414123535,0.004835789557546377,0.8277608752250671,0.5298371315002441,0.001848231302574277,0.8238853216171265,0.4761531352996826,-0.003251047106459737,0.7876173853874207,0.6033060550689697,-0.011936165392398834,0.7062867879867554,0.5723052620887756,-0.021605048328638077,0.6610444188117981,0.5572059750556946,-0.026688607409596443,0.6266708374023438,0.5465859174728394,-0.030227990821003914,0.7681856751441956,0.649314820766449,-0.023010598495602608,0.6795918345451355,0.608976423740387,-0.033673983067274094,0.6271442770957947,0.5858199596405029,-0.039529167115688324,0.5873764753341675,0.5679869651794434,-0.04379994794726372,0.7532951235771179,0.7009608745574951,-0.03270437940955162,0.6732226610183716,0.6552603840827942,-0.04177678003907204,0.6260401010513306,0.6299553513526917,-0.045703791081905365,0.589218020439148,0.6094729900360107,-0.048643890768289566,0.7435651421546936,0.7570738196372986,-0.04130534082651138,0.6823856234550476,0.7144666314125061,-0.05026104301214218,0.6465188264846802,0.6899397373199463,-0.051816605031490326,0.6160823106765747,0.6674990653991699,-0.051927704364061356,0.16859136521816254,0.8750658631324768,6.796422553634329e-07,0.13540150225162506,0.7797892689704895,-0.016817443072795868,0.13367313146591187,0.6806084513664246,-0.03607284650206566,0.13482491672039032,0.6039465069770813,-0.052703917026519775,0.12507861852645874,0.5423331260681152,-0.0700146034359932,0.22596809267997742,0.6599984765052795,-0.04245603457093239,0.3006429076194763,0.5959097146987915,-0.06246407330036163,0.3459419310092926,0.5589083433151245,-0.07498622685670853,0.3809966742992401,0.5336933732032776,-0.08134355396032333,0.2624317407608032,0.7046023011207581,-0.04658572003245354,0.3418293297290802,0.6255565285682678,-0.06072719022631645,0.3893839716911316,0.5742344856262207,-0.06913207471370697,0.4262998104095459,0.5351929664611816,-0.07470826804637909,0.2904331088066101,0.7528599500656128,-0.050615713000297546,0.36235231161117554,0.6736258864402771,-0.060561370104551315,0.40598684549331665,0.6222404837608337,-0.06662343442440033,0.4381423592567444,0.5827779769897461,-0.07092354446649551,0.31010958552360535,0.8007078170776367,-0.055420104414224625,0.36376070976257324,0.7367350459098816,-0.06216121464967728,0.39576292037963867,0.6957123279571533,-0.0617433562874794,0.42009302973747253,0.6597118377685547,-0.06027771160006523
15,0.9051869511604309,0.7810924649238586,2.8650529770857247e-07,0.9089200496673584,0.676400363445282,-0.0017396807670593262,0.8808479309082031,0.5865128040313721,-0.0097119165584445,0.8555732369422913,0.509459912776947,-0.018042242154479027,0.8536166548728943,0.4487408399581909,-0.02869945578277111,0.8135541081428528,0.5864965915679932,-0.025834567844867706,0.7278158068656921,0.5443059206008911,-0.039478741586208344,0.680824875831604,0.5246918797492981,-0.047256164252758026,0.6438643336296082,0.5108951926231384,-0.052288856357336044,0.7892857193946838,0.6363092064857483,-0.03465712442994118,0.6996740102767944,0.5815204381942749,-0.047289442270994186,0.6449968814849854,0.5495792627334595,-0.055279817432165146,0.60459965467453,0.526229977607727,-0.06127319112420082,0.7707926034927368,0.6908014416694641,-0.04220367968082428,0.6894726753234863,0.6307676434516907,-0.052716128528118134,0.6405717134475708,0.5952295064926147,-0.05970793589949608,0.6039470434188843,0.567534327507019,-0.06485570967197418,0.7578730583190918,0.7465154528617859,-0.04907778650522232,0.6949623823165894,0.6904841661453247,-0.05931643024086952,0.6593457460403442,0.659656286239624,-0.06224967911839485,0.6298134326934814,0.6318007111549377,-0.06330844014883041,0.1524999737739563,0.8811109066009521,5.52902690742485e-07,0.13001903891563416,0.783455491065979,-0.008831356652081013,0.13245531916618347,0.6851174831390381,-0.022964011877775192,0.13195842504501343,0.6085729002952576,-0.036196716129779816,0.12001308798789978,0.5530004501342773,-0.049507368355989456,0.22293969988822937,0.6590189337730408,-0.027414808049798012,0.29968973994255066,0.6010100841522217,-0.042274292558431625,0.3449316620826721,0.5682463645935059,-0.05154513940215111,0.3792077898979187,0.5473361611366272,-0.05626380816102028,0.2573368549346924,0.7006517052650452,-0.03379557281732559,0.3358539044857025,0.6272103190422058,-0.042004697024822235,0.3823924958705902,0.5827934741973877,-0.04588916897773743,0.41757357120513916,0.550617516040802,-0.04928743466734886,0.28352484107017517,0.7470069527626038,-0.04024587199091911,0.35478538274765015,0.6720560789108276,-0.045074429363012314,0.3977028727531433,0.6258776187896729,-0.04678672179579735,0.42907094955444336,0.5908146500587463,-0.049099694937467575,0.3027225732803345,0.7945501208305359,-0.047376394271850586,0.3553098738193512,0.7341735363006592,-0.05046578869223595,0.3873574137687683,0.6965487003326416,-0.04777862876653671,0.41143298149108887,0.6653054356575012,-0.045286137610673904
16,0.9022746682167053,0.8138463497161865,2.2993528148163023e-07,0.8959525227546692,0.7084454298019409,0.00047868446563370526,0.8603696823120117,0.6125645637512207,-0.00564252445474267,0.8344849944114685,0.5358731150627136,-0.012741683050990105,0.8356065154075623,0.4770754873752594,-0.02253401279449463,0.7978482246398926,0.6240295767784119,-0.02212665230035782,0.7109673023223877,0.590758740901947,-0.035815197974443436,0.6629911661148071,0.5752774477005005,-0.04403026029467583,0.625389575958252,0.5636534690856934,-0.049640171229839325,0.7790980935096741,0.676730751991272,-0.03303638473153114,0.6862190961837769,0.6307806372642517,-0.04589889571070671,0.6306873559951782,0.6037445664405823,-0.05365041270852089,0.5889711380004883,0.5813374519348145,-0.05954143777489662,0.7635511755943298,0.7335911989212036,-0.04281068593263626,0.6772909760475159,0.6781282424926758,-0.054299406707286835,0.6296030282974243,0.6474700570106506,-0.05897342413663864,0.5934442281723022,0.6215042471885681,-0.06226547434926033,0.7521792650222778,0.7914940118789673,-0.05196215212345123,0.687101423740387,0.738615095615387,-0.06405752897262573,0.6504189968109131,0.7101035714149475,-0.06640667468309402,0.6193684935569763,0.6850067973136902,-0.06655490398406982,0.14830270409584045,0.8553959131240845,4.870787506661145e-07,0.12597587704658508,0.7566378712654114,-0.0012577607994899154,0.12550124526023865,0.6562884449958801,-0.010351588949561119,0.12132576107978821,0.5841660499572754,-0.020154114812612534,0.10654568672180176,0.5331383347511292,-0.030640244483947754,0.20634236931800842,0.6259164810180664,-0.014198608696460724,0.2773264944553375,0.5666608810424805,-0.023195531219244003,0.31910890340805054,0.534328281879425,-0.029239298775792122,0.34986162185668945,0.512130618095398,-0.03217468410730362,0.24296745657920837,0.6643325090408325,-0.022868970409035683,0.31774991750717163,0.5923417806625366,-0.024930374696850777,0.36090320348739624,0.5505895018577576,-0.02696775458753109,0.39257287979125977,0.5181452035903931,-0.029932113364338875,0.2719174325466156,0.7084018588066101,-0.03137591853737831,0.3397715985774994,0.6332346200942993,-0.031293898820877075,0.3785319924354553,0.591214656829834,-0.03270440921187401,0.40495461225509644,0.558670163154602,-0.03561628237366676,0.294242262840271,0.752730667591095,-0.04000966250896454,0.34395137429237366,0.6856330037117004,-0.03927867114543915,0.3725658059120178,0.647800862789154,-0.035332344472408295,0.39324191212654114,0.6159588098526001,-0.03260967880487442
17,0.8983138799667358,0.7895459532737732,2.305012714032273e-07,0.8918174505233765,0.6909088492393494,0.002697740914300084,0.8578729629516602,0.5996497273445129,-0.0015564541099593043,0.8329384922981262,0.5275030136108398,-0.006966592278331518,0.8315304517745972,0.47342753410339355,-0.014717323705554008,0.7934333086013794,0.6089878678321838,-0.01898273639380932,0.711162269115448,0.578228235244751,-0.029768140986561775,0.6655405163764954,0.5628750920295715,-0.03541354462504387,0.6310530304908752,0.5507550239562988,-0.03927524387836456,0.775997519493103,0.6542483568191528,-0.029172547161579132,0.6869751811027527,0.61482173204422,-0.04050379619002342,0.6344659328460693,0.5915160775184631,-0.04658624529838562,0.5956869721412659,0.5733923316001892,-0.05108314007520676,0.7609707117080688,0.7057930827140808,-0.03788796439766884,0.680223286151886,0.6604399085044861,-0.04682348296046257,0.6336458921432495,0.6337448358535767,-0.05012505501508713,0.5989784002304077,0.6112852096557617,-0.05283521115779877,0.7487504482269287,0.7636911869049072,-0.04577413573861122,0.6880230903625488,0.7199913263320923,-0.0532296821475029,0.6542881727218628,0.693869948387146,-0.05313361436128616,0.6264292001724243,0.6693186163902283,-0.05241148918867111,0.149732768535614,0.8477832078933716,5.509362495104142e-07,0.12489324063062668,0.7499606013298035,-0.0019951649010181427,0.1224505603313446,0.6538621783256531,-0.012770931236445904,0.11707621067762375,0.5814839005470276,-0.023327000439167023,0.10267329961061478,0.5307761430740356,-0.034464575350284576,0.20213907957077026,0.6154887676239014,-0.0232964176684618,0.2756372094154358,0.548220694065094,-0.03487906605005264,0.3183162212371826,0.5104233622550964,-0.040407970547676086,0.34954896569252014,0.4854273200035095,-0.04218530282378197,0.24024242162704468,0.6528041958808899,-0.030896784737706184,0.3144761323928833,0.5681012272834778,-0.03571060299873352,0.35921400785446167,0.5199973583221436,-0.036312639713287354,0.39150699973106384,0.48620885610580444,-0.037248775362968445,0.27023985981941223,0.6958115100860596,-0.03776846081018448,0.335776150226593,0.6102532148361206,-0.03921026363968849,0.37456661462783813,0.5621878504753113,-0.03962358832359314,0.4014304280281067,0.5266454219818115,-0.04123292863368988,0.29366397857666016,0.7406238913536072,-0.04455093666911125,0.3409298062324524,0.6697429418563843,-0.04497024416923523,0.3707699775695801,0.628568708896637,-0.041684381663799286,0.39339423179626465,0.5939052104949951,-0.038838908076286316
18,0.8974495530128479,0.7804693579673767,3.553582246240694e-07,0.9055859446525574,0.6779265999794006,-0.0010555435437709093,0.8815736174583435,0.585956335067749,-0.007864000275731087,0.8589658141136169,0.5087680220603943,-0.015164593234658241,0.85931396484375,0.44982415437698364,-0.0241081640124321,0.8101562857627869,0.57657790184021,-0.01730385608971119,0.7314897775650024,0.5327422022819519,-0.027512291446328163,0.6883057355880737,0.5115200281143188,-0.03407406434416771,0.654780924320221,0.4948895573616028,-0.03877382352948189,0.784715473651886,0.6218764185905457,-0.026148108765482903,0.7026548981666565,0.5653244256973267,-0.03632451966404915,0.6519373655319214,0.5315166711807251,-0.044260263442993164,0.6140512824058533,0.5049211978912354,-0.05014130845665932,0.7650179266929626,0.6735638976097107,-0.03396676480770111,0.69114089012146,0.6126872897148132,-0.042297348380088806,0.6456932425498962,0.5765244364738464,-0.048810992389917374,0.6116920709609985,0.5465267896652222,-0.0535690076649189,0.7511052489280701,0.7272941470146179,-0.04133246839046478,0.6940633058547974,0.6704553961753845,-0.04857189580798149,0.6611810922622681,0.6377415657043457,-0.05002748593688011,0.6338550448417664,0.6056038737297058,-0.050137557089328766,0.15857598185539246,0.8775457739830017,5.16103852987726e-07,0.13504943251609802,0.775198221206665,-0.004735082853585482,0.13117989897727966,0.6758729815483093,-0.01873410865664482,0.12566766142845154,0.598548173904419,-0.0317663848400116,0.112394779920578,0.5429771542549133,-0.04570559039711952,0.21248222887516022,0.6495607495307922,-0.03649171441793442,0.29282277822494507,0.5801109671592712,-0.05347796157002449,0.3366696834564209,0.5408339500427246,-0.061568912118673325,0.369729608297348,0.5140001177787781,-0.06458800286054611,0.25017571449279785,0.6928048133850098,-0.04367735981941223,0.3320591449737549,0.6034903526306152,-0.05526792258024216,0.37781822681427,0.5517081618309021,-0.05784674361348152,0.41078823804855347,0.516185998916626,-0.0595192052423954,0.2803570330142975,0.7380051612854004,-0.0495242141187191,0.3531923294067383,0.6486467719078064,-0.055992625653743744,0.39270758628845215,0.5969899892807007,-0.055898088961839676,0.41971659660339355,0.5596950054168701,-0.05643175169825554,0.3034575283527374,0.7826025485992432,-0.055148299783468246,0.3562922775745392,0.7118054032325745,-0.05863497406244278,0.3853190541267395,0.6684582233428955,-0.054849378764629364,0.4069322943687439,0.6319255828857422,-0.05129968374967575
19,0.8857746720314026,0.795714259147644,2.8140965468992363e-07,0.8992690443992615,0.692103922367096,0.0010076266480609775,0.878289520740509,0.5936489701271057,-0.0041734641417860985,0.8589841723442078,0.5135148763656616,-0.010085497051477432,0.8628228306770325,0.4536558985710144,-0.01858592964708805,0.8100705146789551,0.5824360251426697,-0.02065536007285118,0.7338540554046631,0.5298182368278503,-0.031435128301382065,0.6901863813400269,0.5038275718688965,-0.037353433668613434,0.6559571027755737,0.48433932662010193,-0.0416967011988163,0.7830745577812195,0.6249773502349854,-0.030365904793143272,0.7007782459259033,0.5613221526145935,-0.0424860343337059,0.6506825685501099,0.5242032408714294,-0.05030449852347374,0.6125280857086182,0.4955958127975464,-0.05583692342042923,0.7604303359985352,0.6751977205276489,-0.038513753563165665,0.6869885325431824,0.6085289120674133,-0.048667799681425095,0.6434074640274048,0.5682528614997864,-0.05548308417201042,0.6094865798950195,0.5351879000663757,-0.06047133728861809,0.7420587539672852,0.7309120297431946,-0.04563935846090317,0.6877599954605103,0.6698054671287537,-0.054416224360466,0.6582517027854919,0.6351890563964844,-0.05660376697778702,0.6335347890853882,0.6027238965034485,-0.05741062015295029,0.16157975792884827,0.8758357167243958,5.424680011856253e-07,0.1387154757976532,0.7740257382392883,-0.003904543584212661,0.13533848524093628,0.672359824180603,-0.015715602785348892,0.12835320830345154,0.5971069931983948,-0.02728569135069847,0.11427862197160721,0.5450319647789001,-0.039604537189006805,0.21689243614673615,0.6462984681129456,-0.028194522485136986,0.2922021448612213,0.5775589346885681,-0.04209019988775253,0.33536455035209656,0.5373704433441162,-0.049210261553525925,0.3677158057689667,0.5089131593704224,-0.05214415490627289,0.2526971399784088,0.6868595480918884,-0.036489684134721756,0.3307464122772217,0.6003842353820801,-0.04424673318862915,0.37671804428100586,0.5478143692016602,-0.047446541488170624,0.40978097915649414,0.5088471174240112,-0.05052541196346283,0.2819490432739258,0.7320688366889954,-0.04410466179251671,0.35274583101272583,0.6470009088516235,-0.048306819051504135,0.3939771354198456,0.5937029719352722,-0.051362719386816025,0.42280107736587524,0.5524300336837769,-0.05487867072224617,0.30578726530075073,0.7767316102981567,-0.0516735278069973,0.35879209637641907,0.7072731852531433,-0.05458866432309151,0.390739381313324,0.66624915599823,-0.05322474241256714,0.41497084498405457,0.6321207284927368,-0.051994822919368744
20,0.8709267377853394,0.851904034614563,2.47426243049631e-07,0.8789692521095276,0.7449364066123962,0.001497671939432621,0.8559544086456299,0.6433194875717163,-0.0044704158790409565,0.8372655510902405,0.5594930648803711,-0.011686556041240692,0.8393836617469788,0.49483412504196167,-0.021079756319522858,0.786669135093689,0.6356074213981628,-0.015034724958240986,0.7047610878944397,0.5877197980880737,-0.02544006146490574,0.6600362062454224,0.5651487708091736,-0.03282785788178444,0.6246292591094971,0.5476610660552979,-0.038238879293203354,0.7593643069267273,0.6842780709266663,-0.025514626875519753,0.673128604888916,0.6229225397109985,-0.034640878438949585,0.6220530271530151,0.5886143445968628,-0.04198366403579712,0.5826079249382019,0.5625452995300293,-0.04817981272935867,0.7371273636817932,0.738301694393158,-0.0351187139749527,0.6599134206771851,0.6697624325752258,-0.042547743767499924,0.6168108582496643,0.632890522480011,-0.04720301181077957,0.5837277173995972,0.6038715243339539,-0.051256172358989716,0.719815731048584,0.7940599322319031,-0.04422569274902344,0.6613521575927734,0.7313604354858398,-0.05147239938378334,0.6292520761489868,0.6973557472229004,-0.05258927121758461,0.6021642088890076,0.6668214201927185,-0.0526241697371006,0.15337833762168884,0.850265383720398,5.252097139418765e-07,0.1276242434978485,0.7512957453727722,-0.0005300857592374086,0.12237256020307541,0.6527043581008911,-0.010478371754288673,0.11499148607254028,0.5808745622634888,-0.02039606310427189,0.09872917830944061,0.5315021276473999,-0.031364087015390396,0.1949360966682434,0.6198901534080505,-0.026478460058569908,0.2665785551071167,0.5437579154968262,-0.03904073312878609,0.30860885977745056,0.5037566423416138,-0.044117774814367294,0.34054112434387207,0.47656136751174927,-0.04549729824066162,0.23377738893032074,0.6565786004066467,-0.0353417731821537,0.3065425157546997,0.5622259974479675,-0.041287101805210114,0.35012027621269226,0.509827733039856,-0.04262283444404602,0.38282492756843567,0.4719916582107544,-0.04442189261317253,0.26607435941696167,0.6990247368812561,-0.043109968304634094,0.33108216524124146,0.6041733026504517,-0.04589563608169556,0.36909419298171997,0.5525330305099487,-0.04786360636353493,0.3964993357658386,0.5137286186218262,-0.050768349319696426,0.29240190982818604,0.7427461743354797,-0.05039432644844055,0.33791446685791016,0.6635876893997192,-0.0522424653172493,0.36461031436920166,0.6199413537979126,-0.050049636512994766,0.3855263590812683,0.5830864310264587,-0.04830249398946762
21,0.865750253200531,0.8430915474891663,2.4329838765879686e-07,0.8731384873390198,0.7398598790168762,0.002021266147494316,0.8515111207962036,0.639125406742096,-0.0027390578761696815,0.8371529579162598,0.5594508051872253,-0.0082619059830904,0.8427792191505432,0.502778172492981,-0.015704739838838577,0.784138560295105,0.6365684270858765,-0.018660463392734528,0.7072048187255859,0.5879520177841187,-0.027727613225579262,0.6675989031791687,0.5621922016143799,-0.03196806460618973,0.6391560435295105,0.5420495271682739,-0.034809984266757965,0.7581108212471008,0.6793150305747986,-0.02755754068493843,0.6758506298065186,0.6196223497390747,-0.0364806093275547,0.6316244602203369,0.582959771156311,-0.04015522450208664,0.6005240082740784,0.5533280372619629,-0.042959924787282944,0.7354861497879028,0.7276147603988647,-0.035031192004680634,0.6618236303329468,0.6612195372581482,-0.04141424968838692,0.6229248046875,0.6218264698982239,-0.04253635182976723,0.5948283672332764,0.5885936617851257,-0.04401763528585434,0.7166109681129456,0.7801270484924316,-0.04182843863964081,0.6622846126556396,0.7218327522277832,-0.04698869585990906,0.6343103647232056,0.6876420378684998,-0.045110058039426804,0.612105667591095,0.6558187007904053,-0.04320399463176727,0.17148572206497192,0.9174461364746094,3.4831967354875815e-07,0.14049017429351807,0.8184456825256348,-0.0005708352546207607,0.130351722240448,0.7067322731018066,-0.008420894853770733,0.12019073963165283,0.6275836825370789,-0.01706424169242382,0.103512242436409,0.577492892742157,-0.02631944976747036,0.1915891319513321,0.6771747469902039,-0.019999567419290543,0.2598898410797119,0.6023501753807068,-0.03429079055786133,0.3008910119533539,0.5619580745697021,-0.04275734722614288,0.3291831612586975,0.5352374315261841,-0.04686823859810829,0.22927725315093994,0.7109943628311157,-0.029727235436439514,0.300783634185791,0.6236374378204346,-0.03780251368880272,0.3426916003227234,0.5749349594116211,-0.040885213762521744,0.3731766939163208,0.5378304719924927,-0.04344894364476204,0.26271021366119385,0.7530190348625183,-0.039019014686346054,0.32761716842651367,0.6641968488693237,-0.04459249973297119,0.36568617820739746,0.6180025339126587,-0.044203050434589386,0.39313268661499023,0.5844067931175232,-0.04471538960933685,0.29153311252593994,0.7982975244522095,-0.048182275146245956,0.3393065929412842,0.728678822517395,-0.0513981431722641,0.3679645359516144,0.6911994218826294,-0.04664294049143791,0.39083796739578247,0.6615012288093567,-0.042840514332056046
22,0.8736964464187622,0.8263808488845825,2.728044989908085e-07,0.8847461342811584,0.7283409833908081,0.00019568151037674397,0.8648950457572937,0.6283726692199707,-0.0043841940350830555,0.8489975929260254,0.5499264597892761,-0.009957562200725079,0.8543944358825684,0.4940870404243469,-0.016841836273670197,0.795547604560852,0.6138133406639099,-0.014671308919787407,0.7210949659347534,0.5629954934120178,-0.025122173130512238,0.6808984279632568,0.5354445576667786,-0.03181624412536621,0.6522771120071411,0.5143139362335205,-0.03639167547225952,0.7683859467506409,0.6554002165794373,-0.023339271545410156,0.6897140741348267,0.5945212841033936,-0.033190324902534485,0.643337070941925,0.5552194714546204,-0.039953652769327164,0.6096271276473999,0.5232795476913452,-0.04524081572890282,0.7449073791503906,0.7029634118080139,-0.031286366283893585,0.6756269335746765,0.6363031268119812,-0.039150141179561615,0.6346126794815063,0.5950121879577637,-0.04390731453895569,0.604758620262146,0.5608192682266235,-0.04785153642296791,0.725355863571167,0.7556478381156921,-0.03891054168343544,0.6752936840057373,0.6961269974708557,-0.04652129486203194,0.644416332244873,0.6600534915924072,-0.048359084874391556,0.6185215711593628,0.6267552971839905,-0.048934437334537506,0.17778436839580536,0.9372618198394775,5.786557721876306e-07,0.15029527246952057,0.8366355299949646,-0.004774501081556082,0.14479976892471313,0.7268105745315552,-0.014283779077231884,0.13693788647651672,0.6497313976287842,-0.023446254432201385,0.11841792613267899,0.5981380939483643,-0.03338402882218361,0.2110389620065689,0.697643518447876,-0.026925042271614075,0.2883088290691376,0.6267924308776855,-0.042277537286281586,0.3327801823616028,0.5846803784370422,-0.051849231123924255,0.36560824513435364,0.5537047386169434,-0.05700432136654854,0.24756082892417908,0.7370297908782959,-0.035205043852329254,0.3266906142234802,0.6523142457008362,-0.043705977499485016,0.37278831005096436,0.6021150946617126,-0.04810374230146408,0.4061089754104614,0.5619527101516724,-0.052272867411375046,0.28077536821365356,0.7806643843650818,-0.04290515184402466,0.3515383005142212,0.6919879913330078,-0.04918372631072998,0.3925970792770386,0.6407287120819092,-0.05107530206441879,0.4211791753768921,0.6001911759376526,-0.05359426513314247,0.30852800607681274,0.8244094252586365,-0.05060635507106781,0.3613224923610687,0.7549901008605957,-0.05472900718450546,0.3930402994155884,0.7137757539749146,-0.052103545516729355,0.4176177978515625,0.6782220005989075,-0.050118137151002884
23,0.873888373374939,0.8483502864837646,2.791144027014525e-07,0.8828011155128479,0.7483184933662415,-0.00265240459702909,0.8593248128890991,0.6410508155822754,-0.00827307254076004,0.8451287746429443,0.5570101737976074,-0.014015733264386654,0.853069543838501,0.4989306926727295,-0.02249251678586006,0.7901890277862549,0.6341285109519958,-0.023880964145064354,0.7123809456825256,0.5829839110374451,-0.03677009791135788,0.6689440011978149,0.5533000826835632,-0.04481761157512665,0.6355454921722412,0.5281792879104614,-0.05086471140384674,0.7638068795204163,0.67933589220047,-0.03279497101902962,0.6802719831466675,0.6195088624954224,-0.04560906067490578,0.6309245824813843,0.5797141194343567,-0.05434982478618622,0.5945708751678467,0.5440777540206909,-0.06124667078256607,0.739879310131073,0.7312540411949158,-0.04078492522239685,0.6645160913467407,0.6652368307113647,-0.05266384407877922,0.6221792101860046,0.6216398477554321,-0.060039106756448746,0.5906741619110107,0.5828688144683838,-0.06548979878425598,0.7192115187644958,0.7883712649345398,-0.04831748828291893,0.6633514761924744,0.7262634038925171,-0.06040751561522484,0.6326909065246582,0.6895777583122253,-0.064447320997715,0.6079317927360535,0.6543582677841187,-0.06622537225484848,0.1792469024658203,0.8725762367248535,6.458381562879367e-07,0.1557142287492752,0.7738849520683289,-0.00043773974175564945,0.14905811846256256,0.6736500263214111,-0.008999870158731937,0.1405358612537384,0.6029529571533203,-0.018168555572628975,0.12423252314329147,0.5562853217124939,-0.028227245435118675,0.21202561259269714,0.6383875012397766,-0.022295288741588593,0.28170913457870483,0.5675759315490723,-0.03642606362700462,0.32280606031417847,0.5268832445144653,-0.044229891151189804,0.3525104522705078,0.4975208640098572,-0.04761062189936638,0.24897055327892303,0.6723735332489014,-0.03199819102883339,0.32226312160491943,0.5874969959259033,-0.039906684309244156,0.3648849129676819,0.5369088649749756,-0.04288986325263977,0.39509567618370056,0.49644553661346436,-0.045425139367580414,0.28229159116744995,0.711717963218689,-0.0410616360604763,0.3449815809726715,0.6227339506149292,-0.046423207968473434,0.3805186152458191,0.5717793107032776,-0.047894783318042755,0.40430891513824463,0.5317791104316711,-0.04961762949824333,0.310757040977478,0.7539096474647522,-0.049834735691547394,0.3547874391078949,0.6771990060806274,-0.053256481885910034,0.380376398563385,0.6346304416656494,-0.05026528239250183,0.399139404296875,0.6000196933746338,-0.04747529700398445
24,0.8678726553916931,0.856830358505249,2.575313544639357e-07,0.8737598657608032,0.7487649321556091,0.004713143687695265,0.850716769695282,0.6523173451423645,0.0003555816656444222,0.8345394134521484,0.5708370208740234,-0.005273603368550539,0.8395932912826538,0.5120862126350403,-0.013706231489777565,0.779927670955658,0.6427842974662781,-0.015844780951738358,0.6982749700546265,0.5968848466873169,-0.024737443774938583,0.6542219519615173,0.5738333463668823,-0.030437787994742393,0.618606448173523,0.5552187561988831,-0.034793268889188766,0.7529333233833313,0.6887505650520325,-0.026744229719042778,0.6645931005477905,0.6303926110267639,-0.03580735996365547,0.6153990030288696,0.5969756245613098,-0.04189438000321388,0.5795725584030151,0.5695940256118774,-0.046526432037353516,0.7298816442489624,0.741779088973999,-0.035948049277067184,0.6514259576797485,0.6760559678077698,-0.04340629652142525,0.608191192150116,0.6369848847389221,-0.048211243003606796,0.5757665634155273,0.6045252084732056,-0.051965177059173584,0.7122782468795776,0.7978431582450867,-0.04396934434771538,0.6519657373428345,0.7346903681755066,-0.05110512673854828,0.6216630935668945,0.7008625864982605,-0.05120294541120529,0.5969208478927612,0.6688938140869141,-0.050156135112047195,0.17773792147636414,0.874679684638977,5.243189775683277e-07,0.1488383412361145,0.7790576815605164,-0.0020421133376657963,0.14063730835914612,0.6776848435401917,-0.011599675752222538,0.13126063346862793,0.6047788858413696,-0.021114159375429153,0.11528060585260391,0.5571392774581909,-0.031628064811229706,0.20463798940181732,0.6413626074790955,-0.027881590649485588,0.27559584379196167,0.5649429559707642,-0.041796840727329254,0.3162801265716553,0.5212593078613281,-0.04824564605951309,0.34560394287109375,0.49055033922195435,-0.050726015120744705,0.24277783930301666,0.674959659576416,-0.03679237887263298,0.3153756558895111,0.5830837488174438,-0.04382501170039177,0.35702770948410034,0.5297752022743225,-0.0457942858338356,0.38691049814224243,0.4883921146392822,-0.04798712208867073,0.27721136808395386,0.7157765626907349,-0.04483531787991524,0.34051984548568726,0.6229054927825928,-0.04857637733221054,0.3769989311695099,0.5674817562103271,-0.05055642127990723,0.40259209275245667,0.5244776010513306,-0.053347427397966385,0.30686259269714355,0.7585667967796326,-0.05265314131975174,0.3499164581298828,0.6814128160476685,-0.05522168055176735,0.3769177198410034,0.6349267959594727,-0.05378168448805809,0.3983210623264313,0.5960805416107178,-0.05264468491077423
25,0.8681505918502808,0.8359600305557251,2.2662165122255828e-07,0.8717798590660095,0.732681393623352,0.005482495296746492,0.8493718504905701,0.6356979012489319,0.002593492390587926,0.834234893321991,0.5572757720947266,-0.0023218540009111166,0.8394428491592407,0.5009750127792358,-0.009486032649874687,0.7787447571754456,0.6258487105369568,-0.00989510864019394,0.6999784708023071,0.5812879800796509,-0.017602328211069107,0.6577955484390259,0.5589245557785034,-0.022547153756022453,0.6266929507255554,0.5404927730560303,-0.026239655911922455,0.7542385458946228,0.6691675782203674,-0.02079889178276062,0.671047031879425,0.6140621900558472,-0.027783066034317017,0.6235547065734863,0.5815180540084839,-0.032725390046834946,0.5890583395957947,0.5548121333122253,-0.03710918501019478,0.7331204414367676,0.7195234894752502,-0.030518462881445885,0.6597012281417847,0.6569337844848633,-0.03557306155562401,0.6172819137573242,0.6209221482276917,-0.038397714495658875,0.5856636166572571,0.5904800891876221,-0.041683658957481384,0.7153157591819763,0.7749622464179993,-0.03943687304854393,0.660671055316925,0.7190515398979187,-0.044548507779836655,0.6302403807640076,0.6867851614952087,-0.043791577219963074,0.6046532988548279,0.6566994786262512,-0.04293393716216087,0.1763012558221817,0.9075440764427185,5.00138185088872e-07,0.15098148584365845,0.8134968876838684,-0.004428582731634378,0.1420903205871582,0.7073914408683777,-0.015315775759518147,0.1317366659641266,0.630589485168457,-0.02657199464738369,0.1155606135725975,0.5761497616767883,-0.0385785810649395,0.20604026317596436,0.6671475768089294,-0.02430502325296402,0.2782851755619049,0.594931960105896,-0.04254009574651718,0.3220943808555603,0.5543801188468933,-0.05457586050033569,0.35454556345939636,0.5261768698692322,-0.0608467198908329,0.24297106266021729,0.7018266320228577,-0.03348923102021217,0.31739330291748047,0.618278980255127,-0.04426461458206177,0.36079245805740356,0.5682756900787354,-0.05015699192881584,0.3924424350261688,0.5287274122238159,-0.05471196398139,0.27741727232933044,0.7434159517288208,-0.042610231786966324,0.3424918055534363,0.6585440039634705,-0.049950797110795975,0.3799540102481842,0.6074569821357727,-0.050640467554330826,0.40634483098983765,0.5683422684669495,-0.05181499198079109,0.3076664209365845,0.7877708673477173,-0.052008189260959625,0.3531236946582794,0.7170782089233398,-0.05625405162572861,0.38016313314437866,0.6746033430099487,-0.051960695534944534,0.40136322379112244,0.6393884420394897,-0.048231061547994614
26,0.8734563589096069,0.8110370635986328,2.3735610454878042e-07,0.8806466460227966,0.7071825265884399,0.006391303148120642,0.8582881689071655,0.6122006773948669,0.003832001704722643,0.840661883354187,0.5327155590057373,-0.0004038439365103841,0.8438342809677124,0.47685909271240234,-0.007095863576978445,0.7894397974014282,0.5962178111076355,-0.01304909773170948,0.7108360528945923,0.5481599569320679,-0.021048160269856453,0.6673729419708252,0.5265662670135498,-0.02608391083776951,0.6331291198730469,0.5097466707229614,-0.03002730756998062,0.7628806829452515,0.6402493119239807,-0.0243964996188879,0.6785016059875488,0.5812292695045471,-0.032982587814331055,0.6280316114425659,0.5484949350357056,-0.03919972479343414,0.5903323888778687,0.5234241485595703,-0.04417986050248146,0.7414330244064331,0.6915544271469116,-0.034014742821455,0.6673223376274109,0.6279935240745544,-0.04070214927196503,0.6219038367271423,0.5907703042030334,-0.046102773398160934,0.5876624584197998,0.5610414147377014,-0.05072639882564545,0.7253469824790955,0.7474102973937988,-0.04244794696569443,0.66853928565979,0.6879649758338928,-0.049369603395462036,0.6357028484344482,0.6541524529457092,-0.05083117634057999,0.6081598401069641,0.6225855946540833,-0.05118977651000023,0.1751427799463272,0.9366506934165955,5.762471460002416e-07,0.15352097153663635,0.8333852291107178,-0.0034587273839861155,0.14915210008621216,0.7303582429885864,-0.015092422254383564,0.1432967185974121,0.656122624874115,-0.026105660945177078,0.12860380113124847,0.6030616760253906,-0.038237493485212326,0.216793030500412,0.6971233487129211,-0.03355500474572182,0.2995395064353943,0.6322644948959351,-0.05234146863222122,0.3458487391471863,0.5954935550689697,-0.06312112510204315,0.38065075874328613,0.5700222849845886,-0.06822958588600159,0.2545078992843628,0.7414472103118896,-0.04271012172102928,0.3395783603191376,0.6567075252532959,-0.0549485944211483,0.38746750354766846,0.6083545684814453,-0.06007852405309677,0.42191845178604126,0.5727391839027405,-0.0638432577252388,0.28766751289367676,0.7892023921012878,-0.05068451538681984,0.36313551664352417,0.7013450264930725,-0.05947556346654892,0.4051796495914459,0.651360034942627,-0.06120578572154045,0.4336472749710083,0.613264799118042,-0.06267920136451721,0.314689576625824,0.8375384211540222,-0.05819481611251831,0.3688434362411499,0.7635127305984497,-0.06342381238937378,0.39867693185806274,0.7196438908576965,-0.059954818338155746,0.42113161087036133,0.6820834875106812,-0.05650924891233444
27,0.8742958903312683,0.8307431936264038,1.2462142251479236e-07,0.8748584985733032,0.7313433289527893,0.005026638973504305,0.8470525741577148,0.6281341314315796,0.0019176665227860212,0.8296096920967102,0.5489826202392578,-0.0027889576740562916,0.8342476487159729,0.49148839712142944,-0.010615135543048382,0.7854729294776917,0.6232531070709229,-0.018955525010824203,0.7050214409828186,0.5810290575027466,-0.03204435482621193,0.6598507761955261,0.5586537718772888,-0.039439357817173004,0.6260020732879639,0.5408099293708801,-0.04476629197597504,0.7639303207397461,0.6681783199310303,-0.0317440889775753,0.6770642995834351,0.61770099401474,-0.045563988387584686,0.6252084970474243,0.5846198797225952,-0.053421180695295334,0.5861963033676147,0.5563032031059265,-0.05948184058070183,0.7437108159065247,0.7207440733909607,-0.04311264678835869,0.6638370156288147,0.6622661352157593,-0.05607442557811737,0.6191452741622925,0.6236713528633118,-0.061875276267528534,0.5847330689430237,0.5889139771461487,-0.06622327864170074,0.7257620692253113,0.7803916931152344,-0.05327235907316208,0.6667101979255676,0.7253208160400391,-0.06668725609779358,0.6333368420600891,0.6913506984710693,-0.07033566385507584,0.6051559448242188,0.6593577861785889,-0.07187192887067795,0.16168135404586792,0.9044334292411804,5.583967208622198e-07,0.14155618846416473,0.8067817687988281,-0.0011211534729227424,0.13725657761096954,0.7036446332931519,-0.009165698662400246,0.12937378883361816,0.6329096555709839,-0.018028832972049713,0.11368538439273834,0.5847305059432983,-0.0275310929864645,0.20920689404010773,0.6694730520248413,-0.01634237729012966,0.28016799688339233,0.6046006679534912,-0.02956479787826538,0.3249305486679077,0.5696091055870056,-0.038160085678100586,0.35830822587013245,0.5460479259490967,-0.042343396693468094,0.24310825765132904,0.706123948097229,-0.02537127025425434,0.3173677921295166,0.6302292346954346,-0.030993683263659477,0.3624991774559021,0.586567759513855,-0.03414517268538475,0.3968394696712494,0.5517866611480713,-0.03739183768630028,0.2723206877708435,0.7496623992919922,-0.034395962953567505,0.336725652217865,0.6704691648483276,-0.03736833855509758,0.3763800263404846,0.6238090395927429,-0.03878791630268097,0.40541794896125793,0.5878773331642151,-0.04126190394163132,0.2963624596595764,0.7957445383071899,-0.04359264299273491,0.3418096601963043,0.7295249700546265,-0.04478077590465546,0.3698742687702179,0.690774142742157,-0.041436824947595596,0.392101526260376,0.6584509611129761,-0.03910854458808899
28,0.8627753853797913,0.8343341946601868,1.8606097285100986e-07,0.8629468679428101,0.7288050055503845,0.005658268462866545,0.8363747000694275,0.6369008421897888,0.00130091467872262,0.817401111125946,0.5591673254966736,-0.0047173164784908295,0.8185087442398071,0.500810444355011,-0.0138532230630517,0.7682675123214722,0.6363767385482788,-0.016055000945925713,0.6860414743423462,0.598734974861145,-0.025956008583307266,0.6433219313621521,0.5822032690048218,-0.0322427898645401,0.6107510328292847,0.5696789026260376,-0.036679938435554504,0.7465759515762329,0.683237612247467,-0.027464214712381363,0.6573978066444397,0.635528564453125,-0.03631327673792839,0.6079066395759583,0.6086450219154358,-0.0423448421061039,0.5721495151519775,0.587517499923706,-0.0475018285214901,0.7289474606513977,0.736773669719696,-0.037228669971227646,0.647820234298706,0.6832563877105713,-0.044509537518024445,0.6035087704658508,0.6522656679153442,-0.0487750805914402,0.5703518390655518,0.6269447803497314,-0.0526900440454483,0.7165137529373169,0.7935182452201843,-0.04575840383768082,0.6541450023651123,0.74149090051651,-0.05325346067547798,0.622283399105072,0.7129751443862915,-0.05372226983308792,0.5961958169937134,0.6860568523406982,-0.05328589677810669,0.15507540106773376,0.8807244300842285,5.546329475691891e-07,0.13046224415302277,0.7860578894615173,-0.0012132502160966396,0.12585479021072388,0.6916899681091309,-0.010226143524050713,0.11937862634658813,0.6235197186470032,-0.01925342157483101,0.10461721569299698,0.5768526792526245,-0.029188374057412148,0.19532044231891632,0.6545106768608093,-0.022916333749890327,0.2691228687763214,0.5858616828918457,-0.03469182923436165,0.3113725185394287,0.5484250783920288,-0.0398796871304512,0.34176385402679443,0.5227535963058472,-0.04130756855010986,0.2314123809337616,0.6913095712661743,-0.03082096576690674,0.305588960647583,0.6056149005889893,-0.036210667341947556,0.3489677309989929,0.5582417845726013,-0.036992397159338,0.3796728849411011,0.5227205753326416,-0.038067467510700226,0.2617185413837433,0.7334518432617188,-0.03801877796649933,0.3268810510635376,0.6455937027931213,-0.04095672070980072,0.36468377709388733,0.5968132615089417,-0.04198157414793968,0.3902696371078491,0.559410035610199,-0.04365542531013489,0.28732630610466003,0.7768137454986572,-0.04494565352797508,0.3337416350841522,0.7028276324272156,-0.047258373349905014,0.3612886667251587,0.6600016951560974,-0.04509473592042923,0.3818427324295044,0.6232554912567139,-0.04294898733496666
29,0.872309684753418,0.8106810450553894,2.5156808192150493e-07,0.8788073658943176,0.7058166861534119,0.002243458293378353,0.8553416728973389,0.612083911895752,-0.002083858475089073,0.8365797996520996,0.5357571244239807,-0.007786008529365063,0.8400915265083313,0.48053380846977234,-0.015549455769360065,0.7828061580657959,0.6047196388244629,-0.013011524453759193,0.7042565941810608,0.5621312856674194,-0.02257709577679634,0.6608738303184509,0.5431674718856812,-0.029372207820415497,0.6271750330924988,0.5296068787574768,-0.03424535319209099,0.7583329081535339,0.6507957577705383,-0.022847188636660576,0.6764708757400513,0.5967227220535278,-0.03148563578724861,0.6269921064376831,0.5661856532096863,-0.039077937602996826,0.5897251963615417,0.5439649820327759,-0.04515219107270241,0.7389574646949768,0.7021702527999878,-0.031591709703207016,0.6655133962631226,0.6439957618713379,-0.03852270543575287,0.6203547120094299,0.6101047992706299,-0.04460149630904198,0.5859664082527161,0.5840526819229126,-0.04946735128760338,0.7250985503196716,0.7556898593902588,-0.03969831392168999,0.6683615446090698,0.7001177668571472,-0.046308595687150955,0.6359281539916992,0.669622540473938,-0.04743776470422745,0.6092721819877625,0.6422101855278015,-0.04745623841881752,0.1638147383928299,0.9100037217140198,4.77143032640015e-07,0.14056892693042755,0.8115116953849792,-0.00356105575338006,0.13718286156654358,0.7129027247428894,-0.01389414444565773,0.13253937661647797,0.6405757665634155,-0.0244756992906332,0.11864104121923447,0.5905233025550842,-0.03560935705900192,0.21284092962741852,0.6812372207641602,-0.022064534947276115,0.28699058294296265,0.6184281706809998,-0.0359787754714489,0.3302081525325775,0.5851873755455017,-0.044711627066135406,0.3634369969367981,0.5637420415878296,-0.04901072755455971,0.24884480237960815,0.7200554013252258,-0.030116617679595947,0.32315316796302795,0.6428582668304443,-0.03738107532262802,0.36659103631973267,0.5997796654701233,-0.040479131042957306,0.39927875995635986,0.5702420473098755,-0.04347454383969307,0.27886542677879333,0.7628728151321411,-0.03789461776614189,0.34518760442733765,0.6845343708992004,-0.042223311960697174,0.3829168677330017,0.638468325138092,-0.04241267219185829,0.41027045249938965,0.605555534362793,-0.04368612915277481,0.3029729425907135,0.8064568042755127,-0.04586530104279518,0.3516826629638672,0.7410041093826294,-0.048476479947566986,0.38013386726379395,0.7011852860450745,-0.04461495205760002,0.4027448296546936,0.6681218147277832,-0.041387684643268585
30,0.8627014756202698,0.8254235982894897,1.8552020719653228e-07,0.864734947681427,0.7268493175506592,0.004040559288114309,0.8384303450584412,0.6271419525146484,-0.0011694818967953324,0.8201351761817932,0.5478662252426147,-0.007416496518999338,0.8236187100410461,0.48953497409820557,-0.016854194924235344,0.782256007194519,0.6231037974357605,-0.024730967357754707,0.7014870643615723,0.5760126709938049,-0.03875083476305008,0.6556381583213806,0.5535021424293518,-0.04584601894021034,0.619962215423584,0.5371816158294678,-0.05053029581904411,0.761735737323761,0.6669600605964661,-0.03684206306934357,0.6725960969924927,0.6102415323257446,-0.05088983476161957,0.6206569075584412,0.578341007232666,-0.05755116045475006,0.5816601514816284,0.5533739328384399,-0.062480926513671875,0.7420040965080261,0.7185201644897461,-0.047194983810186386,0.6589992046356201,0.6581947207450867,-0.05903756991028786,0.6134905219078064,0.6223012208938599,-0.06306195259094238,0.5786654353141785,0.5923002362251282,-0.06614959985017776,0.7243524193763733,0.7766616940498352,-0.05636909231543541,0.6623250246047974,0.7212805151939392,-0.06763466447591782,0.6301454305648804,0.6882061958312988,-0.06944482028484344,0.603439211845398,0.657584011554718,-0.06983987241983414,0.1848875731229782,0.8964700698852539,4.91222806431324e-07,0.1591079831123352,0.7977545261383057,0.0003843104059342295,0.15570728480815887,0.704800009727478,-0.007209304254502058,0.1515028327703476,0.6367902755737305,-0.014984994195401669,0.14011991024017334,0.5898330211639404,-0.02348918654024601,0.2275928258895874,0.677773118019104,-0.02031591348350048,0.2981768250465393,0.6077296137809753,-0.03196585923433304,0.33822542428970337,0.56855708360672,-0.037622321397066116,0.36678430438041687,0.5408632755279541,-0.0395200289785862,0.2646230459213257,0.7142499089241028,-0.028111079707741737,0.33439338207244873,0.6290360689163208,-0.034674372524023056,0.3753474950790405,0.5793851613998413,-0.03717285394668579,0.4045853018760681,0.5422835946083069,-0.03924122452735901,0.29446637630462646,0.7544847726821899,-0.0349622406065464,0.3558037579059601,0.6689873337745667,-0.038874056190252304,0.3912116289138794,0.6176836490631104,-0.04101485013961792,0.41654878854751587,0.5773013830184937,-0.04329180344939232,0.31827083230018616,0.7950634360313416,-0.04130370914936066,0.36288702487945557,0.7262892723083496,-0.044325534254312515,0.3890390694141388,0.6847164630889893,-0.0426986962556839,0.4099869132041931,0.6488528251647949,-0.04077928513288498
31,0.8542229533195496,0.8481670618057251,2.3350156652668375e-07,0.855643093585968,0.7471790313720703,0.004729709587991238,0.8238118886947632,0.6544488072395325,0.0011929621687158942,0.8014850616455078,0.5739204287528992,-0.0031101959757506847,0.8018643856048584,0.512330949306488,-0.010125312022864819,0.761176347732544,0.6418812274932861,-0.017713559791445732,0.6783781051635742,0.5994645357131958,-0.026910817250609398,0.6333826780319214,0.5798916220664978,-0.0327470563352108,0.5978082418441772,0.5643119215965271,-0.037157103419303894,0.7383569478988647,0.6884625554084778,-0.02793378196656704,0.6497626900672913,0.6343033313751221,-0.036946795880794525,0.5978915691375732,0.6023878455162048,-0.04335988312959671,0.5596613883972168,0.5771056413650513,-0.04891667887568474,0.7194296717643738,0.7423576712608337,-0.03639660030603409,0.6396685242652893,0.6819626688957214,-0.04448627308011055,0.5944558382034302,0.6451989412307739,-0.050191592425107956,0.5609177947044373,0.6152510643005371,-0.05492807924747467,0.7054716944694519,0.7988249659538269,-0.04352781921625137,0.6449346542358398,0.7390751838684082,-0.05183626338839531,0.6144044995307922,0.7060588598251343,-0.053685594350099564,0.5895925760269165,0.674536406993866,-0.05430041626095772,0.19187912344932556,0.879395067691803,4.978964511792583e-07,0.17081910371780396,0.7882931232452393,0.0017889278242364526,0.1694791465997696,0.6938011646270752,-0.007515396922826767,0.16657349467277527,0.6238710880279541,-0.01718367449939251,0.15349560976028442,0.5740872025489807,-0.027956703677773476,0.2066313922405243,0.6688256859779358,-0.03344128653407097,0.27723902463912964,0.5862912535667419,-0.05023246258497238,0.31794649362564087,0.543582558631897,-0.05543074011802673,0.3480771481990814,0.5141956210136414,-0.05610447749495506,0.23904076218605042,0.7004143595695496,-0.043612804263830185,0.31262966990470886,0.6019288897514343,-0.05475662648677826,0.35573282837867737,0.5492939352989197,-0.0558549165725708,0.3869113624095917,0.5105105042457581,-0.056648459285497665,0.2704394459724426,0.7382643222808838,-0.052207618951797485,0.3374016582965851,0.6402651071548462,-0.059783533215522766,0.3753349781036377,0.5887131094932556,-0.06161990016698837,0.402124285697937,0.5507283210754395,-0.06338980793952942,0.30027565360069275,0.7785754203796387,-0.059952180832624435,0.3470160961151123,0.7000706195831299,-0.06574979424476624,0.3722955584526062,0.656169593334198,-0.06543649733066559,0.39130568504333496,0.6186403632164001,-0.06468147784471512
32,0.8571144938468933,0.8200873136520386,2.2791134313138173e-07,0.8541281223297119,0.7203418612480164,0.006139622535556555,0.8294334411621094,0.6288772225379944,0.0020209746435284615,0.8119511008262634,0.5544870495796204,-0.004393321927636862,0.8151131868362427,0.49936753511428833,-0.01311403326690197,0.7653855085372925,0.6208100914955139,-0.012783259153366089,0.6875860691070557,0.5761598944664001,-0.023435303941369057,0.6443790793418884,0.5542652010917664,-0.030122747644782066,0.6107924580574036,0.5374842286109924,-0.03469529747962952,0.7429938316345215,0.6636919975280762,-0.02512962371110916,0.6593472361564636,0.6081700325012207,-0.03570329397916794,0.6093875169754028,0.5770964026451111,-0.04265841096639633,0.5716671943664551,0.5534082651138306,-0.047999896109104156,0.7237253785133362,0.713270366191864,-0.035994138568639755,0.6493639945983887,0.6526316404342651,-0.043989744037389755,0.6042308211326599,0.6187827587127686,-0.04787345603108406,0.5698467493057251,0.5920172333717346,-0.05120551958680153,0.7078983783721924,0.7686588764190674,-0.04587689787149429,0.6520369052886963,0.7127253413200378,-0.05293157324194908,0.6195533871650696,0.6806110143661499,-0.05284210667014122,0.5919528007507324,0.651830792427063,-0.0520421601831913,0.1801416575908661,0.8797550201416016,6.14025111644878e-07,0.16457663476467133,0.7828309535980225,-0.004714748356491327,0.16190072894096375,0.682843804359436,-0.018369795754551888,0.15295563638210297,0.6098989248275757,-0.031346213072538376,0.1356940120458603,0.5574408769607544,-0.045326150953769684,0.20484976470470428,0.6733969449996948,-0.042214471846818924,0.2803221344947815,0.5993602275848389,-0.06292806565761566,0.3229123055934906,0.5610226392745972,-0.07249509543180466,0.3559863269329071,0.5347497463226318,-0.07649024575948715,0.23691238462924957,0.713799774646759,-0.05081476271152496,0.3178624212741852,0.6248782873153687,-0.06539972126483917,0.3629325032234192,0.5769748687744141,-0.06960812211036682,0.39533162117004395,0.5417567491531372,-0.07291703671216965,0.26814013719558716,0.7564917802810669,-0.05785565450787544,0.3394859731197357,0.6695736050605774,-0.06813619285821915,0.3787003755569458,0.6191638112068176,-0.06971073895692825,0.4045577645301819,0.5805466175079346,-0.07121075689792633,0.2971769869327545,0.7976582646369934,-0.0644100084900856,0.3496537208557129,0.7250825762748718,-0.0701354444026947,0.3758796453475952,0.6818335056304932,-0.0675947293639183,0.393376886844635,0.6455840468406677,-0.06549973785877228
33,0.8606423139572144,0.8203689455986023,2.304725796875573e-07,0.8653858304023743,0.7192649245262146,0.0020929090678691864,0.8448792099952698,0.6226139664649963,-0.0039162784814834595,0.8276723623275757,0.5444746613502502,-0.01124450284987688,0.8306919932365417,0.4871097207069397,-0.02140994928777218,0.778918445110321,0.6157727837562561,-0.02040949836373329,0.6986793279647827,0.5719565153121948,-0.03253723308444023,0.6549500823020935,0.5503972172737122,-0.039798930287361145,0.621472954750061,0.5337214469909668,-0.04490487650036812,0.7543884515762329,0.6607299447059631,-0.031461916863918304,0.6681784391403198,0.6052089929580688,-0.04303240403532982,0.6186610460281372,0.5720444917678833,-0.05088968575000763,0.5818722248077393,0.5463576316833496,-0.057113248854875565,0.7338638305664062,0.7132918238639832,-0.04111360013484955,0.6564792990684509,0.6509199142456055,-0.05118490383028984,0.6121454238891602,0.6131911873817444,-0.057518791407346725,0.5789495706558228,0.5821294188499451,-0.06273806095123291,0.7168202996253967,0.7708960175514221,-0.049791231751441956,0.6595312356948853,0.7142147421836853,-0.05979481339454651,0.6289269328117371,0.679843544960022,-0.06224118545651436,0.6037276983261108,0.6475433111190796,-0.0634138360619545,0.1685197949409485,0.882538378238678,7.029077551123919e-07,0.1502704918384552,0.7839261293411255,-0.007818805053830147,0.14680024981498718,0.6850771307945251,-0.024178000167012215,0.1371147632598877,0.6103053092956543,-0.03870493173599243,0.12267572432756424,0.5552179217338562,-0.05410183221101761,0.2152697741985321,0.6751929521560669,-0.0450127050280571,0.30027446150779724,0.6167011857032776,-0.06466703861951828,0.34668266773223877,0.5828720927238464,-0.0741250216960907,0.38273417949676514,0.5617663264274597,-0.07802022248506546,0.24677859246730804,0.7195685505867004,-0.051763422787189484,0.3344842791557312,0.6432375907897949,-0.06716986000537872,0.3836868107318878,0.6006582379341125,-0.07185857743024826,0.42008447647094727,0.5679457187652588,-0.07480615377426147,0.2753809094429016,0.7646372318267822,-0.05680825188755989,0.3525487184524536,0.6872170567512512,-0.06654106080532074,0.3978455066680908,0.6440786123275757,-0.06730739772319794,0.4289783239364624,0.6100696325302124,-0.06785065680742264,0.29781249165534973,0.8073219060897827,-0.06154028698801994,0.3547918498516083,0.7416951060295105,-0.06523061543703079,0.38783568143844604,0.7036052942276001,-0.06076876446604729,0.4125404357910156,0.6718259453773499,-0.05707057565450668
34,0.8572943210601807,0.8542189598083496,1.598813383907327e-07,0.8536489605903625,0.7532417178153992,0.0030157831497490406,0.8201268911361694,0.6542747616767883,-0.0011788834817707539,0.8006122708320618,0.5765321254730225,-0.006070672068744898,0.8053328990936279,0.5189799070358276,-0.013105005957186222,0.760826051235199,0.6496950387954712,-0.018630914390087128,0.6758068203926086,0.61446213722229,-0.030378418043255806,0.6274059414863586,0.598950207233429,-0.038145482540130615,0.5893228650093079,0.5897808074951172,-0.04345473647117615,0.7379220128059387,0.703869104385376,-0.02866041287779808,0.6456575393676758,0.6616529822349548,-0.03902798891067505,0.5927541851997375,0.6389508843421936,-0.04489818960428238,0.5532073974609375,0.6215970516204834,-0.049783773720264435,0.7180314660072327,0.7619197368621826,-0.03738915175199509,0.6367170214653015,0.708819568157196,-0.04561652988195419,0.5918754935264587,0.6808066368103027,-0.047899749130010605,0.5575553178787231,0.6587236523628235,-0.049897465854883194,0.7028600573539734,0.820431113243103,-0.04536779597401619,0.6416549682617188,0.769288957118988,-0.053269289433956146,0.6071959137916565,0.7433726787567139,-0.05283832922577858,0.5776525139808655,0.720386266708374,-0.051323045045137405,0.16148748993873596,0.8659734725952148,6.418113116524182e-07,0.13615137338638306,0.7729607224464417,-0.010397608391940594,0.12731415033340454,0.6726264953613281,-0.0260027926415205,0.11472535133361816,0.5994933247566223,-0.040437158197164536,0.09474462270736694,0.5497444272041321,-0.05574038252234459,0.2044598013162613,0.6519880890846252,-0.03402746468782425,0.2767177224159241,0.5908200740814209,-0.05046254023909569,0.3221161365509033,0.5585328340530396,-0.0603133849799633,0.35555583238601685,0.5374447703361511,-0.06486118584871292,0.2392043024301529,0.6908061504364014,-0.0397961363196373,0.31644922494888306,0.6171008348464966,-0.048922814428806305,0.3629912734031677,0.573287308216095,-0.05352464318275452,0.3968338370323181,0.5396523475646973,-0.057570189237594604,0.26843351125717163,0.7330101132392883,-0.04532276466488838,0.3376639485359192,0.6578027606010437,-0.050476279109716415,0.3784100413322449,0.6128692626953125,-0.05322360247373581,0.4061811566352844,0.5796352624893188,-0.056117862462997437,0.2912827730178833,0.7741749882698059,-0.05144128203392029,0.3435843586921692,0.7081053256988525,-0.05376312509179115,0.3747960329055786,0.6710051894187927,-0.05080969259142876,0.3969079256057739,0.6412137150764465,-0.04833720251917839
35,0.8605401515960693,0.8560590744018555,2.1716518006087426e-07,0.8554527759552002,0.7530243396759033,0.00301186740398407,0.8206028938293457,0.6537871360778809,-0.0015748550649732351,0.8001827001571655,0.5754500031471252,-0.0067628975957632065,0.8034021258354187,0.5176159143447876,-0.014300464652478695,0.7635908126831055,0.6527149081230164,-0.021227160468697548,0.6758766174316406,0.6148457527160645,-0.03281056508421898,0.6281381249427795,0.5982823967933655,-0.03943150117993355,0.5931990146636963,0.5860879421234131,-0.04363881051540375,0.7405317425727844,0.7054996490478516,-0.030623922124505043,0.6462177038192749,0.6605528593063354,-0.040347203612327576,0.5940902233123779,0.6356939077377319,-0.04570899158716202,0.5566210746765137,0.6142365336418152,-0.0501723438501358,0.7199850082397461,0.7631803154945374,-0.03839857876300812,0.6365547180175781,0.7095902562141418,-0.04557744413614273,0.5911374092102051,0.680659294128418,-0.04758520796895027,0.5579354166984558,0.6569616198539734,-0.04986920207738876,0.7032487988471985,0.8223675489425659,-0.04524117335677147,0.6406396627426147,0.7706512212753296,-0.05174707993865013,0.6083390116691589,0.7435631155967712,-0.050228774547576904,0.5813714265823364,0.718388020992279,-0.04846860468387604,0.16700389981269836,0.8676126599311829,5.849195758855785e-07,0.13806957006454468,0.7723773121833801,-0.011301707476377487,0.12645593285560608,0.6766422390937805,-0.031064748764038086,0.11538255214691162,0.6056191921234131,-0.04993944615125656,0.0989973396062851,0.5542998313903809,-0.06978702545166016,0.20713895559310913,0.6491832733154297,-0.04100930690765381,0.28133031725883484,0.587512731552124,-0.058918438851833344,0.32584965229034424,0.5557778477668762,-0.06882299482822418,0.3584810197353363,0.5348993539810181,-0.07335533946752548,0.24344906210899353,0.6904028654098511,-0.04776855185627937,0.3203165829181671,0.6170973181724548,-0.058982376009225845,0.36542272567749023,0.5741682648658752,-0.06344850361347198,0.3986157774925232,0.5429680943489075,-0.06709712743759155,0.2727484405040741,0.734756350517273,-0.05396728962659836,0.340875506401062,0.6592248678207397,-0.05912281572818756,0.38078242540359497,0.613985002040863,-0.06003955006599426,0.408318430185318,0.581261396408081,-0.061974525451660156,0.29542893171310425,0.7778677344322205,-0.06104106083512306,0.3463362455368042,0.7106280326843262,-0.06254144757986069,0.37424883246421814,0.6709471940994263,-0.05779886990785599,0.3939783573150635,0.6391348838806152,-0.05396411940455437
36,0.8368558287620544,0.8587349653244019,4.582691133236949e-07,0.8492075204849243,0.7508741617202759,-0.003656951943412423,0.8343733549118042,0.6549840569496155,-0.011907813139259815,0.8218355178833008,0.5715128183364868,-0.020192580297589302,0.8298071026802063,0.5112632513046265,-0.02907700650393963,0.756673276424408,0.6444257497787476,-0.014065098017454147,0.684819221496582,0.5853345990180969,-0.02060670405626297,0.6448261737823486,0.5580821633338928,-0.024884412065148354,0.6140463352203369,0.5379651784896851,-0.02787710167467594,0.725081205368042,0.6907866597175598,-0.019343992695212364,0.6506807804107666,0.6186397075653076,-0.025809170678257942,0.6063535213470459,0.5796338319778442,-0.030350498855113983,0.5731226205825806,0.5485573410987854,-0.033574700355529785,0.7014462947845459,0.7389034628868103,-0.02392403781414032,0.6364196538925171,0.6621952652931213,-0.0273087490350008,0.5976197719573975,0.6199889779090881,-0.030336979776620865,0.568701982498169,0.5863515138626099,-0.03300907090306282,0.6846192479133606,0.7853612303733826,-0.028647076338529587,0.6348842978477478,0.7176486253738403,-0.031095752492547035,0.6049543619155884,0.6809062361717224,-0.02969486080110073,0.5803558826446533,0.6476404070854187,-0.027748199179768562,0.18193984031677246,0.9063146114349365,5.203586397328763e-07,0.15185612440109253,0.8161460161209106,-0.009537594392895699,0.1327996402978897,0.7221740484237671,-0.02868673950433731,0.1090477705001831,0.6492460370063782,-0.04632662236690521,0.08549907803535461,0.5978947877883911,-0.06501039117574692,0.19807080924510956,0.7012996077537537,-0.04992400109767914,0.26510751247406006,0.6104685068130493,-0.07056060433387756,0.3032853305339813,0.5648992657661438,-0.07825197279453278,0.33243945240974426,0.5340284109115601,-0.08032228797674179,0.23844866454601288,0.7338462471961975,-0.056188855320215225,0.30518653988838196,0.624382734298706,-0.07206570357084274,0.343410849571228,0.5656346678733826,-0.0757894292473793,0.3716769218444824,0.5255861282348633,-0.07742642611265182,0.2744784355163574,0.7693358659744263,-0.060896165668964386,0.332382470369339,0.6628360152244568,-0.07033491879701614,0.3659569323062897,0.6036441326141357,-0.07161792367696762,0.38966166973114014,0.5611602663993835,-0.0724155381321907,0.30556783080101013,0.8040496110916138,-0.06543201953172684,0.345723032951355,0.7165153622627258,-0.07064950466156006,0.3684179186820984,0.6666591167449951,-0.06724940240383148,0.3851167559623718,0.625555157661438,-0.06366702169179916
37,0.83375483751297,0.8833767175674438,2.948156065940566e-07,0.8398511409759521,0.7785176634788513,-0.0042178696021437645,0.8139493465423584,0.6704537868499756,-0.012422725558280945,0.8008037805557251,0.5839923620223999,-0.019879434257745743,0.8154957890510559,0.5263782143592834,-0.028991181403398514,0.7541716694831848,0.6622436046600342,-0.024409791454672813,0.6756288409233093,0.6127526760101318,-0.037425413727760315,0.6307047605514526,0.586620569229126,-0.04651392623782158,0.5956748127937317,0.5677183270454407,-0.05262838676571846,0.7255980372428894,0.7124720811843872,-0.030819401144981384,0.6450690627098083,0.6498011350631714,-0.04137516766786575,0.5980026721954346,0.6135972142219543,-0.0475226454436779,0.5631762742996216,0.585388720035553,-0.05249354615807533,0.6995040774345398,0.7653822302818298,-0.03615587204694748,0.628481388092041,0.6973876953125,-0.04310453310608864,0.5890522003173828,0.657742440700531,-0.04377488046884537,0.5600229501724243,0.6266661882400513,-0.04502422735095024,0.6779192686080933,0.8183050155639648,-0.0416741669178009,0.6251975893974304,0.7521532773971558,-0.04631131887435913,0.5991803407669067,0.7180135250091553,-0.042545072734355927,0.5779578685760498,0.6877781748771667,-0.03919782117009163,0.17674757540225983,0.9248149991035461,5.491802426149661e-07,0.1584392786026001,0.8275816440582275,-0.004466515965759754,0.15048614144325256,0.7233215570449829,-0.019317397847771645,0.1331978738307953,0.6468552350997925,-0.033742696046829224,0.11066300421953201,0.5952157974243164,-0.0495661124587059,0.1972949504852295,0.7144958972930908,-0.0437217652797699,0.27230557799339294,0.6335511207580566,-0.06331174820661545,0.31352007389068604,0.5926176905632019,-0.07085515558719635,0.34347301721572876,0.5647584199905396,-0.07332082837820053,0.23135752975940704,0.7527109384536743,-0.05315554514527321,0.3092712461948395,0.6573007702827454,-0.06861788779497147,0.35322079062461853,0.6063086986541748,-0.07261891663074493,0.3843453526496887,0.5700198411941528,-0.07493452727794647,0.26583871245384216,0.7930130958557129,-0.06066904962062836,0.335804283618927,0.6969242691993713,-0.07131785154342651,0.3748430013656616,0.6443641781806946,-0.07197795063257217,0.40193551778793335,0.6059767603874207,-0.07236523181200027,0.29765433073043823,0.8317909240722656,-0.06756304949522018,0.3490338623523712,0.7523034811019897,-0.07268240302801132,0.37887197732925415,0.70904940366745,-0.06879357248544693,0.4026567339897156,0.6748132109642029,-0.06539196521043777
38,0.8199267387390137,0.8872964978218079,3.4937610848828626e-07,0.8310538530349731,0.7780512571334839,-0.0027114481199532747,0.811823844909668,0.6810951232910156,-0.009317625313997269,0.7988905310630798,0.5990798473358154,-0.015466706827282906,0.8106940984725952,0.54123854637146,-0.022358283400535583,0.7354714274406433,0.67669677734375,-0.012812774628400803,0.6621038317680359,0.6179100871086121,-0.01880660280585289,0.6213794350624084,0.5913654565811157,-0.023465972393751144,0.5900454521179199,0.5750299096107483,-0.026550840586423874,0.7054553031921387,0.7221184372901917,-0.0170965027064085,0.63202965259552,0.6488396525382996,-0.02162090502679348,0.5897090435028076,0.6139699220657349,-0.02437490224838257,0.5585094690322876,0.5905027985572815,-0.026452545076608658,0.6822991967201233,0.7697464227676392,-0.0206135381013155,0.6188110113143921,0.6905441284179688,-0.02234046719968319,0.5831214785575867,0.6528494358062744,-0.02256443165242672,0.5553945899009705,0.6274215579032898,-0.023441970348358154,0.6660509705543518,0.8157938718795776,-0.024125438183546066,0.6183054447174072,0.7444585561752319,-0.024828219786286354,0.5924711227416992,0.7101778388023376,-0.02081354148685932,0.5703827738761902,0.6829917430877686,-0.017079230397939682,0.17981843650341034,0.9229601621627808,5.484428129420849e-07,0.14853140711784363,0.8303247690200806,-0.010125362314283848,0.13457173109054565,0.7336128950119019,-0.02542174980044365,0.11888284236192703,0.6599650382995605,-0.03960120305418968,0.09695287048816681,0.6075456738471985,-0.0542728565633297,0.204776331782341,0.7039008736610413,-0.030529610812664032,0.26859188079833984,0.6262032985687256,-0.0453798808157444,0.3063637614250183,0.5845131874084473,-0.05416335538029671,0.33435261249542236,0.5552654266357422,-0.05806168541312218,0.241795152425766,0.7401556372642517,-0.03528619185090065,0.30409449338912964,0.6510588526725769,-0.04286506026983261,0.3405352830886841,0.6034225225448608,-0.046252790838479996,0.36666440963745117,0.5681788325309753,-0.04933520033955574,0.27519381046295166,0.7799041271209717,-0.03972133621573448,0.3310287594795227,0.6906375885009766,-0.043920159339904785,0.36333167552948,0.644729495048523,-0.043163102120161057,0.3847086429595947,0.6111162900924683,-0.04340919852256775,0.30450794100761414,0.818260908126831,-0.04467852786183357,0.3458712697029114,0.7379246354103088,-0.045757342129945755,0.36921122670173645,0.70048588514328,-0.039227571338415146,0.3853241205215454,0.670949399471283,-0.033800143748521805
39,0.8126460313796997,0.9007854461669922,3.866990425649419e-07,0.8263131976127625,0.7962995767593384,-0.0026882037054747343,0.8127422332763672,0.696481466293335,-0.010010497644543648,0.8015118837356567,0.6129488348960876,-0.016926907002925873,0.8152596354484558,0.5571653246879578,-0.02438342012465,0.735011637210846,0.6922689080238342,-0.017134150490164757,0.6652635335922241,0.6268795132637024,-0.024718008935451508,0.6279183030128479,0.5930591821670532,-0.028201507404446602,0.6014917492866516,0.5703091621398926,-0.029887447133660316,0.703448474407196,0.736012876033783,-0.02197384648025036,0.6351108551025391,0.6552046537399292,-0.030283372849225998,0.5960147380828857,0.6121752262115479,-0.03318706527352333,0.5685997009277344,0.5814379453659058,-0.03441164642572403,0.6795509457588196,0.779765784740448,-0.02571825683116913,0.6210863590240479,0.6953732371330261,-0.030163927003741264,0.5874449014663696,0.6486728191375732,-0.031157352030277252,0.5638307332992554,0.6149522066116333,-0.031882114708423615,0.6622157692909241,0.8229955434799194,-0.029304197058081627,0.6184550523757935,0.7493138909339905,-0.030989935621619225,0.5937014818191528,0.7105746865272522,-0.027874305844306946,0.5745372176170349,0.6796805262565613,-0.024694940075278282,0.18599766492843628,0.9140069484710693,5.664925311066327e-07,0.14731281995773315,0.824641764163971,-0.010182537138462067,0.12881001830101013,0.7347480654716492,-0.028045030310750008,0.10955728590488434,0.663404107093811,-0.04421370103955269,0.08389410376548767,0.6129269599914551,-0.061109211295843124,0.20172633230686188,0.7074999809265137,-0.04131411015987396,0.26244330406188965,0.6185849905014038,-0.057979803532361984,0.29839086532592773,0.5709694623947144,-0.06452503800392151,0.3253990709781647,0.538769006729126,-0.06606847047805786,0.24452440440654755,0.7384698987007141,-0.045420389622449875,0.3019650876522064,0.6316109299659729,-0.05723157525062561,0.3359457552433014,0.5734034776687622,-0.059099696576595306,0.36089515686035156,0.5321071147918701,-0.059604156762361526,0.2808404266834259,0.7705686688423157,-0.04841064289212227,0.3287199139595032,0.6657174825668335,-0.05483754351735115,0.35704290866851807,0.6077990531921387,-0.05440722033381462,0.3766523003578186,0.5661607384681702,-0.05408170819282532,0.31147992610931396,0.799962043762207,-0.051499996334314346,0.34484076499938965,0.7112171053886414,-0.05441097542643547,0.36571675539016724,0.6612765789031982,-0.05008801445364952,0.38124483823776245,0.620060920715332,-0.04574058949947357
40,0.8104740381240845,0.9008543491363525,3.885701289618737e-07,0.8182366490364075,0.7951640486717224,-0.0037317676469683647,0.8009694814682007,0.7018489241600037,-0.011571499519050121,0.7845579385757446,0.6181345582008362,-0.018594814464449883,0.7912458777427673,0.5574550032615662,-0.026473941281437874,0.7256811857223511,0.7023086547851562,-0.017682261765003204,0.6510969996452332,0.6443542242050171,-0.02494441159069538,0.6123338937759399,0.614834725856781,-0.02890668995678425,0.5834470987319946,0.592847466468811,-0.031396545469760895,0.6947205662727356,0.7469989061355591,-0.022222740575671196,0.6165006160736084,0.6747327446937561,-0.02897830307483673,0.5725549459457397,0.6355522871017456,-0.0328073687851429,0.5423237085342407,0.6058096289634705,-0.03543316572904587,0.6718688607215881,0.7950863242149353,-0.025749405845999718,0.6029771566390991,0.719316840171814,-0.030181262642145157,0.5633522868156433,0.6756565570831299,-0.0334964394569397,0.535659909248352,0.641022264957428,-0.03636647388339043,0.6566417217254639,0.8413108587265015,-0.02894965559244156,0.6046412587165833,0.7744787335395813,-0.03183046728372574,0.5775801539421082,0.7394208312034607,-0.030102111399173737,0.5573979616165161,0.7075846791267395,-0.02802952006459236,0.1864679753780365,0.9267882108688354,5.330047656570969e-07,0.15069609880447388,0.8354900479316711,-0.010675955563783646,0.13141553103923798,0.7456930875778198,-0.030383316799998283,0.10936107486486435,0.6739733815193176,-0.04801102355122566,0.08117511868476868,0.6243301630020142,-0.06652701646089554,0.20321744680404663,0.7211675047874451,-0.04933963716030121,0.26831310987472534,0.6304957270622253,-0.06768577545881271,0.3032430410385132,0.582837700843811,-0.07366134226322174,0.33009594678878784,0.5494680404663086,-0.07490646839141846,0.24628190696239471,0.7551186084747314,-0.05433140695095062,0.30777716636657715,0.6461285948753357,-0.0688697025179863,0.34148311614990234,0.5858988761901855,-0.07118382304906845,0.36686456203460693,0.5425665378570557,-0.07189598679542542,0.282723605632782,0.7893469333648682,-0.05760377645492554,0.33341488242149353,0.6812056303024292,-0.06669660657644272,0.3633819818496704,0.6200101971626282,-0.06611202657222748,0.38457465171813965,0.5739330649375916,-0.06543505936861038,0.31204304099082947,0.8204244375228882,-0.06075016036629677,0.34708696603775024,0.7275304794311523,-0.06566064804792404,0.36696791648864746,0.6772130131721497,-0.06084752455353737,0.38122087717056274,0.6352925300598145,-0.056025430560112
41,0.8079001903533936,0.9023112058639526,3.944045943171659e-07,0.8164154887199402,0.7972181439399719,-0.005413039121776819,0.8000231981277466,0.7012973427772522,-0.015725484117865562,0.7837806344032288,0.6180739402770996,-0.024790165945887566,0.7927401065826416,0.556335985660553,-0.034365855157375336,0.7254366874694824,0.7043470740318298,-0.024761633947491646,0.6506674289703369,0.6452891230583191,-0.03438526764512062,0.6107581257820129,0.615747332572937,-0.0391821451485157,0.5808407068252563,0.5937419533729553,-0.04190661758184433,0.6941045522689819,0.7503101229667664,-0.02883458137512207,0.6166894435882568,0.6775720715522766,-0.0381496399641037,0.5735824704170227,0.6369006037712097,-0.04217585548758507,0.5434638261795044,0.6061066389083862,-0.04453684389591217,0.6707829236984253,0.7970759272575378,-0.03152252733707428,0.6037771105766296,0.7217405438423157,-0.03652527555823326,0.5659744739532471,0.6786888837814331,-0.038181547075510025,0.5393275618553162,0.6463233232498169,-0.03961171209812164,0.6553935408592224,0.8409135937690735,-0.034122005105018616,0.604559063911438,0.7736694812774658,-0.035800617188215256,0.577494204044342,0.7404270768165588,-0.03228987008333206,0.5564636588096619,0.7134312987327576,-0.028887180611491203,0.18509988486766815,0.933441162109375,5.421840114649967e-07,0.14976294338703156,0.8412827253341675,-0.010236408561468124,0.13143488764762878,0.7479618787765503,-0.028972065076231956,0.10786601155996323,0.6749564409255981,-0.04565158858895302,0.07893703877925873,0.6240482926368713,-0.06323596090078354,0.2021820992231369,0.724430501461029,-0.04782382771372795,0.2668878138065338,0.6329603791236877,-0.06599421799182892,0.302253782749176,0.582841694355011,-0.07205912470817566,0.32930776476860046,0.5468175411224365,-0.07355422526597977,0.2453860342502594,0.7579740881919861,-0.05277642980217934,0.30608972907066345,0.6473140120506287,-0.06762797385454178,0.3402503430843353,0.5855546593666077,-0.07121007144451141,0.36593836545944214,0.5397163033485413,-0.07289917767047882,0.28220245242118835,0.7921260595321655,-0.05592648312449455,0.33320942521095276,0.6830350160598755,-0.06565158814191818,0.3635595440864563,0.620845377445221,-0.06686992943286896,0.3847416043281555,0.5731526613235474,-0.06736547499895096,0.3121786415576935,0.8225365281105042,-0.05877033248543739,0.3479929268360138,0.7294690608978271,-0.06430532038211823,0.3683961033821106,0.6784167289733887,-0.06079056113958359,0.38291817903518677,0.6348857283592224,-0.05691774562001228
42,0.8195503950119019,0.891366720199585,3.942443811411067e-07,0.8363439440727234,0.7874525785446167,-0.003997336607426405,0.8208304047584534,0.6838294863700867,-0.011654590256512165,0.8104696273803711,0.6008977890014648,-0.01871144399046898,0.8255367279052734,0.5452592372894287,-0.026599081233143806,0.7495536804199219,0.672451913356781,-0.020209267735481262,0.6784151792526245,0.6089267134666443,-0.030336035415530205,0.6408111453056335,0.5759038925170898,-0.03566209226846695,0.6146644949913025,0.5528048872947693,-0.03846251592040062,0.7180370092391968,0.7159872651100159,-0.025301504880189896,0.646723747253418,0.6374329924583435,-0.03499370440840721,0.6063305735588074,0.5925377607345581,-0.040093131363391876,0.5783703327178955,0.5584628582000732,-0.04320104047656059,0.6916927099227905,0.7611165642738342,-0.029342234134674072,0.6304106712341309,0.6800245046615601,-0.03498653694987297,0.5949083566665649,0.6324419379234314,-0.03781941533088684,0.570777416229248,0.5958997011184692,-0.0398896224796772,0.6709606647491455,0.8054342269897461,-0.033348649740219116,0.6249846816062927,0.7320510149002075,-0.03611856698989868,0.5993663668632507,0.6924923658370972,-0.03384598717093468,0.5797969102859497,0.6570641994476318,-0.0313805416226387,0.182242751121521,0.92118901014328,5.502624276232382e-07,0.14728522300720215,0.8292961716651917,-0.010242903605103493,0.13217657804489136,0.7303993701934814,-0.02732771821320057,0.11473559588193893,0.6555382013320923,-0.04366316273808479,0.08842208981513977,0.6042144298553467,-0.06108061969280243,0.19801843166351318,0.7086944580078125,-0.03787970170378685,0.25946247577667236,0.6218675374984741,-0.05849972367286682,0.29830652475357056,0.5721672773361206,-0.07032294571399689,0.32647910714149475,0.5352581739425659,-0.07580644637346268,0.23886576294898987,0.740770697593689,-0.044537197798490524,0.30169910192489624,0.6406379342079163,-0.05939461290836334,0.33690154552459717,0.5793100595474243,-0.06652531772851944,0.3606111407279968,0.5301703214645386,-0.07127555459737778,0.2752438485622406,0.7750312089920044,-0.050545331090688705,0.3300812542438507,0.6743559837341309,-0.06095322594046593,0.3593953549861908,0.6135063171386719,-0.06333092600107193,0.37792983651161194,0.5664138793945312,-0.06468262523412704,0.3061908781528473,0.807124137878418,-0.05680001154541969,0.3456975817680359,0.7199312448501587,-0.06294682621955872,0.3683968782424927,0.6696256399154663,-0.0596281997859478,0.38360676169395447,0.6267737150192261,-0.05606388300657272
43,0.8201839327812195,0.891083300113678,3.3628785445216636e-07,0.8371989727020264,0.786574125289917,-0.002336305333301425,0.819511890411377,0.6825760006904602,-0.00901318434625864,0.8093684315681458,0.5990574359893799,-0.015171685256063938,0.8227424025535583,0.5409202575683594,-0.022120574489235878,0.7505127191543579,0.6690723896026611,-0.019514678046107292,0.6787961721420288,0.606202244758606,-0.028097769245505333,0.6400138139724731,0.5724335312843323,-0.03242421895265579,0.6115841865539551,0.5476406812667847,-0.03508913144469261,0.71791672706604,0.7133972644805908,-0.024667060002684593,0.64669269323349,0.6377137303352356,-0.033163201063871384,0.6065489053726196,0.5930612087249756,-0.03656477853655815,0.5782994627952576,0.5584821105003357,-0.03875207155942917,0.6902295351028442,0.7585964202880859,-0.02867758274078369,0.6292491555213928,0.6779142618179321,-0.03332643210887909,0.5949560403823853,0.6309732794761658,-0.034172423183918,0.5710678100585938,0.5944163799285889,-0.03525396063923836,0.6683464646339417,0.8032878637313843,-0.032521773129701614,0.6240279078483582,0.7323465347290039,-0.03527458384633064,0.5994300842285156,0.6938495635986328,-0.032674700021743774,0.5803449153900146,0.6607462763786316,-0.029982106760144234,0.19849613308906555,0.9169683456420898,3.9629125581086555e-07,0.1633521020412445,0.8342848420143127,-0.011917444877326488,0.14630381762981415,0.7399383783340454,-0.030335918068885803,0.1298990547657013,0.669660210609436,-0.047613922506570816,0.10912644863128662,0.6195178031921387,-0.06576764583587646,0.21187898516654968,0.7026742696762085,-0.04254180192947388,0.27120357751846313,0.6127389073371887,-0.060389794409275055,0.3050932288169861,0.5676186084747314,-0.06843376159667969,0.32946717739105225,0.537065863609314,-0.070868581533432,0.2536289393901825,0.7388449907302856,-0.047134630382061005,0.3163737952709198,0.6341789960861206,-0.05751058831810951,0.346370667219162,0.5760886669158936,-0.05986834689974785,0.36641407012939453,0.5346905589103699,-0.061555687338113785,0.28963127732276917,0.7772929072380066,-0.05107496306300163,0.3459841012954712,0.6775583028793335,-0.057238105684518814,0.3702899217605591,0.624495267868042,-0.05611048638820648,0.3838841915130615,0.5873200297355652,-0.05543613061308861,0.3200893998146057,0.8145298361778259,-0.05562281236052513,0.36128565669059753,0.7297093868255615,-0.05682383477687836,0.37943682074546814,0.6871749758720398,-0.049717891961336136,0.3889314830303192,0.6536955833435059,-0.04360136762261391
44,0.817877471446991,0.8926011323928833,3.1969622682481713e-07,0.8323373198509216,0.7825047373771667,-0.0007666880846954882,0.8120561242103577,0.6835172772407532,-0.0031588657293468714,0.7990538477897644,0.6006454229354858,-0.005577011965215206,0.8101165294647217,0.5426735281944275,-0.008186276070773602,0.7296172380447388,0.6800005435943604,-0.0008644783520139754,0.6667047142982483,0.6208300590515137,-0.0025426463689655066,0.6318885684013367,0.5918833613395691,-0.005654565524309874,0.6055657863616943,0.5721787810325623,-0.008543136529624462,0.6976915001869202,0.7216863036155701,-0.004831490106880665,0.6340742111206055,0.6507816314697266,-0.005938264075666666,0.5967092514038086,0.6118549108505249,-0.008890220895409584,0.5690743923187256,0.5814857482910156,-0.011632575653493404,0.6748087406158447,0.7661343812942505,-0.008701656013727188,0.6184783577919006,0.6908754110336304,-0.00862621795386076,0.586084246635437,0.6495656371116638,-0.011062049306929111,0.5604163408279419,0.6161535978317261,-0.013991699554026127,0.6600254774093628,0.8088392615318298,-0.012573156505823135,0.6155784130096436,0.7410863637924194,-0.013190116733312607,0.5903779864311218,0.7059859037399292,-0.01190494466573,0.5699188113212585,0.6736544966697693,-0.010483445599675179,0.18857720494270325,0.9194225668907166,4.6396488073696673e-07,0.15112069249153137,0.8286983966827393,-0.0067402636632323265,0.1340062916278839,0.7412933111190796,-0.021821530535817146,0.11567525565624237,0.6682488322257996,-0.035933252424001694,0.0877632200717926,0.6200074553489685,-0.05037075653672218,0.2107943892478943,0.7098791003227234,-0.029172273352742195,0.2691923677921295,0.6270966529846191,-0.04190007597208023,0.30112090706825256,0.5836561918258667,-0.04657997936010361,0.3251851797103882,0.5537940263748169,-0.04724867641925812,0.25193220376968384,0.7410578727722168,-0.03339989855885506,0.3085283935070038,0.641639232635498,-0.041613947600126266,0.33747491240501404,0.5895851850509644,-0.04118725657463074,0.35847893357276917,0.5512728691101074,-0.0399596132338047,0.28647834062576294,0.7734684348106384,-0.0367671363055706,0.332367867231369,0.6750229597091675,-0.041198648512363434,0.356833815574646,0.6231940984725952,-0.037440426647663116,0.3718600869178772,0.5853004455566406,-0.034161802381277084,0.31377387046813965,0.80533766746521,-0.04013492539525032,0.3445919156074524,0.7187694311141968,-0.04003594070672989,0.3628591299057007,0.6750608682632446,-0.03185074403882027,0.37508004903793335,0.6398428678512573,-0.024465424939990044
45,0.8281862735748291,0.8819584250450134,4.3499895241438935e-07,0.8475356101989746,0.7759622931480408,-0.004111212212592363,0.8318248987197876,0.6764230132102966,-0.009150590747594833,0.8201054334640503,0.5898125171661377,-0.012937823310494423,0.8297473788261414,0.5314845442771912,-0.01665680669248104,0.747204065322876,0.6607620716094971,-0.010062778368592262,0.6809957027435303,0.5962091684341431,-0.011546364985406399,0.6445441246032715,0.5631712079048157,-0.012783493846654892,0.6169958114624023,0.5375474095344543,-0.014217882417142391,0.711976945400238,0.704522967338562,-0.011992428451776505,0.6453908681869507,0.6238626837730408,-0.013202535919845104,0.6077901124954224,0.5791311264038086,-0.013992651365697384,0.5807957649230957,0.5440951585769653,-0.014676487073302269,0.6874387264251709,0.7498964667320251,-0.013271499425172806,0.62962406873703,0.6664099097251892,-0.013112356886267662,0.5970451831817627,0.6205620765686035,-0.014520585536956787,0.5732084512710571,0.5860171318054199,-0.01635863445699215,0.6725839972496033,0.7922026515007019,-0.014691907912492752,0.6298227906227112,0.7194398641586304,-0.015921099111437798,0.6049337983131409,0.6816509962081909,-0.014512155205011368,0.5840346813201904,0.6479116082191467,-0.012603731825947762,0.18372324109077454,0.9133023619651794,5.088420493848389e-07,0.14261016249656677,0.82515949010849,-0.01159519050270319,0.12131883949041367,0.7355365753173828,-0.028787003830075264,0.10189449042081833,0.6610622406005859,-0.04411693662405014,0.07630504667758942,0.6079131364822388,-0.05975738540291786,0.19980564713478088,0.7038144469261169,-0.03707541897892952,0.2521536648273468,0.614550769329071,-0.053557902574539185,0.2839979827404022,0.564982533454895,-0.06090423837304115,0.3094407021999359,0.5297726392745972,-0.0635288804769516,0.24276788532733917,0.7290468215942383,-0.040143933147192,0.29169726371765137,0.6209203600883484,-0.053648583590984344,0.32120251655578613,0.55852872133255,-0.05788545683026314,0.3446546196937561,0.5120292901992798,-0.059979744255542755,0.2776575982570648,0.7578781843185425,-0.04246869683265686,0.31858375668525696,0.654050886631012,-0.051261819899082184,0.3438172936439514,0.5952097773551941,-0.053217653185129166,0.36184707283973694,0.55171138048172,-0.05396835878491402,0.3060699701309204,0.7865157127380371,-0.045001886785030365,0.3340880572795868,0.6996403932571411,-0.05003542825579643,0.3522628843784332,0.6497626900672913,-0.04775230213999748,0.36627161502838135,0.6067944765090942,-0.044616054743528366
46,0.8269675970077515,0.9033357501029968,2.896724424772401e-07,0.8390467166900635,0.7968586683273315,-0.0026449719443917274,0.8197922706604004,0.6883342862129211,-0.009807448834180832,0.8071290254592896,0.6010230779647827,-0.016673382371664047,0.8219897150993347,0.5427629351615906,-0.024891162291169167,0.7549158334732056,0.6831747889518738,-0.020786449313163757,0.681057333946228,0.6232993602752686,-0.03235272690653801,0.6402552723884583,0.5925521850585938,-0.03992724046111107,0.6106725931167603,0.5709595680236816,-0.04483849182724953,0.7222325205802917,0.7272142171859741,-0.027536146342754364,0.6457377672195435,0.6527631878852844,-0.03731830045580864,0.6014426946640015,0.6099553108215332,-0.04306039586663246,0.5694062113761902,0.577070951461792,-0.04762640967965126,0.6949938535690308,0.7738975882530212,-0.03316589072346687,0.6288950443267822,0.6940696835517883,-0.03928906098008156,0.5928792953491211,0.6483857035636902,-0.04095424711704254,0.5672170519828796,0.611968457698822,-0.0431157723069191,0.673640251159668,0.821270763874054,-0.03879484161734581,0.6251503825187683,0.7493265867233276,-0.04253939539194107,0.6010110378265381,0.7111082077026367,-0.03952262923121452,0.5824203491210938,0.6781689524650574,-0.03706075996160507,0.17882148921489716,0.9475652575492859,4.614783790657384e-07,0.1463664174079895,0.8533027768135071,-0.010080263949930668,0.13282324373722076,0.7523001432418823,-0.02691081166267395,0.1166757196187973,0.6764113903045654,-0.04252175986766815,0.09212853014469147,0.6215868592262268,-0.05869116634130478,0.20101572573184967,0.7253252863883972,-0.03703190013766289,0.26535335183143616,0.6432486772537231,-0.055071551352739334,0.3023822009563446,0.5967066287994385,-0.06405612826347351,0.3297611474990845,0.5631083250045776,-0.06781817227602005,0.2435765564441681,0.7648988962173462,-0.04356936737895012,0.3081341087818146,0.6682929992675781,-0.057640109211206436,0.3426517844200134,0.6119104623794556,-0.06217551231384277,0.3654232919216156,0.5673811435699463,-0.06451831012964249,0.27951180934906006,0.8044670820236206,-0.0492105707526207,0.3364216089248657,0.7067438364028931,-0.05992300808429718,0.36663445830345154,0.6523476839065552,-0.05805574730038643,0.3849934935569763,0.6104896068572998,-0.05554896593093872,0.30701303482055664,0.8410378694534302,-0.054931290447711945,0.3486974239349365,0.7555592060089111,-0.059960927814245224,0.37248820066452026,0.710209310054779,-0.0525827631354332,0.3878746032714844,0.6730629205703735,-0.04544131085276604
47,0.8239664435386658,0.8857774138450623,2.802044605232368e-07,0.8323991298675537,0.7781440019607544,0.00037539994809776545,0.8113177418708801,0.6760595440864563,-0.004121079109609127,0.7998825311660767,0.5965243577957153,-0.008666770532727242,0.8091859221458435,0.5403481721878052,-0.014015770517289639,0.7397043108940125,0.6767146587371826,-0.014629613608121872,0.6651264429092407,0.621097981929779,-0.02234952710568905,0.6246722936630249,0.5937550663948059,-0.026933297514915466,0.5940439105033875,0.5743206143379211,-0.029888231307268143,0.7113202810287476,0.7225881814956665,-0.02092837542295456,0.6331051588058472,0.6554909944534302,-0.028441620990633965,0.5893079042434692,0.6187540888786316,-0.032264064997434616,0.557844877243042,0.5908516049385071,-0.035120267421007156,0.6876137256622314,0.7692732810974121,-0.0261330958455801,0.6196686029434204,0.6960048079490662,-0.03057020902633667,0.5817685723304749,0.6562909483909607,-0.03188657760620117,0.5534809827804565,0.6256084442138672,-0.0334627628326416,0.669425904750824,0.8148128986358643,-0.031001534312963486,0.6193104982376099,0.7498670816421509,-0.0341898649930954,0.5913130044937134,0.7164310216903687,-0.03199198469519615,0.5686777830123901,0.6876736283302307,-0.029671069234609604,0.17249566316604614,0.9502557516098022,5.483888116941671e-07,0.14080499112606049,0.8516225218772888,-0.010914389044046402,0.1310979425907135,0.7525690197944641,-0.025817910209298134,0.11826322972774506,0.6769794821739197,-0.03906862810254097,0.09680246561765671,0.6235207915306091,-0.05283838137984276,0.20203173160552979,0.7284375429153442,-0.033706020563840866,0.2731788456439972,0.6588920950889587,-0.04945773631334305,0.31408828496932983,0.6210426092147827,-0.05800948664546013,0.3459145426750183,0.5944294929504395,-0.06181405857205391,0.24245385825634003,0.768484890460968,-0.037807647138834,0.312551349401474,0.6848574876785278,-0.046612560749053955,0.3520241379737854,0.6361874938011169,-0.049820877611637115,0.381814181804657,0.599517285823822,-0.05268813669681549,0.2768675982952118,0.8100506663322449,-0.04154862463474274,0.3373332619667053,0.7240462899208069,-0.04756733402609825,0.3710561692714691,0.6720144152641296,-0.047653742134571075,0.39496052265167236,0.6328180432319641,-0.04819741100072861,0.3037845194339752,0.8472757935523987,-0.04573427885770798,0.3470282554626465,0.7713243961334229,-0.04957132786512375,0.3723205327987671,0.7276275157928467,-0.045662831515073776,0.3918575048446655,0.6912524104118347,-0.041919853538274765
48,0.835729718208313,0.8475843667984009,3.6233356581760745e-07,0.8456083536148071,0.7405416369438171,0.00036783699761144817,0.8285918235778809,0.6451396942138672,-0.005686305928975344,0.8170994520187378,0.5640077590942383,-0.012550320476293564,0.8246631026268005,0.5063605904579163,-0.020336458459496498,0.7550646066665649,0.6338321566581726,-0.009588196873664856,0.6841060519218445,0.5775156021118164,-0.015532963909208775,0.6454029679298401,0.5505765676498413,-0.0202108696103096,0.6148218512535095,0.5295829176902771,-0.02387295477092266,0.7246407270431519,0.6777862310409546,-0.017031583935022354,0.6513282656669617,0.6096058487892151,-0.02256358601152897,0.608320951461792,0.5707311034202576,-0.028086358681321144,0.5754139423370361,0.5391461253166199,-0.03277293220162392,0.7009586095809937,0.725176215171814,-0.023571638390421867,0.6370943188667297,0.6524442434310913,-0.026717035099864006,0.5988376140594482,0.6107377409934998,-0.030743349343538284,0.5693396925926208,0.5773892402648926,-0.03462380915880203,0.6841650009155273,0.7717538475990295,-0.02988298609852791,0.6351288557052612,0.7059431076049805,-0.0326865129172802,0.6054296493530273,0.6707546710968018,-0.03188910335302353,0.5800350904464722,0.6396437883377075,-0.03071422316133976,0.17327448725700378,0.9034169912338257,5.614589895230893e-07,0.1340627372264862,0.8153117299079895,-0.011007781140506268,0.11505734175443649,0.7157010436058044,-0.02481507509946823,0.0972146987915039,0.6423265933990479,-0.03781701624393463,0.072686567902565,0.5924715995788574,-0.05127289891242981,0.1892736405134201,0.6849271059036255,-0.024228446185588837,0.24274910986423492,0.6133543252944946,-0.03807392343878746,0.27769893407821655,0.5728249549865723,-0.048002880066633224,0.3044481575489044,0.5428497791290283,-0.053640518337488174,0.22925631701946259,0.7168445587158203,-0.029531441628932953,0.28186431527137756,0.6345261335372925,-0.03699460253119469,0.3144710958003998,0.5810570120811462,-0.04352080449461937,0.3401520252227783,0.5364105105400085,-0.04967451095581055,0.2623266279697418,0.7533087730407715,-0.03527430072426796,0.30946362018585205,0.6706502437591553,-0.041648998856544495,0.33754175901412964,0.620193362236023,-0.04496076703071594,0.3577635586261749,0.5800636410713196,-0.04813425615429878,0.2884945869445801,0.7890294790267944,-0.041671812534332275,0.32373154163360596,0.716292679309845,-0.04556424543261528,0.34400734305381775,0.6740545630455017,-0.0426020585000515,0.35898011922836304,0.6386330127716064,-0.04006030037999153
49,0.8266214728355408,0.8748716115951538,2.807886403388693e-07,0.8329289555549622,0.7738168239593506,-0.003290462074801326,0.8105337023735046,0.6685538291931152,-0.01404813677072525,0.7998495697975159,0.5842961668968201,-0.02419021725654602,0.8139504194259644,0.5238887667655945,-0.03636808693408966,0.7565692663192749,0.6604758501052856,-0.032395027577877045,0.6769726872444153,0.608916163444519,-0.04794633761048317,0.6336207389831543,0.5848468542098999,-0.057030919939279556,0.6012500524520874,0.5687349438667297,-0.06282080709934235,0.7274116277694702,0.7106335163116455,-0.040512487292289734,0.6458233594894409,0.6439794301986694,-0.053508199751377106,0.6007402539253235,0.6066466569900513,-0.05888675898313522,0.5696133375167847,0.5784106850624084,-0.06342639774084091,0.7011083364486694,0.7634433507919312,-0.047230128198862076,0.6288555264472961,0.6922323107719421,-0.05626853555440903,0.5901234149932861,0.6508597135543823,-0.057323358952999115,0.5641159415245056,0.6168857216835022,-0.05909184738993645,0.679193913936615,0.8174363970756531,-0.05376717448234558,0.6253912448883057,0.7531792521476746,-0.060293760150671005,0.5984955430030823,0.7188917994499207,-0.05796050280332565,0.5779175162315369,0.6887116432189941,-0.055966272950172424,0.16542845964431763,0.8729856610298157,6.749319823029509e-07,0.12463486194610596,0.7843616008758545,-0.010799098759889603,0.10565382242202759,0.6948562264442444,-0.027604350820183754,0.08825597912073135,0.6223293542861938,-0.0423303060233593,0.0659409612417221,0.5707200765609741,-0.05746360868215561,0.1830880492925644,0.6602447628974915,-0.0377332977950573,0.24508845806121826,0.5800797939300537,-0.054680533707141876,0.28146278858184814,0.5349743962287903,-0.06289712339639664,0.3090560734272003,0.5041584372520447,-0.06569243222475052,0.222961887717247,0.6891146898269653,-0.04110075160861015,0.2824459671974182,0.5923566222190857,-0.05359016731381416,0.31851279735565186,0.5363374948501587,-0.056467581540346146,0.34562861919403076,0.4966408312320709,-0.057441990822553635,0.2562156319618225,0.7206122875213623,-0.0438273549079895,0.30679333209991455,0.6262285709381104,-0.05215701833367348,0.33793962001800537,0.5720517039299011,-0.05272914096713066,0.35979241132736206,0.5316430926322937,-0.052506037056446075,0.28384917974472046,0.7530438899993896,-0.04669735208153725,0.3210533857345581,0.6739169955253601,-0.05101389437913895,0.3438607156276703,0.630510687828064,-0.04691895470023155,0.36123722791671753,0.5937770009040833,-0.04234738647937775
50,0.8236929774284363,0.8623923063278198,2.0048071291967062e-07,0.8290202021598816,0.763115406036377,-0.0021069750655442476,0.8036090731620789,0.6620520353317261,-0.009480147622525692,0.7853920459747314,0.5816880464553833,-0.016594719141721725,0.7914628982543945,0.5226739048957825,-0.025783931836485863,0.7426664233207703,0.6550859212875366,-0.024651002138853073,0.662729024887085,0.6104061007499695,-0.03793858736753464,0.616959810256958,0.5889671444892883,-0.04675505310297012,0.5826174020767212,0.5746116042137146,-0.05260145291686058,0.7173528671264648,0.7027940154075623,-0.03210560604929924,0.6339552998542786,0.6498165726661682,-0.04294291511178017,0.5854233503341675,0.6203595399856567,-0.04933658614754677,0.5501564741134644,0.5968063473701477,-0.05483616888523102,0.6939374804496765,0.7540409564971924,-0.03845668584108353,0.6207248568534851,0.6942089796066284,-0.04591236263513565,0.5783703923225403,0.6592474579811096,-0.048417530953884125,0.5475623607635498,0.6300231218338013,-0.051482904702425,0.6736773252487183,0.8072446584701538,-0.044558607041835785,0.619178056716919,0.7519086599349976,-0.05051520839333534,0.5899904370307922,0.7210208177566528,-0.0494423508644104,0.5665220618247986,0.6924009323120117,-0.0483226478099823,0.16629739105701447,0.9176980257034302,4.963952164871444e-07,0.1318996399641037,0.8294500112533569,-0.012170648202300072,0.11518734693527222,0.725685179233551,-0.02853158302605152,0.09994614869356155,0.6468091607093811,-0.04402657598257065,0.07917417585849762,0.5912207961082458,-0.06047216057777405,0.18612410128116608,0.6931580305099487,-0.03433500975370407,0.250555157661438,0.6153637170791626,-0.05483013391494751,0.2940869629383087,0.5738802552223206,-0.0678253099322319,0.3284452557563782,0.5470848679542542,-0.07411754131317139,0.22331611812114716,0.7275717258453369,-0.03984107822179794,0.28802746534347534,0.6425470113754272,-0.051240816712379456,0.32998764514923096,0.5942898988723755,-0.05673167482018471,0.3635053038597107,0.5585960745811462,-0.06104603409767151,0.2558742165565491,0.7688764333724976,-0.045431192964315414,0.31262123584747314,0.6856606602668762,-0.052955906838178635,0.35042086243629456,0.6370375752449036,-0.05256351828575134,0.3791983127593994,0.6029223203659058,-0.05285036936402321,0.2818485498428345,0.810462474822998,-0.051788099110126495,0.3225988447666168,0.7386083602905273,-0.05523035675287247,0.3499847948551178,0.6961755156517029,-0.04922330752015114,0.37244701385498047,0.6629011631011963,-0.04411333054304123
51,0.8411813974380493,0.8195212483406067,2.981970510518295e-07,0.8449652194976807,0.7177243232727051,0.0022494629956781864,0.8240461349487305,0.6240038275718689,-0.0038654205854982138,0.809648334980011,0.5438816547393799,-0.010891404002904892,0.8142431974411011,0.48695987462997437,-0.01956642046570778,0.7576638460159302,0.6201827526092529,-0.01576646789908409,0.6786144375801086,0.5703170895576477,-0.024508975446224213,0.636991024017334,0.5479907393455505,-0.030121328309178352,0.6043779850006104,0.5315783619880676,-0.033861640840768814,0.7306157350540161,0.6667423844337463,-0.02471151016652584,0.6479268074035645,0.6044600009918213,-0.031851671636104584,0.6001967787742615,0.5710312128067017,-0.03748006746172905,0.5649985074996948,0.5451035499572754,-0.042304348200559616,0.7083007097244263,0.7169709801673889,-0.03215470537543297,0.6363750100135803,0.6493303179740906,-0.036494601517915726,0.5940718054771423,0.6117010116577148,-0.039784789085388184,0.5626664161682129,0.5828233957290649,-0.04331639036536217,0.6919018030166626,0.7673161029815674,-0.03896646574139595,0.638342022895813,0.7057897448539734,-0.04266900569200516,0.6080425977706909,0.6735012531280518,-0.04106845706701279,0.582660973072052,0.6447233557701111,-0.03935883566737175,0.16565530002117157,0.948054313659668,5.957788857813284e-07,0.13517943024635315,0.8458744287490845,-0.012320307083427906,0.12669727206230164,0.7422252893447876,-0.028563015162944794,0.11599622666835785,0.6647208333015442,-0.0427299439907074,0.09915395826101303,0.6079580187797546,-0.05713265761733055,0.20006057620048523,0.7179290056228638,-0.04124881327152252,0.2792513966560364,0.6521464586257935,-0.05983147397637367,0.3239327669143677,0.6181199550628662,-0.06957794725894928,0.3574345111846924,0.5940744280815125,-0.0741577222943306,0.23879088461399078,0.7602400183677673,-0.04638201743364334,0.3184254467487335,0.6791586875915527,-0.05923396721482277,0.3638196587562561,0.6315959095954895,-0.06376095116138458,0.3959203064441681,0.5948004722595215,-0.06733915209770203,0.27255794405937195,0.8046919107437134,-0.05092816427350044,0.3413490951061249,0.7209943532943726,-0.05990474671125412,0.3814167380332947,0.6742666363716125,-0.0605427548289299,0.40847885608673096,0.6392618417739868,-0.061216991394758224,0.29946190118789673,0.8483250141143799,-0.05588948726654053,0.3507896363735199,0.7753982543945312,-0.06018325313925743,0.38120782375335693,0.7359194159507751,-0.05576137453317642,0.40350228548049927,0.704002320766449,-0.0517907477915287
52,0.847465455532074,0.8425596356391907,2.5029069661286485e-07,0.8490771055221558,0.7448317408561707,-0.0013278890401124954,0.8204341530799866,0.6399903893470764,-0.008571548387408257,0.803957462310791,0.5550794005393982,-0.015649037435650826,0.8107506036758423,0.4948430061340332,-0.02509920299053192,0.762266993522644,0.6378645896911621,-0.02696097269654274,0.6796042323112488,0.5907753109931946,-0.04024443402886391,0.6337704062461853,0.5677579641342163,-0.04777605086565018,0.5984185934066772,0.5504186153411865,-0.052976444363594055,0.7380076050758362,0.6860803961753845,-0.03578106686472893,0.6511237025260925,0.6276203393936157,-0.04809918254613876,0.6005769968032837,0.5939269661903381,-0.054890379309654236,0.5636340379714966,0.5667061805725098,-0.060353368520736694,0.7151790261268616,0.7393832802772522,-0.04326317459344864,0.6367123126983643,0.674773633480072,-0.05294329673051834,0.5928388833999634,0.6348311305046082,-0.057853441685438156,0.5603240728378296,0.6021901965141296,-0.062073349952697754,0.6952716708183289,0.7955822944641113,-0.05018191412091255,0.6367555856704712,0.7347335815429688,-0.05904205143451691,0.6049772500991821,0.700515866279602,-0.06070580333471298,0.5785284042358398,0.6691566705703735,-0.06140368431806564,0.16001345217227936,0.8874238133430481,6.390574753822875e-07,0.1331702172756195,0.7924444675445557,-0.004967742133885622,0.12354157865047455,0.6876503229141235,-0.015753721818327904,0.1123480275273323,0.6127215623855591,-0.026846179738640785,0.09436556696891785,0.5616185665130615,-0.03826972842216492,0.19915971159934998,0.6562609076499939,-0.0166942048817873,0.26521286368370056,0.5972659587860107,-0.0295257605612278,0.30721351504325867,0.5641885995864868,-0.03944804146885872,0.3388431966304779,0.5417448282241821,-0.04462985321879387,0.2345050573348999,0.6938355565071106,-0.023523202165961266,0.30189988017082214,0.6241981983184814,-0.028309332206845284,0.34133267402648926,0.5819226503372192,-0.031943708658218384,0.3701487183570862,0.5484107732772827,-0.03587006777524948,0.2643117606639862,0.7380067110061646,-0.030521774664521217,0.32554081082344055,0.6675658822059631,-0.03324604779481888,0.35999953746795654,0.6287731528282166,-0.03242531046271324,0.38185805082321167,0.5996673107147217,-0.03306714817881584,0.28785082697868347,0.7834742069244385,-0.03795047104358673,0.3366929888725281,0.7225034832954407,-0.03759790584445,0.3629699945449829,0.6930229067802429,-0.03038429468870163,0.3799549341201782,0.6691201329231262,-0.024914203211665154
53,0.8333820104598999,0.8540641069412231,2.3624717471193435e-07,0.8337236046791077,0.7488899230957031,0.001957915723323822,0.80684894323349,0.6541333794593811,-0.0033930917270481586,0.7883307337760925,0.5746365785598755,-0.009203379973769188,0.7911232709884644,0.5155442357063293,-0.01745910942554474,0.743922233581543,0.6514021158218384,-0.019961893558502197,0.6601946353912354,0.6107457876205444,-0.030495567247271538,0.6146879196166992,0.5914729237556458,-0.036891549825668335,0.5796087980270386,0.5773853063583374,-0.041139647364616394,0.7196478247642517,0.7003951072692871,-0.028924327343702316,0.6303340792655945,0.6490954756736755,-0.03794247657060623,0.5812244415283203,0.620111882686615,-0.04344462603330612,0.5465914011001587,0.5969552993774414,-0.047950379550457,0.6992128491401672,0.7538157105445862,-0.03635106980800629,0.6200461387634277,0.695113480091095,-0.043237991631031036,0.5761151313781738,0.6609379053115845,-0.04657524451613426,0.5439349412918091,0.632453203201294,-0.049635861068964005,0.6835788488388062,0.8085822463035583,-0.042939431965351105,0.6236367225646973,0.7510683536529541,-0.049615900963544846,0.5933307409286499,0.7202677130699158,-0.04896784946322441,0.5691784620285034,0.6912311911582947,-0.04748796671628952,0.14654578268527985,0.8529129028320312,6.169514108478324e-07,0.11558738350868225,0.7586389780044556,-0.002767789177596569,0.10484209656715393,0.6637597680091858,-0.01569567620754242,0.0939393937587738,0.5908646583557129,-0.028368018567562103,0.07510948181152344,0.5401932001113892,-0.042003657668828964,0.1819268763065338,0.6360058784484863,-0.029614713042974472,0.2518172264099121,0.5648751258850098,-0.042231280356645584,0.2925550043582916,0.5269904136657715,-0.04690456762909889,0.32136353850364685,0.5015408992767334,-0.04773785546422005,0.21845057606697083,0.6720816493034363,-0.03724885359406471,0.2889629006385803,0.5838423371315002,-0.04406517371535301,0.3292014002799988,0.5350437164306641,-0.04388868436217308,0.35745906829833984,0.4997287094593048,-0.044039156287908554,0.2495850920677185,0.7118475437164307,-0.043778494000434875,0.31161069869995117,0.623016893863678,-0.04677536338567734,0.3465490937232971,0.5745202302932739,-0.045568712055683136,0.3697918951511383,0.5385851860046387,-0.04565415531396866,0.2745390236377716,0.7522196173667908,-0.05008642002940178,0.3201295733451843,0.6747124195098877,-0.05117862671613693,0.3474246859550476,0.6310100555419922,-0.04670923575758934,0.36801329255104065,0.5943415760993958,-0.04284590110182762
54,0.8424481749534607,0.8055297136306763,2.5163211603285163e-07,0.8417172431945801,0.7093737125396729,0.002146129496395588,0.8177408576011658,0.6156555414199829,-0.004130677320063114,0.8017760515213013,0.5386807322502136,-0.011563112959265709,0.803453803062439,0.4840109944343567,-0.020794004201889038,0.752749502658844,0.6074047088623047,-0.01687629148364067,0.6757128834724426,0.5650660991668701,-0.02749866060912609,0.6341805458068848,0.5457202196121216,-0.0345156155526638,0.6023911833763123,0.5311411023139954,-0.039363183081150055,0.730353593826294,0.6513820290565491,-0.026627687737345695,0.6481509208679199,0.5992609858512878,-0.035383403301239014,0.6004222631454468,0.5695751905441284,-0.04199191555380821,0.5642838478088379,0.5448412895202637,-0.04791269078850746,0.71055006980896,0.7008233666419983,-0.035028163343667984,0.637835681438446,0.6429247856140137,-0.04147944226861,0.5952094197273254,0.6089533567428589,-0.04523508623242378,0.5630684494972229,0.5812806487083435,-0.0492137111723423,0.6943864226341248,0.7543649077415466,-0.042880017310380936,0.6409851908683777,0.7015127539634705,-0.04912681505084038,0.609607994556427,0.6717729568481445,-0.04913634434342384,0.5826066732406616,0.6448864340782166,-0.048681437969207764,0.15933331847190857,0.9071224331855774,4.563904383303452e-07,0.12806081771850586,0.8120445013046265,-0.008724329061806202,0.11363445967435837,0.7055044174194336,-0.023908786475658417,0.10145721584558487,0.6258431077003479,-0.0385839082300663,0.08574511110782623,0.5702696442604065,-0.054110027849674225,0.17706842720508575,0.6867642402648926,-0.03501501306891441,0.24550777673721313,0.6114399433135986,-0.0555233359336853,0.2881617248058319,0.5712827444076538,-0.06730927526950836,0.3203034996986389,0.5429126620292664,-0.07266189157962799,0.21652652323246002,0.7221125364303589,-0.042578574270009995,0.28797072172164917,0.63457190990448,-0.05642201378941536,0.330352246761322,0.5815991759300232,-0.062389831990003586,0.3616035282611847,0.5393899083137512,-0.06648861616849899,0.25156182050704956,0.7610276341438293,-0.049774523824453354,0.31476497650146484,0.672723650932312,-0.05958360806107521,0.3518233895301819,0.6226575970649719,-0.06023680046200752,0.3785918951034546,0.5851194858551025,-0.06051688641309738,0.28003332018852234,0.7995169162750244,-0.05730023607611656,0.32645606994628906,0.7233270406723022,-0.062429122626781464,0.35469168424606323,0.681782066822052,-0.057622965425252914,0.3768051266670227,0.6481530666351318,-0.05321046710014343
55,0.8415849804878235,0.8059461116790771,2.798736602471763e-07,0.8488390445709229,0.7083598971366882,-0.0015462134033441544,0.8301681280136108,0.6118651032447815,-0.00896878819912672,0.8141343593597412,0.5338796377182007,-0.016610506922006607,0.8159337043762207,0.47649168968200684,-0.026427829638123512,0.7652919292449951,0.608457088470459,-0.02513955719769001,0.6873037815093994,0.55743408203125,-0.03734433278441429,0.6435244679450989,0.5322872996330261,-0.04379808157682419,0.6091009974479675,0.5132166743278503,-0.048178281635046005,0.7391456365585327,0.6514543890953064,-0.03365941718220711,0.6564233303070068,0.5901258587837219,-0.04559803381562233,0.6086978316307068,0.5544131398200989,-0.05262983217835426,0.5736680030822754,0.527274489402771,-0.05804448947310448,0.7169753909111023,0.7003167867660522,-0.04077847674489021,0.6429402232170105,0.6346942186355591,-0.050262026488780975,0.6006629467010498,0.5958034992218018,-0.0557173490524292,0.5692447423934937,0.5647624731063843,-0.060248084366321564,0.6985719203948975,0.7529391050338745,-0.04725015535950661,0.6443765163421631,0.6955310702323914,-0.05594458431005478,0.6142935752868652,0.6620509028434753,-0.05777269974350929,0.5895026326179504,0.6313539743423462,-0.05849799886345863,0.16775061190128326,0.9027843475341797,5.344830924514099e-07,0.13723008334636688,0.8105006217956543,-0.007195871323347092,0.12484297156333923,0.7076388001441956,-0.01821034401655197,0.11302514374256134,0.6316368579864502,-0.028576985001564026,0.0946352556347847,0.5796293616294861,-0.03959028050303459,0.19752921164035797,0.6818438172340393,-0.022742997854948044,0.26416605710983276,0.6152901649475098,-0.03709295764565468,0.30480653047561646,0.5752342343330383,-0.04699751362204552,0.33532071113586426,0.5462326407432556,-0.05221555754542351,0.2335337996482849,0.7168890833854675,-0.028822695836424828,0.3003208637237549,0.6401925683021545,-0.03638258948922157,0.34113138914108276,0.593150794506073,-0.04114414379000664,0.37177127599716187,0.555001974105835,-0.04561743885278702,0.26547104120254517,0.7554273009300232,-0.03495682775974274,0.3243359923362732,0.6784795522689819,-0.0407632440328598,0.36152368783950806,0.6317772269248962,-0.042194776237010956,0.3881390392780304,0.5963413119316101,-0.0439738892018795,0.2916477620601654,0.7926093935966492,-0.041438937187194824,0.3346365690231323,0.723633348941803,-0.045070912688970566,0.3621138334274292,0.6860784292221069,-0.0413341224193573,0.38338518142700195,0.6558740735054016,-0.038145795464515686
56,0.8317773938179016,0.8559145927429199,3.0674081585857493e-07,0.83937668800354,0.7495414018630981,-0.0028361869044601917,0.8164713382720947,0.6526190042495728,-0.011236992664635181,0.800014078617096,0.5701936483383179,-0.019336940720677376,0.8027672171592712,0.5066027641296387,-0.028726214542984962,0.7525977492332458,0.6506021618843079,-0.02238677442073822,0.6698393225669861,0.6027716398239136,-0.03344867378473282,0.6262533664703369,0.5798011422157288,-0.04023008421063423,0.5925096273422241,0.5614156126976013,-0.04462909698486328,0.7237276434898376,0.702333390712738,-0.029415028169751167,0.6393871307373047,0.6418007016181946,-0.03871366009116173,0.5899650454521179,0.6051957011222839,-0.04472466930747032,0.55363529920578,0.5757377743721008,-0.04964179918169975,0.7013453841209412,0.7549264430999756,-0.03556656092405319,0.6274552345275879,0.6859621405601501,-0.04176628589630127,0.5852386951446533,0.6461875438690186,-0.04553548991680145,0.5537430047988892,0.6139306426048279,-0.0488978736102581,0.6861773729324341,0.8035392761230469,-0.04159166291356087,0.6318227052688599,0.7389524579048157,-0.0469762422144413,0.6013346910476685,0.7045179009437561,-0.0469885990023613,0.575851321220398,0.6734523773193359,-0.0462590716779232,0.1654270440340042,0.8601945638656616,5.870784320904932e-07,0.1279854029417038,0.7709282636642456,-0.006046830210834742,0.10889147967100143,0.6803513765335083,-0.020075542852282524,0.0926307961344719,0.6103198528289795,-0.033295124769210815,0.07146075367927551,0.5624998807907104,-0.04719965159893036,0.1808398813009262,0.6485206484794617,-0.031838495284318924,0.23910336196422577,0.5678625106811523,-0.046999525278806686,0.27255067229270935,0.5237178802490234,-0.053435616195201874,0.2971087396144867,0.49349260330200195,-0.055353399366140366,0.22075645625591278,0.6758365631103516,-0.03856760635972023,0.2780473232269287,0.5782206058502197,-0.049005039036273956,0.3106454014778137,0.5238537788391113,-0.05195323005318642,0.3349878787994385,0.48465418815612793,-0.053774137049913406,0.25444623827934265,0.7065014243125916,-0.04455054551362991,0.30552804470062256,0.6109970808029175,-0.05186525732278824,0.33406728506088257,0.5599938631057739,-0.05351607874035835,0.3540235757827759,0.5219610929489136,-0.05472235381603241,0.28185462951660156,0.7391870617866516,-0.050295472145080566,0.31716448068618774,0.6579062938690186,-0.054399728775024414,0.3375411629676819,0.6139695644378662,-0.05115945637226105,0.35375404357910156,0.5762358903884888,-0.047751810401678085
57,0.8382652401924133,0.8479319214820862,2.778116652280005e-07,0.8423747420310974,0.7463241815567017,-0.00011617966083576903,0.8151836395263672,0.6487574577331543,-0.006169782020151615,0.7969840168952942,0.5674920082092285,-0.012117469683289528,0.7993707656860352,0.5086703896522522,-0.01976403035223484,0.749704122543335,0.6463879942893982,-0.019664136692881584,0.6680569648742676,0.6011555194854736,-0.028617512434720993,0.6258995532989502,0.5793253779411316,-0.033907897770404816,0.593998908996582,0.5620638728141785,-0.037523236125707626,0.7223153114318848,0.6937595009803772,-0.02702186442911625,0.6368175745010376,0.636713981628418,-0.034971341490745544,0.5896685719490051,0.6032951474189758,-0.03985367342829704,0.5556009411811829,0.5762495994567871,-0.04384554922580719,0.6993036270141602,0.7451890707015991,-0.03306618705391884,0.6243179440498352,0.6798694729804993,-0.03850927948951721,0.5828779339790344,0.6421502828598022,-0.04192950204014778,0.5518683195114136,0.6113932728767395,-0.045263033360242844,0.6820733547210693,0.7971621751785278,-0.03846786916255951,0.6253424882888794,0.7368097305297852,-0.043135177344083786,0.5954328775405884,0.7043377161026001,-0.04239875078201294,0.5707026720046997,0.6739455461502075,-0.041356902569532394,0.162958562374115,0.8707554340362549,5.106699632051459e-07,0.12929971516132355,0.7824302911758423,-0.00744511466473341,0.11194957047700882,0.6856001615524292,-0.020254643633961678,0.09645812213420868,0.611267626285553,-0.032355766743421555,0.07753200829029083,0.5599499344825745,-0.045135147869586945,0.1769888550043106,0.6536027193069458,-0.03130036219954491,0.23770155012607574,0.5687099099159241,-0.04773951694369316,0.2738322913646698,0.5234516859054565,-0.05597060173749924,0.3016418516635895,0.49248063564300537,-0.0594182163476944,0.2135031521320343,0.6824663877487183,-0.03818541392683983,0.2757910490036011,0.5867940187454224,-0.04889664053916931,0.31290191411972046,0.5315994620323181,-0.05299321934580803,0.34168821573257446,0.48985540866851807,-0.05612250789999962,0.2465539276599884,0.7167535424232483,-0.04482636973261833,0.3027297854423523,0.6241034269332886,-0.05233814939856529,0.33493274450302124,0.5677015781402588,-0.05502035468816757,0.35862889885902405,0.5244355201721191,-0.05735482648015022,0.27526599168777466,0.751900851726532,-0.05164286121726036,0.31410518288612366,0.6724351644515991,-0.057057227939367294,0.3372492790222168,0.624595046043396,-0.05590088665485382,0.35579347610473633,0.5846911072731018,-0.054335810244083405
58,0.8430231213569641,0.8132777214050293,2.3475345756196475e-07,0.8504588007926941,0.7117623686790466,0.0015475999098271132,0.8303507566452026,0.6160109639167786,-0.0037697763182222843,0.8138331770896912,0.5392361879348755,-0.010109118185937405,0.8176326751708984,0.4833926856517792,-0.018050141632556915,0.7631663084030151,0.6084022521972656,-0.015996767207980156,0.6882532835006714,0.5574957132339478,-0.02630656026303768,0.6463800668716431,0.5344378352165222,-0.032263971865177155,0.6146630644798279,0.5187855958938599,-0.03628573939204216,0.7386255264282227,0.6499392986297607,-0.0252070315182209,0.6594479084014893,0.5900524258613586,-0.0353471003472805,0.6120385527610779,0.558476984500885,-0.04196576401591301,0.5758087635040283,0.5348200798034668,-0.04715494066476822,0.7175571918487549,0.697262704372406,-0.03310799226164818,0.6469341516494751,0.6335424184799194,-0.04065851494669914,0.6043074727058411,0.5994030833244324,-0.04426753893494606,0.5714485049247742,0.5730792284011841,-0.04739007353782654,0.7006717324256897,0.7478381395339966,-0.040430255234241486,0.6471551060676575,0.6918211579322815,-0.047028496861457825,0.6149937510490417,0.6607204675674438,-0.04696091637015343,0.5880011916160583,0.6331194043159485,-0.046063631772994995,0.178193598985672,0.9068927764892578,3.859950368223508e-07,0.14825968444347382,0.816142737865448,-0.011017498560249805,0.1348293423652649,0.71479332447052,-0.025192521512508392,0.12208317220211029,0.6377128958702087,-0.03834842890501022,0.10299693793058395,0.5838711261749268,-0.0520172081887722,0.20565709471702576,0.7043986320495605,-0.03423161432147026,0.26558205485343933,0.6278699040412903,-0.05277392640709877,0.3037996292114258,0.5858941078186035,-0.06382853537797928,0.33330726623535156,0.5545007586479187,-0.06945599615573883,0.24450565874576569,0.7400338649749756,-0.04014486446976662,0.30752235651016235,0.6535202264785767,-0.05220276489853859,0.3454752266407013,0.602541983127594,-0.05783442407846451,0.37419044971466064,0.5619047284126282,-0.062553271651268,0.2780079245567322,0.7771294116973877,-0.045855678617954254,0.33476006984710693,0.6916621923446655,-0.055281125009059906,0.36948704719543457,0.6415804028511047,-0.05635201930999756,0.39401954412460327,0.6046123504638672,-0.05738989636301994,0.3043321967124939,0.811845600605011,-0.05206792801618576,0.3468218445777893,0.7373797297477722,-0.057284750044345856,0.37213659286499023,0.6954230666160583,-0.052969790995121,0.391196608543396,0.6612110733985901,-0.04933042451739311
59,0.851371169090271,0.8278678059577942,2.568068566688453e-07,0.8590571880340576,0.7326673269271851,-0.002782309427857399,0.8381969928741455,0.6281595826148987,-0.01114175096154213,0.8238599300384521,0.5470012426376343,-0.019434219226241112,0.8283447027206421,0.4867372512817383,-0.029806019738316536,0.7757681012153625,0.6276178359985352,-0.027620410546660423,0.6975172758102417,0.5727157592773438,-0.041910067200660706,0.6567538380622864,0.5459885001182556,-0.04925250634551048,0.6278514266014099,0.5253689289093018,-0.05396969988942146,0.7501853108406067,0.6706033945083618,-0.03638635575771332,0.6673844456672668,0.606075644493103,-0.0497567355632782,0.6213854551315308,0.5673739314079285,-0.056850507855415344,0.5882570147514343,0.5356452465057373,-0.06229471042752266,0.7269270420074463,0.720423698425293,-0.04413784667849541,0.6513059139251709,0.6510477066040039,-0.05565059557557106,0.611992359161377,0.608130156993866,-0.061026766896247864,0.5830272436141968,0.5713149309158325,-0.06537890434265137,0.7062989473342896,0.7750632166862488,-0.05131540820002556,0.6521591544151306,0.7137452363967896,-0.06229976564645767,0.622761607170105,0.676872193813324,-0.06515968590974808,0.5977972149848938,0.6425679326057434,-0.06658360362052917,0.18521040678024292,0.8824944496154785,5.204340709497046e-07,0.14936554431915283,0.793975293636322,-0.010854112915694714,0.13460972905158997,0.6966813802719116,-0.024872146546840668,0.12607049942016602,0.6224610209465027,-0.038161370903253555,0.10913023352622986,0.569848895072937,-0.05165231227874756,0.21069373190402985,0.672664999961853,-0.02508046291768551,0.26617419719696045,0.604706883430481,-0.041064731776714325,0.303396075963974,0.5683162212371826,-0.052082907408475876,0.3325806260108948,0.5432506799697876,-0.057971008121967316,0.24751892685890198,0.7050907015800476,-0.030354436486959457,0.30539798736572266,0.6284997463226318,-0.03964495658874512,0.3420483469963074,0.5833315253257751,-0.0454004630446434,0.3707871735095978,0.5492116808891296,-0.05021848902106285,0.27808526158332825,0.7429109215736389,-0.03623252734541893,0.3315635919570923,0.6679049730300903,-0.043636854737997055,0.36422115564346313,0.6239173412322998,-0.04532201960682869,0.388722687959671,0.5915048718452454,-0.046892739832401276,0.3033503592014313,0.7817084789276123,-0.04283703863620758,0.34570494294166565,0.7172561883926392,-0.047348592430353165,0.37074148654937744,0.6798189282417297,-0.04389272257685661,0.39029955863952637,0.6483490467071533,-0.04065653681755066
60,0.840395450592041,0.8536235690116882,3.054916817291087e-07,0.8460865020751953,0.7487345933914185,-0.0025264008436352015,0.8223839402198792,0.6545511484146118,-0.008820829913020134,0.803627073764801,0.5715353488922119,-0.014589576981961727,0.8053858876228333,0.5101251006126404,-0.021798912435770035,0.7532995343208313,0.6520318388938904,-0.017994776368141174,0.6741108298301697,0.6036312580108643,-0.026089556515216827,0.6322129368782043,0.5809047818183899,-0.03181644156575203,0.5984668135643005,0.5622379779815674,-0.03611987456679344,0.7253539562225342,0.6998215913772583,-0.023864902555942535,0.6433518528938293,0.6398837566375732,-0.030912848189473152,0.5951237678527832,0.6051195859909058,-0.03733707219362259,0.5594142079353333,0.5776655673980713,-0.043012138456106186,0.7036573886871338,0.7508372664451599,-0.028737030923366547,0.6303588151931763,0.6840038895606995,-0.03425591066479683,0.588516891002655,0.6453731656074524,-0.04009035602211952,0.5574039220809937,0.6143904328346252,-0.04522879049181938,0.6884819865226746,0.7991905212402344,-0.03320879116654396,0.6333065032958984,0.7376399636268616,-0.039547570049762726,0.6046994924545288,0.7046886682510376,-0.04136960953474045,0.5818955898284912,0.673689603805542,-0.04194127768278122,0.1631946563720703,0.8700342178344727,6.37233426914463e-07,0.12216509878635406,0.7806298136711121,-0.012717073783278465,0.10323169082403183,0.6904348731040955,-0.03010995127260685,0.0882696807384491,0.6187982559204102,-0.044653862714767456,0.06910717487335205,0.5664099454879761,-0.05991023778915405,0.1784452497959137,0.6598448157310486,-0.0451083742082119,0.2412368804216385,0.5745168328285217,-0.06217701733112335,0.2772647440433502,0.5284828543663025,-0.06914983689785004,0.30525827407836914,0.4968351125717163,-0.07116290926933289,0.21992461383342743,0.6898851990699768,-0.04794807732105255,0.27986401319503784,0.5887079238891602,-0.05994710326194763,0.31485211849212646,0.532784104347229,-0.06304266303777695,0.3419913947582245,0.49259597063064575,-0.0648670569062233,0.2541014552116394,0.7232288718223572,-0.04971538856625557,0.30547207593917847,0.6252331733703613,-0.057197168469429016,0.33556506037712097,0.5721982717514038,-0.059080932289361954,0.357224702835083,0.5337086915969849,-0.06052355468273163,0.2808408737182617,0.7572013735771179,-0.05163188278675079,0.31628355383872986,0.6732494831085205,-0.0556299053132534,0.337697297334671,0.627676784992218,-0.052799493074417114,0.3537079095840454,0.5901089906692505,-0.049625325947999954
61,0.8437497019767761,0.8258428573608398,3.10812140469352e-07,0.8523184657096863,0.7245413064956665,-0.002696502720937133,0.8352910280227661,0.6283413171768188,-0.010148802772164345,0.8201018571853638,0.5501247644424438,-0.017923396080732346,0.8236338496208191,0.49385929107666016,-0.026914259418845177,0.7661905884742737,0.6227406859397888,-0.017956417053937912,0.6946905255317688,0.5682615041732788,-0.028303755447268486,0.6546369791030884,0.543038010597229,-0.034647386521101,0.6245497465133667,0.524965226650238,-0.03888741508126259,0.7396963834762573,0.6653549671173096,-0.025075336918234825,0.6639672517776489,0.602348804473877,-0.03472593426704407,0.618234395980835,0.5669863820075989,-0.04168429225683212,0.5836809873580933,0.5401715040206909,-0.04725106060504913,0.7177570462226868,0.7125360369682312,-0.03132655471563339,0.6507686972618103,0.6455128192901611,-0.03834518417716026,0.6100406050682068,0.607582151889801,-0.042720530182123184,0.5793753862380981,0.578184187412262,-0.04652341082692146,0.7002704739570618,0.761563241481781,-0.03739956393837929,0.6507386565208435,0.702091634273529,-0.043373409658670425,0.6205258369445801,0.6687367558479309,-0.043575435876846313,0.5952615737915039,0.6392903923988342,-0.043034426867961884,0.1932620257139206,0.9071708917617798,4.266136386377184e-07,0.1483536809682846,0.8264299631118774,-0.019200269132852554,0.12332125008106232,0.7312872409820557,-0.03700867295265198,0.10827947407960892,0.6552045941352844,-0.05293920636177063,0.08813587576150894,0.6011115312576294,-0.0686761736869812,0.20245888829231262,0.714889645576477,-0.037967782467603683,0.2634866237640381,0.6268242597579956,-0.057370055466890335,0.304109126329422,0.577870786190033,-0.06813763082027435,0.33554625511169434,0.546876847743988,-0.07236737757921219,0.24491603672504425,0.7492364645004272,-0.039168551564216614,0.29739418625831604,0.6527084708213806,-0.051309164613485336,0.3315581679344177,0.5971570611000061,-0.05600074306130409,0.35905343294143677,0.5568000674247742,-0.05900796130299568,0.27896296977996826,0.7817890644073486,-0.04105210304260254,0.322733074426651,0.6887597441673279,-0.05044698342680931,0.352241575717926,0.6334265470504761,-0.04975958541035652,0.37521880865097046,0.5939949750900269,-0.0484863817691803,0.3044734597206116,0.8085730671882629,-0.04427487030625343,0.3360135555267334,0.728227436542511,-0.05017957463860512,0.35734429955482483,0.6784051656723022,-0.04529708996415138,0.37429773807525635,0.6376503705978394,-0.04007967561483383
62,0.8491065502166748,0.8432797789573669,3.053270063446689e-07,0.8619877099990845,0.7437808513641357,-0.005131627433001995,0.847557544708252,0.6417792439460754,-0.014939075335860252,0.8343037366867065,0.5596115589141846,-0.02447427436709404,0.8380566239356995,0.4978750944137573,-0.03607463464140892,0.7826395034790039,0.6349551677703857,-0.028333494439721107,0.7084262371063232,0.5762316584587097,-0.04260324686765671,0.6666085124015808,0.546097457408905,-0.05096076428890228,0.6336297988891602,0.5229803323745728,-0.056549590080976486,0.753140926361084,0.6789178848266602,-0.036042097955942154,0.6767288446426392,0.6089961528778076,-0.04938081279397011,0.6311661005020142,0.5667310953140259,-0.05819215998053551,0.5964077711105347,0.5332931280136108,-0.06483995169401169,0.7279185652732849,0.7282161712646484,-0.04271666333079338,0.6593864560127258,0.6524128317832947,-0.053486417979002,0.6196889877319336,0.6065425872802734,-0.060299064964056015,0.5892355442047119,0.5692703723907471,-0.0656493753194809,0.7070920467376709,0.7796511054039001,-0.049020588397979736,0.6565409302711487,0.7120757699012756,-0.058611202985048294,0.6289385557174683,0.6730380654335022,-0.06109791249036789,0.6060858964920044,0.6379227638244629,-0.06221930310130119,0.19988448917865753,0.9376093149185181,5.126694304635748e-07,0.16765019297599792,0.8433960676193237,-0.011140011250972748,0.15907305479049683,0.7448720932006836,-0.024331118911504745,0.14760974049568176,0.6704524755477905,-0.0360008142888546,0.1277998983860016,0.6191118359565735,-0.04854412376880646,0.23176804184913635,0.7227455377578735,-0.03261103853583336,0.2977413535118103,0.6461114883422852,-0.04762037470936775,0.3363792598247528,0.6042885780334473,-0.05540962889790535,0.36520978808403015,0.5732711553573608,-0.05876188352704048,0.27604982256889343,0.7606261968612671,-0.03655257821083069,0.3416230082511902,0.667136549949646,-0.04671088233590126,0.37985527515411377,0.6134759187698364,-0.051586177200078964,0.4070388674736023,0.5710562467575073,-0.05472240597009659,0.312228798866272,0.799517035484314,-0.03992032632231712,0.3660483956336975,0.7046067714691162,-0.04724524915218353,0.39930999279022217,0.6496238708496094,-0.05021898075938225,0.42120063304901123,0.6074930429458618,-0.05207370966672897,0.33981794118881226,0.8354828953742981,-0.04349280148744583,0.37690794467926025,0.7551414966583252,-0.0473286509513855,0.4005722403526306,0.7108278274536133,-0.04417238011956215,0.41701632738113403,0.6736753582954407,-0.04084692522883415
63,0.8489594459533691,0.8755334615707397,2.881170928503707e-07,0.8573933839797974,0.771846354007721,-0.0013508660485967994,0.8336598873138428,0.6713324189186096,-0.008820239454507828,0.8162132501602173,0.5865606665611267,-0.01630852185189724,0.8192973136901855,0.522080659866333,-0.025497687980532646,0.7733373045921326,0.6649433374404907,-0.022331779822707176,0.6905654072761536,0.6103508472442627,-0.034348662942647934,0.6454384922981262,0.5839180946350098,-0.041803788393735886,0.6100060343742371,0.5638810396194458,-0.04652281850576401,0.7453105449676514,0.7140259742736816,-0.030481534078717232,0.6599704623222351,0.6478703618049622,-0.04074370861053467,0.608745276927948,0.6092632412910461,-0.047405581921339035,0.570772647857666,0.5783300995826721,-0.05273041874170303,0.7209384441375732,0.7659499049186707,-0.037516962736845016,0.6457486748695374,0.6931072473526001,-0.044798921793699265,0.6032874584197998,0.6522643566131592,-0.048068322241306305,0.57220458984375,0.6198051571846008,-0.05096091702580452,0.702084481716156,0.816233217716217,-0.04420202970504761,0.646880567073822,0.7478753328323364,-0.05055776238441467,0.6183086633682251,0.7122750282287598,-0.049897465854883194,0.5958189964294434,0.6810482144355774,-0.04840388521552086,0.20374628901481628,0.9097477793693542,3.527062801822467e-07,0.168215811252594,0.8221495151519775,-0.009822960942983627,0.15299271047115326,0.7230110168457031,-0.023330824449658394,0.14136895537376404,0.6493135690689087,-0.03643525019288063,0.12355354428291321,0.5981031656265259,-0.05005856230854988,0.22120562195777893,0.6918522715568542,-0.028116662055253983,0.27650436758995056,0.6044118404388428,-0.04195351526141167,0.3103036880493164,0.5611368417739868,-0.04934048652648926,0.3343493342399597,0.5319653749465942,-0.05188176780939102,0.2629666328430176,0.7251980304718018,-0.03336494415998459,0.32394883036613464,0.6228194236755371,-0.038618527352809906,0.3542569577693939,0.5668708086013794,-0.03989753499627113,0.3736821413040161,0.5280534029006958,-0.0416894406080246,0.29819610714912415,0.7607996463775635,-0.03884655982255936,0.3543294072151184,0.6619594097137451,-0.041495148092508316,0.38016051054000854,0.6080769300460815,-0.04088389128446579,0.3939579427242279,0.5712839961051941,-0.04133637249469757,0.3274378776550293,0.795316755771637,-0.045171596109867096,0.3678639233112335,0.7111249566078186,-0.044648393988609314,0.38542231917381287,0.667479395866394,-0.03818581998348236,0.3935205042362213,0.6335762739181519,-0.033242158591747284
64,0.8516745567321777,0.8571164011955261,2.2010743805367383e-07,0.854247510433197,0.7536040544509888,0.006214119028300047,0.8285574913024902,0.6552958488464355,0.0033898307010531425,0.8121400475502014,0.5750107169151306,-0.0007392173865810037,0.8159224390983582,0.5171960592269897,-0.006822644732892513,0.7681965231895447,0.6492528915405273,-0.012819883413612843,0.6895771622657776,0.6033487319946289,-0.02049582079052925,0.6477850675582886,0.582965612411499,-0.024899151176214218,0.6172285079956055,0.56849604845047,-0.02772541530430317,0.7419760823249817,0.6945423483848572,-0.022689998149871826,0.6585646867752075,0.6382306218147278,-0.02958798222243786,0.611589789390564,0.6065827012062073,-0.033343344926834106,0.5777410268783569,0.5820645689964294,-0.036558348685503006,0.718352735042572,0.7447984218597412,-0.030893579125404358,0.645567774772644,0.6819136142730713,-0.03494513779878616,0.6048281192779541,0.6475449800491333,-0.03569559380412102,0.5746118426322937,0.6202934980392456,-0.03732594847679138,0.6991129517555237,0.7975993156433105,-0.03811541572213173,0.6452467441558838,0.7393361330032349,-0.04058451950550079,0.6166574358940125,0.7080639600753784,-0.03740936517715454,0.5931018590927124,0.6796466708183289,-0.03483093902468681,0.17158663272857666,0.9105696678161621,5.561346938520728e-07,0.13087332248687744,0.8207730650901794,-0.009503228589892387,0.10776419937610626,0.7208050489425659,-0.024928592145442963,0.09190183877944946,0.6448742747306824,-0.03950359672307968,0.07109679281711578,0.593291699886322,-0.054645784199237823,0.16427162289619446,0.6886166334152222,-0.037689633667469025,0.22157682478427887,0.5898550748825073,-0.05721327289938927,0.25774946808815,0.5387128591537476,-0.06679753959178925,0.2862984240055084,0.503795325756073,-0.0703330710530281,0.20569482445716858,0.7145457863807678,-0.044125426560640335,0.26219478249549866,0.6033315658569336,-0.05669112503528595,0.2976653575897217,0.5400638580322266,-0.061422232538461685,0.32593798637390137,0.49326592683792114,-0.06475476920604706,0.24467286467552185,0.7441431879997253,-0.05021219328045845,0.2936342656612396,0.6360264420509338,-0.0580500103533268,0.32435494661331177,0.5748002529144287,-0.06027008593082428,0.34681475162506104,0.5322723388671875,-0.062081992626190186,0.27990952134132385,0.774160623550415,-0.056797005236148834,0.3117877244949341,0.6808342933654785,-0.06048582121729851,0.33057668805122375,0.6322726011276245,-0.05721217021346092,0.3446102738380432,0.5954664349555969,-0.054184895008802414
65,0.8618967533111572,0.8286570906639099,3.1251613563654246e-07,0.8770828247070312,0.7303051352500916,-0.0033289173152297735,0.8602942228317261,0.631928026676178,-0.009808559902012348,0.8452083468437195,0.5502667427062988,-0.01595684513449669,0.8525211811065674,0.49268051981925964,-0.023269593715667725,0.7921286821365356,0.6185797452926636,-0.01831965148448944,0.7229326963424683,0.5575971603393555,-0.027476433664560318,0.683394193649292,0.5278355479240417,-0.03310263901948929,0.6520304083824158,0.5071452260017395,-0.037164218723773956,0.7627480626106262,0.6578699350357056,-0.024398155510425568,0.6907351613044739,0.5844120979309082,-0.03292128071188927,0.6479607820510864,0.5439085960388184,-0.03924514725804329,0.6148870587348938,0.5135454535484314,-0.04432646557688713,0.7374038696289062,0.7032698392868042,-0.02950071357190609,0.6728721261024475,0.6271082162857056,-0.0358998104929924,0.6347314119338989,0.5843254327774048,-0.04095934331417084,0.6055761575698853,0.5518462657928467,-0.04543054476380348,0.716712474822998,0.7505523562431335,-0.03441259264945984,0.6682009696960449,0.684114396572113,-0.04004347324371338,0.6400735378265381,0.6474985480308533,-0.04067058861255646,0.6169395446777344,0.6147748231887817,-0.040626414120197296,0.16790100932121277,0.9145238399505615,5.385513190958591e-07,0.12805549800395966,0.8262602090835571,-0.005127274431288242,0.10789303481578827,0.7232610583305359,-0.01690579205751419,0.09281723201274872,0.64299476146698,-0.027922825887799263,0.06873506307601929,0.5925469994544983,-0.03976811468601227,0.16012690961360931,0.6997891664505005,-0.03563939407467842,0.21532373130321503,0.595076322555542,-0.05355990678071976,0.2495940774679184,0.5416463613510132,-0.061094630509614944,0.27531370520591736,0.5060105919837952,-0.06297863274812698,0.20011718571186066,0.7254477143287659,-0.042668577283620834,0.25815457105636597,0.6083474159240723,-0.05456598103046417,0.2919105589389801,0.5425315499305725,-0.05728910118341446,0.3158043920993805,0.4955855906009674,-0.05875618755817413,0.2373971939086914,0.7537620663642883,-0.04861091077327728,0.2876136898994446,0.6416003704071045,-0.056376561522483826,0.31509363651275635,0.5743770599365234,-0.05802830308675766,0.3333619236946106,0.5255919098854065,-0.05922740325331688,0.2703237533569336,0.7818531394004822,-0.05426797643303871,0.3052946627140045,0.6898341178894043,-0.05921021103858948,0.3248407542705536,0.6352411508560181,-0.0572253093123436,0.33809614181518555,0.5910104513168335,-0.0548875518143177
66,0.859591543674469,0.8408936858177185,2.894575459322368e-07,0.872483491897583,0.7440698742866516,-0.0051725790835917,0.8549190759658813,0.637496292591095,-0.015282638370990753,0.8431357145309448,0.5542114973068237,-0.024570325389504433,0.850209653377533,0.49376726150512695,-0.03607545793056488,0.7959875464439392,0.6354873180389404,-0.03624480590224266,0.7207625508308411,0.5728049278259277,-0.052949026226997375,0.6802794337272644,0.5402949452400208,-0.060848381370306015,0.6496868133544922,0.5150263905525208,-0.06594068557024002,0.7666959166526794,0.679604172706604,-0.044230490922927856,0.6895798444747925,0.6057060956954956,-0.061120644211769104,0.6460983157157898,0.5601097941398621,-0.06858102232217789,0.6139850616455078,0.5223714113235474,-0.07412007451057434,0.7395418286323547,0.7284312844276428,-0.050938110798597336,0.6707950830459595,0.6498636603355408,-0.06508612632751465,0.633672297000885,0.6001376509666443,-0.0704081729054451,0.60536789894104,0.5578334927558899,-0.07452632486820221,0.7153441905975342,0.7800095081329346,-0.05712869390845299,0.665579080581665,0.7092078924179077,-0.06983816623687744,0.6394621729850769,0.667300820350647,-0.07296562939882278,0.6172781586647034,0.6292516589164734,-0.07456699758768082,0.1710279881954193,0.9004167914390564,6.053378456272185e-07,0.14334002137184143,0.801452100276947,-0.0072524999268352985,0.13295668363571167,0.7027032375335693,-0.020365813747048378,0.12188941985368729,0.6264517903327942,-0.03176341950893402,0.10541120916604996,0.571563184261322,-0.043591856956481934,0.19832731783390045,0.6811628937721252,-0.03879319503903389,0.272985577583313,0.6031492352485657,-0.054635241627693176,0.3131600320339203,0.562632143497467,-0.06044094264507294,0.34347423911094666,0.5355325937271118,-0.06202869862318039,0.23519915342330933,0.720471978187561,-0.04405168816447258,0.31135356426239014,0.6265531778335571,-0.054948799312114716,0.3523622751235962,0.5763274431228638,-0.055510565638542175,0.38024744391441345,0.5392895936965942,-0.05612429603934288,0.2683466076850891,0.7609485387802124,-0.04799678176641464,0.3332750201225281,0.667138397693634,-0.055020179599523544,0.3703421354293823,0.6156018972396851,-0.05262193828821182,0.39433711767196655,0.5764456987380981,-0.05127285048365593,0.29476505517959595,0.7993056178092957,-0.051782261580228806,0.3420049548149109,0.7204776406288147,-0.05405518412590027,0.36869943141937256,0.6761844158172607,-0.04797038435935974,0.3877052366733551,0.6397067308425903,-0.043020740151405334
67,0.8529250025749207,0.8614341616630554,2.4180869218071166e-07,0.8551523685455322,0.7582452297210693,0.004095370881259441,0.82573002576828,0.664673388004303,-0.0008929767063818872,0.8039475679397583,0.582297682762146,-0.006804287899285555,0.8037059903144836,0.5193998217582703,-0.01497860997915268,0.7672666907310486,0.652675211429596,-0.01607113890349865,0.6814798712730408,0.606439471244812,-0.026782725006341934,0.6335203051567078,0.5881304144859314,-0.03402528539299965,0.5946733951568604,0.5774369835853577,-0.038588687777519226,0.7428938746452332,0.7039639949798584,-0.026221241801977158,0.6516551971435547,0.6444878578186035,-0.035196803510189056,0.5991472601890564,0.6149870753288269,-0.041051026433706284,0.5604944229125977,0.5954040288925171,-0.04572606459259987,0.7219098210334778,0.7606472969055176,-0.03498419001698494,0.6407945156097412,0.6946102976799011,-0.041759759187698364,0.5943914651870728,0.6623504161834717,-0.044483732432127,0.5598029494285583,0.6389950513839722,-0.046700891107320786,0.706253170967102,0.8172720670700073,-0.04279152303934097,0.6428873538970947,0.7532562017440796,-0.04914889112114906,0.6098493337631226,0.7228908538818359,-0.04825547710061073,0.5832933187484741,0.6974105834960938,-0.04632071778178215,0.15787361562252045,0.880126416683197,5.377532374950533e-07,0.1283685714006424,0.7911146283149719,-0.006509690545499325,0.11648500710725784,0.6861288547515869,-0.018291519954800606,0.10829424858093262,0.6081488132476807,-0.029925761744379997,0.0890394002199173,0.557469367980957,-0.042502403259277344,0.17280986905097961,0.6633464097976685,-0.028464989736676216,0.23670488595962524,0.5813438892364502,-0.045392319560050964,0.27736523747444153,0.5368692874908447,-0.05511270463466644,0.30720773339271545,0.5054382085800171,-0.05950639396905899,0.20968523621559143,0.6948304772377014,-0.03570915758609772,0.2748367190361023,0.603143036365509,-0.046509403735399246,0.3127869665622711,0.5473909974098206,-0.052090685814619064,0.340240478515625,0.5016691088676453,-0.05637974292039871,0.2435167133808136,0.7304671406745911,-0.042579300701618195,0.3024536371231079,0.6382812261581421,-0.050367191433906555,0.33647677302360535,0.583983302116394,-0.05285646393895149,0.3601799011230469,0.5422938466072083,-0.05490020290017128,0.2730202078819275,0.7661939263343811,-0.04959976673126221,0.3156873285770416,0.6880958676338196,-0.05425265431404114,0.34069693088531494,0.6426647305488586,-0.05168767273426056,0.35913553833961487,0.6042314171791077,-0.0492207407951355
68,0.8484987616539001,0.8196492791175842,2.150129319034022e-07,0.8505286574363708,0.7233801484107971,0.004097208380699158,0.8262478709220886,0.6286817193031311,-0.000979473814368248,0.8075419068336487,0.552884578704834,-0.007332457695156336,0.8075483441352844,0.4976085126399994,-0.015293640084564686,0.7625163197517395,0.6203947067260742,-0.016334304586052895,0.6848118901252747,0.5768848657608032,-0.028003079816699028,0.6459479331970215,0.5560371279716492,-0.034852638840675354,0.6192214488983154,0.5399156212806702,-0.03915603086352348,0.7396604418754578,0.6634320020675659,-0.0264512337744236,0.6568304300308228,0.6094489693641663,-0.03703257068991661,0.6119450926780701,0.5779345035552979,-0.04307147115468979,0.5806913375854492,0.5513737797737122,-0.04805130884051323,0.7186541557312012,0.7113144993782043,-0.03518737852573395,0.6458449959754944,0.6515008211135864,-0.04328667372465134,0.6052920818328857,0.614278256893158,-0.046168044209480286,0.5767974257469177,0.5823051929473877,-0.04917529970407486,0.7006389498710632,0.7644464373588562,-0.04308513179421425,0.6471065878868103,0.7118341326713562,-0.05030513182282448,0.6158552169799805,0.6792250871658325,-0.05035417526960373,0.5899567604064941,0.648500919342041,-0.049878593534231186,0.15132492780685425,0.89276123046875,6.208284162312339e-07,0.12516403198242188,0.804836094379425,-0.008378018625080585,0.11576933413743973,0.6952909827232361,-0.022143851965665817,0.10803665220737457,0.6130750775337219,-0.035353995859622955,0.09086130559444427,0.5561625361442566,-0.04965993016958237,0.16180464625358582,0.6753734946250916,-0.038113437592983246,0.22931401431560516,0.5863375663757324,-0.059631429612636566,0.27278372645378113,0.5377832055091858,-0.07112041860818863,0.3054226040840149,0.5037760138511658,-0.07615092396736145,0.19354788959026337,0.7092995047569275,-0.046401247382164,0.26457375288009644,0.6113568544387817,-0.062178850173950195,0.30921033024787903,0.5510175228118896,-0.0691959336400032,0.3417632579803467,0.5045876502990723,-0.07375829666852951,0.2256738245487213,0.7475004196166992,-0.05407502502202988,0.2886970341205597,0.6497716903686523,-0.06546365469694138,0.3279440701007843,0.5877137780189514,-0.06933216750621796,0.35669344663619995,0.5397442579269409,-0.0719357579946518,0.256064236164093,0.7853155732154846,-0.061874113976955414,0.30222800374031067,0.7042876482009888,-0.06947565823793411,0.3319963812828064,0.6532806754112244,-0.06875865161418915,0.35594961047172546,0.6108108162879944,-0.06741444021463394
69,0.8496958017349243,0.8166176676750183,3.4541562854428776e-07,0.8675957322120667,0.7178995013237,-0.0060862149111926556,0.8534684181213379,0.6223060488700867,-0.01504005677998066,0.8371943235397339,0.538810133934021,-0.022910453379154205,0.8408882021903992,0.47559821605682373,-0.03199081867933273,0.7849295735359192,0.6038089394569397,-0.024511639028787613,0.7128638625144958,0.5436188578605652,-0.035592202097177505,0.6716101765632629,0.5152372717857361,-0.04229659587144852,0.63838130235672,0.49387550354003906,-0.04698503762483597,0.7537697553634644,0.6445950269699097,-0.02963041514158249,0.6793577671051025,0.5719056725502014,-0.03936146944761276,0.634375810623169,0.5306435823440552,-0.04616070166230202,0.6006342172622681,0.4994497001171112,-0.05156232416629791,0.7286888957023621,0.6917357444763184,-0.033787310123443604,0.6630897521972656,0.6175216436386108,-0.041053641587495804,0.6227866411209106,0.5740090012550354,-0.04658231511712074,0.5932213664054871,0.5396136045455933,-0.05118366330862045,0.7093084454536438,0.7397201657295227,-0.03787267580628395,0.6607481837272644,0.673725426197052,-0.044443279504776,0.6331498622894287,0.6375522017478943,-0.045546770095825195,0.6106278896331787,0.6038337349891663,-0.045609019696712494,0.1450916826725006,0.9011191725730896,5.887980023544515e-07,0.12634490430355072,0.7989705204963684,-0.007564258296042681,0.12861120700836182,0.6945900321006775,-0.018725546076893806,0.12598302960395813,0.6149932146072388,-0.028803059831261635,0.11247465759515762,0.559056282043457,-0.03921433910727501,0.19285547733306885,0.6725561022758484,-0.027294164523482323,0.2767345905303955,0.6155946850776672,-0.04251496493816376,0.32252413034439087,0.5838675498962402,-0.05224965512752533,0.3568003177642822,0.5613784193992615,-0.05780323967337608,0.22819380462169647,0.7126880288124084,-0.0335819236934185,0.3130015432834625,0.6411833763122559,-0.04159100726246834,0.36041098833084106,0.6011014580726624,-0.04528423398733139,0.3924504816532135,0.568699300289154,-0.049499139189720154,0.2600674033164978,0.7564784288406372,-0.039626345038414,0.3334777057170868,0.6825447082519531,-0.045481156557798386,0.376679390668869,0.6413589715957642,-0.04523693397641182,0.40472134947776794,0.6078497171401978,-0.04623276740312576,0.28589335083961487,0.7998127937316895,-0.04602932929992676,0.33994442224502563,0.7357863783836365,-0.04789024591445923,0.3715704083442688,0.7000030279159546,-0.04250452667474747,0.394212543964386,0.6693670153617859,-0.03861971199512482
70,0.8481420874595642,0.8171013593673706,2.9669078571714635e-07,0.8650400638580322,0.7169584035873413,-0.0034995400346815586,0.852284848690033,0.6206715106964111,-0.012219718657433987,0.8386452198028564,0.5380021929740906,-0.020183034241199493,0.8424908518791199,0.47726204991340637,-0.03005603700876236,0.7836569547653198,0.6064001321792603,-0.027088461443781853,0.7109161615371704,0.5445727109909058,-0.03867539390921593,0.6711722612380981,0.514945387840271,-0.045120544731616974,0.6402171850204468,0.4916587471961975,-0.04948433116078377,0.7526175379753113,0.6478614807128906,-0.03328512981534004,0.6766481995582581,0.5743039846420288,-0.04459955543279648,0.6327671408653259,0.5313453078269958,-0.05128056928515434,0.600574254989624,0.49779462814331055,-0.05637546628713608,0.72735995054245,0.6942369341850281,-0.03810890018939972,0.6601796746253967,0.6182363629341125,-0.0464140810072422,0.6220812797546387,0.5727858543395996,-0.05205804482102394,0.5936571955680847,0.5360222458839417,-0.05674253776669502,0.7079272270202637,0.7415598630905151,-0.04237081855535507,0.6572325229644775,0.6742032170295715,-0.04958891496062279,0.6302468776702881,0.6372849941253662,-0.05120445042848587,0.6082414388656616,0.6032206416130066,-0.051735151559114456,0.14466062188148499,0.8976130485534668,5.281874564389e-07,0.12708160281181335,0.7992398738861084,-0.004333063960075378,0.12936070561408997,0.6964583396911621,-0.015355040319263935,0.12703365087509155,0.6169193983078003,-0.02614819072186947,0.11496714502573013,0.5604958534240723,-0.03749160096049309,0.1986527293920517,0.674598753452301,-0.024661146104335785,0.27638864517211914,0.6178106665611267,-0.03823510929942131,0.3207685053348541,0.5871173143386841,-0.046182483434677124,0.3541448712348938,0.5654062032699585,-0.05014730244874954,0.23023530840873718,0.7117312550544739,-0.03225589543581009,0.31131789088249207,0.6430974006652832,-0.03844466432929039,0.3568583130836487,0.603171169757843,-0.041114065796136856,0.3899020850658417,0.5708368420600891,-0.044403381645679474,0.2582475244998932,0.7556396126747131,-0.03946838155388832,0.3316463232040405,0.6842474341392517,-0.04297710955142975,0.3726487457752228,0.6406389474868774,-0.04405136778950691,0.40099185705184937,0.6059375405311584,-0.04634786769747734,0.2819311022758484,0.8011927604675293,-0.046847183257341385,0.33675628900527954,0.7371468544006348,-0.049151066690683365,0.36915478110313416,0.7010253667831421,-0.046587128192186356,0.3933388888835907,0.6713346242904663,-0.04460594803094864
71,0.8536998629570007,0.8524562120437622,1.6417143910985033e-07,0.8544937372207642,0.7534873485565186,0.003954211249947548,0.8251988291740417,0.6509268879890442,-0.0020921106915920973,0.8082059025764465,0.569130539894104,-0.009357885457575321,0.8132935762405396,0.5076905488967896,-0.019698968157172203,0.7703300714492798,0.6395761370658875,-0.022967662662267685,0.6867362260818481,0.5930786728858948,-0.03812938928604126,0.6378706693649292,0.5699411630630493,-0.04788213223218918,0.5992419123649597,0.5549078583717346,-0.05438085272908211,0.7464289665222168,0.6874091029167175,-0.03545467555522919,0.6592228412628174,0.6289888024330139,-0.048804428428411484,0.6059384346008301,0.5958943963050842,-0.056458305567502975,0.5651703476905823,0.5721559524536133,-0.06287772953510284,0.723320484161377,0.7421839237213135,-0.04644521325826645,0.6443445682525635,0.6761236190795898,-0.05760398879647255,0.5985925793647766,0.6396377682685852,-0.06196245551109314,0.5632515549659729,0.6115261316299438,-0.06575576215982437,0.7029131054878235,0.8014938831329346,-0.056379061192274094,0.6443625092506409,0.7410257458686829,-0.0671057179570198,0.6108461022377014,0.7077125906944275,-0.06867677718400955,0.5819687247276306,0.6780998706817627,-0.06897477060556412,0.15255951881408691,0.8679920434951782,5.186763019082719e-07,0.1267162561416626,0.7772140502929688,-0.003923075273633003,0.11974130570888519,0.677051305770874,-0.014809248968958855,0.11317530274391174,0.6037155985832214,-0.0256954412907362,0.09845755249261856,0.5521073341369629,-0.037317320704460144,0.18937818706035614,0.6461081504821777,-0.023962248116731644,0.25708621740341187,0.5769100785255432,-0.03664252534508705,0.29521864652633667,0.5415524244308472,-0.043171435594558716,0.3202890157699585,0.5164541006088257,-0.04566970095038414,0.22298763692378998,0.6824043393135071,-0.03191770985722542,0.2942916750907898,0.6004266738891602,-0.04001343250274658,0.33064883947372437,0.5515104532241821,-0.04352208599448204,0.3531017303466797,0.5101679563522339,-0.046144139021635056,0.2519768178462982,0.7234761714935303,-0.03937676548957825,0.3159639239311218,0.6393249034881592,-0.044744931161403656,0.34953296184539795,0.5900293588638306,-0.04637300595641136,0.3705775737762451,0.5502161383628845,-0.048176731914281845,0.27616071701049805,0.763831377029419,-0.046744201332330704,0.3224823474884033,0.6894304156303406,-0.050820279866456985,0.34858012199401855,0.6467847228050232,-0.04811554029583931,0.3680900037288666,0.6099932789802551,-0.045330341905355453
72,0.8391543626785278,0.848901629447937,1.894603229857239e-07,0.83819580078125,0.7458354234695435,0.006931297481060028,0.802575945854187,0.6507902145385742,0.006389383692294359,0.7753376364707947,0.5719887018203735,0.004665818065404892,0.7749848365783691,0.514119029045105,0.0006778105162084103,0.7416701912879944,0.6403204798698425,-0.010509693995118141,0.6586188077926636,0.6020068526268005,-0.01735612004995346,0.6131603717803955,0.5851233601570129,-0.02205079235136509,0.578315258026123,0.5727251172065735,-0.02557627484202385,0.7180229425430298,0.687513530254364,-0.020212680101394653,0.6296390295028687,0.638279378414154,-0.026766950264573097,0.5809427499771118,0.6121867299079895,-0.03127419576048851,0.545264720916748,0.5912215113639832,-0.03500506654381752,0.697614848613739,0.7400719523429871,-0.02819872461259365,0.6197600364685059,0.6837732195854187,-0.03314323350787163,0.5765847563743591,0.6522258520126343,-0.03587532043457031,0.5436939597129822,0.6265259385108948,-0.03863881528377533,0.6821892857551575,0.7963526844978333,-0.034993574023246765,0.6229581236839294,0.7406625151634216,-0.03992467001080513,0.5921908617019653,0.7115195989608765,-0.0390474870800972,0.5671887993812561,0.6836627721786499,-0.03755904361605644,0.16800087690353394,0.8825550079345703,4.814195335711702e-07,0.14241456985473633,0.7879102826118469,-0.006423975806683302,0.1384366750717163,0.6810703277587891,-0.017744116485118866,0.13668008148670197,0.601284921169281,-0.02928103692829609,0.12363365292549133,0.5442429780960083,-0.041211824864149094,0.18979287147521973,0.6645925641059875,-0.02615656703710556,0.2557360529899597,0.5902522206306458,-0.04513244703412056,0.299102246761322,0.5516314506530762,-0.05664168298244476,0.3317033052444458,0.5252647399902344,-0.06199197843670845,0.22440311312675476,0.6976898908615112,-0.03430826961994171,0.29195573925971985,0.6126870512962341,-0.046848539263010025,0.33364933729171753,0.5617153644561768,-0.0528772808611393,0.36462509632110596,0.5223830342292786,-0.05695812404155731,0.2566763758659363,0.736046552658081,-0.04244568943977356,0.31766363978385925,0.6492295861244202,-0.05187603458762169,0.35366714000701904,0.5945264101028442,-0.05319780111312866,0.3799031674861908,0.552582859992981,-0.05391024425625801,0.28473538160324097,0.7745503187179565,-0.05094777047634125,0.3305923342704773,0.7022215127944946,-0.05646727979183197,0.3577112555503845,0.6557448506355286,-0.05329378694295883,0.37905022501945496,0.6168011426925659,-0.050047390162944794
73,0.8454771637916565,0.8474356532096863,2.970744787944568e-07,0.8558353185653687,0.7407093644142151,-0.0027128271758556366,0.8338633179664612,0.6441294550895691,-0.009254817850887775,0.8125525116920471,0.5595530271530151,-0.01563626155257225,0.8126140832901001,0.49609774351119995,-0.02323320135474205,0.7663097977638245,0.6339604258537292,-0.017855539917945862,0.6876755356788635,0.5766581892967224,-0.027777908369898796,0.6443734169006348,0.5506616830825806,-0.03411875292658806,0.6101493239402771,0.5315712690353394,-0.03835514932870865,0.7362216711044312,0.6779930591583252,-0.02396366186439991,0.6556406021118164,0.6092190146446228,-0.031858257949352264,0.6080793738365173,0.5711480379104614,-0.03830968961119652,0.5728306770324707,0.5427920818328857,-0.04353448376059532,0.7132411599159241,0.7274160385131836,-0.029132746160030365,0.6412643790245056,0.6557575464248657,-0.03462010622024536,0.5985965728759766,0.6154641509056091,-0.039183661341667175,0.5673604011535645,0.5849117040634155,-0.043286263942718506,0.6966063380241394,0.7757158279418945,-0.0340820848941803,0.6425457000732422,0.7095970511436462,-0.03919009119272232,0.6127559542655945,0.6743919849395752,-0.03900421783328056,0.5890814065933228,0.6426424980163574,-0.038121774792671204,0.16104084253311157,0.8895084857940674,5.22402331171179e-07,0.148579940199852,0.7872309684753418,-0.0060075800865888596,0.15783590078353882,0.6863346695899963,-0.015593099407851696,0.1629055291414261,0.6067656874656677,-0.024266311898827553,0.155148446559906,0.5493311882019043,-0.03339594975113869,0.22410674393177032,0.6724172830581665,-0.02533850073814392,0.3047821521759033,0.6262662410736084,-0.03896061331033707,0.3490830063819885,0.6028813123703003,-0.04727543890476227,0.3822922110557556,0.5862223505973816,-0.05209904536604881,0.2561858892440796,0.7155078053474426,-0.03157778084278107,0.3396282196044922,0.6554279327392578,-0.03804735094308853,0.3859213888645172,0.6230231523513794,-0.040683306753635406,0.417888343334198,0.5959061980247498,-0.044326119124889374,0.283626914024353,0.762826681137085,-0.0374135822057724,0.35587549209594727,0.6996790766716003,-0.042018260806798935,0.3990880250930786,0.6646726131439209,-0.04155733436346054,0.42837125062942505,0.6351789236068726,-0.04274841398000717,0.30468910932540894,0.8099769353866577,-0.043487224727869034,0.35901737213134766,0.7553964853286743,-0.04505914822220802,0.39161092042922974,0.7249059677124023,-0.04011181369423866,0.4165646433830261,0.6978786587715149,-0.036671336740255356
74,0.8550224900245667,0.8853503465652466,1.5628522476163198e-07,0.8546218872070312,0.7831721901893616,0.0012537701986730099,0.8201242089271545,0.6778626441955566,-0.006848274730145931,0.7989775538444519,0.5955032110214233,-0.015723060816526413,0.8066388964653015,0.5318989753723145,-0.02729772962629795,0.7720024585723877,0.6659854650497437,-0.028223546221852303,0.6846619844436646,0.6162911057472229,-0.04627349227666855,0.6329570412635803,0.5947985649108887,-0.05775419622659683,0.5923671722412109,0.5825594067573547,-0.06498170644044876,0.7481282353401184,0.7194436192512512,-0.03960422798991203,0.6549791097640991,0.6630093455314636,-0.05446377396583557,0.5992055535316467,0.6316460967063904,-0.06299751251935959,0.5575261116027832,0.6083245277404785,-0.07001452147960663,0.7247424125671387,0.7768546938896179,-0.04957093670964241,0.6403878927230835,0.7146790623664856,-0.06068418547511101,0.5917460918426514,0.6798561215400696,-0.06450527161359787,0.5546669363975525,0.6524114608764648,-0.06821202486753464,0.7041136026382446,0.8350738286972046,-0.0588592030107975,0.6425893306732178,0.7752237915992737,-0.06850423663854599,0.6079829931259155,0.7450251579284668,-0.06889300048351288,0.5778959393501282,0.7189737558364868,-0.06856895238161087,0.16130675375461578,0.8743704557418823,4.6660497332595696e-07,0.1366577297449112,0.7808301448822021,-0.004251617006957531,0.13457554578781128,0.6774947643280029,-0.013892279006540775,0.13143284618854523,0.6015245914459229,-0.02404860034584999,0.11529015749692917,0.5505813360214233,-0.035132333636283875,0.20040172338485718,0.648348867893219,-0.018833590671420097,0.26663559675216675,0.5837596654891968,-0.030859410762786865,0.3071443438529968,0.5491517186164856,-0.038220763206481934,0.3360126316547394,0.5246152877807617,-0.0416666641831398,0.23511624336242676,0.6834287047386169,-0.025838123634457588,0.3017210364341736,0.6081478595733643,-0.031549252569675446,0.338856041431427,0.563036322593689,-0.03482237830758095,0.36509397625923157,0.5271728038787842,-0.0378139466047287,0.264039009809494,0.7246543169021606,-0.03274864703416824,0.32293665409088135,0.6482917070388794,-0.036176037043333054,0.3551701605319977,0.6023967266082764,-0.03715769201517105,0.37635964155197144,0.5669723749160767,-0.038716524839401245,0.2876618802547455,0.7662844061851501,-0.039959028363227844,0.33108940720558167,0.6971126794815063,-0.041311293840408325,0.35544800758361816,0.6564000248908997,-0.03747425973415375,0.3729536235332489,0.6217491626739502,-0.034282274544239044
75,0.8448154926300049,0.8629990816116333,1.4990835950356995e-07,0.8398489356040955,0.7598369121551514,0.006636006757616997,0.8051841855049133,0.660213053226471,0.004545391537249088,0.7801945805549622,0.5832094550132751,0.0010409849928691983,0.7799268364906311,0.525110125541687,-0.004687514156103134,0.7470815181732178,0.6489621996879578,-0.012746693566441536,0.6645371317863464,0.6110324263572693,-0.02259514294564724,0.6179102063179016,0.5940152406692505,-0.029550209641456604,0.5838685631752014,0.5827134847640991,-0.03417560085654259,0.7250844240188599,0.696692943572998,-0.023445211350917816,0.6374029517173767,0.6518790125846863,-0.031053151935338974,0.5876028537750244,0.6273245215415955,-0.03646933659911156,0.5516080260276794,0.6070184707641602,-0.04148232936859131,0.7045606374740601,0.7503185272216797,-0.03257979825139046,0.6277331709861755,0.6987554430961609,-0.037551406770944595,0.5848510265350342,0.6687420606613159,-0.038723111152648926,0.5533947944641113,0.6423062682151794,-0.041313476860523224,0.6866781711578369,0.8087600469589233,-0.040773261338472366,0.6293076276779175,0.7597522735595703,-0.044776514172554016,0.5991909503936768,0.7323442101478577,-0.042167820036411285,0.5745662450790405,0.7051849365234375,-0.040220845490694046,0.16163459420204163,0.8880151510238647,4.823450581170619e-07,0.1386428028345108,0.7955756187438965,-0.0031222181860357523,0.13555970788002014,0.6882593035697937,-0.012543573044240475,0.13599464297294617,0.6074295043945312,-0.02201235294342041,0.12451977282762527,0.5508034825325012,-0.03217974305152893,0.18821360170841217,0.666629433631897,-0.02593652531504631,0.25782310962677,0.5920248031616211,-0.04292452335357666,0.3013695180416107,0.5520312786102295,-0.052185382694005966,0.33280766010284424,0.5253450870513916,-0.0557086244225502,0.22200411558151245,0.7010505795478821,-0.03420664742588997,0.29520657658576965,0.6179838180541992,-0.043556541204452515,0.3389508128166199,0.5695219039916992,-0.04708172380924225,0.3699449598789215,0.5328187942504883,-0.049751393496990204,0.25347262620925903,0.7404754161834717,-0.04190843924880028,0.3186146020889282,0.6579508781433105,-0.04764513671398163,0.3568982481956482,0.6089151501655579,-0.047770906239748,0.38339197635650635,0.5717121958732605,-0.048478610813617706,0.28065624833106995,0.7794378995895386,-0.04961584508419037,0.32829099893569946,0.7085380554199219,-0.052572522312402725,0.3564125895500183,0.6672914028167725,-0.04846736788749695,0.37725627422332764,0.6336884498596191,-0.04493069276213646
76,0.8377658724784851,0.8299623727798462,2.545758661653963e-07,0.8531277179718018,0.7295145392417908,-0.008157745003700256,0.8362370729446411,0.6381405591964722,-0.017962833866477013,0.8161087036132812,0.5572035908699036,-0.02597043663263321,0.8166850209236145,0.4989326000213623,-0.03473755717277527,0.7643606066703796,0.6307613253593445,-0.029042240232229233,0.6880301237106323,0.5726821422576904,-0.039345379918813705,0.6465429067611694,0.5472792387008667,-0.04468872770667076,0.6132299900054932,0.5291854739189148,-0.048430103808641434,0.7340875267982483,0.6748231053352356,-0.03260437399148941,0.6542649269104004,0.6030067205429077,-0.04226519912481308,0.6088139414787292,0.5666111707687378,-0.04757228493690491,0.5765655040740967,0.5404960513114929,-0.05183912441134453,0.7108888030052185,0.7231305241584778,-0.03490028157830238,0.6412962079048157,0.6513320803642273,-0.04101722314953804,0.6007699370384216,0.6124795079231262,-0.04556386545300484,0.5723557472229004,0.5830989480018616,-0.049669086933135986,0.6939685344696045,0.7708718776702881,-0.037332139909267426,0.6421959400177002,0.7069573402404785,-0.04205610230565071,0.6125901937484741,0.6729361414909363,-0.04222347214818001,0.5889222621917725,0.6426146626472473,-0.04203515127301216,0.1626012772321701,0.8960381150245667,5.357687200557848e-07,0.14293169975280762,0.7981884479522705,-0.005117280874401331,0.14259466528892517,0.6939991116523743,-0.015198668465018272,0.14105328917503357,0.6136849522590637,-0.02484533004462719,0.13248813152313232,0.5559611916542053,-0.034895267337560654,0.20939962565898895,0.6749225854873657,-0.024095160886645317,0.2855110168457031,0.6150482892990112,-0.03833873197436333,0.3292275369167328,0.5817561149597168,-0.04685744643211365,0.36272817850112915,0.5583951473236084,-0.05117163062095642,0.24217772483825684,0.7129231095314026,-0.031035223975777626,0.32133838534355164,0.6427661180496216,-0.03854967653751373,0.3661699891090393,0.6028708219528198,-0.04133128374814987,0.39889517426490784,0.5719286799430847,-0.04430653899908066,0.2722235321998596,0.7551356554031372,-0.03765537217259407,0.34264224767684937,0.681395411491394,-0.04264533147215843,0.38283446431159973,0.6391004323959351,-0.04198673367500305,0.41072285175323486,0.6068397760391235,-0.04258887097239494,0.29690298438072205,0.7980439066886902,-0.04449397325515747,0.3494657278060913,0.734917163848877,-0.0461595319211483,0.38088881969451904,0.7005629539489746,-0.041379768401384354,0.40549081563949585,0.6717077493667603,-0.037829943001270294
77,0.8461093306541443,0.8758146166801453,2.3749335298361984e-07,0.8522794246673584,0.7741681337356567,0.0007754708640277386,0.8210048079490662,0.6717972159385681,-0.0045282477512955666,0.8012779951095581,0.5863855481147766,-0.010210298001766205,0.8073455691337585,0.5237741470336914,-0.01779356226325035,0.7658688426017761,0.6632646918296814,-0.019157027825713158,0.6824471354484558,0.6111806631088257,-0.03051636926829815,0.6351653337478638,0.5875044465065002,-0.0379897877573967,0.5990617871284485,0.5721998810768127,-0.04296685382723808,0.7379246354103088,0.7123717665672302,-0.027678607031702995,0.6522653698921204,0.6487547159194946,-0.03713039681315422,0.6005921363830566,0.6130868792533875,-0.04395020380616188,0.5623630285263062,0.5869969129562378,-0.04957703873515129,0.7129619717597961,0.7648699879646301,-0.03500264510512352,0.6364418268203735,0.6954053640365601,-0.04148269072175026,0.5928362011909485,0.6560736298561096,-0.04590896889567375,0.5608187317848206,0.6272370219230652,-0.05012444406747818,0.6934139132499695,0.8173415660858154,-0.04174933210015297,0.6378028988838196,0.7540337443351746,-0.047015801072120667,0.6075695753097534,0.7206101417541504,-0.04700343310832977,0.5830925703048706,0.6916385889053345,-0.04672104865312576,0.16321048140525818,0.8735920190811157,5.182928362046368e-07,0.12837612628936768,0.782892107963562,-0.005204379558563232,0.1168397068977356,0.678797721862793,-0.014194588176906109,0.10995930433273315,0.6036105751991272,-0.023515870794653893,0.09199352562427521,0.5567606091499329,-0.033364955335855484,0.18701815605163574,0.6470084190368652,-0.01723560318350792,0.2511582672595978,0.5730346441268921,-0.029506659135222435,0.2929993271827698,0.535002589225769,-0.03700467199087143,0.32273051142692566,0.510453462600708,-0.039765864610672,0.222856804728508,0.6795903444290161,-0.022865155711770058,0.2822245955467224,0.5985194444656372,-0.027568427845835686,0.3171599507331848,0.5526246428489685,-0.02999906800687313,0.3429807424545288,0.517600417137146,-0.032036468386650085,0.2534681260585785,0.7161042094230652,-0.028702903538942337,0.3032272458076477,0.6352753639221191,-0.030978569760918617,0.33286428451538086,0.5890845060348511,-0.030081644654273987,0.3539814054965973,0.5564983487129211,-0.029909169301390648,0.27906861901283264,0.7518462538719177,-0.035101357847452164,0.3146079480648041,0.6785640716552734,-0.03445567935705185,0.33557650446891785,0.637618362903595,-0.028304602950811386,0.35170769691467285,0.6052594780921936,-0.023182060569524765
78,0.8401157259941101,0.8540548086166382,2.48385731538292e-07,0.8391498327255249,0.7506343722343445,0.0037098112516105175,0.8116396069526672,0.6544702053070068,-0.001956095453351736,0.7897570133209229,0.5758763551712036,-0.00834353081882,0.7882013916969299,0.5153834819793701,-0.016531776636838913,0.7514969706535339,0.6456773281097412,-0.017986932769417763,0.6711289286613464,0.6020256876945496,-0.028170360252261162,0.6276026368141174,0.5831102132797241,-0.03440999239683151,0.5954656004905701,0.5697219371795654,-0.0381435789167881,0.726759672164917,0.6927240490913391,-0.027468737214803696,0.6410794258117676,0.6388397812843323,-0.03581143543124199,0.5930450558662415,0.6087043285369873,-0.04021394997835159,0.5587630867958069,0.5850538611412048,-0.044005174189805984,0.7045079469680786,0.7447413206100464,-0.035252492874860764,0.6291527152061462,0.6841559410095215,-0.0401129350066185,0.5876076221466064,0.6505340337753296,-0.04024579003453255,0.5579137206077576,0.6232206225395203,-0.041511863470077515,0.6865136623382568,0.7997599244117737,-0.04225047677755356,0.6308742165565491,0.7419410347938538,-0.04495507478713989,0.6021308898925781,0.7108240723609924,-0.04087892174720764,0.5792938470840454,0.6830111742019653,-0.03745950013399124,0.14693251252174377,0.8888944983482361,4.985665782442084e-07,0.1217472180724144,0.7960618734359741,-0.003013828070834279,0.11456577479839325,0.687599241733551,-0.012555154971778393,0.10824157297611237,0.6082661151885986,-0.02245263196527958,0.09168105572462082,0.5545229315757751,-0.03286963328719139,0.16357336938381195,0.6596066355705261,-0.025025229901075363,0.23208734393119812,0.5794353485107422,-0.041968587785959244,0.27421578764915466,0.5359859466552734,-0.05060958117246628,0.30382007360458374,0.5080007314682007,-0.0536017045378685,0.19489319622516632,0.6918081045150757,-0.033530525863170624,0.264822393655777,0.6009521484375,-0.04356169328093529,0.3049052655696869,0.5490752458572388,-0.0460224412381649,0.3331379294395447,0.5084829926490784,-0.04728110879659653,0.2263231724500656,0.7301632165908813,-0.04168675094842911,0.28943943977355957,0.6393409371376038,-0.048281338065862656,0.3251146674156189,0.5868900418281555,-0.047553546726703644,0.3487563133239746,0.5469470620155334,-0.04706909880042076,0.25554028153419495,0.770340085029602,-0.049892667680978775,0.3016470968723297,0.69263756275177,-0.053970545530319214,0.32792896032333374,0.6472671031951904,-0.05007528141140938,0.34678155183792114,0.6098204851150513,-0.04615892842411995
79,0.8447633385658264,0.8422552347183228,3.200385947366158e-07,0.8590351343154907,0.7378506064414978,-0.003315039211884141,0.8406851887702942,0.6404151916503906,-0.010632564313709736,0.8215175271034241,0.5562883615493774,-0.017076028510928154,0.8241231441497803,0.4940650165081024,-0.024737751111388206,0.7731198668479919,0.6286630630493164,-0.02228621579706669,0.6977851390838623,0.5660724639892578,-0.031605858355760574,0.6549964547157288,0.537452757358551,-0.03667733445763588,0.6208395957946777,0.5176719427108765,-0.04006458818912506,0.7425491809844971,0.670276939868927,-0.027755960822105408,0.6652172803878784,0.5955804586410522,-0.035577721893787384,0.6197972893714905,0.5561068058013916,-0.04088631272315979,0.5867311954498291,0.5282851457595825,-0.04520301893353462,0.7176969051361084,0.717608630657196,-0.03186454996466637,0.6494705080986023,0.6418131589889526,-0.036836475133895874,0.6087957620620728,0.5995990633964539,-0.041017916053533554,0.5793603658676147,0.567919135093689,-0.04497272148728371,0.6988438367843628,0.7652187943458557,-0.03564076870679855,0.6471644639968872,0.6970162391662598,-0.040290746837854385,0.6182723045349121,0.6608216762542725,-0.04011640325188637,0.5950625538825989,0.6278998255729675,-0.039312418550252914,0.1631237268447876,0.9126424193382263,5.267842766443209e-07,0.14544712007045746,0.8046836853027344,-0.0021570429671555758,0.1454329490661621,0.7029957175254822,-0.013526642695069313,0.1463429033756256,0.6219425201416016,-0.02434440888464451,0.13807961344718933,0.5640273690223694,-0.03581954166293144,0.20913119614124298,0.6908720135688782,-0.035784609615802765,0.28969159722328186,0.6226116418838501,-0.05253579467535019,0.333845317363739,0.5864779949188232,-0.05932223051786423,0.3667874336242676,0.5639944076538086,-0.06141911819577217,0.2445378601551056,0.7345659136772156,-0.04368047043681145,0.3279294967651367,0.6493127942085266,-0.0545952208340168,0.3730221688747406,0.6039444208145142,-0.055890463292598724,0.4045172333717346,0.5705462694168091,-0.057166654616594315,0.2765873670578003,0.7778365015983582,-0.049670957028865814,0.3490861654281616,0.691818118095398,-0.05610211566090584,0.3898184299468994,0.643869936466217,-0.05386558547616005,0.4161989092826843,0.6082296371459961,-0.05311721935868263,0.3021562099456787,0.817135751247406,-0.055138830095529556,0.35446858406066895,0.7455688118934631,-0.056545209139585495,0.3831908702850342,0.7044963240623474,-0.04997962340712547,0.40417277812957764,0.6704123020172119,-0.044901538640260696
80,0.8491149544715881,0.880717396736145,2.690818234896142e-07,0.8542157411575317,0.7793410420417786,0.00044144768617115915,0.8288860321044922,0.6760790348052979,-0.008162058889865875,0.8111323714256287,0.5908524990081787,-0.017167262732982635,0.8176019191741943,0.525641918182373,-0.02867388166487217,0.7744841575622559,0.6625263094902039,-0.02483825758099556,0.6948480010032654,0.6082742214202881,-0.038864824920892715,0.6533680558204651,0.5787997841835022,-0.0474594421684742,0.6229496002197266,0.5559227466583252,-0.05323537811636925,0.7454739212989807,0.710914671421051,-0.035496827214956284,0.6643510460853577,0.6431857347488403,-0.048562683165073395,0.6191270351409912,0.5989691019058228,-0.05620529502630234,0.5875173807144165,0.5631163716316223,-0.06228774040937424,0.7184956669807434,0.7635302543640137,-0.044785305857658386,0.6441556811332703,0.6880701780319214,-0.055308401584625244,0.6052861213684082,0.6369231939315796,-0.059727538377046585,0.5797624588012695,0.5932589769363403,-0.06374451518058777,0.6952418684959412,0.8185539841651917,-0.053271397948265076,0.6386086940765381,0.751237154006958,-0.06195347383618355,0.6123437881469727,0.7098106145858765,-0.061964407563209534,0.5933193564414978,0.6709114909172058,-0.061517249792814255,0.16352033615112305,0.8980441093444824,4.6508546347467927e-07,0.13840684294700623,0.8022311925888062,-0.0054315123707056046,0.13347813487052917,0.6973329782485962,-0.013821858912706375,0.13169816136360168,0.6196480989456177,-0.022218000143766403,0.11938691884279251,0.5660260915756226,-0.03080587647855282,0.1969013661146164,0.6689106822013855,-0.017785603180527687,0.2635163366794586,0.5968705415725708,-0.03123677521944046,0.3056676387786865,0.5606163740158081,-0.039393626153469086,0.3369854688644409,0.5361369848251343,-0.04278920590877533,0.23245644569396973,0.7046899199485779,-0.02325604110956192,0.2976706027984619,0.6253744959831238,-0.029319584369659424,0.3358093798160553,0.5819993615150452,-0.03205646574497223,0.3647594749927521,0.5491732954978943,-0.03447377681732178,0.263353168964386,0.7462115287780762,-0.029013941064476967,0.3212505280971527,0.6680354475975037,-0.032646194100379944,0.3542494773864746,0.6247824430465698,-0.03187448903918266,0.37830352783203125,0.5938922166824341,-0.03189016133546829,0.28975939750671387,0.7880268096923828,-0.03529416769742966,0.33373260498046875,0.7198442816734314,-0.036591362208127975,0.35820433497428894,0.682957112789154,-0.03154415637254715,0.37721729278564453,0.6527469158172607,-0.02719925343990326
81,0.82965487241745,0.8909635543823242,2.7631219268187124e-07,0.8285824656486511,0.7829579710960388,-0.0014345479430630803,0.8021451830863953,0.6873987913131714,-0.00887787900865078,0.7757295966148376,0.6081291437149048,-0.016133807599544525,0.7715946435928345,0.5459113121032715,-0.02535875514149666,0.7415517568588257,0.6898882389068604,-0.023468781262636185,0.6558598279953003,0.6435949802398682,-0.035612720996141434,0.6093432307243347,0.622434139251709,-0.04310452938079834,0.5717542171478271,0.6064051985740662,-0.04800292104482651,0.7158049941062927,0.7396716475486755,-0.031123202294111252,0.6268121004104614,0.6784689426422119,-0.04250050708651543,0.573691725730896,0.6452723741531372,-0.05063645914196968,0.5341594815254211,0.6214944124221802,-0.05734771117568016,0.6948633193969727,0.793042778968811,-0.0372881256043911,0.6160236597061157,0.7253257632255554,-0.04589457809925079,0.5687651634216309,0.6893258690834045,-0.051520559936761856,0.5340538024902344,0.6636806726455688,-0.056206654757261276,0.6785982847213745,0.8456345796585083,-0.042756278067827225,0.618010401725769,0.7817652225494385,-0.050651006400585175,0.5852856636047363,0.7494319677352905,-0.05210930481553078,0.5579147338867188,0.7231026291847229,-0.05228271707892418,0.15783610939979553,0.8801876306533813,5.247823082754621e-07,0.12763674557209015,0.7862353324890137,-0.0020828719716519117,0.11857973039150238,0.6871611475944519,-0.012351698242127895,0.11402855068445206,0.6079123616218567,-0.02199730835855007,0.09937290102243423,0.5536484122276306,-0.032390840351581573,0.17472882568836212,0.662171483039856,-0.03129558637738228,0.242050439119339,0.5765637159347534,-0.045437149703502655,0.28066134452819824,0.5337011218070984,-0.04981846734881401,0.30931130051612854,0.5049359202384949,-0.05019617825746536,0.21418750286102295,0.6927249431610107,-0.03847169876098633,0.2791813015937805,0.5919520854949951,-0.04734627157449722,0.3171371817588806,0.5383468270301819,-0.0479748360812664,0.34523943066596985,0.4981362819671631,-0.04839388653635979,0.24967001378536224,0.7276102900505066,-0.044256165623664856,0.30578210949897766,0.6285842657089233,-0.04931802675127983,0.338290810585022,0.5764341354370117,-0.048930492252111435,0.36143046617507935,0.5379451513290405,-0.04933985695242882,0.2800471782684326,0.7633067965507507,-0.04957200214266777,0.3175380527973175,0.6793354153633118,-0.052539534866809845,0.3400005102157593,0.6337520480155945,-0.049341071397066116,0.3578888177871704,0.5956648588180542,-0.0463264100253582
82,0.829816460609436,0.845316469669342,7.55122826490151e-08,0.8339990377426147,0.745252251625061,-0.001086678123101592,0.8021372556686401,0.6486814022064209,-0.005786707159131765,0.775577187538147,0.5706466436386108,-0.009788330644369125,0.7748546600341797,0.5137027502059937,-0.015019472688436508,0.7427980899810791,0.6362044215202332,-0.02185158059000969,0.6612166166305542,0.5928856134414673,-0.03107374906539917,0.6169865131378174,0.575560450553894,-0.036330483853816986,0.582415759563446,0.5643853545188904,-0.03995230793952942,0.7184458374977112,0.6852782368659973,-0.028388962149620056,0.6302802562713623,0.6288453340530396,-0.03618087247014046,0.5825649499893188,0.6017975211143494,-0.03972752392292023,0.5484442710876465,0.5816685557365417,-0.043207112699747086,0.696317732334137,0.7381938695907593,-0.03345069661736488,0.6196459531784058,0.6751147508621216,-0.038278233259916306,0.5779098272323608,0.6426864266395569,-0.039699528366327286,0.5483036041259766,0.6180635094642639,-0.04197303205728531,0.6780918836593628,0.793729305267334,-0.03820275515317917,0.6224635243415833,0.7346407175064087,-0.041746586561203,0.5925405621528625,0.7038500905036926,-0.03946993872523308,0.5686768889427185,0.6774385571479797,-0.03787560388445854,0.1678740382194519,0.9038434624671936,5.227058181844768e-07,0.14313514530658722,0.8026580214500427,-0.005722768604755402,0.1382194459438324,0.6955124735832214,-0.01798906736075878,0.13615402579307556,0.6157220602035522,-0.029676377773284912,0.12577609717845917,0.5584561228752136,-0.04180433601140976,0.19059200584888458,0.687902569770813,-0.03487854823470116,0.2642303705215454,0.6074793338775635,-0.05341486632823944,0.3070679306983948,0.5654218196868896,-0.062254950404167175,0.3388327956199646,0.5359557867050171,-0.06538672000169754,0.22599858045578003,0.7255753874778748,-0.0423537977039814,0.30189189314842224,0.6324968934059143,-0.0545777790248394,0.34516236186027527,0.5797107219696045,-0.05795150622725487,0.37563949823379517,0.541045069694519,-0.06023916229605675,0.26019805669784546,0.764377772808075,-0.04876639321446419,0.3277272582054138,0.6716656684875488,-0.0564115010201931,0.3661336302757263,0.6192363500595093,-0.055590737611055374,0.39266496896743774,0.5815635323524475,-0.055248409509658813,0.2900152802467346,0.8019618391990662,-0.05522863194346428,0.33951306343078613,0.7244543433189392,-0.0585300587117672,0.368651807308197,0.6799426674842834,-0.05364447459578514,0.3906655013561249,0.6444038152694702,-0.04952527582645416
83,0.830621600151062,0.816883385181427,2.4611196636215027e-07,0.8344558477401733,0.7164871692657471,0.0016580165829509497,0.8135886192321777,0.6213522553443909,-0.0038505245465785265,0.7954093217849731,0.542350172996521,-0.009985188953578472,0.7934294939041138,0.4866473078727722,-0.01785951852798462,0.7502775192260742,0.61187744140625,-0.018177710473537445,0.6747900247573853,0.5606299042701721,-0.028093330562114716,0.6336308121681213,0.5372618436813354,-0.034193504601716995,0.6011863946914673,0.5199145078659058,-0.038263313472270966,0.7246900200843811,0.6552426218986511,-0.02687094919383526,0.6442794799804688,0.5950081944465637,-0.0353858545422554,0.5968306660652161,0.562720537185669,-0.041471920907497406,0.5606881380081177,0.5382668972015381,-0.04684193804860115,0.7029607892036438,0.7037764191627502,-0.03406780958175659,0.6326317191123962,0.6401205658912659,-0.03967902436852455,0.5904679298400879,0.6049432754516602,-0.0431814081966877,0.5585060119628906,0.5780861377716064,-0.046919237822294235,0.685776948928833,0.7543337941169739,-0.040671687573194504,0.6336564421653748,0.6964322328567505,-0.045476123690605164,0.6040491461753845,0.6651785969734192,-0.04470057785511017,0.5792211890220642,0.6379844546318054,-0.04372601956129074,0.1677534580230713,0.9213911890983582,5.727978873437678e-07,0.1498260647058487,0.8191034197807312,-0.005823479499667883,0.15570439398288727,0.7103149890899658,-0.016697559505701065,0.15670672059059143,0.626214325428009,-0.026399847120046616,0.1503373682498932,0.5637788772583008,-0.03665369004011154,0.20933003723621368,0.6995810866355896,-0.0333629809319973,0.28964763879776,0.6269730925559998,-0.049854133278131485,0.3343769907951355,0.5863603353500366,-0.056650351732969284,0.36718010902404785,0.5590444207191467,-0.058379534631967545,0.24623945355415344,0.7415673732757568,-0.03950604796409607,0.3270493149757385,0.6530773043632507,-0.051090057939291,0.3722018599510193,0.6023669838905334,-0.05435996130108833,0.405208945274353,0.5626357197761536,-0.055952753871679306,0.28000470995903015,0.7847161889076233,-0.044320616871118546,0.35090315341949463,0.692700982093811,-0.052369970828294754,0.3913024067878723,0.6411791443824768,-0.05283033102750778,0.41940614581108093,0.601404070854187,-0.052736345678567886,0.3075100779533386,0.8247055411338806,-0.048723213374614716,0.35850989818573,0.7460758090019226,-0.05247780680656433,0.388479620218277,0.7032087445259094,-0.04837598279118538,0.41115105152130127,0.6678850650787354,-0.04421461001038551
84,0.8275930285453796,0.8042450547218323,2.8833281362494745e-07,0.8363832831382751,0.7023427486419678,0.0003512887633405626,0.8177909255027771,0.6089229583740234,-0.0065725985914468765,0.79979008436203,0.5278583765029907,-0.013387014158070087,0.7987287640571594,0.4691261053085327,-0.02208784408867359,0.7569259405136108,0.6021771430969238,-0.02433118037879467,0.67909175157547,0.5481718182563782,-0.03460192307829857,0.6372674107551575,0.5244368314743042,-0.03985653817653656,0.6039624214172363,0.5066153407096863,-0.0432029590010643,0.7270143628120422,0.6455615758895874,-0.03203793987631798,0.6448830366134644,0.5790917873382568,-0.04171184450387955,0.5985264182090759,0.5429954528808594,-0.0470232218503952,0.5650852918624878,0.5165829658508301,-0.05109825357794762,0.7029044032096863,0.6939343810081482,-0.03793695196509361,0.6307224035263062,0.6254115104675293,-0.044592611491680145,0.5895963311195374,0.5854541063308716,-0.0485544353723526,0.5595179796218872,0.5539524555206299,-0.05216783285140991,0.6844612956047058,0.7436772584915161,-0.0429447665810585,0.6302914619445801,0.6820266842842102,-0.04863029718399048,0.6014026999473572,0.6476243138313293,-0.04843984171748161,0.5779414176940918,0.6158850789070129,-0.04768925905227661,0.16255852580070496,0.9373159408569336,5.223915309215954e-07,0.14348843693733215,0.8337821960449219,-1.661034912103787e-05,0.15030263364315033,0.7235054969787598,-0.008244875818490982,0.1529923379421234,0.6370044350624084,-0.015988266095519066,0.1464138776063919,0.574211597442627,-0.024545811116695404,0.21084296703338623,0.7136790156364441,-0.028140129521489143,0.291549414396286,0.6356246471405029,-0.04133578762412071,0.3360072374343872,0.5953459739685059,-0.04548707231879234,0.36843812465667725,0.5687111020088196,-0.04525724798440933,0.24743832647800446,0.7533839344978333,-0.03568737581372261,0.3299841284751892,0.6591507792472839,-0.04361632466316223,0.37689077854156494,0.6067732572555542,-0.04501201957464218,0.409374475479126,0.5693182945251465,-0.045530837029218674,0.2795664072036743,0.7960655689239502,-0.04137403145432472,0.3536190092563629,0.700170636177063,-0.0453842394053936,0.3948139250278473,0.6461879014968872,-0.04583989456295967,0.4225110411643982,0.6051338911056519,-0.046346187591552734,0.305408775806427,0.8370850086212158,-0.04611491784453392,0.3592503070831299,0.7540551424026489,-0.046782515943050385,0.3896578550338745,0.7096485495567322,-0.04231024160981178,0.4115905165672302,0.6736288070678711,-0.03820522874593735
85,0.8237025141716003,0.835198163986206,1.7548889275076363e-07,0.8226560950279236,0.7381395697593689,0.0021233654115349054,0.7908956408500671,0.635989248752594,-0.00244701886549592,0.769291341304779,0.5558417439460754,-0.007109189871698618,0.771930992603302,0.49790263175964355,-0.014148188754916191,0.7387828826904297,0.6270161271095276,-0.02311641536653042,0.6568649411201477,0.5886138081550598,-0.035672690719366074,0.6101471185684204,0.569985568523407,-0.04302637279033661,0.5734792947769165,0.5554749369621277,-0.04801556095480919,0.7141488790512085,0.6746217608451843,-0.032813265919685364,0.6285235285758972,0.6241998076438904,-0.04442694038152695,0.5775008797645569,0.5941137075424194,-0.05033208802342415,0.5391858220100403,0.5687589645385742,-0.05530628561973572,0.6910848617553711,0.7277169227600098,-0.04096226394176483,0.6163805723190308,0.6700872182846069,-0.05061457306146622,0.5732386708259583,0.6355299949645996,-0.05402184650301933,0.5409956574440002,0.6059437990188599,-0.057012662291526794,0.6713641285896301,0.7844895720481873,-0.0482906810939312,0.6169775128364563,0.7276641130447388,-0.05681590363383293,0.5869713425636292,0.6958522200584412,-0.05741867050528526,0.5623253583908081,0.6662234663963318,-0.05715972185134888,0.15142540633678436,0.9227431416511536,5.379601475397067e-07,0.13625232875347137,0.8173328638076782,-0.0012233788147568703,0.14194917678833008,0.7092645764350891,-0.011666477657854557,0.14344307780265808,0.6243164539337158,-0.021919010207057,0.13393715023994446,0.5622009634971619,-0.0326041541993618,0.19920212030410767,0.6945288777351379,-0.027908436954021454,0.27957069873809814,0.6180078983306885,-0.04177134856581688,0.32427358627319336,0.5785386562347412,-0.04642776772379875,0.3561966121196747,0.5532763004302979,-0.04623529314994812,0.23602886497974396,0.738444983959198,-0.03531350567936897,0.31808796525001526,0.6451435089111328,-0.04336553439497948,0.36326664686203003,0.5941348671913147,-0.04393252730369568,0.3943731486797333,0.5562114715576172,-0.04374097287654877,0.26888135075569153,0.7828609943389893,-0.04120776429772377,0.3426959216594696,0.6872882843017578,-0.044683415442705154,0.38145536184310913,0.6358852386474609,-0.04237273335456848,0.40646958351135254,0.5971413850784302,-0.04084853082895279,0.296556293964386,0.8230369091033936,-0.04657569155097008,0.3496130704879761,0.7388290762901306,-0.04638804867863655,0.37922734022140503,0.693864643573761,-0.039877668023109436,0.3998905420303345,0.6559274196624756,-0.03407555818557739
86,0.8124767541885376,0.8653477430343628,2.53895819923855e-07,0.8109622597694397,0.757552981376648,-0.00014040980022400618,0.7770190834999084,0.6665828824043274,-0.006270004902034998,0.7436613440513611,0.5891613960266113,-0.01236664317548275,0.737348735332489,0.5261616110801697,-0.02028881572186947,0.7169029712677002,0.668620765209198,-0.019631240516901016,0.6291851997375488,0.6289688348770142,-0.030458103865385056,0.5805089473724365,0.6129339933395386,-0.03692248463630676,0.5421862602233887,0.6023299098014832,-0.041156984865665436,0.6938489079475403,0.7229505777359009,-0.027190126478672028,0.601143479347229,0.6716973781585693,-0.03781073912978172,0.5474807024002075,0.6443783044815063,-0.04461405798792839,0.5081074237823486,0.6246081590652466,-0.04998907446861267,0.6753284335136414,0.7797936201095581,-0.03352063149213791,0.5916051268577576,0.7203589677810669,-0.04198767989873886,0.5428354144096375,0.6900683641433716,-0.046133700758218765,0.506871223449707,0.6678998470306396,-0.04936406388878822,0.6615683436393738,0.8327995538711548,-0.03908979520201683,0.5959867835044861,0.7749565243721008,-0.04705306515097618,0.5614824295043945,0.7459112405776978,-0.04813558980822563,0.5331237316131592,0.7208530902862549,-0.04771445319056511,0.15266285836696625,0.8918326497077942,5.358398311727797e-07,0.13368241488933563,0.7892361283302307,-0.0025218932423740625,0.13429303467273712,0.6861492991447449,-0.013444088399410248,0.135015606880188,0.6072717308998108,-0.02392597496509552,0.12595760822296143,0.5500950813293457,-0.03533541411161423,0.19256968796253204,0.6741640567779541,-0.031006915494799614,0.26909202337265015,0.6000367403030396,-0.045496340841054916,0.312502384185791,0.5617193579673767,-0.0507390983402729,0.34400835633277893,0.5357282161712646,-0.05132099241018295,0.22838890552520752,0.7155742049217224,-0.038255725055933,0.3074391186237335,0.6250457167625427,-0.04681427404284477,0.35168027877807617,0.5756669044494629,-0.047758977860212326,0.3820946216583252,0.5402406454086304,-0.04842843487858772,0.2598128616809845,0.7590206265449524,-0.04420262202620506,0.33213120698928833,0.6661556959152222,-0.04902612417936325,0.370699942111969,0.6147512197494507,-0.048642847687006,0.39639461040496826,0.5776145458221436,-0.04880853742361069,0.28657057881355286,0.8000704646110535,-0.0496685616672039,0.33884909749031067,0.719096839427948,-0.052204929292201996,0.3689166307449341,0.6731044054031372,-0.04855336248874664,0.3914223313331604,0.6353451013565063,-0.0451011061668396
87,0.8169533014297485,0.8160218000411987,1.8423077108309371e-07,0.8115279674530029,0.7203015685081482,0.005646563600748777,0.7717831134796143,0.6297675371170044,0.002367387991398573,0.7427948713302612,0.5565351843833923,-0.0016510599525645375,0.7403364777565002,0.5015772581100464,-0.007619496434926987,0.7147682905197144,0.6204553246498108,-0.018606094643473625,0.6311584115028381,0.5903918147087097,-0.02955467440187931,0.5868567228317261,0.577009916305542,-0.03589930012822151,0.554472804069519,0.5688872933387756,-0.039533521980047226,0.6939342617988586,0.6699786186218262,-0.027772659435868263,0.6049743294715881,0.6275825500488281,-0.03663250803947449,0.557464599609375,0.6065467000007629,-0.04004542529582977,0.5239384174346924,0.5902366042137146,-0.04289493337273598,0.6747070550918579,0.7229059934616089,-0.03499078005552292,0.5981541872024536,0.6732466816902161,-0.04082481190562248,0.556428849697113,0.645022988319397,-0.04020116478204727,0.5277844667434692,0.6225290894508362,-0.04066663607954979,0.6591964960098267,0.7794340252876282,-0.041234031319618225,0.6024552583694458,0.7289291024208069,-0.045619215816259384,0.5731447339057922,0.7011671662330627,-0.04212838411331177,0.5500455498695374,0.6756520867347717,-0.038936130702495575,0.15587404370307922,0.9064099192619324,4.839008056478633e-07,0.13558000326156616,0.8041584491729736,-0.0019130309810861945,0.13679775595664978,0.6948121786117554,-0.011986592784523964,0.1391642838716507,0.6123272776603699,-0.022220535203814507,0.13041415810585022,0.5538287162780762,-0.033136941492557526,0.19275212287902832,0.6839898824691772,-0.028225213289260864,0.2659558951854706,0.6089856028556824,-0.044611718505620956,0.30907338857650757,0.5721353888511658,-0.05247644707560539,0.34082940220832825,0.5480318665504456,-0.055077504366636276,0.22729361057281494,0.7218416333198547,-0.0374048687517643,0.3056158721446991,0.6360778212547302,-0.04627959802746773,0.3509058356285095,0.5872530937194824,-0.04906543344259262,0.38385897874832153,0.5511343479156494,-0.0514679029583931,0.25929591059684753,0.7644092440605164,-0.0456380695104599,0.3312590420246124,0.6780799031257629,-0.05040116235613823,0.3713890016078949,0.628542959690094,-0.05028313770890236,0.3999907374382019,0.5921413898468018,-0.05123673006892204,0.2865385115146637,0.8063273429870605,-0.053669482469558716,0.3374257981777191,0.7316461205482483,-0.055614374577999115,0.36763447523117065,0.6897083520889282,-0.05135689303278923,0.3914121389389038,0.6562830805778503,-0.04797139763832092
88,0.8216137290000916,0.8057804107666016,2.623534101076075e-07,0.8250952959060669,0.6991878151893616,0.0026350142434239388,0.7995938062667847,0.6085121035575867,-0.0025710295885801315,0.7761149406433105,0.5283846855163574,-0.008173997513949871,0.7741425633430481,0.46784403920173645,-0.01571637950837612,0.7392481565475464,0.6045591831207275,-0.01935001090168953,0.660691499710083,0.5573000907897949,-0.028566204011440277,0.618108868598938,0.5360878705978394,-0.033411938697099686,0.584061861038208,0.5204485654830933,-0.036750428378582,0.712192952632904,0.6505377888679504,-0.0278676375746727,0.6281148195266724,0.59034264087677,-0.036650754511356354,0.5796730518341064,0.5573038458824158,-0.04227779805660248,0.543800950050354,0.5325268507003784,-0.04679902270436287,0.6916987895965576,0.7016783356666565,-0.03441344201564789,0.6163961887359619,0.6386502981185913,-0.04070284962654114,0.5726954936981201,0.6033297777175903,-0.04502769559621811,0.5409924387931824,0.5765451192855835,-0.04885158687829971,0.677791953086853,0.7516297698020935,-0.039986997842788696,0.6200642585754395,0.69171142578125,-0.045417703688144684,0.5894070863723755,0.6598085761070251,-0.04497238248586655,0.5650832653045654,0.630891740322113,-0.04400215670466423,0.15818175673484802,0.9144787788391113,5.454498364088067e-07,0.13736052811145782,0.8112920522689819,-0.004132985603064299,0.14031416177749634,0.7048957943916321,-0.015286649577319622,0.1426253616809845,0.6235384345054626,-0.025865398347377777,0.13437828421592712,0.5641975998878479,-0.037130896002054214,0.20207864046096802,0.6967113614082336,-0.031600553542375565,0.2795744240283966,0.6264113783836365,-0.04820210859179497,0.3252447843551636,0.5900048017501831,-0.056570880115032196,0.36005979776382446,0.5663825869560242,-0.05948495492339134,0.238692969083786,0.7386589646339417,-0.03912600129842758,0.31918036937713623,0.6541576385498047,-0.04817231371998787,0.3658093810081482,0.6063427925109863,-0.05147451534867287,0.40016287565231323,0.5715708136558533,-0.054220814257860184,0.2715683877468109,0.7823618650436401,-0.04541357606649399,0.3430825471878052,0.6955150961875916,-0.05053816735744476,0.3833962380886078,0.6455360054969788,-0.05029129236936569,0.41239824891090393,0.6085507869720459,-0.050972260534763336,0.2979133129119873,0.8220105767250061,-0.0515165813267231,0.3493751287460327,0.7469875812530518,-0.053670380264520645,0.3796355128288269,0.7061865329742432,-0.048803623765707016,0.4040336012840271,0.6732265949249268,-0.04472549259662628
89,0.8287570476531982,0.8457924127578735,1.6189906659747066e-07,0.8271755576133728,0.7417190074920654,0.00596027122810483,0.7889102101325989,0.6431430578231812,0.003763665445148945,0.7599101662635803,0.5633672475814819,0.0005048047751188278,0.7590651512145996,0.5027256608009338,-0.005001686047762632,0.739025890827179,0.633266270160675,-0.014313234016299248,0.6518831253051758,0.593578040599823,-0.023983953520655632,0.6019449830055237,0.5774945616722107,-0.030572423711419106,0.5622104406356812,0.5673672556877136,-0.035129569470882416,0.7152773141860962,0.6840634346008301,-0.024612335488200188,0.6252810955047607,0.6330028772354126,-0.03231821954250336,0.5716193914413452,0.6053448915481567,-0.037876833230257034,0.5311694741249084,0.5848461389541626,-0.042826760560274124,0.6934425830841064,0.7396830320358276,-0.03324544429779053,0.6136066913604736,0.6824455857276917,-0.038309548050165176,0.5686277151107788,0.6508513689041138,-0.04062603786587715,0.5346523523330688,0.6269434690475464,-0.0435696542263031,0.6757163405418396,0.7958518862724304,-0.04096217453479767,0.6165827512741089,0.7398127913475037,-0.04514095187187195,0.5857915878295898,0.7114511728286743,-0.04334520548582077,0.5602053999900818,0.6861926317214966,-0.041756127029657364,0.1551634967327118,0.8777249455451965,4.790985030922457e-07,0.12980219721794128,0.7842294573783875,-0.004115589428693056,0.12315394729375839,0.6796191334724426,-0.01460149697959423,0.12084418535232544,0.6016812324523926,-0.025045616552233696,0.10976541042327881,0.5472742319107056,-0.035736411809921265,0.18745078146457672,0.657941460609436,-0.023851145058870316,0.25332149863243103,0.5836071968078613,-0.03653643652796745,0.2917054295539856,0.5469532012939453,-0.04278777912259102,0.3180801570415497,0.5220064520835876,-0.04482578486204147,0.2231496423482895,0.6951718330383301,-0.030559701845049858,0.29006022214889526,0.6097996234893799,-0.03599745035171509,0.32425057888031006,0.562189519405365,-0.03730620816349983,0.34616395831108093,0.5279008150100708,-0.03875986486673355,0.25405237078666687,0.7379587888717651,-0.036611512303352356,0.31585001945495605,0.654001772403717,-0.03838605061173439,0.3471974730491638,0.609516978263855,-0.03474864363670349,0.3674086630344391,0.5789635181427002,-0.03337617591023445,0.2799310088157654,0.7816986441612244,-0.04292471706867218,0.32373619079589844,0.7089894413948059,-0.04298153147101402,0.3474034070968628,0.6692789196968079,-0.035679902881383896,0.3651310205459595,0.6373301148414612,-0.029704507440328598
90,0.8231552243232727,0.8443692922592163,1.348298610537313e-07,0.8177004456520081,0.7374981641769409,0.008423611521720886,0.7798648476600647,0.6438471078872681,0.007632207591086626,0.7483765482902527,0.5680620074272156,0.0054616257548332214,0.7453892230987549,0.5090599060058594,0.0007898108451627195,0.7240419983863831,0.6402022838592529,-0.012427535839378834,0.6372237205505371,0.604080080986023,-0.020560739561915398,0.5896316170692444,0.5903050899505615,-0.025485621765255928,0.5541853904724121,0.5805179476737976,-0.028923556208610535,0.7017391920089722,0.6893393397331238,-0.022884123027324677,0.6084375977516174,0.6464143991470337,-0.030117936432361603,0.5571247935295105,0.623801589012146,-0.034303829073905945,0.5205122828483582,0.6042706966400146,-0.03796100243926048,0.6825605034828186,0.7441758513450623,-0.031350404024124146,0.5997142195701599,0.6936648488044739,-0.03634193539619446,0.5536300539970398,0.6646830439567566,-0.03745638579130173,0.519485592842102,0.6392931938171387,-0.03943929821252823,0.6680818796157837,0.8014463782310486,-0.03845168650150299,0.6042227745056152,0.7508965134620667,-0.043012093752622604,0.5726778507232666,0.7235406637191772,-0.04059920087456703,0.5473436117172241,0.6961115598678589,-0.03831801936030388,0.15611441433429718,0.88385409116745,4.648155993436376e-07,0.12715774774551392,0.7899021506309509,-0.0009143017814494669,0.12038591504096985,0.6842247843742371,-0.010138608515262604,0.1170407086610794,0.603973388671875,-0.01976807415485382,0.1044517308473587,0.5482832193374634,-0.03028157539665699,0.17327946424484253,0.6579925417900085,-0.02435913309454918,0.23809672892093658,0.5737910270690918,-0.03722315654158592,0.27544960379600525,0.5304594039916992,-0.04199172928929329,0.30158719420433044,0.5026184320449829,-0.04283565655350685,0.20938032865524292,0.69127357006073,-0.03326854854822159,0.27672040462493896,0.5946162343025208,-0.040245406329631805,0.3128274083137512,0.5406113862991333,-0.04124263674020767,0.33722490072250366,0.4994874894618988,-0.04191206023097038,0.24345198273658752,0.7309346199035645,-0.041340503841638565,0.3044240474700928,0.6323540806770325,-0.045301929116249084,0.33687371015548706,0.576941192150116,-0.0456199012696743,0.358481764793396,0.5356277823448181,-0.04659567028284073,0.27450844645500183,0.7718090415000916,-0.04896591976284981,0.3163154721260071,0.6885949373245239,-0.05225372686982155,0.3412415683269501,0.6387363076210022,-0.04999053478240967,0.36033374071121216,0.5962933301925659,-0.04757801443338394
91,0.8246167302131653,0.8145527839660645,2.2662894139102718e-07,0.8244419097900391,0.7098630666732788,0.004194960929453373,0.7974597215652466,0.6189180016517639,-0.0007062717340886593,0.7724248170852661,0.5421038866043091,-0.006663631182163954,0.7702720761299133,0.4843882918357849,-0.014516358263790607,0.7375649213790894,0.6175047755241394,-0.016953004524111748,0.6542890667915344,0.5699809789657593,-0.026617420837283134,0.610584557056427,0.5492162108421326,-0.031956013292074203,0.5769275426864624,0.5357662439346313,-0.0351201631128788,0.7133184671401978,0.6637365818023682,-0.02649741619825363,0.6271659731864929,0.6044045090675354,-0.03492831811308861,0.578488826751709,0.5746300220489502,-0.04027324542403221,0.5421884059906006,0.5533193945884705,-0.04446188732981682,0.6934841275215149,0.7141469717025757,-0.03411339968442917,0.6168901324272156,0.6495707631111145,-0.03959615156054497,0.5735406875610352,0.6162080764770508,-0.04167508706450462,0.5410469770431519,0.5918847322463989,-0.044017478823661804,0.6784771680831909,0.764620304107666,-0.04077699035406113,0.6199979186058044,0.7041604518890381,-0.04479420930147171,0.5893068313598633,0.6730890274047852,-0.04204076528549194,0.5643148422241211,0.6465557813644409,-0.03939373046159744,0.15136152505874634,0.9267129302024841,4.851675043937576e-07,0.14087671041488647,0.8226778507232666,-0.003489973722025752,0.15299974381923676,0.7067829370498657,-0.01204744167625904,0.1560053527355194,0.6223617792129517,-0.0204960647970438,0.1481291502714157,0.5618021488189697,-0.02941061556339264,0.21291214227676392,0.6915895938873291,-0.024588054046034813,0.29159635305404663,0.6269056797027588,-0.03944455459713936,0.337753027677536,0.5918831825256348,-0.04844355210661888,0.3723960816860199,0.5684333443641663,-0.05299065262079239,0.24742963910102844,0.7330973744392395,-0.03292875736951828,0.3310667872428894,0.6561396718025208,-0.040720026940107346,0.3793940544128418,0.6104622483253479,-0.04503616318106651,0.4141513705253601,0.5738898515701294,-0.04907303676009178,0.2790835499763489,0.7804687023162842,-0.04037397727370262,0.3535219430923462,0.6987892985343933,-0.045570604503154755,0.3976842164993286,0.6523619294166565,-0.0458342619240284,0.4271015524864197,0.6176109313964844,-0.04706006869673729,0.3048452138900757,0.8280059099197388,-0.047756265848875046,0.3579270541667938,0.7551828026771545,-0.049021970480680466,0.38860106468200684,0.7153031826019287,-0.04337489977478981,0.41101378202438354,0.6827619075775146,-0.039170317351818085
92,0.8332559466362,0.8313075304031372,2.087769530589867e-07,0.8323871493339539,0.7340887784957886,0.0017881853273138404,0.8001189827919006,0.6320130825042725,-0.0034755244851112366,0.7756825089454651,0.5499089360237122,-0.009138726629316807,0.7732995748519897,0.49026209115982056,-0.01666373759508133,0.7499074935913086,0.6227999925613403,-0.020732862874865532,0.6651139855384827,0.5818876028060913,-0.03305596485733986,0.6175416707992554,0.5640894174575806,-0.040146443992853165,0.5827409029006958,0.5506148934364319,-0.04448739066720009,0.7260814309120178,0.6715664267539978,-0.030079344287514687,0.6383325457572937,0.6182585954666138,-0.041196491569280624,0.5883314609527588,0.5877010822296143,-0.04651191458106041,0.5533133149147034,0.562379002571106,-0.050336893647909164,0.703147828578949,0.7264100313186646,-0.038119662553071976,0.6259904503822327,0.6663680672645569,-0.04624256119132042,0.582907497882843,0.6286169290542603,-0.047443937510252,0.5529900789260864,0.595890998840332,-0.048691317439079285,0.6827197670936584,0.7839173674583435,-0.04552459344267845,0.6261460781097412,0.7237943410873413,-0.05107400193810463,0.5964649319648743,0.6899672746658325,-0.048443447798490524,0.5731295943260193,0.6590972542762756,-0.045928940176963806,0.15097925066947937,0.9193758964538574,4.6257090957624314e-07,0.14036524295806885,0.8122001886367798,0.003350005717948079,0.15900850296020508,0.697748601436615,-0.0002169048530049622,0.16664697229862213,0.614077091217041,-0.0048344009555876255,0.15643499791622162,0.5537760257720947,-0.010125866159796715,0.2226032167673111,0.679835319519043,-0.0080605773255229,0.3005944490432739,0.6150211691856384,-0.01663961447775364,0.3467254042625427,0.5819696187973022,-0.021611599251627922,0.37873774766921997,0.5603457093238831,-0.02308141440153122,0.2553381621837616,0.722740650177002,-0.01676168665289879,0.3368425965309143,0.6461780667304993,-0.018193867057561874,0.384047269821167,0.6037817597389221,-0.01931130327284336,0.41613897681236267,0.5708267092704773,-0.020875725895166397,0.2830423414707184,0.7705163955688477,-0.024687953293323517,0.3558046221733093,0.6907259821891785,-0.023724745959043503,0.39710307121276855,0.6463205814361572,-0.022532397881150246,0.4240305423736572,0.611646831035614,-0.02317247912287712,0.30533891916275024,0.8169146180152893,-0.032215915620326996,0.35806334018707275,0.7439655661582947,-0.030522383749485016,0.38972270488739014,0.704518735408783,-0.024813463911414146,0.41229599714279175,0.6722007989883423,-0.020383192226290703
93,0.8213617205619812,0.8505150079727173,1.6314690753915784e-07,0.8104072213172913,0.7458285689353943,0.005754543002694845,0.7730271816253662,0.656470000743866,0.002587218303233385,0.7369445562362671,0.5821757912635803,-0.0016500253695994616,0.7271603941917419,0.5219016075134277,-0.008275716565549374,0.7161555290222168,0.6602792739868164,-0.012102128937840462,0.6276545524597168,0.6293413639068604,-0.021894872188568115,0.5795297622680664,0.6185150742530823,-0.02881404012441635,0.5405846834182739,0.6119060516357422,-0.03332880511879921,0.6963600516319275,0.7143492102622986,-0.02211945317685604,0.6014525294303894,0.6731840968132019,-0.03008156269788742,0.5464751720428467,0.652877926826477,-0.03652477264404297,0.5057612657546997,0.6394695043563843,-0.04234010726213455,0.681455671787262,0.7717878222465515,-0.030686279758810997,0.5967556238174438,0.723172664642334,-0.03672364354133606,0.5484473705291748,0.6989408731460571,-0.03961814567446709,0.5121438503265381,0.6812600493431091,-0.04276541247963905,0.6709056496620178,0.8277750611305237,-0.038151200860738754,0.6041136980056763,0.7801722288131714,-0.043999072164297104,0.5687819719314575,0.7561165690422058,-0.04366069287061691,0.5382105708122253,0.7340602874755859,-0.04278964176774025,0.16237954795360565,0.8766769170761108,4.76008551686391e-07,0.14308349788188934,0.7716334462165833,0.003156454535201192,0.14457860589027405,0.6702606678009033,-0.004280395805835724,0.14479665458202362,0.5907350778579712,-0.012224266305565834,0.13555005192756653,0.5341804027557373,-0.021029189229011536,0.20386873185634613,0.6508050560951233,-0.02156006172299385,0.2797671854496002,0.5762439966201782,-0.031983811408281326,0.3211343586444855,0.5389441251754761,-0.03346007689833641,0.3504675030708313,0.5139539837837219,-0.03177540749311447,0.24096909165382385,0.6883471608161926,-0.030018586665391922,0.3207639753818512,0.5974310040473938,-0.0351412259042263,0.3618673086166382,0.5496537685394287,-0.03273799270391464,0.3909406065940857,0.5143845677375793,-0.0310687068849802,0.27260681986808777,0.7304900288581848,-0.03713444247841835,0.34534454345703125,0.6374792456626892,-0.039419982582330704,0.38139915466308594,0.5890045166015625,-0.0368192084133625,0.4059901833534241,0.5527043342590332,-0.035918865352869034,0.2988951504230499,0.7720322608947754,-0.04338512197136879,0.34792378544807434,0.6896960735321045,-0.04481997340917587,0.37473350763320923,0.6436343789100647,-0.04058137908577919,0.3959052264690399,0.604292094707489,-0.03687823563814163
94,0.8273913860321045,0.8114309906959534,1.5247239559812442e-07,0.8217223286628723,0.7104305624961853,0.010966056026518345,0.7802819013595581,0.6232103109359741,0.011458005756139755,0.7478430271148682,0.5504499673843384,0.010146296583116055,0.7447922229766846,0.49344876408576965,0.0067153978161513805,0.7270569801330566,0.6144976615905762,-0.010215562768280506,0.6424576044082642,0.5820921659469604,-0.017626797780394554,0.5957005023956299,0.5696849226951599,-0.021270589902997017,0.5603203773498535,0.5642679929733276,-0.02350538782775402,0.7070547938346863,0.6623539328575134,-0.021324677392840385,0.6161859631538391,0.6172939538955688,-0.029074668884277344,0.5658004283905029,0.5960322618484497,-0.03266114741563797,0.5291047692298889,0.582338809967041,-0.03506235033273697,0.6889076232910156,0.7154140472412109,-0.03001168556511402,0.6080130934715271,0.6653103232383728,-0.03522752597928047,0.5627206563949585,0.6400923132896423,-0.035840097814798355,0.5292875170707703,0.6232520341873169,-0.03669899329543114,0.6753827333450317,0.7723381519317627,-0.037148717790842056,0.6144282221794128,0.7224928736686707,-0.04082021489739418,0.5822916030883789,0.6972646117210388,-0.03785339370369911,0.5561665892601013,0.675328254699707,-0.03487347066402435,0.15309542417526245,0.9100212454795837,4.612901136624714e-07,0.1413261592388153,0.8031289577484131,-0.0032778012100607157,0.15445338189601898,0.6892909407615662,-0.01220971904695034,0.15954367816448212,0.6031152009963989,-0.021862879395484924,0.15369564294815063,0.5399002432823181,-0.03241770341992378,0.21295954287052155,0.6762930154800415,-0.020835092291235924,0.2886897027492523,0.6069631576538086,-0.037548311054706573,0.3352348208427429,0.5696422457695007,-0.048005420714616776,0.3697640299797058,0.5441880226135254,-0.053058359771966934,0.24653339385986328,0.716640830039978,-0.030007848516106606,0.3274373710155487,0.6377553939819336,-0.04026731476187706,0.3763347268104553,0.5906042456626892,-0.04661402478814125,0.4124191105365753,0.5542046427726746,-0.05144891515374184,0.27694231271743774,0.7625337243080139,-0.03887989744544029,0.3503175675868988,0.6812673807144165,-0.0454990416765213,0.39345380663871765,0.633300244808197,-0.04737066477537155,0.4241582453250885,0.5970216393470764,-0.04937724024057388,0.3015120029449463,0.8082231879234314,-0.04785744473338127,0.35491716861724854,0.7372688055038452,-0.0512271448969841,0.38755035400390625,0.6940537095069885,-0.04794596508145332,0.4133269786834717,0.658481776714325,-0.045189086347818375
95,0.832172691822052,0.8133889436721802,2.2062235416342446e-07,0.8299938440322876,0.7091664671897888,0.004176756367087364,0.8015695810317993,0.6176294684410095,-0.0011926271254196763,0.7715896964073181,0.5390992164611816,-0.007141267880797386,0.7627138495445251,0.4779120087623596,-0.015340682119131088,0.7484866976737976,0.6163976192474365,-0.021265177056193352,0.6631922125816345,0.5722679495811462,-0.03167565166950226,0.6174843311309814,0.5544498562812805,-0.0370146743953228,0.5815746784210205,0.5412765741348267,-0.040188685059547424,0.724376916885376,0.66557377576828,-0.030858812853693962,0.6316214203834534,0.6088372468948364,-0.042022231966257095,0.5780106782913208,0.5790401697158813,-0.0485486201941967,0.5388071537017822,0.5581520795822144,-0.05322601646184921,0.7055918574333191,0.7195160984992981,-0.03817764297127724,0.6235637068748474,0.6595504283905029,-0.04581963270902634,0.5753074884414673,0.6261952519416809,-0.0498821958899498,0.5400180816650391,0.6014922857284546,-0.053062353283166885,0.6916995048522949,0.773826539516449,-0.04422125592827797,0.6283837556838989,0.7144433856010437,-0.050103962421417236,0.5941011905670166,0.6830500364303589,-0.04946460202336311,0.5661476850509644,0.6568177938461304,-0.04818066582083702,0.15766724944114685,0.9123605489730835,4.6623253524558095e-07,0.14428333938121796,0.8032091856002808,0.005800039041787386,0.1621088981628418,0.6932678818702698,0.0015545305795967579,0.17106162011623383,0.6051560044288635,-0.003573343623429537,0.16309574246406555,0.5425972938537598,-0.00973475631326437,0.22727543115615845,0.6810728311538696,-0.012431873939931393,0.3059132695198059,0.6106386780738831,-0.019883854314684868,0.3500305712223053,0.574840247631073,-0.022535866126418114,0.38259702920913696,0.5505242943763733,-0.02255643717944622,0.2621222138404846,0.7214991450309753,-0.02155148610472679,0.344180166721344,0.637158215045929,-0.022697556763887405,0.3919919431209564,0.5916609764099121,-0.022498490288853645,0.4262458086013794,0.5574702620506287,-0.023286869749426842,0.2905868887901306,0.7676339149475098,-0.028997303918004036,0.3648338317871094,0.6816575527191162,-0.027272716164588928,0.4078062176704407,0.6339330077171326,-0.026279151439666748,0.43727171421051025,0.5955663919448853,-0.027640292420983315,0.3121943473815918,0.8133267164230347,-0.035425640642642975,0.3660725951194763,0.7376904487609863,-0.03314484283328056,0.39815592765808105,0.6957788467407227,-0.028057487681508064,0.42177867889404297,0.659996509552002,-0.02453576773405075
96,0.8283060193061829,0.8053581118583679,2.5318857410638884e-07,0.8266255855560303,0.7019071578979492,0.0035595265217125416,0.7982170581817627,0.6113187074661255,-0.002825306262820959,0.7715807557106018,0.5334316492080688,-0.009498445317149162,0.7643172740936279,0.4727521240711212,-0.01828549988567829,0.7432411313056946,0.6094247102737427,-0.02382085472345352,0.6564777493476868,0.5630966424942017,-0.034901246428489685,0.6118787527084351,0.5430499911308289,-0.0402122437953949,0.5773400068283081,0.5287795662879944,-0.04298743978142738,0.7186823487281799,0.6574208736419678,-0.03292347863316536,0.6272203922271729,0.6011615991592407,-0.04401819035410881,0.5757661461830139,0.5721038579940796,-0.049506910145282745,0.5382113456726074,0.5502591133117676,-0.05324018374085426,0.698347806930542,0.7096401453018188,-0.03976752609014511,0.617724597454071,0.6472649574279785,-0.04710685834288597,0.572483479976654,0.6142289042472839,-0.049610380083322525,0.539510190486908,0.5883793234825134,-0.05180331692099571,0.6831951141357422,0.7621088027954102,-0.04529862850904465,0.6218770742416382,0.7031963467597961,-0.05003304034471512,0.5916520953178406,0.672812283039093,-0.047485608607530594,0.5674985647201538,0.6461794376373291,-0.044846437871456146,0.15160241723060608,0.9226874113082886,4.1794564253905264e-07,0.1412946581840515,0.8097441792488098,0.009048034437000751,0.16005530953407288,0.6985933184623718,0.006758382543921471,0.1692211627960205,0.6115826964378357,0.0030523508321493864,0.161478191614151,0.547501802444458,-0.001278425334021449,0.22372350096702576,0.6864796876907349,-0.009931391105055809,0.30670812726020813,0.6148897409439087,-0.01750393770635128,0.35176801681518555,0.580456018447876,-0.019147416576743126,0.38483428955078125,0.5570892095565796,-0.01789260283112526,0.2584654688835144,0.728236198425293,-0.02027980610728264,0.34484973549842834,0.6402740478515625,-0.021553536877036095,0.3934585452079773,0.5937983989715576,-0.019783254712820053,0.42776620388031006,0.560088038444519,-0.018801506608724594,0.2872607409954071,0.7755264639854431,-0.028888385742902756,0.3648255467414856,0.6869205832481384,-0.027050413191318512,0.4083283245563507,0.6395576000213623,-0.024662286043167114,0.4377366900444031,0.602540910243988,-0.02430608868598938,0.31004273891448975,0.8222874999046326,-0.03632211312651634,0.36742955446243286,0.7429758906364441,-0.033534567803144455,0.40010830760002136,0.7015820741653442,-0.027454940602183342,0.42433595657348633,0.6668463945388794,-0.02269219420850277
97,0.8253675103187561,0.8071101903915405,1.8745608088011068e-07,0.821422815322876,0.7075644135475159,0.005598471034318209,0.7872254252433777,0.6105439066886902,0.0024827830493450165,0.7605985999107361,0.5328435897827148,-0.0017263524932786822,0.7570014595985413,0.4745978116989136,-0.008376670069992542,0.7364920973777771,0.6090825200080872,-0.01955747790634632,0.6528509855270386,0.5692633986473083,-0.0302947498857975,0.6059527397155762,0.548797607421875,-0.03581930696964264,0.5691424608230591,0.5332123041152954,-0.0396476611495018,0.7152270078659058,0.6546031832695007,-0.030419083312153816,0.6270979046821594,0.6057823300361633,-0.04100379720330238,0.5750636458396912,0.5770400166511536,-0.046309977769851685,0.5369036197662354,0.5536954998970032,-0.05056948587298393,0.6949702501296997,0.7067263722419739,-0.039320655167102814,0.6156041622161865,0.6524125933647156,-0.04727252572774887,0.5708554983139038,0.6185786128044128,-0.04939432069659233,0.5381109714508057,0.589214563369751,-0.05186692997813225,0.6773236393928528,0.76383376121521,-0.04710182920098305,0.6180981993675232,0.7133665084838867,-0.05404987186193466,0.5862675309181213,0.6838665008544922,-0.05317138880491257,0.5604169368743896,0.6557445526123047,-0.05207441747188568,0.14793726801872253,0.9215117692947388,4.0662362721377576e-07,0.1390736997127533,0.8083566427230835,0.004602584056556225,0.15583151578903198,0.6914128661155701,0.0023780902847647667,0.16299986839294434,0.6070082187652588,-0.0018703968962654471,0.15456169843673706,0.5465266704559326,-0.006077392026782036,0.2201620638370514,0.6753756999969482,9.879711433313787e-05,0.29539984464645386,0.6107020974159241,-0.008393480442464352,0.34078603982925415,0.5788854956626892,-0.014363240450620651,0.3726895749568939,0.5561171770095825,-0.016550101339817047,0.2526208758354187,0.7147292494773865,-0.009266296401619911,0.3339769244194031,0.6404909491539001,-0.010117646306753159,0.3808629512786865,0.5999929904937744,-0.011568179354071617,0.414047509431839,0.5673747658729553,-0.013262909837067127,0.2804967761039734,0.7610421776771545,-0.018602190539240837,0.35105398297309875,0.6855056881904602,-0.016862327232956886,0.39067238569259644,0.6448957324028015,-0.01484658569097519,0.4172477126121521,0.6133493781089783,-0.014540216885507107,0.30366602540016174,0.8084004521369934,-0.027971409261226654,0.3564496636390686,0.7369067668914795,-0.023990007117390633,0.38670042157173157,0.7007421255111694,-0.01627206802368164,0.40873730182647705,0.6711071729660034,-0.01044983509927988
98,0.8123422265052795,0.8296682834625244,1.833565335118692e-07,0.8055276274681091,0.7213555574417114,0.004910723771899939,0.7691938877105713,0.635924756526947,0.0013443032512441278,0.7345587611198425,0.5640072822570801,-0.002791367704048753,0.7234479188919067,0.5054634809494019,-0.009161511436104774,0.7122503519058228,0.6398376226425171,-0.01569155603647232,0.6270207166671753,0.6078916192054749,-0.02526014856994152,0.5802362561225891,0.5974332690238953,-0.031714897602796555,0.5419657230377197,0.5905858874320984,-0.036148976534605026,0.6909608840942383,0.6943557262420654,-0.024524947628378868,0.5997547507286072,0.6528890132904053,-0.033508140593767166,0.5468045473098755,0.6310878992080688,-0.040474504232406616,0.5068273544311523,0.6150638461112976,-0.046557407826185226,0.6746861338615417,0.7517598867416382,-0.03148186579346657,0.5920214653015137,0.7027793526649475,-0.038156237453222275,0.5435857772827148,0.6779218316078186,-0.04223226383328438,0.506645917892456,0.6600369811058044,-0.045975327491760254,0.6639730334281921,0.8062060475349426,-0.03715400770306587,0.5986074209213257,0.7563306093215942,-0.04355435445904732,0.56425541639328,0.7316149473190308,-0.043942373245954514,0.5347697734832764,0.7101296186447144,-0.04340905323624611,0.15655511617660522,0.8654553294181824,5.051491598351276e-07,0.13465745747089386,0.7639420032501221,0.00011845098924823105,0.13036945462226868,0.6603603363037109,-0.01007561944425106,0.1273171752691269,0.57958984375,-0.020657626911997795,0.11749746650457382,0.5232602953910828,-0.031915925443172455,0.1890638917684555,0.6384577751159668,-0.027191314846277237,0.2630298435688019,0.5538309812545776,-0.039908524602651596,0.30329078435897827,0.515665590763092,-0.042510341852903366,0.33142465353012085,0.4901736378669739,-0.04162156954407692,0.22523269057273865,0.6737781167030334,-0.03536692261695862,0.2999458909034729,0.573948085308075,-0.041956134140491486,0.3384403586387634,0.5242116451263428,-0.039991915225982666,0.36417239904403687,0.4902092218399048,-0.03885307535529137,0.2569275498390198,0.7148077487945557,-0.04250253364443779,0.32539263367652893,0.6148480772972107,-0.045222338289022446,0.35854074358940125,0.5633826851844788,-0.042102593928575516,0.38053959608078003,0.526574969291687,-0.0412500761449337,0.2855931520462036,0.7566040754318237,-0.04930977523326874,0.3324102759361267,0.6737867593765259,-0.051204532384872437,0.3581603765487671,0.628172755241394,-0.04696061462163925,0.37869685888290405,0.5900412201881409,-0.04347408935427666
99,0.8159785866737366,0.7836918830871582,2.5340816023344814e-07,0.8126217126846313,0.6861653923988342,0.004343689419329166,0.7771578431129456,0.5982795357704163,-0.0005721881170757115,0.7482360005378723,0.5244072675704956,-0.006562148220837116,0.7448371052742004,0.46692612767219543,-0.014413041062653065,0.7180233001708984,0.5966456532478333,-0.016648851335048676,0.6361613869667053,0.5601768493652344,-0.027173802256584167,0.5933060050010681,0.5438629388809204,-0.033412251621484756,0.5616869926452637,0.5335349440574646,-0.03717190772294998,0.696099579334259,0.6432409286499023,-0.025919174775481224,0.6095226407051086,0.5951600074768066,-0.034600984305143356,0.5620312690734863,0.5699496865272522,-0.03968149796128273,0.5277198553085327,0.5506978034973145,-0.043635107576847076,0.6771543622016907,0.693946897983551,-0.033369436860084534,0.6000878810882568,0.6406382322311401,-0.0394001342356205,0.5577763319015503,0.6103700399398804,-0.04076020047068596,0.5275310277938843,0.5870288610458374,-0.04265528917312622,0.6628172397613525,0.7471601366996765,-0.0399235263466835,0.6055919528007507,0.6961183547973633,-0.044448018074035645,0.5749329328536987,0.6667789816856384,-0.04191712662577629,0.5492637157440186,0.6390951871871948,-0.039461687207221985,0.1552160680294037,0.8753941059112549,4.415813066316332e-07,0.13825133442878723,0.7722368836402893,-0.00271588028408587,0.13993531465530396,0.6656334400177002,-0.012821397744119167,0.14417989552021027,0.5850152373313904,-0.02338453382253647,0.13909649848937988,0.5253616571426392,-0.03454103320837021,0.1974041610956192,0.6573582291603088,-0.025422153994441032,0.27008599042892456,0.5887969136238098,-0.042542796581983566,0.3149746358394623,0.5565052032470703,-0.05243195965886116,0.3485413193702698,0.5358787775039673,-0.05655604973435402,0.23185642063617706,0.6991683840751648,-0.03435252606868744,0.3116893470287323,0.6190882921218872,-0.044025570154190063,0.3582990765571594,0.5765689015388489,-0.04766885191202164,0.3923147916793823,0.5458872318267822,-0.05077642947435379,0.2638474404811859,0.7425190210342407,-0.04259147867560387,0.33658260107040405,0.6605538129806519,-0.04849761724472046,0.37757056951522827,0.6152535676956177,-0.04642901569604874,0.40660786628723145,0.5821741819381714,-0.04566429555416107,0.2904476225376129,0.7832577228546143,-0.050907835364341736,0.34367692470550537,0.7109392285346985,-0.052519138902425766,0.37434303760528564,0.6698737740516663,-0.045595623552799225,0.39836764335632324,0.6369117498397827,-0.04025363177061081
100,0.8197548985481262,0.7915293574333191,2.6371435524197295e-07,0.8190264105796814,0.6931822896003723,0.0020771557465195656,0.7883337736129761,0.5984472036361694,-0.0034026186913251877,0.762815535068512,0.5194126963615417,-0.009532633237540722,0.761978030204773,0.4587797224521637,-0.017746997997164726,0.7359747886657715,0.5968174934387207,-0.022738682106137276,0.6525074243545532,0.5481280088424683,-0.03444521501660347,0.6071987152099609,0.5253263711929321,-0.03989893198013306,0.5739243030548096,0.5084408521652222,-0.04317823052406311,0.7114995121955872,0.6424232125282288,-0.03211895748972893,0.6222846508026123,0.5843496322631836,-0.04359413683414459,0.571138322353363,0.5522750020027161,-0.04889773204922676,0.5356889963150024,0.527027428150177,-0.05267186835408211,0.6904388070106506,0.6944990158081055,-0.03989998623728752,0.6101507544517517,0.6310538053512573,-0.04890095070004463,0.5648720860481262,0.5946462154388428,-0.05277496576309204,0.5333826541900635,0.565090000629425,-0.05605978146195412,0.6733989119529724,0.7505757212638855,-0.04671217128634453,0.6150559186935425,0.6919941306114197,-0.05517280474305153,0.5825296640396118,0.6597582697868347,-0.056327469646930695,0.5559172034263611,0.6305166482925415,-0.056455764919519424,0.1607877016067505,0.8593231439590454,4.918167633150006e-07,0.13992711901664734,0.7623460292816162,-0.0051044016145169735,0.14086371660232544,0.6590387225151062,-0.015256200917065144,0.1431257575750351,0.5802631378173828,-0.025637157261371613,0.1341550201177597,0.5233399868011475,-0.0364072285592556,0.209908589720726,0.6358434557914734,-0.017029743641614914,0.27645260095596313,0.5746645331382751,-0.03151633217930794,0.31859204173088074,0.5463402271270752,-0.041910648345947266,0.34996408224105835,0.5294245481491089,-0.04712459072470665,0.24355773627758026,0.6747180819511414,-0.023894337937235832,0.31338077783584595,0.6077169179916382,-0.030346253886818886,0.3548778295516968,0.5706411600112915,-0.034916553646326065,0.3851834535598755,0.5438100099563599,-0.03904544934630394,0.27192336320877075,0.7189584374427795,-0.030911343172192574,0.33408236503601074,0.6511235237121582,-0.03439968079328537,0.3703776001930237,0.612114667892456,-0.032955799251794815,0.39587026834487915,0.5843507051467896,-0.03302092105150223,0.2949402332305908,0.7628490924835205,-0.03841906040906906,0.33974337577819824,0.7012585997581482,-0.03819119557738304,0.366438090801239,0.6674734950065613,-0.03083065152168274,0.38672688603401184,0.6407497525215149,-0.02519592083990574
101,0.8068466782569885,0.8326596617698669,2.1258752269659453e-07,0.8030104041099548,0.7261673212051392,0.003322388743981719,0.7670913338661194,0.6365231275558472,-0.0014911906328052282,0.7335963845252991,0.5625718235969543,-0.006782811600714922,0.7279708385467529,0.5003879070281982,-0.014300600625574589,0.7130438089370728,0.6334992051124573,-0.019221121445298195,0.6277657747268677,0.5953913927078247,-0.03039260394871235,0.5793638229370117,0.5808613300323486,-0.0372457280755043,0.5398964881896973,0.5711329579353333,-0.04176904633641243,0.6901042461395264,0.6876012086868286,-0.028564438223838806,0.5992857217788696,0.63810133934021,-0.03885263577103615,0.545691967010498,0.6131855845451355,-0.045035090297460556,0.5048852562904358,0.595026969909668,-0.04994955658912659,0.6715612411499023,0.7452199459075928,-0.03630289435386658,0.5899400115013123,0.688440203666687,-0.043846480548381805,0.5420020222663879,0.6608856916427612,-0.04703933000564575,0.5052903890609741,0.6401911377906799,-0.04965893179178238,0.658032238483429,0.8008298873901367,-0.043067414313554764,0.5937157869338989,0.745109498500824,-0.04955311492085457,0.5594720244407654,0.7180805802345276,-0.049283482134342194,0.5309938788414001,0.694493293762207,-0.048027340322732925,0.15237674117088318,0.830445408821106,5.528874567062303e-07,0.12313638627529144,0.735508143901825,0.001271161949262023,0.116211898624897,0.6401233077049255,-0.009101091884076595,0.1146114319562912,0.5638100504875183,-0.01942654512822628,0.10559722036123276,0.5086846351623535,-0.030775347724556923,0.1823376566171646,0.6122109889984131,-0.028818193823099136,0.2534494400024414,0.5379811525344849,-0.040535375475883484,0.29352158308029175,0.5003501772880554,-0.042575906962156296,0.32206302881240845,0.4763227701187134,-0.041259411722421646,0.22065752744674683,0.6452546715736389,-0.03721322864294052,0.29211848974227905,0.5537026524543762,-0.04447637498378754,0.33104872703552246,0.503951907157898,-0.04336479306221008,0.3589920401573181,0.46817249059677124,-0.04204380512237549,0.25390562415122986,0.6845218539237976,-0.04380415380001068,0.3167901635169983,0.5921508073806763,-0.04766229912638664,0.35156339406967163,0.5407117605209351,-0.04677979648113251,0.3753681182861328,0.5021904110908508,-0.046814486384391785,0.2803345322608948,0.7269347310066223,-0.04942570626735687,0.3237323760986328,0.6474075317382812,-0.051599375903606415,0.3492863178253174,0.6017377972602844,-0.04794004186987877,0.36982375383377075,0.5630031824111938,-0.04431851580739021
102,0.8161393404006958,0.8082303404808044,1.5371011841125437e-07,0.8130293488502502,0.7112129330635071,0.006927923299372196,0.7740843296051025,0.6202245950698853,0.005527050234377384,0.7425374984741211,0.5436412692070007,0.0024265004321932793,0.7396904826164246,0.48531705141067505,-0.002475305460393429,0.7133973240852356,0.6096379160881042,-0.009529723785817623,0.6332946419715881,0.5723835229873657,-0.018340209499001503,0.5864080190658569,0.5571470260620117,-0.024663833901286125,0.5498590469360352,0.5489376783370972,-0.028992697596549988,0.6925870180130005,0.6545974016189575,-0.019924232736229897,0.6075669527053833,0.6073997020721436,-0.027406832203269005,0.5563945770263672,0.5846737623214722,-0.03278357908129692,0.5179435014724731,0.5701283812522888,-0.03725596144795418,0.6742626428604126,0.705237865447998,-0.028715994209051132,0.5992612838745117,0.6540471315383911,-0.033414363861083984,0.5551304817199707,0.6284224987030029,-0.034774038940668106,0.5218946933746338,0.6114040017127991,-0.03670462220907211,0.6602659225463867,0.7599892020225525,-0.03666462004184723,0.6031004190444946,0.7063830494880676,-0.04046345502138138,0.5702414512634277,0.6800123453140259,-0.03840611129999161,0.5427684783935547,0.6583983898162842,-0.03629786893725395,0.15836365520954132,0.8789746761322021,4.80632252219948e-07,0.13695476949214935,0.7760283350944519,-0.00801958329975605,0.13850203156471252,0.6680780649185181,-0.019473358988761902,0.14078032970428467,0.5870961546897888,-0.03111419267952442,0.1330040693283081,0.5273435115814209,-0.04327113553881645,0.21264049410820007,0.6539428234100342,-0.02242819406092167,0.29547515511512756,0.6008405089378357,-0.03927948325872421,0.3461507558822632,0.5717535614967346,-0.050904281437397,0.38274282217025757,0.5531173944473267,-0.05597313120961189,0.2432861328125,0.6955822110176086,-0.027593491598963737,0.325962632894516,0.6331732869148254,-0.03434591367840767,0.3714015483856201,0.5986248850822449,-0.03699824586510658,0.40389490127563477,0.5728805661201477,-0.03921996057033539,0.2696371078491211,0.7423045039176941,-0.03298884630203247,0.34034454822540283,0.6754900813102722,-0.035565171390771866,0.38040024042129517,0.6373806595802307,-0.03122931718826294,0.4069975018501282,0.612925112247467,-0.028947239741683006,0.28970515727996826,0.7869613170623779,-0.039370957762002945,0.34118810296058655,0.7275940179824829,-0.03713541850447655,0.3711509108543396,0.6934733986854553,-0.027137713506817818,0.3926173448562622,0.6678661704063416,-0.019408833235502243
103,0.8265204429626465,0.8337686061859131,1.715882262942614e-07,0.8233816623687744,0.7341863512992859,0.006884853355586529,0.7831633687019348,0.632858157157898,0.006693270988762379,0.7538653016090393,0.5509729981422424,0.0054064965806901455,0.7541008591651917,0.48957890272140503,0.0021626080852001905,0.7350746393203735,0.6219123005867004,-0.011270108632743359,0.6521549820899963,0.5841339230537415,-0.017750533297657967,0.6065689325332642,0.5650776624679565,-0.02095542848110199,0.5739766359329224,0.5484849810600281,-0.023368017747998238,0.7111132144927979,0.6697149276733398,-0.02107531763613224,0.6256520748138428,0.6189479231834412,-0.026654807850718498,0.5783905982971191,0.5879876613616943,-0.028681078925728798,0.5463540554046631,0.5606751441955566,-0.030696643516421318,0.6892542243003845,0.7248520255088806,-0.02937905304133892,0.6146191954612732,0.6659472584724426,-0.03302527591586113,0.5737790465354919,0.6262025833129883,-0.03285447880625725,0.5470340251922607,0.591068685054779,-0.03398407623171806,0.6708325743675232,0.7851049900054932,-0.036775264889001846,0.6150252819061279,0.7271106839179993,-0.039108600467443466,0.5870264172554016,0.6932722330093384,-0.03547443449497223,0.5660954713821411,0.6620292663574219,-0.032899998128414154,0.15807098150253296,0.8716185092926025,4.962167849953403e-07,0.13956218957901,0.7703052163124084,-0.005630061496049166,0.1462894082069397,0.6658739447593689,-0.01508569810539484,0.15329468250274658,0.5868073105812073,-0.024343712255358696,0.14408014714717865,0.5314102172851562,-0.034033454954624176,0.22698022425174713,0.6475920677185059,-0.017285777255892754,0.3021531403064728,0.5999745726585388,-0.03029385581612587,0.35012370347976685,0.5751901268959045,-0.04082120209932327,0.38590145111083984,0.5595496296882629,-0.046140316873788834,0.25781869888305664,0.6908599138259888,-0.022208737209439278,0.33153796195983887,0.6321256756782532,-0.02507816068828106,0.37524574995040894,0.6014765501022339,-0.027658682316541672,0.40669000148773193,0.5805774927139282,-0.03093208186328411,0.282542884349823,0.7407292723655701,-0.027152633294463158,0.3466053903102875,0.6813825964927673,-0.0274781696498394,0.386155366897583,0.648441731929779,-0.02473323978483677,0.4129936397075653,0.627196192741394,-0.02437717467546463,0.3009665310382843,0.7895819544792175,-0.032781582325696945,0.34919196367263794,0.734677791595459,-0.02992860972881317,0.3786442279815674,0.7062649130821228,-0.021663933992385864,0.40033435821533203,0.6845320463180542,-0.015696795657277107
104,0.8135809898376465,0.8569754362106323,1.7713490763071604e-07,0.8022357225418091,0.7507978677749634,0.0050917090848088264,0.7661982774734497,0.6618380546569824,-6.317333463812247e-05,0.7333722710609436,0.5876416563987732,-0.0060540251433849335,0.7228716611862183,0.5266937613487244,-0.014191884547472,0.7119527459144592,0.6653656363487244,-0.016770819202065468,0.624483048915863,0.632355809211731,-0.027893390506505966,0.5761711597442627,0.6208871006965637,-0.03508381173014641,0.5372048020362854,0.6125923991203308,-0.03991001844406128,0.6930006146430969,0.7196070551872253,-0.027110669761896133,0.5984297394752502,0.6780983805656433,-0.03835020959377289,0.543759822845459,0.6562436819076538,-0.045872945338487625,0.5019268989562988,0.6397050619125366,-0.05220941826701164,0.6773573756217957,0.7769247889518738,-0.03558788076043129,0.5930349230766296,0.7267983555793762,-0.043617721647024155,0.5438521504402161,0.700020432472229,-0.04597090184688568,0.5057005882263184,0.6791765093803406,-0.04857630655169487,0.6657735109329224,0.8321968913078308,-0.04284525662660599,0.6017850637435913,0.7806966304779053,-0.04807141050696373,0.5706796646118164,0.7544335722923279,-0.04546484351158142,0.5442946553230286,0.7316182255744934,-0.04313613101840019,0.146697536110878,0.8529698848724365,5.216587055656419e-07,0.12129638344049454,0.7532830238342285,0.0008994741947390139,0.12018747627735138,0.6529909372329712,-0.009406885132193565,0.12249728292226791,0.5718502998352051,-0.019973399117588997,0.10994774848222733,0.5143881440162659,-0.03168276324868202,0.18423065543174744,0.6266841888427734,-0.026710862293839455,0.25918400287628174,0.5528245568275452,-0.03792225196957588,0.3003196716308594,0.5156296491622925,-0.039742399007081985,0.3291330933570862,0.4902195632457733,-0.038515157997608185,0.22140750288963318,0.6626349091529846,-0.03541004657745361,0.29686588048934937,0.5732874274253845,-0.04253494739532471,0.3367220163345337,0.5243854522705078,-0.04072757810354233,0.3639679551124573,0.4895029664039612,-0.03860460966825485,0.25262686610221863,0.7052669525146484,-0.04264340549707413,0.3194422721862793,0.6140619516372681,-0.04559174180030823,0.3550858497619629,0.5640007853507996,-0.043036460876464844,0.37886154651641846,0.5268509387969971,-0.041566401720047,0.27777352929115295,0.7493494749069214,-0.04926737770438194,0.3251875936985016,0.6693995594978333,-0.04967270791530609,0.35218048095703125,0.6244548559188843,-0.04444087669253349,0.3735717535018921,0.5879073739051819,-0.039629485458135605
105,0.8284687995910645,0.8180808424949646,2.0429339997463103e-07,0.8273528814315796,0.7177346348762512,0.005746872164309025,0.7912834882736206,0.6269771456718445,0.003153164405375719,0.7605608701705933,0.5493641495704651,-0.00033764573163352907,0.7589268684387207,0.4900258481502533,-0.005549820140004158,0.7329182624816895,0.6170187592506409,-0.012555875815451145,0.6514871120452881,0.5756835341453552,-0.020335722714662552,0.6050540208816528,0.558788537979126,-0.02535395696759224,0.5689072608947754,0.5497395396232605,-0.028783880174160004,0.7096962928771973,0.6629701852798462,-0.021554814651608467,0.6235238909721375,0.6102393865585327,-0.028279390186071396,0.5741420984268188,0.5846967101097107,-0.03267212212085724,0.5366643071174622,0.5676510334014893,-0.036158908158540726,0.68900465965271,0.7150921821594238,-0.028523346409201622,0.6124165058135986,0.6574028730392456,-0.03242280334234238,0.5697019100189209,0.628509521484375,-0.033238280564546585,0.5371643304824829,0.6094121336936951,-0.0347384437918663,0.6741155385971069,0.7703486084938049,-0.034584514796733856,0.6174162030220032,0.7110875844955444,-0.0366586409509182,0.5873748064041138,0.6822342276573181,-0.03274639695882797,0.5617617964744568,0.6589792370796204,-0.02934028021991253,0.15151789784431458,0.9065645933151245,4.683285794726544e-07,0.1419346183538437,0.7991024851799011,-0.00713379867374897,0.15227529406547546,0.6864669322967529,-0.018465332686901093,0.15804095566272736,0.601898729801178,-0.029234200716018677,0.1507047563791275,0.5412513017654419,-0.0404236726462841,0.2163083702325821,0.6825295686721802,-0.028895976021885872,0.2994982898235321,0.626031219959259,-0.046343158930540085,0.34999191761016846,0.5962764024734497,-0.05693608522415161,0.3871038556098938,0.5758081674575806,-0.061744555830955505,0.2472454011440277,0.7286679744720459,-0.035168517380952835,0.3340187966823578,0.6596971154212952,-0.04403750225901604,0.38390153646469116,0.6218222975730896,-0.04741228371858597,0.4198179841041565,0.5925770998001099,-0.05011174455285072,0.2742018699645996,0.7792977094650269,-0.04077431187033653,0.34763655066490173,0.7070444822311401,-0.04564756527543068,0.3916372060775757,0.6671797633171082,-0.043094415217638016,0.42262789607048035,0.6384614109992981,-0.0420367568731308,0.29520902037620544,0.8276044726371765,-0.04683062434196472,0.3478475511074066,0.7646217942237854,-0.0468243844807148,0.379222571849823,0.7311350703239441,-0.03825231269001961,0.4039316773414612,0.7047044038772583,-0.03159802034497261
106,0.837047278881073,0.8461917638778687,1.3739426663050835e-07,0.8325210213661194,0.7493960857391357,0.005008571781218052,0.7936747074127197,0.6475704312324524,0.0015459702117368579,0.764482855796814,0.5665796995162964,-0.0023793468717485666,0.7618387937545776,0.5058997869491577,-0.008610036224126816,0.7479343414306641,0.6350025534629822,-0.023048948496580124,0.6610401272773743,0.5943357944488525,-0.03598808869719505,0.6104991436004639,0.579833447933197,-0.04265723377466202,0.5746838450431824,0.5691344738006592,-0.046681325882673264,0.7265127301216125,0.6827030181884766,-0.033774569630622864,0.6351733803749084,0.6297608613967896,-0.045840565115213394,0.582503616809845,0.6021016240119934,-0.049413036555051804,0.5467988848686218,0.5791780948638916,-0.05173753201961517,0.7047705054283142,0.7386083602905273,-0.04273364692926407,0.6238805055618286,0.6811715960502625,-0.05097879469394684,0.5798529386520386,0.6440331935882568,-0.049621883779764175,0.5504320859909058,0.6106485724449158,-0.049161043018102646,0.6857390403747559,0.8006542921066284,-0.05074949190020561,0.6253979802131653,0.744353175163269,-0.05607406049966812,0.5961056351661682,0.7123017311096191,-0.051667530089616776,0.57426917552948,0.6826167106628418,-0.04797767102718353,0.15957559645175934,0.8821743130683899,5.564712068917288e-07,0.14274251461029053,0.779050350189209,-0.0052530341781675816,0.1519058346748352,0.6744692921638489,-0.016496289521455765,0.16186130046844482,0.5941818952560425,-0.027492523193359375,0.1567607820034027,0.5327709317207336,-0.038874611258506775,0.22745175659656525,0.6546671986579895,-0.023854587227106094,0.30667734146118164,0.5971794128417969,-0.03884085640311241,0.3556715250015259,0.571160078048706,-0.04850490018725395,0.39103880524635315,0.5561009645462036,-0.05203547328710556,0.25870800018310547,0.7011176347732544,-0.028575493022799492,0.3350675106048584,0.6335349082946777,-0.03368543088436127,0.3785831034183502,0.5999116897583008,-0.035673484206199646,0.40815794467926025,0.5782475471496582,-0.03722614049911499,0.2840149402618408,0.752767026424408,-0.03245494142174721,0.3497740924358368,0.6877363920211792,-0.03291953355073929,0.3876310884952545,0.6531630754470825,-0.027775002643465996,0.41151610016822815,0.6317921876907349,-0.025064505636692047,0.30321797728538513,0.8018944263458252,-0.036824170500040054,0.353208988904953,0.7434532642364502,-0.033380553126335144,0.3819277584552765,0.7137109637260437,-0.022669699043035507,0.4019358456134796,0.6914805173873901,-0.013996305875480175
107,0.8320900797843933,0.8680434226989746,1.7317118761184247e-07,0.8231365084648132,0.7603917717933655,0.003100514644756913,0.7810400724411011,0.663776695728302,-0.0023926072753965855,0.7459449172019958,0.5848879814147949,-0.008166116662323475,0.7421151399612427,0.521761417388916,-0.01613035425543785,0.7380096316337585,0.6662553548812866,-0.024847401306033134,0.6467158198356628,0.6276894211769104,-0.038960039615631104,0.5944340229034424,0.6126910448074341,-0.04653135687112808,0.5542447566986084,0.6027030944824219,-0.05091296508908272,0.7158981561660767,0.7223117351531982,-0.03380725160241127,0.6181229948997498,0.6754507422447205,-0.046935465186834335,0.5614727735519409,0.6509358882904053,-0.05300331115722656,0.5207441449165344,0.632957398891449,-0.05749461427330971,0.6957613229751587,0.7805238962173462,-0.04074764996767044,0.6082863807678223,0.7288888096809387,-0.04965105652809143,0.5594002604484558,0.7011944055557251,-0.05058424919843674,0.5240159630775452,0.6812556385993958,-0.051628779619932175,0.6792759299278259,0.8360615968704224,-0.04668502137064934,0.6131294965744019,0.7818540930747986,-0.052395906299352646,0.5801892280578613,0.7534176111221313,-0.04988697171211243,0.5534149408340454,0.7289714813232422,-0.04726547375321388,0.16051913797855377,0.8686465620994568,4.403937623465026e-07,0.1386283040046692,0.7682622671127319,-0.003008386353030801,0.14425431191921234,0.6681203246116638,-0.011523780412971973,0.14980587363243103,0.5884134769439697,-0.019251741468906403,0.14260894060134888,0.5298755168914795,-0.02737341821193695,0.20616692304611206,0.6425859928131104,-0.023775247856974602,0.27971401810646057,0.5745356678962708,-0.03467098996043205,0.32129982113838196,0.5417907238006592,-0.03822432830929756,0.35193878412246704,0.5212776064872742,-0.038203559815883636,0.2440878450870514,0.6822621822357178,-0.028872037306427956,0.31839680671691895,0.5992389917373657,-0.033505890518426895,0.3583805561065674,0.555880606174469,-0.03272148594260216,0.38683411478996277,0.5235297679901123,-0.03226736932992935,0.27553054690361023,0.7265973091125488,-0.03312554210424423,0.3426840007305145,0.6417978405952454,-0.03540856018662453,0.37755587697029114,0.5972030162811279,-0.03377952426671982,0.4012419581413269,0.5643129348754883,-0.03312814235687256,0.30041682720184326,0.769356906414032,-0.037119489163160324,0.34833115339279175,0.6932791471481323,-0.03764193877577782,0.3751048743724823,0.6528567671775818,-0.03285688906908035,0.3954951763153076,0.6200182437896729,-0.02848345972597599
108,0.820414662361145,0.8101797103881836,8.278853158572019e-08,0.8256751894950867,0.7115260362625122,-0.0011579927522689104,0.7978659868240356,0.6206569671630859,-0.008082824759185314,0.7709934115409851,0.5406497120857239,-0.014693975448608398,0.7701046466827393,0.4818189740180969,-0.02280670404434204,0.7399132251739502,0.6150807738304138,-0.02662845514714718,0.6560531854629517,0.5644924640655518,-0.03765815868973732,0.6119827032089233,0.5458745956420898,-0.042428795248270035,0.5782094597816467,0.5335503816604614,-0.04520240053534508,0.7150129079818726,0.6609927415847778,-0.033900145441293716,0.6263934969902039,0.5988394021987915,-0.043828535825014114,0.5782297253608704,0.5700144171714783,-0.047305405139923096,0.5449519157409668,0.5491195917129517,-0.05012962222099304,0.6946333646774292,0.7119784355163574,-0.03946097195148468,0.61622554063797,0.647228479385376,-0.046240195631980896,0.5745916962623596,0.6154531240463257,-0.04775889590382576,0.5461768507957458,0.5927954912185669,-0.04943232610821724,0.6788265109062195,0.7648129463195801,-0.04451105743646622,0.6206464767456055,0.7038937211036682,-0.04936807230114937,0.5891100764274597,0.6738665699958801,-0.04732765629887581,0.5651131272315979,0.6504692435264587,-0.0453389436006546,0.14926768839359283,0.9122276306152344,4.366912662590039e-07,0.14289765059947968,0.8066280484199524,-0.0024046842008829117,0.16502973437309265,0.6972187757492065,-0.010349404998123646,0.18223616480827332,0.612197756767273,-0.01817268133163452,0.1799393743276596,0.54963219165802,-0.026311321184039116,0.23170866072177887,0.6845275163650513,-0.021099627017974854,0.3169022798538208,0.635153591632843,-0.03246670216321945,0.36357325315475464,0.6133531332015991,-0.038185104727745056,0.3963814377784729,0.5988514423370361,-0.040523774921894073,0.26291656494140625,0.732422411441803,-0.028446020558476448,0.35411083698272705,0.672321081161499,-0.032317865639925,0.40268582105636597,0.6404374241828918,-0.03273969516158104,0.43612250685691833,0.6144851446151733,-0.03394915908575058,0.2886728048324585,0.7842453718185425,-0.03504171594977379,0.3686830401420593,0.7171148061752319,-0.036847811192274094,0.4122949242591858,0.6805180907249451,-0.03461524099111557,0.44110363721847534,0.6522642970085144,-0.03442220017313957,0.30802232027053833,0.8349946737289429,-0.04159893840551376,0.3678256869316101,0.775492787361145,-0.04081113263964653,0.401170551776886,0.7427268624305725,-0.03418640047311783,0.42652881145477295,0.7152402997016907,-0.029251359403133392
109,0.8414584398269653,0.8536745309829712,1.5500657468692225e-07,0.8395938873291016,0.7563726305961609,0.005006024148315191,0.8052786588668823,0.6524154543876648,-2.4541615857742727e-05,0.7814503312110901,0.5692682862281799,-0.006039403844624758,0.778455376625061,0.5063279867172241,-0.01450038980692625,0.7616643905639648,0.6432694792747498,-0.02266700565814972,0.6768814325332642,0.5962705016136169,-0.03635009750723839,0.6281396150588989,0.5764766931533813,-0.04408368840813637,0.5939836502075195,0.5624316930770874,-0.048814527690410614,0.737687885761261,0.6901125907897949,-0.03489723801612854,0.6490790843963623,0.6313415765762329,-0.04693811014294624,0.5972267389297485,0.598388671875,-0.052695732563734055,0.562305748462677,0.5735129117965698,-0.05704203620553017,0.7130539417266846,0.7437567114830017,-0.04545002430677414,0.6329393982887268,0.6789703369140625,-0.053997259587049484,0.5888009071350098,0.6370809674263,-0.055559612810611725,0.5587124824523926,0.6014720797538757,-0.0576515719294548,0.6909334063529968,0.8019728064537048,-0.05504196137189865,0.6323908567428589,0.7391880750656128,-0.06166453659534454,0.6015824675559998,0.703206479549408,-0.05972025915980339,0.5770740509033203,0.6702237725257874,-0.05801566317677498,0.1568182408809662,0.8764188289642334,4.996386451239232e-07,0.1352073848247528,0.7774572372436523,-0.0040613883174955845,0.13640806078910828,0.6690882444381714,-0.014720851555466652,0.1416301727294922,0.5879234671592712,-0.026161130517721176,0.13413414359092712,0.5303031206130981,-0.037713341414928436,0.21148203313350677,0.63886559009552,-0.022628718987107277,0.29038092494010925,0.5763857960700989,-0.036724548786878586,0.3363646864891052,0.5485156774520874,-0.04428010806441307,0.3659971058368683,0.5315291881561279,-0.04640955477952957,0.2447851002216339,0.6808201670646667,-0.028587082400918007,0.32016146183013916,0.605424165725708,-0.035108331590890884,0.3574017584323883,0.5662586092948914,-0.03668951988220215,0.37830567359924316,0.5422556400299072,-0.03741836920380592,0.2732440233230591,0.728270411491394,-0.03400995954871178,0.3392989933490753,0.6549421548843384,-0.03562605753540993,0.37139102816581726,0.6127747893333435,-0.03190211206674576,0.38834214210510254,0.5865923762321472,-0.029752401635050774,0.29788145422935486,0.7760319709777832,-0.03994285687804222,0.3496641218662262,0.7111470103263855,-0.03786490485072136,0.3751758635044098,0.6746435761451721,-0.029493069276213646,0.3912966847419739,0.6461840867996216,-0.022248897701501846
110,0.8343092799186707,0.8754255771636963,1.8991805461610056e-07,0.8355484008789062,0.7706157565116882,-0.0010104523971676826,0.7980198860168457,0.6687914729118347,-0.007781253196299076,0.7671416997909546,0.5886109471321106,-0.014080076478421688,0.7652865052223206,0.5255204439163208,-0.022559553384780884,0.751579225063324,0.6661095023155212,-0.029783204197883606,0.662691593170166,0.62001633644104,-0.046004511415958405,0.6103320717811584,0.599131166934967,-0.054938532412052155,0.5709015130996704,0.5857729315757751,-0.060261692851781845,0.7262247204780579,0.7209423780441284,-0.03768778219819069,0.6308592557907104,0.6676114201545715,-0.05242481455206871,0.5765124559402466,0.6378699541091919,-0.05914724990725517,0.5378730297088623,0.6143291592597961,-0.06390617787837982,0.7033365368843079,0.7772173285484314,-0.04400111362338066,0.6174143552780151,0.7175741195678711,-0.05499067157506943,0.5709314346313477,0.6837666630744934,-0.05667540431022644,0.5373971462249756,0.6567077040672302,-0.05795515701174736,0.6847427487373352,0.8318356871604919,-0.04963752254843712,0.620491087436676,0.773236870765686,-0.05817724019289017,0.5894770622253418,0.7429624795913696,-0.05668413266539574,0.5649700164794922,0.7160646915435791,-0.054313771426677704,0.1515389382839203,0.8640050888061523,4.607826156188821e-07,0.12724123895168304,0.7624220848083496,-0.0004030121781397611,0.12522101402282715,0.6628479361534119,-0.010129813104867935,0.12418302148580551,0.5823254585266113,-0.019406665116548538,0.11337601393461227,0.5255266427993774,-0.029284117743372917,0.18582069873809814,0.6381455063819885,-0.02844834327697754,0.25818943977355957,0.5612406730651855,-0.040682218968868256,0.29794567823410034,0.5240112543106079,-0.04343532398343086,0.32758909463882446,0.49950820207595825,-0.04287869855761528,0.22478219866752625,0.673635721206665,-0.03576268255710602,0.29819121956825256,0.5808839201927185,-0.04246850684285164,0.3380027115345001,0.5325138568878174,-0.04113663360476494,0.366019070148468,0.49791252613067627,-0.040316738188266754,0.25835657119750977,0.7143144011497498,-0.041695937514305115,0.32284870743751526,0.6202005743980408,-0.044699057936668396,0.357582151889801,0.5716554522514343,-0.04291379079222679,0.3814062476158142,0.5364854335784912,-0.04262341186404228,0.286146879196167,0.7556905150413513,-0.04706410691142082,0.330753356218338,0.6755079627037048,-0.048496000468730927,0.35670000314712524,0.6309810876846313,-0.044797737151384354,0.37771204113960266,0.5939760208129883,-0.041554465889930725
111,0.821105420589447,0.8214005827903748,5.139564862588486e-08,0.8191628456115723,0.7286972999572754,0.0009668543934822083,0.7812308669090271,0.6425830125808716,-0.0043236142955720425,0.7470449209213257,0.571082353591919,-0.0093736806884408,0.7394012212753296,0.5133762359619141,-0.016389690339565277,0.726338803768158,0.6389408111572266,-0.02395411767065525,0.6397152543067932,0.609092652797699,-0.03528266400098801,0.5940173268318176,0.598310112953186,-0.04082287847995758,0.5591555237770081,0.5915120244026184,-0.044234853237867355,0.7066980004310608,0.6879197359085083,-0.0322994627058506,0.6133204698562622,0.648565411567688,-0.04302037134766579,0.5630761384963989,0.6298397183418274,-0.047444991767406464,0.5272411704063416,0.6153484582901001,-0.05077625438570976,0.68896484375,0.7418971061706543,-0.03896889463067055,0.6053304672241211,0.6964367628097534,-0.046382829546928406,0.5614494681358337,0.6735857725143433,-0.04747715964913368,0.5299315452575684,0.6547835469245911,-0.0487498939037323,0.6756677627563477,0.7989620566368103,-0.04492507874965668,0.611883282661438,0.7538628578186035,-0.04964413866400719,0.5798944234848022,0.7307300567626953,-0.04721887782216072,0.5545088648796082,0.7088195085525513,-0.044981129467487335,0.15102936327457428,0.9025180339813232,4.260588184479275e-07,0.13507479429244995,0.7960693836212158,-0.005506798159331083,0.14428284764289856,0.6798489689826965,-0.013330554589629173,0.15145400166511536,0.5967735052108765,-0.021377990022301674,0.14940428733825684,0.5339390635490417,-0.029458291828632355,0.20209351181983948,0.6705485582351685,-0.01867680437862873,0.28332096338272095,0.614248514175415,-0.033317841589450836,0.3338058590888977,0.5839692950248718,-0.04266389086842537,0.3687100112438202,0.563252866268158,-0.046220581978559494,0.23174530267715454,0.7124522924423218,-0.0235610231757164,0.3104947805404663,0.6470215916633606,-0.02970621921122074,0.3537667393684387,0.6122163534164429,-0.03128654882311821,0.38406169414520264,0.5853410959243774,-0.03235150873661041,0.26013195514678955,0.759091317653656,-0.02831071987748146,0.3271965980529785,0.6878914833068848,-0.030063750222325325,0.36550644040107727,0.6473221182823181,-0.023563750088214874,0.3922991454601288,0.6183375120162964,-0.019354436546564102,0.2852367162704468,0.8036864399909973,-0.033842943608760834,0.33462727069854736,0.7359018921852112,-0.03063393570482731,0.3640408515930176,0.6971179246902466,-0.019397197291254997,0.3866647481918335,0.6671878099441528,-0.010485406033694744
112,0.8290072083473206,0.8186674118041992,2.737078830250539e-07,0.8336517810821533,0.7146086692810059,-0.002725561847910285,0.8072437644004822,0.6272276043891907,-0.010359507985413074,0.7785472869873047,0.5511642694473267,-0.017520688474178314,0.7716309428215027,0.48916274309158325,-0.02612696960568428,0.745309591293335,0.6246415376663208,-0.02228209562599659,0.6646870970726013,0.579399824142456,-0.03309624269604683,0.620724081993103,0.5596721172332764,-0.038951996713876724,0.585884153842926,0.5458329916000366,-0.04249696061015129,0.7196221351623535,0.6705500483512878,-0.02865862287580967,0.6341279149055481,0.613720178604126,-0.03823404759168625,0.5839624404907227,0.583249032497406,-0.04422268643975258,0.5468985438346863,0.5606856942176819,-0.04847147688269615,0.7000184655189514,0.7213736176490784,-0.03370436653494835,0.6231866478919983,0.6604004502296448,-0.04073658958077431,0.5789010524749756,0.627008855342865,-0.044595781713724136,0.546205997467041,0.6011456251144409,-0.047548793256282806,0.6864947080612183,0.7703115940093994,-0.038276538252830505,0.6281063556671143,0.7114251852035522,-0.04415601119399071,0.597014307975769,0.681393027305603,-0.04335309565067291,0.571890652179718,0.6547691226005554,-0.041599467396736145,0.1447438895702362,0.9217014312744141,5.452513391901448e-07,0.13905122876167297,0.815950334072113,-0.005895890761166811,0.1578657478094101,0.7045873999595642,-0.014289419166743755,0.17077165842056274,0.6209087371826172,-0.022042708471417427,0.17183347046375275,0.5578952431678772,-0.02939169481396675,0.22366634011268616,0.6848877668380737,-0.018987294286489487,0.3096124529838562,0.640290379524231,-0.031229494139552116,0.3590467870235443,0.6210139989852905,-0.03925226256251335,0.3958282172679901,0.6081852316856384,-0.04343770444393158,0.2554600238800049,0.7339461445808411,-0.025038931518793106,0.34600764513015747,0.6825700998306274,-0.028978483751416206,0.3970964550971985,0.655907928943634,-0.030545983463525772,0.43289852142333984,0.6340753436088562,-0.03293526545166969,0.28244587779045105,0.7890416383743286,-0.031157342717051506,0.36263716220855713,0.729152262210846,-0.032788507640361786,0.40746182203292847,0.696548581123352,-0.030528787523508072,0.43717455863952637,0.6708680987358093,-0.030402224510908127,0.3035707175731659,0.8440014123916626,-0.037786729633808136,0.36346712708473206,0.7888321876525879,-0.035889074206352234,0.3981531262397766,0.7598962187767029,-0.028474166989326477,0.4241787791252136,0.7355459928512573,-0.023044904693961143
113,0.8402893543243408,0.8500526547431946,3.1520706045284896e-08,0.8320943117141724,0.7518409490585327,0.003969345707446337,0.7817956209182739,0.6546941995620728,0.00022142926172818989,0.7445096969604492,0.5825868248939514,-0.004111336078494787,0.7399881482124329,0.5261615514755249,-0.011618008837103844,0.745840311050415,0.6463052034378052,-0.03030131757259369,0.657001256942749,0.6121962070465088,-0.04871228337287903,0.6029549837112427,0.6012129783630371,-0.0591161772608757,0.5617163181304932,0.6010991334915161,-0.0650060698390007,0.7276745438575745,0.7002944946289062,-0.04127757251262665,0.6257538199424744,0.6630010008811951,-0.05984467640519142,0.5667675733566284,0.6534826159477234,-0.06860754638910294,0.5253214836120605,0.6539333462715149,-0.07396547496318817,0.7086191773414612,0.7589595317840576,-0.05012664198875427,0.6145439147949219,0.7170805335044861,-0.06435965746641159,0.5607770085334778,0.7025760412216187,-0.06920360028743744,0.5223472714424133,0.6976279616355896,-0.07181698828935623,0.6912448406219482,0.8209643363952637,-0.05749095603823662,0.6210018992424011,0.7786920666694641,-0.06895951926708221,0.5822078585624695,0.7618212103843689,-0.07104543596506119,0.5512081384658813,0.749929666519165,-0.07099955528974533,0.15076519548892975,0.8892861604690552,4.806242941413075e-07,0.12918443977832794,0.7875552177429199,-0.005063350778073072,0.1302805244922638,0.6787712574005127,-0.01562718115746975,0.13275200128555298,0.5950744152069092,-0.026897752657532692,0.12297400087118149,0.5356547236442566,-0.03795553371310234,0.21285133063793182,0.6512353420257568,-0.012403300032019615,0.28067725896835327,0.5894986391067505,-0.023701084777712822,0.32078397274017334,0.5619584918022156,-0.031222447752952576,0.3475273549556732,0.5455321073532104,-0.034152206033468246,0.24635519087314606,0.6930751204490662,-0.018347667530179024,0.31770768761634827,0.6238188743591309,-0.021878132596611977,0.35551202297210693,0.5877413749694824,-0.02374155819416046,0.3807949125766754,0.5630063414573669,-0.025339068844914436,0.2733083963394165,0.7410317659378052,-0.024746140465140343,0.3376111686229706,0.6723712086677551,-0.025266258046030998,0.3712146580219269,0.633759081363678,-0.021972326561808586,0.3920946717262268,0.6075001955032349,-0.020431803539395332,0.2944735586643219,0.7888338565826416,-0.03183380886912346,0.34304049611091614,0.7257441878318787,-0.028597066178917885,0.3690575659275055,0.6917845010757446,-0.01936953328549862,0.38756024837493896,0.665158748626709,-0.011993670836091042
114,0.8297257423400879,0.8361566066741943,4.191074864934308e-08,0.816253662109375,0.7363760471343994,0.00845234002918005,0.7683283686637878,0.6484105587005615,0.007131483871489763,0.7262749075889587,0.5819370150566101,0.0037891671527177095,0.7192515730857849,0.5219297409057617,-0.002507620956748724,0.7214264869689941,0.6446278095245361,-0.014097224920988083,0.635840117931366,0.621060311794281,-0.02686232328414917,0.5847029089927673,0.612328290939331,-0.035387564450502396,0.5473425984382629,0.6091654300689697,-0.04087773337960243,0.7041256427764893,0.6915086507797241,-0.025665801018476486,0.6118304133415222,0.6622446775436401,-0.03592678904533386,0.557766318321228,0.650138795375824,-0.041988298296928406,0.5185977220535278,0.6426235437393188,-0.04721652716398239,0.687778651714325,0.7455784678459167,-0.03548909351229668,0.6045869588851929,0.7105492353439331,-0.04309454187750816,0.5573790073394775,0.6942322850227356,-0.044287703931331635,0.5223526954650879,0.68142169713974,-0.046410009264945984,0.673983633518219,0.8062939047813416,-0.04403097927570343,0.6106524467468262,0.7676718235015869,-0.05009552463889122,0.5769020318984985,0.7487888336181641,-0.04831229895353317,0.5482472777366638,0.731761634349823,-0.04668587073683739,0.1326131522655487,0.9133471846580505,4.4498514739643724e-07,0.12006765604019165,0.809548020362854,-0.001949078286997974,0.1265956610441208,0.6948593258857727,-0.011355270631611347,0.12923099100589752,0.6096428632736206,-0.022342151030898094,0.12089354544878006,0.5469403266906738,-0.0334964245557785,0.19469453394412994,0.670838475227356,-0.0139894038438797,0.27304184436798096,0.6176031231880188,-0.028964858502149582,0.3225693702697754,0.5921008586883545,-0.03891395777463913,0.3561745882034302,0.5786048173904419,-0.043083515018224716,0.22400152683258057,0.7132405042648315,-0.02276776172220707,0.3025999069213867,0.6495810151100159,-0.02909214235842228,0.34670162200927734,0.6205021142959595,-0.030851272866129875,0.37843310832977295,0.5986916422843933,-0.031722258776426315,0.2509084939956665,0.7645515203475952,-0.03155558556318283,0.32124772667884827,0.7010297775268555,-0.03350958973169327,0.35933324694633484,0.6693882346153259,-0.026664849370718002,0.3843036890029907,0.6467282176017761,-0.02213267795741558,0.27376803755760193,0.8179566264152527,-0.0410197414457798,0.3257679343223572,0.7560475468635559,-0.038159146904945374,0.35545846819877625,0.7245870232582092,-0.026183826848864555,0.3772333860397339,0.7012624144554138,-0.016393758356571198
115,0.8391748666763306,0.8171191811561584,2.0528544553144457e-07,0.8371621370315552,0.7141867876052856,0.005920370575040579,0.8032265901565552,0.627598226070404,0.0023474423214793205,0.7716174721717834,0.5499413013458252,-0.00194899074267596,0.7646685838699341,0.4891352951526642,-0.00829050038009882,0.7476052045822144,0.6219035983085632,-0.0168730691075325,0.6630377769470215,0.5805854797363281,-0.025168526917696,0.6177696585655212,0.5635628700256348,-0.029022617265582085,0.5819277763366699,0.5530747175216675,-0.031323470175266266,0.7236276268959045,0.6688693165779114,-0.026256732642650604,0.6305683851242065,0.6157146692276001,-0.033624887466430664,0.5803235173225403,0.5892683863639832,-0.03715519607067108,0.5434313416481018,0.570974588394165,-0.03972359746694565,0.7041437029838562,0.7218426465988159,-0.03341095522046089,0.6206660270690918,0.6654936075210571,-0.038046564906835556,0.5755431652069092,0.6349713802337646,-0.03969064727425575,0.5425906181335449,0.6128187775611877,-0.04145786538720131,0.6908887624740601,0.7747319936752319,-0.03932499140501022,0.6270811557769775,0.718504786491394,-0.04250774905085564,0.5955491662025452,0.6896884441375732,-0.0393960177898407,0.5706173777580261,0.6649817824363708,-0.036333996802568436,0.1389555037021637,0.9262295961380005,5.471663371281466e-07,0.13590750098228455,0.8170552253723145,-0.0062508368864655495,0.1541697382926941,0.7047165632247925,-0.01643173024058342,0.16634175181388855,0.6201620697975159,-0.02577800117433071,0.162113219499588,0.5573119521141052,-0.03483495116233826,0.22670717537403107,0.6918721795082092,-0.024634672328829765,0.3132525384426117,0.6495804786682129,-0.037407588213682175,0.3618137836456299,0.6321876049041748,-0.04444168135523796,0.3993046283721924,0.621074378490448,-0.04818015918135643,0.2573722302913666,0.7455343008041382,-0.030820781365036964,0.3482400178909302,0.6955374479293823,-0.03620396926999092,0.399893194437027,0.66915363073349,-0.037170592695474625,0.4372957646846771,0.6478673815727234,-0.0392589345574379,0.28259652853012085,0.8039858937263489,-0.03667857125401497,0.363442063331604,0.7481317520141602,-0.03923808038234711,0.4098289906978607,0.7171420454978943,-0.036290813237428665,0.4418244957923889,0.6917622685432434,-0.035750728100538254,0.3013046979904175,0.8605480194091797,-0.042942408472299576,0.36196017265319824,0.8086182475090027,-0.04168931767344475,0.3970363140106201,0.7782770395278931,-0.034438375383615494,0.4242705702781677,0.7512429356575012,-0.029233545064926147
116,0.8465095162391663,0.847455620765686,6.485311843107411e-08,0.8371495008468628,0.7480857372283936,0.004003268666565418,0.7885123491287231,0.6506965160369873,0.0002654127310961485,0.7500551342964172,0.5792588591575623,-0.003377204528078437,0.7448909878730774,0.5195121765136719,-0.009953861124813557,0.7550352811813354,0.6423388719558716,-0.03136062994599342,0.6654294729232788,0.6065815687179565,-0.04750587418675423,0.6115152835845947,0.5929778218269348,-0.05532039701938629,0.5692130327224731,0.5853040814399719,-0.06012756749987602,0.738003671169281,0.6945451498031616,-0.04161374270915985,0.641516923904419,0.6520628929138184,-0.05685878545045853,0.5835312604904175,0.6321336627006531,-0.06242429092526436,0.5405770540237427,0.6198065280914307,-0.06648579984903336,0.7203704118728638,0.7537428736686707,-0.04954152554273605,0.63123619556427,0.7102242112159729,-0.06102961301803589,0.5791236758232117,0.6870535016059875,-0.06223919615149498,0.540368914604187,0.6702600717544556,-0.06335847824811935,0.703867495059967,0.8181171417236328,-0.05622120574116707,0.635293185710907,0.7731462121009827,-0.06555047631263733,0.5987269282341003,0.7503066658973694,-0.06483551114797592,0.5691330432891846,0.7312242388725281,-0.06340325623750687,0.13714081048965454,0.888881266117096,5.544027317228029e-07,0.12524601817131042,0.7860895395278931,-0.00565351452678442,0.13635201752185822,0.6735096573829651,-0.015832101926207542,0.14370238780975342,0.5889395475387573,-0.026296190917491913,0.13608422875404358,0.529063880443573,-0.0367223359644413,0.21947987377643585,0.6539689302444458,-0.016841132193803787,0.300006240606308,0.6102064847946167,-0.029489876702427864,0.35094234347343445,0.5893764495849609,-0.038321759551763535,0.3870200514793396,0.5765820145606995,-0.04211103916168213,0.24752230942249298,0.6979734301567078,-0.0210796520113945,0.3260771632194519,0.6450015902519226,-0.024060877040028572,0.3691781759262085,0.6177733540534973,-0.024640683084726334,0.39939379692077637,0.6009758114814758,-0.025679433718323708,0.270464152097702,0.7494871020317078,-0.02531941421329975,0.3395783007144928,0.6965428590774536,-0.02405530959367752,0.37699583172798157,0.6675445437431335,-0.018201738595962524,0.4003422260284424,0.6512172222137451,-0.015258247964084148,0.2885620892047882,0.8012117147445679,-0.030596226453781128,0.341829776763916,0.7485409379005432,-0.025564223527908325,0.372581422328949,0.7213292717933655,-0.015049776062369347,0.3946346342563629,0.7010350227355957,-0.006927946116775274
117,0.8261266350746155,0.8617662787437439,1.0843609032917811e-07,0.8068980574607849,0.7607814073562622,0.0032021780498325825,0.7617248296737671,0.6739110946655273,-0.0037867266219109297,0.721424400806427,0.6052578687667847,-0.011128154583275318,0.7069016695022583,0.5457767844200134,-0.021431319415569305,0.7209472060203552,0.6808223128318787,-0.027103101834654808,0.6266941428184509,0.6605322360992432,-0.0424286425113678,0.5756092667579651,0.6554445028305054,-0.051625173538923264,0.5353735089302063,0.6516081690788269,-0.057321831583976746,0.7082533240318298,0.7409096956253052,-0.03688811510801315,0.6070308089256287,0.7118807435035706,-0.05060993507504463,0.549578070640564,0.6948288679122925,-0.057966288179159164,0.507392942905426,0.6827948689460754,-0.06458393484354019,0.6957687735557556,0.8012170791625977,-0.04476916417479515,0.6025633215904236,0.7654174566268921,-0.05565100535750389,0.5506764650344849,0.7452712655067444,-0.057856131345033646,0.512076735496521,0.7305022478103638,-0.06024174392223358,0.6846095323562622,0.8585193157196045,-0.05138793960213661,0.6116047501564026,0.8167449235916138,-0.05954185500741005,0.5762437582015991,0.7950672507286072,-0.057974956929683685,0.5478529930114746,0.7765753865242004,-0.05638600513339043,0.12718546390533447,0.8782713413238525,4.447569210697111e-07,0.11386127769947052,0.7756800055503845,-0.0026189046911895275,0.12273109704256058,0.6654776334762573,-0.012311925180256367,0.127770334482193,0.5815120339393616,-0.022366680204868317,0.11919931322336197,0.5204592347145081,-0.03256649896502495,0.1878281831741333,0.6432288289070129,-0.01920190639793873,0.26337069272994995,0.5787495970726013,-0.030216803774237633,0.3059799075126648,0.5463234782218933,-0.03468721732497215,0.33506470918655396,0.5262442827224731,-0.03553516045212746,0.22111062705516815,0.6865551471710205,-0.02683529071509838,0.300840824842453,0.6100568771362305,-0.03147101774811745,0.34251144528388977,0.5679761171340942,-0.0316106453537941,0.3711022734642029,0.5342117547988892,-0.031724173575639725,0.24970196187496185,0.7357112169265747,-0.03397876396775246,0.322573184967041,0.6567041277885437,-0.03577901050448418,0.36022239923477173,0.6126094460487366,-0.03349924087524414,0.3841053247451782,0.5784904956817627,-0.032577741891145706,0.272944837808609,0.784774899482727,-0.041105300188064575,0.32623711228370667,0.711330771446228,-0.04069928824901581,0.35552507638931274,0.671222984790802,-0.034254856407642365,0.37668031454086304,0.6376336216926575,-0.02869481034576893
118,0.8314818739891052,0.8117601275444031,1.3506563867338173e-08,0.8277412056922913,0.7163335084915161,0.005370899569243193,0.7855886816978455,0.632919192314148,0.0034702832344919443,0.7490889430046082,0.5632274150848389,0.0010693315416574478,0.7410659790039062,0.508346438407898,-0.003716170322149992,0.7324042320251465,0.6301607489585876,-0.02035122737288475,0.6438103914260864,0.598699688911438,-0.030394164845347404,0.5967841744422913,0.5864813923835754,-0.035252634435892105,0.5600320100784302,0.5804792046546936,-0.03836999461054802,0.7131591439247131,0.6791961193084717,-0.030011629685759544,0.6190779805183411,0.6359819173812866,-0.04032820835709572,0.5666326284408569,0.6161592602729797,-0.04464748501777649,0.5286165475845337,0.6034587621688843,-0.047801680862903595,0.6963907480239868,0.7329394221305847,-0.03749408200383186,0.6122382879257202,0.6845462918281555,-0.044655878096818924,0.5670493841171265,0.6602909564971924,-0.045727793127298355,0.5339853763580322,0.6423527598381042,-0.04695092514157295,0.6837846040725708,0.7897766828536987,-0.043736934661865234,0.6191419363021851,0.7426915764808655,-0.04876575991511345,0.5862807035446167,0.7177575826644897,-0.04637536406517029,0.5604515075683594,0.6959162354469299,-0.04411741718649864,0.1216362863779068,0.9169838428497314,4.835091544919123e-07,0.13101574778556824,0.8122334480285645,-0.005677493754774332,0.1598636507987976,0.6965503692626953,-0.016628233715891838,0.17982998490333557,0.6089267730712891,-0.027255771681666374,0.1802632361650467,0.543172299861908,-0.038165196776390076,0.21605417132377625,0.6924861669540405,-0.03101467527449131,0.3064521551132202,0.6478897333145142,-0.04976939782500267,0.3611809015274048,0.6320415139198303,-0.06047959625720978,0.4020843505859375,0.6237025856971741,-0.06558846682310104,0.23849612474441528,0.7466415166854858,-0.039117272943258286,0.3383352756500244,0.7007578611373901,-0.04877486824989319,0.3937859535217285,0.6800860166549683,-0.05109446868300438,0.4324887990951538,0.6642103791236877,-0.053575046360492706,0.2592572867870331,0.8067869544029236,-0.046563487499952316,0.3477097153663635,0.755294919013977,-0.05206039920449257,0.39760708808898926,0.7279567122459412,-0.048092715442180634,0.4314728379249573,0.7084564566612244,-0.04651346802711487,0.2769579589366913,0.8651154041290283,-0.054458197206258774,0.3443906307220459,0.8153075575828552,-0.05469838157296181,0.3825097978115082,0.7912031412124634,-0.04601208493113518,0.41248399019241333,0.7722795605659485,-0.039595749229192734
119,0.8417670726776123,0.8506581783294678,1.582833846214271e-07,0.8370022773742676,0.7521503567695618,0.0031580417416989803,0.7915357947349548,0.6547813415527344,0.0003713522746693343,0.7548308372497559,0.5812863111495972,-0.0023432134184986353,0.7470028400421143,0.522367537021637,-0.0074057248421013355,0.7495772242546082,0.6486129760742188,-0.0249693114310503,0.6635046601295471,0.6116987466812134,-0.03689250349998474,0.6127636432647705,0.5938360095024109,-0.0424896702170372,0.5741086602210999,0.581301212310791,-0.04594167321920395,0.7300398349761963,0.7009739279747009,-0.034158866852521896,0.6392041444778442,0.655592143535614,-0.045541103929281235,0.5856109857559204,0.6280922293663025,-0.050432026386260986,0.5466474890708923,0.6062294244766235,-0.05410043150186539,0.7112869024276733,0.7595059275627136,-0.04140152409672737,0.6287133693695068,0.7061348557472229,-0.05009416118264198,0.5817083120346069,0.6708442568778992,-0.05242212116718292,0.5483617782592773,0.6425107717514038,-0.054538387805223465,0.6947416663169861,0.8213052153587341,-0.04754813387989998,0.6321659684181213,0.768291175365448,-0.05427148565649986,0.5988627076148987,0.7382388710975647,-0.053291406482458115,0.572170615196228,0.7122365832328796,-0.052038419991731644,0.1495467722415924,0.8917302489280701,2.938425609499973e-07,0.14269457757472992,0.7926371097564697,-0.0035389757249504328,0.1618489921092987,0.6810178756713867,-0.015561919659376144,0.18145744502544403,0.5990117192268372,-0.028097517788410187,0.18280258774757385,0.5345703363418579,-0.04062288999557495,0.23069033026695251,0.6624482274055481,-0.03358430787920952,0.33112552762031555,0.61463463306427,-0.05151008442044258,0.3818776309490204,0.6107704639434814,-0.05920211225748062,0.41651228070259094,0.6094745993614197,-0.0605340301990509,0.2549911439418793,0.7127232551574707,-0.040350064635276794,0.3571928143501282,0.6626800894737244,-0.047493305057287216,0.40003252029418945,0.648764431476593,-0.04379832744598389,0.4251229166984558,0.6398476362228394,-0.041655752807855606,0.2755364775657654,0.7697174549102783,-0.046057987958192825,0.3658331632614136,0.7191061973571777,-0.04803549125790596,0.4015772342681885,0.705178439617157,-0.03562229126691818,0.4198353588581085,0.6989643573760986,-0.02783147618174553,0.29292094707489014,0.8239501714706421,-0.05243688449263573,0.3618690073490143,0.7722437977790833,-0.04823635146021843,0.39158013463020325,0.7542429566383362,-0.032700315117836,0.41043898463249207,0.742489218711853,-0.02098947949707508
120,0.8403317928314209,0.8986759185791016,1.1638474717301506e-07,0.8141149878501892,0.7961912155151367,0.005185778718441725,0.7639884948730469,0.7040494084358215,-0.0012390478514134884,0.7209229469299316,0.6315189003944397,-0.008480998687446117,0.703971266746521,0.5698739290237427,-0.018815940245985985,0.7261687517166138,0.7196120619773865,-0.027129964902997017,0.6248472929000854,0.6978533267974854,-0.04190762713551521,0.5718740224838257,0.6912946701049805,-0.05036778002977371,0.5302882194519043,0.6890530586242676,-0.055653855204582214,0.7146850228309631,0.7763538956642151,-0.039197888225317,0.6054868698120117,0.7441057562828064,-0.05072946473956108,0.5433845520019531,0.729271411895752,-0.05763795226812363,0.4981793165206909,0.720981240272522,-0.06450376659631729,0.7034747004508972,0.837412416934967,-0.04927878826856613,0.6037420034408569,0.8006896376609802,-0.05752607062458992,0.5462944507598877,0.7823435068130493,-0.061548296362161636,0.504503607749939,0.7686713933944702,-0.06637054681777954,0.6925321817398071,0.8975771069526672,-0.05797632783651352,0.6145909428596497,0.8614574670791626,-0.06562173366546631,0.5734039545059204,0.8421114683151245,-0.06681324541568756,0.5388985276222229,0.8236548900604248,-0.06786144524812698,0.12926164269447327,0.8779688477516174,4.49242008926376e-07,0.12151706218719482,0.7725076079368591,-0.0023181072901934385,0.13342685997486115,0.6692954897880554,-0.0114990109577775,0.14560183882713318,0.5859205722808838,-0.020481841638684273,0.14277462661266327,0.5228567123413086,-0.029978197067975998,0.19964733719825745,0.6564889550209045,-0.024304211139678955,0.2809703052043915,0.5910536646842957,-0.037098728120326996,0.3246537744998932,0.5610159039497375,-0.040553636848926544,0.3568544387817383,0.5418057441711426,-0.04019482061266899,0.23239034414291382,0.7012321352958679,-0.030869415029883385,0.3177674114704132,0.6252304315567017,-0.03895105421543121,0.36263617873191833,0.5858369469642639,-0.03832631558179855,0.39459139108657837,0.5587854385375977,-0.037509020417928696,0.2587936520576477,0.7479955554008484,-0.036714475601911545,0.3354380130767822,0.6707704067230225,-0.04131307080388069,0.3748197555541992,0.6285020709037781,-0.03835364803671837,0.40178367495536804,0.5977559089660645,-0.036422986537218094,0.2787932753562927,0.7924893498420715,-0.042454276233911514,0.33470630645751953,0.7225006818771362,-0.0440201573073864,0.3648448884487152,0.6813818216323853,-0.03883957862854004,0.3885048031806946,0.647553026676178,-0.03411800041794777
121,0.8201565742492676,0.8275871872901917,-1.1129890253869235e-07,0.801673173904419,0.739141047000885,0.0012930940138176084,0.7595919966697693,0.6544665694236755,-0.009108234196901321,0.7269591093063354,0.5892800092697144,-0.020560190081596375,0.7235614061355591,0.5309167504310608,-0.03413761779665947,0.7201755046844482,0.6474125981330872,-0.03079867735505104,0.6225264668464661,0.6169320344924927,-0.051650214940309525,0.575070858001709,0.6160910129547119,-0.06398311257362366,0.5437994003295898,0.6192237138748169,-0.07089503854513168,0.7046612501144409,0.7021591663360596,-0.042343273758888245,0.6022467613220215,0.6629977822303772,-0.06006523221731186,0.5511034727096558,0.6553767323493958,-0.06837965548038483,0.5180275440216064,0.6550815105438232,-0.07459834963083267,0.6900079250335693,0.7616074085235596,-0.05242954194545746,0.5986327528953552,0.7227822542190552,-0.06442305445671082,0.5516301989555359,0.7096109390258789,-0.06454732269048691,0.5206407308578491,0.7021144032478333,-0.06566976010799408,0.6758290529251099,0.8217828273773193,-0.061738405376672745,0.6063476204872131,0.7835097312927246,-0.06952633708715439,0.571718156337738,0.7665441632270813,-0.06605096161365509,0.5444316267967224,0.7530013918876648,-0.06345459818840027,0.12365942448377609,0.926291823387146,4.395571693294187e-07,0.12047304958105087,0.8170480132102966,-0.003547803731635213,0.14050617814064026,0.700157880783081,-0.013002470135688782,0.15381456911563873,0.6140403151512146,-0.022223664447665215,0.1518162041902542,0.549504816532135,-0.03171554580330849,0.19901669025421143,0.6907958388328552,-0.025768334046006203,0.2879580855369568,0.6423041820526123,-0.0406823456287384,0.34074491262435913,0.6211569905281067,-0.04894647002220154,0.3783634305000305,0.607607364654541,-0.051878754049539566,0.22726424038410187,0.7430478930473328,-0.03228956460952759,0.31968867778778076,0.6872137784957886,-0.037639837712049484,0.37039631605148315,0.6601464748382568,-0.03787381574511528,0.4058503806591034,0.6389681100845337,-0.038812339305877686,0.2528289258480072,0.7996091842651367,-0.03787361830472946,0.3342559039592743,0.7402873635292053,-0.038599755614995956,0.37972187995910645,0.711027979850769,-0.03229232877492905,0.41020095348358154,0.6909118890762329,-0.02924623340368271,0.2737991213798523,0.8524749279022217,-0.04384708032011986,0.33391109108924866,0.7921305894851685,-0.040490686893463135,0.3673385679721832,0.7638669610023499,-0.029614416882395744,0.39265745878219604,0.7426989078521729,-0.021515265107154846
122,0.8252737522125244,0.8488649129867554,1.0735855227039792e-07,0.8094965815544128,0.754082441329956,0.0032618860714137554,0.7635377645492554,0.6623674035072327,-0.0024404944851994514,0.7291021347045898,0.5903692841529846,-0.009046923369169235,0.7234498262405396,0.529463529586792,-0.017824027687311172,0.7273222208023071,0.6580530405044556,-0.02427326887845993,0.6395876407623291,0.6311951279640198,-0.03912267088890076,0.5888168811798096,0.6212753653526306,-0.04705040901899338,0.5512781739234924,0.6151642799377441,-0.05174729973077774,0.7102664113044739,0.7072141170501709,-0.03474615514278412,0.6180152297019958,0.6712301969528198,-0.04831773042678833,0.5646578073501587,0.6533562541007996,-0.05447844788432121,0.5264050364494324,0.6394361257553101,-0.059071388095617294,0.6929470896720886,0.7643101811408997,-0.043615132570266724,0.6096996665000916,0.7220330834388733,-0.05362900719046593,0.5625903010368347,0.6988550424575806,-0.05540892854332924,0.5290237665176392,0.6799594759941101,-0.05725234001874924,0.6766221523284912,0.8256933689117432,-0.05158676207065582,0.6137861609458923,0.7809848785400391,-0.05818643048405647,0.5796104669570923,0.758565366268158,-0.056536879390478134,0.5513004660606384,0.739621102809906,-0.055054981261491776,0.12085224688053131,0.93186354637146,5.268448717288265e-07,0.11820638924837112,0.8218221068382263,-0.0012511200038716197,0.1405562162399292,0.7011805772781372,-0.009379582479596138,0.15644490718841553,0.6142141819000244,-0.01809414103627205,0.15225529670715332,0.5486493706703186,-0.026741279289126396,0.19815771281719208,0.6924369931221008,-0.01668734662234783,0.28433963656425476,0.6442763209342957,-0.02978970855474472,0.33700868487358093,0.6229491233825684,-0.037765808403491974,0.3741881251335144,0.6094857454299927,-0.04079214483499527,0.2254827320575714,0.7415098547935486,-0.02449059672653675,0.31734251976013184,0.6878755688667297,-0.02770286612212658,0.3678591251373291,0.661383330821991,-0.0277046300470829,0.4034823179244995,0.638190746307373,-0.028804998844861984,0.2504275143146515,0.7975984215736389,-0.03180911764502525,0.33159515261650085,0.7409239411354065,-0.030966024845838547,0.3756561875343323,0.7157516479492188,-0.02409195341169834,0.4047110676765442,0.6960898637771606,-0.020806999877095222,0.2713790833950043,0.8515814542770386,-0.03959409147500992,0.3313479423522949,0.7905784845352173,-0.034521378576755524,0.3660653829574585,0.7636762261390686,-0.023081060498952866,0.39223513007164,0.7426249980926514,-0.014809194020926952
123,0.7925149202346802,0.797606885433197,1.3513697183498152e-07,0.8016893863677979,0.7094593048095703,-0.01041542086750269,0.7768783569335938,0.6347768306732178,-0.02464388497173786,0.7517254948616028,0.5702347159385681,-0.036812674254179,0.7478163242340088,0.5122144222259521,-0.05098992958664894,0.7306036949157715,0.639382004737854,-0.05146348476409912,0.6492977738380432,0.6035770773887634,-0.07266510277986526,0.603646993637085,0.5927358269691467,-0.08081759512424469,0.5668638348579407,0.5840381383895874,-0.08531318604946136,0.7106263041496277,0.6968735456466675,-0.05700036510825157,0.621109664440155,0.6497439742088318,-0.07943055033683777,0.5718973278999329,0.6264092326164246,-0.08533962070941925,0.534690260887146,0.6069319844245911,-0.08849132806062698,0.6952033042907715,0.7539207935333252,-0.06109600514173508,0.6163525581359863,0.7043807506561279,-0.07826870679855347,0.5708987712860107,0.6758586168289185,-0.0803690254688263,0.5359402298927307,0.6503675580024719,-0.08053500205278397,0.6840773224830627,0.8081412315368652,-0.06499046087265015,0.6229586601257324,0.766562819480896,-0.07645748555660248,0.5894386768341064,0.7391010522842407,-0.07570488750934601,0.5640949606895447,0.7116879820823669,-0.07415879517793655,0.1280524730682373,0.9301366209983826,5.558374596148496e-07,0.1303921937942505,0.8211636543273926,-0.0019065274391323328,0.15611296892166138,0.7067328095436096,-0.009675571694970131,0.17267875373363495,0.6219974756240845,-0.017409691587090492,0.17186352610588074,0.5584047436714172,-0.02549515664577484,0.21470442414283752,0.6955234408378601,-0.021589335054159164,0.30167141556739807,0.6480067372322083,-0.03500417247414589,0.35312938690185547,0.6297550201416016,-0.04268794134259224,0.3916079103946686,0.619202733039856,-0.04628751799464226,0.2414184957742691,0.7478213906288147,-0.029613856226205826,0.3359355926513672,0.6921334862709045,-0.03538692742586136,0.38991406559944153,0.6652774810791016,-0.037809718400239944,0.42913490533828735,0.6441599726676941,-0.04092898219823837,0.2657049000263214,0.8053459525108337,-0.037028342485427856,0.35182851552963257,0.7455333471298218,-0.03991246223449707,0.402340829372406,0.711249053478241,-0.03966794162988663,0.43965548276901245,0.684330403804779,-0.041365884244441986,0.286231130361557,0.8605581521987915,-0.04441526532173157,0.35191231966018677,0.8045614361763,-0.045381736010313034,0.39125972986221313,0.7759897708892822,-0.041303761303424835,0.42409268021583557,0.7525826096534729,-0.038569316267967224
124,0.8007566332817078,0.8448227643966675,2.67823054400651e-07,0.7907412052154541,0.7601419687271118,-0.015730641782283783,0.7560756802558899,0.6791665554046631,-0.03445067256689072,0.7298024892807007,0.6132597327232361,-0.05073751136660576,0.721081554889679,0.5537152290344238,-0.0695255771279335,0.7261003851890564,0.7023665904998779,-0.058808233588933945,0.6350728273391724,0.6691432595252991,-0.08618057519197464,0.581970751285553,0.6605525612831116,-0.09978891164064407,0.540503978729248,0.658607542514801,-0.10762651264667511,0.7147915959358215,0.7600105404853821,-0.0651460513472557,0.6163173913955688,0.7179553508758545,-0.09247440844774246,0.5563250780105591,0.7021255493164062,-0.1049545481801033,0.5113281607627869,0.6914417743682861,-0.11347032338380814,0.7019954919815063,0.817935585975647,-0.07076110690832138,0.6086398959159851,0.7762272357940674,-0.09375213831663132,0.5531845688819885,0.7586374878883362,-0.10160481929779053,0.5119516253471375,0.7439218759536743,-0.1057310402393341,0.6887134909629822,0.8686482310295105,-0.07627460360527039,0.6141525506973267,0.8319520950317383,-0.09520233422517776,0.5724175572395325,0.8127251863479614,-0.10050368309020996,0.538770318031311,0.7934419512748718,-0.10270100831985474,0.12920118868350983,0.8970775008201599,4.764767709275475e-07,0.12136416882276535,0.7890161275863647,0.003762007923796773,0.13461202383041382,0.6770516037940979,-0.0020069843158125877,0.1456410139799118,0.5944552421569824,-0.009256072342395782,0.13746704161167145,0.5359693765640259,-0.01701457053422928,0.187302365899086,0.6600837111473083,-0.013572514988481998,0.26617252826690674,0.595180094242096,-0.02527301199734211,0.31097647547721863,0.566032886505127,-0.030244525521993637,0.34122100472450256,0.5477555990219116,-0.030968258157372475,0.21981224417686462,0.7039870023727417,-0.02340385504066944,0.3053058981895447,0.6282320022583008,-0.0284555833786726,0.3497634530067444,0.588520884513855,-0.02857767418026924,0.37879833579063416,0.557847261428833,-0.028658894822001457,0.24923638999462128,0.7523059248924255,-0.03243079409003258,0.3277469575405121,0.6739899516105652,-0.03387698158621788,0.36661869287490845,0.6319375038146973,-0.02996966987848282,0.39077872037887573,0.6006464958190918,-0.027984384447336197,0.27510109543800354,0.7993982434272766,-0.04111200198531151,0.332551509141922,0.7277637720108032,-0.039657026529312134,0.36213356256484985,0.6919429898262024,-0.031540725380182266,0.38257649540901184,0.6633889675140381,-0.025059137493371964
125,0.81087726354599,0.8334996104240417,2.7462795060273493e-07,0.7999579310417175,0.7484853267669678,-0.004426037427037954,0.7555873990058899,0.6593359708786011,-0.012880183756351471,0.7204998135566711,0.5912938117980957,-0.020229337736964226,0.7113105058670044,0.532997190952301,-0.029622817412018776,0.7223277688026428,0.6577019691467285,-0.033714935183525085,0.635456919670105,0.6355571746826172,-0.048139650374650955,0.5841270685195923,0.6266133785247803,-0.05522516369819641,0.5460740923881531,0.6202290058135986,-0.059243276715278625,0.7092449069023132,0.7120159268379211,-0.03918566182255745,0.617776095867157,0.6861090660095215,-0.050826020538806915,0.5676498413085938,0.6724418997764587,-0.055145103484392166,0.5320601463317871,0.6609007120132446,-0.05863664671778679,0.6953176856040955,0.7715089917182922,-0.04318167269229889,0.6115484237670898,0.7424109578132629,-0.05175834894180298,0.56797194480896,0.7290514707565308,-0.050823844969272614,0.5389359593391418,0.718374490737915,-0.050618838518857956,0.6811652779579163,0.8331958651542664,-0.046860359609127045,0.6177095174789429,0.7994784712791443,-0.05347398668527603,0.5877412557601929,0.7849556803703308,-0.05028321221470833,0.5649521350860596,0.7720588445663452,-0.047049663960933685,0.1218230128288269,0.911048173904419,5.616499834104616e-07,0.1161518543958664,0.8047410845756531,-0.0008284968207590282,0.13494138419628143,0.6867702007293701,-0.009408585727214813,0.14943727850914001,0.6019564270973206,-0.018981197848916054,0.14804884791374207,0.5380052924156189,-0.02885732613503933,0.18283726274967194,0.6726722121238708,-0.025927366688847542,0.272754967212677,0.618741512298584,-0.04468103498220444,0.32832425832748413,0.5974143743515015,-0.05506589263677597,0.36656802892684937,0.588161289691925,-0.058489568531513214,0.20944316685199738,0.7178927063941956,-0.035543933510780334,0.3028692305088043,0.6518665552139282,-0.04464571550488472,0.3570689857006073,0.6250990629196167,-0.04686213284730911,0.39513182640075684,0.6086693406105042,-0.04822494089603424,0.23624983429908752,0.7714304327964783,-0.044066980481147766,0.32028552889823914,0.7056435942649841,-0.047316063195466995,0.366218239068985,0.6790966987609863,-0.04206842556595802,0.3964884281158447,0.6618852615356445,-0.03922604024410248,0.26016461849212646,0.824460506439209,-0.052887070924043655,0.3233242630958557,0.7645938992500305,-0.05033997446298599,0.35952550172805786,0.7361882328987122,-0.039964862167835236,0.38663285970687866,0.7160719633102417,-0.03206983581185341
126,0.8328550457954407,0.8162148594856262,2.4405275667049864e-07,0.8257479667663574,0.7208752036094666,0.0019359587458893657,0.7860817313194275,0.632623016834259,-0.005964747630059719,0.7521715760231018,0.5596340894699097,-0.013742758892476559,0.741284966468811,0.5006619691848755,-0.02455476112663746,0.7456894516944885,0.6324861645698547,-0.036001283675432205,0.6542409658432007,0.5938829183578491,-0.05220438912510872,0.6038076281547546,0.5767604112625122,-0.0594087578356266,0.5642258524894714,0.566192090511322,-0.06338238716125488,0.7257881760597229,0.68561190366745,-0.04655042290687561,0.6266855001449585,0.6364632248878479,-0.06289777904748917,0.5699142217636108,0.6103922724723816,-0.07095199078321457,0.5288138389587402,0.5914521813392639,-0.07639771699905396,0.7073023915290833,0.7418873906135559,-0.05446508526802063,0.6182040572166443,0.6889674067497253,-0.06743361055850983,0.5661308765411377,0.6571305990219116,-0.07387667894363403,0.5290903449058533,0.6332917213439941,-0.07829135656356812,0.6924231052398682,0.7973981499671936,-0.06076817959547043,0.6232448816299438,0.7438106536865234,-0.07169249653816223,0.589539647102356,0.7148727178573608,-0.07355192303657532,0.562732994556427,0.6889390349388123,-0.07373161613941193,0.12045557796955109,0.9260945320129395,5.257399493530102e-07,0.12145008891820908,0.8190600872039795,-0.0008332480792887509,0.14813518524169922,0.7026774883270264,-0.0059129586443305016,0.16669414937496185,0.6183803677558899,-0.011313172057271004,0.1673412322998047,0.5551716089248657,-0.01700475439429283,0.20005857944488525,0.6916267275810242,-0.017779145389795303,0.28913387656211853,0.6449391841888428,-0.03204317390918732,0.3424731492996216,0.6235532164573669,-0.04068310558795929,0.381087988615036,0.6108404994010925,-0.04470904543995857,0.2281627207994461,0.740993320941925,-0.026255328208208084,0.32294052839279175,0.6851235628128052,-0.03241829574108124,0.37723255157470703,0.6588023900985718,-0.03476598113775253,0.4159740209579468,0.6395323872566223,-0.03761804476380348,0.25440236926078796,0.7952653169631958,-0.03434779867529869,0.33865422010421753,0.7359810471534729,-0.037536296993494034,0.3880433738231659,0.7043220400810242,-0.035808928310871124,0.42378637194633484,0.6800411343574524,-0.036190688610076904,0.275972843170166,0.8473031520843506,-0.04256954416632652,0.3406461477279663,0.7934944033622742,-0.042548444122076035,0.3794664144515991,0.7659203410148621,-0.036789096891880035,0.4111398458480835,0.7437506318092346,-0.03288254886865616
127,0.8367418646812439,0.8669226765632629,1.8967163839533896e-07,0.8259803056716919,0.7631532549858093,-0.0029018123168498278,0.7759813666343689,0.668250322341919,-0.011228472925722599,0.7354175448417664,0.595699667930603,-0.01864449866116047,0.725326418876648,0.5339959263801575,-0.028265126049518585,0.7380309104919434,0.6764626502990723,-0.03521950915455818,0.6452427506446838,0.6460835933685303,-0.0524415522813797,0.5915767550468445,0.6362813115119934,-0.061607908457517624,0.5492392182350159,0.6314685344696045,-0.06722825020551682,0.7210520505905151,0.738502562046051,-0.04287058487534523,0.6171916723251343,0.7016915678977966,-0.0592709481716156,0.5583344101905823,0.6815742254257202,-0.06793152540922165,0.5142794251441956,0.6660608053207397,-0.07441069185733795,0.7045294046401978,0.8012330532073975,-0.04886520281434059,0.6089784502983093,0.7604308128356934,-0.062224380671978,0.5545613765716553,0.7361105680465698,-0.06801105290651321,0.5140186548233032,0.7180536389350891,-0.07197468727827072,0.6892669200897217,0.8586881160736084,-0.05396970361471176,0.6155969500541687,0.8157579302787781,-0.06545104086399078,0.5757681131362915,0.7940321564674377,-0.06817814707756042,0.5425897240638733,0.7748056054115295,-0.06895122677087784,0.1280185878276825,0.8869479894638062,2.5819940674409736e-07,0.11921277642250061,0.7811992168426514,0.008846772834658623,0.13540604710578918,0.6745567321777344,0.003832366783171892,0.14980407059192657,0.5932384133338928,-0.00347524369135499,0.14597183465957642,0.5317881107330322,-0.01158080529421568,0.18972568213939667,0.647858202457428,-0.018565252423286438,0.27752256393432617,0.5771259069442749,-0.029447944834828377,0.32081490755081177,0.5552114248275757,-0.030881043523550034,0.3505989611148834,0.5405870079994202,-0.028773531317710876,0.21984218060970306,0.6962261199951172,-0.030124695971608162,0.3141830563545227,0.6123837232589722,-0.034405309706926346,0.3572573661804199,0.5812214016914368,-0.028935302048921585,0.38458478450775146,0.5592185258865356,-0.025345109403133392,0.24635395407676697,0.747531533241272,-0.040131594985723495,0.32885855436325073,0.661378800868988,-0.040549539029598236,0.3663819134235382,0.6261287331581116,-0.03359515964984894,0.38819634914398193,0.5993781089782715,-0.02987143024802208,0.26776665449142456,0.7977878451347351,-0.049365926533937454,0.3298657536506653,0.7262536287307739,-0.04320983961224556,0.3589746356010437,0.6960330009460449,-0.03223281726241112,0.37777459621429443,0.6706183552742004,-0.024925855919718742
128,0.8263984322547913,0.8229197263717651,-7.203437490943543e-08,0.8142198324203491,0.7292186617851257,0.005340761039406061,0.7689631581306458,0.6402742266654968,0.00017438018403481692,0.7343313694000244,0.5697693824768066,-0.00511534558609128,0.7279056906700134,0.5135778188705444,-0.012901660986244678,0.7303839921951294,0.6229826211929321,-0.030450377613306046,0.6351354718208313,0.597631573677063,-0.045406416058540344,0.5866802334785461,0.5895589590072632,-0.052699532359838486,0.5498532652854919,0.5843325853347778,-0.05691476911306381,0.7134402394294739,0.6792992353439331,-0.041504133492708206,0.6105114817619324,0.6435847282409668,-0.055247433483600616,0.5622046589851379,0.625289261341095,-0.059166740626096725,0.5311298966407776,0.6103695034980774,-0.06207086890935898,0.6956574320793152,0.7407200932502747,-0.05008014291524887,0.6025214195251465,0.7016394734382629,-0.06051735579967499,0.5602596402168274,0.6791151165962219,-0.058824922889471054,0.5343520641326904,0.6599981784820557,-0.05763392895460129,0.6798356771469116,0.803844690322876,-0.05734943225979805,0.6081786155700684,0.759685218334198,-0.06479838490486145,0.5754464864730835,0.7376527786254883,-0.06059202924370766,0.5511280298233032,0.7182552814483643,-0.056626323610544205,0.11350230872631073,0.9152014255523682,4.926538963445637e-07,0.11578676849603653,0.8045393824577332,3.906234633177519e-05,0.14216026663780212,0.6879259347915649,-0.008093984797596931,0.160773366689682,0.6049271821975708,-0.01729591377079487,0.16367186605930328,0.5399059653282166,-0.026814525946974754,0.1905132681131363,0.6850719451904297,-0.02693142183125019,0.2890911102294922,0.6378026008605957,-0.04422381520271301,0.3457237482070923,0.6177419424057007,-0.05276622623205185,0.38495659828186035,0.6058011054992676,-0.05554703250527382,0.21233491599559784,0.7344690561294556,-0.03681550920009613,0.31451791524887085,0.6802114844322205,-0.04461953416466713,0.3693559765815735,0.6569178700447083,-0.04464074596762657,0.40669864416122437,0.64002525806427,-0.045159757137298584,0.23425288498401642,0.788755476474762,-0.04560638964176178,0.32441872358322144,0.7305049300193787,-0.048014357686042786,0.37222927808761597,0.7029603719711304,-0.04129643738269806,0.4044673442840576,0.6829930543899536,-0.03805374354124069,0.25382477045059204,0.8413548469543457,-0.05473873019218445,0.32097432017326355,0.786836564540863,-0.05250827595591545,0.3598455488681793,0.7586076259613037,-0.042520564049482346,0.38980382680892944,0.7381382584571838,-0.03529883176088333
129,0.8382611274719238,0.8308789134025574,1.2653646308535826e-07,0.8291795253753662,0.7260549664497375,0.008629707619547844,0.789649486541748,0.6339442729949951,0.004608292132616043,0.7572649121284485,0.5573707222938538,-0.0009252683958038688,0.7486535310745239,0.49763548374176025,-0.009110008366405964,0.7492882609367371,0.6301379203796387,-0.02225041203200817,0.6600860953330994,0.591244101524353,-0.03516898676753044,0.6094756126403809,0.5760149955749512,-0.041647300124168396,0.5704978704452515,0.5657569766044617,-0.04525133594870567,0.7296010851860046,0.682076632976532,-0.034905992448329926,0.6326972842216492,0.633539080619812,-0.04710782319307327,0.5756856203079224,0.6068090796470642,-0.05256883054971695,0.5334959030151367,0.5861694812774658,-0.056681472808122635,0.7113503813743591,0.7392468452453613,-0.04505111649632454,0.6235103011131287,0.68451988697052,-0.0533849261701107,0.5736404657363892,0.6537816524505615,-0.05480615049600601,0.5371711254119873,0.6290926933288574,-0.05636516585946083,0.6958644390106201,0.7973599433898926,-0.05373922735452652,0.6290645003318787,0.7441620230674744,-0.05984760820865631,0.5936946868896484,0.71389240026474,-0.05774829536676407,0.5659162402153015,0.6868741512298584,-0.05557269603013992,0.12543585896492004,0.9073275327682495,5.145790282767848e-07,0.1230185478925705,0.8026876449584961,-0.0009111110703088343,0.14468014240264893,0.6906005144119263,-0.006689450703561306,0.16252514719963074,0.610859215259552,-0.013247592374682426,0.1654081642627716,0.5498426556587219,-0.01931728981435299,0.2047145664691925,0.6813384890556335,-0.01154171209782362,0.2902401089668274,0.6337836384773254,-0.02412109076976776,0.3426901698112488,0.6126495599746704,-0.03261810913681984,0.3792456388473511,0.5989339351654053,-0.03581094741821289,0.2284904271364212,0.7261514067649841,-0.018352286890149117,0.31439006328582764,0.6663886308670044,-0.02192520536482334,0.3621072769165039,0.6349899172782898,-0.023128347471356392,0.39461761713027954,0.6117821335792542,-0.024398446083068848,0.25016912817955017,0.7762591242790222,-0.02506684698164463,0.3266916573047638,0.7133899331092834,-0.02442738600075245,0.36904409527778625,0.6786080598831177,-0.01985068805515766,0.3976743221282959,0.6534720063209534,-0.01778019592165947,0.26929131150245667,0.826045036315918,-0.03235384076833725,0.3297651708126068,0.7699273824691772,-0.02827576920390129,0.36334913969039917,0.7399822473526001,-0.019523493945598602,0.38788777589797974,0.7157914042472839,-0.01290908269584179
130,0.8409126996994019,0.8746716380119324,1.5953361298670643e-07,0.8283945322036743,0.7639116048812866,0.0022857708390802145,0.78253173828125,0.6716428399085999,-0.0041597625240683556,0.7398805022239685,0.5996853113174438,-0.010965787805616856,0.7243318557739258,0.5382676124572754,-0.02047082409262657,0.7375974059104919,0.6871893405914307,-0.026845892891287804,0.6407145857810974,0.6554850339889526,-0.04204384237527847,0.5890846252441406,0.6437252163887024,-0.050509996712207794,0.5468761920928955,0.6370969414710999,-0.05580432340502739,0.7199254631996155,0.7449615597724915,-0.036972250789403915,0.6151561737060547,0.7007225751876831,-0.05180875211954117,0.5551905035972595,0.6790884137153625,-0.061135563999414444,0.5102927684783936,0.6646629571914673,-0.06840510666370392,0.7041972279548645,0.8048900365829468,-0.045147597789764404,0.6092736124992371,0.7568261027336121,-0.057005640119314194,0.5539841651916504,0.7316595911979675,-0.06296586990356445,0.5124682188034058,0.712907075881958,-0.06766203790903091,0.6911347508430481,0.8616512417793274,-0.05194168910384178,0.6170259714126587,0.8141207695007324,-0.062015727162361145,0.5778322219848633,0.7903082966804504,-0.06384128332138062,0.5447731614112854,0.7696241736412048,-0.0644206553697586,0.11378677934408188,0.8801988959312439,4.846955334869563e-07,0.10229088366031647,0.7769227623939514,0.0021572911646217108,0.1148931160569191,0.6697844862937927,-0.004168441519141197,0.12846490740776062,0.5890334844589233,-0.01065014861524105,0.124056376516819,0.5310676693916321,-0.017827441915869713,0.15217238664627075,0.6554136276245117,-0.02843102626502514,0.23305542767047882,0.5771458148956299,-0.043569423258304596,0.2800652086734772,0.540162205696106,-0.047811899334192276,0.313179612159729,0.5154440999031067,-0.047788042575120926,0.1873769909143448,0.6935265064239502,-0.036974262446165085,0.26953667402267456,0.6011490821838379,-0.04655057191848755,0.31738534569740295,0.5522388815879822,-0.04727456718683243,0.3494529724121094,0.5172117948532104,-0.04759436473250389,0.22089385986328125,0.7363410592079163,-0.04398675635457039,0.29271674156188965,0.6442770957946777,-0.04914892464876175,0.3339661955833435,0.5925405621528625,-0.050149399787187576,0.3618749678134918,0.5542363524436951,-0.05158209428191185,0.2518030107021332,0.7785133719444275,-0.05033579841256142,0.3021480441093445,0.699468731880188,-0.054527245461940765,0.3300935626029968,0.6540586948394775,-0.05410931259393692,0.3512820601463318,0.6163266897201538,-0.05315200984477997
131,0.8221654891967773,0.8121761679649353,-6.285855391752193e-08,0.8105528950691223,0.7258056402206421,0.0029777362942695618,0.7698397636413574,0.638560950756073,-0.0052338456735014915,0.7371450066566467,0.5679699778556824,-0.013663030229508877,0.7312766313552856,0.5088948011398315,-0.024921584874391556,0.730178713798523,0.628715455532074,-0.03350820764899254,0.638201117515564,0.5977112054824829,-0.05075615271925926,0.5892788171768188,0.589512050151825,-0.060114312916994095,0.5523721575737,0.5845487117767334,-0.06594817340373993,0.7137552499771118,0.6857869029045105,-0.0450676754117012,0.6167963147163391,0.6446749567985535,-0.059843599796295166,0.5643591284751892,0.6283248066902161,-0.06511212885379791,0.5278719067573547,0.6166651248931885,-0.06986849009990692,0.6966973543167114,0.7459008693695068,-0.054659876972436905,0.6106982827186584,0.6998238563537598,-0.06500861793756485,0.5656289458274841,0.6754540205001831,-0.06318773329257965,0.5349723100662231,0.6541042327880859,-0.06294120103120804,0.680123507976532,0.8064337372779846,-0.06327537447214127,0.6115212440490723,0.7608696818351746,-0.07081819325685501,0.578510046005249,0.7355542778968811,-0.06667373329401016,0.553760290145874,0.7122807502746582,-0.06342001259326935,0.11624693870544434,0.924290657043457,5.41956012511946e-07,0.10880172997713089,0.817252516746521,-0.004306322894990444,0.12496905773878098,0.7002090811729431,-0.014257744885981083,0.13814306259155273,0.6164000630378723,-0.02425151690840721,0.13972647488117218,0.552956759929657,-0.034532684832811356,0.1764315962791443,0.6911601424217224,-0.029922647401690483,0.27037516236305237,0.6404533386230469,-0.04727501794695854,0.32554537057876587,0.616719663143158,-0.05683913454413414,0.36444327235221863,0.6002681851387024,-0.06060405820608139,0.204128697514534,0.7379175424575806,-0.03760092705488205,0.2997414469718933,0.6759738326072693,-0.0458000972867012,0.35164299607276917,0.6452007293701172,-0.0479915626347065,0.3869122266769409,0.6200599670410156,-0.05004327744245529,0.2312231808900833,0.7903516888618469,-0.0442311093211174,0.31275373697280884,0.7246559858322144,-0.04722016304731369,0.3587844967842102,0.689673662185669,-0.042948514223098755,0.389571875333786,0.6642806529998779,-0.04123852401971817,0.25467535853385925,0.8416681289672852,-0.0513160265982151,0.31444498896598816,0.7796643376350403,-0.049375277012586594,0.3503750264644623,0.7469974160194397,-0.040102288126945496,0.3786371946334839,0.7234517931938171,-0.03326603025197983
132,0.8371622562408447,0.8279259204864502,2.180530884743348e-07,0.834547758102417,0.7248528003692627,0.002040704945102334,0.7992936968803406,0.6301248669624329,-0.004650949966162443,0.7687563300132751,0.5512657165527344,-0.011587603017687798,0.7589588165283203,0.49045246839523315,-0.021101001650094986,0.7530621886253357,0.6300822496414185,-0.028777603060007095,0.6658362150192261,0.5894074440002441,-0.04224775359034538,0.6190343499183655,0.5705652236938477,-0.04864098131656647,0.5826192498207092,0.5548394918441772,-0.052497535943984985,0.7314632534980774,0.6806591153144836,-0.03910708427429199,0.6387958526611328,0.627108633518219,-0.05303693935275078,0.5824386477470398,0.5969665050506592,-0.061121925711631775,0.5403794050216675,0.5739120244979858,-0.0670027956366539,0.7128146290779114,0.7354329824447632,-0.04718660190701485,0.6285783648490906,0.6755616068840027,-0.058406345546245575,0.5770123600959778,0.6417718529701233,-0.06462334841489792,0.539421796798706,0.6151711344718933,-0.06903964281082153,0.6970807313919067,0.7900338768959045,-0.05403050780296326,0.6328957080841064,0.7308299541473389,-0.06378710269927979,0.5983178615570068,0.6972410082817078,-0.06578104197978973,0.5708513855934143,0.6672186255455017,-0.06629687547683716,0.1256459653377533,0.9065392017364502,5.653013204209856e-07,0.11636757850646973,0.8030538558959961,8.740639896132052e-05,0.13151812553405762,0.6882057189941406,-0.007027341052889824,0.14212411642074585,0.6038896441459656,-0.015245827846229076,0.13854001462459564,0.5406885147094727,-0.023957842960953712,0.187412828207016,0.6651726365089417,-0.018699605017900467,0.27253207564353943,0.6127114295959473,-0.03324481472373009,0.32423028349876404,0.5949184894561768,-0.042084138840436935,0.35964682698249817,0.5865175724029541,-0.04537035897374153,0.2168867588043213,0.7086856365203857,-0.026991667225956917,0.3014642000198364,0.6440802216529846,-0.03214762359857559,0.35090187191963196,0.6187963485717773,-0.03362150862812996,0.3843258321285248,0.6034184694290161,-0.03505677357316017,0.24476443231105804,0.7622946500778198,-0.03429725766181946,0.32004687190055847,0.6957258582115173,-0.034715019166469574,0.3620065450668335,0.6678591966629028,-0.029136087745428085,0.3893592059612274,0.6498119831085205,-0.026456041261553764,0.270323246717453,0.817359209060669,-0.04181581735610962,0.3279963731765747,0.7546386122703552,-0.03838573768734932,0.3625892102718353,0.7266456484794617,-0.027885787189006805,0.38863056898117065,0.7062515020370483,-0.019766880199313164
133,0.8431746363639832,0.8657451272010803,9.84041150786652e-08,0.832671046257019,0.7591904401779175,-0.0001316343987127766,0.7856518626213074,0.6612128019332886,-0.007261128630489111,0.7476406693458557,0.5878389477729797,-0.014404055662453175,0.7370821237564087,0.5275904536247253,-0.024599382653832436,0.7467143535614014,0.6675340533256531,-0.03407051041722298,0.6539145708084106,0.6359997391700745,-0.05321282520890236,0.5992933511734009,0.625116229057312,-0.06425584852695465,0.5553346872329712,0.6200177669525146,-0.07109047472476959,0.7290787696838379,0.7264272570610046,-0.04383854568004608,0.6261225342750549,0.6917239427566528,-0.06156010180711746,0.5664308071136475,0.6740712523460388,-0.07125627994537354,0.521616518497467,0.6613242626190186,-0.07869593799114227,0.71232008934021,0.787436306476593,-0.05184561386704445,0.6173298358917236,0.7478471398353577,-0.06612014770507812,0.5627124905586243,0.7267482876777649,-0.07128418236970901,0.5215647220611572,0.7112230658531189,-0.07502420246601105,0.6970723271369934,0.8465502262115479,-0.05884014815092087,0.6252343654632568,0.8029235601425171,-0.0707729160785675,0.5865877270698547,0.779820442199707,-0.07305356860160828,0.5546327829360962,0.7590739727020264,-0.07362297922372818,0.12798453867435455,0.8735693097114563,5.612279210254201e-07,0.11137387156486511,0.7732726335525513,0.0002931003109551966,0.11456090211868286,0.6694381237030029,-0.009218108840286732,0.12050965428352356,0.5866055488586426,-0.018619731068611145,0.11315330862998962,0.5275285840034485,-0.029103795066475868,0.17110997438430786,0.6490796804428101,-0.029399137943983078,0.2513934373855591,0.575263261795044,-0.043132226914167404,0.29516148567199707,0.5387888550758362,-0.04700864106416702,0.3264159858226776,0.5132167935371399,-0.04690823704004288,0.20662108063697815,0.6890308856964111,-0.03791723772883415,0.2887532114982605,0.6000561714172363,-0.047190506011247635,0.33352917432785034,0.5522583723068237,-0.04770955070853233,0.3645094633102417,0.517518162727356,-0.047938041388988495,0.2383822649717331,0.7337689399719238,-0.04483596980571747,0.3119369149208069,0.6435588002204895,-0.04995092377066612,0.3516635298728943,0.5955538749694824,-0.04923766478896141,0.3786413073539734,0.5598883628845215,-0.049359750002622604,0.2654852569103241,0.7787806391716003,-0.050962816923856735,0.3165133595466614,0.6967466473579407,-0.05327369645237923,0.34463798999786377,0.6533076763153076,-0.04901890456676483,0.36641788482666016,0.6172541975975037,-0.04526727274060249
134,0.8324735164642334,0.8289949893951416,-1.4815445581461972e-07,0.8207391500473022,0.7342116832733154,0.007776822429150343,0.7774860262870789,0.6431902647018433,0.004322749096900225,0.744475245475769,0.567068874835968,-0.0004780404851771891,0.7381739020347595,0.5074895024299622,-0.008357682265341282,0.7301511764526367,0.6285291910171509,-0.022601032629609108,0.6356553435325623,0.5999714732170105,-0.037320494651794434,0.5853692293167114,0.5951054096221924,-0.04624582827091217,0.5493812561035156,0.5938733220100403,-0.05188016965985298,0.7143873572349548,0.6819543242454529,-0.03524173051118851,0.6136100888252258,0.6480604410171509,-0.047213081270456314,0.5586586594581604,0.6361671090126038,-0.05367721989750862,0.5199657678604126,0.6264494061470032,-0.059617169201374054,0.6991441249847412,0.741899847984314,-0.04581892117857933,0.6081971526145935,0.7032226920127869,-0.0548129640519619,0.560786783695221,0.6859614849090576,-0.05602778121829033,0.5273920893669128,0.6700270771980286,-0.05837269127368927,0.6858627200126648,0.8053164482116699,-0.05502883344888687,0.615247368812561,0.7663843631744385,-0.06241356208920479,0.5798389911651611,0.7465918064117432,-0.06069616973400116,0.5515700578689575,0.7266066670417786,-0.05941719934344292,0.1193261668086052,0.9090839624404907,5.246198497843579e-07,0.11743883043527603,0.8068607449531555,-0.004194938112050295,0.13495469093322754,0.6904501914978027,-0.015476999804377556,0.1430688053369522,0.6041257977485657,-0.0268640648573637,0.13946126401424408,0.5406946539878845,-0.03902921825647354,0.1891213059425354,0.6830885410308838,-0.03343035280704498,0.28302907943725586,0.6342822313308716,-0.051787618547677994,0.3364832103252411,0.6124252080917358,-0.06106721609830856,0.37360602617263794,0.5996949672698975,-0.06506451219320297,0.21554118394851685,0.7296766042709351,-0.04219339042901993,0.3138667941093445,0.6694230437278748,-0.05236996337771416,0.3678402304649353,0.6411412358283997,-0.054239895194768906,0.40431445837020874,0.6208493709564209,-0.056091487407684326,0.24106840789318085,0.782997727394104,-0.04989754036068916,0.3278183341026306,0.7189598083496094,-0.05529889836907387,0.37612736225128174,0.6884781718254089,-0.05141223967075348,0.4083779752254486,0.6669157147407532,-0.04985585808753967,0.26333528757095337,0.8361664414405823,-0.0578516460955143,0.32719606161117554,0.7783831357955933,-0.05872765928506851,0.364113450050354,0.7494729161262512,-0.05095216631889343,0.3926081657409668,0.7276858687400818,-0.045161984860897064
135,0.8353917598724365,0.8270888924598694,1.5504657824294554e-07,0.831699788570404,0.71898353099823,0.00833533052355051,0.8039582371711731,0.6264435648918152,0.004785860422998667,0.7788523435592651,0.5457271337509155,-0.0005862863035872579,0.7731454968452454,0.48490989208221436,-0.008368810638785362,0.747286856174469,0.6246888041496277,-0.013802563771605492,0.660726010799408,0.5847629308700562,-0.022533711045980453,0.6155743598937988,0.5698934197425842,-0.027474623173475266,0.5799528360366821,0.5586373209953308,-0.030708424746990204,0.7234947085380554,0.671852707862854,-0.025365512818098068,0.6324718594551086,0.6207979917526245,-0.034084759652614594,0.579692542552948,0.594709575176239,-0.04000747948884964,0.5393840074539185,0.575612485408783,-0.04500455781817436,0.7046083211898804,0.7249659299850464,-0.03467593714594841,0.6220723986625671,0.6667671203613281,-0.04057176411151886,0.5752092003822327,0.6376828551292419,-0.04327571019530296,0.5399124622344971,0.616601824760437,-0.04609619081020355,0.6904624700546265,0.7780775427818298,-0.04265040531754494,0.6270890831947327,0.7201986312866211,-0.04701295495033264,0.5935519933700562,0.6905137300491333,-0.04516072943806648,0.5659698247909546,0.6654772162437439,-0.043388526886701584,0.12175321578979492,0.8963624238967896,5.876500495105574e-07,0.11695078015327454,0.7926159501075745,-0.006010374054312706,0.13297691941261292,0.6824293732643127,-0.017640715464949608,0.14118841290473938,0.5968112945556641,-0.028874656185507774,0.13626188039779663,0.533509373664856,-0.04022866487503052,0.19908937811851501,0.6689534783363342,-0.0225849412381649,0.28406664729118347,0.6269171237945557,-0.035799797624349594,0.3325764834880829,0.6088823080062866,-0.04449563845992088,0.3693595230579376,0.5978571772575378,-0.04902832582592964,0.22598175704479218,0.7150840759277344,-0.029311496764421463,0.31759464740753174,0.6645291447639465,-0.033753909170627594,0.36959272623062134,0.6405048370361328,-0.03578729182481766,0.4082043766975403,0.6218517422676086,-0.03894277289509773,0.2496044933795929,0.7683240175247192,-0.03587266802787781,0.3310058116912842,0.7115224003791809,-0.03736146539449692,0.3785157799720764,0.6820188760757446,-0.035266660153865814,0.4129844307899475,0.6592426300048828,-0.035861462354660034,0.26925548911094666,0.8211008310317993,-0.04297668859362602,0.32833147048950195,0.7667765021324158,-0.04107585549354553,0.36350998282432556,0.7392227053642273,-0.03376840427517891,0.3910199999809265,0.716833770275116,-0.028941432014107704
136,0.8437037467956543,0.8506661653518677,8.525400829739738e-08,0.8352166414260864,0.7482624650001526,0.005743525922298431,0.7929489016532898,0.6498060822486877,0.0016960159409791231,0.7636697888374329,0.573664665222168,-0.0032345850486308336,0.7596216797828674,0.5134069919586182,-0.011107704602181911,0.7473686337471008,0.643423318862915,-0.024085000157356262,0.6579669117927551,0.6121866703033447,-0.038422781974077225,0.6067436337471008,0.6013992428779602,-0.04689549654722214,0.5672078132629395,0.595022976398468,-0.0524475984275341,0.727469801902771,0.7006663680076599,-0.03594956547021866,0.6310990452766418,0.6624873280525208,-0.049233827739953995,0.576127290725708,0.6415395736694336,-0.056575097143650055,0.5349841117858887,0.625560462474823,-0.062399741262197495,0.7092226147651672,0.7609778642654419,-0.045752882957458496,0.6215109825134277,0.7141059041023254,-0.05647594854235649,0.5729305744171143,0.6867269277572632,-0.05968857929110527,0.5361462831497192,0.6651484370231628,-0.06252197921276093,0.6941991448402405,0.8210299611091614,-0.05413736030459404,0.6270975470542908,0.7739218473434448,-0.06347889453172684,0.5929675102233887,0.7478915452957153,-0.06333805620670319,0.5647143125534058,0.7241976857185364,-0.06236252933740616,0.1254013478755951,0.8615366220474243,5.957758162367099e-07,0.11479732394218445,0.757673442363739,-0.002040694234892726,0.1217026337981224,0.6579086780548096,-0.0129399374127388,0.12511061131954193,0.5799305438995361,-0.023386692628264427,0.1165517196059227,0.5234367847442627,-0.03448379784822464,0.19386520981788635,0.6438571810722351,-0.025920432060956955,0.2782086431980133,0.5947825908660889,-0.037397269159555435,0.32454171776771545,0.571229100227356,-0.041908036917448044,0.35673263669013977,0.5559791922569275,-0.042497668415308,0.2245827317237854,0.6912016868591309,-0.03222619369626045,0.3121080994606018,0.6272106170654297,-0.03637910634279251,0.35962462425231934,0.5931434631347656,-0.03479568287730217,0.3915785551071167,0.5684258341789246,-0.03422819450497627,0.24945282936096191,0.7419655919075012,-0.03751549869775772,0.32757747173309326,0.6738350987434387,-0.038412224501371384,0.3698703944683075,0.6355708837509155,-0.03611544147133827,0.39758965373039246,0.6064490675926208,-0.03568371757864952,0.26896801590919495,0.7915629148483276,-0.04249097779393196,0.3261086940765381,0.7305721044540405,-0.041694141924381256,0.35930532217025757,0.6958114504814148,-0.036100834608078,0.38456135988235474,0.6658481955528259,-0.0315207839012146
137,0.8436523079872131,0.8517955541610718,7.273637692151169e-08,0.8346662521362305,0.749937117099762,0.00821456965059042,0.7923585772514343,0.6544433236122131,0.006398842204362154,0.7573258280754089,0.5758429169654846,0.003006287384778261,0.748997688293457,0.5138457417488098,-0.003417483065277338,0.7391830682754517,0.6513214111328125,-0.015035992488265038,0.647972047328949,0.6219168901443481,-0.025106141343712807,0.597308874130249,0.6138350367546082,-0.03142453730106354,0.5595548152923584,0.6088550090789795,-0.035873401910066605,0.7219982743263245,0.7000634074211121,-0.026794321835041046,0.6238456964492798,0.665007472038269,-0.036060623824596405,0.5673543810844421,0.648618757724762,-0.04251036047935486,0.5256212949752808,0.6365714073181152,-0.04816727340221405,0.7067289352416992,0.7566351890563965,-0.03661655634641647,0.6185484528541565,0.714726984500885,-0.043939050287008286,0.5682814121246338,0.6918594837188721,-0.04742928594350815,0.5300542116165161,0.6738499402999878,-0.051276497542858124,0.6945480108261108,0.8171460628509521,-0.04487525299191475,0.6253215074539185,0.7745403051376343,-0.051110878586769104,0.590125560760498,0.7529547214508057,-0.05025980621576309,0.5606751441955566,0.7326771020889282,-0.04953237995505333,0.12444491684436798,0.8957304358482361,4.816810132979299e-07,0.11921727657318115,0.7875862121582031,0.00045971915824338794,0.1310494989156723,0.6761965155601501,-0.00922720693051815,0.13686266541481018,0.5959005355834961,-0.019855959340929985,0.1308688521385193,0.5377870202064514,-0.030902720987796783,0.19547078013420105,0.6647025346755981,-0.023847229778766632,0.283850759267807,0.6281070113182068,-0.037489358335733414,0.3349758982658386,0.6136894226074219,-0.044362280517816544,0.3702341616153717,0.6083648800849915,-0.04617832601070404,0.22180253267288208,0.7127200365066528,-0.031994353979825974,0.3119598627090454,0.6628690958023071,-0.035203833132982254,0.3594738245010376,0.6441559791564941,-0.03281967341899872,0.3927529454231262,0.6313391923904419,-0.031652502715587616,0.24667561054229736,0.7691583633422852,-0.038846828043460846,0.3254939913749695,0.7174278497695923,-0.03705243766307831,0.36627376079559326,0.6974499225616455,-0.027926689013838768,0.39189618825912476,0.6850905418395996,-0.023113029077649117,0.26721543073654175,0.8247087597846985,-0.04589240252971649,0.32276999950408936,0.7698286771774292,-0.04012646898627281,0.3542982339859009,0.7447701692581177,-0.027289604768157005,0.3779905140399933,0.72590571641922,-0.01771615818142891
138,0.8358438014984131,0.8251909613609314,2.6937312824770743e-08,0.833228349685669,0.7243937253952026,0.005975428037345409,0.7995324730873108,0.635223388671875,0.0014707655645906925,0.7700172662734985,0.5549353361129761,-0.0037955250591039658,0.762941837310791,0.4957647919654846,-0.011919023469090462,0.743183970451355,0.6284834146499634,-0.022217920050024986,0.6530974507331848,0.5964446663856506,-0.03176167979836464,0.6069511771202087,0.5862410068511963,-0.03764396160840988,0.5706867575645447,0.5789390802383423,-0.041950322687625885,0.7224858999252319,0.6804145574569702,-0.03316077962517738,0.6272624135017395,0.6371768712997437,-0.04232488572597504,0.5732997059822083,0.6166406273841858,-0.048521075397729874,0.5325003862380981,0.6024149656295776,-0.05418634042143822,0.7052761912345886,0.7367603778839111,-0.04165009409189224,0.6228698492050171,0.687359631061554,-0.047516126185655594,0.5755861401557922,0.6614076495170593,-0.051287129521369934,0.5400668382644653,0.6415838599205017,-0.05555720627307892,0.693120002746582,0.7931731343269348,-0.04883015155792236,0.629276692867279,0.7420910596847534,-0.05275977775454521,0.5976579189300537,0.7169097661972046,-0.051068373024463654,0.5715532302856445,0.6948564648628235,-0.05010654032230377,0.12068939208984375,0.9068996906280518,5.849404374203004e-07,0.12383653968572617,0.8005663752555847,-0.0037660901434719563,0.1415223628282547,0.689010739326477,-0.014711221680045128,0.148533433675766,0.6076432466506958,-0.02481928840279579,0.1423681378364563,0.5486924052238464,-0.035447049885988235,0.2036210298538208,0.6865357160568237,-0.03203589841723442,0.2948252558708191,0.6458653807640076,-0.04757826402783394,0.34690535068511963,0.6253657341003418,-0.05509622022509575,0.38523387908935547,0.6131342053413391,-0.05809624120593071,0.22961491346359253,0.7390327453613281,-0.039575040340423584,0.32750773429870605,0.6881614923477173,-0.047217193990945816,0.3820619583129883,0.6625223755836487,-0.04793684184551239,0.4208167791366577,0.6433289051055908,-0.049210429191589355,0.25328728556632996,0.7958532571792603,-0.04597541317343712,0.34172323346138,0.7385984063148499,-0.0498802587389946,0.39192745089530945,0.7057119607925415,-0.047566115856170654,0.42695045471191406,0.6810264587402344,-0.04721859470009804,0.27215537428855896,0.8507192730903625,-0.052234042435884476,0.33804261684417725,0.7961337566375732,-0.05300196632742882,0.37693873047828674,0.7667821049690247,-0.04707777872681618,0.4080517888069153,0.7425684928894043,-0.042695991694927216
139,0.8484523296356201,0.8592950105667114,6.305349842250507e-08,0.8368579745292664,0.7549949884414673,0.00595971941947937,0.7888224720954895,0.6608145833015442,0.0028874145355075598,0.7517383098602295,0.587304413318634,-0.001472719362936914,0.7449445128440857,0.5262541174888611,-0.008915049955248833,0.7404834628105164,0.6621923446655273,-0.01928858645260334,0.6501116752624512,0.6400641798973083,-0.032124947756528854,0.5993907451629639,0.6352506875991821,-0.04011484235525131,0.5594923496246338,0.6333173513412476,-0.04563167318701744,0.7245190739631653,0.7181718945503235,-0.031129585579037666,0.6257002353668213,0.6851056814193726,-0.04331114888191223,0.5674940347671509,0.6693394780158997,-0.05118880420923233,0.5233361124992371,0.6586322784423828,-0.05755069851875305,0.7106806635856628,0.7782127261161804,-0.04118352383375168,0.6200844049453735,0.7394387125968933,-0.05154217779636383,0.5670419931411743,0.720183253288269,-0.0560174398124218,0.5266521573066711,0.7054694890975952,-0.05975746735930443,0.7003411054611206,0.8384004831314087,-0.0498497411608696,0.6294442415237427,0.7960953116416931,-0.05871047452092171,0.5919263362884521,0.7744536399841309,-0.05921000987291336,0.5609517693519592,0.7546730637550354,-0.058961935341358185,0.12693358957767487,0.8613960146903992,5.411768597696209e-07,0.12345969676971436,0.7574412226676941,-0.003523958846926689,0.13425612449645996,0.6560850739479065,-0.016480397433042526,0.13885681331157684,0.580409049987793,-0.02951802685856819,0.13577498495578766,0.5236254334449768,-0.04319746792316437,0.20095956325531006,0.6408591866493225,-0.02708503045141697,0.2859885096549988,0.6000534296035767,-0.04031314700841904,0.33262741565704346,0.5829430222511292,-0.0466185100376606,0.3655606806278229,0.5729418396949768,-0.0488010011613369,0.22706389427185059,0.6892377734184265,-0.0347898043692112,0.3174934685230255,0.636904776096344,-0.039874110370874405,0.36519235372543335,0.6118544340133667,-0.039954207837581635,0.4003926217556,0.5916777849197388,-0.04096028208732605,0.25012263655662537,0.7430358529090881,-0.0416802316904068,0.3335033059120178,0.6858001947402954,-0.0430157333612442,0.37722617387771606,0.6552386283874512,-0.04014557972550392,0.40613433718681335,0.6328607201576233,-0.03969833254814148,0.2686048448085785,0.7957059144973755,-0.048722073435783386,0.329824835062027,0.741096556186676,-0.04623463377356529,0.363964319229126,0.7120501399040222,-0.038539230823516846,0.3903983235359192,0.6886631846427917,-0.03311038017272949
140,0.8408437967300415,0.8219476938247681,-5.076351072830221e-08,0.8285764455795288,0.729367196559906,0.004973053932189941,0.7830438017845154,0.6422311067581177,0.0005231567192822695,0.746286928653717,0.5703721642494202,-0.004205896519124508,0.7378822565078735,0.5123316049575806,-0.011640493758022785,0.7359808087348938,0.6313185691833496,-0.028191735967993736,0.6424165964126587,0.6048418283462524,-0.041597358882427216,0.5940885543823242,0.5997177362442017,-0.04766430705785751,0.5592846870422363,0.5983331203460693,-0.051013555377721786,0.7237184643745422,0.6844373941421509,-0.03897923603653908,0.6220687031745911,0.6512728333473206,-0.05164455249905586,0.5686888694763184,0.6394773125648499,-0.05632798746228218,0.5319033861160278,0.6317455172538757,-0.05987415835261345,0.7115775346755981,0.7437445521354675,-0.04738055542111397,0.6204414367675781,0.7039625644683838,-0.05684637650847435,0.5702594518661499,0.6862900257110596,-0.05804525315761566,0.5352960824966431,0.6729676127433777,-0.059360943734645844,0.7016982436180115,0.8069484233856201,-0.05433739721775055,0.6307035088539124,0.7655616998672485,-0.06158864125609398,0.5950201153755188,0.745607316493988,-0.05926746129989624,0.5672014355659485,0.7288954257965088,-0.056960586458444595,0.12775364518165588,0.8658181428909302,5.836244554302539e-07,0.1226380467414856,0.7656744122505188,-0.003217135788872838,0.1328478753566742,0.6629056930541992,-0.014600635506212711,0.136367529630661,0.5865801572799683,-0.02594250999391079,0.13063541054725647,0.5314167737960815,-0.03763936832547188,0.2012593150138855,0.6445642113685608,-0.02612983249127865,0.28876739740371704,0.6101702451705933,-0.040328919887542725,0.3382883369922638,0.5951542854309082,-0.04900486022233963,0.37443807721138,0.5865136981010437,-0.052984293550252914,0.22619540989398956,0.691108763217926,-0.03394700214266777,0.3172956705093384,0.6455357670783997,-0.038888633251190186,0.36800557374954224,0.6231242418289185,-0.04000171646475792,0.40490567684173584,0.6054426431655884,-0.0421554334461689,0.24943238496780396,0.7451301217079163,-0.04104122519493103,0.3310690224170685,0.6950767636299133,-0.04195976257324219,0.37646305561065674,0.6682019829750061,-0.03869812563061714,0.40851280093193054,0.6484494805335999,-0.0381842739880085,0.26981765031814575,0.7990835905075073,-0.04844510182738304,0.3301207423210144,0.7506104707717896,-0.046322450041770935,0.3657037019729614,0.7265980243682861,-0.038397643715143204,0.39416956901550293,0.7083253264427185,-0.03261077031493187
141,0.8366830348968506,0.8179489374160767,1.504966746779246e-07,0.8270516991615295,0.7143591642379761,0.008706335909664631,0.7933650612831116,0.6275379657745361,0.004716661758720875,0.7641556859016418,0.5525145530700684,-0.0010685429442673922,0.7565611004829407,0.4944571852684021,-0.009398066438734531,0.7427223324775696,0.6280471682548523,-0.016824474558234215,0.6543244123458862,0.5942039489746094,-0.026929594576358795,0.6073947548866272,0.5826360583305359,-0.03221443295478821,0.5707907676696777,0.575383722782135,-0.035318516194820404,0.722923755645752,0.6781775951385498,-0.028513051569461823,0.6278694868087769,0.633898138999939,-0.03803567588329315,0.5755702257156372,0.6137292981147766,-0.042979203164577484,0.5374624729156494,0.6013368964195251,-0.04677388444542885,0.7071613669395447,0.7327940464019775,-0.03777467459440231,0.6229175329208374,0.6833412647247314,-0.04362771287560463,0.5752508640289307,0.6592531204223633,-0.04466473311185837,0.5399637222290039,0.6430953145027161,-0.04611783102154732,0.6955302357673645,0.7876468896865845,-0.0456073023378849,0.6301850080490112,0.738110363483429,-0.049416009336709976,0.5963624715805054,0.7133675217628479,-0.045864906162023544,0.5693278312683105,0.6934669017791748,-0.04264722764492035,0.12372919172048569,0.873856782913208,5.839232812832051e-07,0.12581993639469147,0.7723633050918579,-0.0016908543184399605,0.14243930578231812,0.6685007810592651,-0.012036421336233616,0.14899411797523499,0.5888461470603943,-0.021417148411273956,0.1441546529531479,0.5319764614105225,-0.03126080334186554,0.21051357686519623,0.6659072637557983,-0.03238542377948761,0.30368056893348694,0.634334146976471,-0.04611518979072571,0.35348162055015564,0.6164406538009644,-0.05205944925546646,0.39014965295791626,0.6055747270584106,-0.05440795421600342,0.23554494976997375,0.7165827751159668,-0.04041322320699692,0.33551666140556335,0.6710195541381836,-0.04735725000500679,0.3907642960548401,0.6479912400245667,-0.04789227619767189,0.4311126172542572,0.6291030049324036,-0.049263402819633484,0.2567039430141449,0.770767092704773,-0.04686602205038071,0.34762853384017944,0.7193940877914429,-0.051340848207473755,0.39809125661849976,0.6930877566337585,-0.050852976739406586,0.43287861347198486,0.6699988842010498,-0.05173059180378914,0.2729009687900543,0.8238065242767334,-0.05268915742635727,0.3400660753250122,0.7766311168670654,-0.05528578534722328,0.377845823764801,0.7493817210197449,-0.05162099003791809,0.40707147121429443,0.7234989404678345,-0.048717912286520004
142,0.8438940048217773,0.8449224829673767,7.401305879284337e-08,0.833541214466095,0.7416435480117798,0.005786798428744078,0.7831529974937439,0.6513509154319763,0.004192041233181953,0.7437710762023926,0.5809915065765381,0.0017077317461371422,0.7377647161483765,0.5220392942428589,-0.0033554958645254374,0.7354669570922852,0.6539561748504639,-0.017750168219208717,0.6441559791564941,0.634636402130127,-0.02956133708357811,0.5920580625534058,0.6309877634048462,-0.03670855611562729,0.5521464943885803,0.630435585975647,-0.04139421880245209,0.7189123630523682,0.7089968323707581,-0.02710469625890255,0.6228019595146179,0.6804443597793579,-0.038322366774082184,0.5668938159942627,0.6668809652328491,-0.044591274112463,0.5245643258094788,0.657732367515564,-0.04944168031215668,0.7038785219192505,0.7672335505485535,-0.03462083265185356,0.6163986325263977,0.7325271368026733,-0.043200284242630005,0.5672110319137573,0.7160091996192932,-0.045438919216394424,0.5295726656913757,0.7046506404876709,-0.04732154309749603,0.6928879618644714,0.824820876121521,-0.040908921509981155,0.6251466274261475,0.7838852405548096,-0.04708464816212654,0.5908679366111755,0.7651175260543823,-0.04562724754214287,0.5625404119491577,0.7487086653709412,-0.04383745416998863,0.12121663987636566,0.8541146516799927,5.837634944327874e-07,0.11929149180650711,0.7559124231338501,-0.003150035161525011,0.13343964517116547,0.6557885408401489,-0.014791817404329777,0.1389288455247879,0.5819432139396667,-0.026921052485704422,0.13274705410003662,0.5266400575637817,-0.03957692161202431,0.20967869460582733,0.6369625329971313,-0.020832549780607224,0.295810341835022,0.6031485199928284,-0.03348512947559357,0.34515056014060974,0.5876591801643372,-0.04095545783638954,0.3788931965827942,0.5783687829971313,-0.044057104736566544,0.23259030282497406,0.6838717460632324,-0.02861015498638153,0.32065150141716003,0.641396164894104,-0.03335035219788551,0.3688808083534241,0.619972825050354,-0.03441379964351654,0.4026044011116028,0.6017690300941467,-0.035813432186841965,0.2516779601573944,0.7386906147003174,-0.03603348135948181,0.3303413391113281,0.6925064921379089,-0.036526426672935486,0.3744801878929138,0.6689960360527039,-0.03331071510910988,0.4048280119895935,0.6502785682678223,-0.03255222737789154,0.26694655418395996,0.7949588894844055,-0.043876487761735916,0.3259625732898712,0.747248113155365,-0.04175548627972603,0.36019277572631836,0.7241283059120178,-0.03383728489279747,0.38681527972221375,0.704937756061554,-0.02774771675467491
143,0.8332951068878174,0.8082484602928162,-2.2494492668556632e-07,0.8174969553947449,0.7164528965950012,0.011966260150074959,0.7730070352554321,0.6317625045776367,0.01042264886200428,0.7400511503219604,0.5616313815116882,0.007225597742944956,0.7357702851295471,0.5067563056945801,0.0007699503330513835,0.7265836596488953,0.6170122623443604,-0.021143833175301552,0.6315209865570068,0.594616711139679,-0.03415786102414131,0.5864443778991699,0.5937985181808472,-0.04074971005320549,0.557189404964447,0.5944082736968994,-0.044592391699552536,0.7128458023071289,0.669709324836731,-0.034694865345954895,0.6111155152320862,0.6389338374137878,-0.0471920520067215,0.5645912289619446,0.6298993825912476,-0.05176975950598717,0.5364165306091309,0.62510085105896,-0.0552300363779068,0.6992615461349487,0.7288715839385986,-0.04553000628948212,0.6073228716850281,0.6923831105232239,-0.05480637028813362,0.5619539022445679,0.6755787134170532,-0.05441613867878914,0.5319632291793823,0.6613537669181824,-0.05493466556072235,0.6876060366630554,0.7927508354187012,-0.054328255355358124,0.6148155331611633,0.7545403242111206,-0.061988141387701035,0.5802956223487854,0.7348520755767822,-0.05919693782925606,0.5540823936462402,0.7166029214859009,-0.056726280599832535,0.12203303724527359,0.8595521450042725,5.312019766279263e-07,0.1126272976398468,0.7589176893234253,-0.004563433583825827,0.12039590626955032,0.6603075861930847,-0.016099542379379272,0.122942253947258,0.5835719704627991,-0.02753194235265255,0.1121365949511528,0.5285618305206299,-0.039177775382995605,0.19642987847328186,0.6385378241539001,-0.021442599594593048,0.27796560525894165,0.593614935874939,-0.03243475779891014,0.3222612738609314,0.5709924101829529,-0.038203004747629166,0.35430216789245605,0.5556575059890747,-0.04046215862035751,0.2260212004184723,0.6839954257011414,-0.028324563056230545,0.3107112944126129,0.6272886991500854,-0.03147048130631447,0.35700032114982605,0.596147894859314,-0.03164151310920715,0.3898525834083557,0.5715448260307312,-0.03275962918996811,0.2499472200870514,0.7333903312683105,-0.03504376485943794,0.3257143497467041,0.6736831068992615,-0.03502712398767471,0.36753690242767334,0.6396963000297546,-0.03364384546875954,0.39582741260528564,0.6123284101486206,-0.034304067492485046,0.2687413990497589,0.7820154428482056,-0.04218677058815956,0.3250438868999481,0.7271738648414612,-0.04044630005955696,0.3581886291503906,0.6982430815696716,-0.03471554443240166,0.383139967918396,0.6736673712730408,-0.03042684495449066
144,0.8326406478881836,0.8001281023025513,1.1704446478688624e-07,0.8190813660621643,0.6976748704910278,0.013073574751615524,0.7838355302810669,0.6133190393447876,0.012550788931548595,0.7552191019058228,0.5410053730010986,0.009001140482723713,0.7494399547576904,0.4844139516353607,0.0028758146800100803,0.7290740609169006,0.6119522452354431,-0.004549961071461439,0.6481887102127075,0.5797684192657471,-0.01085550058633089,0.6046204566955566,0.568458616733551,-0.014861244708299637,0.5705198645591736,0.5603641271591187,-0.017782114446163177,0.7104130983352661,0.6567198038101196,-0.018176795914769173,0.6225377321243286,0.6140981912612915,-0.024433599784970284,0.5726503133773804,0.5937162637710571,-0.02839486300945282,0.5352908372879028,0.5796854496002197,-0.03183390572667122,0.6960566639900208,0.7086402773857117,-0.029742898419499397,0.6150525212287903,0.6595275402069092,-0.03403531759977341,0.5700199604034424,0.6354212164878845,-0.03464682400226593,0.5361976027488708,0.6182417869567871,-0.03599553927779198,0.6858278512954712,0.7637697458267212,-0.03973302245140076,0.6217079758644104,0.7163282632827759,-0.04316495358943939,0.5886520743370056,0.6914425492286682,-0.03981633856892586,0.5618950128555298,0.6696332693099976,-0.03687535598874092,0.12043392658233643,0.8671298027038574,4.96099687552487e-07,0.11831212043762207,0.7673617601394653,-0.0008458715747110546,0.13193301856517792,0.6668441891670227,-0.009510232135653496,0.13741670548915863,0.5902369618415833,-0.018903549760580063,0.13282234966754913,0.5346755981445312,-0.028546098619699478,0.2013891190290451,0.6483192443847656,-0.01715850830078125,0.28492239117622375,0.6184653639793396,-0.02930673025548458,0.33262771368026733,0.6053082346916199,-0.037656281143426895,0.3686634302139282,0.5977465510368347,-0.042252156883478165,0.22820653021335602,0.6943419575691223,-0.026222383603453636,0.31596994400024414,0.6536045074462891,-0.030280418694019318,0.3656144142150879,0.6327243447303772,-0.03178771585226059,0.4028380215167999,0.6154453754425049,-0.03453700616955757,0.25174611806869507,0.7463686466217041,-0.035022541880607605,0.33196109533309937,0.7015852928161621,-0.036962851881980896,0.3774758279323578,0.6752873063087463,-0.034846484661102295,0.41016310453414917,0.6539591550827026,-0.035145197063684464,0.270594984292984,0.798669695854187,-0.04400235787034035,0.33081331849098206,0.7551590204238892,-0.044113192707300186,0.3661765456199646,0.7311514019966125,-0.03813555836677551,0.3943817615509033,0.7097553014755249,-0.03383395075798035
145,0.822387158870697,0.836287260055542,9.977888737466856e-08,0.8068235516548157,0.7322773337364197,0.010980150662362576,0.7630350589752197,0.646681010723114,0.01075791846960783,0.7301745414733887,0.5766339302062988,0.008126628585159779,0.7267051935195923,0.5179005861282349,0.00301599083468318,0.7141968011856079,0.6499191522598267,-0.006506515666842461,0.6272218227386475,0.628144383430481,-0.014706846326589584,0.579194962978363,0.6235136985778809,-0.020421864464879036,0.5420181751251221,0.6225473284721375,-0.02421334944665432,0.697435736656189,0.7015402913093567,-0.018466804176568985,0.6050270199775696,0.6710165739059448,-0.025399331003427505,0.5512044429779053,0.6580229997634888,-0.030294034630060196,0.5105516910552979,0.6497008204460144,-0.03465697541832924,0.6831757426261902,0.7579165697097778,-0.028772875666618347,0.5996133089065552,0.7188796997070312,-0.03324388712644577,0.5522600412368774,0.7021689414978027,-0.034596458077430725,0.5152632594108582,0.6907505989074707,-0.03657088056206703,0.6731390953063965,0.8140773177146912,-0.03774678707122803,0.6076918840408325,0.7719475030899048,-0.04097576066851616,0.5728869438171387,0.7539209723472595,-0.038620345294475555,0.542942225933075,0.7386361360549927,-0.036542605608701706,0.123417928814888,0.8347145915031433,5.504599016603606e-07,0.11137769371271133,0.7328265309333801,0.001436172635294497,0.11712877452373505,0.6374436020851135,-0.006459514144808054,0.11823219060897827,0.56498122215271,-0.014713815413415432,0.10813767462968826,0.5144126415252686,-0.023393936455249786,0.19603008031845093,0.6190573573112488,-0.013820548541843891,0.2741137444972992,0.5754601955413818,-0.019226310774683952,0.31657111644744873,0.5568133592605591,-0.02139131724834442,0.3465833067893982,0.544033944606781,-0.021466782316565514,0.22552308440208435,0.6648264527320862,-0.020427977666258812,0.30573946237564087,0.6118058562278748,-0.01885039545595646,0.3486604690551758,0.5849010944366455,-0.016357362270355225,0.37900251150131226,0.5638487935066223,-0.016055041924118996,0.2488534152507782,0.7152369022369385,-0.026123888790607452,0.31952300667762756,0.6570048928260803,-0.022224407643079758,0.35833388566970825,0.6267128586769104,-0.01967630721628666,0.38416558504104614,0.6017890572547913,-0.020127732306718826,0.2666322886943817,0.7642896175384521,-0.031463075429201126,0.31915196776390076,0.7083109617233276,-0.026844505220651627,0.3486170470714569,0.6786526441574097,-0.0199871975928545,0.3707590699195862,0.6520852446556091,-0.015260509215295315
146,0.8280202150344849,0.809546709060669,1.1808840838511969e-07,0.8170597553253174,0.7138617038726807,0.008808797225356102,0.7709342241287231,0.6284360885620117,0.009556924924254417,0.736336886882782,0.5590638518333435,0.008918717503547668,0.7330150604248047,0.5042562484741211,0.006589407566934824,0.7157769203186035,0.622252881526947,-0.009281184524297714,0.632515549659729,0.5963124632835388,-0.01641208864748478,0.5852556824684143,0.586978554725647,-0.02071298472583294,0.5499026775360107,0.5831012725830078,-0.023504389449954033,0.6983144283294678,0.6698850393295288,-0.018949219956994057,0.6087871789932251,0.6377570629119873,-0.02490829862654209,0.5585451722145081,0.6232068538665771,-0.027979589998722076,0.5222904086112976,0.6138211488723755,-0.030654311180114746,0.6828930974006653,0.7226150631904602,-0.026704585179686546,0.6042588949203491,0.6863089799880981,-0.029581774026155472,0.5600440502166748,0.6677716970443726,-0.029127145186066628,0.5285764932632446,0.6550896763801575,-0.02989230491220951,0.6714271903038025,0.7787932753562927,-0.033458467572927475,0.6114629507064819,0.7401683926582336,-0.03528667241334915,0.5790809988975525,0.7210476398468018,-0.031909920275211334,0.5532371997833252,0.7046161890029907,-0.02903740108013153,0.12936566770076752,0.8605666160583496,4.808783842236153e-07,0.12388955056667328,0.7595255374908447,-0.003194189863279462,0.13691720366477966,0.6568112373352051,-0.012645747512578964,0.1430814266204834,0.5772988200187683,-0.023175105452537537,0.1355678141117096,0.5215023756027222,-0.033793915063142776,0.20736584067344666,0.6389761567115784,-0.01316206157207489,0.2885259985923767,0.6081864237785339,-0.02545870654284954,0.3370628356933594,0.5963283181190491,-0.03470654413104057,0.3717169165611267,0.5893533229827881,-0.03975963592529297,0.2321578860282898,0.6802188754081726,-0.020526889711618423,0.3151593804359436,0.6444259285926819,-0.024342956021428108,0.3616335690021515,0.6292080879211426,-0.025864213705062866,0.395632266998291,0.6167289018630981,-0.02804736979305744,0.2544577121734619,0.7305731177330017,-0.028195247054100037,0.3272418975830078,0.6899409890174866,-0.02848471701145172,0.3690980076789856,0.6709685921669006,-0.023999905213713646,0.3989388942718506,0.6580145359039307,-0.022472646087408066,0.2725045382976532,0.7832381725311279,-0.03673968091607094,0.32751017808914185,0.742052435874939,-0.03299049660563469,0.36115118861198425,0.7242134213447571,-0.023542111739516258,0.3880769610404968,0.7109025120735168,-0.01676827482879162
147,0.834171712398529,0.8044220209121704,1.1450568138116068e-07,0.8203496336936951,0.7052232623100281,0.00881105661392212,0.7768230438232422,0.6181741952896118,0.008208619430661201,0.7448225021362305,0.5468690991401672,0.006122080143541098,0.7411916851997375,0.4909486174583435,0.0019005484646186233,0.7249072790145874,0.6160005331039429,-0.012616170570254326,0.6388247609138489,0.5917694568634033,-0.020437365397810936,0.5927939414978027,0.58238285779953,-0.02434280887246132,0.5587092638015747,0.5757200717926025,-0.026908809319138527,0.7082306146621704,0.6661962270736694,-0.023273928090929985,0.6161123514175415,0.6333128809928894,-0.031033754348754883,0.5659408569335938,0.6154154539108276,-0.034109119325876236,0.530830979347229,0.6011826395988464,-0.036486364901065826,0.6938275098800659,0.7215423583984375,-0.03198962286114693,0.6107127666473389,0.6800528168678284,-0.037542764097452164,0.5645273327827454,0.6565280556678772,-0.037959203124046326,0.5319017767906189,0.6382966041564941,-0.03875359520316124,0.6832805275917053,0.7795111536979675,-0.03932230919599533,0.6186020374298096,0.7359725832939148,-0.043556880205869675,0.5859211087226868,0.7135762572288513,-0.04043752700090408,0.5607544183731079,0.693869948387146,-0.037464890629053116,0.12281287461519241,0.8558410406112671,5.01999579682888e-07,0.1209799125790596,0.7589091658592224,-0.0020028860308229923,0.1384899616241455,0.6589260697364807,-0.01005096547305584,0.14740878343582153,0.5831772089004517,-0.019071800634264946,0.14218735694885254,0.5276574492454529,-0.028058558702468872,0.20964571833610535,0.6389725208282471,-0.010022856295108795,0.2903749942779541,0.6152599453926086,-0.02071349509060383,0.3387739062309265,0.6063051223754883,-0.029709814116358757,0.37423262000083923,0.6025071740150452,-0.03502323850989342,0.23356205224990845,0.6810480952262878,-0.0178458821028471,0.31729012727737427,0.650978684425354,-0.01867281086742878,0.3645850121974945,0.639356255531311,-0.019162554293870926,0.4000316262245178,0.6285846829414368,-0.0216076597571373,0.2550366222858429,0.7330567836761475,-0.026175541803240776,0.3292369842529297,0.6967117190361023,-0.024965113028883934,0.37264198064804077,0.6782488822937012,-0.02077108435332775,0.40428775548934937,0.6630919575691223,-0.020210320129990578,0.2723284959793091,0.7876768112182617,-0.03531375899910927,0.32710331678390503,0.7489806413650513,-0.03202199935913086,0.36020606756210327,0.7303678393363953,-0.023653414100408554,0.38668113946914673,0.7147883176803589,-0.018020106479525566
148,0.8388923406600952,0.8281845450401306,6.901100135792149e-08,0.8234767913818359,0.7251837849617004,0.009623590856790543,0.772209107875824,0.6419795751571655,0.010457824915647507,0.7306311130523682,0.575514018535614,0.009631162509322166,0.7223342657089233,0.5167384743690491,0.006352217867970467,0.7199779152870178,0.6469796895980835,-0.008922937326133251,0.6316463947296143,0.6305885910987854,-0.017456529662013054,0.5827050805091858,0.6288436055183411,-0.022581797093153,0.5446303486824036,0.6288259029388428,-0.026137450709939003,0.7056583762168884,0.6979609131813049,-0.019646670669317245,0.6101572513580322,0.673109233379364,-0.029170837253332138,0.554138720035553,0.6616885662078857,-0.0351698063313961,0.512070894241333,0.6538795232772827,-0.03975740075111389,0.69419264793396,0.7544280886650085,-0.02840959094464779,0.6070992350578308,0.7230281829833984,-0.03570568934082985,0.558547854423523,0.7069790959358215,-0.038252830505371094,0.5209203958511353,0.6947430372238159,-0.04036109521985054,0.6874285936355591,0.8118457794189453,-0.035647083073854446,0.6184751391410828,0.7730726003646851,-0.04076817259192467,0.5844084024429321,0.7541878819465637,-0.03916459158062935,0.5551238059997559,0.7371654510498047,-0.03737194091081619,0.1159602701663971,0.8393983244895935,4.836519451600907e-07,0.10218978673219681,0.7413450479507446,0.004738590680062771,0.10744507610797882,0.6480257511138916,-1.1736520718841348e-05,0.10844732075929642,0.5763411521911621,-0.005772487726062536,0.09703708440065384,0.5266246795654297,-0.012081276625394821,0.18154267966747284,0.6154588460922241,-0.00485956110060215,0.25673359632492065,0.5792942047119141,-0.005894503556191921,0.29720890522003174,0.5623579025268555,-0.005125441122800112,0.32628852128982544,0.5506765246391296,-0.003995242528617382,0.21334592998027802,0.6563789248466492,-0.012962158769369125,0.2913472056388855,0.6108303666114807,-0.008051649667322636,0.3326234817504883,0.5870131254196167,-0.004255874548107386,0.36203494668006897,0.5673748850822449,-0.0033823451958596706,0.23830071091651917,0.7054682374000549,-0.020371392369270325,0.30646613240242004,0.6535837054252625,-0.014745376072824001,0.3432241678237915,0.628096878528595,-0.011762125417590141,0.36716797947883606,0.605791449546814,-0.012035801075398922,0.25740137696266174,0.7552477717399597,-0.027375478297472,0.30765199661254883,0.7011483311653137,-0.022046614438295364,0.3362463116645813,0.6731932759284973,-0.015466779470443726,0.3576934039592743,0.6478152275085449,-0.011088704690337181
149,0.8324903249740601,0.8079992532730103,2.0340850426237012e-07,0.8220934271812439,0.7056485414505005,0.007837680168449879,0.7866936922073364,0.6197490096092224,0.00445615965873003,0.7586641907691956,0.5471266508102417,-0.00061534543056041,0.7550829648971558,0.49218228459358215,-0.0078622717410326,0.7322404980659485,0.619782030582428,-0.01491620671004057,0.6480764150619507,0.590096652507782,-0.02355775237083435,0.6019327640533447,0.5789158344268799,-0.02799980156123638,0.5657067894935608,0.5725449323654175,-0.030745698139071465,0.7140637040138245,0.6674991250038147,-0.026143409311771393,0.6227606534957886,0.6253865361213684,-0.034815713763237,0.5723861455917358,0.6056209802627563,-0.03920714557170868,0.535542368888855,0.5928277969360352,-0.04220673069357872,0.6990199089050293,0.719956636428833,-0.03502161055803299,0.6174196600914001,0.6715213656425476,-0.040598683059215546,0.5713448524475098,0.6477747559547424,-0.04177544638514519,0.5378618240356445,0.6326403021812439,-0.04281661659479141,0.6883041262626648,0.7728418707847595,-0.04264083132147789,0.6247592568397522,0.7236932516098022,-0.04513455554842949,0.5930198431015015,0.6991661787033081,-0.040717821568250656,0.5685474872589111,0.6799989342689514,-0.036761775612831116,0.1153591051697731,0.8644818663597107,5.250777235232817e-07,0.11870553344488144,0.7690877318382263,-0.0023386271204799414,0.14083550870418549,0.6685497164726257,-0.012081299908459187,0.15055856108665466,0.5915847420692444,-0.022808218374848366,0.14328956604003906,0.5350322723388672,-0.03408967703580856,0.20589537918567657,0.6494699716567993,-0.02048257179558277,0.295036256313324,0.629051923751831,-0.03424858674407005,0.3463608920574188,0.622231662273407,-0.043674536049366,0.3837829828262329,0.6191056370735168,-0.04917663335800171,0.22528305649757385,0.6951964497566223,-0.029461195692420006,0.32029157876968384,0.6695376038551331,-0.034193918108940125,0.37268465757369995,0.6607410311698914,-0.03554193675518036,0.4102051854133606,0.6516857743263245,-0.038253508508205414,0.2431538999080658,0.750544011592865,-0.03813221678137779,0.32678788900375366,0.7175644040107727,-0.039801225066185,0.37474027276039124,0.7020329833030701,-0.036414649337530136,0.4072883725166321,0.6893329620361328,-0.03613853454589844,0.2580847442150116,0.8062659502029419,-0.047320347279310226,0.31996169686317444,0.7721757292747498,-0.04498576745390892,0.3568629324436188,0.7536135315895081,-0.03675341233611107,0.3855985701084137,0.7372308373451233,-0.03135712817311287
150,0.8318880796432495,0.8251941204071045,6.446562395012734e-08,0.8212634921073914,0.7318488955497742,0.004408984910696745,0.7764631509780884,0.6377276182174683,0.0007914768648333848,0.7459292411804199,0.5639182329177856,-0.0032042628154158592,0.748217761516571,0.5080196261405945,-0.010218354873359203,0.7363492846488953,0.6281656622886658,-0.026180796325206757,0.650005578994751,0.6011745929718018,-0.041275911033153534,0.5989018678665161,0.5925350785255432,-0.0498846173286438,0.5605783462524414,0.5909138321876526,-0.055322837084531784,0.7193831205368042,0.6786226630210876,-0.03650257736444473,0.625439465045929,0.6452727913856506,-0.051100749522447586,0.5719391107559204,0.6338589787483215,-0.05764777958393097,0.5334880948066711,0.6297260522842407,-0.062098849564790726,0.7022624611854553,0.7359368205070496,-0.04474455118179321,0.6160731911659241,0.6966426372528076,-0.05597663298249245,0.5675270557403564,0.6804385781288147,-0.05806400254368782,0.532077431678772,0.6708469986915588,-0.05951593071222305,0.6871515512466431,0.796692430973053,-0.051727693527936935,0.6223313212394714,0.7526931166648865,-0.06119893863797188,0.5882333517074585,0.7324233651161194,-0.061173297464847565,0.560302197933197,0.7157292366027832,-0.06009158492088318,0.12126179784536362,0.8503344655036926,4.797726660399348e-07,0.11049173027276993,0.7538720965385437,-0.0012019543210044503,0.12030498683452606,0.652886688709259,-0.00976893026381731,0.1256311535835266,0.578533411026001,-0.01908847503364086,0.11657249182462692,0.527471125125885,-0.02852175198495388,0.19898778200149536,0.6224797964096069,-0.01359710842370987,0.2774324119091034,0.5891497731208801,-0.02287040650844574,0.3214178681373596,0.5794363021850586,-0.02933792769908905,0.35016000270843506,0.5736320614814758,-0.032085202634334564,0.226780965924263,0.6651955246925354,-0.020170649513602257,0.30591872334480286,0.6250391006469727,-0.021077537909150124,0.347359299659729,0.6074968576431274,-0.020950065925717354,0.37543174624443054,0.593868613243103,-0.021886514499783516,0.2502554655075073,0.716307520866394,-0.02631637640297413,0.32099825143814087,0.6733536720275879,-0.023494070395827293,0.3579237163066864,0.6510249972343445,-0.018507905304431915,0.3813583254814148,0.6343926191329956,-0.016735626384615898,0.2692715525627136,0.7692939639091492,-0.03299202024936676,0.323294460773468,0.7230677604675293,-0.02703819051384926,0.3527977764606476,0.6998288035392761,-0.016746651381254196,0.3737112283706665,0.6810065507888794,-0.009213336743414402
151,0.8317288756370544,0.8177299499511719,2.183299230296143e-08,0.8186473250389099,0.7220186591148376,0.009626833721995354,0.7691690325737,0.6348394155502319,0.009551259689033031,0.7335246205329895,0.5657460689544678,0.007776837795972824,0.728672444820404,0.509823203086853,0.003126797964796424,0.721977949142456,0.6280590891838074,-0.014606501907110214,0.6357313990592957,0.6096014976501465,-0.02499367669224739,0.5863656997680664,0.605377197265625,-0.03182097524404526,0.5500333309173584,0.6043716073036194,-0.036554865539073944,0.7058789730072021,0.6786897778511047,-0.02586214616894722,0.6135246753692627,0.6560049653053284,-0.03398376703262329,0.560265064239502,0.646848201751709,-0.03878746181726456,0.5213046073913574,0.6405990123748779,-0.0435953289270401,0.6912639737129211,0.735501766204834,-0.03507917746901512,0.6083329916000366,0.70625901222229,-0.04101468250155449,0.5626747608184814,0.6929459571838379,-0.04146935045719147,0.5290656089782715,0.6824864745140076,-0.043405931442976,0.6794025301933289,0.7953809499740601,-0.04286323860287666,0.6143736243247986,0.7612749338150024,-0.04857148975133896,0.5814672112464905,0.7447665929794312,-0.04677772521972656,0.5545732975006104,0.7292655110359192,-0.04526521638035774,0.11592594534158707,0.8568856716156006,5.041118811277556e-07,0.11525449901819229,0.7569319009780884,-0.0006043220055289567,0.13329288363456726,0.6584932804107666,-0.010130678303539753,0.14214807748794556,0.5827323794364929,-0.020883208140730858,0.13801848888397217,0.526611328125,-0.03176049515604973,0.19842073321342468,0.6308113932609558,-0.015296042896807194,0.2851831316947937,0.612128734588623,-0.028310563415288925,0.33780401945114136,0.6072257161140442,-0.03803812339901924,0.37496674060821533,0.6062023043632507,-0.04328887164592743,0.22205978631973267,0.672519862651825,-0.02410195581614971,0.31096166372299194,0.6475597620010376,-0.027021516114473343,0.35953253507614136,0.6411669254302979,-0.02754431776702404,0.39477667212486267,0.6333512663841248,-0.02948342077434063,0.24389931559562683,0.7255586385726929,-0.03267951309680939,0.3220749497413635,0.6936101913452148,-0.031931668519973755,0.3655491769313812,0.6793298721313477,-0.026261501014232635,0.3957793116569519,0.6683176755905151,-0.024479608982801437,0.2627066671848297,0.7820861339569092,-0.04189116507768631,0.3202415108680725,0.7449249625205994,-0.03732342645525932,0.35422784090042114,0.7270186543464661,-0.027200093492865562,0.38109707832336426,0.712779700756073,-0.02015715464949608
152,0.8315458297729492,0.8030154705047607,1.757707082106208e-07,0.8239597678184509,0.6987823843955994,0.009334470145404339,0.7922643423080444,0.6137301325798035,0.008194110356271267,0.7660683393478394,0.5403403043746948,0.005048516672104597,0.7620493173599243,0.4854404330253601,-0.00029503193218261003,0.735880970954895,0.615229606628418,-0.007782450877130032,0.657909631729126,0.5815416574478149,-0.013246581889688969,0.6165956258773804,0.5686589479446411,-0.01639419235289097,0.5840292572975159,0.5584604144096375,-0.018772149458527565,0.7140886783599854,0.6603988409042358,-0.018771536648273468,0.6282496452331543,0.6165106892585754,-0.02433716505765915,0.5803892612457275,0.5939168334007263,-0.028386663645505905,0.5446475744247437,0.5763095617294312,-0.031667035073041916,0.6975449323654175,0.7113900184631348,-0.02768372744321823,0.619877815246582,0.6627727746963501,-0.031401388347148895,0.5750659108161926,0.6359319686889648,-0.033928949385881424,0.5414926409721375,0.6154226064682007,-0.03642638027667999,0.6864297986030579,0.7625669836997986,-0.035233717411756516,0.6252309679985046,0.7139521241188049,-0.03744208440184593,0.5932958126068115,0.6887636780738831,-0.03463165834546089,0.567935049533844,0.6660473942756653,-0.0321163609623909,0.11230572313070297,0.8489605188369751,5.262846798359533e-07,0.1061762273311615,0.7533755898475647,-0.0008100431878119707,0.11845902353525162,0.6552728414535522,-0.009571380913257599,0.12579908967018127,0.5821232795715332,-0.019476663321256638,0.1202695444226265,0.5280163288116455,-0.029602650552988052,0.18503741919994354,0.6229942440986633,-0.015190242789685726,0.2684352397918701,0.5928605794906616,-0.027480723336338997,0.31705009937286377,0.5833410620689392,-0.035527437925338745,0.35134005546569824,0.578880786895752,-0.03890496492385864,0.21091057360172272,0.664198100566864,-0.022732729092240334,0.2956492304801941,0.6270554065704346,-0.025849023833870888,0.34151142835617065,0.6129323244094849,-0.025782279670238495,0.37436068058013916,0.6011418104171753,-0.026590265333652496,0.2349613457918167,0.71513831615448,-0.030094511806964874,0.30973246693611145,0.6764426231384277,-0.02905905805528164,0.3488657474517822,0.6598607897758484,-0.023488100618124008,0.3750125467777252,0.6469059586524963,-0.021163564175367355,0.2560959458351135,0.7678015828132629,-0.038068484514951706,0.31139862537384033,0.7251386642456055,-0.033231787383556366,0.34306079149246216,0.7034537196159363,-0.023569375276565552,0.3674865961074829,0.6848204731941223,-0.01651887036859989
153,0.8333261013031006,0.8335282802581787,1.2063983945154177e-07,0.8202470541000366,0.7270368337631226,0.011118032038211823,0.7726500034332275,0.6447939872741699,0.011880753561854362,0.7336928844451904,0.5772255063056946,0.010693402960896492,0.7251896858215332,0.5189038515090942,0.007164667826145887,0.7215054035186768,0.6490447521209717,-0.006129973102360964,0.6335319876670837,0.6299317479133606,-0.012711343355476856,0.5851283669471741,0.6258816123008728,-0.016864361241459846,0.547590434551239,0.6247934103012085,-0.019732924178242683,0.7047012448310852,0.7023224234580994,-0.01733219437301159,0.6091429591178894,0.6719769835472107,-0.024712707847356796,0.5541645288467407,0.6581114530563354,-0.029590286314487457,0.5137037038803101,0.6495348215103149,-0.03327426686882973,0.6915217638015747,0.7596476674079895,-0.02653847262263298,0.6055067181587219,0.7215572595596313,-0.03151388838887215,0.556138277053833,0.7034972310066223,-0.0333084836602211,0.5185944437980652,0.6905990839004517,-0.03488397225737572,0.6836037635803223,0.8165194988250732,-0.03409247100353241,0.6144405603408813,0.7780227065086365,-0.03688032552599907,0.579715371131897,0.7602347135543823,-0.03409562259912491,0.5507230162620544,0.7440277338027954,-0.0313909649848938,0.1126852035522461,0.8429800271987915,5.287957947075483e-07,0.11166442930698395,0.7484733462333679,0.001502804458141327,0.13079465925693512,0.6487778425216675,-0.006677067838609219,0.14123877882957458,0.5741034150123596,-0.01655370183289051,0.13343864679336548,0.518940806388855,-0.027072235941886902,0.1914113610982895,0.6190087795257568,-0.01552219595760107,0.28007081151008606,0.5986199378967285,-0.02843806892633438,0.3321102261543274,0.596017062664032,-0.03739333897829056,0.3672010898590088,0.5990962982177734,-0.04151715338230133,0.2130241096019745,0.6608170866966248,-0.025054294615983963,0.3053194284439087,0.63335120677948,-0.02744808793067932,0.3547971844673157,0.6296108961105347,-0.02711268700659275,0.3890547752380371,0.6261174082756042,-0.02824905887246132,0.2339010089635849,0.7138475179672241,-0.03392164781689644,0.3156907856464386,0.6809642314910889,-0.03224434331059456,0.3566754162311554,0.6727486252784729,-0.025254707783460617,0.3824884295463562,0.6665974855422974,-0.02266715280711651,0.25273919105529785,0.7691629528999329,-0.043246448040008545,0.3114736080169678,0.7312367558479309,-0.03742513060569763,0.34467989206314087,0.7167840003967285,-0.025751939043402672,0.3690379858016968,0.7059786319732666,-0.017753630876541138
154,0.8319658637046814,0.8045118451118469,1.9295411846087518e-07,0.8243215680122375,0.7038427591323853,0.00751862907782197,0.7900100350379944,0.6177822947502136,0.003792454954236746,0.7615362405776978,0.5445074439048767,-0.0018155931029468775,0.7579782009124756,0.48749881982803345,-0.00947872269898653,0.7341052889823914,0.6133624315261841,-0.012968449853360653,0.650513231754303,0.5799083709716797,-0.022080184891819954,0.6051164865493774,0.5694119930267334,-0.027532605454325676,0.5706926584243774,0.5658503770828247,-0.030721338465809822,0.7137384414672852,0.6593074798583984,-0.024050462990999222,0.6242560148239136,0.6140931248664856,-0.03133629262447357,0.5739501714706421,0.5958065986633301,-0.03570865839719772,0.537212610244751,0.5861389636993408,-0.039032746106386185,0.6963680982589722,0.7116671800613403,-0.033085014671087265,0.6162838339805603,0.6611758470535278,-0.036957502365112305,0.5718068480491638,0.6383692026138306,-0.03739161416888237,0.5395360589027405,0.6248306035995483,-0.038483887910842896,0.6837309002876282,0.7667148113250732,-0.041099753230810165,0.6226550340652466,0.7151550650596619,-0.042529184371232986,0.5907607674598694,0.689626157283783,-0.037794079631567,0.5651100873947144,0.6695656180381775,-0.03380569443106651,0.11406777799129486,0.8472345471382141,5.806882086289988e-07,0.12498310953378677,0.748318076133728,0.0014343501534312963,0.1520087718963623,0.6539303064346313,-0.006783847697079182,0.1687309294939041,0.5803571939468384,-0.015524334274232388,0.16939392685890198,0.5246028900146484,-0.02498049847781658,0.20633454620838165,0.6408370137214661,-0.02355046011507511,0.3004593551158905,0.6217193007469177,-0.03593644127249718,0.3494552969932556,0.6140668988227844,-0.04209095612168312,0.38474440574645996,0.6084258556365967,-0.04518559202551842,0.226884663105011,0.6900095343589783,-0.03375076502561569,0.3289485573768616,0.6642029285430908,-0.03889595717191696,0.3837236762046814,0.6512769460678101,-0.039362095296382904,0.42234182357788086,0.6372135877609253,-0.04114333540201187,0.24422681331634521,0.7473310232162476,-0.04279110208153725,0.33591020107269287,0.7126487493515015,-0.045833636075258255,0.3865153193473816,0.6953604221343994,-0.044148676097393036,0.42127561569213867,0.6770314574241638,-0.044519733637571335,0.2573787569999695,0.8057782053947449,-0.051363080739974976,0.3270251750946045,0.7703051567077637,-0.05161745101213455,0.3664124608039856,0.7478650212287903,-0.046029336750507355,0.396839439868927,0.7256237864494324,-0.04206731915473938
155,0.8338242173194885,0.8355350494384766,7.285471070872518e-08,0.8252979516983032,0.738661527633667,0.005237416829913855,0.7835897207260132,0.6434600949287415,0.0018655088497325778,0.753593921661377,0.5679627656936646,-0.0021430684719234705,0.7524303793907166,0.5102068781852722,-0.009148535318672657,0.7397066354751587,0.6338565945625305,-0.024156294763088226,0.6549695134162903,0.6021025776863098,-0.038715921342372894,0.6045781373977661,0.591249942779541,-0.047253724187612534,0.5655500888824463,0.5865112543106079,-0.052610594779253006,0.7224502563476562,0.6849684715270996,-0.03486454486846924,0.6312787532806396,0.6472102403640747,-0.04832809790968895,0.5766606330871582,0.6318550705909729,-0.05453282222151756,0.53534334897995,0.6232094168663025,-0.05902772769331932,0.7050700187683105,0.7427195906639099,-0.043471917510032654,0.6212936639785767,0.7025075554847717,-0.0537998303771019,0.5738493204116821,0.6832952499389648,-0.05474962666630745,0.5380247235298157,0.66977459192276,-0.05559595301747322,0.6893817186355591,0.8045732975006104,-0.05091409757733345,0.6254428029060364,0.7588595151901245,-0.05884837731719017,0.5933172106742859,0.7367016077041626,-0.05686921626329422,0.5667309761047363,0.7179052829742432,-0.054473403841257095,0.11134880036115646,0.8463760614395142,4.9405372237743e-07,0.10487452149391174,0.7496697306632996,-0.0007678146357648075,0.11740607023239136,0.6482961177825928,-0.010180204175412655,0.12406148761510849,0.5711956024169922,-0.02086385153234005,0.11445688456296921,0.5159480571746826,-0.03200000151991844,0.18638694286346436,0.6186425685882568,-0.01351339090615511,0.2652558982372284,0.5790758728981018,-0.02343103662133217,0.3112996816635132,0.5623767375946045,-0.02928989753127098,0.34241485595703125,0.5516966581344604,-0.03152943029999733,0.21399571001529694,0.6626970767974854,-0.02152998000383377,0.2961898446083069,0.6155632734298706,-0.02336537465453148,0.3386991620063782,0.5934907793998718,-0.022592930123209953,0.3676944673061371,0.5752575993537903,-0.022676320746541023,0.23766867816448212,0.7143426537513733,-0.029335515573620796,0.3109666705131531,0.6623237729072571,-0.02764761447906494,0.34858494997024536,0.6368025541305542,-0.02244260348379612,0.37169134616851807,0.6179121732711792,-0.020089084282517433,0.2572840452194214,0.7671892046928406,-0.03764548897743225,0.31248587369918823,0.7116615772247314,-0.03275808319449425,0.34161606431007385,0.6848986744880676,-0.023016009479761124,0.36205416917800903,0.6638215184211731,-0.01562904193997383
156,0.8284926414489746,0.8397749662399292,7.9377912243217e-08,0.8197720050811768,0.7397010922431946,0.003546922467648983,0.7784278392791748,0.647357165813446,0.0007501460495404899,0.7448405623435974,0.5752802491188049,-0.002816152526065707,0.7393054366111755,0.5193719863891602,-0.008581294678151608,0.7249675989151001,0.6463911533355713,-0.016254354268312454,0.6405479311943054,0.6237177848815918,-0.02760867215692997,0.5920844078063965,0.6161038875579834,-0.03556675463914871,0.5547444820404053,0.6106096506118774,-0.040983688086271286,0.7066668272018433,0.6962674856185913,-0.024976667016744614,0.6157090067863464,0.6681286692619324,-0.03478362411260605,0.5626468062400818,0.6533188223838806,-0.041112080216407776,0.5229684710502625,0.6406450867652893,-0.04641354829072952,0.6906047463417053,0.750745952129364,-0.03222397342324257,0.6094633936882019,0.7157838940620422,-0.03932396322488785,0.5650786757469177,0.6974597573280334,-0.040389534085989,0.5318180322647095,0.6817191243171692,-0.04200683906674385,0.677883505821228,0.8073775768280029,-0.038731466978788376,0.6150937080383301,0.7679381966590881,-0.0437086820602417,0.5842697024345398,0.7482445240020752,-0.04077797010540962,0.5595998167991638,0.7295677661895752,-0.03809155523777008,0.10009769350290298,0.8568490743637085,4.955513759341557e-07,0.09355245530605316,0.7600908279418945,-0.0014959609834477305,0.10524508357048035,0.6570246815681458,-0.012017922475934029,0.109539695084095,0.5767432451248169,-0.023325029760599136,0.10088438540697098,0.5170429348945618,-0.03503746539354324,0.1665513664484024,0.6281059384346008,-0.019727976992726326,0.24770711362361908,0.5812968015670776,-0.03261139988899231,0.2933309078216553,0.5580980777740479,-0.040291059762239456,0.3256540894508362,0.5419914126396179,-0.043727386742830276,0.19447287917137146,0.6701796054840088,-0.028770001605153084,0.2812676429748535,0.6163536310195923,-0.033037420362234116,0.32771456241607666,0.5880920886993408,-0.03369532898068428,0.36044609546661377,0.5640475749969482,-0.03527570143342018,0.21995830535888672,0.7205548286437988,-0.03734545782208443,0.2986688017845154,0.6647352576255798,-0.03784959018230438,0.3397290110588074,0.6365888714790344,-0.03358875587582588,0.3662385046482086,0.6143094301223755,-0.0324297770857811,0.2417377531528473,0.7726995348930359,-0.04626379907131195,0.299843966960907,0.7190014123916626,-0.04365960508584976,0.3321363627910614,0.6943525671958923,-0.03485565632581711,0.3550723195075989,0.6746384501457214,-0.028463752940297127
157,0.8244873285293579,0.8104935884475708,2.625266404265858e-07,0.8219042420387268,0.7069349884986877,0.0066084652207791805,0.7925390601158142,0.6201769113540649,0.002782115712761879,0.7678536772727966,0.5440785884857178,-0.0020684897899627686,0.7626391649246216,0.48690265417099,-0.008624708279967308,0.7338185906410217,0.6195242404937744,-0.015261178836226463,0.6523985862731934,0.5797178745269775,-0.02219504863023758,0.6114926338195801,0.5638081431388855,-0.025220707058906555,0.5802006721496582,0.5527576208114624,-0.026836851611733437,0.711057186126709,0.6686046719551086,-0.02474752999842167,0.6236982345581055,0.6158573031425476,-0.03262752667069435,0.5749732255935669,0.5899826288223267,-0.03637535497546196,0.5395081043243408,0.5720071792602539,-0.03890161216259003,0.6932619214057922,0.7202300429344177,-0.03200167790055275,0.6171144247055054,0.6616832613945007,-0.03662719205021858,0.5728369951248169,0.6320276856422424,-0.0383044071495533,0.5401284694671631,0.6109896898269653,-0.03982268646359444,0.6814397573471069,0.7700915932655334,-0.03800950571894646,0.622920572757721,0.7134100794792175,-0.03998478874564171,0.5908837914466858,0.6858407258987427,-0.036645784974098206,0.5647846460342407,0.6631067395210266,-0.033511847257614136,0.10037370026111603,0.8773337602615356,5.346424245544767e-07,0.10434192419052124,0.7764943838119507,-0.005088500212877989,0.12526299059391022,0.6730295419692993,-0.015963036566972733,0.13489098846912384,0.5918554663658142,-0.02695651166141033,0.13227233290672302,0.5306653380393982,-0.03823479264974594,0.19259335100650787,0.6601856350898743,-0.023740150034427643,0.28354328870773315,0.6292730569839478,-0.03824147582054138,0.33376485109329224,0.6160631775856018,-0.04720013588666916,0.370639830827713,0.6073281764984131,-0.052137840539216995,0.2168234884738922,0.7100158333778381,-0.031729403883218765,0.31208473443984985,0.670688271522522,-0.03822813928127289,0.36491599678993225,0.6528356671333313,-0.040241967886686325,0.40216928720474243,0.6360102891921997,-0.043189335614442825,0.23781928420066833,0.7663446664810181,-0.03955652937293053,0.32226669788360596,0.7200968861579895,-0.043518874794244766,0.3712242543697357,0.69813072681427,-0.04080478101968765,0.4045521914958954,0.6792302131652832,-0.04038709029555321,0.25402572751045227,0.8224940299987793,-0.04779241979122162,0.31777262687683105,0.7766677141189575,-0.047732312232255936,0.35655078291893005,0.7533870339393616,-0.04021948575973511,0.3866730332374573,0.7327404618263245,-0.03484886512160301
158,0.8267799615859985,0.8490904569625854,1.5324616242651246e-07,0.8189734816551208,0.7503810524940491,0.0031134476885199547,0.7801194190979004,0.6516348719596863,-0.0023993749637156725,0.7548156976699829,0.574543833732605,-0.008111651986837387,0.7572997212409973,0.5150733590126038,-0.016451643779873848,0.7398146390914917,0.6465957760810852,-0.027117324993014336,0.6546775698661804,0.611730694770813,-0.04106767848134041,0.6059461832046509,0.5954685807228088,-0.04912594333291054,0.5674147009849548,0.5844782590866089,-0.054314061999320984,0.7204001545906067,0.6993526816368103,-0.036982350051403046,0.6296940445899963,0.6574298143386841,-0.04861561208963394,0.5778557658195496,0.6324372887611389,-0.05403571575880051,0.5391199588775635,0.6124188303947449,-0.05880220606923103,0.7008773684501648,0.7561819553375244,-0.044838227331638336,0.6190668344497681,0.7079797983169556,-0.05250938981771469,0.5743160247802734,0.6787946224212646,-0.05302008241415024,0.5417353510856628,0.6550403237342834,-0.05444803088903427,0.6827840209007263,0.8141506910324097,-0.051954951137304306,0.6204583644866943,0.7659709453582764,-0.05788496509194374,0.588280439376831,0.7393196821212769,-0.055641788989305496,0.5618874430656433,0.7163451313972473,-0.05357714369893074,0.11325056105852127,0.8618003129959106,5.306835078044969e-07,0.10726059973239899,0.7656849026679993,-0.0014827564591541886,0.12245257198810577,0.6679038405418396,-0.012264634482562542,0.1343744993209839,0.5923720598220825,-0.02402491308748722,0.13098207116127014,0.5364720821380615,-0.03640694171190262,0.1968550682067871,0.6374809145927429,-0.02014595828950405,0.28396445512771606,0.6115476489067078,-0.03468761593103409,0.33684879541397095,0.6077877283096313,-0.04403270035982132,0.3739846646785736,0.6088240742683411,-0.04765566810965538,0.22136633098125458,0.6798469424247742,-0.027512263506650925,0.30947932600975037,0.6470728516578674,-0.03174786642193794,0.35701945424079895,0.637641966342926,-0.03178247809410095,0.39049309492111206,0.6309229731559753,-0.03239770978689194,0.24309834837913513,0.7323929071426392,-0.03435760736465454,0.32151320576667786,0.6943933367729187,-0.0339919738471508,0.3626541495323181,0.6792188882827759,-0.02773285284638405,0.3886061906814575,0.6707767844200134,-0.02453489415347576,0.2629774212837219,0.7877424359321594,-0.04179784655570984,0.3234541416168213,0.7402327060699463,-0.03718264773488045,0.35655897855758667,0.7186455726623535,-0.026260478422045708,0.3800394535064697,0.7034358978271484,-0.017867574468255043
159,0.8162046074867249,0.8731259107589722,2.0015353641156253e-07,0.8079997897148132,0.7708917856216431,0.0006282618851400912,0.7723256945610046,0.6825137138366699,-0.006281964480876923,0.742777407169342,0.6058140397071838,-0.013211713172495365,0.7360999584197998,0.5439610481262207,-0.0220133438706398,0.717115581035614,0.6919499039649963,-0.02225109189748764,0.6301491260528564,0.6589321494102478,-0.03463223949074745,0.5830782055854797,0.6471215486526489,-0.042183756828308105,0.5454282164573669,0.6387434005737305,-0.047091029584407806,0.6958166360855103,0.7462182641029358,-0.03019513562321663,0.6030946969985962,0.7032456398010254,-0.04208247363567352,0.5495604872703552,0.6796051859855652,-0.04950926825404167,0.508965015411377,0.6622224450111389,-0.055488184094429016,0.6791842579841614,0.8015806078910828,-0.036501575261354446,0.596339762210846,0.7516228556632996,-0.04491491615772247,0.5485812425613403,0.724972128868103,-0.047600049525499344,0.5124542713165283,0.7053414583206177,-0.05007065460085869,0.6679631471633911,0.8528459668159485,-0.04205714538693428,0.6041780114173889,0.8028117418289185,-0.04819277301430702,0.5712435245513916,0.7775279879570007,-0.04666236788034439,0.5437232851982117,0.7565500140190125,-0.04474736377596855,0.11085250228643417,0.8543447256088257,5.062109380560287e-07,0.0952538251876831,0.7536317110061646,0.003125926945358515,0.09779375046491623,0.6588175296783447,-0.005358624272048473,0.1000623032450676,0.5857508182525635,-0.014307117089629173,0.08969424664974213,0.5330945253372192,-0.024111714214086533,0.1652551144361496,0.634713888168335,-0.02282503992319107,0.24572402238845825,0.574062168598175,-0.03219623491168022,0.28980594873428345,0.5450559258460999,-0.033039577305316925,0.3208288848400116,0.5264071822166443,-0.03101574443280697,0.19870397448539734,0.6750257015228271,-0.031398139894008636,0.28103548288345337,0.5988836288452148,-0.03598884865641594,0.3255009055137634,0.5602139830589294,-0.03303127735853195,0.3573073148727417,0.5324362516403198,-0.0307257492095232,0.22731424868106842,0.7201266884803772,-0.03849438577890396,0.3003358244895935,0.6416192650794983,-0.0394694060087204,0.3393855690956116,0.6025677919387817,-0.03685981407761574,0.3653334975242615,0.5729732513427734,-0.035724177956581116,0.25026118755340576,0.7651219964027405,-0.04483765363693237,0.30299144983291626,0.6914799809455872,-0.04381522908806801,0.331156849861145,0.6534377336502075,-0.03835154324769974,0.35192978382110596,0.6221067309379578,-0.03366279602050781
160,0.8280941843986511,0.8279507160186768,2.3678198601828626e-07,0.8260979056358337,0.7278944849967957,0.0025410358794033527,0.788138747215271,0.6382302045822144,-0.0012124100467190146,0.7595311999320984,0.5641975402832031,-0.0049330200999975204,0.7592805027961731,0.5083714723587036,-0.010275987908244133,0.7318856120109558,0.6340379118919373,-0.01878221519291401,0.6481214165687561,0.5990120768547058,-0.02779247984290123,0.6011593341827393,0.5842393636703491,-0.03270692005753517,0.5655669569969177,0.5763315558433533,-0.03583723306655884,0.7092883586883545,0.6846910715103149,-0.02597726136445999,0.6213379502296448,0.6397203803062439,-0.034188028424978256,0.5721185803413391,0.6166947484016418,-0.03901481628417969,0.536187469959259,0.6004287004470825,-0.04269004613161087,0.6890694499015808,0.7379370331764221,-0.031184177845716476,0.6114863157272339,0.6871426701545715,-0.036122310906648636,0.5677024126052856,0.6594768166542053,-0.03831828385591507,0.5363044738769531,0.6405094861984253,-0.04071402922272682,0.6742614507675171,0.791242778301239,-0.03561576083302498,0.6164439916610718,0.7400844097137451,-0.03888155519962311,0.5857949256896973,0.7131166458129883,-0.03668808937072754,0.561140775680542,0.6894169449806213,-0.03452642634510994,0.11190303415060043,0.8940892815589905,5.336826802704309e-07,0.1079447790980339,0.7921243906021118,-0.0043701790273189545,0.12449637055397034,0.6826212406158447,-0.01485153753310442,0.13150395452976227,0.5996537208557129,-0.02593548782169819,0.12405304610729218,0.5402641892433167,-0.03750569373369217,0.1809314787387848,0.6651830077171326,-0.024727746844291687,0.2724926471710205,0.6261246800422668,-0.042193714529275894,0.3271915912628174,0.6113835573196411,-0.05320408567786217,0.36624300479888916,0.6036396026611328,-0.058591391891241074,0.20643717050552368,0.7089183330535889,-0.03296507149934769,0.30089670419692993,0.6611117720603943,-0.04209801182150841,0.355263352394104,0.6394007205963135,-0.04549461975693703,0.39390963315963745,0.6236569881439209,-0.04836728796362877,0.2305566668510437,0.7617141604423523,-0.04087158665060997,0.3141034245491028,0.7084423303604126,-0.045482829213142395,0.362789511680603,0.6823538541793823,-0.043164823204278946,0.39683645963668823,0.6648780107498169,-0.04270545393228531,0.25126004219055176,0.8153905272483826,-0.04930847883224487,0.3135184347629547,0.7673639059066772,-0.049058232456445694,0.3503384590148926,0.7432680726051331,-0.041419390588998795,0.3796009123325348,0.7251494526863098,-0.035759199410676956
161,0.8315512537956238,0.8363239765167236,1.8737358686848893e-07,0.8285810947418213,0.7365648746490479,0.004971715621650219,0.792324423789978,0.6407092213630676,0.001797688310034573,0.7649163007736206,0.5614064931869507,-0.0017748319078236818,0.7627047896385193,0.5033395290374756,-0.00758827431127429,0.7434443235397339,0.6357330679893494,-0.02164391241967678,0.6552519202232361,0.5985132455825806,-0.03138047456741333,0.607635498046875,0.5818824768066406,-0.035236045718193054,0.571830153465271,0.5695411562919617,-0.03753121197223663,0.7214890122413635,0.6854979395866394,-0.031316228210926056,0.6275367736816406,0.6384329795837402,-0.04171663150191307,0.5752971172332764,0.6115227937698364,-0.045361556112766266,0.5384789705276489,0.5903095006942749,-0.0477544404566288,0.7016313076019287,0.740652859210968,-0.03888004645705223,0.6174806952476501,0.6861872673034668,-0.04640725627541542,0.5717735886573792,0.6537374258041382,-0.04737880080938339,0.5395095944404602,0.6268008947372437,-0.04833614081144333,0.6854363083839417,0.7986849546432495,-0.045164480805397034,0.6216093301773071,0.7466859221458435,-0.050693023949861526,0.5911327600479126,0.7179804444313049,-0.04801034554839134,0.5682098269462585,0.6910628080368042,-0.04529089480638504,0.11122561991214752,0.8941807150840759,5.733783154937555e-07,0.11083006113767624,0.794597864151001,-0.0012114372802898288,0.13280418515205383,0.6882903575897217,-0.009037484414875507,0.1485627144575119,0.6094822883605957,-0.017308620736002922,0.1495223343372345,0.5501207709312439,-0.026339342817664146,0.1864820420742035,0.6694400906562805,-0.022848589345812798,0.2741461396217346,0.6253169178962708,-0.03872302174568176,0.3266545832157135,0.6065464019775391,-0.04826097935438156,0.3654434084892273,0.595786452293396,-0.05254296213388443,0.21143345534801483,0.7139055132865906,-0.03208043798804283,0.3058452308177948,0.6623945832252502,-0.04007139429450035,0.36041536927223206,0.6382917761802673,-0.04313766956329346,0.40054404735565186,0.6192386746406555,-0.04606745019555092,0.2351434826850891,0.766274631023407,-0.040731754153966904,0.3196094036102295,0.7117958068847656,-0.04482928663492203,0.3685360252857208,0.6849884390830994,-0.043844081461429596,0.40373507142066956,0.6649668216705322,-0.044387828558683395,0.2558298707008362,0.8179646730422974,-0.049559030681848526,0.3188195824623108,0.7644001245498657,-0.050825394690036774,0.3569110333919525,0.7369623184204102,-0.046143580228090286,0.38765203952789307,0.7158923745155334,-0.042574744671583176
162,0.8186197280883789,0.8602408170700073,1.6357880383566226e-07,0.8144225478172302,0.7544635534286499,0.0028520338237285614,0.7795521020889282,0.6622622013092041,-0.0024131936952471733,0.749388575553894,0.5863657593727112,-0.008005318231880665,0.7443740367889404,0.525534451007843,-0.016070373356342316,0.7268688678741455,0.667277455329895,-0.023837730288505554,0.640461802482605,0.6324736475944519,-0.03662673011422157,0.5922482013702393,0.6185943484306335,-0.04386821761727333,0.5540754795074463,0.6084815859794617,-0.04863337427377701,0.7052115201950073,0.7190547585487366,-0.03296210616827011,0.6132519841194153,0.6749640107154846,-0.046415820717811584,0.5586716532707214,0.6503556370735168,-0.05466527119278908,0.5175780057907104,0.6312912702560425,-0.06104601174592972,0.6873828768730164,0.7736692428588867,-0.03988933563232422,0.6046950221061707,0.7236947417259216,-0.049743637442588806,0.5574981570243835,0.6962652802467346,-0.053656481206417084,0.5220678448677063,0.6752504706382751,-0.05687791481614113,0.6741562485694885,0.8273472785949707,-0.04564353823661804,0.6100326776504517,0.7763760089874268,-0.053077686578035355,0.5771607756614685,0.7504324913024902,-0.05265158414840698,0.5493385195732117,0.7277846932411194,-0.05160798504948616,0.12780576944351196,0.8786187171936035,5.603835120382428e-07,0.11534929275512695,0.7804401516914368,-0.001055957400240004,0.12673279643058777,0.680453896522522,-0.011099780909717083,0.13775299489498138,0.6021950840950012,-0.02043435536324978,0.1319677233695984,0.5440611839294434,-0.031131312251091003,0.17921540141105652,0.6659141778945923,-0.035009659826755524,0.2634749412536621,0.5964381694793701,-0.04961298033595085,0.31077471375465393,0.5638893246650696,-0.053945835679769516,0.3445087671279907,0.5425500869750977,-0.05379077047109604,0.21162086725234985,0.7085243463516235,-0.042534977197647095,0.3007577061653137,0.6268653273582458,-0.05124211683869362,0.34970563650131226,0.583689272403717,-0.05136463791131973,0.3821955919265747,0.5527684688568115,-0.05118560418486595,0.24003654718399048,0.7552394866943359,-0.04815699905157089,0.3197536766529083,0.6702083945274353,-0.05246187746524811,0.36331796646118164,0.6252819299697876,-0.052038729190826416,0.39219915866851807,0.5929444432258606,-0.05249977484345436,0.26312965154647827,0.8010746836662292,-0.05305498093366623,0.3205046057701111,0.727163553237915,-0.05503837391734123,0.3529599905014038,0.6885284185409546,-0.05118953809142113,0.37717631459236145,0.6573653817176819,-0.04776105657219887
163,0.8208511471748352,0.8200043439865112,2.539177899052447e-07,0.821654200553894,0.7203624844551086,0.0037293292116373777,0.7906224131584167,0.6303187012672424,-0.0012198977638036013,0.7662986516952515,0.5531188249588013,-0.007115311920642853,0.7629075050354004,0.49628013372421265,-0.014941918663680553,0.7329639196395874,0.6263629198074341,-0.01766885071992874,0.6518769860267639,0.5867770314216614,-0.02755846455693245,0.6090190410614014,0.5694968700408936,-0.033287566155195236,0.5762912034988403,0.5569395422935486,-0.036845963448286057,0.7099812626838684,0.6739931106567383,-0.026940610259771347,0.6240045428276062,0.6220300197601318,-0.03635110706090927,0.5750854015350342,0.5938140153884888,-0.042202919721603394,0.5389556884765625,0.5717118978500366,-0.046555738896131516,0.6901718974113464,0.7246715426445007,-0.03438593074679375,0.6142898797988892,0.6661733388900757,-0.0410110242664814,0.5705469846725464,0.6338828206062317,-0.04382021352648735,0.5381717681884766,0.6092739105224609,-0.04633290320634842,0.6749205589294434,0.7757060527801514,-0.04090654104948044,0.6176671981811523,0.7188100814819336,-0.04570126160979271,0.5863792300224304,0.6892262101173401,-0.043856870383024216,0.5605909824371338,0.6632986068725586,-0.0417213961482048,0.13041523098945618,0.8886623382568359,4.7516999757135636e-07,0.10957466810941696,0.7923452854156494,-0.002497625071555376,0.11111963540315628,0.6885455250740051,-0.010465077124536037,0.11085084825754166,0.6131919026374817,-0.01822240836918354,0.09777175635099411,0.5620087385177612,-0.02670239843428135,0.17590998113155365,0.6594655513763428,-0.021267279982566833,0.24943706393241882,0.5914485454559326,-0.033803824335336685,0.29246610403060913,0.5549077987670898,-0.04006947949528694,0.3234139084815979,0.5306076407432556,-0.0421648733317852,0.2105182707309723,0.6991963386535645,-0.028575720265507698,0.28762975335121155,0.619613766670227,-0.0350123755633831,0.33090701699256897,0.5751455426216125,-0.037465497851371765,0.36212629079818726,0.5395615696907043,-0.039283350110054016,0.240312859416008,0.7433738708496094,-0.03528827056288719,0.30893802642822266,0.6608564853668213,-0.039205700159072876,0.34687936305999756,0.6155343055725098,-0.04017583653330803,0.3722388744354248,0.5795222520828247,-0.041439738124608994,0.2653150260448456,0.7871004343032837,-0.0417870357632637,0.31428074836730957,0.7139842510223389,-0.04406867176294327,0.34125638008117676,0.675227165222168,-0.040341343730688095,0.36046159267425537,0.6421045064926147,-0.03689293563365936
164,0.8247182369232178,0.8312880396842957,2.368196874158457e-07,0.8249713182449341,0.734645426273346,0.0007277955883182585,0.7928941249847412,0.6370717883110046,-0.005205659661442041,0.7697390913963318,0.5558685064315796,-0.011152890510857105,0.7686663866043091,0.49588748812675476,-0.019218681380152702,0.7432975769042969,0.633816123008728,-0.025706807151436806,0.6597959995269775,0.5885936617851257,-0.037449322640895844,0.6149142980575562,0.5667883157730103,-0.04285136237740517,0.5807280540466309,0.5493525266647339,-0.04634714126586914,0.7188175320625305,0.6812132596969604,-0.034412674605846405,0.6312041878700256,0.626182496547699,-0.046142347157001495,0.5807731747627258,0.5936375856399536,-0.05157499387860298,0.5442185997962952,0.5670812129974365,-0.05570724979043007,0.6970115900039673,0.7336600422859192,-0.04155334457755089,0.6185881495475769,0.6718627214431763,-0.05048772692680359,0.5747549533843994,0.6342864036560059,-0.05427071452140808,0.542744517326355,0.6028375625610352,-0.05752909183502197,0.6788737773895264,0.7883740663528442,-0.04780924692749977,0.6200685501098633,0.7319117784500122,-0.05516502633690834,0.5897414088249207,0.7000118494033813,-0.055529553443193436,0.565342903137207,0.67034512758255,-0.05538807809352875,0.12769562005996704,0.8946449160575867,4.865668756792729e-07,0.10801857709884644,0.800172746181488,-1.2755896932503674e-05,0.10999346524477005,0.6904223561286926,-0.007171417586505413,0.11190725862979889,0.6087509989738464,-0.014693723060190678,0.10080964118242264,0.5528253316879272,-0.022836172953248024,0.16574837267398834,0.6647273302078247,-0.022948140278458595,0.23913303017616272,0.5866388082504272,-0.03796146437525749,0.2835976481437683,0.5464497208595276,-0.04509710520505905,0.3153509497642517,0.5208231210708618,-0.0472811684012413,0.19978202879428864,0.7004365921020508,-0.031956590712070465,0.2776717245578766,0.6116108894348145,-0.04012042656540871,0.32267189025878906,0.5613304376602173,-0.04275577887892723,0.3541271388530731,0.523314893245697,-0.0446324497461319,0.23123982548713684,0.7419032454490662,-0.04007447883486748,0.30065464973449707,0.654156506061554,-0.04439619183540344,0.3394854962825775,0.6035997271537781,-0.04537246748805046,0.36511749029159546,0.5651509165763855,-0.04684904217720032,0.25884008407592773,0.7840801477432251,-0.04788844659924507,0.309446781873703,0.7087834477424622,-0.050389114767313004,0.33723610639572144,0.6676380634307861,-0.047275468707084656,0.35624057054519653,0.6337419748306274,-0.044368136674165726
165,0.8211075663566589,0.8577954769134521,1.9585728239235323e-07,0.823375403881073,0.7507451176643372,0.0009269523434340954,0.7911309003829956,0.6607402563095093,-0.0028344907332211733,0.7598589062690735,0.5848168134689331,-0.006016144994646311,0.7512640953063965,0.5241420865058899,-0.010702749714255333,0.7289479970932007,0.6659876704216003,-0.01741008087992668,0.6431244015693665,0.6292803883552551,-0.025477755814790726,0.5972076058387756,0.6156753897666931,-0.03008522279560566,0.5614482760429382,0.6063422560691833,-0.03316548839211464,0.7050308585166931,0.7189320921897888,-0.023243118077516556,0.6136813163757324,0.6721105575561523,-0.032375041395425797,0.5623434782028198,0.646620512008667,-0.038442615419626236,0.5241736769676208,0.6281487941741943,-0.0430448055267334,0.686583936214447,0.7732523083686829,-0.027394955977797508,0.6055046319961548,0.7204800844192505,-0.03432994708418846,0.559511661529541,0.6925013065338135,-0.03792397305369377,0.5246691107749939,0.6727060675621033,-0.04065671190619469,0.6747216582298279,0.8227401375770569,-0.030546745285391808,0.6125316619873047,0.7692887783050537,-0.03549136593937874,0.5809049010276794,0.7438933253288269,-0.03445708006620407,0.5548005104064941,0.7231760025024414,-0.032813217490911484,0.12230735272169113,0.9282654523849487,4.3849783537552867e-07,0.11281514167785645,0.8239059448242188,0.001736022182740271,0.12638747692108154,0.715286374092102,-0.0034613809548318386,0.1387098729610443,0.6327546834945679,-0.009306779131293297,0.13455568253993988,0.5740522742271423,-0.01601145975291729,0.1867608278989792,0.6979828476905823,-0.020069394260644913,0.27101612091064453,0.6398065686225891,-0.03158558905124664,0.31705987453460693,0.6124316453933716,-0.03691834211349487,0.3495212197303772,0.5932772755622864,-0.03896256908774376,0.21773096919059753,0.7416079044342041,-0.029232406988739967,0.3072541058063507,0.674760103225708,-0.034085944294929504,0.35585319995880127,0.6389546394348145,-0.034917913377285004,0.38922005891799927,0.6114789843559265,-0.03655192255973816,0.24548399448394775,0.789993405342102,-0.03733229637145996,0.32339388132095337,0.7203707695007324,-0.04010321572422981,0.367723286151886,0.6815800070762634,-0.03966241329908371,0.39784517884254456,0.6514113545417786,-0.040722157806158066,0.2673862874507904,0.8379290103912354,-0.04493805393576622,0.3270156979560852,0.7772981524467468,-0.04541138932108879,0.3605521023273468,0.7422369122505188,-0.04077001288533211,0.3869166970252991,0.7132733464241028,-0.037442632019519806
166,0.8168690204620361,0.8393719792366028,2.468800062160881e-07,0.8226739168167114,0.7358909845352173,0.002016868442296982,0.7944632172584534,0.6443884372711182,-0.001394769293256104,0.7679206132888794,0.5681776404380798,-0.004921765998005867,0.7643976211547852,0.5119079351425171,-0.00917221512645483,0.7299043536186218,0.6373698711395264,-0.012337937951087952,0.6521242260932922,0.5961755514144897,-0.01842399686574936,0.6106622219085693,0.5812821984291077,-0.02177245542407036,0.579502284526825,0.57206130027771,-0.023610562086105347,0.7039586305618286,0.6850154995918274,-0.01873818039894104,0.6216499209403992,0.6313343644142151,-0.02515701949596405,0.5761511325836182,0.6057354807853699,-0.027838019654154778,0.5428478717803955,0.5876896381378174,-0.02930300310254097,0.6828838586807251,0.7351141571998596,-0.023755250498652458,0.6121292114257812,0.6757264137268066,-0.02657347358763218,0.5726839900016785,0.6462991237640381,-0.025788981467485428,0.5431269407272339,0.6251029372215271,-0.02542337402701378,0.6681485176086426,0.7846396565437317,-0.028312956914305687,0.6138209700584412,0.7264782786369324,-0.028538841754198074,0.5845307111740112,0.699692964553833,-0.023335913196206093,0.5608444809913635,0.6784334778785706,-0.018587615340948105,0.13767999410629272,0.9216440320014954,3.693161829687597e-07,0.11316985636949539,0.8236798048019409,0.0027939530555158854,0.1190803050994873,0.719292938709259,0.0014786806423217058,0.12518957257270813,0.6403874158859253,0.00032370592816732824,0.11476917564868927,0.5869324207305908,-0.0007921750075183809,0.18636254966259003,0.6838377118110657,-0.00621330551803112,0.25526589155197144,0.6211572289466858,-0.009290258400142193,0.2924308180809021,0.5915251970291138,-0.008698174729943275,0.3184118866920471,0.5728597640991211,-0.0064566112123429775,0.223532572388649,0.7215771079063416,-0.011051399633288383,0.2958398759365082,0.6481802463531494,-0.009488267824053764,0.3322705924510956,0.610346794128418,-0.005396808497607708,0.35579243302345276,0.5809565782546997,-0.002407298656180501,0.2538661062717438,0.7649317383766174,-0.015317518264055252,0.3169077932834625,0.6895074844360352,-0.012936159037053585,0.3476918935775757,0.6504642367362976,-0.009220916777849197,0.3660564422607422,0.619438886642456,-0.007006596773862839,0.2781030535697937,0.8061056733131409,-0.019049175083637238,0.32582351565361023,0.7365667819976807,-0.015679551288485527,0.350619375705719,0.7018790245056152,-0.0091106491163373,0.36733680963516235,0.6725539565086365,-0.00352394743822515
167,0.8201505541801453,0.864375114440918,2.1194156829551503e-07,0.8258302211761475,0.7648825645446777,-0.00019730167696252465,0.7942667007446289,0.6626087427139282,-0.004336473066359758,0.7695406675338745,0.5815595388412476,-0.007924181409180164,0.7666804790496826,0.5235882997512817,-0.012754064984619617,0.7412375807762146,0.6516735553741455,-0.02058032527565956,0.660833477973938,0.6075483560562134,-0.03078770637512207,0.6149970293045044,0.5850914716720581,-0.03614569827914238,0.579308807849884,0.5680835247039795,-0.039725009351968765,0.7143478989601135,0.6994706988334656,-0.027502208948135376,0.6309036612510681,0.6438156366348267,-0.03781844303011894,0.5830175876617432,0.6114583611488342,-0.04160424321889877,0.5476630330085754,0.584627091884613,-0.0441880002617836,0.6891526579856873,0.7516775727272034,-0.0331437923014164,0.6158121228218079,0.6874444484710693,-0.04037614166736603,0.5766503214836121,0.6485691666603088,-0.0399867445230484,0.5485482811927795,0.6169185638427734,-0.03993004560470581,0.667980968952179,0.8055192232131958,-0.03842104226350784,0.615380048751831,0.7414432764053345,-0.043133050203323364,0.589028000831604,0.7072297930717468,-0.03960935398936272,0.5681498050689697,0.6780248880386353,-0.036252252757549286,0.14554807543754578,0.9355895519256592,4.2568512981233653e-07,0.1214774027466774,0.8377261161804199,0.002023912500590086,0.12321877479553223,0.7265792489051819,-0.003881181590259075,0.12908592820167542,0.6458219289779663,-0.010374791920185089,0.11922451853752136,0.5898157358169556,-0.017191767692565918,0.1828523725271225,0.7009370923042297,-0.02070794254541397,0.2555481791496277,0.6254441142082214,-0.033020224422216415,0.2977795898914337,0.5890681147575378,-0.03812950849533081,0.3271847367286682,0.5658448338508606,-0.03913469612598419,0.21606960892677307,0.7368098497390747,-0.030215905979275703,0.2934022843837738,0.651646614074707,-0.03596882149577141,0.336262583732605,0.6049823760986328,-0.03596051409840584,0.365264356136322,0.5702690482139587,-0.035979751497507095,0.2467898726463318,0.7798580527305603,-0.03862223029136658,0.3167116343975067,0.6945295929908752,-0.04054194688796997,0.35452595353126526,0.6468725204467773,-0.03831829875707626,0.3794804811477661,0.6110526323318481,-0.037711575627326965,0.2732778787612915,0.8246877193450928,-0.04669995233416557,0.32523113489151,0.7513672709465027,-0.046504322439432144,0.3540310263633728,0.711068868637085,-0.04074836149811745,0.37477946281433105,0.6792310476303101,-0.03605754300951958
168,0.8174362778663635,0.880980908870697,1.9384317795356765e-07,0.8153775334358215,0.7815091013908386,-0.0057377866469323635,0.7783834338188171,0.6789575815200806,-0.015367360785603523,0.7485271096229553,0.6019688248634338,-0.023727532476186752,0.7479937672615051,0.5416373610496521,-0.03398195281624794,0.7333349585533142,0.6818273067474365,-0.03626684471964836,0.6465807557106018,0.642096757888794,-0.05559251457452774,0.5975174307823181,0.6195938587188721,-0.06637576222419739,0.5612087249755859,0.6031585335731506,-0.07262174040079117,0.7089081406593323,0.7363496422767639,-0.04238381236791611,0.6167880892753601,0.6886237859725952,-0.05910160019993782,0.5675255060195923,0.6586187481880188,-0.06570585072040558,0.5339438319206238,0.6343274712562561,-0.07045095413923264,0.6873294115066528,0.7911242842674255,-0.04745616018772125,0.6040132641792297,0.7362509369850159,-0.06022147461771965,0.5600093007087708,0.7042398452758789,-0.06157141551375389,0.5304907560348511,0.6785454750061035,-0.06232587993144989,0.6695662140846252,0.842379093170166,-0.05237521976232529,0.6065207719802856,0.7891662120819092,-0.061981674283742905,0.5741367340087891,0.761314868927002,-0.06119293347001076,0.5495015382766724,0.7376506328582764,-0.05930675193667412,0.14010809361934662,0.9542937278747559,4.5238550683279755e-07,0.12291967868804932,0.854105532169342,0.0029211367946118116,0.13095304369926453,0.7423579692840576,-0.0011477185180410743,0.14137959480285645,0.6612920761108398,-0.006038352847099304,0.13736073672771454,0.6036022901535034,-0.011283056810498238,0.18682555854320526,0.7131909728050232,-0.016847053542733192,0.26637160778045654,0.6503198146820068,-0.02975301258265972,0.31420016288757324,0.6231426000595093,-0.03712970390915871,0.3484683334827423,0.6069804430007935,-0.03975493833422661,0.21801015734672546,0.752677321434021,-0.026052946224808693,0.30333179235458374,0.6805449724197388,-0.02989855408668518,0.35045433044433594,0.6472384333610535,-0.029876699671149254,0.3829555809497833,0.621389627456665,-0.030793920159339905,0.24858234822750092,0.7997580170631409,-0.03442729264497757,0.32334211468696594,0.7252395153045654,-0.03553885221481323,0.36519497632980347,0.6892232298851013,-0.03194596245884895,0.3933085799217224,0.6622884273529053,-0.030933760106563568,0.27500849962234497,0.8472697138786316,-0.04257272183895111,0.3305927515029907,0.7804206013679504,-0.041789401322603226,0.3632013201713562,0.7481088638305664,-0.03481799736618996,0.38823044300079346,0.7224348187446594,-0.029603464528918266
169,0.8116497993469238,0.8569446206092834,1.710807140398174e-07,0.8038891553878784,0.7597084641456604,0.0002838130167219788,0.7670332789421082,0.6685108542442322,-0.004898599814623594,0.7339690923690796,0.5975436568260193,-0.010576012544333935,0.7266786694526672,0.5385458469390869,-0.017979715019464493,0.7103685736656189,0.675463080406189,-0.01777290552854538,0.6296935677528381,0.6447989344596863,-0.029539667069911957,0.585750937461853,0.63036048412323,-0.03715731203556061,0.5539718866348267,0.6204790472984314,-0.04190058633685112,0.6912725567817688,0.721189558506012,-0.025353822857141495,0.6068574786186218,0.6809496283531189,-0.03527224436402321,0.5585705041885376,0.6588135361671448,-0.04151921719312668,0.5236472487449646,0.6418250203132629,-0.046567343175411224,0.6750085949897766,0.7708864808082581,-0.03191772475838661,0.59919673204422,0.7245203852653503,-0.03921178728342056,0.5568333268165588,0.6998135447502136,-0.04151776060461998,0.5262291431427002,0.6806467771530151,-0.04404177889227867,0.6619125604629517,0.8232208490371704,-0.03802337870001793,0.6049810647964478,0.778806209564209,-0.04341945797204971,0.5734456777572632,0.7556089758872986,-0.042315151542425156,0.5475890040397644,0.735511302947998,-0.04101799428462982,0.14482298493385315,0.9495491981506348,3.7104430816725653e-07,0.12405680119991302,0.8466504216194153,0.005585737992078066,0.13237334787845612,0.7361403107643127,0.006576044484972954,0.14271512627601624,0.6584926843643188,0.006297313142567873,0.13579913973808289,0.604543149471283,0.00603810790926218,0.19656524062156677,0.6996811628341675,0.0031424867920577526,0.267922967672348,0.6498506665229797,-0.0004106119740754366,0.31053274869918823,0.6272844672203064,-0.004307470750063658,0.3416573405265808,0.6116080284118652,-0.00622881855815649,0.23083072900772095,0.7380133271217346,-0.00421564606949687,0.3008548617362976,0.6803089380264282,0.0005682786577381194,0.3402221202850342,0.6527964472770691,0.002436349168419838,0.36785346269607544,0.6300278902053833,0.0013865211512893438,0.2599712014198303,0.7853179574012756,-0.011521469801664352,0.32092976570129395,0.7260259985923767,-0.007081211544573307,0.35471609234809875,0.6990110874176025,-0.002952390816062689,0.37601763010025024,0.6779285669326782,-0.0022965676616877317,0.2843579351902008,0.8325610756874084,-0.018705066293478012,0.3297616243362427,0.7728795409202576,-0.014375152997672558,0.3568269908428192,0.7434558868408203,-0.007104657590389252,0.37671226263046265,0.7185000777244568,-0.0021287635900080204
170,0.8194497227668762,0.8433405160903931,2.7668002644531953e-07,0.8273806571960449,0.737253725528717,0.003950353246182203,0.7947690486907959,0.6483268737792969,0.0032496675848960876,0.7643596529960632,0.571469783782959,0.0027706248220056295,0.7564501762390137,0.5122431516647339,0.0014515477232635021,0.7307896018028259,0.6403770446777344,-0.00933929719030857,0.6526736617088318,0.5958781838417053,-0.012034974060952663,0.6102261543273926,0.5782935619354248,-0.012964197434484959,0.5773104429244995,0.5678359866142273,-0.013619113713502884,0.7042595148086548,0.6870160102844238,-0.015369843691587448,0.6207258701324463,0.6294233798980713,-0.018938694149255753,0.5736747980117798,0.6004241108894348,-0.021062547340989113,0.5396968722343445,0.5815010070800781,-0.02226249873638153,0.6836438179016113,0.7379749417304993,-0.019719818606972694,0.6101256608963013,0.6767404079437256,-0.02139630913734436,0.5684080123901367,0.6447244882583618,-0.023503176867961884,0.5371084213256836,0.622251033782959,-0.025265218690037727,0.6706126928329468,0.7874823212623596,-0.023093514144420624,0.6137474179267883,0.7276298403739929,-0.023361478000879288,0.5846403241157532,0.6991044878959656,-0.020323261618614197,0.5612770915031433,0.6742372512817383,-0.017294850200414658,0.1436031311750412,0.9131190180778503,4.849821380048525e-07,0.1143818199634552,0.8161724209785461,0.003696159925311804,0.11523401737213135,0.7167996764183044,0.000808209995739162,0.12097454071044922,0.6397351622581482,-0.0020718539599329233,0.11084725707769394,0.5877647399902344,-0.005562040954828262,0.1815187931060791,0.6858329772949219,-0.01319793239235878,0.25159212946891785,0.6117584705352783,-0.01940346695482731,0.2911166846752167,0.5762127637863159,-0.020165737718343735,0.3194904625415802,0.5531185269355774,-0.018418312072753906,0.22094407677650452,0.7209764719009399,-0.01946573331952095,0.2906421720981598,0.6357119083404541,-0.021562809124588966,0.3280327618122101,0.5900563597679138,-0.019587533548474312,0.35369744896888733,0.5566255450248718,-0.017990270629525185,0.253325492143631,0.76067054271698,-0.024414192885160446,0.3133554756641388,0.6741190552711487,-0.02453438565135002,0.3453443646430969,0.6283471584320068,-0.022665414959192276,0.3662542700767517,0.5940612554550171,-0.021951956674456596,0.2781505584716797,0.800108790397644,-0.028463760390877724,0.32204627990722656,0.7233020067214966,-0.02692997083067894,0.3466186821460724,0.6844894289970398,-0.021341321989893913,0.3651013672351837,0.6526244282722473,-0.01659456640481949
171,0.82680743932724,0.8775486946105957,1.5468188507838931e-07,0.8226865530014038,0.7750450372695923,-0.0029063199181109667,0.7873286604881287,0.6781752109527588,-0.010526438243687153,0.7515558004379272,0.6051928400993347,-0.017915800213813782,0.7432088255882263,0.5438621044158936,-0.02704155631363392,0.7351375818252563,0.6790995597839355,-0.02372334524989128,0.6494517922401428,0.6396066546440125,-0.0391947403550148,0.6013184189796448,0.6216956377029419,-0.04909771308302879,0.5634720325469971,0.6087312698364258,-0.055399954319000244,0.7121325135231018,0.7315555810928345,-0.031028486788272858,0.621909499168396,0.6847690343856812,-0.04507984220981598,0.5693417191505432,0.657250165939331,-0.05414017662405968,0.529263973236084,0.6349502801895142,-0.060900118201971054,0.6923131346702576,0.7856700420379639,-0.03742126002907753,0.6102903485298157,0.7332310676574707,-0.04851735010743141,0.563185453414917,0.7038331031799316,-0.05298563838005066,0.5271928310394287,0.680671215057373,-0.05643447861075401,0.6769213080406189,0.8378121852874756,-0.0434374175965786,0.6150317192077637,0.7874009609222412,-0.05208289623260498,0.5814023017883301,0.7610772252082825,-0.05256194621324539,0.5532745122909546,0.7377374768257141,-0.05193251743912697,0.1319407820701599,0.9469860196113586,4.1351779600518057e-07,0.1232660561800003,0.8407965302467346,0.002618529601022601,0.14202851057052612,0.7227855324745178,0.0008045298745855689,0.15931478142738342,0.6425802111625671,-0.0017634223913773894,0.15822620689868927,0.585120439529419,-0.004299628082662821,0.18436352908611298,0.7098549604415894,-0.015828413888812065,0.26692456007003784,0.6510281562805176,-0.028538895770907402,0.31834012269973755,0.6230945587158203,-0.034418173134326935,0.3542992174625397,0.608637809753418,-0.035477399826049805,0.21435008943080902,0.7561488151550293,-0.02386215515434742,0.2966199517250061,0.6850612163543701,-0.028378628194332123,0.34356027841567993,0.6501242518424988,-0.027942096814513206,0.3753175735473633,0.6247332096099854,-0.027686703950166702,0.2430354803800583,0.8074698448181152,-0.030946770682930946,0.3137841820716858,0.7365924119949341,-0.03210826218128204,0.3539491891860962,0.6995473504066467,-0.02758796326816082,0.3796674609184265,0.6718022227287292,-0.025255467742681503,0.2674171030521393,0.8562591671943665,-0.037841398268938065,0.31823694705963135,0.7899071574211121,-0.03759794682264328,0.34697383642196655,0.7520359754562378,-0.03065984696149826,0.36828356981277466,0.7217236161231995,-0.024824365973472595
172,0.8249768018722534,0.856023907661438,1.5812628362255055e-07,0.8218104839324951,0.7569704651832581,0.0004246278840582818,0.7818156480789185,0.6623822450637817,-0.003813214600086212,0.7468496561050415,0.5909236073493958,-0.008069963194429874,0.7408889532089233,0.533412516117096,-0.013981281779706478,0.7269869446754456,0.6594603657722473,-0.020789451897144318,0.643193244934082,0.6281461715698242,-0.03294919803738594,0.5963069796562195,0.6127495169639587,-0.04026085138320923,0.5624774694442749,0.6033812761306763,-0.044792432337999344,0.7059258818626404,0.7081593871116638,-0.02829442173242569,0.6180936694145203,0.667918860912323,-0.03913509100675583,0.569021463394165,0.6451531052589417,-0.04528304189443588,0.5342392921447754,0.6279769539833069,-0.05001356452703476,0.6871505975723267,0.7612157464027405,-0.03445684164762497,0.6085109710693359,0.7145927548408508,-0.042885344475507736,0.5655736327171326,0.6883711218833923,-0.045663733035326004,0.535649836063385,0.6682033538818359,-0.04818693920969963,0.6716837882995605,0.8169885873794556,-0.03994055092334747,0.6118201613426208,0.7713724374771118,-0.046511366963386536,0.578845739364624,0.7488235235214233,-0.04593457654118538,0.5519022345542908,0.7294234037399292,-0.04483087733387947,0.13013912737369537,0.9429190158843994,3.9239415627889684e-07,0.11860799789428711,0.8374878168106079,0.005952317733317614,0.13982683420181274,0.7256119847297668,0.0074166408739984035,0.15838807821273804,0.6491885781288147,0.0074766562320292,0.1609419882297516,0.5913127660751343,0.007658943999558687,0.2004803717136383,0.6929410099983215,0.0015846251044422388,0.27495187520980835,0.6481502652168274,-0.0038345970679074526,0.3212732672691345,0.6299552917480469,-0.00828487053513527,0.35461142659187317,0.6213709115982056,-0.009834922850131989,0.23131658136844635,0.7379285097122192,-0.006340525113046169,0.3076227307319641,0.686060905456543,-0.00296965055167675,0.3509644865989685,0.6625618934631348,-0.001500129234045744,0.38237783312797546,0.6433446407318115,-0.002333170734345913,0.2577734887599945,0.7907043099403381,-0.014130405150353909,0.3270746171474457,0.7338107228279114,-0.010410420596599579,0.36583244800567627,0.7093344926834106,-0.0061774118803441525,0.39177465438842773,0.6911433935165405,-0.005334880668669939,0.279513955116272,0.8417242765426636,-0.021747231483459473,0.33162975311279297,0.7847385406494141,-0.01766143925487995,0.3642316460609436,0.7567932605743408,-0.010419012047350407,0.3885402977466583,0.7345244288444519,-0.005356778856366873
173,0.8298500776290894,0.8474105596542358,2.63126054278473e-07,0.8346946835517883,0.7418577075004578,0.003542683320119977,0.8042126893997192,0.6475279927253723,0.0007677357061766088,0.779792845249176,0.5678355693817139,-0.0020729717798531055,0.7791796326637268,0.5097004175186157,-0.006349445320665836,0.743708074092865,0.642004668712616,-0.016159122809767723,0.6651761531829834,0.5923316478729248,-0.023121336475014687,0.6222974061965942,0.5703443288803101,-0.026302503421902657,0.5890661478042603,0.5553333759307861,-0.028236139565706253,0.7176300883293152,0.6879790425300598,-0.02356024831533432,0.6337754130363464,0.6264817714691162,-0.030850883573293686,0.5853245258331299,0.594060480594635,-0.034870728850364685,0.549464225769043,0.5710652470588684,-0.03762752190232277,0.6960524320602417,0.7377971410751343,-0.029005203396081924,0.6222971081733704,0.6725372076034546,-0.03356541693210602,0.5793201923370361,0.6366759538650513,-0.036604560911655426,0.5474326014518738,0.6107155680656433,-0.03900352492928505,0.6807793974876404,0.7867351174354553,-0.033454131335020065,0.6251022815704346,0.7246791124343872,-0.03648156672716141,0.595248818397522,0.6923424005508423,-0.03477020934224129,0.5715327858924866,0.6641247868537903,-0.03266584500670433,0.13167822360992432,0.8914695382118225,5.170836061552109e-07,0.1115850880742073,0.7939967513084412,0.0008734753355383873,0.11549062281847,0.6908401250839233,-0.005506731104105711,0.12333207577466965,0.6121991872787476,-0.01196433138102293,0.11449917405843735,0.5563698410987854,-0.018779678270220757,0.17937138676643372,0.6649748682975769,-0.017806043848395348,0.2534065246582031,0.5922824740409851,-0.025526050478219986,0.29335373640060425,0.5591319799423218,-0.026352116838097572,0.3201097548007965,0.5383191108703613,-0.02422233857214451,0.2151140570640564,0.7030253410339355,-0.023439859971404076,0.29031381011009216,0.6173933148384094,-0.026064231991767883,0.3271183371543884,0.5736685991287231,-0.022668316960334778,0.35073018074035645,0.5414537191390991,-0.019889917224645615,0.24452218413352966,0.7456203103065491,-0.027873603627085686,0.3103250563144684,0.6586427688598633,-0.027262263000011444,0.3420354127883911,0.6139140129089355,-0.021458148956298828,0.3604024648666382,0.5807886123657227,-0.0180378220975399,0.26819729804992676,0.7872022390365601,-0.031962987035512924,0.31483274698257446,0.7086768746376038,-0.0288303941488266,0.33726951479911804,0.6706947684288025,-0.019361987709999084,0.35106831789016724,0.6402311325073242,-0.011684216558933258
174,0.8230626583099365,0.8755845427513123,1.264974116566009e-07,0.8129992485046387,0.7750720381736755,0.0034606053959578276,0.7766926288604736,0.6790348291397095,-0.0021271638106554747,0.7464887499809265,0.6030551791191101,-0.008881432004272938,0.7433199286460876,0.5447137951850891,-0.017889434471726418,0.7299491763114929,0.6789841055870056,-0.02120860293507576,0.6433751583099365,0.6412208080291748,-0.03584253787994385,0.5941534042358398,0.6255776882171631,-0.04486715793609619,0.5563923120498657,0.6166080236434937,-0.05040499195456505,0.7094598412513733,0.7284988164901733,-0.031845156103372574,0.6153881549835205,0.6856492161750793,-0.04494999349117279,0.5614084005355835,0.6650487780570984,-0.05199344828724861,0.5220984220504761,0.6516597270965576,-0.05750013515353203,0.6901890635490417,0.7822071313858032,-0.04102758318185806,0.6041717529296875,0.7320361733436584,-0.050893522799015045,0.5568866729736328,0.708499014377594,-0.053019873797893524,0.5218257904052734,0.6920019388198853,-0.05505625903606415,0.6739211082458496,0.83590167760849,-0.04937025532126427,0.6097851991653442,0.7874686121940613,-0.05703353509306908,0.5760464668273926,0.765177309513092,-0.056046854704618454,0.5482283234596252,0.7466158866882324,-0.05451105162501335,0.11945170909166336,0.9325605630874634,4.5422584094012564e-07,0.10694446414709091,0.8271036148071289,-0.0031364383175969124,0.11735665053129196,0.716886579990387,-0.01264560129493475,0.1271420121192932,0.6316347718238831,-0.02263648621737957,0.12009502202272415,0.5695419907569885,-0.03299782797694206,0.18543493747711182,0.6953076124191284,-0.019343670457601547,0.2690157890319824,0.6399016380310059,-0.03285873681306839,0.31817442178726196,0.6133852005004883,-0.04053281247615814,0.3532756567001343,0.59724360704422,-0.043248243629932404,0.21391735970973969,0.7406518459320068,-0.026371631771326065,0.29748669266700745,0.6758671402931213,-0.030960220843553543,0.34365734457969666,0.645039975643158,-0.03100375086069107,0.3768382966518402,0.6219683289527893,-0.03145631402730942,0.23907074332237244,0.7922042608261108,-0.03307635709643364,0.3113457262516022,0.7289223670959473,-0.03437742590904236,0.35263118147850037,0.6955207586288452,-0.029235444962978363,0.37994569540023804,0.6726467609405518,-0.026565883308649063,0.2596781849861145,0.8425198793411255,-0.040208324790000916,0.3122873306274414,0.7801212668418884,-0.03831269592046738,0.3433154225349426,0.746380090713501,-0.029118534177541733,0.36713269352912903,0.7200296521186829,-0.02181348390877247
175,0.8227906227111816,0.8513856530189514,1.2742722788061656e-07,0.8185110688209534,0.7528444528579712,0.002050900598987937,0.7771832942962646,0.6598518490791321,-0.00101474579423666,0.7420893907546997,0.5880451202392578,-0.004679987207055092,0.7399576902389526,0.5302906632423401,-0.009920996613800526,0.7231902480125427,0.6548860669136047,-0.015286063775420189,0.6419900059700012,0.6253491640090942,-0.026432935148477554,0.595876932144165,0.6116868257522583,-0.03419545665383339,0.5616883039474487,0.6046477556228638,-0.03923502936959267,0.7025155425071716,0.7031108140945435,-0.023084521293640137,0.6173374056816101,0.6655905246734619,-0.03230756148695946,0.5693100690841675,0.645862340927124,-0.038529008626937866,0.5339291095733643,0.6313403844833374,-0.04359593987464905,0.6838783025741577,0.7555739879608154,-0.02963230572640896,0.6085857152938843,0.7122443318367004,-0.036078982055187225,0.5667533874511719,0.6894922256469727,-0.037723299115896225,0.5363808870315552,0.672147810459137,-0.0399005301296711,0.6680780053138733,0.8104828000068665,-0.03566911444067955,0.6113240718841553,0.767120897769928,-0.04020944982767105,0.5792278051376343,0.7444054484367371,-0.038638658821582794,0.5521316528320312,0.7237274050712585,-0.03713396191596985,0.13659633696079254,0.9015451669692993,3.793597329604381e-07,0.11686219274997711,0.8057094812393188,-0.004480698145925999,0.12875427305698395,0.7019774913787842,-0.013262459076941013,0.14462707936763763,0.6198527812957764,-0.02175069786608219,0.13967911899089813,0.5589123368263245,-0.0302275437861681,0.20082499086856842,0.6785191297531128,-0.013927166350185871,0.2816382050514221,0.6361317038536072,-0.02131660282611847,0.32488054037094116,0.6234326958656311,-0.025347566232085228,0.3561360239982605,0.6149234175682068,-0.026765113696455956,0.2305566668510437,0.7220940589904785,-0.017912549898028374,0.3127436935901642,0.6740452647209167,-0.016233913600444794,0.35249513387680054,0.6546615958213806,-0.013429653830826283,0.3816826045513153,0.6370481252670288,-0.013370923697948456,0.2544722557067871,0.7724016308784485,-0.021978246048092842,0.3240360915660858,0.7192948460578918,-0.018850941210985184,0.36117494106292725,0.6948058605194092,-0.013520400039851665,0.38657110929489136,0.6760047674179077,-0.01206351350992918,0.2731361389160156,0.8209093809127808,-0.026674754917621613,0.3255038261413574,0.7689318656921387,-0.020991992205381393,0.3545151650905609,0.7436937689781189,-0.011703559197485447,0.377766489982605,0.721990704536438,-0.005651623010635376
176,0.8306615948677063,0.8513907790184021,2.082427243976781e-07,0.8307102918624878,0.7492514848709106,0.004187548998743296,0.7946334481239319,0.6546084880828857,0.0009929926600307226,0.7671316862106323,0.5788277983665466,-0.002604331588372588,0.7657688856124878,0.5212789177894592,-0.00787896104156971,0.7418071627616882,0.6435641050338745,-0.01878831908106804,0.6563661098480225,0.6029594540596008,-0.028130868449807167,0.6087586879730225,0.5844671726226807,-0.0324094332754612,0.5728486180305481,0.5727598071098328,-0.034878820180892944,0.7183582782745361,0.694811999797821,-0.027506627142429352,0.6284366250038147,0.643742024898529,-0.03629691153764725,0.578283429145813,0.6159195899963379,-0.03948254510760307,0.5427700281143188,0.5952578186988831,-0.04170531406998634,0.697756826877594,0.7502450942993164,-0.03442215919494629,0.6177327632904053,0.6918374300003052,-0.039945658296346664,0.5730321407318115,0.6586863994598389,-0.040522318333387375,0.5416791439056396,0.6336538791656494,-0.04147190973162651,0.6817255616188049,0.806937575340271,-0.0404360257089138,0.622788667678833,0.750236451625824,-0.0445772260427475,0.5926439762115479,0.7206072807312012,-0.0419963113963604,0.5695241689682007,0.6944609880447388,-0.039347488433122635,0.1338789165019989,0.8618118762969971,4.908529263047967e-07,0.1083875373005867,0.7716152667999268,-0.004238157067447901,0.10889362543821335,0.6737387180328369,-0.013425217010080814,0.11320921778678894,0.5972710251808167,-0.02244454436004162,0.1022973284125328,0.5425921678543091,-0.031676940619945526,0.17326045036315918,0.6414316892623901,-0.019348720088601112,0.24027782678604126,0.5716003775596619,-0.029589945450425148,0.2785336971282959,0.5411282181739807,-0.03378361091017723,0.3056868016719818,0.5217881202697754,-0.03424457088112831,0.20795442163944244,0.677642285823822,-0.02413313463330269,0.27381816506385803,0.5974605083465576,-0.02803613245487213,0.3094545006752014,0.556957483291626,-0.0274074487388134,0.33438920974731445,0.5277193784713745,-0.026807188987731934,0.23699556291103363,0.7199159860610962,-0.028540438041090965,0.29346156120300293,0.6421457529067993,-0.029320010915398598,0.3231540322303772,0.6032388210296631,-0.02466309443116188,0.3426315188407898,0.5762467980384827,-0.021901676431298256,0.26176145672798157,0.7617400288581848,-0.03334100544452667,0.3014368712902069,0.6889978647232056,-0.031274277716875076,0.3212832808494568,0.652694821357727,-0.02257494255900383,0.33514562249183655,0.6243569850921631,-0.015316409058868885
177,0.8192625641822815,0.867396354675293,1.450003139780165e-07,0.8068369626998901,0.7632282972335815,0.0055025131441652775,0.770972490310669,0.6760833263397217,0.0018027180340141058,0.7389542460441589,0.5999599695205688,-0.003125387243926525,0.7302217483520508,0.5379044413566589,-0.010076074860990047,0.7139177918434143,0.6762648820877075,-0.008758346550166607,0.629167377948761,0.6489081978797913,-0.017428230494260788,0.5845147371292114,0.6416425704956055,-0.02438662387430668,0.5485717058181763,0.6356347799301147,-0.029364589601755142,0.695929765701294,0.7262953519821167,-0.01839887723326683,0.6053001880645752,0.6890451908111572,-0.02680373005568981,0.5527759194374084,0.6692255139350891,-0.0342693030834198,0.5128558874130249,0.6549246311187744,-0.040983088314533234,0.6814932823181152,0.7815647125244141,-0.026672549545764923,0.5994296073913574,0.7358964085578918,-0.03353497385978699,0.5526335835456848,0.7128391861915588,-0.03680921345949173,0.5168758630752563,0.6963046789169312,-0.040107663720846176,0.6713036894798279,0.8358612060546875,-0.03381067514419556,0.6070957183837891,0.7866140604019165,-0.03896196186542511,0.5755554437637329,0.7636944651603699,-0.037380799651145935,0.54852294921875,0.7445694208145142,-0.03583512455224991,0.12261375039815903,0.8883942365646362,4.121968686376931e-07,0.10779472440481186,0.7918056845664978,-0.003604139434173703,0.11577802151441574,0.6828510165214539,-0.01197720319032669,0.12061747908592224,0.6034855246543884,-0.020946871489286423,0.11222126334905624,0.5463741421699524,-0.030263837426900864,0.17455266416072845,0.6575879454612732,-0.017210152000188828,0.2480839639902115,0.6059578061103821,-0.03204282000660896,0.29610371589660645,0.582450270652771,-0.042010869830846786,0.3300221264362335,0.5709764957427979,-0.04634059593081474,0.2028985470533371,0.6985591053962708,-0.02414848655462265,0.27767348289489746,0.6426709294319153,-0.02930375561118126,0.32237789034843445,0.6162803173065186,-0.030959464609622955,0.35526105761528015,0.5973336696624756,-0.03277682512998581,0.22964218258857727,0.7476535439491272,-0.03108462132513523,0.2964584529399872,0.6884376406669617,-0.032554175704717636,0.3361190855503082,0.6577234864234924,-0.027057457715272903,0.36415398120880127,0.6366869211196899,-0.02436189539730549,0.25289565324783325,0.7976523041725159,-0.03867402300238609,0.3023902177810669,0.7406498193740845,-0.03588390350341797,0.33289265632629395,0.7086552381515503,-0.025611888617277145,0.35666102170944214,0.6848781108856201,-0.01788969710469246
178,0.8289302587509155,0.841088056564331,2.1381730164193868e-07,0.8321003317832947,0.7391481399536133,0.005474681966006756,0.7973999977111816,0.6449731588363647,0.004582032095640898,0.7705471515655518,0.5671390295028687,0.0031165056861937046,0.7714380025863647,0.5109963417053223,0.000554639904294163,0.7367223501205444,0.6339969635009766,-0.009616523049771786,0.6547438502311707,0.5916098356246948,-0.014982067048549652,0.60907381772995,0.5769580006599426,-0.01791687123477459,0.5748299360275269,0.5708789825439453,-0.019642949104309082,0.7110227942466736,0.678659975528717,-0.01727689430117607,0.6246466636657715,0.6226279139518738,-0.021670660004019737,0.5765586495399475,0.5980971455574036,-0.02406856045126915,0.5421555042266846,0.5837118625640869,-0.02569703385233879,0.6888553500175476,0.7288683652877808,-0.023192305117845535,0.6129143834114075,0.6668576002120972,-0.024320753291249275,0.5708878040313721,0.6375756859779358,-0.024661321192979813,0.540196418762207,0.6194103956222534,-0.025705669075250626,0.6731569766998291,0.7808752059936523,-0.028343355283141136,0.6161765456199646,0.7197769284248352,-0.027755236253142357,0.5856956839561462,0.6896913647651672,-0.02345368266105652,0.5609393119812012,0.6654857397079468,-0.019824646413326263,0.11485263705253601,0.9158929586410522,5.144356691744179e-07,0.10930048674345016,0.8151722550392151,-0.0037342249415814877,0.12411051243543625,0.7059416770935059,-0.012913042679429054,0.13219551742076874,0.6220130920410156,-0.022098800167441368,0.12748074531555176,0.561180591583252,-0.03136720508337021,0.1905316561460495,0.6887527108192444,-0.019673999398946762,0.2776487469673157,0.6460201144218445,-0.03223254904150963,0.32868692278862,0.6269596219062805,-0.03958948701620102,0.36566826701164246,0.6163702011108398,-0.042677123099565506,0.2199542075395584,0.7329221963882446,-0.026296766474843025,0.309012234210968,0.6822375059127808,-0.029732396826148033,0.3596421182155609,0.6587234139442444,-0.029204029589891434,0.39530378580093384,0.6400059461593628,-0.029817238450050354,0.24671265482902527,0.7846018075942993,-0.03271351754665375,0.32425248622894287,0.7296313047409058,-0.03315788507461548,0.37094759941101074,0.7015633583068848,-0.028265949338674545,0.4022865295410156,0.6810705661773682,-0.026272421702742577,0.267778217792511,0.8367792963981628,-0.039532266557216644,0.3260517418384552,0.7822562456130981,-0.036291662603616714,0.36241504549980164,0.7552053332328796,-0.027187462896108627,0.3905898332595825,0.7337443232536316,-0.020497377961874008
179,0.8255772590637207,0.8754662275314331,1.1066553184946315e-07,0.8195880651473999,0.7711482048034668,0.0022045024670660496,0.7822563052177429,0.6712141036987305,-0.0037594777531921864,0.7544474601745605,0.5951354503631592,-0.010209934785962105,0.7575433254241943,0.5352518558502197,-0.019006608054041862,0.7392966151237488,0.6670990586280823,-0.025292418897151947,0.6523568034172058,0.627581000328064,-0.04105239734053612,0.6019967794418335,0.6118227243423462,-0.05040046200156212,0.5625986456871033,0.602785587310791,-0.05615904554724693,0.7163829803466797,0.7185046672821045,-0.03498025983572006,0.621208906173706,0.673218309879303,-0.04843158274888992,0.5678278803825378,0.6506950855255127,-0.055389583110809326,0.5284024477005005,0.6336607933044434,-0.0607893168926239,0.6951053142547607,0.7733029127120972,-0.04303170368075371,0.608116626739502,0.7218418717384338,-0.05286768451333046,0.56069016456604,0.6967840194702148,-0.055223554372787476,0.5250130891799927,0.6779159903526306,-0.05751923471689224,0.6772398352622986,0.8266851902008057,-0.05030011385679245,0.6141515970230103,0.7747921943664551,-0.05745675414800644,0.5813674330711365,0.7498683929443359,-0.05627194792032242,0.5534517765045166,0.728757381439209,-0.05482783168554306,0.1259615421295166,0.889825701713562,4.924228846903134e-07,0.10304297506809235,0.7910768985748291,-0.00038526931894011796,0.10188564658164978,0.690140426158905,-0.008454172872006893,0.10056332498788834,0.6112253665924072,-0.01683701016008854,0.08648498356342316,0.5557371377944946,-0.025917693972587585,0.17006170749664307,0.6634740829467773,-0.017575010657310486,0.24213114380836487,0.5929582715034485,-0.026592738926410675,0.28183838725090027,0.5595802068710327,-0.029217123985290527,0.31027066707611084,0.5362917184829712,-0.029041409492492676,0.20755715668201447,0.6981777548789978,-0.024553164839744568,0.27952778339385986,0.6146904230117798,-0.02903822623193264,0.31814610958099365,0.5690248012542725,-0.028545677661895752,0.3450157344341278,0.5352002382278442,-0.028161967173218727,0.23780325055122375,0.7385218739509583,-0.03088510036468506,0.3017016053199768,0.6541638970375061,-0.0326818972826004,0.3349190950393677,0.6091685891151428,-0.031135544180870056,0.35699033737182617,0.5750842094421387,-0.030619340017437935,0.26207980513572693,0.779133141040802,-0.03694985806941986,0.308756947517395,0.7020998001098633,-0.03661765158176422,0.3340853452682495,0.6608257293701172,-0.03138510137796402,0.35318106412887573,0.6266360282897949,-0.0269439909607172
180,0.8209447860717773,0.831812858581543,-1.0734674482648643e-08,0.8162950873374939,0.7351980209350586,0.006436883471906185,0.7788417339324951,0.6456249356269836,0.004561327863484621,0.7512796521186829,0.5725927948951721,0.0019826304633170366,0.7521122694015503,0.5178169012069702,-0.002215317916125059,0.72370845079422,0.6335455179214478,-0.016524139791727066,0.635561466217041,0.6035559773445129,-0.025410929694771767,0.5918857455253601,0.5932837724685669,-0.0293575469404459,0.5609485507011414,0.5873796343803406,-0.031409069895744324,0.7048175930976868,0.6811749339103699,-0.026057356968522072,0.6122353672981262,0.6406177878379822,-0.03429520130157471,0.5668741464614868,0.6218589544296265,-0.03601011261343956,0.536708652973175,0.607697606086731,-0.037212125957012177,0.6860301494598389,0.7352610230445862,-0.03355112671852112,0.6049885153770447,0.6882924437522888,-0.038453277200460434,0.5648179054260254,0.6649147272109985,-0.03575560450553894,0.538236677646637,0.6469460725784302,-0.034276172518730164,0.6699573397636414,0.7928395867347717,-0.04008462280035019,0.6079816818237305,0.7457600235939026,-0.04176952317357063,0.5783408880233765,0.7223503589630127,-0.03551861271262169,0.5565738677978516,0.7024545073509216,-0.030529584735631943,0.12316974252462387,0.9150341749191284,4.511555289354874e-07,0.12401100993156433,0.8104297518730164,-0.0014802311779931188,0.14562320709228516,0.7005643248558044,-0.008084720000624657,0.1627369076013565,0.6185900568962097,-0.015398225747048855,0.16110989451408386,0.5591495633125305,-0.023076431825757027,0.2052827775478363,0.6868168115615845,-0.018064314499497414,0.2905005216598511,0.6458789110183716,-0.0318012610077858,0.3399381935596466,0.6268863081932068,-0.041026145219802856,0.37656715512275696,0.614331841468811,-0.04631301388144493,0.23117326200008392,0.7330008149147034,-0.027378655970096588,0.3236616849899292,0.6844577193260193,-0.03308875113725662,0.37531059980392456,0.6609427332878113,-0.03543509170413017,0.4115632176399231,0.6417889595031738,-0.038714200258255005,0.2543871998786926,0.7864405512809753,-0.03645574301481247,0.33611875772476196,0.7332873344421387,-0.039616238325834274,0.3838174045085907,0.7048722505569458,-0.03788779303431511,0.41717010736465454,0.6828532218933105,-0.03862230107188225,0.2735743820667267,0.8395764827728271,-0.0458589531481266,0.3344576954841614,0.7907479405403137,-0.04576902091503143,0.37054988741874695,0.7637847661972046,-0.039575088769197464,0.3994291424751282,0.740894615650177,-0.035535115748643875
181,0.8345544338226318,0.8502713441848755,1.1281284173492168e-07,0.8276112675666809,0.7515621185302734,0.005725636146962643,0.7847863435745239,0.6529331803321838,0.004585701506584883,0.7558783292770386,0.5773757696151733,0.002482416108250618,0.7544061541557312,0.5197826027870178,-0.001996859209612012,0.739439845085144,0.6408039331436157,-0.016674760729074478,0.6568763852119446,0.6052401661872864,-0.026873033493757248,0.6087748408317566,0.588443398475647,-0.03269382566213608,0.5723170042037964,0.5760182738304138,-0.036842308938503265,0.7174859642982483,0.6903182864189148,-0.02735980786383152,0.6306136250495911,0.6453887820243835,-0.037107475101947784,0.5810459852218628,0.6191708445549011,-0.04174360632896423,0.5453227758407593,0.5970331430435181,-0.0453670471906662,0.697064995765686,0.7474682331085205,-0.036505963653326035,0.6187319755554199,0.693515419960022,-0.04407017305493355,0.5759741067886353,0.6583985686302185,-0.04580721631646156,0.5457530617713928,0.6278125643730164,-0.04773704707622528,0.6795067191123962,0.808874785900116,-0.044631052762269974,0.6193971633911133,0.7545434832572937,-0.05083256959915161,0.5888345241546631,0.7240147590637207,-0.049268897622823715,0.5651209354400635,0.6956010460853577,-0.04769403859972954,0.12885445356369019,0.8945011496543884,4.4099681417719694e-07,0.11954794824123383,0.7961915731430054,0.0038970320019870996,0.13499929010868073,0.6893661618232727,7.688199548283592e-05,0.14668937027454376,0.6134355068206787,-0.00540439086034894,0.1408502757549286,0.5591934323310852,-0.011243355460464954,0.19503279030323029,0.6532431840896606,-0.009837877936661243,0.27498698234558105,0.6028118133544922,-0.02002396620810032,0.3219609558582306,0.5825373530387878,-0.02524133026599884,0.35310858488082886,0.5713021755218506,-0.026246650144457817,0.22294801473617554,0.694724977016449,-0.01834465190768242,0.30212050676345825,0.6365488171577454,-0.021000172942876816,0.34423109889030457,0.6112300157546997,-0.020205557346343994,0.3720945119857788,0.5939741134643555,-0.019534900784492493,0.24858342111110687,0.7443355917930603,-0.026128994300961494,0.3196153938770294,0.6840397119522095,-0.02476203441619873,0.35527586936950684,0.6548992991447449,-0.019218282774090767,0.37716323137283325,0.6365256905555725,-0.016185658052563667,0.2719409167766571,0.7949082255363464,-0.033967044204473495,0.3240751028060913,0.7332119345664978,-0.029883094131946564,0.35205143690109253,0.7023038864135742,-0.02069554477930069,0.3712957799434662,0.6801296472549438,-0.013333391398191452
182,0.8105291128158569,0.8398677706718445,-6.987224132615211e-09,0.8001271486282349,0.7463047504425049,0.002837476320564747,0.7628790140151978,0.6583592295646667,-0.003827627282589674,0.7350663542747498,0.5854589939117432,-0.011022971011698246,0.7342236638069153,0.527392566204071,-0.02046605572104454,0.7154044508934021,0.6597718000411987,-0.027159620076417923,0.6269576549530029,0.6315599679946899,-0.04110025241971016,0.5833994746208191,0.6222235560417175,-0.04719626158475876,0.5510459542274475,0.6160627603530884,-0.05050160735845566,0.6981347799301147,0.7069944143295288,-0.03747549653053284,0.602306067943573,0.6690137386322021,-0.0509469136595726,0.5525529384613037,0.6534948945045471,-0.05494925007224083,0.5181189179420471,0.641909658908844,-0.057693470269441605,0.6826162338256836,0.760608434677124,-0.04589474946260452,0.5970678329467773,0.7162822484970093,-0.055411163717508316,0.5528252720832825,0.6967729926109314,-0.05538202077150345,0.5219437479972839,0.6816352009773254,-0.05559985712170601,0.669994592666626,0.8178777694702148,-0.05335215851664543,0.6055928468704224,0.7749943733215332,-0.058228496462106705,0.5741550326347351,0.7532317638397217,-0.054269347339868546,0.5497466325759888,0.734668493270874,-0.051194336265325546,0.12226944416761398,0.9193181991577148,4.1192618027707795e-07,0.12151621282100677,0.8130285143852234,0.00489695044234395,0.15106356143951416,0.7018208503723145,0.004133671056479216,0.1709609180688858,0.6251893043518066,0.0018856144743040204,0.16995586454868317,0.5689406394958496,-3.23828098771628e-05,0.19356687366962433,0.6829797625541687,-0.006083808373659849,0.278791218996048,0.638862133026123,-0.018652059137821198,0.3350614011287689,0.6193466186523438,-0.026954537257552147,0.3742329478263855,0.610645055770874,-0.02976648509502411,0.2187807708978653,0.726227879524231,-0.014582252129912376,0.30467450618743896,0.6738001108169556,-0.0170317180454731,0.3547571301460266,0.6496171355247498,-0.017074139788746834,0.39117369055747986,0.6308181881904602,-0.017701633274555206,0.24302901327610016,0.7752863168716431,-0.022765303030610085,0.3176809549331665,0.7208291292190552,-0.021232953295111656,0.3618694543838501,0.6924062967300415,-0.01533492561429739,0.3935551643371582,0.6720412373542786,-0.012753037735819817,0.26416075229644775,0.8233800530433655,-0.031218862161040306,0.3204858899116516,0.7713645696640015,-0.026171235367655754,0.3540399372577667,0.7434237599372864,-0.016772940754890442,0.380418062210083,0.722091019153595,-0.010159499011933804
183,0.8250706791877747,0.8446913957595825,1.8147052571748645e-07,0.8267303705215454,0.7433156371116638,0.004224963486194611,0.7904540300369263,0.6520564556121826,0.002894654870033264,0.7614771127700806,0.5766506195068359,0.0010698172263801098,0.759455680847168,0.5190494060516357,-0.002481080824509263,0.7342666387557983,0.6466707587242126,-0.013617444783449173,0.6525890827178955,0.6063132286071777,-0.020766332745552063,0.6060135364532471,0.5899901390075684,-0.024532174691557884,0.5703765749931335,0.5793836712837219,-0.027045467868447304,0.7113078832626343,0.694061815738678,-0.02159801684319973,0.6243807077407837,0.6448337435722351,-0.02819264493882656,0.5740907788276672,0.6189566850662231,-0.03205878287553787,0.5375109910964966,0.6005747318267822,-0.034969959408044815,0.6927431225776672,0.7465841770172119,-0.027996066957712173,0.6142076253890991,0.6920430660247803,-0.0322444774210453,0.5693628191947937,0.6623002290725708,-0.03472823277115822,0.5366484522819519,0.6401094794273376,-0.03707731515169144,0.6790069341659546,0.7996070981025696,-0.03352953866124153,0.619071364402771,0.7479463815689087,-0.037391625344753265,0.5872017741203308,0.7203096151351929,-0.03649085387587547,0.562515377998352,0.6948449611663818,-0.03514539822936058,0.13247190415859222,0.9194979667663574,4.7352634169328667e-07,0.12391550093889236,0.8147738575935364,0.002985625993460417,0.14455625414848328,0.7016786932945251,0.00039404185372404754,0.1559813767671585,0.6225088834762573,-0.0034932857379317284,0.14726650714874268,0.5664924383163452,-0.007548373658210039,0.20948944985866547,0.6800999641418457,-0.005623861216008663,0.29288679361343384,0.6376804113388062,-0.015419946983456612,0.34607362747192383,0.620968759059906,-0.02259855531156063,0.3833268880844116,0.6135321259498596,-0.025341495871543884,0.23689381778240204,0.7231717705726624,-0.012992133386433125,0.32020682096481323,0.6720109581947327,-0.013104995712637901,0.36759287118911743,0.650044858455658,-0.012871689163148403,0.4001200795173645,0.6350163221359253,-0.013770908117294312,0.2614690065383911,0.7739697098731995,-0.02001296356320381,0.33467817306518555,0.7156071662902832,-0.017586028203368187,0.37563905119895935,0.6883590817451477,-0.012512682937085629,0.4022640585899353,0.670382022857666,-0.010472475551068783,0.28270602226257324,0.8240764141082764,-0.02720087394118309,0.33959972858428955,0.7649545073509216,-0.02288948930799961,0.3734193444252014,0.7363613247871399,-0.014148479327559471,0.3979758024215698,0.7148998975753784,-0.007635032758116722
184,0.815808892250061,0.8676345944404602,1.5810284992312518e-07,0.8036062717437744,0.7646589279174805,0.0033556364942342043,0.7670737504959106,0.6791596412658691,-0.0027339563239365816,0.7333900928497314,0.6054818034172058,-0.009466954506933689,0.7234233617782593,0.5442707538604736,-0.0182680394500494,0.7158792614936829,0.684131383895874,-0.0177275650203228,0.6283844709396362,0.6567524075508118,-0.02843250334262848,0.5817767977714539,0.6491438746452332,-0.03528723120689392,0.5443275570869446,0.6441110372543335,-0.039938244968652725,0.6970484852790833,0.7369961738586426,-0.026947489008307457,0.6037598252296448,0.6997950077056885,-0.03699004277586937,0.549231231212616,0.6818472743034363,-0.04379310458898544,0.508346676826477,0.6699890494346619,-0.0499124713242054,0.6817693710327148,0.793560266494751,-0.03457558900117874,0.5982882976531982,0.7481115460395813,-0.041501156985759735,0.5490016341209412,0.7256017923355103,-0.04430980980396271,0.51181560754776,0.7088377475738525,-0.04760010540485382,0.6703486442565918,0.8475425243377686,-0.04123906046152115,0.6043724417686462,0.8035383820533752,-0.04683896526694298,0.5699018836021423,0.7813533544540405,-0.046154651790857315,0.5405586361885071,0.7612943649291992,-0.04538803547620773,0.15536938607692719,0.895900547504425,2.610885303511168e-07,0.13202033936977386,0.7999471426010132,-0.0003400886198505759,0.13575974106788635,0.6953285932540894,-0.008424777537584305,0.13691483438014984,0.615949273109436,-0.017423609271645546,0.12541179358959198,0.5569053292274475,-0.02721290849149227,0.19932663440704346,0.6596659421920776,-0.01490479614585638,0.26411372423171997,0.5849636197090149,-0.021351248025894165,0.297405481338501,0.5543615818023682,-0.020473474636673927,0.3217807412147522,0.5334556102752686,-0.01750137284398079,0.2308863401412964,0.6970951557159424,-0.02221330814063549,0.30150142312049866,0.611288845539093,-0.023489799350500107,0.33304035663604736,0.5702089071273804,-0.016710354015231133,0.35371196269989014,0.5396154522895813,-0.010849783197045326,0.2580881714820862,0.739732027053833,-0.029511911794543266,0.3217671811580658,0.6546949148178101,-0.028987539932131767,0.3478032648563385,0.61148601770401,-0.02076302096247673,0.36283648014068604,0.580010175704956,-0.014120705425739288,0.279235303401947,0.7825928926467896,-0.03697832673788071,0.3249259889125824,0.7035437226295471,-0.032257724553346634,0.3446493446826935,0.6655113697052002,-0.021004753187298775,0.35574960708618164,0.6380911469459534,-0.011585289612412453
185,0.8311809301376343,0.8339571356773376,2.000751635478082e-07,0.8290925025939941,0.7336416244506836,0.005181463900953531,0.7901483178138733,0.644244372844696,0.0032823930960148573,0.7587130665779114,0.5702626705169678,0.0010863513452932239,0.7578211426734924,0.5131916999816895,-0.0028783653397113085,0.7367092967033386,0.6346478462219238,-0.015055573545396328,0.6551835536956787,0.5990570783615112,-0.022237874567508698,0.6085785627365112,0.5852780938148499,-0.02594291791319847,0.5725104808807373,0.5790493488311768,-0.02822488360106945,0.713369607925415,0.6829534769058228,-0.02319927327334881,0.623622715473175,0.6352571249008179,-0.03022960014641285,0.5739078521728516,0.613368809223175,-0.03339121863245964,0.5378907322883606,0.600339949131012,-0.03529821336269379,0.6923378109931946,0.7362683415412903,-0.029158027842640877,0.6129577159881592,0.6817944645881653,-0.03332631289958954,0.5685725212097168,0.6550078988075256,-0.03425167500972748,0.5363711714744568,0.6383000612258911,-0.035124242305755615,0.677140474319458,0.7911046743392944,-0.03406005725264549,0.6165280342102051,0.7349807620048523,-0.035830143839120865,0.5861218571662903,0.7073367834091187,-0.03165939822793007,0.5620638132095337,0.684644341468811,-0.027732323855161667,0.12520241737365723,0.9087116718292236,4.2155667756560433e-07,0.12347627431154251,0.8058539032936096,0.0036579386796802282,0.14485150575637817,0.7021375894546509,4.865643131779507e-05,0.16468170285224915,0.6212226748466492,-0.004532326012849808,0.1661108136177063,0.561608076095581,-0.010011359117925167,0.2047363519668579,0.6853264570236206,-0.01287612970918417,0.28868257999420166,0.6344372630119324,-0.02293883077800274,0.3350009620189667,0.6113967299461365,-0.02904040552675724,0.3687058091163635,0.5974205732345581,-0.031986698508262634,0.2330271601676941,0.7297031283378601,-0.022166917100548744,0.32312244176864624,0.6712703704833984,-0.024234086275100708,0.3719342350959778,0.642116904258728,-0.025130148977041245,0.40644699335098267,0.6204544901847839,-0.027620460838079453,0.2569190263748169,0.779412567615509,-0.03053983859717846,0.33772680163383484,0.7170823812484741,-0.03143930807709694,0.38288414478302,0.6836698651313782,-0.030065268278121948,0.41355443000793457,0.657765805721283,-0.0311638992279768,0.27531948685646057,0.828618049621582,-0.03841521963477135,0.33619192242622375,0.7755595445632935,-0.03732386976480484,0.37141185998916626,0.7450414896011353,-0.031459491699934006,0.3992806077003479,0.7191908359527588,-0.027639633044600487
186,0.8335695862770081,0.8698363900184631,8.52529495887211e-08,0.8271369338035583,0.7716845273971558,0.0001287375926040113,0.7808027863502502,0.6730849742889404,-0.004507307894527912,0.7458061575889587,0.5971775054931641,-0.009243715554475784,0.7466368079185486,0.5367286205291748,-0.0161527618765831,0.7362357974052429,0.6710385680198669,-0.024617988616228104,0.6494652628898621,0.6381065249443054,-0.04057991877198219,0.598391592502594,0.6253697276115417,-0.05001472681760788,0.5596787929534912,0.6200432181358337,-0.05585666000843048,0.7159804701805115,0.7208890318870544,-0.03290269151329994,0.6213635206222534,0.6824731826782227,-0.04731646180152893,0.5662336945533752,0.6659936904907227,-0.05471231788396835,0.5258647799491882,0.6562935709953308,-0.060079220682382584,0.6966479420661926,0.7760743498802185,-0.03999459743499756,0.6094213724136353,0.7318884134292603,-0.051753394305706024,0.5600261092185974,0.7123481035232544,-0.05593915283679962,0.5234189033508301,0.7002032995223999,-0.05892641097307205,0.6800633668899536,0.8334053754806519,-0.046354740858078,0.6149572730064392,0.7866696715354919,-0.05526208132505417,0.5800264477729797,0.7664936184883118,-0.05622084066271782,0.5507714748382568,0.7506030797958374,-0.056159406900405884,0.12247789651155472,0.8921805024147034,4.265787652002473e-07,0.11070502549409866,0.7911658883094788,0.0030676107853651047,0.12506356835365295,0.6915040016174316,-0.0009459436987526715,0.13759949803352356,0.6139792799949646,-0.00559962447732687,0.13384383916854858,0.5571615695953369,-0.010832475498318672,0.18457327783107758,0.6613772511482239,-0.012310094200074673,0.26002785563468933,0.6015217304229736,-0.020992329344153404,0.30271226167678833,0.5733861923217773,-0.02409122698009014,0.3336033821105957,0.5546578764915466,-0.02407068945467472,0.2182498723268509,0.7018800377845764,-0.019710954278707504,0.2961824834346771,0.6311432123184204,-0.022242281585931778,0.3386920392513275,0.5947787165641785,-0.020758692175149918,0.36857736110687256,0.567645251750946,-0.019845526665449142,0.2460237592458725,0.7485196590423584,-0.026353472843766212,0.3157893717288971,0.6750580072402954,-0.025984814390540123,0.35190361738204956,0.6364226937294006,-0.02306447923183441,0.3757653832435608,0.6073352694511414,-0.021960318088531494,0.26833248138427734,0.7944136261940002,-0.032698530703783035,0.31884580850601196,0.7263003587722778,-0.030792875215411186,0.345821350812912,0.6901854872703552,-0.024951545521616936,0.3657117187976837,0.6612416505813599,-0.02012302726507187
187,0.8280448317527771,0.8495571613311768,1.1771167862661969e-07,0.8226631879806519,0.7511234879493713,0.005155176855623722,0.7790747880935669,0.6592168807983398,0.0036384924314916134,0.7444931268692017,0.586909294128418,0.0015650087734684348,0.7422045469284058,0.5302575826644897,-0.0023667169734835625,0.7301697134971619,0.6492664813995361,-0.015521032735705376,0.6483727693557739,0.6176314353942871,-0.025808529928326607,0.5994832515716553,0.6042423844337463,-0.03256101533770561,0.562272846698761,0.5989102125167847,-0.03697778284549713,0.7084438800811768,0.6977248191833496,-0.02394406870007515,0.6222529411315918,0.6582918763160706,-0.03252797946333885,0.5731817483901978,0.6389679908752441,-0.03732723742723465,0.5368289947509766,0.6257291436195374,-0.04135194420814514,0.6882283687591553,0.7515555024147034,-0.03058016300201416,0.6118370890617371,0.7067568302154541,-0.03621884807944298,0.5691754221916199,0.6825814843177795,-0.0368734635412693,0.5381813049316406,0.6650598049163818,-0.038587868213653564,0.6713418960571289,0.8084605932235718,-0.03630286455154419,0.6152423024177551,0.7647090554237366,-0.040378984063863754,0.584053635597229,0.7415668964385986,-0.03824382275342941,0.5577394366264343,0.7197670340538025,-0.03647090494632721,0.12221569567918777,0.9093480706214905,4.685989551944658e-07,0.11719849705696106,0.8057390451431274,0.0033934731036424637,0.13530391454696655,0.7040117979049683,-0.001164556248113513,0.1523900330066681,0.626018762588501,-0.0064219944179058075,0.15315815806388855,0.5684220194816589,-0.012170730158686638,0.20102936029434204,0.688681960105896,-0.015978753566741943,0.28602778911590576,0.6394007205963135,-0.02687784470617771,0.33352720737457275,0.6183905005455017,-0.03248639404773712,0.3699318766593933,0.6056052446365356,-0.03435999155044556,0.22912324965000153,0.7333128452301025,-0.024890517815947533,0.31870409846305847,0.6728284955024719,-0.028946131467819214,0.3682629466056824,0.6429283022880554,-0.02886863984167576,0.4050038456916809,0.6212865710258484,-0.02947990782558918,0.2534011900424957,0.7829203605651855,-0.03274807706475258,0.3326463997364044,0.7212689518928528,-0.033829912543296814,0.377785325050354,0.6870146989822388,-0.03135112673044205,0.4097571074962616,0.6615134477615356,-0.030859962105751038,0.27244725823402405,0.8325357437133789,-0.040205132216215134,0.3327411711215973,0.7757921814918518,-0.03898708522319794,0.36728042364120483,0.7441601157188416,-0.03262913227081299,0.394754558801651,0.7188326716423035,-0.027772242203354836
188,0.8280184268951416,0.8505306243896484,1.0605162259480494e-07,0.8240654468536377,0.7504078149795532,0.005355536937713623,0.7815223336219788,0.657363772392273,0.004115641117095947,0.7470598220825195,0.5862117409706116,0.0020770817063748837,0.744763195514679,0.5300745964050293,-0.0018700410146266222,0.7306210398674011,0.6525823473930359,-0.014740047045052052,0.6456730961799622,0.6185145378112793,-0.0256271380931139,0.5967488884925842,0.6061975359916687,-0.03242068365216255,0.5612528324127197,0.6035205125808716,-0.036295823752880096,0.7096173763275146,0.7003085613250732,-0.023334791883826256,0.6219534277915955,0.6579542756080627,-0.03245750069618225,0.5724897384643555,0.6412470936775208,-0.037343673408031464,0.5375778675079346,0.6334035396575928,-0.040890440344810486,0.6899363994598389,0.7541918754577637,-0.030259422957897186,0.6121792793273926,0.7063599228858948,-0.036436423659324646,0.5696980953216553,0.6846169829368591,-0.03691290318965912,0.5398995876312256,0.6715981960296631,-0.037824176251888275,0.6733056306838989,0.8117055296897888,-0.036098141223192215,0.6144923567771912,0.7632312178611755,-0.03963596746325493,0.5849234461784363,0.7402740120887756,-0.0361497700214386,0.561572790145874,0.7212821245193481,-0.03313841298222542,0.12136724591255188,0.9091107845306396,4.6013016685719776e-07,0.11647506058216095,0.807587742805481,0.004289815668016672,0.13609758019447327,0.7042719125747681,0.00013270950876176357,0.15202301740646362,0.6275335550308228,-0.004751432687044144,0.14994820952415466,0.5710744857788086,-0.010290625505149364,0.20064464211463928,0.6880953907966614,-0.015922527760267258,0.2844446897506714,0.6388992667198181,-0.024921782314777374,0.3315974175930023,0.6189674735069275,-0.028636200353503227,0.366487979888916,0.6061365008354187,-0.02929304912686348,0.22824826836585999,0.7316820621490479,-0.02502211183309555,0.31703612208366394,0.6727489233016968,-0.02712658792734146,0.3671115040779114,0.6436526775360107,-0.026264384388923645,0.40286892652511597,0.6214787364006042,-0.026533564552664757,0.25133293867111206,0.7822034955024719,-0.0328805111348629,0.33099833130836487,0.7199546098709106,-0.032331373542547226,0.3762744665145874,0.6852849125862122,-0.03114483132958412,0.40790504217147827,0.6581421494483948,-0.03190212324261665,0.26982298493385315,0.833243727684021,-0.040157683193683624,0.33021748065948486,0.7746909260749817,-0.03844096511602402,0.36529821157455444,0.744066059589386,-0.03357395529747009,0.3919091820716858,0.7190791368484497,-0.029949631541967392
189,0.8294715881347656,0.8570806980133057,1.2725010378744628e-07,0.8299621343612671,0.7575358748435974,0.004652357194572687,0.7858381867408752,0.6593936085700989,0.004106667824089527,0.7528578042984009,0.5837375521659851,0.0034542109351605177,0.7531485557556152,0.5272275805473328,0.0011812032898887992,0.7378933429718018,0.6504777073860168,-0.017855290323495865,0.6512219905853271,0.6117847561836243,-0.027653127908706665,0.6012614369392395,0.596471905708313,-0.03265857324004173,0.5651764273643494,0.5902676582336426,-0.035734064877033234,0.7145964503288269,0.7006540894508362,-0.025531969964504242,0.6257765293121338,0.6523739099502563,-0.03424598649144173,0.577022135257721,0.6288835406303406,-0.037675634026527405,0.5434001684188843,0.6146084666252136,-0.040282923728227615,0.692787230014801,0.7562676668167114,-0.0314607173204422,0.6148667335510254,0.7047244906425476,-0.03711436316370964,0.5714656710624695,0.6759713292121887,-0.037636157125234604,0.5412737727165222,0.6561443209648132,-0.03892293944954872,0.6746039390563965,0.8148651123046875,-0.036375969648361206,0.6173883080482483,0.7654632925987244,-0.04062451422214508,0.5854184627532959,0.740213930606842,-0.03879419341683388,0.5594358444213867,0.7181583046913147,-0.03720269724726677,0.1227862536907196,0.8894091844558716,4.48676615860677e-07,0.10554725676774979,0.7900786995887756,0.0034141559153795242,0.11291806399822235,0.6899298429489136,-0.0010377884609624743,0.11907051503658295,0.613097071647644,-0.006164283957332373,0.1092953160405159,0.5597834587097168,-0.011857940815389156,0.18199560046195984,0.6609547734260559,-0.010727517306804657,0.2557886242866516,0.6000256538391113,-0.017010902985930443,0.29705730080604553,0.5729038119316101,-0.018267598003149033,0.32704198360443115,0.5552577376365662,-0.01714232750236988,0.2158566117286682,0.6999741196632385,-0.01797475479543209,0.2921656370162964,0.6282865405082703,-0.018368970602750778,0.3329479396343231,0.5918152928352356,-0.015218817628920078,0.361623078584671,0.5648283362388611,-0.013151707127690315,0.24329042434692383,0.7455678582191467,-0.024445632472634315,0.3113788068294525,0.6715984344482422,-0.02245831862092018,0.34638938307762146,0.6339019536972046,-0.018459726125001907,0.36926233768463135,0.605421781539917,-0.016551630571484566,0.26467785239219666,0.7903074622154236,-0.03058628737926483,0.3146853446960449,0.720746636390686,-0.027352038770914078,0.34134265780448914,0.6848139762878418,-0.02043125219643116,0.36083734035491943,0.656205415725708,-0.014836220070719719
190,0.8166385889053345,0.8759005069732666,1.5663030694668123e-07,0.802394449710846,0.7743439674377441,0.004631198942661285,0.7640061378479004,0.6868564486503601,0.0005672726547345519,0.7313656806945801,0.6125074028968811,-0.004892065189778805,0.723967432975769,0.5530825257301331,-0.012027339078485966,0.7086160182952881,0.6942629218101501,-0.01018658746033907,0.6221312880516052,0.6651385426521301,-0.020245855674147606,0.5757906436920166,0.6559814810752869,-0.027509693056344986,0.5389838218688965,0.6500542163848877,-0.03224905580282211,0.6899524927139282,0.7467120289802551,-0.01970745250582695,0.5985376238822937,0.7083922028541565,-0.02814040519297123,0.5461484789848328,0.6887068152427673,-0.03457760065793991,0.5069882273674011,0.6756103038787842,-0.040277719497680664,0.6746835708618164,0.8019142746925354,-0.028074705973267555,0.5914780497550964,0.7583673000335693,-0.03427639231085777,0.5456413626670837,0.7371821999549866,-0.03567200526595116,0.5112800598144531,0.7231320738792419,-0.03761523589491844,0.6637364029884338,0.8545750379562378,-0.03569326177239418,0.5993406772613525,0.807580292224884,-0.040205005556344986,0.5665116310119629,0.7861912846565247,-0.037635352462530136,0.5390388369560242,0.769075870513916,-0.03522331640124321,0.12458542734384537,0.8991588354110718,3.770992691443098e-07,0.11019203811883926,0.7977126836776733,0.009424827992916107,0.11920353025197983,0.69920414686203,0.008539619855582714,0.12975290417671204,0.6208186149597168,0.006516311317682266,0.12585961818695068,0.5673960447311401,0.004063678439706564,0.1904902309179306,0.6765087842941284,-0.006792776752263308,0.2686719596385956,0.6181977391242981,-0.009827999398112297,0.31088802218437195,0.5923705697059631,-0.009211588650941849,0.34264665842056274,0.5756291151046753,-0.007218546699732542,0.22402551770210266,0.7155199646949768,-0.015384775586426258,0.30365362763404846,0.6456310153007507,-0.013098230585455894,0.347404420375824,0.6109751462936401,-0.008658102713525295,0.37890011072158813,0.5870643854141235,-0.006313107442110777,0.25129321217536926,0.7609323859214783,-0.02233397401869297,0.3213362693786621,0.6884309649467468,-0.018250012770295143,0.3605799078941345,0.6502018570899963,-0.014478306286036968,0.38714712858200073,0.621128261089325,-0.013492117635905743,0.27252519130706787,0.807410717010498,-0.02820921130478382,0.3247925639152527,0.7412735223770142,-0.023895330727100372,0.35393214225769043,0.707578718662262,-0.01738026738166809,0.37579917907714844,0.6809161901473999,-0.012517875991761684
191,0.830577552318573,0.8576337099075317,2.6263697350259463e-07,0.8314639329910278,0.7501672506332397,0.0035951195750385523,0.7918251752853394,0.6596237421035767,0.0021323435939848423,0.7579144835472107,0.5833924412727356,0.0008154790266416967,0.7539541125297546,0.5231484174728394,-0.0017196843400597572,0.731087327003479,0.6593624353408813,-0.013401060365140438,0.6473379135131836,0.6184250116348267,-0.018167994916439056,0.6012697219848633,0.6015158891677856,-0.019782863557338715,0.5664840340614319,0.5913335680961609,-0.020540209487080574,0.7063060402870178,0.7079222202301025,-0.01953916624188423,0.6160049438476562,0.6561648845672607,-0.024280590936541557,0.5656670928001404,0.6296690702438354,-0.02679157443344593,0.530248761177063,0.6119085550308228,-0.028240228071808815,0.6874990463256836,0.7600496411323547,-0.02372293546795845,0.6071343421936035,0.7050840854644775,-0.025825655087828636,0.5618019700050354,0.6746112108230591,-0.02828553505241871,0.5295366048812866,0.6529477834701538,-0.030370132997632027,0.6758302450180054,0.8096619248390198,-0.026892224326729774,0.6137770414352417,0.7546557784080505,-0.026840321719646454,0.5829596519470215,0.7273805141448975,-0.02353000082075596,0.5594937801361084,0.7036493420600891,-0.020452119410037994,0.12445475906133652,0.8846469521522522,3.8459575080196373e-07,0.10515797883272171,0.7854999303817749,0.006736292503774166,0.11247812956571579,0.6854681372642517,0.006485726218670607,0.11816515773534775,0.6092388033866882,0.005711012985557318,0.1063322052359581,0.5595361590385437,0.004335443954914808,0.17792633175849915,0.6562351584434509,-0.005071029532700777,0.2517769932746887,0.5971883535385132,-0.006859173066914082,0.29118824005126953,0.5702073574066162,-0.005296117626130581,0.3199656009674072,0.5522656440734863,-0.0027900873683393,0.21376687288284302,0.6941050887107849,-0.011517238803207874,0.28995993733406067,0.6238572001457214,-0.007760905660688877,0.3298119604587555,0.5887349843978882,-0.002889203140512109,0.3571557104587555,0.5626846551895142,-0.00027409481117501855,0.24348309636116028,0.7392087578773499,-0.01685829646885395,0.30961742997169495,0.6652456521987915,-0.011571230366826057,0.34307289123535156,0.6287004351615906,-0.008128201588988304,0.3645271062850952,0.5999751091003418,-0.007349016144871712,0.26768946647644043,0.7840456962585449,-0.021390004083514214,0.3159739077091217,0.7154417634010315,-0.01623970828950405,0.34163904190063477,0.680519700050354,-0.010243427008390427,0.3602421283721924,0.6514661312103271,-0.005934633314609528
192,0.8241056799888611,0.8620743751525879,1.1555006551589031e-07,0.8011876940727234,0.7541463375091553,0.00929174106568098,0.7537848353385925,0.670254111289978,0.005636310670524836,0.7133834362030029,0.601606011390686,0.0001575217756908387,0.7019999027252197,0.5429009795188904,-0.008189999498426914,0.7130910158157349,0.6838259100914001,-0.01687570847570896,0.618304431438446,0.6648974418640137,-0.02889566496014595,0.5670076012611389,0.6607615947723389,-0.0361313633620739,0.5264202356338501,0.6591757535934448,-0.04062535613775253,0.6990048885345459,0.7408257126808167,-0.02885599620640278,0.5992223024368286,0.7124167680740356,-0.03927188739180565,0.5416421890258789,0.6980969309806824,-0.045834362506866455,0.4995056390762329,0.6891018748283386,-0.05191626027226448,0.6867645978927612,0.7999755144119263,-0.038576044142246246,0.5957059860229492,0.7640451788902283,-0.045525625348091125,0.5432183742523193,0.7463510632514954,-0.04728052392601967,0.5039648413658142,0.7341957092285156,-0.049869611859321594,0.6772627234458923,0.8563768267631531,-0.046786829829216,0.6053828001022339,0.8149912357330322,-0.051831964403390884,0.5687439441680908,0.7946631908416748,-0.0496721975505352,0.5379869937896729,0.7776532173156738,-0.04794147610664368,0.11718595027923584,0.8787754774093628,4.6397340724979586e-07,0.12068718671798706,0.7790597081184387,0.005198935978114605,0.14681392908096313,0.6758154034614563,0.003075118875131011,0.16242145001888275,0.6002863645553589,-0.00020946039876434952,0.15748807787895203,0.5479429960250854,-0.004168445244431496,0.19865770637989044,0.6551424860954285,-0.009543681517243385,0.281694620847702,0.616728663444519,-0.01828218623995781,0.32998716831207275,0.5993796586990356,-0.023546330630779266,0.36504846811294556,0.5895830392837524,-0.025947891175746918,0.2239243984222412,0.6998278498649597,-0.019520515576004982,0.31280624866485596,0.6521553993225098,-0.020577749237418175,0.36298060417175293,0.6294704079627991,-0.019714584574103355,0.39868485927581787,0.6117581725120544,-0.020658498629927635,0.24678011238574982,0.7527828216552734,-0.02870023623108864,0.32826536893844604,0.6996712684631348,-0.028589030727744102,0.3746822476387024,0.6734890341758728,-0.025413861498236656,0.40700018405914307,0.6528113484382629,-0.025106441229581833,0.26574796438217163,0.8067580461502075,-0.03745568171143532,0.32829034328460693,0.757472574710846,-0.03613853454589844,0.3659544289112091,0.7334481477737427,-0.02977205626666546,0.39553648233413696,0.713942289352417,-0.02539740689098835
193,0.8304051160812378,0.8254314661026001,1.0740403411091393e-07,0.8267916440963745,0.7248930335044861,0.009408516809344292,0.7739377021789551,0.6429902911186218,0.013013690710067749,0.7300872206687927,0.5806717276573181,0.015494630672037601,0.7251388430595398,0.5265390872955322,0.016560032963752747,0.720526397228241,0.632409393787384,-0.004975538235157728,0.6407639384269714,0.6041650772094727,-0.009562197141349316,0.5942558646202087,0.5932284593582153,-0.011775716207921505,0.5593200922012329,0.5910978317260742,-0.01348856184631586,0.7000246047973633,0.6795057654380798,-0.01301505509763956,0.6119585633277893,0.6455612182617188,-0.018444499000906944,0.5631746053695679,0.6308155059814453,-0.02046772465109825,0.5269340872764587,0.6233556270599365,-0.02186671830713749,0.6820287704467773,0.7324700951576233,-0.01912449672818184,0.6028376817703247,0.6942898035049438,-0.02272002398967743,0.5599671006202698,0.6749539375305176,-0.022360749542713165,0.5276427268981934,0.6633780598640442,-0.022702956572175026,0.6692529320716858,0.7898083925247192,-0.023869410157203674,0.6087236404418945,0.7495939135551453,-0.025780290365219116,0.5774776339530945,0.7300227880477905,-0.022461511194705963,0.551415741443634,0.7127389311790466,-0.01956266723573208,0.12450377643108368,0.8690361976623535,3.716158403221925e-07,0.1140151172876358,0.7725411653518677,0.006499897222965956,0.13015657663345337,0.6747691035270691,0.005967124365270138,0.1436833143234253,0.602459192276001,0.003657409455627203,0.13698995113372803,0.5549289584159851,0.001207574736326933,0.19560912251472473,0.6312383413314819,0.0018753099720925093,0.27229559421539307,0.5987333059310913,-0.002889396622776985,0.31821128726005554,0.5896412134170532,-0.006379163358360529,0.34889718890190125,0.5869304537773132,-0.007161636836826801,0.22493280470371246,0.6692421436309814,-0.0049721673130989075,0.29918038845062256,0.6314865946769714,-7.721815200056881e-05,0.33869898319244385,0.6190330982208252,0.004161649849265814,0.3662804663181305,0.610634982585907,0.005786045454442501,0.24989403784275055,0.7175322771072388,-0.011693820357322693,0.31383389234542847,0.6759786605834961,-0.0046494705602526665,0.3482334613800049,0.6573407649993896,0.002007810864597559,0.37040531635284424,0.6453968286514282,0.0043671708554029465,0.27139195799827576,0.7684181928634644,-0.0185976754873991,0.31983157992362976,0.7249745726585388,-0.010670194402337074,0.34830397367477417,0.704440712928772,-0.0013636051444336772,0.36901217699050903,0.6880379915237427,0.005110780708491802
194,0.8328903913497925,0.837466299533844,1.3545511023949075e-07,0.8273316621780396,0.7371600866317749,0.007377563044428825,0.783927321434021,0.6425124406814575,0.0077786571346223354,0.7508270144462585,0.5682908296585083,0.007121525704860687,0.747202455997467,0.5108963251113892,0.004687881097197533,0.7373558878898621,0.6339918375015259,-0.013038797304034233,0.6543007493019104,0.5974059700965881,-0.02107352204620838,0.6059152483940125,0.5806854963302612,-0.024826647713780403,0.5690881013870239,0.5702741742134094,-0.027412524446845055,0.7156861424446106,0.680976390838623,-0.022739708423614502,0.6279724836349487,0.6348084211349487,-0.030677717179059982,0.5771905183792114,0.6083629727363586,-0.033933330327272415,0.5406569242477417,0.5883933305740356,-0.03665472939610481,0.6953302025794983,0.7346216440200806,-0.03064059093594551,0.6177456974983215,0.6827272772789001,-0.0358453243970871,0.5739866495132446,0.6511205434799194,-0.03682474046945572,0.543658971786499,0.6267816424369812,-0.03851420432329178,0.6778553128242493,0.7927047610282898,-0.037469491362571716,0.6196220517158508,0.7421525120735168,-0.041900161653757095,0.5889541506767273,0.7135973572731018,-0.04048246890306473,0.565744161605835,0.6877702474594116,-0.039199698716402054,0.11099695414304733,0.8675464391708374,4.671649378451548e-07,0.10637146979570389,0.7699099779129028,0.005604405887424946,0.12417947500944138,0.6692966222763062,0.0012817875249311328,0.13727805018424988,0.5954554080963135,-0.004570631310343742,0.1295429766178131,0.5421246290206909,-0.010869274847209454,0.16835030913352966,0.6365050673484802,-0.013396632857620716,0.24940046668052673,0.582767128944397,-0.02451884187757969,0.2965013384819031,0.5578376054763794,-0.029526228085160255,0.3286457657814026,0.5443212389945984,-0.030600743368268013,0.19626623392105103,0.6761338114738464,-0.023920098319649696,0.2808783948421478,0.6132270097732544,-0.0273155365139246,0.3265259861946106,0.5829290747642517,-0.02642965503036976,0.3572752773761749,0.5603480935096741,-0.0260920412838459,0.22386251389980316,0.7243536710739136,-0.03337404131889343,0.3012528121471405,0.6599602699279785,-0.03313148766756058,0.34110987186431885,0.6287672519683838,-0.028860213235020638,0.36654385924339294,0.6048803329467773,-0.027270855382084846,0.24823062121868134,0.7758499383926392,-0.04247539862990379,0.3057028651237488,0.7184596061706543,-0.03997524082660675,0.33632558584213257,0.6898748278617859,-0.032277416437864304,0.35784652829170227,0.6661876440048218,-0.02634171023964882
195,0.8201998472213745,0.8500139713287354,1.0811536554911072e-07,0.8087035417556763,0.7441127896308899,0.007558985147625208,0.7664245367050171,0.656143069267273,0.007120049558579922,0.7289980053901672,0.5891982913017273,0.005014805588871241,0.7226150631904602,0.5321068167686462,0.0011244257912039757,0.7149590253829956,0.6592576503753662,-0.005863069090992212,0.6327715516090393,0.6320308446884155,-0.014710678718984127,0.5863323211669922,0.6226285696029663,-0.020873811095952988,0.5500785112380981,0.6168565154075623,-0.02494233287870884,0.6960788369178772,0.7073196768760681,-0.015653828158974648,0.6069336533546448,0.6726294159889221,-0.024492500349879265,0.5547401905059814,0.6559516787528992,-0.030822211876511574,0.5156216025352478,0.6446636319160461,-0.035632744431495667,0.680288553237915,0.759996235370636,-0.023972230032086372,0.5998381972312927,0.7212880253791809,-0.03036089986562729,0.5553666949272156,0.703048586845398,-0.03204188495874405,0.5219738483428955,0.690311849117279,-0.03368576616048813,0.6688488125801086,0.8143746852874756,-0.03118227794766426,0.6065244078636169,0.7725139260292053,-0.03487550839781761,0.5765897035598755,0.752853512763977,-0.032073330134153366,0.5522280335426331,0.7354239225387573,-0.029423320665955544,0.11559458822011948,0.8928056955337524,4.241617546085763e-07,0.11708755791187286,0.7914969325065613,0.006949081085622311,0.138884037733078,0.6938183307647705,0.0038560153916478157,0.16000425815582275,0.6173303723335266,-0.000351261580362916,0.16097289323806763,0.5610721707344055,-0.00520896352827549,0.1977199763059616,0.675199568271637,-0.013649988919496536,0.28396713733673096,0.6301968693733215,-0.021473633125424385,0.33031022548675537,0.6117427349090576,-0.024052022024989128,0.3639829158782959,0.6005491614341736,-0.024430064484477043,0.2253701090812683,0.7199541330337524,-0.023778850212693214,0.31697115302085876,0.6672409176826477,-0.024972612038254738,0.3652862310409546,0.6426070928573608,-0.022677434608340263,0.3989492952823639,0.6238601207733154,-0.022323166951537132,0.2487720102071762,0.7705870270729065,-0.03234978765249252,0.32933229207992554,0.7129461765289307,-0.03161105513572693,0.37399041652679443,0.6834317445755005,-0.02774776704609394,0.4036053717136383,0.6600080132484436,-0.027018830180168152,0.2662031650543213,0.8216115832328796,-0.040146034210920334,0.32684484124183655,0.7694808840751648,-0.037734609097242355,0.36134281754493713,0.7402161359786987,-0.030601441860198975,0.3878580927848816,0.7149243950843811,-0.025677552446722984
196,0.8268913626670837,0.8375410437583923,1.8076201513395063e-07,0.8262786865234375,0.7343986630439758,0.008631781674921513,0.787040114402771,0.6455087661743164,0.008930731564760208,0.7538209557533264,0.5736984610557556,0.008334426209330559,0.7473151683807373,0.5175299048423767,0.006083864718675613,0.7326678037643433,0.6381510496139526,-0.012653013691306114,0.6496441960334778,0.5979773998260498,-0.01932249590754509,0.6037917137145996,0.5813626050949097,-0.021561967208981514,0.5695521831512451,0.572234570980072,-0.022496555000543594,0.7104982733726501,0.6857289671897888,-0.02207803726196289,0.6217867136001587,0.63272625207901,-0.029185432940721512,0.5714976787567139,0.6065665483474731,-0.0315331406891346,0.5363109111785889,0.5896760821342468,-0.03273778408765793,0.6918362379074097,0.7374318242073059,-0.029241474345326424,0.6129668354988098,0.6798185706138611,-0.03341008722782135,0.5676345825195312,0.6489838361740112,-0.033980924636125565,0.5355629920959473,0.6268739104270935,-0.03458551689982414,0.6785506010055542,0.7905941009521484,-0.034991707652807236,0.6177626848220825,0.7350469827651978,-0.037802837789058685,0.5858345031738281,0.7060381770133972,-0.034865666180849075,0.5615261793136597,0.6804487705230713,-0.031778495758771896,0.11600427329540253,0.8658028841018677,3.856110026845272e-07,0.11010424047708511,0.7668641209602356,0.008960355073213577,0.12644720077514648,0.6692545413970947,0.008157816715538502,0.13883177936077118,0.5987695455551147,0.005157753359526396,0.13266655802726746,0.5488418936729431,0.0019435372669249773,0.18667767941951752,0.6307346224784851,0.001238117110915482,0.259446918964386,0.588538646697998,-0.0030431440100073814,0.3008236587047577,0.5706710815429688,-0.004568359814584255,0.3285357356071472,0.5592988729476929,-0.0039957985281944275,0.21504753828048706,0.6708920001983643,-0.008559256792068481,0.2921977639198303,0.6226955652236938,-0.006005383096635342,0.33192500472068787,0.6015670895576477,-0.001627185265533626,0.35913199186325073,0.5826706886291504,0.0007130649173632264,0.24005505442619324,0.7192177772521973,-0.017870798707008362,0.30969947576522827,0.6683610677719116,-0.013235488906502724,0.34294867515563965,0.6462737321853638,-0.005725642200559378,0.3628941476345062,0.6290689706802368,-0.002097244141623378,0.26148924231529236,0.7682108283042908,-0.026964429765939713,0.3120778203010559,0.7143139243125916,-0.020793138071894646,0.33790117502212524,0.6913632154464722,-0.010544983670115471,0.355089396238327,0.6742506623268127,-0.0030918209813535213
197,0.8133487701416016,0.8588358163833618,1.6060035079590307e-07,0.8028124570846558,0.7530655860900879,0.004771268926560879,0.7649368047714233,0.6685017347335815,0.0019152510212734342,0.7279200553894043,0.597507119178772,-0.0017658479046076536,0.7150278091430664,0.5375047326087952,-0.006855987012386322,0.7112261652946472,0.6718106865882874,-0.009162324480712414,0.6250239610671997,0.6433882117271423,-0.01799575798213482,0.5793445110321045,0.634502112865448,-0.023841822519898415,0.543373703956604,0.628169059753418,-0.02741728536784649,0.6924115419387817,0.723098874092102,-0.017291774973273277,0.601324737071991,0.6847264170646667,-0.026783384382724762,0.5493221879005432,0.6642599105834961,-0.0328800268471241,0.5101669430732727,0.6497378349304199,-0.037461057305336,0.6771114468574524,0.7776315212249756,-0.02415497601032257,0.5949366688728333,0.7332898378372192,-0.031086962670087814,0.5498111248016357,0.7108678817749023,-0.03243933245539665,0.5151094198226929,0.6952223777770996,-0.03347941115498543,0.66675865650177,0.8298200964927673,-0.030027812346816063,0.6034222841262817,0.7806689143180847,-0.03400068357586861,0.5725111961364746,0.7583256363868713,-0.030894577503204346,0.5465212464332581,0.7407480478286743,-0.027668163180351257,0.10449649393558502,0.8710392713546753,3.43739742447724e-07,0.1006346344947815,0.7736159563064575,0.010801300406455994,0.1199873685836792,0.6736305356025696,0.012479256838560104,0.1364000141620636,0.6021988391876221,0.01149146817624569,0.1323431134223938,0.5503842234611511,0.010059377178549767,0.17338481545448303,0.6382154822349548,0.003400555346161127,0.24779421091079712,0.5918481945991516,-0.002776048146188259,0.29228436946868896,0.571148157119751,-0.007136340718716383,0.3237557113170624,0.5583258867263794,-0.008977243676781654,0.20105575025081635,0.6758488416671753,-0.008589713834226131,0.2789742350578308,0.6235610842704773,-0.006964792497456074,0.324199914932251,0.5974107384681702,-0.0058814059011638165,0.35715964436531067,0.5747672319412231,-0.006540175061672926,0.22642195224761963,0.7233905792236328,-0.020106200128793716,0.2964911162853241,0.6691367030143738,-0.01669805683195591,0.336515873670578,0.6421744227409363,-0.013049119152128696,0.36450621485710144,0.6188641786575317,-0.012653101235628128,0.247554749250412,0.7738527059555054,-0.03126635402441025,0.2991236448287964,0.7202600240707397,-0.027744252234697342,0.32967257499694824,0.6921582818031311,-0.02102496102452278,0.3535882830619812,0.6681690812110901,-0.01631028763949871
198,0.8257714509963989,0.8452600836753845,2.0155407298716455e-07,0.8277228474617004,0.7406654357910156,0.0062596602365374565,0.7866787910461426,0.6519213914871216,0.007609618827700615,0.7489530444145203,0.5797200202941895,0.008729209192097187,0.7394658327102661,0.5224565267562866,0.008877071551978588,0.727711021900177,0.6460310220718384,-0.00774861965328455,0.6460063457489014,0.6057592630386353,-0.011357970535755157,0.6009638905525208,0.5900635123252869,-0.012518762610852718,0.5670906901359558,0.5809909105300903,-0.01295296661555767,0.7043709754943848,0.6927876472473145,-0.014637853018939495,0.6167126297950745,0.6419512033462524,-0.0186030101031065,0.5675410032272339,0.6167660355567932,-0.02035299688577652,0.5328742265701294,0.5998114347457886,-0.021210897713899612,0.6860320568084717,0.7438123822212219,-0.019749505445361137,0.608238160610199,0.688371479511261,-0.02137894369661808,0.5639743208885193,0.658806324005127,-0.022067958489060402,0.5316674709320068,0.637023389339447,-0.022785034030675888,0.6739585399627686,0.7949384450912476,-0.023762650787830353,0.6131818890571594,0.7399425506591797,-0.023605551570653915,0.582539439201355,0.7126042246818542,-0.019719606265425682,0.5591975450515747,0.6880245804786682,-0.016084937378764153,0.11263813078403473,0.8893512487411499,4.0457294403495325e-07,0.10552622377872467,0.7882320284843445,0.010695269331336021,0.12242661416530609,0.6939809918403625,0.009249578230082989,0.13994041085243225,0.6190251111984253,0.006245827302336693,0.14155353605747223,0.5641433000564575,0.002509008627384901,0.18003302812576294,0.6670092940330505,-0.009479686617851257,0.26243215799331665,0.614730715751648,-0.016080893576145172,0.30702805519104004,0.5929112434387207,-0.018126722425222397,0.34074604511260986,0.5792216658592224,-0.01758849434554577,0.20942646265029907,0.7075057029724121,-0.01983816735446453,0.29547011852264404,0.6452444791793823,-0.02018699236214161,0.3418474793434143,0.615839958190918,-0.017200544476509094,0.3751603364944458,0.5941852927207947,-0.015740415081381798,0.23458534479141235,0.7562762498855591,-0.028331609442830086,0.3108082115650177,0.6907830238342285,-0.02568480372428894,0.35283172130584717,0.656898558139801,-0.02163013070821762,0.38144147396087646,0.6296505928039551,-0.020416252315044403,0.25476935505867004,0.806964635848999,-0.03566821664571762,0.3112044334411621,0.7450695037841797,-0.031680479645729065,0.3422427773475647,0.7123029828071594,-0.024375583976507187,0.36556872725486755,0.6852657198905945,-0.018909785896539688
199,0.8198679089546204,0.8627306222915649,1.3803251874833222e-07,0.8060124516487122,0.7598313093185425,0.003962032496929169,0.761870265007019,0.6730293035507202,-0.0006880230503156781,0.7226362228393555,0.6000986695289612,-0.0060192011296749115,0.7113447785377502,0.5390955209732056,-0.013348691165447235,0.7141014933586121,0.6755972504615784,-0.017451638355851173,0.6231236457824707,0.6489109992980957,-0.030228568241000175,0.5742056369781494,0.6411187648773193,-0.03789527714252472,0.5362405776977539,0.6365750432014465,-0.042406003922224045,0.6975332498550415,0.7289494872093201,-0.02634619176387787,0.6020874381065369,0.6926953196525574,-0.03873412683606148,0.5478078126907349,0.675251305103302,-0.04547107592225075,0.5080021619796753,0.664229691028595,-0.050642699003219604,0.6829162836074829,0.7857593297958374,-0.03367427736520767,0.5953618288040161,0.7426467537879944,-0.04311880096793175,0.5485916137695312,0.7233662009239197,-0.044104963541030884,0.513990581035614,0.7110790014266968,-0.04492896422743797,0.6719266176223755,0.8408848643302917,-0.03994106873869896,0.6038230061531067,0.7923820614814758,-0.04615747183561325,0.571739673614502,0.7705528736114502,-0.04331629350781441,0.5453678369522095,0.7535651922225952,-0.040318649262189865,0.11532364785671234,0.8735958337783813,4.1859973975988396e-07,0.11333096027374268,0.7717846035957336,0.012945462018251419,0.13500164449214935,0.6789125800132751,0.015491224825382233,0.15439793467521667,0.610349714756012,0.016121411696076393,0.1556684374809265,0.5598305463790894,0.015883952379226685,0.18879911303520203,0.653115451335907,-0.0013436884619295597,0.27234748005867004,0.6092811822891235,-0.0037501314654946327,0.31625479459762573,0.5910638570785522,-0.0031498156022280455,0.3473731279373169,0.580104410648346,-0.0011470847530290484,0.21766342222690582,0.6949357390403748,-0.011679299175739288,0.3043721616268158,0.6405424475669861,-0.008209438994526863,0.3500937819480896,0.6141866445541382,-0.004302383400499821,0.3809775114059448,0.5932533740997314,-0.0025204461999237537,0.2419803887605667,0.7444504499435425,-0.020359322428703308,0.3192739486694336,0.68628990650177,-0.01585783064365387,0.3599366247653961,0.655548095703125,-0.01276392862200737,0.38678428530693054,0.6283446550369263,-0.012292584404349327,0.26127251982688904,0.7948698997497559,-0.027718892320990562,0.3200627565383911,0.738654613494873,-0.024082254618406296,0.3524106740951538,0.7094843983650208,-0.018403656780719757,0.37544235587120056,0.6839328408241272,-0.01404823362827301
200,0.8277069926261902,0.8462722897529602,2.1179414488869952e-07,0.8313581943511963,0.7396721839904785,0.007518434897065163,0.7942433953285217,0.6485275030136108,0.009249372407793999,0.7618461847305298,0.5715741515159607,0.01008320227265358,0.7587767243385315,0.5136017203330994,0.009846832603216171,0.7338783144950867,0.6398084163665771,-0.0034082403872162104,0.6563383936882019,0.5968931317329407,-0.005487221758812666,0.6131192445755005,0.5798628330230713,-0.006608242634683847,0.5792005062103271,0.5695290565490723,-0.0077916779555380344,0.706699013710022,0.6838399171829224,-0.011108076199889183,0.6235641837120056,0.6281663179397583,-0.013225353322923183,0.5768342614173889,0.6008223295211792,-0.015133321285247803,0.5420076847076416,0.5812205672264099,-0.01663520373404026,0.685239315032959,0.7340258955955505,-0.017042765393853188,0.6112803816795349,0.6741780042648315,-0.01689768396317959,0.569582462310791,0.6432028412818909,-0.018090657889842987,0.5380653142929077,0.6208247542381287,-0.01995442435145378,0.6716640591621399,0.7856213450431824,-0.022027237340807915,0.6151215434074402,0.7263962030410767,-0.020553739741444588,0.5849196314811707,0.6971797347068787,-0.016652116551995277,0.560530424118042,0.6724756956100464,-0.01351785659790039,0.10508232563734055,0.8837133049964905,4.241489648393326e-07,0.09574636816978455,0.7850622534751892,0.004923176486045122,0.10835957527160645,0.6820444464683533,-0.00020392436999827623,0.11823252588510513,0.6048604249954224,-0.006609258707612753,0.11326874792575836,0.5488466620445251,-0.013770203106105328,0.15925002098083496,0.6573861241340637,-0.01783706806600094,0.23810790479183197,0.5941836833953857,-0.029814621433615685,0.2832326889038086,0.5658786296844482,-0.033170655369758606,0.3154921531677246,0.5498355627059937,-0.032586727291345596,0.19083572924137115,0.6982534527778625,-0.02802903763949871,0.2736017107963562,0.624241292476654,-0.03421958163380623,0.31890618801116943,0.5877496004104614,-0.03251287713646889,0.35130226612091064,0.5612426996231079,-0.030739309266209602,0.21918751299381256,0.7452285289764404,-0.03704770654439926,0.29352137446403503,0.6686606407165527,-0.039715711027383804,0.3324463963508606,0.6315446496009827,-0.03563355654478073,0.35773950815200806,0.6046380996704102,-0.033083729445934296,0.24273252487182617,0.7928445339202881,-0.045479122549295425,0.2965438663959503,0.7218509316444397,-0.045894376933574677,0.3251761794090271,0.6859079599380493,-0.03938814997673035,0.34566229581832886,0.6577243208885193,-0.03365674614906311
201,0.8217461705207825,0.8713386058807373,1.3187806757741782e-07,0.809531033039093,0.7645114660263062,0.004170428030192852,0.768333911895752,0.6739864349365234,-0.0012210694840177894,0.7322242856025696,0.6005153656005859,-0.00747685506939888,0.7222560048103333,0.5407519340515137,-0.01575981266796589,0.7204846143722534,0.6805428862571716,-0.01973027177155018,0.6307692527770996,0.6502258777618408,-0.03278820589184761,0.5821488499641418,0.6416330337524414,-0.040593281388282776,0.5429128408432007,0.6376185417175293,-0.04525795206427574,0.7010449171066284,0.7361704111099243,-0.029376499354839325,0.6044491529464722,0.6973719596862793,-0.040822215378284454,0.550137460231781,0.6786919832229614,-0.04699857905507088,0.5088620185852051,0.6668787002563477,-0.05232005566358566,0.6839587092399597,0.7940922975540161,-0.037433553487062454,0.5967631936073303,0.7499529719352722,-0.04506782442331314,0.5480553507804871,0.7289900183677673,-0.04603203758597374,0.5101804733276367,0.7150573134422302,-0.04780386760830879,0.6705272197723389,0.848376989364624,-0.04458241164684296,0.604275107383728,0.8024929761886597,-0.04928508400917053,0.5701480507850647,0.7799384593963623,-0.04683768004179001,0.5413508415222168,0.7615179419517517,-0.04484931379556656,0.10490693897008896,0.8875823616981506,4.6420439048233675e-07,0.09846407175064087,0.7856907248497009,0.003388922195881605,0.11670825630426407,0.6862561106681824,-0.0008437844808213413,0.13299448788166046,0.6088453531265259,-0.0060196262784302235,0.13442862033843994,0.5517704486846924,-0.011578346602618694,0.17836503684520721,0.6611261367797852,-0.009784250520169735,0.26092422008514404,0.6158589124679565,-0.01757882535457611,0.30686715245246887,0.5958282351493835,-0.022714518010616302,0.34142398834228516,0.5831438302993774,-0.02508794702589512,0.2079268991947174,0.7029996514320374,-0.018321819603443146,0.29369640350341797,0.6485750675201416,-0.017982114106416702,0.34063369035720825,0.6210960149765015,-0.01799926906824112,0.3740381598472595,0.5992175936698914,-0.019864778965711594,0.23312531411647797,0.7527159452438354,-0.026111753657460213,0.30921730399131775,0.6941396594047546,-0.02413857914507389,0.351301372051239,0.6603763699531555,-0.022722890600562096,0.38001590967178345,0.6331006288528442,-0.024089500308036804,0.2531277537345886,0.8033686876296997,-0.03357503563165665,0.30888986587524414,0.7488263249397278,-0.03139009326696396,0.3410378396511078,0.7170491814613342,-0.026387277990579605,0.3655761778354645,0.690183699131012,-0.023022621870040894
202,0.8288150429725647,0.8340365290641785,1.5658383745176252e-07,0.8312581181526184,0.7354795932769775,0.006816019304096699,0.7846063375473022,0.6471450924873352,0.008204439654946327,0.7465579509735107,0.5748316645622253,0.009074131958186626,0.7441068887710571,0.5185367465019226,0.00860994029790163,0.7266924977302551,0.6322368383407593,-0.00835817214101553,0.6464243531227112,0.5982102155685425,-0.013650918379426003,0.6010796427726746,0.5847870111465454,-0.016866132616996765,0.5673438906669617,0.5794216394424438,-0.019271070137619972,0.7040342092514038,0.6793224215507507,-0.01562267541885376,0.6189790964126587,0.6346450448036194,-0.02088811621069908,0.5719552040100098,0.612642228603363,-0.02352566085755825,0.5373668670654297,0.5974918603897095,-0.02567850612103939,0.684370756149292,0.7306408882141113,-0.02108827419579029,0.6081362962722778,0.6815422177314758,-0.024179400876164436,0.5665137767791748,0.6543511152267456,-0.024523019790649414,0.5360186100006104,0.6342788338661194,-0.025798512622714043,0.670188307762146,0.7859248518943787,-0.025537410750985146,0.6120048761367798,0.7390814423561096,-0.027197694405913353,0.5826594829559326,0.7129477858543396,-0.024218594655394554,0.5594016909599304,0.6873717904090881,-0.021772978827357292,0.10457161068916321,0.8798114657402039,4.6937617526054964e-07,0.0924479067325592,0.7792525291442871,0.0036889787297695875,0.10541815310716629,0.6815800666809082,-0.0009359590476378798,0.11755560338497162,0.6039880514144897,-0.005650135222822428,0.11045416444540024,0.5478329062461853,-0.011252474039793015,0.1653280109167099,0.6574718952178955,-0.01711307466030121,0.2464323490858078,0.6018975973129272,-0.024795103818178177,0.29124191403388977,0.5742824673652649,-0.026410453021526337,0.3242206573486328,0.5555775761604309,-0.025462627410888672,0.19883348047733307,0.6989056468009949,-0.024294214323163033,0.28273892402648926,0.6313085556030273,-0.025741588324308395,0.3285277485847473,0.5951448678970337,-0.023315995931625366,0.3605142831802368,0.5689259171485901,-0.022089364007115364,0.22662703692913055,0.7465793490409851,-0.03001442551612854,0.30053043365478516,0.6753726005554199,-0.02857527695596218,0.3409324884414673,0.6374755501747131,-0.026340002194046974,0.36846816539764404,0.6088288426399231,-0.02619669772684574,0.24848993122577667,0.7941325902938843,-0.03498823568224907,0.3012678027153015,0.7295101284980774,-0.03295611962676048,0.3318224549293518,0.6934858560562134,-0.0282340869307518,0.35550421476364136,0.6633741855621338,-0.024546783417463303
203,0.8329893946647644,0.8513357639312744,7.00032529721284e-08,0.832269012928009,0.7565991878509521,0.0063639795407652855,0.7891225814819336,0.6597262024879456,0.004605269990861416,0.7538674473762512,0.5818780064582825,0.002540003042668104,0.7508251667022705,0.5220099091529846,-0.0014665538910776377,0.7416947484016418,0.6441088318824768,-0.021831948310136795,0.6555385589599609,0.601886510848999,-0.03247791528701782,0.6069315075874329,0.588822603225708,-0.03675919026136398,0.5728511810302734,0.5817081928253174,-0.03941282257437706,0.719904363155365,0.690315306186676,-0.031053252518177032,0.6253301501274109,0.6446749567985535,-0.040706224739551544,0.5756313800811768,0.6234465837478638,-0.042048510164022446,0.5439310073852539,0.6069742441177368,-0.043098174035549164,0.6989632248878479,0.7450608015060425,-0.03826040402054787,0.6110446453094482,0.7002462148666382,-0.04482816904783249,0.5671361088752747,0.6740182638168335,-0.043337106704711914,0.5386141538619995,0.6510084867477417,-0.0431705079972744,0.6818389892578125,0.8047193884849548,-0.04424751177430153,0.6150419116020203,0.7652733325958252,-0.04994496330618858,0.5805941820144653,0.7449728846549988,-0.04800774157047272,0.5543715953826904,0.7245282530784607,-0.046051330864429474,0.10777558386325836,0.87098228931427,4.568907172597392e-07,0.09275997430086136,0.778059720993042,-0.0016160965897142887,0.10112329572439194,0.6729194521903992,-0.008365496061742306,0.1089293509721756,0.5958932042121887,-0.015357730910182,0.10136633366346359,0.5401391983032227,-0.022628629580140114,0.16610956192016602,0.6379879117012024,-0.014889496378600597,0.24272041022777557,0.5837624073028564,-0.025296350941061974,0.287964403629303,0.5557568669319153,-0.031071975827217102,0.3191852271556854,0.5367703437805176,-0.033097926527261734,0.19647954404354095,0.6766887307167053,-0.021736718714237213,0.2744884490966797,0.6147019863128662,-0.02482154220342636,0.3182128071784973,0.5829969644546509,-0.024931278079748154,0.3486446738243103,0.5565981268882751,-0.025529880076646805,0.22355173528194427,0.7241039872169495,-0.028371799737215042,0.29187291860580444,0.6601092219352722,-0.02891639433801174,0.3297880291938782,0.6267033815383911,-0.026292450726032257,0.3547675907611847,0.6008128523826599,-0.02552129700779915,0.24733015894889832,0.772758960723877,-0.03523090109229088,0.297632098197937,0.7080150246620178,-0.033908918499946594,0.3246091604232788,0.6772885918617249,-0.027104269713163376,0.34370625019073486,0.6532565355300903,-0.021633990108966827
204,0.8255348205566406,0.8660519123077393,3.7095290394972835e-08,0.8083974123001099,0.7618370652198792,0.0069698370061814785,0.7649381756782532,0.6713036298751831,0.003721332410350442,0.7289381623268127,0.6007809638977051,-0.0012268598657101393,0.7224252223968506,0.5419832468032837,-0.009008058346807957,0.7212899327278137,0.6784771680831909,-0.01811257191002369,0.6330820918083191,0.6521648168563843,-0.03263559192419052,0.5836262106895447,0.6430948972702026,-0.04166136309504509,0.5445495247840881,0.6372782588005066,-0.047278568148612976,0.7056673169136047,0.7294975519180298,-0.029448574408888817,0.6092908382415771,0.698608934879303,-0.042602721601724625,0.5534977912902832,0.6816240549087524,-0.050462424755096436,0.5123565196990967,0.6700600385665894,-0.05690151825547218,0.6911432147026062,0.7839557528495789,-0.039117731153964996,0.6013346314430237,0.7491140365600586,-0.05017051845788956,0.5507766604423523,0.7313957214355469,-0.0542181134223938,0.5124512314796448,0.719457745552063,-0.05749645084142685,0.679350733757019,0.8387035727500916,-0.04740876331925392,0.6106193661689758,0.7964566946029663,-0.056174036115407944,0.5742650032043457,0.7764251828193665,-0.05689636245369911,0.5432674884796143,0.7605705857276917,-0.05679040402173996,0.11396469175815582,0.848382830619812,4.37628244753796e-07,0.09033872932195663,0.7559762597084045,0.004500985145568848,0.08928335458040237,0.6587815284729004,0.0010406249202787876,0.08890661597251892,0.5852417945861816,-0.003210923634469509,0.07657011598348618,0.5355665683746338,-0.00836224015802145,0.1511392593383789,0.619810163974762,-0.010379519313573837,0.22114521265029907,0.5539243221282959,-0.01672399416565895,0.26056069135665894,0.5215404033660889,-0.018596192821860313,0.28878486156463623,0.5003201961517334,-0.01828848384320736,0.1869284063577652,0.652283251285553,-0.01837828941643238,0.2578033208847046,0.5753214955329895,-0.018789509311318398,0.2969439923763275,0.5347270965576172,-0.016894657164812088,0.32568591833114624,0.503437340259552,-0.0164056196808815,0.21823762357234955,0.6923208832740784,-0.025559047237038612,0.28048044443130493,0.6130525469779968,-0.024002129212021828,0.31373172998428345,0.5726879835128784,-0.022073563188314438,0.3369517922401428,0.541653037071228,-0.022454455494880676,0.24588628113269806,0.7335787415504456,-0.032190579921007156,0.2881261110305786,0.6624236702919006,-0.030966462567448616,0.31230688095092773,0.6238242983818054,-0.026513025164604187,0.3319295346736908,0.5918134450912476,-0.02315622568130493
205,0.8277839422225952,0.806563675403595,1.1887789419517958e-08,0.826933741569519,0.7137045860290527,0.0039354669861495495,0.792086660861969,0.6233430504798889,0.0011750698322430253,0.761558473110199,0.5467273592948914,-0.0022602675016969442,0.7591966986656189,0.48853734135627747,-0.006852875929325819,0.7362842559814453,0.6124807000160217,-0.013131136074662209,0.6545858979225159,0.5687819123268127,-0.020355192944407463,0.6116973757743835,0.5534160137176514,-0.02399209514260292,0.5790164470672607,0.5418235063552856,-0.026926163583993912,0.7148855328559875,0.6535601615905762,-0.02181915007531643,0.6252061128616333,0.6003344058990479,-0.028119830414652824,0.5802866220474243,0.5775928497314453,-0.03102860040962696,0.5483641624450684,0.5586227774620056,-0.03420222923159599,0.6956604719161987,0.7025597095489502,-0.028956830501556396,0.6153333187103271,0.6463202238082886,-0.03371920809149742,0.5750747919082642,0.6193147897720337,-0.03441401571035385,0.5467851758003235,0.5990450978279114,-0.03636009618639946,0.6793524026870728,0.7552399039268494,-0.035386160016059875,0.6225875616073608,0.7021334767341614,-0.03896542266011238,0.5918726325035095,0.6748247742652893,-0.03677959740161896,0.5663189888000488,0.6511026620864868,-0.0355357751250267,0.1170264482498169,0.899167537689209,4.800888291356387e-07,0.10692959278821945,0.8022249341011047,-0.0031430411618202925,0.11825011670589447,0.6945499181747437,-0.011942802928388119,0.12694528698921204,0.6141572594642639,-0.020868413150310516,0.12421002984046936,0.5559609532356262,-0.03043430484831333,0.17281897366046906,0.674207329750061,-0.026290163397789,0.25822943449020386,0.6209138631820679,-0.04220938682556152,0.3069912791252136,0.5925976037979126,-0.051055967807769775,0.341014564037323,0.5722460746765137,-0.05523361265659332,0.20162717998027802,0.7137233018875122,-0.03514514118432999,0.29414814710617065,0.652211606502533,-0.04427969828248024,0.34459811449050903,0.6171814203262329,-0.04730663448572159,0.3800366222858429,0.5870819687843323,-0.04980824142694473,0.22829192876815796,0.7605132460594177,-0.043281909078359604,0.30927690863609314,0.6947889924049377,-0.04935504496097565,0.3545486330986023,0.6571688055992126,-0.04862527921795845,0.3869684338569641,0.6274573802947998,-0.04902498424053192,0.2510538101196289,0.8088833093643188,-0.0515144020318985,0.3103598952293396,0.7544382810592651,-0.05424022674560547,0.3457769751548767,0.7244803309440613,-0.04914764687418938,0.3749164044857025,0.700135350227356,-0.04512001946568489
206,0.8366281986236572,0.8286850452423096,8.889956859547965e-08,0.8308736681938171,0.7334164381027222,0.007574482820928097,0.794252336025238,0.6350774765014648,0.0052237315103411674,0.7662869095802307,0.5555305480957031,0.0014984637964516878,0.7630397081375122,0.4958727955818176,-0.004867312498390675,0.7506158947944641,0.6254128813743591,-0.01889062486588955,0.6667140126228333,0.5859605669975281,-0.030602436512708664,0.6190268397331238,0.5703779458999634,-0.036514703184366226,0.5848447680473328,0.5569996237754822,-0.040400680154561996,0.7309677600860596,0.6679065227508545,-0.031135793775320053,0.6393324136734009,0.6178767681121826,-0.04244689270853996,0.5870027542114258,0.5917991995811462,-0.047208547592163086,0.5509357452392578,0.5695400238037109,-0.05068066343665123,0.7112033367156982,0.7196658849716187,-0.04145636409521103,0.6274102926254272,0.6655640602111816,-0.050276629626750946,0.5812543034553528,0.6330605149269104,-0.051874298602342606,0.5492035150527954,0.6032519936561584,-0.05364237725734711,0.6931374073028564,0.7789445519447327,-0.05047912523150444,0.6309271454811096,0.7285369038581848,-0.057517681270837784,0.5990761518478394,0.6994994282722473,-0.056157439947128296,0.5740889310836792,0.6720095276832581,-0.054801397025585175,0.11288806796073914,0.8821668028831482,5.060383614363673e-07,0.10238340497016907,0.7878331542015076,0.0006434433744288981,0.11489856988191605,0.6826300024986267,-0.004079323727637529,0.12325862795114517,0.6051134467124939,-0.009193814359605312,0.1149832233786583,0.5505148768424988,-0.014841755852103233,0.17236973345279694,0.6532325744628906,-0.01407425943762064,0.2520999312400818,0.6040197014808655,-0.024647198617458344,0.3001573979854584,0.5790053606033325,-0.031242525205016136,0.3346450626850128,0.5627008080482483,-0.03404628857970238,0.20248042047023773,0.6937978863716125,-0.021443111822009087,0.2843172252178192,0.637839674949646,-0.024040473625063896,0.33151715993881226,0.608973503112793,-0.02420995943248272,0.36476266384124756,0.5866211652755737,-0.02555713802576065,0.2311042845249176,0.7418755292892456,-0.028343256562948227,0.30398720502853394,0.683571457862854,-0.028765322640538216,0.34543704986572266,0.651563286781311,-0.026179760694503784,0.373961865901947,0.6275935173034668,-0.026058761402964592,0.2561945617198944,0.7903236746788025,-0.035278644412755966,0.31263700127601624,0.7377504706382751,-0.03405962511897087,0.3465864062309265,0.7134676575660706,-0.027834666892886162,0.37203705310821533,0.6944168210029602,-0.023309357464313507
207,0.8314836025238037,0.8261755704879761,9.446477378105556e-08,0.8259978294372559,0.7278130650520325,0.0075504654087126255,0.7879343032836914,0.6390488147735596,0.005358784459531307,0.7561725974082947,0.5654047131538391,0.0017172052757814527,0.7496157288551331,0.5068914890289307,-0.004129413980990648,0.7361684441566467,0.6277042627334595,-0.01360191497951746,0.6510577201843262,0.5957328081130981,-0.02383176051080227,0.6039549708366394,0.5837970972061157,-0.030388349667191505,0.5685677528381348,0.5753235220909119,-0.03479163721203804,0.7160913944244385,0.6744982004165649,-0.024061599746346474,0.6251948475837708,0.6356194019317627,-0.03348343074321747,0.5743139386177063,0.6151868104934692,-0.03843317925930023,0.5364026427268982,0.5981265306472778,-0.04258223995566368,0.6972182989120483,0.7267650961875916,-0.032776765525341034,0.6162489056587219,0.6816062927246094,-0.03946925699710846,0.572076141834259,0.656650960445404,-0.03982515260577202,0.5383722186088562,0.6356911659240723,-0.040960781276226044,0.6819667220115662,0.7811766266822815,-0.04028771072626114,0.6199971437454224,0.7352211475372314,-0.04547935724258423,0.5886538028717041,0.7117234468460083,-0.04274744540452957,0.5632239580154419,0.6899417638778687,-0.04007343202829361,0.10560422390699387,0.8607604503631592,5.453428570945107e-07,0.08389542251825333,0.7667382955551147,0.002926391549408436,0.08830905705690384,0.6654985547065735,-0.0028691969346255064,0.09440473467111588,0.5879592895507812,-0.009028011932969093,0.08470947295427322,0.5348374843597412,-0.01627199724316597,0.1465977430343628,0.6332623958587646,-0.02122938446700573,0.2250106781721115,0.564780056476593,-0.03179989755153656,0.2685222625732422,0.5306108593940735,-0.034750230610370636,0.29915356636047363,0.5075591802597046,-0.034379392862319946,0.17981237173080444,0.6684884428977966,-0.029719579964876175,0.2590942978858948,0.5861200094223022,-0.03561000898480415,0.3035774230957031,0.5412840843200684,-0.03568442910909653,0.3351741433143616,0.5089044570922852,-0.03562503680586815,0.2100612223148346,0.7100767493247986,-0.03676190972328186,0.28004223108291626,0.6262609362602234,-0.038831356912851334,0.31893450021743774,0.5802228450775146,-0.03830281272530556,0.34653833508491516,0.5464906692504883,-0.03883375972509384,0.23660312592983246,0.7519645690917969,-0.0431542806327343,0.2849215567111969,0.677423894405365,-0.04378746822476387,0.3129670023918152,0.6369616389274597,-0.040088459849357605,0.335962176322937,0.6052215099334717,-0.03683990612626076
208,0.8293747901916504,0.8100917935371399,1.9461398892417492e-07,0.8319616913795471,0.7048373818397522,0.007022435311228037,0.8041288256645203,0.6167649626731873,0.004110535141080618,0.7761364579200745,0.5416874885559082,0.0001658232358749956,0.7692633867263794,0.4848595857620239,-0.005936753004789352,0.7470428347587585,0.6109774112701416,-0.017663877457380295,0.6665846705436707,0.5655075311660767,-0.026322659105062485,0.6230241656303406,0.5461391806602478,-0.030181480571627617,0.5887210369110107,0.5330178737640381,-0.032446496188640594,0.7229725122451782,0.6563168168067932,-0.027819102630019188,0.6365865468978882,0.5989155769348145,-0.037324078381061554,0.5867055058479309,0.5695041418075562,-0.04197311028838158,0.5500131845474243,0.5492028594017029,-0.045254793018102646,0.7034343481063843,0.7066099047660828,-0.035574402660131454,0.6274309158325195,0.6454054117202759,-0.042053282260894775,0.582032322883606,0.6132221817970276,-0.04486357420682907,0.5480118989944458,0.5903160572052002,-0.04707953706383705,0.6896979808807373,0.7579522132873535,-0.04188232123851776,0.6299949288368225,0.7002524137496948,-0.04666020721197128,0.5977466702461243,0.6715987920761108,-0.045066166669130325,0.5717048048973083,0.6482970118522644,-0.042937830090522766,0.11333423852920532,0.8907263278961182,4.3021546503041463e-07,0.10245471447706223,0.7942159175872803,0.001291387714445591,0.11231514811515808,0.6849615573883057,-0.004983907099813223,0.12056010961532593,0.6068891882896423,-0.01228749193251133,0.11477123200893402,0.5491053462028503,-0.02011796645820141,0.16653750836849213,0.6645550727844238,-0.020001161843538284,0.24764493107795715,0.6028026342391968,-0.03466382995247841,0.29623377323150635,0.5732523202896118,-0.041950371116399765,0.3305569887161255,0.5555375814437866,-0.04398426041007042,0.19443759322166443,0.7060779333114624,-0.02892826683819294,0.2796793580055237,0.6373043060302734,-0.03510527312755585,0.3265981376171112,0.6041276454925537,-0.03537748008966446,0.35977432131767273,0.5788049101829529,-0.035714272409677505,0.22205191850662231,0.7532645463943481,-0.03696809336543083,0.29708677530288696,0.6847551465034485,-0.03901098668575287,0.33902499079704285,0.6501794457435608,-0.034332964569330215,0.3666197657585144,0.6255224347114563,-0.03207577019929886,0.24625371396541595,0.7997437119483948,-0.044935256242752075,0.30018147826194763,0.737652063369751,-0.043129824101924896,0.33025819063186646,0.7059117555618286,-0.03413710743188858,0.3523765504360199,0.6810427308082581,-0.02730732038617134
209,0.8428378105163574,0.8486644625663757,8.114349014931577e-08,0.8363103866577148,0.7518150806427002,0.0047266725450754166,0.7931109666824341,0.6536624431610107,0.0007914848392829299,0.7626551389694214,0.5786073207855225,-0.003492556046694517,0.7607066631317139,0.5198794603347778,-0.01091228611767292,0.7538413405418396,0.6433811187744141,-0.028954334557056427,0.6675770282745361,0.6042686104774475,-0.04428177699446678,0.6163975596427917,0.5878698825836182,-0.05249367654323578,0.5775116682052612,0.5772197842597961,-0.057926200330257416,0.7345533967018127,0.6957228183746338,-0.040237873792648315,0.6414288878440857,0.6484173536300659,-0.054707661271095276,0.5858239531517029,0.6218310594558716,-0.061070337891578674,0.5450770854949951,0.6020002365112305,-0.06604546308517456,0.7158410549163818,0.7535325884819031,-0.04940778762102127,0.6292017698287964,0.7040104269981384,-0.060993872582912445,0.5785361528396606,0.6730458736419678,-0.06429620832204819,0.5414846539497375,0.6475769281387329,-0.06703943014144897,0.6995949149131775,0.8155150413513184,-0.05725906044244766,0.6346155405044556,0.7673966288566589,-0.0679740458726883,0.5972409248352051,0.7404873967170715,-0.06947017461061478,0.5671790838241577,0.7155978083610535,-0.06966011971235275,0.11856742203235626,0.8795433044433594,5.263662501420185e-07,0.11087673902511597,0.7865453362464905,0.0006464874604716897,0.12395959347486496,0.68264240026474,-0.005958229769021273,0.13561893999576569,0.6066833734512329,-0.013379494659602642,0.13462227582931519,0.5503712892532349,-0.021564947441220284,0.17594988644123077,0.6579719185829163,-0.020872019231319427,0.25629305839538574,0.6023945212364197,-0.03610404580831528,0.30509674549102783,0.576200008392334,-0.044933296740055084,0.34066182374954224,0.5596405267715454,-0.04848121851682663,0.20207245647907257,0.6973918080329895,-0.030462542548775673,0.2886834144592285,0.6329647302627563,-0.03815389424562454,0.3384774923324585,0.5997821092605591,-0.04068917781114578,0.37368690967559814,0.5744696855545044,-0.04301965609192848,0.2278607338666916,0.7446702718734741,-0.039291273802518845,0.3080870509147644,0.6821284294128418,-0.04374023526906967,0.3532201647758484,0.6526771187782288,-0.04185793921351433,0.3840857744216919,0.6320354342460632,-0.04140906408429146,0.25183457136154175,0.793131947517395,-0.04809000343084335,0.3132442235946655,0.7362877130508423,-0.049876172095537186,0.35003742575645447,0.7126393914222717,-0.04400348290801048,0.3781968057155609,0.6968944072723389,-0.03916506469249725
210,0.8423272371292114,0.8732603192329407,1.693100273314485e-07,0.8297572731971741,0.7696090936660767,0.0019634407944977283,0.7820603847503662,0.6767771244049072,-0.0036135592963546515,0.7424322366714478,0.6027848720550537,-0.009604595601558685,0.7332788109779358,0.5409044027328491,-0.017687596380710602,0.7376980781555176,0.6820634603500366,-0.022851699963212013,0.6457607746124268,0.6505612134933472,-0.03676149621605873,0.594083309173584,0.6411769390106201,-0.044682491570711136,0.5536926984786987,0.6345908641815186,-0.04964553564786911,0.7188912630081177,0.7379037737846375,-0.031890202313661575,0.6203593015670776,0.6964788436889648,-0.045618053525686264,0.5615190267562866,0.6743724346160889,-0.053392764180898666,0.5188204050064087,0.6590637564659119,-0.05942350625991821,0.701915979385376,0.7963013052940369,-0.039309874176979065,0.6119043231010437,0.7502917051315308,-0.049438413232564926,0.5606438517570496,0.7253769040107727,-0.052424728870391846,0.5231411457061768,0.7074171900749207,-0.05494283512234688,0.6882226467132568,0.8524000644683838,-0.045748163014650345,0.6184839010238647,0.8047054409980774,-0.053294964134693146,0.5824277400970459,0.7797660231590271,-0.052798137068748474,0.5529943108558655,0.7579477429389954,-0.05172088369727135,0.11483719944953918,0.8571191430091858,5.428748295344121e-07,0.1032421663403511,0.7624534964561462,0.0024821171537041664,0.11358600854873657,0.6609771847724915,-0.004157446324825287,0.12281148880720139,0.5854089856147766,-0.01149819977581501,0.1147674173116684,0.5331259965896606,-0.019993377849459648,0.16489823162555695,0.6379364728927612,-0.020910771563649178,0.24266335368156433,0.5732616782188416,-0.03300674259662628,0.28690430521965027,0.5398404598236084,-0.038343898952007294,0.3180024027824402,0.5171575546264648,-0.039758000522851944,0.19507205486297607,0.6767553687095642,-0.031106771901249886,0.27814435958862305,0.6009698510169983,-0.036615315824747086,0.3255077600479126,0.5591616630554199,-0.03759708255529404,0.3591434955596924,0.5270901918411255,-0.03886372968554497,0.2224595844745636,0.7213436961174011,-0.04015348479151726,0.29808199405670166,0.6432775259017944,-0.04268142580986023,0.3410535454750061,0.6014018654823303,-0.0429990291595459,0.37037521600723267,0.5697096586227417,-0.04469699785113335,0.24599629640579224,0.7664692997932434,-0.04861664026975632,0.2986772954463959,0.6984723210334778,-0.04996371641755104,0.32934191823005676,0.661742627620697,-0.046409860253334045,0.35262221097946167,0.631898820400238,-0.04374077916145325
211,0.8317079544067383,0.8192498087882996,-2.5732387598509376e-07,0.8197529315948486,0.7233896851539612,0.013574785552918911,0.7725821137428284,0.6383215188980103,0.013655084185302258,0.7351166009902954,0.5681551694869995,0.01192411594092846,0.7290642261505127,0.512738823890686,0.007414348889142275,0.7258362174034119,0.6181462407112122,-0.018365897238254547,0.6248131394386292,0.5896365642547607,-0.030583683401346207,0.5772351622581482,0.5883708000183105,-0.036063458770513535,0.5463477373123169,0.5896562933921814,-0.03876752778887749,0.7087947130203247,0.6688849925994873,-0.03115547075867653,0.6018943190574646,0.6324376463890076,-0.04218939691781998,0.555985689163208,0.6241098046302795,-0.04489768296480179,0.5302256345748901,0.6229766607284546,-0.04661938548088074,0.693253755569458,0.7273879647254944,-0.041177526116371155,0.5961849093437195,0.6932024359703064,-0.04876461625099182,0.5538501739501953,0.6816654205322266,-0.04606930911540985,0.5287729501724243,0.6748913526535034,-0.044557854533195496,0.6814506649971008,0.7904361486434937,-0.04921843856573105,0.6059871912002563,0.7517715692520142,-0.05455638840794563,0.5694500207901001,0.7349908351898193,-0.050370726734399796,0.5421018600463867,0.7213422060012817,-0.046811264008283615,0.12095124274492264,0.8794969320297241,4.7394604507644544e-07,0.11215008050203323,0.7829926013946533,0.002037593862041831,0.12629614770412445,0.6731191873550415,-0.004504728130996227,0.13929985463619232,0.5935171842575073,-0.011920014396309853,0.13532662391662598,0.5364304184913635,-0.01950087770819664,0.16495725512504578,0.6541237831115723,-0.02260439097881317,0.24732652306556702,0.5981038808822632,-0.03819095343351364,0.2966207265853882,0.5709963440895081,-0.046249426901340485,0.3311766982078552,0.5538519620895386,-0.048843592405319214,0.19340898096561432,0.6933577060699463,-0.03228900954127312,0.28208523988723755,0.6287729740142822,-0.039447057992219925,0.3305143415927887,0.5951516628265381,-0.03997937962412834,0.36437109112739563,0.5676283836364746,-0.040699735283851624,0.22371427714824677,0.7389049530029297,-0.04072025045752525,0.3064050078392029,0.6755303740501404,-0.043555889278650284,0.34730809926986694,0.6508823037147522,-0.03710424527525902,0.37346184253692627,0.6329877972602844,-0.03346291184425354,0.25221654772758484,0.7853944897651672,-0.04917252063751221,0.31497722864151,0.7275635004043579,-0.047812409698963165,0.34748804569244385,0.7082791328430176,-0.03761018440127373,0.37021854519844055,0.6955046653747559,-0.029788898304104805
212,0.8324217796325684,0.8174046277999878,1.2602184540355665e-07,0.8273448944091797,0.7124956846237183,0.008682421408593655,0.7948057651519775,0.6221469640731812,0.005829535890370607,0.7631967663764954,0.5436346530914307,0.0015802091220393777,0.7550715208053589,0.48150110244750977,-0.005316681694239378,0.7444854974746704,0.6196818947792053,-0.017887147143483162,0.6574221849441528,0.5729994177818298,-0.02842673473060131,0.6097143888473511,0.5533571243286133,-0.03314511477947235,0.5736806392669678,0.5385642051696777,-0.035923779010772705,0.7229847311973572,0.6645897626876831,-0.029194315895438194,0.630256712436676,0.6074422597885132,-0.039358656853437424,0.5768970251083374,0.5771934986114502,-0.04516910761594772,0.5371583700180054,0.5536105632781982,-0.05002349615097046,0.7054721713066101,0.7150252461433411,-0.03802992403507233,0.6210401654243469,0.6556727886199951,-0.04523960128426552,0.5738372206687927,0.6223433017730713,-0.04879642277956009,0.5389591455459595,0.595855176448822,-0.05234207585453987,0.6917032599449158,0.7665859460830688,-0.045338235795497894,0.6277586221694946,0.7112677097320557,-0.051327724009752274,0.5931536555290222,0.6785582900047302,-0.05136305093765259,0.5647341012954712,0.648648202419281,-0.05116135627031326,0.12045647203922272,0.8899905681610107,5.818574777549657e-07,0.11331479996442795,0.7919418215751648,-0.002783114556223154,0.12996360659599304,0.6848509907722473,-0.011240691877901554,0.1455267071723938,0.606208086013794,-0.019295400008559227,0.14665406942367554,0.547066330909729,-0.028015511110424995,0.1730891317129135,0.6709501147270203,-0.031123511493206024,0.2597397267818451,0.6126652956008911,-0.04829459264874458,0.3095110058784485,0.5844541788101196,-0.05678967386484146,0.34665125608444214,0.5664626955986023,-0.060236651450395584,0.20331937074661255,0.7149755954742432,-0.03981330618262291,0.29608339071273804,0.6452333927154541,-0.05081575736403465,0.34738653898239136,0.607711672782898,-0.05489138886332512,0.38407522439956665,0.5785431861877441,-0.05814298242330551,0.2328043133020401,0.762816309928894,-0.04731867089867592,0.31642434000968933,0.689826250076294,-0.05439829081296921,0.3619895279407501,0.6478908061981201,-0.05564345419406891,0.3938157558441162,0.614866316318512,-0.05733322724699974,0.2591567039489746,0.8088289499282837,-0.0546112060546875,0.32134810090065,0.7450567483901978,-0.05862877145409584,0.3556795120239258,0.7083115577697754,-0.056261979043483734,0.38205617666244507,0.6780160665512085,-0.05419228971004486
213,0.8300768733024597,0.8506391048431396,7.456764450353148e-08,0.8216226696968079,0.744659423828125,0.005802194122225046,0.775454580783844,0.6505065560340881,0.0018188449321314692,0.7359490394592285,0.5790664553642273,-0.0024865346495062113,0.7265474200248718,0.5218002200126648,-0.009481627494096756,0.7354250550270081,0.6503424644470215,-0.028519606217741966,0.6450737714767456,0.61301189661026,-0.04358777403831482,0.5923070311546326,0.603298544883728,-0.05136413127183914,0.5494948625564575,0.6023095846176147,-0.05575741454958916,0.7145153880119324,0.70897376537323,-0.038753289729356766,0.6123451590538025,0.6686661243438721,-0.05332796275615692,0.5553572177886963,0.6539925932884216,-0.05961941182613373,0.5136566162109375,0.6472471356391907,-0.0641217827796936,0.6943218111991882,0.7693694233894348,-0.046419620513916016,0.6010339260101318,0.7223794460296631,-0.05712449178099632,0.5486591458320618,0.702313244342804,-0.059571802616119385,0.5091975331306458,0.6917752623558044,-0.06132562458515167,0.6775951385498047,0.8273548483848572,-0.05239713564515114,0.6062299609184265,0.7797502875328064,-0.060613203793764114,0.5685218572616577,0.7589408159255981,-0.06019151955842972,0.5375641584396362,0.7425991892814636,-0.058654509484767914,0.11078539490699768,0.8557135462760925,5.533672151614155e-07,0.10039570927619934,0.7620164155960083,0.0005489485920406878,0.109403595328331,0.6577777862548828,-0.007143842056393623,0.11699852347373962,0.5827316641807556,-0.01595352776348591,0.10793189704418182,0.5294097065925598,-0.02578248642385006,0.16034725308418274,0.6333686709403992,-0.0206065084785223,0.2380860447883606,0.569628119468689,-0.03523142263293266,0.2850629985332489,0.5372337102890015,-0.042928144335746765,0.3177569806575775,0.5145540237426758,-0.045536309480667114,0.18816594779491425,0.6736713647842407,-0.030280495062470436,0.2678701877593994,0.599155068397522,-0.03763435781002045,0.31173399090766907,0.5582491159439087,-0.039588626474142075,0.3419106900691986,0.5259073972702026,-0.04110417142510414,0.21589690446853638,0.7195987701416016,-0.0392039492726326,0.2873341143131256,0.6451457142829895,-0.04199759289622307,0.3253076672554016,0.6061736345291138,-0.038892850279808044,0.3503701090812683,0.5779880881309509,-0.03748869150876999,0.24237115681171417,0.765946090221405,-0.04824691638350487,0.2929743230342865,0.6954622864723206,-0.04844789579510689,0.3201371431350708,0.6598100066184998,-0.04169400408864021,0.33991360664367676,0.6328279376029968,-0.036098726093769073
214,0.8081194162368774,0.8017017841339111,4.105796591602484e-08,0.7999053597450256,0.7071754336357117,0.0027398669626563787,0.7548184990882874,0.6255705952644348,-0.0009411403443664312,0.7134621739387512,0.5605716109275818,-0.004259459674358368,0.7015582919120789,0.5060364603996277,-0.009265556000173092,0.7032822370529175,0.6217960715293884,-0.024056781083345413,0.6137202382087708,0.5986928939819336,-0.03429756686091423,0.5667167901992798,0.5900253057479858,-0.038983896374702454,0.5309134721755981,0.5857822299003601,-0.04188103601336479,0.6868369579315186,0.6729978322982788,-0.032080769538879395,0.5912091732025146,0.6420322060585022,-0.04212724417448044,0.5414391160011292,0.626664400100708,-0.04605695605278015,0.5064511299133301,0.6147856116294861,-0.049120061099529266,0.6717358231544495,0.7293969988822937,-0.03786687180399895,0.5862918496131897,0.6926034688949585,-0.04476497322320938,0.5407856702804565,0.6719256043434143,-0.04556235671043396,0.5092470645904541,0.6550000905990601,-0.04687095060944557,0.6600649356842041,0.7884514927864075,-0.042677950114011765,0.595890462398529,0.7504339218139648,-0.04646706208586693,0.5634665489196777,0.7312002182006836,-0.043209925293922424,0.5379175543785095,0.7139467000961304,-0.040630634874105453,0.10992317646741867,0.872953474521637,4.849440529142157e-07,0.10656613856554031,0.7730820178985596,-0.0012951063690707088,0.12490607798099518,0.6655727028846741,-0.009240761399269104,0.13612917065620422,0.5889936089515686,-0.017552170902490616,0.12797227501869202,0.5325126647949219,-0.02608588896691799,0.16256888210773468,0.6538000106811523,-0.022937972098588943,0.2459513545036316,0.599521279335022,-0.03891516104340553,0.2969974875450134,0.5702808499336243,-0.04738609492778778,0.333535373210907,0.5507611036300659,-0.050318218767642975,0.18779636919498444,0.7014968991279602,-0.03059154562652111,0.27403929829597473,0.6401975750923157,-0.03797469288110733,0.3199743628501892,0.6063283085823059,-0.038889080286026,0.3531455099582672,0.5775373578071594,-0.039707668125629425,0.21364690363407135,0.7513488531112671,-0.037308767437934875,0.28987255692481995,0.687502384185791,-0.04011725261807442,0.33039557933807373,0.6522376537322998,-0.03361070156097412,0.3579636812210083,0.6255812048912048,-0.02972620725631714,0.2377362996339798,0.7977537512779236,-0.044276557862758636,0.29614290595054626,0.7403221726417542,-0.042303331196308136,0.3280744254589081,0.7102876305580139,-0.03199242800474167,0.351314514875412,0.6860971450805664,-0.024130545556545258
215,0.813789427280426,0.7980577945709229,1.7748295988440077e-07,0.8052703738212585,0.6975417733192444,0.008534888736903667,0.7662747502326965,0.6117977499961853,0.007156839594244957,0.7330658435821533,0.5384699106216431,0.004496475216001272,0.7230920791625977,0.48128771781921387,-0.0005086794844828546,0.7152099013328552,0.6099453568458557,-0.016642868518829346,0.630903959274292,0.575515866279602,-0.025221947580575943,0.5856114625930786,0.5625447034835815,-0.02884652279317379,0.5505130887031555,0.5543845295906067,-0.03087780624628067,0.694498598575592,0.6558617949485779,-0.027333682402968407,0.6039907932281494,0.6098959445953369,-0.03721092641353607,0.5503281354904175,0.5864221453666687,-0.04250256344676018,0.5112110376358032,0.5711101293563843,-0.04613446071743965,0.6782885193824768,0.7081282138824463,-0.035476915538311005,0.5973384976387024,0.6575949788093567,-0.04258234426379204,0.5496418476104736,0.6307399868965149,-0.04639313369989395,0.515263020992279,0.6123037338256836,-0.049080751836299896,0.6672037243843079,0.762387752532959,-0.041939735412597656,0.6024627089500427,0.7116743326187134,-0.04775969311594963,0.5674251317977905,0.6861740350723267,-0.047353409230709076,0.5392100811004639,0.664925754070282,-0.04601174592971802,0.11401373147964478,0.880464494228363,5.290020226311754e-07,0.11225065588951111,0.7844052314758301,0.00037928472738713026,0.13581709563732147,0.680127739906311,-0.004931381903588772,0.15539540350437164,0.6029760241508484,-0.011184066534042358,0.15845027565956116,0.544765830039978,-0.017907537519931793,0.1820952296257019,0.6618794202804565,-0.014939147047698498,0.26513123512268066,0.6163062453269958,-0.028587698936462402,0.31572863459587097,0.5928829908370972,-0.037198182195425034,0.35242047905921936,0.5777095556259155,-0.04141951724886894,0.2074892520904541,0.7017401456832886,-0.02436714805662632,0.29567888379096985,0.6509690284729004,-0.030690433457493782,0.34642648696899414,0.6235975623130798,-0.03386079519987106,0.38331905007362366,0.6010320782661438,-0.03711754083633423,0.23220260441303253,0.7498456239700317,-0.033455707132816315,0.3113899827003479,0.6956164240837097,-0.036728184670209885,0.3576369881629944,0.6666455864906311,-0.03555472195148468,0.3912696838378906,0.6444114446640015,-0.036201681941747665,0.2541196048259735,0.7995651364326477,-0.0427427813410759,0.3133904039859772,0.75081467628479,-0.04313713684678078,0.3494195342063904,0.7246978878974915,-0.037973783910274506,0.37900078296661377,0.7044660449028015,-0.03431246429681778
216,0.8132568001747131,0.8362693190574646,1.1498664065356934e-07,0.7952903509140015,0.7306290864944458,0.006779135204851627,0.7482792735099792,0.6435887813568115,0.002728479215875268,0.7105490565299988,0.5750173330307007,-0.0024686604738235474,0.6992847919464111,0.5191562175750732,-0.010387451387941837,0.7089464664459229,0.6497629880905151,-0.022105708718299866,0.6196531057357788,0.6251580119132996,-0.035326384007930756,0.5697658061981201,0.6192055940628052,-0.0432511530816555,0.5289419293403625,0.6182548999786377,-0.04813556745648384,0.692651629447937,0.707395076751709,-0.03298477083444595,0.5943668484687805,0.6767697334289551,-0.045131418853998184,0.5383144617080688,0.6624296307563782,-0.05189669877290726,0.4959753751754761,0.6535001993179321,-0.05750071257352829,0.6772252321243286,0.7671365737915039,-0.041626397520303726,0.5877046585083008,0.7299708127975464,-0.04997598007321358,0.5375524163246155,0.7116615772247314,-0.052130043506622314,0.4991217255592346,0.6998758912086487,-0.05454235523939133,0.6643418669700623,0.8244999647140503,-0.048891037702560425,0.5956551432609558,0.7819016575813293,-0.05469867214560509,0.5603976845741272,0.7616167664527893,-0.052959248423576355,0.5308285355567932,0.7450470924377441,-0.05124296993017197,0.11438610404729843,0.8433475494384766,5.481235234583437e-07,0.10651293396949768,0.7463153004646301,0.006693641655147076,0.12367293238639832,0.6472566723823547,0.00213316990993917,0.1396685242652893,0.573294460773468,-0.0030595248099416494,0.13419878482818604,0.5200324654579163,-0.009472296573221684,0.16426903009414673,0.6262223124504089,-0.024149058386683464,0.24631135165691376,0.5603615641593933,-0.036855313926935196,0.2916640639305115,0.5300111770629883,-0.0397336445748806,0.32335758209228516,0.5126678347587585,-0.03869646042585373,0.19468194246292114,0.6666350364685059,-0.03439728170633316,0.2821844220161438,0.5873750448226929,-0.04265749454498291,0.3292137086391449,0.5474830865859985,-0.04218501225113869,0.3612014651298523,0.5198947191238403,-0.04126925766468048,0.22303903102874756,0.7120227217674255,-0.042492497712373734,0.30246448516845703,0.6316109895706177,-0.04630528390407562,0.3431664705276489,0.5903175473213196,-0.04503287747502327,0.3706256151199341,0.5601776838302612,-0.044824350625276566,0.24772976338863373,0.7575872540473938,-0.04938239976763725,0.30288729071617126,0.6854790449142456,-0.05227614566683769,0.3318157196044922,0.6462382078170776,-0.04942842945456505,0.353857159614563,0.6145176887512207,-0.04651022329926491
217,0.8171279430389404,0.7951966524124146,9.619699881113775e-08,0.8067885041236877,0.7025771141052246,0.007443455047905445,0.7548820376396179,0.6225611567497253,0.007361166179180145,0.7126510739326477,0.5579473972320557,0.006630162242799997,0.7026175856590271,0.5034117698669434,0.003607620717957616,0.7061412334442139,0.6120350956916809,-0.01735011488199234,0.6184177398681641,0.5907890796661377,-0.02709989994764328,0.5698719620704651,0.582838773727417,-0.03234901651740074,0.5325221419334412,0.5806858539581299,-0.03567225858569145,0.6890656352043152,0.660330057144165,-0.02626499906182289,0.5961452126502991,0.6296347975730896,-0.03459002077579498,0.5455110669136047,0.6159784197807312,-0.03827895596623421,0.5087911486625671,0.6077167987823486,-0.04145560413599014,0.6737819314002991,0.7148860692977905,-0.03301198408007622,0.5902102589607239,0.6796865463256836,-0.03953493759036064,0.5442416667938232,0.6610393524169922,-0.041060835123062134,0.5118940472602844,0.6487364172935486,-0.04302747920155525,0.6616459488868713,0.7741347551345825,-0.03831193596124649,0.598525881767273,0.7354792952537537,-0.04418791085481644,0.5653355121612549,0.7164551615715027,-0.0433926098048687,0.5385118722915649,0.6992754936218262,-0.04230578616261482,0.11493874341249466,0.8656376004219055,5.088052148494171e-07,0.1169009655714035,0.7634579539299011,0.003200020408257842,0.14473965764045715,0.6583995819091797,-0.002134329406544566,0.16442625224590302,0.5837189555168152,-0.008812262676656246,0.16296319663524628,0.5268628597259521,-0.01600777357816696,0.1863449215888977,0.6443413496017456,-0.017347736284136772,0.2735920548439026,0.5996172428131104,-0.031868383288383484,0.32624632120132446,0.5801454782485962,-0.04054434224963188,0.3638456165790558,0.568038821220398,-0.04411199316382408,0.2100939005613327,0.6881752014160156,-0.027533117681741714,0.3005257844924927,0.6342337727546692,-0.03338465094566345,0.35157904028892517,0.6076839566230774,-0.03567841276526451,0.387789785861969,0.5867563486099243,-0.03785322234034538,0.23237663507461548,0.7390045523643494,-0.036457400768995285,0.31053978204727173,0.6810439825057983,-0.03788529336452484,0.35649627447128296,0.6509102582931519,-0.03386668860912323,0.3885822296142578,0.6273066401481628,-0.03263501450419426,0.25110092759132385,0.7903103232383728,-0.04529911279678345,0.3087097406387329,0.7385230660438538,-0.04225437343120575,0.3431490659713745,0.7108493447303772,-0.032870814204216,0.37053871154785156,0.68853759765625,-0.026232868432998657
218,0.8166167736053467,0.7926388382911682,1.9545409202237352e-07,0.809292197227478,0.692022442817688,0.00859038531780243,0.7705516219139099,0.6053024530410767,0.006853266153484583,0.737213671207428,0.5320029258728027,0.003955692518502474,0.7271139621734619,0.47417151927948,-0.0012974913697689772,0.7192224264144897,0.6014269590377808,-0.017689291387796402,0.6342325806617737,0.5644272565841675,-0.026525620371103287,0.5884100794792175,0.5498164892196655,-0.02982223592698574,0.5532435774803162,0.5406432747840881,-0.03146875649690628,0.698930561542511,0.647636353969574,-0.028387662023305893,0.6067096590995789,0.6002755165100098,-0.038093168288469315,0.5535489916801453,0.5757928490638733,-0.042661383748054504,0.5152497887611389,0.5586532354354858,-0.04571932181715965,0.682904064655304,0.7001844644546509,-0.03644558787345886,0.6007460355758667,0.6491119861602783,-0.043253492563962936,0.5531522035598755,0.6206871867179871,-0.04603925347328186,0.519424319267273,0.5996091365814209,-0.04811747372150421,0.671753466129303,0.7549600005149841,-0.04284514859318733,0.6073295474052429,0.7038390040397644,-0.04781186580657959,0.5742624402046204,0.6767758727073669,-0.046052101999521255,0.5483598709106445,0.6530804634094238,-0.043839290738105774,0.12163523584604263,0.8551833033561707,4.279565928300144e-07,0.11917204409837723,0.7590713500976562,0.0031812337692826986,0.13936474919319153,0.6570859551429749,-0.001648943405598402,0.15083517134189606,0.5830077528953552,-0.008451119996607304,0.14715342223644257,0.527400016784668,-0.015611300244927406,0.19825062155723572,0.6323312520980835,-0.006199654657393694,0.2731158435344696,0.5898110866546631,-0.018902858719229698,0.32287701964378357,0.5722849369049072,-0.027862586081027985,0.35792142152786255,0.5640969276428223,-0.03151347488164902,0.2224086970090866,0.6727843284606934,-0.01549492496997118,0.2994498610496521,0.6241394281387329,-0.018313325941562653,0.3449646830558777,0.6023536324501038,-0.01896815001964569,0.37850967049598694,0.5863723158836365,-0.020072994753718376,0.24490171670913696,0.7219703793525696,-0.024770932272076607,0.3140504062175751,0.6713618040084839,-0.02424858696758747,0.35351842641830444,0.6476800441741943,-0.018202664330601692,0.38060957193374634,0.6313314437866211,-0.015102824196219444,0.2653179168701172,0.7727819085121155,-0.034461766481399536,0.31850147247314453,0.7209203243255615,-0.03066137619316578,0.3499811887741089,0.6970048546791077,-0.020549144595861435,0.3734579086303711,0.6789119243621826,-0.012819777242839336
219,0.8198591470718384,0.8250734806060791,1.300303154039284e-07,0.8097348213195801,0.7178469300270081,0.007321746554225683,0.762972891330719,0.6314192414283752,0.006142886821180582,0.720909059047699,0.5633416175842285,0.0037812883965671062,0.7093106508255005,0.5035908818244934,-0.0007554819458164275,0.7136207818984985,0.6326162219047546,-0.012816117145121098,0.6239344477653503,0.6034883260726929,-0.022969074547290802,0.5733217000961304,0.5950638055801392,-0.02916746959090233,0.5333623886108398,0.5909872055053711,-0.03298531472682953,0.6941416263580322,0.6883600354194641,-0.022396694868803024,0.5998129844665527,0.6514628529548645,-0.032410766929388046,0.5438396334648132,0.6333281397819519,-0.038705695420503616,0.5011215209960938,0.6201174259185791,-0.043396055698394775,0.677696168422699,0.7466661334037781,-0.03004715032875538,0.5931450128555298,0.7034529447555542,-0.036476340144872665,0.5448645353317261,0.6809319257736206,-0.038020480424165726,0.5072701573371887,0.6641060709953308,-0.039581965655088425,0.6662923097610474,0.8035330772399902,-0.036414019763469696,0.6005653738975525,0.7564412355422974,-0.040252335369586945,0.567345917224884,0.7330959439277649,-0.03735676035284996,0.5394467115402222,0.7123121619224548,-0.034434907138347626,0.1127883791923523,0.8317452669143677,4.861985303250549e-07,0.09979507327079773,0.7329672574996948,0.006736462004482746,0.11220788210630417,0.6362631916999817,0.0021547821816056967,0.12442206591367722,0.5619676113128662,-0.0037275608628988266,0.11928295344114304,0.5086516737937927,-0.011206553317606449,0.15944786369800568,0.6091621518135071,-0.019027452915906906,0.23710618913173676,0.5435953140258789,-0.03130486235022545,0.28163856267929077,0.5100898742675781,-0.03558780625462532,0.3140420913696289,0.48653048276901245,-0.03610454499721527,0.19176866114139557,0.6469405889511108,-0.029979437589645386,0.27310383319854736,0.5693485736846924,-0.036798592656850815,0.31888729333877563,0.5267537236213684,-0.037424128502607346,0.35113415122032166,0.4939587116241455,-0.037744149565696716,0.22123779356479645,0.6920627355575562,-0.039307162165641785,0.29450058937072754,0.6125609278678894,-0.04246208444237709,0.3344287872314453,0.5691244006156921,-0.042073775082826614,0.3621068596839905,0.5350967049598694,-0.04274667054414749,0.24686294794082642,0.7379991412162781,-0.04766647145152092,0.29827573895454407,0.6663720607757568,-0.05026302859187126,0.3267906904220581,0.6271870136260986,-0.047429729253053665,0.34955063462257385,0.5948594808578491,-0.04464828222990036
220,0.8184409141540527,0.7825917601585388,8.739843337934872e-08,0.8060188293457031,0.6897379159927368,0.011020272970199585,0.7600755095481873,0.6067454218864441,0.010762624442577362,0.7231152653694153,0.5389607548713684,0.008548159152269363,0.7154760360717773,0.48351168632507324,0.004032835830003023,0.7070407271385193,0.5988382697105408,-0.01073276624083519,0.6224222779273987,0.5780967473983765,-0.019702691584825516,0.5762798190116882,0.5700664520263672,-0.024982718750834465,0.5409421920776367,0.5665923357009888,-0.02824931964278221,0.6910527944564819,0.6435269713401794,-0.022156380116939545,0.5999006628990173,0.6097707152366638,-0.029420265927910805,0.5514373779296875,0.5963642001152039,-0.03230954706668854,0.516053318977356,0.5876590609550476,-0.03483961150050163,0.6758201122283936,0.6953182220458984,-0.031389590352773666,0.5942032337188721,0.6565176248550415,-0.036447152495384216,0.5499826669692993,0.6379736661911011,-0.035522691905498505,0.5186841487884521,0.6245598196983337,-0.03576946631073952,0.6629740595817566,0.7537951469421387,-0.03919285163283348,0.6005659699440002,0.7119707465171814,-0.042651738971471786,0.5682512521743774,0.690599799156189,-0.03893090412020683,0.5420452952384949,0.671930730342865,-0.03580040857195854,0.11453457921743393,0.8630492091178894,4.7492272869931185e-07,0.1172347292304039,0.7617737650871277,0.0010813475819304585,0.14135295152664185,0.6593976616859436,-0.005472635384649038,0.16111032664775848,0.5825074315071106,-0.013396092690527439,0.1652519404888153,0.5236206650733948,-0.0219236109405756,0.18953768908977509,0.6426854729652405,-0.017270749434828758,0.27374428510665894,0.5981358289718628,-0.0321878157556057,0.3239118456840515,0.5795120000839233,-0.04170489311218262,0.35985100269317627,0.5675452351570129,-0.04630973935127258,0.21445414423942566,0.6865779161453247,-0.027880486100912094,0.3073500096797943,0.636773943901062,-0.03479238227009773,0.359796941280365,0.6124845743179321,-0.03770818933844566,0.39679592847824097,0.5922921895980835,-0.04062150418758392,0.23786935210227966,0.7376030683517456,-0.037969667464494705,0.3207072615623474,0.6825205087661743,-0.041472431272268295,0.3689924478530884,0.6544341444969177,-0.039167582988739014,0.4028932452201843,0.6333678364753723,-0.03880619257688522,0.25724345445632935,0.789315938949585,-0.04818231239914894,0.31863218545913696,0.7389177083969116,-0.04693980515003204,0.3556653559207916,0.7130386829376221,-0.039133016020059586,0.38542503118515015,0.6940224170684814,-0.03359824791550636
221,0.8192599415779114,0.7832551598548889,1.73786403934173e-07,0.8100108504295349,0.6836978793144226,0.00935449916869402,0.7733059525489807,0.5947870016098022,0.0073507726192474365,0.7430947422981262,0.5229358673095703,0.003505151951685548,0.7365866899490356,0.46541741490364075,-0.003049213672056794,0.7246185541152954,0.5908623933792114,-0.015929225832223892,0.6406481266021729,0.5540771484375,-0.02575455605983734,0.5949706435203552,0.5381699800491333,-0.029932301491498947,0.560193657875061,0.5265669226646423,-0.032399553805589676,0.7056288123130798,0.6371594071388245,-0.02828473411500454,0.6152061223983765,0.5901220440864563,-0.03790586069226265,0.5628258585929871,0.5647943019866943,-0.04205486178398132,0.5253646373748779,0.5447660088539124,-0.045189958065748215,0.6892747282981873,0.6909438967704773,-0.03849823772907257,0.6068612337112427,0.6386236548423767,-0.045879993587732315,0.5600005388259888,0.6089194416999817,-0.04803186655044556,0.5268920063972473,0.5841664671897888,-0.050060614943504333,0.6761640310287476,0.7492414116859436,-0.047203078866004944,0.6133857369422913,0.6984242796897888,-0.054534800350666046,0.5790842175483704,0.6690731048583984,-0.054295774549245834,0.5514895915985107,0.6422298550605774,-0.05326804146170616,0.12689557671546936,0.8325207233428955,2.0378760723360756e-07,0.12628090381622314,0.7398641109466553,0.00975737627595663,0.14553865790367126,0.6420614123344421,0.0026956284418702126,0.1623889058828354,0.5696878433227539,-0.007737690582871437,0.16289961338043213,0.5105122923851013,-0.01842636428773403,0.2051725685596466,0.6058725714683533,-0.012212778441607952,0.2929995357990265,0.5554338097572327,-0.025521477684378624,0.33091241121292114,0.5424412488937378,-0.031209871172904968,0.35000333189964294,0.5333865880966187,-0.0312831737101078,0.22903302311897278,0.6501356363296509,-0.025465408340096474,0.3279646933078766,0.5911537408828735,-0.030408497899770737,0.36638492345809937,0.5719150304794312,-0.027097152546048164,0.3874911069869995,0.5587497353553772,-0.0242988932877779,0.2502974271774292,0.7016555666923523,-0.03742753341794014,0.3393605053424835,0.6483872532844543,-0.03614408150315285,0.37003979086875916,0.6324657201766968,-0.024211229756474495,0.3828483819961548,0.6232572793960571,-0.016591977328062057,0.26847603917121887,0.7546887993812561,-0.04924776405096054,0.33220374584198,0.7053270936012268,-0.039407242089509964,0.35703521966934204,0.6884348392486572,-0.022226551547646523,0.3710726201534271,0.6771368980407715,-0.009918417781591415
222,0.8181856870651245,0.8199598789215088,9.883046914183069e-08,0.8054243922233582,0.711636483669281,0.014078550972044468,0.7609202861785889,0.6287634968757629,0.015968065708875656,0.7199488878250122,0.5595242977142334,0.016111381351947784,0.7063736319541931,0.5016038417816162,0.013722286559641361,0.7114379405975342,0.6329833269119263,-0.007545622065663338,0.6220395565032959,0.6072788238525391,-0.012664590030908585,0.5738027691841125,0.6014779210090637,-0.015300119295716286,0.5352960228919983,0.5982117056846619,-0.017438003793358803,0.6912098526954651,0.6862044930458069,-0.019279103726148605,0.5949510931968689,0.6501049995422363,-0.026248181238770485,0.539445161819458,0.6334303021430969,-0.03066444583237171,0.4980359673500061,0.6226793527603149,-0.03445649892091751,0.6755284070968628,0.7433679103851318,-0.028217898681759834,0.590395450592041,0.6994966864585876,-0.03224029764533043,0.5412017107009888,0.677951455116272,-0.03359664976596832,0.5032755136489868,0.6621692180633545,-0.035544298589229584,0.666301429271698,0.7999451756477356,-0.035077761858701706,0.5978646278381348,0.7551578283309937,-0.037945546209812164,0.5628951191902161,0.7325698137283325,-0.035694293677806854,0.5326741337776184,0.7116839289665222,-0.03365175053477287,0.12018528580665588,0.8443187475204468,4.452761857010046e-07,0.11684874445199966,0.7456861138343811,0.002456252695992589,0.1338253915309906,0.6437210440635681,-0.0044066933915019035,0.14603017270565033,0.5655910968780518,-0.01218833215534687,0.14475513994693756,0.5069836378097534,-0.02039625681936741,0.18320658802986145,0.6157551407814026,-0.020331701263785362,0.2645445466041565,0.5558268427848816,-0.03498230129480362,0.310744971036911,0.528340220451355,-0.0414692685008049,0.34393900632858276,0.5103987455368042,-0.043518997728824615,0.21095356345176697,0.6556053161621094,-0.030907414853572845,0.29986923933029175,0.5870081186294556,-0.03905435651540756,0.3488755524158478,0.5513334274291992,-0.04032127186655998,0.3843368887901306,0.5243830680847168,-0.04120445251464844,0.23642997443675995,0.7031087875366211,-0.04068682715296745,0.31716740131378174,0.631259024143219,-0.045246757566928864,0.36121323704719543,0.5934534668922424,-0.044142719358205795,0.3922187089920044,0.5641899108886719,-0.0442657470703125,0.25772446393966675,0.753882884979248,-0.05009293928742409,0.3146376609802246,0.6911445260047913,-0.05197768658399582,0.3468336760997772,0.6560091972351074,-0.0475163459777832,0.37235385179519653,0.6267513632774353,-0.04383277893066406
223,0.8129054307937622,0.7743239402770996,1.4115721569396555e-07,0.808571457862854,0.6779463291168213,0.004570270422846079,0.7715908885002136,0.5966044664382935,0.0008329367265105247,0.7379123568534851,0.5284669995307922,-0.0035440330393612385,0.730228841304779,0.4733663499355316,-0.009149614721536636,0.7173512578010559,0.5953487157821655,-0.016612309962511063,0.6313444375991821,0.5611678957939148,-0.02452322281897068,0.5869304537773132,0.5498489141464233,-0.027819162234663963,0.5542007684707642,0.5445294380187988,-0.029351036995649338,0.6972216963768005,0.6437445282936096,-0.025165924802422523,0.6062155961990356,0.5982723236083984,-0.032719798386096954,0.5565221905708313,0.5791051983833313,-0.03561976179480553,0.5220516920089722,0.5669742226600647,-0.03735371679067612,0.6799483299255371,0.6959681510925293,-0.03177464008331299,0.6001144647598267,0.6468638777732849,-0.03554050624370575,0.5558444261550903,0.6235920190811157,-0.036015834659338,0.5248733758926392,0.607627809047699,-0.03680740296840668,0.6672086715698242,0.7497234344482422,-0.03752276301383972,0.6067078709602356,0.7009545564651489,-0.03912981599569321,0.5728594064712524,0.6773540377616882,-0.03577563166618347,0.5451842546463013,0.6576414108276367,-0.03281458094716072,0.12007160484790802,0.8734184503555298,5.093997970107011e-07,0.125629261136055,0.7704890370368958,0.0024701436050236225,0.1499360352754593,0.6721462607383728,-0.004791799932718277,0.1742456704378128,0.5981387495994568,-0.012930585071444511,0.18619902431964874,0.5397869944572449,-0.02193155325949192,0.20129212737083435,0.6575968861579895,-0.02614574506878853,0.29209959506988525,0.6101775169372559,-0.041803084313869476,0.34244006872177124,0.5901718139648438,-0.04879244416952133,0.3780532479286194,0.5778106451034546,-0.05091004818677902,0.22628217935562134,0.707139253616333,-0.036908842623233795,0.32695451378822327,0.6506103277206421,-0.045905910432338715,0.3814915418624878,0.6221252083778381,-0.047269873321056366,0.4189065098762512,0.6022655367851257,-0.048072006553411484,0.24848364293575287,0.7611814141273499,-0.046157386153936386,0.33968687057495117,0.6985914707183838,-0.051716167479753494,0.3886663317680359,0.6650392413139343,-0.04963530972599983,0.42142629623413086,0.6394019722938538,-0.04854218661785126,0.2661934792995453,0.8153606057167053,-0.054761480540037155,0.33566081523895264,0.7622484564781189,-0.05585569515824318,0.37289416790008545,0.7304481267929077,-0.04908719286322594,0.40086373686790466,0.7043322324752808,-0.04344438761472702
224,0.8248342275619507,0.8097027540206909,1.4267881454088638e-07,0.8162474632263184,0.7147650718688965,0.00686694635078311,0.7693018913269043,0.6241368055343628,0.00479119922965765,0.7340216636657715,0.5498781204223633,0.0022071702405810356,0.728584349155426,0.4916284680366516,-0.002905791625380516,0.7282225489616394,0.6145166754722595,-0.02238404005765915,0.6401812434196472,0.5839800834655762,-0.032600853592157364,0.5909396409988403,0.5745820999145508,-0.03713621199131012,0.5565308928489685,0.5676388740539551,-0.03987647593021393,0.7101585865020752,0.6660400032997131,-0.03251079469919205,0.6189489364624023,0.6236945390701294,-0.0431642159819603,0.5667517185211182,0.6006816029548645,-0.04622910916805267,0.5316064357757568,0.5831537246704102,-0.04809087887406349,0.691550612449646,0.7246620059013367,-0.04036196693778038,0.6093041300773621,0.6793578267097473,-0.047179143875837326,0.5636711120605469,0.6492533087730408,-0.04678095877170563,0.5324138402938843,0.6243996620178223,-0.0470142662525177,0.6763046383857727,0.7879395484924316,-0.04689493402838707,0.6116766333580017,0.7438633441925049,-0.05145968124270439,0.5782635807991028,0.7202892303466797,-0.048233386129140854,0.5517135262489319,0.6992694139480591,-0.04534592851996422,0.12600567936897278,0.8377642631530762,4.947190745951957e-07,0.12439592182636261,0.7411839962005615,0.00023265599156729877,0.14405640959739685,0.6427450776100159,-0.006101950537413359,0.15833505988121033,0.5677655935287476,-0.013510948978364468,0.15506991744041443,0.5126358270645142,-0.021396465599536896,0.19738876819610596,0.6194248199462891,-0.012804577127099037,0.2769441306591034,0.5665045976638794,-0.02407110668718815,0.32167956233024597,0.5400343537330627,-0.03006770648062229,0.3511717915534973,0.5219095349311829,-0.03137735277414322,0.22436735033988953,0.6628038883209229,-0.02014046534895897,0.30567747354507446,0.5993496775627136,-0.024021780118346214,0.34804654121398926,0.5647568702697754,-0.02443445473909378,0.3756340444087982,0.5388310551643372,-0.02468327060341835,0.24810004234313965,0.7107468843460083,-0.0270692091435194,0.32142800092697144,0.6459534168243408,-0.02725556492805481,0.35777950286865234,0.6098295450210571,-0.022518547251820564,0.3809438645839691,0.5835433006286621,-0.01993352733552456,0.26873672008514404,0.756879448890686,-0.03420077636837959,0.3232530951499939,0.6954892873764038,-0.03153536096215248,0.3514002859592438,0.6648860573768616,-0.02245730347931385,0.3713563084602356,0.640887439250946,-0.015119507908821106
225,0.8264260292053223,0.8121538758277893,1.32565602939394e-07,0.8147857189178467,0.714928150177002,0.008697320707142353,0.7686289548873901,0.6224187612533569,0.006445543374866247,0.7333515882492065,0.5481688380241394,0.0034416986163705587,0.727495551109314,0.490789532661438,-0.002443061675876379,0.7294737100601196,0.6132861375808716,-0.022901536896824837,0.6411566138267517,0.5862447023391724,-0.03272204473614693,0.5944971442222595,0.5758644938468933,-0.03707156702876091,0.5606780052185059,0.5674353241920471,-0.04005555808544159,0.7106537222862244,0.6666625738143921,-0.03433188050985336,0.6189744472503662,0.6245060563087463,-0.04377029836177826,0.5712762475013733,0.5995844006538391,-0.04574425518512726,0.5406191349029541,0.5789225101470947,-0.047608599066734314,0.6921324729919434,0.7271280288696289,-0.043270792812108994,0.6093298196792603,0.681052565574646,-0.049812719225883484,0.5659992694854736,0.6469808220863342,-0.048758234828710556,0.5388158559799194,0.6164700388908386,-0.04912180081009865,0.6767338514328003,0.7918738722801208,-0.0506163090467453,0.6108339428901672,0.7487773299217224,-0.05571020394563675,0.5783875584602356,0.7226671576499939,-0.05219634994864464,0.554261326789856,0.6973175406455994,-0.04942414164543152,0.12555557489395142,0.8398897647857666,3.9522933548141737e-07,0.12162161618471146,0.7438963055610657,0.003953155595809221,0.14305740594863892,0.6453351974487305,0.00010324663890060037,0.15979576110839844,0.5741216540336609,-0.005117031745612621,0.158990278840065,0.5204939842224121,-0.01082390733063221,0.19394516944885254,0.6218087077140808,-0.012313338927924633,0.2687223553657532,0.56840980052948,-0.02386007085442543,0.3140343427658081,0.5420822501182556,-0.030214833095669746,0.34593603014945984,0.5245458483695984,-0.03223135322332382,0.2207283079624176,0.6616434454917908,-0.021877136081457138,0.3014548122882843,0.5988187193870544,-0.026025567203760147,0.3469848036766052,0.5652466416358948,-0.027001533657312393,0.3782643675804138,0.5388319492340088,-0.02788699045777321,0.24479007720947266,0.709121823310852,-0.030535366386175156,0.3176806569099426,0.6459807753562927,-0.03122253715991974,0.3575778603553772,0.6108778715133667,-0.028590181842446327,0.3845357596874237,0.5824742317199707,-0.027788195759058,0.2649080157279968,0.7574141025543213,-0.03896952047944069,0.32026407122612,0.700382649898529,-0.03738313168287277,0.35066309571266174,0.6699740886688232,-0.03060142509639263,0.37304767966270447,0.6444027423858643,-0.025214267894625664
226,0.8206671476364136,0.795558512210846,1.6962235349637922e-07,0.8125894069671631,0.692897617816925,0.01115267165005207,0.7777544260025024,0.6067126393318176,0.010825823061168194,0.7448486089706421,0.5337765216827393,0.008516030386090279,0.7362715601921082,0.4775221645832062,0.00413495721295476,0.7227011322975159,0.605620265007019,-0.008714340627193451,0.642760157585144,0.569635272026062,-0.014582570642232895,0.5998612642288208,0.5557766556739807,-0.017743734642863274,0.5659257769584656,0.5462585687637329,-0.019926561042666435,0.6998778581619263,0.6516715288162231,-0.020341098308563232,0.6125480532646179,0.6040886640548706,-0.026789966970682144,0.5624333620071411,0.5809955596923828,-0.03053027205169201,0.5259944796562195,0.564469039440155,-0.03354018181562424,0.6822381615638733,0.702968180179596,-0.029595807194709778,0.6047918796539307,0.6506487727165222,-0.03338630869984627,0.5597612261772156,0.6241128444671631,-0.034717053174972534,0.5268462896347046,0.6044237017631531,-0.036496296525001526,0.6704321503639221,0.7558267712593079,-0.03727895766496658,0.6091424226760864,0.705010712146759,-0.04001558572053909,0.5748401880264282,0.6802601218223572,-0.03731101378798485,0.5467754602432251,0.6582860946655273,-0.03474397212266922,0.13163664937019348,0.8916161060333252,4.922356993120047e-07,0.13209062814712524,0.7860870957374573,0.000666693551465869,0.15729717910289764,0.688907265663147,-0.00840155128389597,0.18454524874687195,0.6134485602378845,-0.017687642946839333,0.19427382946014404,0.5538275241851807,-0.02790834568440914,0.21558353304862976,0.6761996746063232,-0.030637653544545174,0.3071720600128174,0.6377888917922974,-0.04487539827823639,0.3563121557235718,0.6217856407165527,-0.04986028000712395,0.39100849628448486,0.6105003952980042,-0.0510815754532814,0.24148182570934296,0.7276215553283691,-0.04080704599618912,0.34048226475715637,0.6793697476387024,-0.04946110397577286,0.3945769965648651,0.6534978747367859,-0.049865420907735825,0.43243929743766785,0.6314958333969116,-0.050342194736003876,0.2632441222667694,0.7831377983093262,-0.049353767186403275,0.3504209816455841,0.7285376787185669,-0.05459017679095268,0.399630069732666,0.6979595422744751,-0.05300220102071762,0.43301016092300415,0.6727415919303894,-0.05277238041162491,0.27977025508880615,0.8371977806091309,-0.05734820291399956,0.3464726507663727,0.7859124541282654,-0.05916031077504158,0.38352033495903015,0.7553277611732483,-0.05372834578156471,0.41211217641830444,0.7295586466789246,-0.049293823540210724
227,0.8163947463035583,0.8300689458847046,7.193380469061594e-08,0.8004465699195862,0.7302694916725159,0.005298404488712549,0.7523720860481262,0.6394098997116089,-0.0007169278105720878,0.7169357538223267,0.573121964931488,-0.00684397853910923,0.7089389562606812,0.5183908939361572,-0.015996327623724937,0.7206954956054688,0.6339834332466125,-0.036813292652368546,0.6289036870002747,0.6059407591819763,-0.055697545409202576,0.5758946537971497,0.5998842716217041,-0.06488637626171112,0.5343890190124512,0.6023299694061279,-0.06963573396205902,0.704889178276062,0.6927989721298218,-0.04799580201506615,0.6007559299468994,0.6615602970123291,-0.06600236892700195,0.5434296727180481,0.6523140668869019,-0.0721389651298523,0.5023800730705261,0.6505326628684998,-0.07625588029623032,0.6871530413627625,0.754936158657074,-0.05648083612322807,0.5910996198654175,0.7186548709869385,-0.06972669810056686,0.5378406643867493,0.7041612863540649,-0.07188765704631805,0.49943792819976807,0.6972611546516418,-0.0731678307056427,0.6702349185943604,0.8182275891304016,-0.06324830651283264,0.5977895855903625,0.7782453298568726,-0.07365092635154724,0.5597089529037476,0.7599292993545532,-0.07403933256864548,0.529151976108551,0.7459695339202881,-0.07307419925928116,0.1291830688714981,0.8587075471878052,5.145066097611561e-07,0.12230118364095688,0.7636035680770874,-0.005428618751466274,0.13669398427009583,0.6601322889328003,-0.01425717119127512,0.1466796100139618,0.582089900970459,-0.02390928380191326,0.1472090184688568,0.5255061388015747,-0.03319364786148071,0.2084961235523224,0.6367775201797485,-0.013454918749630451,0.2857332229614258,0.5884389877319336,-0.025767134502530098,0.331524521112442,0.5663314461708069,-0.034307945519685745,0.3628615140914917,0.5515655875205994,-0.0376540906727314,0.23432159423828125,0.6807827353477478,-0.01842155121266842,0.3091897964477539,0.6237413883209229,-0.02276311255991459,0.3493659496307373,0.5922011137008667,-0.02479001134634018,0.37621229887008667,0.570419430732727,-0.026353823021054268,0.2558395266532898,0.7310115098953247,-0.023850498721003532,0.32259392738342285,0.674822211265564,-0.02460598386824131,0.3560620844364166,0.6420587301254272,-0.020816732197999954,0.37626224756240845,0.6198146939277649,-0.01855912245810032,0.27397388219833374,0.7810478210449219,-0.03023798204958439,0.3272247612476349,0.7267557382583618,-0.027777601033449173,0.35434675216674805,0.6965405344963074,-0.019342172890901566,0.3730818033218384,0.6721925735473633,-0.012103539891541004
228,0.814538836479187,0.8267412781715393,5.5758444972298093e-08,0.8005504608154297,0.7279137372970581,0.004985340870916843,0.7530112862586975,0.6371467709541321,-0.0011907380539923906,0.7146013975143433,0.5695804357528687,-0.007450837641954422,0.7087026238441467,0.5116357803344727,-0.016709180548787117,0.7186601161956787,0.6356709003448486,-0.03556289151310921,0.6264889240264893,0.6105002760887146,-0.053645115345716476,0.5744152069091797,0.6044800877571106,-0.0629923939704895,0.5363980531692505,0.605638861656189,-0.0679810419678688,0.702261209487915,0.6954237222671509,-0.04644849896430969,0.6004319787025452,0.6628873944282532,-0.062401968985795975,0.5440461039543152,0.6505556702613831,-0.06783916056156158,0.504770040512085,0.6453338265419006,-0.07194538414478302,0.6852153539657593,0.7580642700195312,-0.05469036102294922,0.5930753946304321,0.719459056854248,-0.06598623096942902,0.5425748825073242,0.7015049457550049,-0.06671475619077682,0.5071524977684021,0.6908441781997681,-0.067707359790802,0.6693413257598877,0.8212564587593079,-0.06133316457271576,0.5978872776031494,0.7805629968643188,-0.0701528787612915,0.5616989135742188,0.7610486745834351,-0.06886931508779526,0.5330976247787476,0.7453252673149109,-0.06714943796396255,0.13098128139972687,0.8612369298934937,4.475142247883923e-07,0.1212487667798996,0.7650484442710876,-0.0037798709236085415,0.13472497463226318,0.6609212756156921,-0.012221195735037327,0.14385204017162323,0.5807006359100342,-0.02171279676258564,0.14302514493465424,0.5212600231170654,-0.030972179025411606,0.20224377512931824,0.6369122862815857,-0.012087968178093433,0.27802297472953796,0.5882135629653931,-0.024854587391018867,0.3243931531906128,0.5689083933830261,-0.03358912467956543,0.3573860228061676,0.5573921203613281,-0.036978427320718765,0.22844533622264862,0.6774325370788574,-0.017789402976632118,0.304135262966156,0.6216859817504883,-0.021967384964227676,0.3460271656513214,0.5960190892219543,-0.02332598716020584,0.37612050771713257,0.5776398181915283,-0.024148300290107727,0.2506237030029297,0.7253981828689575,-0.023903358727693558,0.3162384033203125,0.6718364357948303,-0.023773640394210815,0.3512806296348572,0.6458936929702759,-0.018794571980834007,0.3745936155319214,0.6276084780693054,-0.015771683305501938,0.26925235986709595,0.7730987071990967,-0.03096301294863224,0.3190076947212219,0.718784749507904,-0.02638443186879158,0.3472277522087097,0.6924819350242615,-0.016386747360229492,0.36863061785697937,0.6716469526290894,-0.008426627144217491
229,0.8076801300048828,0.8141173124313354,6.633724325411094e-08,0.793239951133728,0.7170678377151489,0.00808490440249443,0.7475214600563049,0.6337461471557617,0.006177250295877457,0.708156168460846,0.570460319519043,0.0027556295972317457,0.7002829313278198,0.5148977041244507,-0.0030446252785623074,0.7036744356155396,0.6306657791137695,-0.01709694415330887,0.6173895001411438,0.6086406707763672,-0.03006943315267563,0.5691168308258057,0.6026654839515686,-0.03784399852156639,0.5344598293304443,0.6034023761749268,-0.04220305383205414,0.6860441565513611,0.680834174156189,-0.027904139831662178,0.594570517539978,0.6521251797676086,-0.03895584121346474,0.5418279767036438,0.641300618648529,-0.045107338577508926,0.5036706924438477,0.6365680694580078,-0.04991825670003891,0.6697306632995605,0.7370367050170898,-0.0366927795112133,0.587673544883728,0.7041732668876648,-0.044588278979063034,0.5416926145553589,0.6898037195205688,-0.04664014279842377,0.5087976455688477,0.6808011531829834,-0.04887165501713753,0.6560178995132446,0.7971744537353516,-0.04400820657610893,0.5928339958190918,0.7599116563796997,-0.04994118586182594,0.5588385462760925,0.7432091236114502,-0.048669639974832535,0.5307685136795044,0.729457676410675,-0.04719976708292961,0.11999838054180145,0.8717437982559204,4.841469376515306e-07,0.11485312879085541,0.7737187147140503,-0.003722544526681304,0.12835058569908142,0.6675429940223694,-0.013723302632570267,0.13660001754760742,0.5880289077758789,-0.024625122547149658,0.13558810949325562,0.5283307433128357,-0.035555802285671234,0.1869468241930008,0.6498823165893555,-0.020212290808558464,0.26496678590774536,0.5987787842750549,-0.03809041902422905,0.3148755133152008,0.5759359002113342,-0.04951327294111252,0.35106003284454346,0.562942624092102,-0.054220933467149734,0.2119561731815338,0.6918227076530457,-0.02804761566221714,0.2915912866592407,0.6308594346046448,-0.03714466840028763,0.33927392959594727,0.5984667539596558,-0.04026097431778908,0.37470126152038574,0.5732873678207397,-0.042088694870471954,0.2353319376707077,0.7410556674003601,-0.03591514378786087,0.3063089847564697,0.6818082928657532,-0.04012218862771988,0.3467128276824951,0.6505640745162964,-0.03609764575958252,0.3740769326686859,0.6270110011100769,-0.03341645747423172,0.25563204288482666,0.7911663055419922,-0.04449326545000076,0.30952006578445435,0.7351918816566467,-0.043955788016319275,0.3401147127151489,0.7054987549781799,-0.03509410098195076,0.3624407649040222,0.6817507147789001,-0.02762019634246826
230,0.8150773048400879,0.7889413237571716,2.0679692624980817e-07,0.8115829825401306,0.6861699819564819,0.00588605273514986,0.7785526514053345,0.6033840775489807,0.002792873652651906,0.7458952069282532,0.5303227305412292,-0.0012430456699803472,0.7384475469589233,0.4719794988632202,-0.007229482289403677,0.7217622399330139,0.6013497710227966,-0.014190365560352802,0.6421465277671814,0.564548134803772,-0.021437324583530426,0.599113941192627,0.5491626858711243,-0.0249676201492548,0.5650618076324463,0.5390821695327759,-0.027382053434848785,0.6970265507698059,0.6471179127693176,-0.02342190220952034,0.6088521480560303,0.599719226360321,-0.03065243735909462,0.5597240924835205,0.5765061974525452,-0.03461708873510361,0.5233423709869385,0.5595174431800842,-0.03745004162192345,0.6779184937477112,0.6986323595046997,-0.030510950833559036,0.5995995998382568,0.6458155512809753,-0.03537529334425926,0.5561065673828125,0.6185222268104553,-0.03770260512828827,0.5241203308105469,0.5980064272880554,-0.03977448493242264,0.6662192344665527,0.7510826587677002,-0.036394137889146805,0.6056869626045227,0.6980078220367432,-0.0398690402507782,0.5734997987747192,0.6710116267204285,-0.03759891167283058,0.5473153591156006,0.6472416520118713,-0.035011570900678635,0.12588413059711456,0.8854139447212219,5.033176080360136e-07,0.12870857119560242,0.7887973189353943,-0.002483732532709837,0.1539405882358551,0.688007116317749,-0.010048736818134785,0.17552873492240906,0.611084520816803,-0.01843971014022827,0.17956845462322235,0.5529775619506836,-0.026886453852057457,0.21641431748867035,0.6678500771522522,-0.012888300232589245,0.29823970794677734,0.6311553120613098,-0.025398917496204376,0.34745413064956665,0.6150826811790466,-0.03473731130361557,0.38352328538894653,0.6060276627540588,-0.040102891623973846,0.2416628748178482,0.7118126153945923,-0.021704204380512238,0.32897210121154785,0.6679140329360962,-0.025810716673731804,0.37979280948638916,0.6453264355659485,-0.028545008972287178,0.41684386134147644,0.6272175312042236,-0.03184616565704346,0.2621481418609619,0.7644109725952148,-0.030789215117692947,0.3409779369831085,0.7150838971138,-0.03253822401165962,0.387676477432251,0.6876296997070312,-0.03062608651816845,0.4213107228279114,0.6659121513366699,-0.03121531754732132,0.27762776613235474,0.8199246525764465,-0.04047040641307831,0.3360637426376343,0.7753050923347473,-0.03933214768767357,0.37122437357902527,0.7512155771255493,-0.03230378031730652,0.39913976192474365,0.7313174605369568,-0.027434950694441795
231,0.8248743414878845,0.8332095146179199,8.783803195910878e-08,0.8151773810386658,0.7297859191894531,0.006922090891748667,0.7657312154769897,0.6392518281936646,0.0045502763241529465,0.7288093566894531,0.5711143016815186,0.0017944603459909558,0.7261128425598145,0.5129504203796387,-0.004060882609337568,0.7261598706245422,0.636002779006958,-0.02850404940545559,0.6353803277015686,0.6076054573059082,-0.04250899329781532,0.5839356780052185,0.5960021018981934,-0.04896610602736473,0.5445452332496643,0.5894184708595276,-0.052898965775966644,0.7086349129676819,0.6953093409538269,-0.039206668734550476,0.6079187989234924,0.6611745357513428,-0.05352962017059326,0.5516650676727295,0.640986442565918,-0.05961814522743225,0.5104206204414368,0.62535160779953,-0.06406448036432266,0.6921006441116333,0.7558743953704834,-0.04726738482713699,0.5998494625091553,0.7167848348617554,-0.059343982487916946,0.5468794107437134,0.6929895877838135,-0.06431134790182114,0.5080214738845825,0.6755218505859375,-0.0676078051328659,0.6785223484039307,0.81444251537323,-0.05342915654182434,0.6074026823043823,0.7718630433082581,-0.0644722580909729,0.5687824487686157,0.7499723434448242,-0.06727181375026703,0.5373907089233398,0.7317690849304199,-0.0681123435497284,0.13459064066410065,0.8516135215759277,5.545161343434302e-07,0.11966008692979813,0.7542614340782166,-0.002146251732483506,0.12754321098327637,0.6552796363830566,-0.011980078183114529,0.13593807816505432,0.5773922204971313,-0.02178705483675003,0.13499635457992554,0.5202680230140686,-0.03219543769955635,0.19010451436042786,0.6299019455909729,-0.024803895503282547,0.26943594217300415,0.5674283504486084,-0.037993717938661575,0.3139766454696655,0.541390061378479,-0.04268620163202286,0.34594061970710754,0.5248344540596008,-0.04325124993920326,0.22328214347362518,0.6696997880935669,-0.03142516314983368,0.30523043870925903,0.593820333480835,-0.039207447320222855,0.34931379556655884,0.5544393062591553,-0.03969315066933632,0.37913915514945984,0.5270573496818542,-0.03941219672560692,0.2509096562862396,0.7173221111297607,-0.03730161488056183,0.32447853684425354,0.6389690637588501,-0.04111851379275322,0.36343035101890564,0.5969713926315308,-0.03974226862192154,0.3897745907306671,0.5662199854850769,-0.039007943123579025,0.2733807861804962,0.7673080563545227,-0.04301092028617859,0.32648444175720215,0.6956945657730103,-0.0444103367626667,0.3541780710220337,0.6564367413520813,-0.03976022079586983,0.3759511411190033,0.6234843730926514,-0.0352952778339386
232,0.8241044282913208,0.8225977420806885,4.8535127916693455e-08,0.8127962350845337,0.7201365828514099,0.011454670690000057,0.766728401184082,0.6346824169158936,0.012578419409692287,0.7259735465049744,0.5693173408508301,0.011796326376497746,0.7170695066452026,0.5152264833450317,0.008125209249556065,0.7188894152641296,0.6310983300209045,-0.012880198657512665,0.6303172707557678,0.6077141761779785,-0.02246740460395813,0.5816935300827026,0.6018229722976685,-0.027973754331469536,0.5461564064025879,0.6013044118881226,-0.03143783658742905,0.7001450657844543,0.6821425557136536,-0.024642756208777428,0.6058030128479004,0.6521784663200378,-0.03316532075405121,0.5523751378059387,0.6390275955200195,-0.03823899105191231,0.5135657787322998,0.6315007209777832,-0.0426064170897007,0.6832319498062134,0.7396616339683533,-0.034018684178590775,0.5988886952400208,0.7053192257881165,-0.040620964020490646,0.5522885322570801,0.688380777835846,-0.04263806343078613,0.5176178812980652,0.6763023138046265,-0.045137226581573486,0.669979453086853,0.8015764355659485,-0.04150964692234993,0.6044987440109253,0.7634201049804688,-0.046986836940050125,0.5717957615852356,0.7450655698776245,-0.04531359300017357,0.5443644523620605,0.7280975580215454,-0.04377145320177078,0.1380823254585266,0.8905819654464722,5.086276928523148e-07,0.14014244079589844,0.7884120345115662,-0.0022446895018219948,0.1668245792388916,0.6827318072319031,-0.010576492175459862,0.18510210514068604,0.6055946350097656,-0.01952318288385868,0.18697434663772583,0.5454189777374268,-0.028847213834524155,0.22265437245368958,0.6725475192070007,-0.021503526717424393,0.3161681890487671,0.636222779750824,-0.037194255739450455,0.37159159779548645,0.6194025278091431,-0.04709853604435921,0.41108864545822144,0.6088457703590393,-0.05091031640768051,0.24299925565719604,0.719422459602356,-0.0289648175239563,0.3392186462879181,0.6739855408668518,-0.03467341884970665,0.39295244216918945,0.6496572494506836,-0.03600628674030304,0.43059149384498596,0.6318519115447998,-0.03714573755860329,0.2616002857685089,0.7722691893577576,-0.03577151894569397,0.346021831035614,0.7210761308670044,-0.03686612844467163,0.3930092751979828,0.6924963593482971,-0.03134875372052193,0.4241272807121277,0.6738923192024231,-0.028428848832845688,0.2771395444869995,0.8229013085365295,-0.04311902076005936,0.3387593626976013,0.7744104266166687,-0.03931485489010811,0.37418633699417114,0.7494233250617981,-0.02844155952334404,0.40132004022598267,0.7317768931388855,-0.020179804414510727
233,0.8269739747047424,0.8040986657142639,1.958902515752925e-07,0.8232427835464478,0.7013577818870544,0.008291930891573429,0.7898038029670715,0.6161106824874878,0.006412656512111425,0.7588366866111755,0.5402082204818726,0.0037078182213008404,0.7518052458763123,0.4821091890335083,-0.001015751389786601,0.7359785437583923,0.6148977279663086,-0.016109105199575424,0.6534144878387451,0.5749150514602661,-0.022839494049549103,0.6103054881095886,0.5578862428665161,-0.024912752211093903,0.5766262412071228,0.5460763573646545,-0.02611096389591694,0.7121959924697876,0.6613956689834595,-0.02570396102964878,0.6209070682525635,0.6110417246818542,-0.03319389000535011,0.5710362792015076,0.5851618051528931,-0.03652153164148331,0.5345937013626099,0.5661520957946777,-0.0390479676425457,0.6937670111656189,0.7128946781158447,-0.03260815888643265,0.6124618053436279,0.6598208546638489,-0.03784618526697159,0.5664693117141724,0.6302220225334167,-0.04041612893342972,0.5333462953567505,0.6082690954208374,-0.042776692658662796,0.6812235116958618,0.7635840177536011,-0.03783322125673294,0.6181663274765015,0.7110207080841064,-0.041610345244407654,0.5864831209182739,0.6829501986503601,-0.03969920426607132,0.5615028738975525,0.6577268838882446,-0.03770214691758156,0.1323780119419098,0.8843024373054504,5.225606969361252e-07,0.1356852501630783,0.78364098072052,0.0011268261587247252,0.16475099325180054,0.6829607486724854,-0.004545402713119984,0.18870419263839722,0.6122143864631653,-0.011423081159591675,0.1985228806734085,0.5544692873954773,-0.018516521900892258,0.22557584941387177,0.6659680008888245,-0.014821567572653294,0.31392496824264526,0.6307171583175659,-0.028890980407595634,0.3690653443336487,0.6190890073776245,-0.03802414983510971,0.40875253081321716,0.6153154373168945,-0.04096722602844238,0.24622666835784912,0.7125353217124939,-0.022465426474809647,0.33563655614852905,0.66988205909729,-0.025481058284640312,0.38751500844955444,0.65278559923172,-0.025280768051743507,0.4248034954071045,0.6421554088592529,-0.025644034147262573,0.2644067704677582,0.7684202790260315,-0.029548002406954765,0.34385138750076294,0.7240234613418579,-0.028221430256962776,0.387434184551239,0.7065443396568298,-0.020860059186816216,0.4157087206840515,0.6965733766555786,-0.016844917088747025,0.27952638268470764,0.8237102031707764,-0.037104152143001556,0.34103935956954956,0.7765988111495972,-0.03137476369738579,0.37510472536087036,0.7566855549812317,-0.01907956786453724,0.39897364377975464,0.742987334728241,-0.009832634590566158
234,0.8253647685050964,0.8447314500808716,1.1156399892797708e-07,0.8137384653091431,0.7384803295135498,0.002935513388365507,0.7658202648162842,0.6491602063179016,-0.003158390522003174,0.7242471575737,0.5817831754684448,-0.009756620042026043,0.7144861221313477,0.5223544836044312,-0.018779434263706207,0.7243089079856873,0.6563755869865417,-0.026643795892596245,0.6326249837875366,0.630544900894165,-0.04298418387770653,0.580473780632019,0.6238037943840027,-0.052681196480989456,0.5388376116752625,0.6245150566101074,-0.0584208145737648,0.7068027257919312,0.7149307131767273,-0.03660181164741516,0.6042394042015076,0.6832746863365173,-0.05253094062209129,0.5470607280731201,0.6708099246025085,-0.06056422367691994,0.5054428577423096,0.6662518382072449,-0.06621961295604706,0.6900478601455688,0.7752687335014343,-0.04472406953573227,0.5951402187347412,0.7374167442321777,-0.0569935068488121,0.542843759059906,0.7218459248542786,-0.06037985160946846,0.5036222338676453,0.7145175933837891,-0.06248915195465088,0.6760469079017639,0.8316431045532227,-0.05156288295984268,0.603445291519165,0.788240373134613,-0.060348134487867355,0.5664856433868408,0.7699379324913025,-0.06020387262105942,0.5358716249465942,0.755759596824646,-0.05898776650428772,0.11915221065282822,0.8607592582702637,4.937360245094169e-07,0.10670711100101471,0.755870521068573,-0.0017499030800536275,0.11799775063991547,0.6535738110542297,-0.011582770384848118,0.13036367297172546,0.5734767317771912,-0.021367592737078667,0.13040784001350403,0.512330949306488,-0.031545307487249374,0.18195439875125885,0.6339311599731445,-0.023587888106703758,0.25831159949302673,0.5667425394058228,-0.03528780862689018,0.30180320143699646,0.5359533429145813,-0.03883719816803932,0.3332744836807251,0.5159692764282227,-0.0385599285364151,0.2163979411125183,0.6772416234016418,-0.03080565668642521,0.2971841096878052,0.5975992679595947,-0.035308655351400375,0.3411964774131775,0.5568240880966187,-0.033792220056056976,0.37196600437164307,0.526728630065918,-0.03283771872520447,0.2451629638671875,0.7257633805274963,-0.037300873547792435,0.31776073575019836,0.6461618542671204,-0.03824067860841751,0.35689777135849,0.6023267507553101,-0.03544186055660248,0.3822239637374878,0.5702768564224243,-0.03443830460309982,0.26813527941703796,0.7733811736106873,-0.043780796229839325,0.3208373785018921,0.6996557116508484,-0.04276648908853531,0.35009703040122986,0.6614036560058594,-0.036711107939481735,0.37118279933929443,0.6304600834846497,-0.03160823881626129
235,0.8253573775291443,0.8124839663505554,9.387372301716823e-08,0.8174218535423279,0.7144838571548462,0.007559073157608509,0.7652920484542847,0.6330139636993408,0.008656156249344349,0.721813976764679,0.5676526427268982,0.009031538851559162,0.7136050462722778,0.5121508240699768,0.007224866654723883,0.7155992984771729,0.6245177388191223,-0.014801008626818657,0.6306084990501404,0.6006908416748047,-0.024058304727077484,0.5818198919296265,0.5929422378540039,-0.02936975285410881,0.5444755554199219,0.591924786567688,-0.03292849659919739,0.6966286301612854,0.6760088205337524,-0.023688938468694687,0.6054522395133972,0.6442822217941284,-0.032281894236803055,0.5540367960929871,0.629142701625824,-0.0365854874253273,0.5156213641166687,0.6194278597831726,-0.04015474021434784,0.6802588105201721,0.7324717044830322,-0.030555183067917824,0.5983788371086121,0.6960991621017456,-0.03750372305512428,0.5523855686187744,0.6760847568511963,-0.03950958326458931,0.5184763669967651,0.662044107913971,-0.041752301156520844,0.6684038639068604,0.791477382183075,-0.03596190735697746,0.6061122417449951,0.7534766793251038,-0.042349476367235184,0.5729988217353821,0.7333102226257324,-0.042007237672805786,0.5459198951721191,0.714113175868988,-0.04123985767364502,0.12483365833759308,0.8969559073448181,4.550428229777026e-07,0.1266702115535736,0.7900920510292053,-0.0029891985468566418,0.15102066099643707,0.685879111289978,-0.012506427243351936,0.17566442489624023,0.605400025844574,-0.022415008395910263,0.1861271858215332,0.5427240133285522,-0.032497651875019073,0.20743125677108765,0.6778139472007751,-0.024174045771360397,0.2946087419986725,0.6344993710517883,-0.039879363030195236,0.34524857997894287,0.6190751194953918,-0.04850507527589798,0.3814430236816406,0.6102111339569092,-0.05207601934671402,0.23218479752540588,0.7257857918739319,-0.0324677899479866,0.32858824729919434,0.6764989495277405,-0.040014855563640594,0.38109350204467773,0.6531229615211487,-0.041403818875551224,0.41745784878730774,0.6347020268440247,-0.04305093735456467,0.253972589969635,0.7788558602333069,-0.040376391261816025,0.3408627510070801,0.7222773432731628,-0.044536009430885315,0.38984033465385437,0.6929752826690674,-0.04193027317523956,0.42393261194229126,0.6714967489242554,-0.041410304605960846,0.2712041139602661,0.8310586214065552,-0.04853720963001251,0.33697256445884705,0.7798237204551697,-0.04853445291519165,0.37437307834625244,0.7535360455513,-0.04133249819278717,0.4042832553386688,0.7332047820091248,-0.036104608327150345
236,0.8267332911491394,0.8141753077507019,1.9795321293258894e-07,0.8204914927482605,0.7123978137969971,0.0070837680250406265,0.7831609845161438,0.6233415007591248,0.004155099857598543,0.7511613965034485,0.5492480993270874,0.00015059941506478935,0.7426822781562805,0.49135035276412964,-0.006094026379287243,0.7317325472831726,0.6199331283569336,-0.018338315188884735,0.6456878185272217,0.5843159556388855,-0.02748740464448929,0.6004085540771484,0.5707545280456543,-0.03105790726840496,0.5664798021316528,0.5607956647872925,-0.033026620745658875,0.7111725807189941,0.6692951321601868,-0.028838058933615685,0.6186636686325073,0.6226614117622375,-0.03855889290571213,0.5658491849899292,0.5968467593193054,-0.043072719126939774,0.5281827449798584,0.5774319171905518,-0.046374689787626266,0.6949197053909302,0.7239042520523071,-0.03709133714437485,0.6116269826889038,0.6722323298454285,-0.04410924017429352,0.5642649531364441,0.641037106513977,-0.0470593124628067,0.5308388471603394,0.6159803867340088,-0.049498554319143295,0.6829403638839722,0.7795243263244629,-0.043883178383111954,0.6182023286819458,0.7299240827560425,-0.04954896122217178,0.5839453935623169,0.7017932534217834,-0.04882814362645149,0.557127833366394,0.6756113767623901,-0.04758382588624954,0.13008759915828705,0.8740805983543396,4.7478729925387597e-07,0.12049791216850281,0.773651123046875,-0.009352030232548714,0.13439567387104034,0.6645950078964233,-0.018165158107876778,0.14336666464805603,0.5829635262489319,-0.026584671810269356,0.14332528412342072,0.5233944654464722,-0.03404609486460686,0.22087682783603668,0.6544733643531799,-0.011666378937661648,0.29310178756713867,0.606522262096405,-0.022410649806261063,0.33817434310913086,0.5822259187698364,-0.030855583027005196,0.36950796842575073,0.5675458908081055,-0.03446447104215622,0.24681037664413452,0.7020871639251709,-0.012822043150663376,0.3165048360824585,0.6441153287887573,-0.01494956947863102,0.35300764441490173,0.6109881401062012,-0.016024233773350716,0.3774482011795044,0.5908243656158447,-0.016863474622368813,0.26577427983283997,0.7536676526069641,-0.014821093529462814,0.32664185762405396,0.6970739960670471,-0.013134533539414406,0.35886597633361816,0.6629167795181274,-0.007576218340545893,0.37871307134628296,0.6426795125007629,-0.004258332774043083,0.27933257818222046,0.803159773349762,-0.018191194161772728,0.3255220353603363,0.7519709467887878,-0.013155263848602772,0.35134440660476685,0.7230245471000671,-0.0028896001167595387,0.3696315288543701,0.7003127336502075,0.005459207110106945
237,0.8248885869979858,0.8530977964401245,1.6242579192748963e-07,0.807842493057251,0.7464730143547058,0.005665533244609833,0.7620349526405334,0.6593563556671143,0.000975524540990591,0.7227084040641785,0.589394748210907,-0.004456005059182644,0.7090478539466858,0.531633198261261,-0.012174399569630623,0.7188388109207153,0.6730868220329285,-0.021523041650652885,0.6256411075592041,0.6496459245681763,-0.03378221020102501,0.5753936767578125,0.6421682834625244,-0.040490131825208664,0.5353232622146606,0.639419436454773,-0.04436968266963959,0.7009121775627136,0.7311785221099854,-0.031763575971126556,0.5992704629898071,0.6956245303153992,-0.043129779398441315,0.5421905517578125,0.6769506335258484,-0.049260854721069336,0.5012450218200684,0.6648032665252686,-0.054232921451330185,0.6851992607116699,0.7904531955718994,-0.03994668275117874,0.5940867066383362,0.7492542266845703,-0.04769932106137276,0.5423520803451538,0.7256587147712708,-0.05052969977259636,0.50438392162323,0.7082928419113159,-0.05330682545900345,0.6725574135780334,0.8451091051101685,-0.04674665629863739,0.600968062877655,0.8033304214477539,-0.0526450090110302,0.5627365112304688,0.7819527387619019,-0.05200572684407234,0.5313330888748169,0.7624119520187378,-0.050984714180231094,0.12431031465530396,0.8801872134208679,3.95597851365892e-07,0.11438564211130142,0.7816352248191833,-0.00417282385751605,0.1262223720550537,0.6733094453811646,-0.013121586292982101,0.13328880071640015,0.5916190147399902,-0.022926585748791695,0.13110026717185974,0.5310621857643127,-0.03236425295472145,0.19461579620838165,0.651774525642395,-0.01356101781129837,0.26588350534439087,0.5897915959358215,-0.02767852321267128,0.3096553385257721,0.5615237951278687,-0.036992140114307404,0.3414731025695801,0.544898509979248,-0.041195839643478394,0.22263716161251068,0.694555401802063,-0.020714836195111275,0.29447710514068604,0.6259223222732544,-0.027725733816623688,0.33583223819732666,0.5882908701896667,-0.03171294927597046,0.36697083711624146,0.5604148507118225,-0.03460387885570526,0.2453661561012268,0.7440270185470581,-0.028300980105996132,0.31106022000312805,0.6773245930671692,-0.032203227281570435,0.34709787368774414,0.6390364766120911,-0.030689096078276634,0.37221449613571167,0.6102157235145569,-0.029875807464122772,0.2636726200580597,0.7942511439323425,-0.03644682466983795,0.3153279423713684,0.7336829304695129,-0.037176575511693954,0.34404832124710083,0.6996137499809265,-0.030533477663993835,0.3662717342376709,0.6706007122993469,-0.024607907980680466
238,0.8258553743362427,0.8053010702133179,1.4200570319644612e-07,0.8199152946472168,0.7096931338310242,0.009001492522656918,0.7704719305038452,0.6273426413536072,0.009725675918161869,0.7302960753440857,0.5604127645492554,0.009661076590418816,0.7216089367866516,0.5075133442878723,0.007572325412184,0.7181329727172852,0.6195847988128662,-0.015066331252455711,0.6316058039665222,0.5930250883102417,-0.023039324209094048,0.583134114742279,0.5838294625282288,-0.026516536250710487,0.5471147298812866,0.5819999575614929,-0.02858048491179943,0.699117124080658,0.668820858001709,-0.023799624294042587,0.6078810095787048,0.6327016353607178,-0.031200576573610306,0.5588647127151489,0.6174272894859314,-0.03340618312358856,0.5238456130027771,0.6089336276054382,-0.03517724573612213,0.6820389628410339,0.7228344082832336,-0.03014865517616272,0.6007471680641174,0.6824933886528015,-0.03490906208753586,0.5554976463317871,0.661260187625885,-0.034882135689258575,0.5231219530105591,0.6472756266593933,-0.0358588807284832,0.6695908904075623,0.7819113731384277,-0.03500741347670555,0.6089535355567932,0.7411496043205261,-0.0382973775267601,0.5768799185752869,0.7199388742446899,-0.03567862510681152,0.5506784319877625,0.7008229494094849,-0.03345181420445442,0.12354476749897003,0.899735152721405,4.082189093423949e-07,0.12283849716186523,0.7977359294891357,-0.0004905598470941186,0.14525814354419708,0.6914964318275452,-0.006939962040632963,0.16335520148277283,0.6095127463340759,-0.014759325422346592,0.1648162305355072,0.548348069190979,-0.022638658061623573,0.21138738095760345,0.6738352179527283,-0.007993673905730247,0.2899426519870758,0.6306167244911194,-0.018163343891501427,0.33700549602508545,0.6118513941764832,-0.025242898613214493,0.3712325096130371,0.6006309986114502,-0.028818240389227867,0.23886753618717194,0.71746426820755,-0.016293322667479515,0.321723073720932,0.6658762097358704,-0.01801527850329876,0.36773645877838135,0.6414453983306885,-0.018437134101986885,0.40122026205062866,0.6220740675926208,-0.019871525466442108,0.2623806297779083,0.7691826820373535,-0.02478969097137451,0.33559292554855347,0.7126852869987488,-0.02416571043431759,0.37848544120788574,0.6825950741767883,-0.01982143707573414,0.4089427590370178,0.6601558327674866,-0.01854713261127472,0.2805364727973938,0.8229742646217346,-0.033765945583581924,0.33598074316978455,0.7681992053985596,-0.03039117343723774,0.36951887607574463,0.7405203580856323,-0.02149626612663269,0.3959587812423706,0.7188159227371216,-0.015088065527379513
239,0.8223912715911865,0.8021457195281982,2.3071784482908697e-07,0.8172445297241211,0.7007622718811035,0.005976631306111813,0.7848127484321594,0.6134666204452515,0.0027378867380321026,0.7553867697715759,0.5393537282943726,-0.001527097774669528,0.748386561870575,0.4822772741317749,-0.007767674047499895,0.7302870750427246,0.615287721157074,-0.015268951654434204,0.6499247550964355,0.5752149224281311,-0.02306639775633812,0.6077027320861816,0.558817982673645,-0.026540298014879227,0.575332522392273,0.545806884765625,-0.028696240857243538,0.7072627544403076,0.6616259813308716,-0.024909619241952896,0.6199535727500916,0.6112028360366821,-0.03246031701564789,0.5700461864471436,0.583709180355072,-0.0364919938147068,0.5338891744613647,0.562102198600769,-0.03971891477704048,0.6898189187049866,0.7130895256996155,-0.03256986290216446,0.6111997365951538,0.658466637134552,-0.037794388830661774,0.5658409595489502,0.6270030736923218,-0.04049583896994591,0.5332330465316772,0.6017044186592102,-0.0431552417576313,0.6774460077285767,0.7651962041854858,-0.03901209682226181,0.6168898344039917,0.7138835787773132,-0.04323117807507515,0.5843934416770935,0.6856898665428162,-0.0418129526078701,0.5585318803787231,0.6592883467674255,-0.0402766577899456,0.1342780441045761,0.8675203919410706,4.887633053840545e-07,0.11675556749105453,0.767701268196106,0.0015317213255912066,0.12238729745149612,0.6690629124641418,-0.0051573337987065315,0.12769711017608643,0.5901676416397095,-0.012635449878871441,0.12262608110904694,0.5330497622489929,-0.02054954692721367,0.19231317937374115,0.641868531703949,-0.012528914958238602,0.2670191526412964,0.5765987038612366,-0.020480554550886154,0.3079850971698761,0.5473273992538452,-0.022456588223576546,0.33748215436935425,0.5285450220108032,-0.0216203723102808,0.2270640879869461,0.6786436438560486,-0.019720183685421944,0.3025859296321869,0.601007878780365,-0.022280169650912285,0.3426288962364197,0.5614721775054932,-0.02053055167198181,0.3701696991920471,0.5351101756095886,-0.019062019884586334,0.25484466552734375,0.7225683927536011,-0.02645895443856716,0.32326942682266235,0.6441588401794434,-0.02651847153902054,0.35879048705101013,0.6017986536026001,-0.02400662936270237,0.3830978274345398,0.5702793002128601,-0.02289149910211563,0.2765910029411316,0.7681581377983093,-0.03290088102221489,0.3267362713813782,0.696373462677002,-0.031312696635723114,0.3536113202571869,0.6568275094032288,-0.02560841664671898,0.3747160732746124,0.6238192319869995,-0.02072582021355629
240,0.8215726613998413,0.8512368202209473,2.008053456847847e-07,0.8130597472190857,0.7451254725456238,-0.0009963521733880043,0.7695226073265076,0.655376136302948,-0.007704833522439003,0.7298666834831238,0.5849084258079529,-0.013963447883725166,0.7215020060539246,0.5242918133735657,-0.021919405087828636,0.7211325764656067,0.6662243604660034,-0.025184383615851402,0.6325415968894958,0.636963963508606,-0.0383259616792202,0.5829452276229858,0.6260897517204285,-0.04590313509106636,0.5432908535003662,0.6205136775970459,-0.05056140944361687,0.6999606490135193,0.7248772382736206,-0.03189437836408615,0.6032385230064392,0.6870524287223816,-0.04405824840068817,0.5489274263381958,0.6660401821136475,-0.0507957898080349,0.5089407563209534,0.6506895422935486,-0.05590841546654701,0.6822889447212219,0.7830997705459595,-0.037168633192777634,0.595037579536438,0.7393867373466492,-0.045920249074697495,0.5464829206466675,0.7146297097206116,-0.04956882819533348,0.5105406641960144,0.6963746547698975,-0.05243295803666115,0.6694456338882446,0.8352702856063843,-0.041722215712070465,0.6023631691932678,0.7914007902145386,-0.04799223691225052,0.5666511654853821,0.769292414188385,-0.04793255403637886,0.5377005338668823,0.7495144009590149,-0.04709251597523689,0.12696412205696106,0.9099113345146179,4.4347012817524956e-07,0.12762689590454102,0.8065004944801331,-0.002945746760815382,0.1520492136478424,0.7002814412117004,-0.0112544484436512,0.17353564500808716,0.6216762065887451,-0.020331863313913345,0.1857806146144867,0.5590547919273376,-0.02932470291852951,0.21129539608955383,0.6845223903656006,-0.016875876113772392,0.29784008860588074,0.6429514288902283,-0.03241048380732536,0.35099875926971436,0.6241880655288696,-0.043009765446186066,0.3888225555419922,0.6119686365127563,-0.04777708277106285,0.23520945012569427,0.7305801510810852,-0.02510666474699974,0.32665058970451355,0.6816614270210266,-0.03133024275302887,0.37779009342193604,0.6562504172325134,-0.034185707569122314,0.41424164175987244,0.6362089514732361,-0.03665578365325928,0.2560918927192688,0.7833781838417053,-0.03336309641599655,0.3376876711845398,0.7298862338066101,-0.03595754876732826,0.38444268703460693,0.7014683485031128,-0.03256015107035637,0.41653677821159363,0.6826419234275818,-0.031219186261296272,0.27350637316703796,0.8364715576171875,-0.04228707775473595,0.33443838357925415,0.7868008613586426,-0.04063161090016365,0.3709236979484558,0.7607831954956055,-0.03210153058171272,0.3999136686325073,0.7415017485618591,-0.025517543777823448
241,0.8284305930137634,0.8119723796844482,1.6361461518954457e-07,0.8211620450019836,0.7175359725952148,0.006934324279427528,0.7744427919387817,0.6337417960166931,0.005763552151620388,0.7372648119926453,0.565111517906189,0.0036971091758459806,0.7298834323883057,0.5109822154045105,-0.0003129162359982729,0.7217031717300415,0.6246645450592041,-0.014825292862951756,0.638687789440155,0.5966212749481201,-0.02316618151962757,0.5921644568443298,0.5858179330825806,-0.028049204498529434,0.5567629337310791,0.5811996459960938,-0.03136196359992027,0.7025594711303711,0.6738128662109375,-0.023715822026133537,0.6151202917098999,0.6366999745368958,-0.030937572941184044,0.5658429265022278,0.6194831728935242,-0.034904658794403076,0.530103862285614,0.6078809499740601,-0.03841550275683403,0.6857497096061707,0.7276619672775269,-0.030461840331554413,0.6079695820808411,0.6851963400840759,-0.03506892919540405,0.5627913475036621,0.6625198125839233,-0.03601115942001343,0.5303648710250854,0.6462402939796448,-0.037917375564575195,0.6731443405151367,0.7851722240447998,-0.03602505847811699,0.6142129898071289,0.7416197657585144,-0.03948930650949478,0.5814037919044495,0.7195340991020203,-0.037192389369010925,0.5542447566986084,0.6992908120155334,-0.03520329296588898,0.14288143813610077,0.8791046738624573,3.847407015200588e-07,0.13310721516609192,0.7853761911392212,-0.005208215676248074,0.15242210030555725,0.6821337938308716,-0.014181198552250862,0.16768071055412292,0.6036292314529419,-0.0229287538677454,0.16874471306800842,0.5408729314804077,-0.032019395381212234,0.22135519981384277,0.6579263210296631,-0.02076900564134121,0.31103068590164185,0.6210166811943054,-0.03403216600418091,0.3597341775894165,0.6109613180160522,-0.04289352893829346,0.3933945596218109,0.6052016019821167,-0.046639781445264816,0.24585607647895813,0.7058985233306885,-0.02538805454969406,0.33835119009017944,0.6560290455818176,-0.028087817132472992,0.3819359242916107,0.6398588418960571,-0.028200706467032433,0.41117966175079346,0.628206729888916,-0.03010224737226963,0.2664002478122711,0.7598667740821838,-0.029681796208024025,0.3469111919403076,0.7082543969154358,-0.030047690495848656,0.3861295282840729,0.6854890584945679,-0.0238631758838892,0.41037115454673767,0.6689559817314148,-0.021479133516550064,0.28329724073410034,0.811043381690979,-0.034503813832998276,0.3437947630882263,0.764426589012146,-0.028818877413868904,0.37686729431152344,0.7420879602432251,-0.016541484743356705,0.40053993463516235,0.7226226925849915,-0.008363783359527588
242,0.8250502943992615,0.8116887807846069,2.413310369320243e-07,0.8231803178787231,0.7077603936195374,0.003675553947687149,0.7911694049835205,0.6178719401359558,-0.0004692791262641549,0.761793851852417,0.5435591340065002,-0.0055226669646799564,0.7543535828590393,0.4864075779914856,-0.01252929586917162,0.7361148595809937,0.6190664768218994,-0.01841854117810726,0.6546058058738708,0.5768170356750488,-0.02824583277106285,0.6099182963371277,0.557678759098053,-0.033168744295835495,0.5747683048248291,0.5433244705200195,-0.036320265382528305,0.7128300070762634,0.6651355028152466,-0.02771691419184208,0.6258136630058289,0.6126767992973328,-0.03716538846492767,0.5741342902183533,0.5846171975135803,-0.04283277317881584,0.5363315343856812,0.5635862946510315,-0.04706566408276558,0.6944214701652527,0.716118574142456,-0.0351523831486702,0.6165364384651184,0.6599947810173035,-0.04170907288789749,0.5705834627151489,0.6284509301185608,-0.04538089409470558,0.5372698903083801,0.6036184430122375,-0.04853586480021477,0.6807671785354614,0.767600417137146,-0.0416337214410305,0.62200927734375,0.7138131856918335,-0.04727355018258095,0.5885522365570068,0.6854730248451233,-0.046886853873729706,0.5613933801651001,0.6599868535995483,-0.04582199454307556,0.1413063406944275,0.8470075726509094,4.855645556745003e-07,0.11663725972175598,0.7509985566139221,-0.0010253493674099445,0.12680068612098694,0.6566729545593262,-0.01138991117477417,0.14166945219039917,0.5787221789360046,-0.021185170859098434,0.14011450111865997,0.517962634563446,-0.031924329698085785,0.19475185871124268,0.6343677043914795,-0.025788383558392525,0.27260106801986694,0.5741774439811707,-0.03621625900268555,0.31421464681625366,0.5460173487663269,-0.038656748831272125,0.34374141693115234,0.5279950499534607,-0.037933751940727234,0.227594256401062,0.6755790114402771,-0.032702505588531494,0.30811747908592224,0.6022148728370667,-0.037612784653902054,0.3502863645553589,0.5653627514839172,-0.03595336154103279,0.3810071051120758,0.5383679866790771,-0.03439455106854439,0.2544671595096588,0.7227866649627686,-0.03810882568359375,0.32654163241386414,0.6463757157325745,-0.040024932473897934,0.36605310440063477,0.605628252029419,-0.03708291053771973,0.39246052503585815,0.5757148265838623,-0.03548743203282356,0.2739373743534088,0.7720057964324951,-0.04296709597110748,0.32674580812454224,0.7028341889381409,-0.04118245840072632,0.35651451349258423,0.664170503616333,-0.03420564904808998,0.3790285289287567,0.633189857006073,-0.028549009934067726
243,0.8257140517234802,0.8358341455459595,1.4791743296882487e-07,0.8128734827041626,0.7236749529838562,0.012596775777637959,0.769220769405365,0.6411399245262146,0.014371133409440517,0.7275819778442383,0.5761595964431763,0.014135564677417278,0.7128148078918457,0.5204840898513794,0.01192373689264059,0.7161563634872437,0.6517492532730103,-0.0027668329421430826,0.6275264024734497,0.6272218227386475,-0.007675960194319487,0.5801535844802856,0.6205621361732483,-0.010696828365325928,0.5427508354187012,0.6175662875175476,-0.012632871977984905,0.6962679028511047,0.7071882486343384,-0.013758378103375435,0.6013906002044678,0.6723252534866333,-0.019818974658846855,0.5467299222946167,0.6551348567008972,-0.024111906066536903,0.5077612996101379,0.6442379951477051,-0.02751273848116398,0.6808291673660278,0.7652071714401245,-0.02268293872475624,0.5961135625839233,0.7212092876434326,-0.02599688060581684,0.5486341118812561,0.699295699596405,-0.027023984119296074,0.5127322673797607,0.6833462119102478,-0.028422046452760696,0.6708929538726807,0.8207727670669556,-0.029863007366657257,0.602436363697052,0.7767673134803772,-0.03223179653286934,0.5671138763427734,0.7552957534790039,-0.029814433306455612,0.5371497273445129,0.7352747321128845,-0.02725854329764843,0.13240984082221985,0.9055753350257874,4.3943038008364965e-07,0.12673470377922058,0.8003120422363281,-0.006027225870639086,0.14708518981933594,0.6928884983062744,-0.016107549890875816,0.16624635457992554,0.6105048656463623,-0.025935644283890724,0.17181211709976196,0.5462354421615601,-0.03569648787379265,0.2105017751455307,0.6856353282928467,-0.021692613139748573,0.2931098937988281,0.6425115466117859,-0.03600750491023064,0.3424789309501648,0.625383198261261,-0.04481343924999237,0.37773647904396057,0.6148653030395508,-0.04876558110117912,0.23621951043605804,0.732786238193512,-0.027777714654803276,0.3258582651615143,0.6848695874214172,-0.03380781039595604,0.37389659881591797,0.6609443426132202,-0.035539425909519196,0.40830743312835693,0.6405496597290039,-0.03735116124153137,0.2581078112125397,0.7855128645896912,-0.03373804688453674,0.33740803599357605,0.7325608730316162,-0.0368197038769722,0.380990594625473,0.7048680186271667,-0.033418621867895126,0.4107607901096344,0.6855785846710205,-0.03202631324529648,0.27528131008148193,0.836936891078949,-0.04029794782400131,0.335464209318161,0.788425624370575,-0.03937716782093048,0.3694360554218292,0.76390141248703,-0.031162863597273827,0.3964070677757263,0.7451222538948059,-0.024830732494592667
244,0.8298930525779724,0.8096033334732056,1.837660761339066e-07,0.8248980641365051,0.7063224911689758,0.007952889427542686,0.7854629755020142,0.6207326054573059,0.006482915487140417,0.75040203332901,0.5500117540359497,0.003572506131604314,0.7444242238998413,0.49345117807388306,-0.0011669864179566503,0.7291804552078247,0.6175854802131653,-0.012170427478849888,0.6454965472221375,0.5837421417236328,-0.020257970318198204,0.5986263751983643,0.5715939402580261,-0.024744141846895218,0.5628370642662048,0.5675992965698242,-0.02736782468855381,0.7074530720710754,0.6657018065452576,-0.022060656920075417,0.6197293400764465,0.6188958287239075,-0.029141876846551895,0.5696684122085571,0.5990684032440186,-0.03285958617925644,0.5330213308334351,0.5882912874221802,-0.03552484139800072,0.6896788477897644,0.7187307476997375,-0.02974245697259903,0.6106534600257874,0.6669778227806091,-0.03398347645998001,0.5672500133514404,0.6425508856773376,-0.03466198220849037,0.5359945297241211,0.6282012462615967,-0.03570287674665451,0.6774815320968628,0.7731572985649109,-0.03618665784597397,0.6172605752944946,0.7215294241905212,-0.037909697741270065,0.5869718790054321,0.6959772109985352,-0.033585332334041595,0.5633239150047302,0.6752112507820129,-0.029835732653737068,0.1397412270307541,0.879960298538208,3.0257854177762056e-07,0.1308688223361969,0.7856270670890808,-0.003095358144491911,0.14720895886421204,0.6799213290214539,-0.013170463033020496,0.1617184281349182,0.5995606184005737,-0.02344089187681675,0.16319887340068817,0.5368890166282654,-0.033782683312892914,0.22112035751342773,0.6586291193962097,-0.023302249610424042,0.3146480321884155,0.6226286888122559,-0.03617120161652565,0.36223065853118896,0.6134127378463745,-0.04276348650455475,0.39398884773254395,0.6070748567581177,-0.04442271217703819,0.24362704157829285,0.7062298059463501,-0.028949489817023277,0.3411894142627716,0.6592719554901123,-0.03176027908921242,0.38126030564308167,0.6454729437828064,-0.02851972170174122,0.4050084352493286,0.6361962556838989,-0.027308430522680283,0.26263490319252014,0.760831892490387,-0.033941540867090225,0.3481375277042389,0.7122243642807007,-0.03328264132142067,0.38314563035964966,0.6951104998588562,-0.023322323337197304,0.4019134044647217,0.6844289302825928,-0.017724180594086647,0.27864012122154236,0.8128923177719116,-0.039295170456171036,0.34328073263168335,0.7658193111419678,-0.033302538096904755,0.3756523132324219,0.7452054619789124,-0.01927153393626213,0.3970588147640228,0.7276162505149841,-0.009074506349861622
245,0.8324702382087708,0.8311961889266968,1.2910516034025932e-07,0.8297948241233826,0.7349175810813904,0.005668091122061014,0.7867102026939392,0.6395987868309021,0.0035401026252657175,0.7518764734268188,0.5647777318954468,0.0014084336580708623,0.7467972040176392,0.5077323317527771,-0.0027640536427497864,0.7403131723403931,0.6299414038658142,-0.024868609383702278,0.6517589688301086,0.5937631130218506,-0.0367489829659462,0.6023666262626648,0.5819515585899353,-0.04134151339530945,0.5668320059776306,0.5752048492431641,-0.04387027397751808,0.7188559770584106,0.681311845779419,-0.034268222749233246,0.625749409198761,0.6334291100502014,-0.04676474630832672,0.5747972726821899,0.6103173494338989,-0.04932974651455879,0.5399637222290039,0.5928067564964294,-0.05061040073633194,0.6978362202644348,0.7386142015457153,-0.04154467210173607,0.6144125461578369,0.6861093640327454,-0.05037872865796089,0.5694264769554138,0.6545860171318054,-0.049730684608221054,0.5385417938232422,0.6285675168037415,-0.04930787906050682,0.679953396320343,0.799342691898346,-0.047491274774074554,0.6173549890518188,0.7482528686523438,-0.05388782173395157,0.584385871887207,0.7197397351264954,-0.05168783292174339,0.5589056015014648,0.694054901599884,-0.049305252730846405,0.12795887887477875,0.8634495735168457,4.584555881592678e-07,0.11275731027126312,0.7619953751564026,0.0009976362343877554,0.11967065930366516,0.6624365448951721,-0.007810932118445635,0.12843145430088043,0.5806370973587036,-0.016950253397226334,0.12150128930807114,0.5199277400970459,-0.026717444881796837,0.18186640739440918,0.6387585401535034,-0.020601600408554077,0.2574683129787445,0.5686368942260742,-0.030449971556663513,0.2981109321117401,0.5366398096084595,-0.03202150762081146,0.32697629928588867,0.5161129236221313,-0.03055836819112301,0.21721133589744568,0.677139401435852,-0.027783513069152832,0.29487523436546326,0.5913459658622742,-0.032256510108709335,0.33512449264526367,0.5487586855888367,-0.029501620680093765,0.36407509446144104,0.5174235105514526,-0.027031080797314644,0.24703407287597656,0.7220602631568909,-0.03387092798948288,0.31513071060180664,0.6343033313751221,-0.03452096879482269,0.3507859408855438,0.5895445942878723,-0.030363282188773155,0.3745386600494385,0.5563801527023315,-0.02807789109647274,0.27082639932632446,0.7681539058685303,-0.03955521062016487,0.31817933917045593,0.6889443397521973,-0.03739640861749649,0.3431435823440552,0.6484175324440002,-0.030101561918854713,0.36158615350723267,0.6161050200462341,-0.02406625635921955
246,0.8268711566925049,0.8383833765983582,7.347675534674636e-08,0.8172541856765747,0.7333568334579468,0.008163873106241226,0.7704892158508301,0.6466335654258728,0.008347243070602417,0.7292958498001099,0.5814945697784424,0.007058498449623585,0.720869243144989,0.5254666805267334,0.003452571574598551,0.7202354073524475,0.6495231986045837,-0.01030978374183178,0.6357830166816711,0.6226990222930908,-0.02051536738872528,0.5870917439460754,0.6145217418670654,-0.0270511656999588,0.5495761036872864,0.6107141971588135,-0.031365856528282166,0.701867401599884,0.7008470296859741,-0.02037210948765278,0.6095443964004517,0.6672319769859314,-0.03009268268942833,0.5564242601394653,0.6506127119064331,-0.03598743677139282,0.5175073146820068,0.6393815875053406,-0.04057665541768074,0.6858227849006653,0.7564916014671326,-0.028765305876731873,0.600777268409729,0.7177817225456238,-0.036624643951654434,0.5548136830329895,0.6972792744636536,-0.03894488140940666,0.5205608606338501,0.6822064518928528,-0.041020628064870834,0.6737890243530273,0.8138693571090698,-0.03570621833205223,0.6066996455192566,0.7724559903144836,-0.04202251508831978,0.5733992457389832,0.7516916394233704,-0.040906988084316254,0.5464643239974976,0.7329153418540955,-0.03931614011526108,0.1259305775165558,0.9050602316856384,4.347312767549738e-07,0.12971387803554535,0.8018131256103516,-0.00042225158540531993,0.16056978702545166,0.692943274974823,-0.0052933902479708195,0.18458622694015503,0.6143786311149597,-0.010740539990365505,0.193698912858963,0.5527461171150208,-0.016274062916636467,0.21386544406414032,0.6821247339248657,-0.016646310687065125,0.30528706312179565,0.6409900784492493,-0.030777499079704285,0.36020055413246155,0.6214689612388611,-0.03950018808245659,0.3982595205307007,0.6091084480285645,-0.042434822767972946,0.23695138096809387,0.7288011312484741,-0.023949893191456795,0.33118176460266113,0.6791382431983948,-0.028476886451244354,0.3837355375289917,0.6533964276313782,-0.02976359613239765,0.4193933606147766,0.6344494819641113,-0.030673760920763016,0.2573665976524353,0.7817481756210327,-0.030579809099435806,0.33945438265800476,0.727035403251648,-0.03125244379043579,0.38618600368499756,0.6977762579917908,-0.02650938741862774,0.417091429233551,0.6786889433860779,-0.023841330781579018,0.27372685074806213,0.8325690031051636,-0.03750268369913101,0.3345164656639099,0.7812557220458984,-0.034133877605199814,0.37034884095191956,0.7538248896598816,-0.024445222690701485,0.3983652591705322,0.7348359823226929,-0.01669262908399105
247,0.8312422037124634,0.8300200700759888,2.384576305303199e-07,0.8293365836143494,0.7269529700279236,0.004630164243280888,0.7923004031181335,0.6394997239112854,0.0010620492976158857,0.7582847476005554,0.5639152526855469,-0.0028472263365983963,0.7483400106430054,0.5049003958702087,-0.008546077646315098,0.73752760887146,0.6390649080276489,-0.020193282514810562,0.6531885266304016,0.5970169901847839,-0.02951648272573948,0.6081905961036682,0.5799692273139954,-0.03325161337852478,0.5739080905914307,0.5689825415611267,-0.03513985127210617,0.7146669030189514,0.6879057288169861,-0.028933603316545486,0.6230781078338623,0.6333696842193604,-0.03877090662717819,0.571043848991394,0.6047263741493225,-0.04315102472901344,0.5335137844085693,0.5848346948623657,-0.04602532088756561,0.6970600485801697,0.7409974932670593,-0.03542512282729149,0.6146783232688904,0.6830735206604004,-0.04216795787215233,0.5677061080932617,0.651227593421936,-0.0449359193444252,0.5340703129768372,0.6279054880142212,-0.047041915357112885,0.6853787302970886,0.793524980545044,-0.040609292685985565,0.6218125820159912,0.7390526533126831,-0.04547895863652229,0.5891063213348389,0.7101007699966431,-0.043973248451948166,0.5637416243553162,0.6847788095474243,-0.04198058322072029,0.1538206934928894,0.8595653772354126,1.231322386274769e-07,0.1458715796470642,0.7677255272865295,-0.0008028544834814966,0.16639721393585205,0.6668077707290649,-0.009830616414546967,0.18514230847358704,0.5973522663116455,-0.018131103366613388,0.18846261501312256,0.5444630980491638,-0.026144342496991158,0.24314968287944794,0.6537765860557556,-0.03665274381637573,0.3444640040397644,0.6120055317878723,-0.05250299721956253,0.38059085607528687,0.6004072427749634,-0.05720299109816551,0.39312776923179626,0.5995916724205017,-0.05554662644863129,0.26706042885780334,0.7056281566619873,-0.04076427221298218,0.36527833342552185,0.6545565128326416,-0.046112060546875,0.390929639339447,0.6372022032737732,-0.03885088860988617,0.3961060643196106,0.6338905096054077,-0.03402259200811386,0.2864697575569153,0.7611003518104553,-0.04312797263264656,0.3733290135860443,0.7083027958869934,-0.04179149121046066,0.394308477640152,0.6904551982879639,-0.02790817804634571,0.39785128831863403,0.686147928237915,-0.019372781738638878,0.30008623003959656,0.8128935098648071,-0.0453278124332428,0.3670671284198761,0.7731304168701172,-0.038598958402872086,0.392058402299881,0.7566331624984741,-0.023668326437473297,0.4022972881793976,0.7482258081436157,-0.0123604079708457
248,0.826420247554779,0.8652598857879639,2.1232533242709906e-07,0.8166898488998413,0.7549054026603699,0.0005276825395412743,0.7735947370529175,0.6681206226348877,-0.00550053408369422,0.7311055064201355,0.598568856716156,-0.011397135443985462,0.7161123752593994,0.5388031005859375,-0.018914636224508286,0.7238127589225769,0.6847012639045715,-0.02255818247795105,0.6319814324378967,0.6541511416435242,-0.034745823591947556,0.5819246768951416,0.6443954706192017,-0.04134194552898407,0.541744589805603,0.639230489730835,-0.045297183096408844,0.7032655477523804,0.7421104311943054,-0.029693180695176125,0.6056211590766907,0.700156033039093,-0.042120784521102905,0.548485517501831,0.678381621837616,-0.049151740968227386,0.5066081285476685,0.6639735698699951,-0.05444270744919777,0.6867678761482239,0.799682080745697,-0.035249460488557816,0.5987586379051208,0.7515137195587158,-0.043695610016584396,0.5469117164611816,0.7262259125709534,-0.0471021942794323,0.5086072683334351,0.7085703611373901,-0.04984250292181969,0.6747775077819824,0.8513908386230469,-0.039973560720682144,0.6051793098449707,0.8044474124908447,-0.04662652313709259,0.566803514957428,0.7802819609642029,-0.04712789133191109,0.5354158282279968,0.759985089302063,-0.046523317694664,0.11609627306461334,0.8665724396705627,3.3244722885683586e-07,0.10727933049201965,0.7639293670654297,0.004852612968534231,0.1205841451883316,0.6613559722900391,-0.0027692492585629225,0.13519221544265747,0.5827505588531494,-0.011702589690685272,0.13493746519088745,0.5235223770141602,-0.021236082538962364,0.17291609942913055,0.6402865648269653,-0.023200765252113342,0.25316205620765686,0.5710095167160034,-0.03606398031115532,0.2979026436805725,0.5373610258102417,-0.03837436065077782,0.32726722955703735,0.5157666206359863,-0.0366394929587841,0.2054225504398346,0.6815046072006226,-0.03330933302640915,0.2907525599002838,0.5989977121353149,-0.041277848184108734,0.3336948752403259,0.5592074394226074,-0.03790001571178436,0.3616366982460022,0.530221164226532,-0.034294579178094864,0.23473766446113586,0.727487325668335,-0.0419665202498436,0.3099077045917511,0.644294261932373,-0.04546235874295235,0.3471301794052124,0.6019496321678162,-0.03973531350493431,0.3692123293876648,0.5707950592041016,-0.03543582931160927,0.25897109508514404,0.7749070525169373,-0.0499735064804554,0.3135918974876404,0.6962504386901855,-0.04904332384467125,0.341680109500885,0.6573565006256104,-0.04089484363794327,0.3613933026790619,0.6263079047203064,-0.03389370068907738
249,0.8260806202888489,0.818106472492218,-6.972842214736374e-08,0.8236117362976074,0.7200857400894165,0.009566922672092915,0.7787327766418457,0.6346499919891357,0.010912819765508175,0.7375845909118652,0.5635188817977905,0.011453290469944477,0.728937029838562,0.5078395009040833,0.010775750502943993,0.7229171991348267,0.6186290383338928,-0.011522275395691395,0.6292324066162109,0.5876997113227844,-0.018342019990086555,0.5848641395568848,0.580119788646698,-0.02097260393202305,0.5545957684516907,0.5774203538894653,-0.022044260054826736,0.7023392915725708,0.6691571474075317,-0.020148392766714096,0.6075359582901001,0.6252440810203552,-0.025196947157382965,0.5626503229141235,0.6088000535964966,-0.025556646287441254,0.5344781875610352,0.5969510078430176,-0.02619655802845955,0.6840401887893677,0.7245214581489563,-0.026531364768743515,0.6020594835281372,0.6786171197891235,-0.028997045010328293,0.5636590719223022,0.6569088697433472,-0.02531251683831215,0.5408258438110352,0.6403404474258423,-0.02355746552348137,0.6705655455589294,0.7816423177719116,-0.031673699617385864,0.6081476211547852,0.7357065081596375,-0.03180132433772087,0.5780743956565857,0.7128103971481323,-0.02553766407072544,0.5569164752960205,0.6917695999145508,-0.02070346474647522,0.12141106277704239,0.8976365327835083,4.1630761415945017e-07,0.12210841476917267,0.7915424108505249,0.0025100645143538713,0.14338701963424683,0.6899535059928894,-0.0037285780999809504,0.16534431278705597,0.6089672446250916,-0.010917654260993004,0.17086000740528107,0.5485953688621521,-0.018251366913318634,0.2141992300748825,0.6763494610786438,-0.015051283873617649,0.2996904253959656,0.6336826086044312,-0.023882826790213585,0.3453739285469055,0.6180470585823059,-0.027900703251361847,0.3777484893798828,0.6087151765823364,-0.029095659032464027,0.24166029691696167,0.7239629030227661,-0.024157902225852013,0.33507609367370605,0.6728239059448242,-0.025214822962880135,0.38391241431236267,0.6493011713027954,-0.023062385618686676,0.4176945686340332,0.6310533881187439,-0.022763486951589584,0.2637036442756653,0.776236891746521,-0.032425493001937866,0.34603410959243774,0.7196226716041565,-0.030956367030739784,0.3911117911338806,0.6901780366897583,-0.026138940826058388,0.42150044441223145,0.6674596071243286,-0.02480432018637657,0.27962183952331543,0.827852189540863,-0.040558960288763046,0.3423250913619995,0.7776380181312561,-0.03588408976793289,0.3771226406097412,0.7501025199890137,-0.02662661112844944,0.40384364128112793,0.7270783185958862,-0.020306890830397606
250,0.8336790800094604,0.8338249325752258,1.0528197691428431e-07,0.8282164335250854,0.7309839129447937,0.009154998697340488,0.7903728485107422,0.6383429765701294,0.007798085920512676,0.7569593787193298,0.5613633394241333,0.004873392637819052,0.7501482963562012,0.5022335648536682,-0.0003805120650213212,0.7432437539100647,0.6298180818557739,-0.014317101798951626,0.6560257077217102,0.592514157295227,-0.023642681539058685,0.6075147390365601,0.5784083008766174,-0.028584809973835945,0.5714375972747803,0.5674868822097778,-0.031859852373600006,0.7215533256530762,0.6800313591957092,-0.026057450100779533,0.6295559406280518,0.6293151378631592,-0.034536104649305344,0.5771579146385193,0.6016395688056946,-0.03840501606464386,0.5396462082862854,0.5795440673828125,-0.04177321866154671,0.702739417552948,0.7357895970344543,-0.0358109213411808,0.6199824213981628,0.6792116761207581,-0.041686154901981354,0.5735058188438416,0.6443159580230713,-0.04283422231674194,0.5405328869819641,0.6142392754554749,-0.0448773019015789,0.6875681281089783,0.7929653525352478,-0.04430706053972244,0.6268160343170166,0.7374557256698608,-0.04904499277472496,0.594096839427948,0.7052319645881653,-0.047120898962020874,0.5681377053260803,0.6753323078155518,-0.045662183314561844,0.13772916793823242,0.8612210154533386,2.3138444760206767e-07,0.12157711386680603,0.7675532698631287,-0.0016407652292400599,0.12766629457473755,0.6599383354187012,-0.010183957405388355,0.13232272863388062,0.5806771516799927,-0.02041839063167572,0.1276257038116455,0.5234752893447876,-0.030367694795131683,0.20943227410316467,0.628223717212677,-0.012526839040219784,0.2836519777774811,0.5737758874893188,-0.023340744897723198,0.32300761342048645,0.5589220523834229,-0.0306074395775795,0.3481358587741852,0.5488719344139099,-0.033329568803310394,0.23803389072418213,0.671699583530426,-0.02059123106300831,0.3168969452381134,0.6113589406013489,-0.023137038573622704,0.3535779118537903,0.5879247784614563,-0.02287556417286396,0.375990629196167,0.5762435793876648,-0.023376500234007835,0.2607680857181549,0.7217462062835693,-0.02874145470559597,0.33110085129737854,0.6637732982635498,-0.027768155559897423,0.3621736168861389,0.6397064924240112,-0.020238425582647324,0.37949806451797485,0.6269814372062683,-0.016010738909244537,0.2796482443809509,0.771178662776947,-0.037756048142910004,0.3341485857963562,0.7153372168540955,-0.031446672976017,0.3593258857727051,0.6909281611442566,-0.017959410324692726,0.3759622573852539,0.6750678420066833,-0.008070012554526329
251,0.8246273994445801,0.857414722442627,1.293823146397699e-07,0.8143317699432373,0.7518890500068665,0.004398878663778305,0.7714617252349854,0.6625866293907166,0.0015365099534392357,0.7316572070121765,0.5906347632408142,-0.0018006216268986464,0.7181544899940491,0.5309826135635376,-0.007233074400573969,0.7177989482879639,0.6698576211929321,-0.01419076044112444,0.631432294845581,0.6426188945770264,-0.023622721433639526,0.5845909714698792,0.6343184113502502,-0.029949350282549858,0.5470658540725708,0.6282011866569519,-0.03441249951720238,0.6989307999610901,0.7248807549476624,-0.022660939022898674,0.6049293279647827,0.6900053024291992,-0.032292645424604416,0.5507309436798096,0.6699053645133972,-0.03954768553376198,0.5100573301315308,0.6551891565322876,-0.045922789722681046,0.6842111945152283,0.7814143896102905,-0.029550813138484955,0.5982410311698914,0.7394713163375854,-0.037066683173179626,0.5491925477981567,0.7154399752616882,-0.04100918769836426,0.511776328086853,0.6973225474357605,-0.04478936269879341,0.6740108728408813,0.8350141644477844,-0.03522791340947151,0.6054657697677612,0.7929943203926086,-0.04146696254611015,0.5703295469284058,0.7702396512031555,-0.0417465977370739,0.5407295823097229,0.7490329146385193,-0.041536543518304825,0.12710502743721008,0.8759942054748535,3.9718176481073897e-07,0.11834081262350082,0.7772598266601562,-0.001967067364603281,0.1282019019126892,0.6669435501098633,-0.010162502527236938,0.13374075293540955,0.5856233239173889,-0.020048944279551506,0.1288032829761505,0.5242105722427368,-0.029723435640335083,0.1951919049024582,0.6453531980514526,-0.009816771373152733,0.26649901270866394,0.5894345641136169,-0.022958768531680107,0.3094676434993744,0.5633735060691833,-0.03161178156733513,0.3382279574871063,0.5475260019302368,-0.03508667275309563,0.2218395471572876,0.6871358752250671,-0.018652142956852913,0.29851019382476807,0.6231630444526672,-0.02466878667473793,0.34062686562538147,0.5929387807846069,-0.026183832436800003,0.3697783946990967,0.5703361630439758,-0.026606297120451927,0.2455511838197708,0.7358512878417969,-0.027997270226478577,0.31523045897483826,0.6742724776268005,-0.03001093864440918,0.3511655926704407,0.6449446082115173,-0.0238534826785326,0.374198853969574,0.623465359210968,-0.019558938220143318,0.26528266072273254,0.7846496105194092,-0.03817412257194519,0.3184393644332886,0.72635418176651,-0.03560752049088478,0.34737399220466614,0.6977604627609253,-0.024691136553883553,0.36794477701187134,0.6756122708320618,-0.01572466641664505
252,0.8296253681182861,0.8142779469490051,2.2855032000279607e-07,0.8256713151931763,0.7116206884384155,0.005346644204109907,0.7897674441337585,0.6248751282691956,0.0015851217322051525,0.7565767765045166,0.5502732992172241,-0.002827888121828437,0.7487379312515259,0.49195313453674316,-0.009026411920785904,0.7354310750961304,0.6218845248222351,-0.01755872741341591,0.6514397263526917,0.584643542766571,-0.026319215074181557,0.6055026650428772,0.569786548614502,-0.030913105234503746,0.5699416399002075,0.5618952512741089,-0.033612146973609924,0.7120780944824219,0.6702805757522583,-0.02633720450103283,0.622032642364502,0.6209700107574463,-0.03464088588953018,0.570950448513031,0.5971827507019043,-0.03876534104347229,0.5334085822105408,0.5818543434143066,-0.04165826365351677,0.6927167177200317,0.7230101823806763,-0.032893095165491104,0.6130321621894836,0.6685645580291748,-0.03757661208510399,0.5676230192184448,0.6413297653198242,-0.03930213674902916,0.5342563390731812,0.6233553886413574,-0.04109638184309006,0.6799973845481873,0.7759409546852112,-0.03836442902684212,0.6190181374549866,0.7211406230926514,-0.040474336594343185,0.5864301323890686,0.694176197052002,-0.037262026220560074,0.5600404143333435,0.6727315783500671,-0.034248236566782,0.12756451964378357,0.9033938646316528,4.6738625769648934e-07,0.13061736524105072,0.7976776957511902,4.260019977664342e-06,0.15526260435581207,0.6921647191047668,-0.005961695685982704,0.17787854373455048,0.6140573620796204,-0.012372747994959354,0.1868535876274109,0.5547555088996887,-0.018805867061018944,0.2201991230249405,0.6808667778968811,-0.017868317663669586,0.30615365505218506,0.6395992040634155,-0.02950691431760788,0.35317015647888184,0.6201852560043335,-0.03580436483025551,0.3874833583831787,0.6069973111152649,-0.03860939294099808,0.24731262028217316,0.7301859855651855,-0.02697649970650673,0.33962613344192505,0.67884361743927,-0.03229720890522003,0.3913748562335968,0.6505382061004639,-0.033363621681928635,0.42790931463241577,0.6274749040603638,-0.03470751643180847,0.26936623454093933,0.784381091594696,-0.03547564521431923,0.3526845872402191,0.726922869682312,-0.038012679666280746,0.39941877126693726,0.695580005645752,-0.03585635870695114,0.43103981018066406,0.6701095104217529,-0.03535854443907738,0.2854900658130646,0.8382604122161865,-0.043950311839580536,0.3482637405395508,0.7849737405776978,-0.04282718524336815,0.3840920925140381,0.7551658749580383,-0.036011867225170135,0.41110455989837646,0.7298634052276611,-0.030829228460788727
253,0.8322578072547913,0.8485502600669861,1.0643768177942547e-07,0.8277494311332703,0.7476044297218323,0.0016480665653944016,0.7802071571350098,0.6517432332038879,-0.003605809761211276,0.7409294247627258,0.5792287588119507,-0.008318504318594933,0.7369217872619629,0.5195269584655762,-0.015908004716038704,0.741039514541626,0.646406352519989,-0.03348374366760254,0.6525001525878906,0.6126018762588501,-0.05013267695903778,0.6002515554428101,0.599223256111145,-0.058608539402484894,0.5591809749603271,0.5920752882957458,-0.06388871371746063,0.7218477725982666,0.7018714547157288,-0.042314913123846054,0.6244193315505981,0.664090096950531,-0.058763537555933,0.567991316318512,0.6449661254882812,-0.0656580775976181,0.5253482460975647,0.6311124563217163,-0.07052163779735565,0.7024033069610596,0.7607432007789612,-0.048798009753227234,0.6123619079589844,0.7209649085998535,-0.0614466592669487,0.5610870718955994,0.6990306973457336,-0.06415646523237228,0.5223331451416016,0.6825910806655884,-0.06601043045520782,0.6852391958236694,0.8201155066490173,-0.05405374616384506,0.6157399415969849,0.7763618230819702,-0.06332185119390488,0.5807168483734131,0.7549839615821838,-0.06297796219587326,0.5519324541091919,0.7357655763626099,-0.0617237463593483,0.12855461239814758,0.8644632697105408,4.783125291396573e-07,0.11906486749649048,0.7655979990959167,-0.0004984177649021149,0.132462739944458,0.6587982177734375,-0.007177833467721939,0.14158011972904205,0.5812907218933105,-0.015225104987621307,0.1383109986782074,0.5269758701324463,-0.023173857480287552,0.20264548063278198,0.6316630840301514,-0.009595682844519615,0.2762206196784973,0.5768638849258423,-0.01975661888718605,0.31868577003479004,0.553996205329895,-0.026433447375893593,0.3477127254009247,0.5401173233985901,-0.028922149911522865,0.23163287341594696,0.674909770488739,-0.017339780926704407,0.30762672424316406,0.6120933294296265,-0.01990278623998165,0.349106103181839,0.5790417194366455,-0.021225133910775185,0.3778352737426758,0.5555065870285034,-0.02280060574412346,0.2557328939437866,0.7258096933364868,-0.025159357115626335,0.32519710063934326,0.6653909087181091,-0.024710064753890038,0.36116576194763184,0.631061851978302,-0.02138667181134224,0.38437098264694214,0.6061933040618896,-0.020367316901683807,0.27569282054901123,0.7775804996490479,-0.03339700028300285,0.32991886138916016,0.7220075130462646,-0.030437268316745758,0.3574506342411041,0.6919370889663696,-0.021895665675401688,0.37698134779930115,0.6670302152633667,-0.015268824063241482
254,0.826477587223053,0.8303021192550659,1.0962362750888133e-07,0.8185080289840698,0.7347414493560791,0.005009160842746496,0.7728006839752197,0.6444689035415649,0.0017729680985212326,0.7351992726325989,0.5729392766952515,-0.001948317512869835,0.7290094494819641,0.5152848362922668,-0.00819460954517126,0.7260543704032898,0.63627028465271,-0.023703448474407196,0.6374311447143555,0.6070700287818909,-0.03678552433848381,0.5882430672645569,0.5964828729629517,-0.044276125729084015,0.5525867938995361,0.5923647880554199,-0.048874497413635254,0.706947922706604,0.6889209747314453,-0.03311555087566376,0.614077627658844,0.6535991430282593,-0.0435747355222702,0.5612570643424988,0.6359951496124268,-0.04904726892709732,0.522605836391449,0.6234731674194336,-0.054164085537195206,0.6887534260749817,0.7465486526489258,-0.040508680045604706,0.6057310104370117,0.7075366377830505,-0.048207804560661316,0.5592293739318848,0.6855900883674622,-0.05046142265200615,0.525309145450592,0.6685481667518616,-0.05360015481710434,0.672794759273529,0.807047426700592,-0.046633295714855194,0.6102359294891357,0.7668454051017761,-0.05349074676632881,0.5766158699989319,0.7457822561264038,-0.05331366881728172,0.5485445261001587,0.7261642217636108,-0.05305824428796768,0.1288413554430008,0.8821410536766052,4.497909174006054e-07,0.11889222264289856,0.7818875312805176,-0.002551721641793847,0.12917150557041168,0.6718226075172424,-0.011880667880177498,0.1388998180627823,0.5895700454711914,-0.02211783453822136,0.13724172115325928,0.5284219980239868,-0.032277662307024,0.20252254605293274,0.654700756072998,-0.016876716166734695,0.283193975687027,0.6031922698020935,-0.031292982399463654,0.3326547145843506,0.5835933089256287,-0.04033079743385315,0.3672955632209778,0.574150562286377,-0.043193649500608444,0.2276020646095276,0.6996057629585266,-0.02294151671230793,0.3094896674156189,0.6392088532447815,-0.02699117735028267,0.3537208139896393,0.613327145576477,-0.02662036009132862,0.38538509607315063,0.59502112865448,-0.026217445731163025,0.2495844066143036,0.75102698802948,-0.02880256250500679,0.31995758414268494,0.6922765374183655,-0.028119418770074844,0.35868963599205017,0.6652606725692749,-0.02054448053240776,0.38403820991516113,0.6477324962615967,-0.01599876768887043,0.26819437742233276,0.8009413480758667,-0.0353408083319664,0.32262030243873596,0.7451422810554504,-0.029810121282935143,0.3527158796787262,0.7205427289009094,-0.017127016559243202,0.37402433156967163,0.7023404240608215,-0.007264226675033569
255,0.8308193683624268,0.8112044334411621,1.479018436612023e-07,0.8249553442001343,0.7114962935447693,0.009623329155147076,0.7878928780555725,0.6245017051696777,0.008992547169327736,0.7565397024154663,0.5515358448028564,0.006646197754889727,0.7510644793510437,0.49614545702934265,0.002052710857242346,0.7329763770103455,0.6189858317375183,-0.01168559305369854,0.6482216119766235,0.5862650871276855,-0.019113946706056595,0.6031153798103333,0.5729598999023438,-0.02271162159740925,0.5691861510276794,0.5641801953315735,-0.025100668892264366,0.7119095325469971,0.6643741726875305,-0.02276276983320713,0.6230159401893616,0.6184515953063965,-0.029804976657032967,0.5738927721977234,0.5947697758674622,-0.033190786838531494,0.5385376811027527,0.5762231945991516,-0.035981226712465286,0.693803071975708,0.715886116027832,-0.03163709118962288,0.6134756207466125,0.6633113026618958,-0.03699317201972008,0.569693386554718,0.6341440081596375,-0.037993453443050385,0.538662850856781,0.6112067103385925,-0.039535995572805405,0.6799890995025635,0.7709976434707642,-0.03903811052441597,0.6196070909500122,0.7205248475074768,-0.04380916804075241,0.5888197422027588,0.6930797100067139,-0.041361693292856216,0.564443051815033,0.6672803163528442,-0.03896370530128479,0.12503331899642944,0.9001297950744629,4.663235415591771e-07,0.12092297524213791,0.7936615943908691,0.00031273163040168583,0.1380947232246399,0.6873266696929932,-0.006800380535423756,0.15386775135993958,0.6065282225608826,-0.014787843450903893,0.15635225176811218,0.5469251871109009,-0.022791411727666855,0.208646759390831,0.6755895614624023,-0.015863001346588135,0.29396674036979675,0.6362151503562927,-0.02754165045917034,0.3426629900932312,0.6195928454399109,-0.03444886952638626,0.3777353763580322,0.6093427538871765,-0.03731812536716461,0.23492594063282013,0.7220117449760437,-0.02442891150712967,0.3263140916824341,0.6719527244567871,-0.028303982689976692,0.37533026933670044,0.6482137441635132,-0.02815905213356018,0.4099883437156677,0.6303340196609497,-0.028749028220772743,0.2581929564476013,0.774593710899353,-0.03253467008471489,0.3400235176086426,0.7199637293815613,-0.03342544659972191,0.3850606083869934,0.6902287602424622,-0.029526416212320328,0.4163316786289215,0.6677775382995605,-0.02801564894616604,0.27670061588287354,0.8279630541801453,-0.04073898494243622,0.3391355276107788,0.7768019437789917,-0.03881242871284485,0.37466761469841003,0.7493910193443298,-0.03093082457780838,0.4027653634548187,0.7267745137214661,-0.02488395757973194
256,0.8317956328392029,0.8235257267951965,2.0354548269096995e-07,0.8246220946311951,0.7274680733680725,0.0045004114508628845,0.7893887758255005,0.6334021091461182,-0.0002504636358935386,0.7622602581977844,0.5553786158561707,-0.00548122264444828,0.7579070925712585,0.4976807236671448,-0.012661722488701344,0.7411260008811951,0.6241772174835205,-0.020768573507666588,0.6532021760940552,0.5913002490997314,-0.03152625262737274,0.6060020923614502,0.5777514576911926,-0.036973610520362854,0.5696851015090942,0.566023051738739,-0.04065624624490738,0.7186861038208008,0.6732698082923889,-0.03071986883878708,0.6283661127090454,0.6258423328399658,-0.04128946736454964,0.5788236260414124,0.5995194911956787,-0.04513644799590111,0.5448172092437744,0.5765151381492615,-0.04804159328341484,0.6971402168273926,0.729364275932312,-0.03891970217227936,0.6164411306381226,0.6747495532035828,-0.04649654030799866,0.5723358392715454,0.6401262879371643,-0.046964555978775024,0.5425860285758972,0.60898756980896,-0.04797087982296944,0.6786855459213257,0.788945198059082,-0.046065278351306915,0.6182441115379333,0.7351954579353333,-0.05129653587937355,0.5875060558319092,0.7047165036201477,-0.04831917956471443,0.5633173584938049,0.6751096844673157,-0.045799095183610916,0.1272742748260498,0.8753024339675903,5.220363732405531e-07,0.11936794221401215,0.7747600674629211,-0.0028030143585056067,0.13325752317905426,0.6686514019966125,-0.011065369471907616,0.14145022630691528,0.5894327759742737,-0.02020890638232231,0.13743789494037628,0.5325266122817993,-0.02922471985220909,0.21023787558078766,0.6483104825019836,-0.009946671314537525,0.2903383672237396,0.6050416231155396,-0.020038006827235222,0.3372214734554291,0.5850998163223267,-0.027041755616664886,0.36934220790863037,0.5718449354171753,-0.02975846268236637,0.23691529035568237,0.6907884478569031,-0.015849899500608444,0.31658148765563965,0.6413208842277527,-0.017504820600152016,0.35970020294189453,0.6151853799819946,-0.01781712844967842,0.3898671865463257,0.5947047472000122,-0.018618782982230186,0.2597503364086151,0.7407029867172241,-0.022090326994657516,0.3310103118419647,0.688732385635376,-0.020011672750115395,0.36925652623176575,0.6604384779930115,-0.015395223163068295,0.39451202750205994,0.6406664252281189,-0.013509154319763184,0.27890634536743164,0.7910537719726562,-0.029088038951158524,0.3343389332294464,0.7404662370681763,-0.023693872615695,0.36517083644866943,0.7164632081985474,-0.013840929605066776,0.3875868618488312,0.6977695226669312,-0.006457103881984949
257,0.8263781666755676,0.8477877378463745,1.4558929706254276e-07,0.81831294298172,0.7427057027816772,0.004904803354293108,0.7752636671066284,0.6534386873245239,0.0026519044768065214,0.7411841750144958,0.5818825364112854,-0.000300800398690626,0.7355013489723206,0.522808313369751,-0.005342093296349049,0.7188445329666138,0.6620796322822571,-0.015156727284193039,0.6313156485557556,0.6371070742607117,-0.024892106652259827,0.5829335451126099,0.628549337387085,-0.03082006424665451,0.5451983213424683,0.6226435899734497,-0.035001449286937714,0.699104368686676,0.7169304490089417,-0.024196771904826164,0.6043451428413391,0.6839697957038879,-0.03484836965799332,0.5505773425102234,0.6643536686897278,-0.0416705422103405,0.5108975768089294,0.6486610174179077,-0.04707548767328262,0.6831734776496887,0.7735161185264587,-0.03153692185878754,0.5978949666023254,0.7326129674911499,-0.039943765848875046,0.5499316453933716,0.7079760432243347,-0.043781738728284836,0.5135964155197144,0.6883922219276428,-0.04685194045305252,0.6726077795028687,0.8277139067649841,-0.03762185201048851,0.6062321662902832,0.7842264175415039,-0.043991997838020325,0.5719796419143677,0.7620004415512085,-0.04371214658021927,0.5432926416397095,0.741628885269165,-0.04278969764709473,0.12490162998437881,0.8682645559310913,5.276418733046739e-07,0.11431794613599777,0.7691938877105713,-0.0025088400579988956,0.12486539781093597,0.6639161109924316,-0.011576618999242783,0.13048338890075684,0.5855822563171387,-0.020672418177127838,0.12253905087709427,0.530105710029602,-0.03051980771124363,0.19170193374156952,0.6413519978523254,-0.023280490189790726,0.2703011631965637,0.5856939554214478,-0.036374885588884354,0.3167003393173218,0.5566731691360474,-0.0430387444794178,0.35050123929977417,0.5372764468193054,-0.0456177294254303,0.22103802859783173,0.6826640367507935,-0.03149007633328438,0.30630481243133545,0.6157236695289612,-0.03779228776693344,0.3555417060852051,0.5778248906135559,-0.03952900320291519,0.3912103772163391,0.5486581325531006,-0.04115260764956474,0.24612927436828613,0.7314809560775757,-0.03917233645915985,0.32448139786720276,0.6613780856132507,-0.04186113923788071,0.3685435652732849,0.620173990726471,-0.042589474469423294,0.39948612451553345,0.5883635878562927,-0.044209256768226624,0.26687490940093994,0.7820698022842407,-0.046910304576158524,0.32420629262924194,0.7190760970115662,-0.04789460077881813,0.358148992061615,0.6829066872596741,-0.04472673684358597,0.3845865726470947,0.6530210971832275,-0.04204631969332695
258,0.829932451248169,0.8170382976531982,2.4542973164898285e-07,0.8234118819236755,0.7105313539505005,0.006207616068422794,0.7916612029075623,0.623092770576477,0.0016235997900366783,0.7658582925796509,0.5476851463317871,-0.004094289615750313,0.7616992592811584,0.490844190120697,-0.011889693327248096,0.7338382601737976,0.6260431408882141,-0.018974635750055313,0.6480308771133423,0.5920624136924744,-0.02852899394929409,0.601795494556427,0.5781574249267578,-0.03295018523931503,0.5654386878013611,0.5696462988853455,-0.03535613417625427,0.7128564119338989,0.6753745079040527,-0.02917461097240448,0.6208423376083374,0.628497302532196,-0.03859243169426918,0.5687401294708252,0.605285108089447,-0.04309968277812004,0.5313363075256348,0.5897090435028076,-0.04599567502737045,0.6961430311203003,0.7287448644638062,-0.03699803352355957,0.6142137050628662,0.6775611042976379,-0.04310544580221176,0.566519021987915,0.6502152681350708,-0.04571804776787758,0.5323510766029358,0.6311533451080322,-0.04753541946411133,0.6853209137916565,0.7810386419296265,-0.04352923855185509,0.6215534210205078,0.7295810580253601,-0.04653767868876457,0.5878368020057678,0.7041760087013245,-0.04331756383180618,0.5612788796424866,0.6834614276885986,-0.04003030061721802,0.1272152066230774,0.8952683210372925,5.048673870078346e-07,0.1189613938331604,0.7887765765190125,0.0003524639178067446,0.12819090485572815,0.6844785213470459,-0.0091068334877491,0.13669705390930176,0.6047618389129639,-0.018335621803998947,0.1321752667427063,0.546910285949707,-0.02817980945110321,0.20159855484962463,0.6783996820449829,-0.02987540327012539,0.2892135977745056,0.6251320242881775,-0.04540950059890747,0.33708861470222473,0.5991601943969727,-0.051862504333257675,0.3727042078971863,0.5833669900894165,-0.05348725616931915,0.2301982343196869,0.727904200553894,-0.039004065096378326,0.32431623339653015,0.6583942174911499,-0.049580369144678116,0.37559518218040466,0.6224215030670166,-0.050767939537763596,0.4131666123867035,0.5977833867073059,-0.051037997007369995,0.25474536418914795,0.7784762978553772,-0.04653812572360039,0.3410433530807495,0.7080519199371338,-0.05272771418094635,0.3874571621417999,0.6692548394203186,-0.051002223044633865,0.41980814933776855,0.6406294107437134,-0.049815040081739426,0.2738382816314697,0.8279899954795837,-0.05337017774581909,0.33753424882888794,0.7652846574783325,-0.05537267029285431,0.37222370505332947,0.7299904823303223,-0.049563098698854446,0.399835467338562,0.7008222937583923,-0.04440886527299881
259,0.8420271277427673,0.843221127986908,7.904453269702572e-08,0.8298355937004089,0.7420881986618042,0.0021646623499691486,0.7828678488731384,0.6478159427642822,-0.002308604773133993,0.7503429055213928,0.5721892714500427,-0.007235156837850809,0.7488019466400146,0.5122782588005066,-0.015145343728363514,0.7307236790657043,0.6564444899559021,-0.02424759976565838,0.6432307958602905,0.6352459192276001,-0.038213759660720825,0.593193531036377,0.6282901763916016,-0.04709966108202934,0.5535449981689453,0.6248536705970764,-0.05340927466750145,0.7147089838981628,0.7125780582427979,-0.034205276519060135,0.6174931526184082,0.6878696084022522,-0.04727146402001381,0.5612385272979736,0.6731603741645813,-0.05566064268350601,0.5178756713867188,0.6605761647224426,-0.06271608918905258,0.7010442018508911,0.7718607187271118,-0.0425625815987587,0.6113314628601074,0.7406001687049866,-0.053777679800987244,0.5597764253616333,0.7215129137039185,-0.05921095237135887,0.5202280879020691,0.7056472301483154,-0.06381335109472275,0.6902521252632141,0.8305022120475769,-0.049910981208086014,0.6213879585266113,0.7968867421150208,-0.060034025460481644,0.5839937925338745,0.7780150175094604,-0.06226010248064995,0.5526959300041199,0.7600136995315552,-0.06328058242797852,0.12204103171825409,0.8667943477630615,5.773518978458014e-07,0.11280559003353119,0.7648590803146362,-0.0023133449722081423,0.12317641079425812,0.6627856492996216,-0.01119700726121664,0.1275862455368042,0.5882736444473267,-0.02005193941295147,0.12066540122032166,0.5345355868339539,-0.029714686796069145,0.19769379496574402,0.6497275829315186,-0.02306293696165085,0.2795388698577881,0.5996224284172058,-0.03564240410923958,0.32777661085128784,0.5742501020431519,-0.041947897523641586,0.36235228180885315,0.5572953224182129,-0.04397336393594742,0.2266940325498581,0.6955434679985046,-0.030648212879896164,0.31572091579437256,0.6336798071861267,-0.03645109757781029,0.3672613501548767,0.5983065366744995,-0.03781275451183319,0.4038437008857727,0.5712313055992126,-0.039285238832235336,0.24997198581695557,0.7452945709228516,-0.03770013526082039,0.33095481991767883,0.6814084649085999,-0.04017363116145134,0.3781422972679138,0.6428202986717224,-0.04148074612021446,0.41090697050094604,0.6128227710723877,-0.04361848905682564,0.2675751745700836,0.7939620018005371,-0.04467184469103813,0.32744455337524414,0.7390755414962769,-0.045714620500802994,0.3640860915184021,0.7058563232421875,-0.04312250018119812,0.39275622367858887,0.6778280735015869,-0.04106074199080467
260,0.843424916267395,0.8242512345314026,1.4537117465351912e-07,0.8286266326904297,0.7256701588630676,0.003723773406818509,0.7879348993301392,0.6355294585227966,-0.0009696402121335268,0.7602347135543823,0.5650916695594788,-0.00646606832742691,0.760413646697998,0.5111128091812134,-0.01498931273818016,0.7367020845413208,0.6441143751144409,-0.025141114369034767,0.6502300500869751,0.6222894191741943,-0.03835935518145561,0.6012967228889465,0.6141399145126343,-0.045571692287921906,0.5640340447425842,0.6087672710418701,-0.050435621291399,0.7205179929733276,0.6953701376914978,-0.035644058138132095,0.6261765956878662,0.6665984392166138,-0.048525501042604446,0.5705834627151489,0.6514047384262085,-0.055466700345277786,0.5285799503326416,0.6386299729347229,-0.06103869527578354,0.7068501710891724,0.751471221446991,-0.04411252215504646,0.621431291103363,0.7149187326431274,-0.054436229169368744,0.571271538734436,0.6939890384674072,-0.0592607818543911,0.5339138507843018,0.6763505339622498,-0.06344148516654968,0.6963527202606201,0.8107266426086426,-0.051368970423936844,0.6321268677711487,0.7747648358345032,-0.06087988242506981,0.596926212310791,0.7544803023338318,-0.06225829944014549,0.5674533843994141,0.735558807849884,-0.06274975091218948,0.11658574640750885,0.860298752784729,5.830757459079905e-07,0.10575873404741287,0.7587480545043945,-0.005431371740996838,0.11551301181316376,0.6586573123931885,-0.01703106239438057,0.12027186900377274,0.5822457075119019,-0.027889495715498924,0.11323341727256775,0.5268827080726624,-0.0394897386431694,0.19025519490242004,0.6460533142089844,-0.029655443504452705,0.27523356676101685,0.5969818234443665,-0.04426657781004906,0.3239040970802307,0.5693992376327515,-0.05173121765255928,0.35972535610198975,0.5505314469337463,-0.05468269810080528,0.21981613337993622,0.6923786401748657,-0.03649973124265671,0.3107990026473999,0.6284239292144775,-0.044224947690963745,0.3621748089790344,0.5923856496810913,-0.046921566128730774,0.3989424705505371,0.5645163655281067,-0.049369920045137405,0.24372175335884094,0.7426060438156128,-0.04264543578028679,0.32631152868270874,0.6784842014312744,-0.04685771465301514,0.3736550807952881,0.6379933953285217,-0.04909200221300125,0.40659138560295105,0.6052483320236206,-0.05172489956021309,0.26227831840515137,0.7918999195098877,-0.04881807044148445,0.32401207089424133,0.737543523311615,-0.05114791542291641,0.36023402214050293,0.7050599455833435,-0.04910187050700188,0.38734495639801025,0.6768863201141357,-0.04727363586425781
261,0.8426107168197632,0.8120944499969482,2.512702508283837e-07,0.8392179012298584,0.7086936831474304,-0.0007262075087055564,0.8105502724647522,0.6216875314712524,-0.009736877866089344,0.7858563661575317,0.5475063920021057,-0.018753517419099808,0.7819569706916809,0.49046623706817627,-0.03032289817929268,0.752210259437561,0.6288689374923706,-0.031207358464598656,0.6645408272743225,0.5987228751182556,-0.04490535706281662,0.6173551678657532,0.5863091945648193,-0.051943935453891754,0.5793440937995911,0.5774155855178833,-0.05632404983043671,0.7309412360191345,0.6811783313751221,-0.0400235541164875,0.6357998847961426,0.6384263634681702,-0.05273920297622681,0.5819053649902344,0.6156330704689026,-0.059700045734643936,0.5422263741493225,0.5998021364212036,-0.06484897434711456,0.7156718969345093,0.7357489466667175,-0.04673459008336067,0.6309219598770142,0.6892525553703308,-0.055957868695259094,0.5818619132041931,0.6625267863273621,-0.060892459005117416,0.5460886359214783,0.6431283950805664,-0.06469442695379257,0.7059067487716675,0.7884755730628967,-0.05264252424240112,0.6404371857643127,0.7415888905525208,-0.05993662774562836,0.6055967211723328,0.7172950506210327,-0.0599605068564415,0.5772039294242859,0.6969598531723022,-0.05920276418328285,0.11725647002458572,0.8670185208320618,5.420397997113469e-07,0.11096842586994171,0.7642637491226196,0.001493836403824389,0.1213744729757309,0.6637182235717773,-0.008389926515519619,0.12639722228050232,0.5858230590820312,-0.018439127132296562,0.121292844414711,0.5298956632614136,-0.029279526323080063,0.19889549911022186,0.6558294892311096,-0.027706744149327278,0.28631308674812317,0.6164247989654541,-0.04244577884674072,0.3352343440055847,0.5978637933731079,-0.0501210056245327,0.37232041358947754,0.5886808633804321,-0.052906401455402374,0.22486236691474915,0.7047989368438721,-0.036982934921979904,0.3203839063644409,0.6502562761306763,-0.044385358691215515,0.3729822039604187,0.6204149127006531,-0.045419856905937195,0.4122987389564514,0.5985683798789978,-0.046696022152900696,0.24684639275074005,0.7569937109947205,-0.04472050070762634,0.3342339098453522,0.6995757818222046,-0.04772369936108589,0.38139331340789795,0.6662473082542419,-0.046230871230363846,0.4143878221511841,0.6412014961242676,-0.04631927236914635,0.2640344500541687,0.8076637387275696,-0.05190598964691162,0.32963627576828003,0.755494236946106,-0.052612148225307465,0.36571216583251953,0.7258914113044739,-0.04719283804297447,0.39359426498413086,0.7014907002449036,-0.04277145862579346
262,0.844760537147522,0.8353315591812134,1.9863553291088465e-07,0.8378946185112,0.7313078045845032,-0.00018931091472040862,0.8039340376853943,0.6406722068786621,-0.00930959265679121,0.778756320476532,0.5656514167785645,-0.0185474194586277,0.7732358574867249,0.5081592798233032,-0.030449343845248222,0.7504472136497498,0.6524697542190552,-0.032892171293497086,0.6618056893348694,0.625020444393158,-0.04955895245075226,0.6129259467124939,0.6146589517593384,-0.05887528508901596,0.5747437477111816,0.6078909039497375,-0.06447971612215042,0.7315121293067932,0.708678126335144,-0.04239703342318535,0.636330783367157,0.6705069541931152,-0.05932155251502991,0.5800991654396057,0.6499717235565186,-0.06914693862199783,0.5382807850837708,0.6348976492881775,-0.0761033445596695,0.7161669731140137,0.7649371027946472,-0.049665164202451706,0.6300404071807861,0.7217713594436646,-0.06231008842587471,0.5800977945327759,0.6980667114257812,-0.06785741448402405,0.5437809228897095,0.6811992526054382,-0.07164367288351059,0.7051549553871155,0.8176724910736084,-0.05586819350719452,0.6390694975852966,0.7741779685020447,-0.06458161771297455,0.6053975820541382,0.7513061165809631,-0.06453148275613785,0.578114926815033,0.7323868274688721,-0.06355243176221848,0.11126573383808136,0.8478449583053589,5.826321398672007e-07,0.104449562728405,0.7459376454353333,-3.99315104004927e-05,0.11644412577152252,0.6458684802055359,-0.008868035860359669,0.1199277713894844,0.5714777708053589,-0.01814091205596924,0.10988815873861313,0.5179675817489624,-0.028289420530200005,0.19147318601608276,0.6330024600028992,-0.02050032652914524,0.274004727602005,0.5899224281311035,-0.03150534629821777,0.32222598791122437,0.5692143440246582,-0.03669794648885727,0.3570290803909302,0.5569149851799011,-0.03824600577354431,0.218519926071167,0.6795872449874878,-0.029370130971074104,0.30927321314811707,0.6235986948013306,-0.03407236561179161,0.36120957136154175,0.5923464298248291,-0.03463440388441086,0.3979833126068115,0.5686308145523071,-0.03546234592795372,0.24027109146118164,0.7315094470977783,-0.03746028244495392,0.3232421875,0.6740309000015259,-0.038670822978019714,0.3707638680934906,0.6389607191085815,-0.039031535387039185,0.40336108207702637,0.6100867390632629,-0.04052789509296417,0.2568809986114502,0.7833623886108398,-0.04532639682292938,0.3191951811313629,0.7316716909408569,-0.045312393456697464,0.3559679388999939,0.7004163861274719,-0.0417003370821476,0.38422903418540955,0.672784686088562,-0.0387992188334465
263,0.8453314900398254,0.8181139230728149,1.8620293928961473e-07,0.8362755179405212,0.7177103757858276,0.0022001334000378847,0.8030034899711609,0.6295113563537598,-0.004371619317680597,0.7768201231956482,0.5567046403884888,-0.011331567540764809,0.7717865109443665,0.5023869276046753,-0.021202322095632553,0.7475492358207703,0.638641357421875,-0.026970958337187767,0.6601778864860535,0.6155588030815125,-0.03951270133256912,0.6119341254234314,0.6076892614364624,-0.046429283916950226,0.5748555660247803,0.6017995476722717,-0.051024630665779114,0.7291622161865234,0.6904509663581848,-0.0365009605884552,0.6346161961555481,0.6605932712554932,-0.04980309680104256,0.5803278088569641,0.6447044610977173,-0.05762212350964546,0.5398238897323608,0.6310821771621704,-0.06340961158275604,0.713869035243988,0.7456904053688049,-0.04378810524940491,0.6293382048606873,0.7088057398796082,-0.05355923995375633,0.580693244934082,0.6871594786643982,-0.05840864032506943,0.5439436435699463,0.6690686941146851,-0.062364816665649414,0.7030217051506042,0.801810622215271,-0.04986590892076492,0.638368546962738,0.7644123435020447,-0.05663728341460228,0.6053869128227234,0.7438594698905945,-0.05602100491523743,0.5783382058143616,0.7238777279853821,-0.055104441940784454,0.11042600870132446,0.8634331226348877,5.130609679326881e-07,0.10305231064558029,0.7677384614944458,-0.003335520625114441,0.11185756325721741,0.66285240650177,-0.015164690092206001,0.11389053612947464,0.5835079550743103,-0.02757524885237217,0.10747111588716507,0.5262682437896729,-0.0402732752263546,0.1882297694683075,0.6440721750259399,-0.022792121395468712,0.2693912982940674,0.6011407375335693,-0.03772664815187454,0.31620025634765625,0.5795890092849731,-0.046936359256505966,0.3492361903190613,0.5661834478378296,-0.05115314573049545,0.21322286128997803,0.6857526898384094,-0.03170199319720268,0.30251896381378174,0.635083794593811,-0.03857096657156944,0.3518480062484741,0.6074530482292175,-0.04019876569509506,0.3868461847305298,0.5870129466056824,-0.04193415492773056,0.23541498184204102,0.7354799509048462,-0.04047534242272377,0.31751203536987305,0.6840242147445679,-0.043394867330789566,0.3621296286582947,0.6560066938400269,-0.04063787683844566,0.3920915126800537,0.6363605856895447,-0.0399104505777359,0.25394997000694275,0.7869500517845154,-0.049765486270189285,0.3171086609363556,0.7398669719696045,-0.05025988444685936,0.3531770706176758,0.7157223224639893,-0.04368751123547554,0.3795761466026306,0.6973222494125366,-0.038489941507577896
264,0.8501497507095337,0.8080028891563416,2.513197614462115e-07,0.8472769856452942,0.7067347764968872,-0.00018904806347563863,0.8203556537628174,0.6207958459854126,-0.007356900721788406,0.7945635318756104,0.5472455024719238,-0.014845798723399639,0.788284957408905,0.4912639260292053,-0.024660002440214157,0.756388783454895,0.6293305158615112,-0.02286931499838829,0.6716581583023071,0.5997353196144104,-0.03393111750483513,0.6250978708267212,0.5878069996833801,-0.04059561714529991,0.5880447030067444,0.5788852572441101,-0.045176856219768524,0.7348858714103699,0.6796382665634155,-0.031233062967658043,0.6443073153495789,0.6395282745361328,-0.04172169417142868,0.5919246077537537,0.6168211102485657,-0.04941854253411293,0.5531506538391113,0.600775957107544,-0.05533095449209213,0.7198177576065063,0.7335686087608337,-0.038002707064151764,0.6390749216079712,0.6898539066314697,-0.04612850770354271,0.5905066132545471,0.6632768511772156,-0.0526416189968586,0.5541431307792664,0.6431915163993835,-0.05787733197212219,0.7102011442184448,0.7862198948860168,-0.043985769152641296,0.6484991908073425,0.740872323513031,-0.0507483035326004,0.6150192022323608,0.7169977426528931,-0.051866982132196426,0.5872654914855957,0.6955936551094055,-0.05215529352426529,0.11800124496221542,0.891838550567627,6.010370157127909e-07,0.11489270627498627,0.7804127931594849,-0.005873257759958506,0.12967881560325623,0.6810368299484253,-0.02063780650496483,0.13682228326797485,0.6017535328865051,-0.034165218472480774,0.13574394583702087,0.5416733026504517,-0.04804841801524162,0.20615851879119873,0.6802268624305725,-0.0395515076816082,0.2972719669342041,0.6421247720718384,-0.05634329468011856,0.34735071659088135,0.6241977214813232,-0.06368811428546906,0.3849204480648041,0.612411379814148,-0.06671050935983658,0.2319432646036148,0.734731912612915,-0.04747619107365608,0.3294828534126282,0.683807909488678,-0.05899960175156593,0.384738951921463,0.6544758677482605,-0.06133687123656273,0.42488330602645874,0.631069004535675,-0.06353671103715897,0.25240570306777954,0.7907036542892456,-0.054002027958631516,0.33982858061790466,0.7339208722114563,-0.060620564967393875,0.39090102910995483,0.703301727771759,-0.059843264520168304,0.4266507625579834,0.6788806915283203,-0.06033879145979881,0.26666468381881714,0.8443993330001831,-0.06042169779539108,0.33284515142440796,0.7934768795967102,-0.06300004571676254,0.3717043101787567,0.7638713717460632,-0.05801451951265335,0.4016510844230652,0.7384692430496216,-0.05403680354356766
265,0.8527451753616333,0.8509541749954224,2.0621848761948058e-07,0.8455453515052795,0.7511173486709595,-0.0021307915449142456,0.8091319799423218,0.6553632616996765,-0.010095919482409954,0.7832222580909729,0.5786985158920288,-0.018144065514206886,0.7813695669174194,0.5194855332374573,-0.02841697260737419,0.7525133490562439,0.6659749746322632,-0.026570720598101616,0.6664315462112427,0.6404834985733032,-0.04148754104971886,0.6165481209754944,0.630050539970398,-0.05078941211104393,0.5774941444396973,0.6241116523742676,-0.05688638985157013,0.7340635657310486,0.7202110290527344,-0.03536876663565636,0.6424009203910828,0.6851407289505005,-0.04944685101509094,0.5870896577835083,0.6652788519859314,-0.058150067925453186,0.5450231432914734,0.6508755683898926,-0.06459598243236542,0.7187581658363342,0.7769016027450562,-0.04296337068080902,0.6349472999572754,0.7346357703208923,-0.05395575985312462,0.5864153504371643,0.7111880779266357,-0.059080224484205246,0.5504685044288635,0.6937810778617859,-0.06273869425058365,0.7072165012359619,0.83287513256073,-0.05012908950448036,0.6435301899909973,0.7907263040542603,-0.058806516230106354,0.6079100966453552,0.7685871124267578,-0.05978315323591232,0.5786652565002441,0.7498824000358582,-0.05951613187789917,0.124078169465065,0.8586820363998413,6.178055969030538e-07,0.11798737198114395,0.7584118843078613,-0.005075508262962103,0.1308392584323883,0.6593182682991028,-0.017076710239052773,0.13856132328510284,0.5852886438369751,-0.029146617278456688,0.13430984318256378,0.529432475566864,-0.041829388588666916,0.2146160751581192,0.6437888145446777,-0.02256317064166069,0.3006432056427002,0.6108710169792175,-0.036234017461538315,0.35142141580581665,0.5957443118095398,-0.04551813751459122,0.3885582685470581,0.5859696269035339,-0.04958599805831909,0.2378959059715271,0.6909690499305725,-0.0288776196539402,0.3251805305480957,0.6503424048423767,-0.03412822633981705,0.3742627203464508,0.6290543079376221,-0.036338742822408676,0.40999317169189453,0.6127371191978455,-0.03864232823252678,0.25669753551483154,0.744089663028717,-0.03480928763747215,0.33454185724258423,0.7020692229270935,-0.03553374111652374,0.37603098154067993,0.6797048449516296,-0.03209808096289635,0.4039381742477417,0.6634304523468018,-0.031095856800675392,0.2717231512069702,0.7959501147270203,-0.041459161788225174,0.33155566453933716,0.7524632215499878,-0.03913348913192749,0.36378350853919983,0.731596827507019,-0.03052845038473606,0.38782578706741333,0.7152222990989685,-0.023886799812316895
266,0.8575557470321655,0.8498473763465881,1.9838462606003304e-07,0.8480364084243774,0.7531331181526184,-0.0014465193962678313,0.811082661151886,0.6563404202461243,-0.008810348808765411,0.7847002148628235,0.5796399116516113,-0.01599140092730522,0.7820274233818054,0.5218839645385742,-0.025751132518053055,0.7559470534324646,0.6657189130783081,-0.029334906488656998,0.6677312850952148,0.6376701593399048,-0.04366539418697357,0.6171054840087891,0.6277868747711182,-0.05154796689748764,0.5788192749023438,0.6202432513237,-0.05665723234415054,0.7381303310394287,0.7167420983314514,-0.03778892755508423,0.643424391746521,0.6824235320091248,-0.05177189037203789,0.5875627994537354,0.6647141575813293,-0.05951535701751709,0.5469793677330017,0.6509777903556824,-0.06515267491340637,0.7228547930717468,0.7726423740386963,-0.04468025639653206,0.6370036602020264,0.7330179810523987,-0.05556473508477211,0.5874933004379272,0.7099807858467102,-0.06053430959582329,0.5512750148773193,0.6913421154022217,-0.06436232477426529,0.7107033729553223,0.8310579657554626,-0.05080605298280716,0.6445678472518921,0.7906500697135925,-0.059488777071237564,0.6100175380706787,0.7684967517852783,-0.060218121856451035,0.582071840763092,0.7477359175682068,-0.06000872328877449,0.1251685470342636,0.8595457077026367,5.481844596033625e-07,0.12067557126283646,0.7609648108482361,-0.0020136020611971617,0.13217739760875702,0.6594752073287964,-0.012479187920689583,0.13701845705509186,0.583103597164154,-0.02384147234261036,0.1308961808681488,0.5275840759277344,-0.035445988178253174,0.2115647941827774,0.6423007845878601,-0.016114015132188797,0.29530203342437744,0.6124184727668762,-0.02776770293712616,0.3434343934059143,0.5973932147026062,-0.035976916551589966,0.3782094419002533,0.58826744556427,-0.03977210819721222,0.23266653716564178,0.6881983280181885,-0.024021564051508904,0.32033926248550415,0.6497687101364136,-0.026276621967554092,0.36923614144325256,0.6302450895309448,-0.026415469124913216,0.4069429039955139,0.6133957505226135,-0.02778950147330761,0.25038543343544006,0.7410959601402283,-0.031695593148469925,0.32625484466552734,0.7026891112327576,-0.02989116869866848,0.3673655390739441,0.6853817105293274,-0.02361765317618847,0.3957926034927368,0.6716307997703552,-0.021065322682261467,0.26500463485717773,0.7928341627120972,-0.04016843065619469,0.3207288980484009,0.7521286606788635,-0.03526316210627556,0.3526188135147095,0.734521746635437,-0.02426367625594139,0.3773621916770935,0.7210857272148132,-0.01629779301583767
267,0.8573713898658752,0.8418816328048706,1.6794658108665317e-07,0.8441559076309204,0.7432500720024109,0.002440457697957754,0.8053590059280396,0.6510500907897949,-0.003633699147030711,0.777384340763092,0.5771328806877136,-0.010376686230301857,0.7735847234725952,0.519061803817749,-0.020093444734811783,0.7502132058143616,0.6609874963760376,-0.025072071701288223,0.6635139584541321,0.6366530656814575,-0.037985093891620636,0.6139147281646729,0.6274060010910034,-0.045576389878988266,0.5758934020996094,0.6213396191596985,-0.05082464963197708,0.7328273057937622,0.7105234861373901,-0.03536577150225639,0.6383085250854492,0.6802603602409363,-0.04758620634675026,0.5828542709350586,0.6640546321868896,-0.055060166865587234,0.5418910980224609,0.651378333568573,-0.061105143278837204,0.7183830738067627,0.7656394243240356,-0.04380355402827263,0.6322575211524963,0.7276488542556763,-0.05321553349494934,0.5819123983383179,0.704972505569458,-0.05845491588115692,0.5441759824752808,0.6867337822914124,-0.06322348117828369,0.7081069350242615,0.8240007162094116,-0.05113387480378151,0.6429112553596497,0.7854212522506714,-0.05891694128513336,0.6077295541763306,0.7646037340164185,-0.0595717616379261,0.5780024528503418,0.7455571889877319,-0.059782665222883224,0.1301862746477127,0.8532037734985352,5.842628638674796e-07,0.12054885178804398,0.7570117712020874,-0.005384193733334541,0.12862715125083923,0.6563489437103271,-0.018126128241419792,0.13103097677230835,0.5791270136833191,-0.030234169214963913,0.12424344569444656,0.5231188535690308,-0.042740628123283386,0.20456239581108093,0.6355485320091248,-0.02600136399269104,0.28769800066947937,0.590487003326416,-0.03884473815560341,0.33479392528533936,0.567039966583252,-0.04587765038013458,0.3679971396923065,0.5521989464759827,-0.048439327627420425,0.2297724038362503,0.6803378462791443,-0.032441966235637665,0.3186246454715729,0.6251963376998901,-0.037930600345134735,0.36684346199035645,0.5937649011611938,-0.03882208466529846,0.4007684290409088,0.5680837631225586,-0.039756376296281815,0.25109314918518066,0.7313435077667236,-0.03835633024573326,0.33224254846572876,0.6741940379142761,-0.03990902006626129,0.3767254054546356,0.6402857303619385,-0.038248609751462936,0.40714502334594727,0.6124045848846436,-0.038320861756801605,0.26797348260879517,0.7823122143745422,-0.04452528432011604,0.3284301459789276,0.7299164533615112,-0.04354814440011978,0.3622121512889862,0.7026978135108948,-0.037068922072649,0.3869650959968567,0.6789129972457886,-0.03190997987985611
268,0.8521954417228699,0.8230583667755127,2.947924429008708e-07,0.8500621914863586,0.7179843783378601,-0.0016332721570506692,0.8230507373809814,0.6301581263542175,-0.010193298570811749,0.7976707220077515,0.5546891093254089,-0.018579808995127678,0.7944618463516235,0.49716389179229736,-0.0288829542696476,0.7605686783790588,0.6381828188896179,-0.026063043624162674,0.6755997538566589,0.604498028755188,-0.0372181311249733,0.6300649046897888,0.5908006429672241,-0.04332819953560829,0.5935801267623901,0.5812575817108154,-0.047169238328933716,0.7370797991752625,0.6897941827774048,-0.03325289115309715,0.6464559435844421,0.644492506980896,-0.04345037043094635,0.5940618515014648,0.620984673500061,-0.049396079033613205,0.5550636053085327,0.6040909886360168,-0.05390969663858414,0.7195519804954529,0.7433426976203918,-0.03870795667171478,0.6403270363807678,0.6927040219306946,-0.04524819925427437,0.5927170515060425,0.6648761034011841,-0.04938792064785957,0.5572291612625122,0.6449471712112427,-0.0529961884021759,0.7081356644630432,0.7934513092041016,-0.04363285377621651,0.6475887298583984,0.7418655753135681,-0.048134252429008484,0.6147359609603882,0.7173429131507874,-0.04686643183231354,0.5873492956161499,0.6976691484451294,-0.045363668352365494,0.13382665812969208,0.8844580054283142,5.232386115494592e-07,0.1368481069803238,0.7796107530593872,0.0001442879147361964,0.15745334327220917,0.6798267364501953,-0.009542019106447697,0.1729941964149475,0.6048742532730103,-0.019454965367913246,0.1776389479637146,0.5480575561523438,-0.02996969409286976,0.22432927787303925,0.670317530632019,-0.029002109542489052,0.31492891907691956,0.636069655418396,-0.04410979151725769,0.36401259899139404,0.6222706437110901,-0.05136984959244728,0.4003812074661255,0.6136758327484131,-0.05429080128669739,0.24777445197105408,0.7225476503372192,-0.03876151889562607,0.3459233045578003,0.6785074472427368,-0.04605771228671074,0.3993781805038452,0.6548798084259033,-0.04682422801852226,0.43769633769989014,0.6345009207725525,-0.048262979835271835,0.2675386965274811,0.7794331908226013,-0.047151293605566025,0.35407698154449463,0.7286413908004761,-0.05008139833807945,0.40292593836784363,0.7019821405410767,-0.047288693487644196,0.43646758794784546,0.680087149143219,-0.0469849556684494,0.28191038966178894,0.8340733051300049,-0.05531792715191841,0.34598782658576965,0.787011981010437,-0.055058810859918594,0.3827199339866638,0.7594931125640869,-0.04822773486375809,0.41098538041114807,0.7359833717346191,-0.04326426237821579
269,0.8567724823951721,0.85699462890625,1.6416379367001355e-07,0.8481932878494263,0.7564961910247803,-0.0025586546398699284,0.8085418939590454,0.6607003808021545,-0.011340881697833538,0.779794454574585,0.585317850112915,-0.02001679688692093,0.7792357802391052,0.5248211026191711,-0.03130330517888069,0.7546308040618896,0.6716744899749756,-0.030645238235592842,0.6666424870491028,0.6473338603973389,-0.04709509760141373,0.6155056953430176,0.636407732963562,-0.05718667060136795,0.5755643844604492,0.6308729648590088,-0.06375941634178162,0.7369418740272522,0.7261021733283997,-0.03954073786735535,0.6422131061553955,0.6942877173423767,-0.054219506680965424,0.5865182876586914,0.6765877604484558,-0.06270397454500198,0.544743001461029,0.6643954515457153,-0.06926313787698746,0.7217243909835815,0.7836591005325317,-0.04704262316226959,0.6342606544494629,0.7430394887924194,-0.05896881967782974,0.5842990875244141,0.7215664386749268,-0.06369030475616455,0.5471168160438538,0.7063915729522705,-0.06721524894237518,0.7100042104721069,0.8406919240951538,-0.054003529250621796,0.6444486379623413,0.7977327108383179,-0.06380292028188705,0.6084392070770264,0.776535153388977,-0.0647478848695755,0.5783907175064087,0.7599690556526184,-0.064456045627594,0.13463996350765228,0.8605631589889526,5.256722488411469e-07,0.12636563181877136,0.7632128000259399,-0.003011394292116165,0.13757163286209106,0.6586162447929382,-0.01244919653981924,0.14096122980117798,0.5826775431632996,-0.022398659959435463,0.1367112398147583,0.5287363529205322,-0.03232449293136597,0.22080276906490326,0.6367514729499817,-0.017574770376086235,0.30315664410591125,0.5958294868469238,-0.027839932590723038,0.3485909104347229,0.577915370464325,-0.03389023244380951,0.3785293698310852,0.5648158192634583,-0.035783931612968445,0.2448878437280655,0.6829546093940735,-0.02339489385485649,0.3255860209465027,0.6346052885055542,-0.025465525686740875,0.36750876903533936,0.6094849109649658,-0.025048311799764633,0.395549476146698,0.5926516056060791,-0.02520786225795746,0.26389554142951965,0.7352540493011475,-0.02868291549384594,0.33498939871788025,0.6890540719032288,-0.025540804490447044,0.37178707122802734,0.6635931134223938,-0.019114630296826363,0.3949294090270996,0.6468324661254883,-0.01615636795759201,0.2781403362751007,0.787107527256012,-0.034678298979997635,0.3319905996322632,0.7423986792564392,-0.02779879979789257,0.36091509461402893,0.720024585723877,-0.016032127663493156,0.3809802830219269,0.7032607197761536,-0.007157746236771345
270,0.8525068759918213,0.8371846079826355,1.6841842409576202e-07,0.8416207432746887,0.7417681813240051,0.0014825057005509734,0.7954959273338318,0.6521247625350952,-0.0025638302322477102,0.7607265114784241,0.5780952572822571,-0.0069795637391507626,0.7555148601531982,0.5208205580711365,-0.013967837207019329,0.7374319434165955,0.6595526933670044,-0.021740082651376724,0.6520572304725647,0.6396353244781494,-0.03299536183476448,0.6036852598190308,0.6323345303535461,-0.04023207724094391,0.5676844120025635,0.6272315382957458,-0.04545825719833374,0.7218045592308044,0.7091711759567261,-0.030199969187378883,0.6292730569839478,0.6851103901863098,-0.040355488657951355,0.5757441520690918,0.6718122959136963,-0.047883860766887665,0.5360867977142334,0.6603753566741943,-0.05429760739207268,0.7092004418373108,0.7638369798660278,-0.03707144036889076,0.6244431138038635,0.7334287166595459,-0.04575778543949127,0.5738794803619385,0.7167217135429382,-0.05195874348282814,0.5363106727600098,0.7035006284713745,-0.057448554784059525,0.699932336807251,0.8207926750183105,-0.043004509061574936,0.6354773044586182,0.7862600088119507,-0.050870902836322784,0.5988574028015137,0.7700295448303223,-0.05306236073374748,0.5679395198822021,0.7549124956130981,-0.054346714168787,0.1407579779624939,0.8788910508155823,4.986700901099539e-07,0.12986592948436737,0.7754971385002136,-0.0034681197721511126,0.13672149181365967,0.6670293211936951,-0.013648349791765213,0.1389678716659546,0.588866114616394,-0.02469228208065033,0.13589666783809662,0.5319676995277405,-0.03559540957212448,0.21421615779399872,0.6554840803146362,-0.0197525043040514,0.2961954176425934,0.6082329154014587,-0.03493402525782585,0.346591591835022,0.5858997702598572,-0.04422837495803833,0.3817518353462219,0.5728785991668701,-0.04725305736064911,0.2396092265844345,0.7025759816169739,-0.026319215074181557,0.3202582001686096,0.6436704397201538,-0.03320825845003128,0.3661975562572479,0.6128630042076111,-0.03440017253160477,0.40033453702926636,0.5906527042388916,-0.03449524939060211,0.26116853952407837,0.7541436553001404,-0.03252432122826576,0.33037906885147095,0.6989959478378296,-0.03403528034687042,0.369254469871521,0.6683788895606995,-0.027330784127116203,0.3962869644165039,0.6471209526062012,-0.022493118420243263,0.2783316373825073,0.8022077083587646,-0.03941440209746361,0.3317776322364807,0.7500554323196411,-0.035739440470933914,0.36293262243270874,0.7216619849205017,-0.023614337667822838,0.386864572763443,0.7002750039100647,-0.013436416164040565
271,0.8509817719459534,0.8214348554611206,3.0934717187847127e-07,0.8504656553268433,0.7151340842247009,-0.0004683932347688824,0.8231807947158813,0.6278831362724304,-0.007815022021532059,0.7964227199554443,0.5509708523750305,-0.014856281690299511,0.7913109064102173,0.49020788073539734,-0.02351713366806507,0.7603728175163269,0.6322904825210571,-0.023512208834290504,0.6766136884689331,0.5953966379165649,-0.03316814452409744,0.6311061978340149,0.579749584197998,-0.037591010332107544,0.5946016311645508,0.5681738257408142,-0.040392015129327774,0.7371327877044678,0.6794861555099487,-0.030671749264001846,0.6461055278778076,0.6305817365646362,-0.04078354686498642,0.5937153100967407,0.6037708520889282,-0.04619451239705086,0.5554487705230713,0.5836538672447205,-0.04989730194211006,0.7204776406288147,0.7316006422042847,-0.03588658943772316,0.638936460018158,0.6795437335968018,-0.04327847436070442,0.5912139415740967,0.6495566368103027,-0.04743187502026558,0.5564093589782715,0.6263564825057983,-0.0503702275454998,0.7100239396095276,0.7814038991928101,-0.0403028279542923,0.6477925777435303,0.728303074836731,-0.04520050063729286,0.6154062747955322,0.7010365128517151,-0.043782565742731094,0.5895552635192871,0.6769183874130249,-0.04182844236493111,0.13953804969787598,0.9056805372238159,5.287900535222434e-07,0.13861963152885437,0.8011778593063354,-0.002302369102835655,0.1576680690050125,0.6965203285217285,-0.011670544743537903,0.1707298904657364,0.6192511320114136,-0.020968157798051834,0.17160287499427795,0.560608983039856,-0.030501296743750572,0.22508646547794342,0.682501494884491,-0.025584040209650993,0.31362399458885193,0.6416425704956055,-0.04028173163533211,0.36260178685188293,0.6258304715156555,-0.04833335056900978,0.3988247811794281,0.616715133190155,-0.0518275648355484,0.2519885301589966,0.7339668273925781,-0.03363132104277611,0.34791332483291626,0.685872495174408,-0.041148655116558075,0.4005528688430786,0.6603639721870422,-0.04307897761464119,0.4381289780139923,0.6403987407684326,-0.044909339398145676,0.27424323558807373,0.7897078394889832,-0.04079628363251686,0.3585623502731323,0.7342454195022583,-0.04426685348153114,0.40523508191108704,0.7044174671173096,-0.042435549199581146,0.4371435344219208,0.68169105052948,-0.04214325547218323,0.2905612587928772,0.8437782526016235,-0.04798688367009163,0.3529590368270874,0.793124258518219,-0.04741988331079483,0.388611376285553,0.7641772627830505,-0.04074116796255112,0.41660264134407043,0.739629864692688,-0.035577382892370224
272,0.8586222529411316,0.8567315340042114,4.257990582345883e-08,0.8472398519515991,0.7571530342102051,0.0035962462425231934,0.799713134765625,0.6623891592025757,0.0007007626118138433,0.7661409974098206,0.5877860188484192,-0.0024462640285491943,0.7644064426422119,0.5307718515396118,-0.00868380069732666,0.7507591247558594,0.6672791242599487,-0.02712026797235012,0.6604920625686646,0.6445949077606201,-0.041972558945417404,0.6077741384506226,0.6381944417953491,-0.05049164593219757,0.5673023462295532,0.6375336647033691,-0.056128136813640594,0.7355267405509949,0.7266451120376587,-0.036717940121889114,0.6337491273880005,0.7059438228607178,-0.05242659151554108,0.574120819568634,0.6974560618400574,-0.06080012395977974,0.5281736850738525,0.6939604878425598,-0.06715855747461319,0.7218891382217407,0.7874913215637207,-0.0443144217133522,0.6276974081993103,0.7614565491676331,-0.0576021671295166,0.5732290744781494,0.7513461709022522,-0.062451139092445374,0.5309290289878845,0.7469295859336853,-0.06544674187898636,0.7110179662704468,0.847023606300354,-0.050540804862976074,0.638934850692749,0.8139021992683411,-0.06188555061817169,0.5998340845108032,0.7988159656524658,-0.06455536931753159,0.5674881935119629,0.7848460078239441,-0.06509246677160263,0.14225637912750244,0.8634417653083801,4.525661552179372e-07,0.1290225088596344,0.7649152874946594,-0.0022854777052998543,0.13776454329490662,0.6662002205848694,-0.013432713225483894,0.14631544053554535,0.5879968404769897,-0.024968218058347702,0.14590352773666382,0.5270107388496399,-0.036688223481178284,0.215860515832901,0.6414859890937805,-0.020547006279230118,0.3006425201892853,0.5969164371490479,-0.030310532078146935,0.34445643424987793,0.5814956426620483,-0.03433370962738991,0.37592053413391113,0.5726314783096313,-0.03438906744122505,0.24228835105895996,0.6908972263336182,-0.026782946661114693,0.33232393860816956,0.6358373761177063,-0.027086539193987846,0.37427589297294617,0.6136049628257751,-0.02247806079685688,0.4037402272224426,0.5961659550666809,-0.02034553326666355,0.2648391127586365,0.7458176612854004,-0.032405152916908264,0.34659239649772644,0.6910347938537598,-0.029928522184491158,0.38446179032325745,0.6659735441207886,-0.021185141056776047,0.40672850608825684,0.6474227905273438,-0.016344284638762474,0.28258469700813293,0.7971696257591248,-0.038382913917303085,0.34442707896232605,0.7429394721984863,-0.03061683662235737,0.3746351897716522,0.7195172905921936,-0.016711696982383728,0.3948136568069458,0.7007216215133667,-0.006662212312221527
273,0.8560396432876587,0.8512152433395386,1.5374394024547655e-07,0.8447373509407043,0.7491340041160583,0.0017892661271616817,0.7963092923164368,0.6593815088272095,-0.002252404810860753,0.7578028440475464,0.5885648727416992,-0.00660788593813777,0.7521984577178955,0.5295482873916626,-0.013611994683742523,0.742106556892395,0.6700922250747681,-0.023932091891765594,0.655081033706665,0.649248480796814,-0.036100201308727264,0.6044089794158936,0.6407421827316284,-0.042883023619651794,0.5663712620735168,0.6348130702972412,-0.0478818416595459,0.7248502969741821,0.7223467230796814,-0.03267071768641472,0.6294364929199219,0.6958522796630859,-0.044905491173267365,0.5736818909645081,0.6812738180160522,-0.052581001073122025,0.5315997004508972,0.6701754927635193,-0.0587814599275589,0.7110216021537781,0.7791457772254944,-0.039593230932950974,0.6226001381874084,0.7495412230491638,-0.04995719715952873,0.5689688920974731,0.7339403629302979,-0.056463103741407394,0.5277278423309326,0.7223787307739258,-0.06205492094159126,0.7014343738555908,0.8375259637832642,-0.0453527495265007,0.6360846757888794,0.8025157451629639,-0.054139792919158936,0.5999943614006042,0.7848239541053772,-0.05672173202037811,0.5688086748123169,0.7686822414398193,-0.058476388454437256,0.13781936466693878,0.8891857862472534,5.64186677820544e-07,0.13826391100883484,0.7874391078948975,-0.005107362754642963,0.16005626320838928,0.6850546598434448,-0.01630849950015545,0.1752869039773941,0.6106207370758057,-0.027981378138065338,0.18525215983390808,0.5495616793632507,-0.039705198258161545,0.2244775891304016,0.6688888669013977,-0.02536620944738388,0.31927210092544556,0.6327238082885742,-0.04355771467089653,0.3756815791130066,0.6196355223655701,-0.05446653440594673,0.4156734347343445,0.6137402057647705,-0.058139439672231674,0.24488046765327454,0.7163782715797424,-0.03211868181824684,0.3394017815589905,0.6733577847480774,-0.04060864448547363,0.3927196264266968,0.655016303062439,-0.04340774193406105,0.43187496066093445,0.6415404677391052,-0.044956713914871216,0.2638281583786011,0.7711060047149658,-0.038418080657720566,0.34714144468307495,0.7263188362121582,-0.041142165660858154,0.3945925235748291,0.703380286693573,-0.035740356892347336,0.4271025061607361,0.6878982186317444,-0.03233541548252106,0.2797863483428955,0.8248922824859619,-0.04548129066824913,0.34174448251724243,0.7738386988639832,-0.04195767268538475,0.3777710795402527,0.7479965686798096,-0.030092807486653328,0.4055986702442169,0.7303807735443115,-0.02055327780544758
274,0.8506015539169312,0.8214958310127258,2.6144414277951e-07,0.8465093374252319,0.7170878648757935,0.0023116660304367542,0.8163133859634399,0.6313856840133667,-0.004725307691842318,0.7888413071632385,0.5574647188186646,-0.01192476786673069,0.7826939821243286,0.49971726536750793,-0.021291766315698624,0.7572638988494873,0.6331331729888916,-0.025867918506264687,0.6704657077789307,0.6011149287223816,-0.03692976012825966,0.6233023405075073,0.5878661870956421,-0.042007122188806534,0.5854065418243408,0.5797275304794312,-0.04504500702023506,0.7370209097862244,0.6834287643432617,-0.034724801778793335,0.6426774263381958,0.6401727199554443,-0.04602522775530815,0.5906503200531006,0.6172977089881897,-0.05144234001636505,0.552315354347229,0.6004157066345215,-0.05512337014079094,0.7213336825370789,0.7371773719787598,-0.04121698811650276,0.6375296115875244,0.6892963647842407,-0.04885933920741081,0.5889662504196167,0.6614990830421448,-0.05222669243812561,0.5537152290344238,0.6404698491096497,-0.054761506617069244,0.7110954523086548,0.7892972826957703,-0.04665474221110344,0.6464647054672241,0.740170955657959,-0.05102190375328064,0.6144887208938599,0.714394748210907,-0.04850934445858002,0.5898237228393555,0.6920599937438965,-0.04586963728070259,0.15789663791656494,0.882499098777771,5.362080059967411e-07,0.15233418345451355,0.7943726181983948,-0.006390705239027739,0.16967137157917023,0.6925076842308044,-0.018790122121572495,0.18478825688362122,0.6195701956748962,-0.030275212600827217,0.1898730993270874,0.561344563961029,-0.0416744090616703,0.23455053567886353,0.666454553604126,-0.03374039754271507,0.3282373249530792,0.6354033350944519,-0.051555413752794266,0.3775462806224823,0.630584716796875,-0.06131305918097496,0.41249993443489075,0.6287986040115356,-0.06580460071563721,0.2568979859352112,0.71970534324646,-0.040878165513277054,0.357828825712204,0.6823562979698181,-0.05033016949892044,0.40745142102241516,0.6697018146514893,-0.05190225690603256,0.44287464022636414,0.6598606705665588,-0.054064735770225525,0.27743974328041077,0.7775872349739075,-0.047389473766088486,0.36790600419044495,0.7368388175964355,-0.052705056965351105,0.4136445224285126,0.7192887663841248,-0.04869231954216957,0.44509565830230713,0.7061794400215149,-0.047156210988759995,0.2948381304740906,0.8351982235908508,-0.05440424382686615,0.3626253604888916,0.796851634979248,-0.0535186342895031,0.3985500931739807,0.7805132865905762,-0.04459108039736748,0.4276014566421509,0.7662925720214844,-0.03837021440267563
275,0.8581902980804443,0.858708381652832,1.2098992385745078e-07,0.8460574150085449,0.750392735004425,0.002106696367263794,0.796362042427063,0.6625886559486389,-0.0012074052356183529,0.7554281949996948,0.5934798717498779,-0.005011037457734346,0.7465119957923889,0.5341199040412903,-0.011143452487885952,0.7410608530044556,0.6775338053703308,-0.0161823071539402,0.6491507887840271,0.6640677452087402,-0.026791566982865334,0.5991931557655334,0.6589165329933167,-0.034364502876996994,0.5600186586380005,0.6559569239616394,-0.03972243145108223,0.7267553806304932,0.7366786599159241,-0.024264225736260414,0.6268799304962158,0.7147529721260071,-0.03399490937590599,0.5693953037261963,0.7017653584480286,-0.04177763685584068,0.5263369083404541,0.6916877031326294,-0.04832844436168671,0.7151344418525696,0.796695351600647,-0.03109137900173664,0.6234500408172607,0.7677817940711975,-0.03932289406657219,0.571952223777771,0.7526378035545349,-0.0439719557762146,0.533038318157196,0.7403979301452637,-0.04772022366523743,0.7066842913627625,0.8523674607276917,-0.03697273135185242,0.6341238617897034,0.8206053972244263,-0.043986156582832336,0.5969333052635193,0.8050017356872559,-0.044915564358234406,0.5663235783576965,0.787621796131134,-0.04477731138467789,0.1792759895324707,0.8791557550430298,3.3095284379669465e-07,0.16274891793727875,0.7857054471969604,-0.011524651199579239,0.16832436621189117,0.6797084808349609,-0.024641472846269608,0.16800379753112793,0.5970845818519592,-0.03716937452554703,0.1676655411720276,0.5329007506370544,-0.049894142895936966,0.24667689204216003,0.6512418985366821,-0.02583499066531658,0.3200746178627014,0.5921729803085327,-0.03956744074821472,0.35688209533691406,0.5734136700630188,-0.04555223882198334,0.38255244493484497,0.5621421337127686,-0.046632010489702225,0.27491092681884766,0.6965616941452026,-0.028200136497616768,0.356670618057251,0.6325634121894836,-0.036462537944316864,0.39186543226242065,0.6002653241157532,-0.03543268144130707,0.4136393368244171,0.5766893625259399,-0.03305023908615112,0.2966555953025818,0.745002269744873,-0.031591348350048065,0.3698800504207611,0.6834282875061035,-0.03482622653245926,0.39954134821891785,0.6482900381088257,-0.029262429103255272,0.4180411994457245,0.6214515566825867,-0.024305906146764755,0.3117481470108032,0.7938145399093628,-0.03615471348166466,0.36705321073532104,0.7393125891685486,-0.03367878869175911,0.3912457227706909,0.7095878720283508,-0.023676404729485512,0.40764132142066956,0.6860172152519226,-0.014894736930727959
276,0.8419713377952576,0.8044106960296631,-1.4621548416471342e-07,0.8272415399551392,0.7123218774795532,0.009641104377806187,0.7857010364532471,0.6295744776725769,0.00709875114262104,0.7538115978240967,0.560429573059082,0.003212457289919257,0.7473779916763306,0.507732093334198,-0.0038649230264127254,0.7389536499977112,0.6208134889602661,-0.023905791342258453,0.6452460885047913,0.6002719402313232,-0.03715609014034271,0.5983766317367554,0.6007190942764282,-0.04397626221179962,0.5648490786552429,0.604130744934082,-0.04804149270057678,0.725430428981781,0.672793984413147,-0.03589069843292236,0.6256258487701416,0.6474607586860657,-0.047009386122226715,0.5738840103149414,0.6418436169624329,-0.05179375410079956,0.5380494594573975,0.6392426490783691,-0.05639583617448807,0.7125908136367798,0.7314556837081909,-0.04518401250243187,0.6234719753265381,0.7039387822151184,-0.05353466421365738,0.5784629583358765,0.6946496963500977,-0.05375903844833374,0.5472185611724854,0.6879280805587769,-0.055247463285923004,0.701304018497467,0.7943375110626221,-0.0527513213455677,0.6321641206741333,0.7634612321853638,-0.060079194605350494,0.5979772806167603,0.7499848008155823,-0.05815204232931137,0.570335328578949,0.7380954027175903,-0.05649765208363533,0.13938844203948975,0.8890597820281982,5.000950409339566e-07,0.140634223818779,0.7888297438621521,-0.0035374958533793688,0.16133160889148712,0.6798419952392578,-0.013319973833858967,0.17251327633857727,0.5965437889099121,-0.023895563557744026,0.1696527600288391,0.5344864726066589,-0.03514048457145691,0.22261273860931396,0.6687777042388916,-0.02290213853120804,0.3085991442203522,0.6279811859130859,-0.04019876569509506,0.360621839761734,0.6103699207305908,-0.05164989084005356,0.39853566884994507,0.600271999835968,-0.05722082033753395,0.24447576701641083,0.7140569686889648,-0.03184019401669502,0.3353140950202942,0.6635783910751343,-0.04055694863200188,0.3879436254501343,0.6398027539253235,-0.04410545900464058,0.4263498783111572,0.6226276159286499,-0.04714163392782211,0.2640899419784546,0.7679785490036011,-0.04042574018239975,0.3446814715862274,0.714560329914093,-0.04515855759382248,0.39108794927597046,0.6893987655639648,-0.04179024696350098,0.4235771894454956,0.6710821390151978,-0.040416352450847626,0.28017833828926086,0.8216112852096558,-0.04952209070324898,0.3399856388568878,0.772539496421814,-0.04939593747258186,0.3744508624076843,0.7488383054733276,-0.04056565463542938,0.40108823776245117,0.7308741807937622,-0.033947817981243134
277,0.8497344255447388,0.8128265738487244,1.3900103112973738e-07,0.8401086926460266,0.7135916352272034,0.0036720384377986193,0.8051649332046509,0.6231419444084167,-0.0033846308942884207,0.775564968585968,0.5487518310546875,-0.011278831399977207,0.7678535580635071,0.4913105368614197,-0.021912408992648125,0.7556527256965637,0.6231550574302673,-0.025850655511021614,0.6652398109436035,0.5938214659690857,-0.04018821194767952,0.6143105030059814,0.5834671258926392,-0.0481564961373806,0.5755438804626465,0.5765777230262756,-0.05299428850412369,0.7389077544212341,0.675565242767334,-0.036916397511959076,0.6428979635238647,0.6368654370307922,-0.04952158406376839,0.5877312421798706,0.6172277927398682,-0.05615120753645897,0.5472552180290222,0.6029787659645081,-0.061341751366853714,0.7244266271591187,0.7323522567749023,-0.04597494378685951,0.6370981335639954,0.6877101063728333,-0.05538450926542282,0.5878539681434631,0.6629180908203125,-0.057859037071466446,0.5518856048583984,0.6426756381988525,-0.06029839068651199,0.7125481367111206,0.7899395227432251,-0.05401579663157463,0.6462720632553101,0.7457682490348816,-0.06129720062017441,0.6120499968528748,0.7215037941932678,-0.0597619004547596,0.5844789147377014,0.699708878993988,-0.058085847645998,0.13498705625534058,0.8905309438705444,5.211108486946614e-07,0.13374340534210205,0.7930076718330383,-0.0022451733238995075,0.154371440410614,0.686576247215271,-0.01023552380502224,0.1696593314409256,0.6074281930923462,-0.019118482246994972,0.170602947473526,0.5467095375061035,-0.02811054326593876,0.22476129233837128,0.6682426929473877,-0.01348023395985365,0.3081933259963989,0.630386233329773,-0.026819806545972824,0.3594971299171448,0.6143960952758789,-0.03654855862259865,0.39761877059936523,0.6053698658943176,-0.04147591069340706,0.2477576583623886,0.7137402296066284,-0.02174738608300686,0.33459776639938354,0.672116756439209,-0.026305682957172394,0.38581162691116333,0.6526699066162109,-0.02918018028140068,0.42553526163101196,0.6364020109176636,-0.03251247853040695,0.26719820499420166,0.7677879929542542,-0.030258294194936752,0.3440444767475128,0.7237523794174194,-0.032214660197496414,0.390436053276062,0.7040776610374451,-0.029829861596226692,0.424692839384079,0.6896564960479736,-0.029599905014038086,0.282779335975647,0.8221985101699829,-0.03934608772397041,0.34031301736831665,0.7757614850997925,-0.03796488419175148,0.3761354684829712,0.7530112862586975,-0.030678577721118927,0.4057808518409729,0.7349881529808044,-0.025405175983905792
278,0.8575499057769775,0.8412757515907288,9.278336676743493e-08,0.8326792120933533,0.7339756488800049,0.006065817084163427,0.7821599841117859,0.650663435459137,0.002952772891148925,0.7359275817871094,0.5884308815002441,-0.0013758159475401044,0.7210592031478882,0.5310337543487549,-0.008661482483148575,0.728571891784668,0.6771330237388611,-0.016341647133231163,0.6344934105873108,0.667896568775177,-0.02791181020438671,0.5847005248069763,0.6687516570091248,-0.03579692915081978,0.5449551343917847,0.6725671291351318,-0.04123026877641678,0.7169052958488464,0.7342610359191895,-0.027342109009623528,0.6124370694160461,0.7157964110374451,-0.03682643920183182,0.5521926283836365,0.7071014046669006,-0.04431670904159546,0.5082682967185974,0.702282726764679,-0.05125315114855766,0.7086844444274902,0.7941627502441406,-0.03666442260146141,0.6125847697257996,0.7703226804733276,-0.04472446069121361,0.5576305985450745,0.7567875385284424,-0.04938770458102226,0.5165305137634277,0.7455665469169617,-0.05397769436240196,0.7041646242141724,0.8516504168510437,-0.04453439265489578,0.628167986869812,0.8240916132926941,-0.05184442549943924,0.5891088247299194,0.8094944953918457,-0.05250482261180878,0.5555434823036194,0.7932552695274353,-0.05267876759171486,0.14695832133293152,0.8634940385818481,4.4770038698516146e-07,0.13193657994270325,0.7650843262672424,-0.001683094771578908,0.14271259307861328,0.6641048192977905,-0.01405579037964344,0.155443012714386,0.5852034091949463,-0.025507064536213875,0.15661931037902832,0.524128258228302,-0.03768128901720047,0.21041014790534973,0.6470022201538086,-0.034601274877786636,0.2996543049812317,0.5945014953613281,-0.0452776700258255,0.34375128149986267,0.5763882398605347,-0.0463305339217186,0.3746657371520996,0.5655325055122375,-0.04401346296072006,0.24101078510284424,0.6961795687675476,-0.040724657475948334,0.3375675678253174,0.6314308047294617,-0.04557441547513008,0.38487768173217773,0.6004499793052673,-0.04178417846560478,0.4163185954093933,0.5789486765861511,-0.03874630853533745,0.2651928663253784,0.7489975094795227,-0.04495365917682648,0.3490810990333557,0.6813554167747498,-0.0458744578063488,0.39348334074020386,0.6451881527900696,-0.04330693557858467,0.4205957055091858,0.6179903149604797,-0.041994284838438034,0.2833775579929352,0.7984460592269897,-0.048492394387722015,0.3459569811820984,0.7331199645996094,-0.0442110039293766,0.37815457582473755,0.7021280527114868,-0.036169715225696564,0.398910790681839,0.6775489449501038,-0.030051760375499725
279,0.8398076295852661,0.7921148538589478,1.4504314416186048e-10,0.8246870636940002,0.6968028545379639,0.007075974717736244,0.7829515933990479,0.6155091524124146,0.0028888925444334745,0.7504283785820007,0.5494042634963989,-0.0023026166018098593,0.7440648078918457,0.49541935324668884,-0.010130288079380989,0.7368781566619873,0.6124436259269714,-0.02564803697168827,0.6433948278427124,0.590255856513977,-0.038274236023426056,0.5961578488349915,0.5871424674987793,-0.044064853340387344,0.5625993013381958,0.5886373519897461,-0.04731277376413345,0.7214468717575073,0.6637275218963623,-0.036629755049943924,0.6231545209884644,0.6361392736434937,-0.04666382446885109,0.5731552243232727,0.627371609210968,-0.050572048872709274,0.5385991930961609,0.6216493248939514,-0.05433377996087074,0.7082262635231018,0.7223712205886841,-0.04496350139379501,0.6213719844818115,0.6917506456375122,-0.05176950618624687,0.5760800838470459,0.6790523529052734,-0.0520869605243206,0.5452858209609985,0.6698567867279053,-0.053783662617206573,0.6980284452438354,0.784386396408081,-0.05191057547926903,0.6343627572059631,0.7525469064712524,-0.05715667083859444,0.6003029346466064,0.7361235618591309,-0.05457494780421257,0.5723162293434143,0.7216715812683105,-0.0527917705476284,0.1378961056470871,0.8962725400924683,5.63577771117707e-07,0.14482122659683228,0.7939946055412292,-0.0028068029787391424,0.16897274553775787,0.6894657015800476,-0.012758315540850163,0.18460507690906525,0.6118191480636597,-0.02279399149119854,0.19083409011363983,0.5531047582626343,-0.03312686085700989,0.22167816758155823,0.6774503588676453,-0.031846195459365845,0.31739968061447144,0.639620840549469,-0.04983605444431305,0.3695518672466278,0.626616895198822,-0.058712929487228394,0.40603646636009216,0.618546724319458,-0.06221769005060196,0.2438235580921173,0.7310395240783691,-0.04070063307881355,0.3467159569263458,0.687794029712677,-0.05184885114431381,0.403201699256897,0.6676416993141174,-0.0552646704018116,0.442105233669281,0.6513752937316895,-0.05774543061852455,0.26430827379226685,0.7887217998504639,-0.04843282327055931,0.3566698431968689,0.7383493781089783,-0.05520881712436676,0.4076036214828491,0.7119721174240112,-0.05454842746257782,0.44114768505096436,0.6908355355262756,-0.05454450473189354,0.28179338574409485,0.8436324596405029,-0.056005705147981644,0.35168033838272095,0.7986101508140564,-0.05810137093067169,0.3903017044067383,0.7716729044914246,-0.05277710780501366,0.41964274644851685,0.7489421367645264,-0.04827284812927246
280,0.8543441295623779,0.8157963752746582,1.0183061505131263e-07,0.8386261463165283,0.7208523154258728,0.0025490603875368834,0.794720470905304,0.6303479075431824,-0.0061865309253335,0.7615084648132324,0.5577791333198547,-0.015018573962152004,0.7531967163085938,0.4994562566280365,-0.02662534825503826,0.7563919425010681,0.6235228776931763,-0.03266998380422592,0.667240560054779,0.599208414554596,-0.04920581728219986,0.6160454750061035,0.5929970741271973,-0.05850142613053322,0.5781567096710205,0.5904063582420349,-0.06409408897161484,0.7402859926223755,0.6810623407363892,-0.043339382857084274,0.6439300179481506,0.6490620970726013,-0.056654151529073715,0.5904372334480286,0.6335217952728271,-0.062023334205150604,0.5522003173828125,0.6220062971115112,-0.06663568317890167,0.7250995635986328,0.7438239455223083,-0.051916006952524185,0.6376568078994751,0.705758273601532,-0.0608983114361763,0.5888839364051819,0.6832730174064636,-0.0609993077814579,0.5538956522941589,0.6663481593132019,-0.06237173080444336,0.7119876146316528,0.8071695566177368,-0.05953572690486908,0.6466354131698608,0.7678602337837219,-0.0662444680929184,0.6106579303741455,0.7451415657997131,-0.06380154192447662,0.5801401734352112,0.7252053022384644,-0.06178939715027809,0.14483776688575745,0.8648525476455688,4.2852116166613996e-07,0.13793453574180603,0.7718238830566406,-0.0016007901867851615,0.15354037284851074,0.6710381507873535,-0.013584543950855732,0.16706934571266174,0.5949673056602478,-0.026502883061766624,0.16653649508953094,0.5359101295471191,-0.04011453315615654,0.21886101365089417,0.6494237184524536,-0.032210297882556915,0.31441131234169006,0.6061903238296509,-0.04830217361450195,0.3639772832393646,0.5921299457550049,-0.055114246904850006,0.3966362476348877,0.5814337134361267,-0.056360092014074326,0.24229809641838074,0.6958315372467041,-0.0400841049849987,0.3389611542224884,0.6381508708000183,-0.04864328354597092,0.3838827311992645,0.6158387064933777,-0.047889985144138336,0.41223371028900146,0.6018004417419434,-0.046842142939567566,0.26334404945373535,0.7500982284545898,-0.0463593564927578,0.3501000702381134,0.6999543905258179,-0.04885103553533554,0.3865061402320862,0.6785483956336975,-0.04148314148187637,0.4064660668373108,0.6644434332847595,-0.03658169507980347,0.2820127010345459,0.8044947981834412,-0.05286768823862076,0.34825780987739563,0.755155086517334,-0.04974663257598877,0.3789229393005371,0.7306516766548157,-0.03853379562497139,0.3997257351875305,0.711437463760376,-0.02952660247683525
281,0.8511176705360413,0.8305248618125916,4.848106627264315e-08,0.828739583492279,0.7278808355331421,0.004268408287316561,0.7759919762611389,0.6445345878601074,0.0009172852733172476,0.7358067631721497,0.5798401236534119,-0.003200818784534931,0.7267475128173828,0.5244052410125732,-0.010094990953803062,0.7280275225639343,0.6619902849197388,-0.020082199946045876,0.6380743384361267,0.6563344597816467,-0.03309652954339981,0.5870745182037354,0.6585566401481628,-0.04217029735445976,0.5459558963775635,0.6629053354263306,-0.048391059041023254,0.7174766659736633,0.7245935797691345,-0.02965807542204857,0.6175786256790161,0.716563880443573,-0.040975894778966904,0.5609775185585022,0.7114997506141663,-0.048336584120988846,0.518578290939331,0.7090262174606323,-0.05518249422311783,0.7101026773452759,0.7866705656051636,-0.037562526762485504,0.6191023588180542,0.7701011300086975,-0.04758516699075699,0.5703203082084656,0.7596288919448853,-0.050492458045482635,0.5337396264076233,0.7536276578903198,-0.053275737911462784,0.705293595790863,0.8439368009567261,-0.04430505633354187,0.6333152055740356,0.8186530470848083,-0.05267491936683655,0.5965452194213867,0.8046504855155945,-0.05257691442966461,0.5654358267784119,0.7927416563034058,-0.05196821317076683,0.0,0.0,0.0,0.0,0.0,0.0,0.0,0.0,0.0,0.0,0.0,0.0,0.0,0.0,0.0,0.0,0.0,0.0,0.0,0.0,0.0,0.0,0.0,0.0,0.0,0.0,0.0,0.0,0.0,0.0,0.0,0.0,0.0,0.0,0.0,0.0,0.0,0.0,0.0,0.0,0.0,0.0,0.0,0.0,0.0,0.0,0.0,0.0,0.0,0.0,0.0,0.0,0.0,0.0,0.0,0.0,0.0,0.0,0.0,0.0,0.0,0.0,0.0
282,0.8552064895629883,0.7987867593765259,3.163424082686106e-07,0.8458737134933472,0.6976158618927002,-0.003245187923312187,0.8120269179344177,0.6117009520530701,-0.01357506588101387,0.7776252031326294,0.5377644896507263,-0.022880397737026215,0.7691174745559692,0.47763118147850037,-0.03388414531946182,0.7548059821128845,0.618930995464325,-0.03187144175171852,0.6669037342071533,0.5913316607475281,-0.04507380351424217,0.6190228462219238,0.5797704458236694,-0.0510457381606102,0.5804028511047363,0.5724246501922607,-0.05438930168747902,0.7340406775474548,0.6704118847846985,-0.038418639451265335,0.6383163928985596,0.6305674314498901,-0.05182913318276405,0.584277868270874,0.6107041239738464,-0.0576515831053257,0.5443384051322937,0.5969566702842712,-0.06110261008143425,0.717923104763031,0.7253643274307251,-0.04286454990506172,0.6317453980445862,0.6807076930999756,-0.05143805593252182,0.5832854509353638,0.6570695042610168,-0.05434969440102577,0.5474682450294495,0.6392882466316223,-0.05628427490592003,0.7076187133789062,0.7782483100891113,-0.04680391401052475,0.6414674520492554,0.7304153442382812,-0.05159657076001167,0.6075621843338013,0.7060737609863281,-0.04921766370534897,0.5794814229011536,0.6859772801399231,-0.046393588185310364,0.15662941336631775,0.8853265643119812,3.031727260349726e-07,0.15838885307312012,0.7893868088722229,0.0044694095849990845,0.18150965869426727,0.6875640749931335,-0.005525659769773483,0.20072203874588013,0.6116606593132019,-0.017329595983028412,0.20621013641357422,0.5526516437530518,-0.03005812130868435,0.24258454144001007,0.6599738597869873,-0.027088290080428123,0.3436943292617798,0.6303958892822266,-0.04425157979130745,0.3956775367259979,0.6410481333732605,-0.05287458002567291,0.4290919303894043,0.6537418365478516,-0.05563835799694061,0.2584651708602905,0.7126872539520264,-0.03861267492175102,0.3674940764904022,0.6847784519195557,-0.04534003883600235,0.4178747236728668,0.6858199834823608,-0.043145518749952316,0.4506380558013916,0.6884505748748779,-0.043180063366889954,0.27338120341300964,0.7741080522537231,-0.04890589416027069,0.37208494544029236,0.7371615767478943,-0.050589654594659805,0.41899847984313965,0.7270268797874451,-0.04354330152273178,0.44974541664123535,0.7226002812385559,-0.04095713421702385,0.2872486710548401,0.8353108167648315,-0.05881756544113159,0.35999542474746704,0.8010203838348389,-0.05508962646126747,0.39841708540916443,0.7863948345184326,-0.04381626099348068,0.428890585899353,0.7767081260681152,-0.03617507219314575
283,0.8556193113327026,0.8389850854873657,1.1755659556911269e-07,0.8385860323905945,0.7346411943435669,0.0027870547492057085,0.7911534905433655,0.6434037685394287,-0.003857090836390853,0.7579270005226135,0.5724014043807983,-0.010848094709217548,0.7549214959144592,0.5135884284973145,-0.02083168551325798,0.7489840984344482,0.6529074907302856,-0.03175949305295944,0.6585325002670288,0.6345222592353821,-0.047852955758571625,0.6069311499595642,0.6299405097961426,-0.05679690092802048,0.5663415193557739,0.6301590800285339,-0.062444642186164856,0.7342276573181152,0.7141401767730713,-0.04205699637532234,0.6351001262664795,0.6919069290161133,-0.05683426558971405,0.5785125494003296,0.6795146465301514,-0.06425989419221878,0.5360008478164673,0.671898365020752,-0.07027660310268402,0.7211781740188599,0.7760621309280396,-0.0501384511590004,0.6300922632217407,0.7474119663238525,-0.061297666281461716,0.5784319043159485,0.7305207252502441,-0.06495489180088043,0.5400828719139099,0.7188031077384949,-0.06806949526071548,0.7102550268173218,0.8339937329292297,-0.05710858479142189,0.6404755115509033,0.7983676195144653,-0.0662582665681839,0.6018509268760681,0.7796152234077454,-0.06711927801370621,0.5698581337928772,0.7644612789154053,-0.06703170388936996,0.12659673392772675,0.871648907661438,5.479026867760695e-07,0.11958490312099457,0.7685941457748413,-0.002684907056391239,0.12953835725784302,0.6639483571052551,-0.013793166726827621,0.13685238361358643,0.5874192714691162,-0.02560720220208168,0.13594110310077667,0.5282655954360962,-0.037306610494852066,0.19926795363426208,0.6404920220375061,-0.023115189746022224,0.2846430838108063,0.5867061018943787,-0.036843687295913696,0.3289608955383301,0.5624434351921082,-0.04323437437415123,0.3563213348388672,0.5460987687110901,-0.04418913647532463,0.22737915813922882,0.6888228058815002,-0.031176643446087837,0.31854692101478577,0.6236168146133423,-0.03871304169297218,0.36370784044265747,0.5905812978744507,-0.039427027106285095,0.3918471336364746,0.5664243698120117,-0.03877497836947441,0.2516976296901703,0.7423407435417175,-0.038612302392721176,0.33269259333610535,0.6791390776634216,-0.04025310277938843,0.3710436224937439,0.64743971824646,-0.03552236780524254,0.39320075511932373,0.6240795254707336,-0.032172393053770065,0.2713428735733032,0.7951309084892273,-0.04639453813433647,0.3305630385875702,0.735517680644989,-0.04292138293385506,0.36060667037963867,0.7068139910697937,-0.0325193777680397,0.381477028131485,0.685272216796875,-0.0237467922270298
284,0.8404819965362549,0.7991051077842712,-9.822016266980427e-08,0.826129138469696,0.7112042903900146,0.0020521245896816254,0.7849671840667725,0.6282142400741577,-0.007500924170017242,0.7542153596878052,0.559114933013916,-0.01757950522005558,0.7495774030685425,0.5045561790466309,-0.031154874712228775,0.7357619404792786,0.6193276643753052,-0.038016755133867264,0.6390237212181091,0.5999167561531067,-0.05783442035317421,0.5904549956321716,0.6031555533409119,-0.06901488453149796,0.5576674342155457,0.6121333837509155,-0.07558266073465347,0.7222381830215454,0.676010251045227,-0.049241676926612854,0.6183539628982544,0.6506127119064331,-0.06650379300117493,0.5671800374984741,0.6485911011695862,-0.07520190626382828,0.5333881378173828,0.6539737582206726,-0.08214409649372101,0.7107142210006714,0.7381794452667236,-0.05804020166397095,0.6182589530944824,0.7091221213340759,-0.07124193757772446,0.5699062943458557,0.7042321562767029,-0.07500376552343369,0.5370935201644897,0.7063159346580505,-0.07869616895914078,0.7013656497001648,0.8029530048370361,-0.06546086817979813,0.6306689977645874,0.771793007850647,-0.07628259062767029,0.5944302678108215,0.75955730676651,-0.0767015591263771,0.5646174550056458,0.7520205974578857,-0.0767655223608017,0.1196339875459671,0.8820684552192688,5.545259114114742e-07,0.12090416252613068,0.7803606986999512,-0.003085916629061103,0.13948771357536316,0.6717808246612549,-0.015022113919258118,0.14904838800430298,0.5885459184646606,-0.02795444428920746,0.15098392963409424,0.524766206741333,-0.041276417672634125,0.19963562488555908,0.6599900722503662,-0.026522982865571976,0.2886984348297119,0.6159101128578186,-0.046573370695114136,0.34226903319358826,0.5982663631439209,-0.058597125113010406,0.3787626624107361,0.5907499194145203,-0.06313954293727875,0.22121115028858185,0.7065437436103821,-0.03601079061627388,0.3149016201496124,0.6492222547531128,-0.046439822763204575,0.36933690309524536,0.623442530632019,-0.05013493821024895,0.40902015566825867,0.6062062978744507,-0.052321333438158035,0.24186617136001587,0.7611406445503235,-0.04478492960333824,0.32491886615753174,0.7063173651695251,-0.049018558114767075,0.37213069200515747,0.6804218292236328,-0.043871842324733734,0.40478408336639404,0.6622950434684753,-0.040844619274139404,0.26014232635498047,0.8158119916915894,-0.05406393110752106,0.32095104455947876,0.7645936012268066,-0.05171744525432587,0.3571850061416626,0.739770770072937,-0.039969246834516525,0.38545501232147217,0.7223240733146667,-0.030755676329135895
285,0.8541492819786072,0.8027606010437012,1.7582031830443157e-07,0.8469178676605225,0.6994982361793518,0.0024835665244609118,0.8146525621414185,0.6135223507881165,-0.004758063703775406,0.7852568030357361,0.5374161005020142,-0.012775886803865433,0.7745348811149597,0.4767019748687744,-0.022744715213775635,0.7572353482246399,0.6170056462287903,-0.021645445376634598,0.6704272627830505,0.5876595973968506,-0.034229349344968796,0.622866153717041,0.5775660872459412,-0.0416591539978981,0.5860549211502075,0.5701349973678589,-0.04613653942942619,0.7378202676773071,0.6693779826164246,-0.03132367506623268,0.645897626876831,0.6300486326217651,-0.04308587685227394,0.5901933312416077,0.6091774106025696,-0.05054807662963867,0.5474902987480164,0.5940737724304199,-0.05627809837460518,0.7239469885826111,0.7246351838111877,-0.039151549339294434,0.6414886713027954,0.6808432340621948,-0.047109317034482956,0.5918869376182556,0.657129168510437,-0.05043352395296097,0.5545704960823059,0.6394222378730774,-0.053320422768592834,0.7148486375808716,0.7775721549987793,-0.04624446853995323,0.6526817679405212,0.7318199276924133,-0.05114789307117462,0.619644045829773,0.7068517208099365,-0.049337293952703476,0.5932278037071228,0.6860247850418091,-0.047506749629974365,0.1264953911304474,0.8926745653152466,5.480354161591094e-07,0.13278481364250183,0.790643036365509,-0.004363813437521458,0.15688177943229675,0.6862937211990356,-0.014302849769592285,0.17419937252998352,0.6057713627815247,-0.024687007069587708,0.1797516942024231,0.5444143414497375,-0.03523613139986992,0.22221335768699646,0.6769267320632935,-0.01994716376066208,0.3084522485733032,0.6426150798797607,-0.03508361428976059,0.3590264916419983,0.6279504299163818,-0.045222822576761246,0.39763233065605164,0.6177681088447571,-0.050669170916080475,0.2448968142271042,0.7267640829086304,-0.02828812412917614,0.33824700117111206,0.6848334670066833,-0.03603249788284302,0.391078382730484,0.6629438400268555,-0.04019952192902565,0.43018925189971924,0.6440648436546326,-0.0440899021923542,0.2641758620738983,0.7823037505149841,-0.036627333611249924,0.3474626839160919,0.7339887022972107,-0.04172222316265106,0.3979111313819885,0.705281674861908,-0.041497401893138885,0.4353437125682831,0.6815587282180786,-0.04243369400501251,0.27945587038993835,0.8375864624977112,-0.04532367363572121,0.3439698815345764,0.7915659546852112,-0.0464758537709713,0.3831549882888794,0.7669576406478882,-0.04065409302711487,0.415648877620697,0.745677649974823,-0.036271579563617706
286,0.8633259534835815,0.840103030204773,3.8726369666619576e-08,0.8451908230781555,0.737125813961029,-0.0013863126514479518,0.7897213101387024,0.6485409736633301,-0.008423656225204468,0.748422384262085,0.5829352736473083,-0.01544901542365551,0.7409218549728394,0.5245442390441895,-0.025472460314631462,0.7450671792030334,0.6587492227554321,-0.030366823077201843,0.6517691612243652,0.651362955570221,-0.04904706031084061,0.5972976684570312,0.6548890471458435,-0.06153028830885887,0.5543782711029053,0.6633940935134888,-0.06942949444055557,0.7353835701942444,0.7251254320144653,-0.0396270826458931,0.6245291233062744,0.7206456065177917,-0.05762546509504318,0.5615464448928833,0.7227864265441895,-0.0683220624923706,0.5157978534698486,0.7279793620109558,-0.07607535272836685,0.7261325120925903,0.7919889688491821,-0.047476861625909805,0.6254788041114807,0.7777369618415833,-0.0621950589120388,0.5726446509361267,0.7730898261070251,-0.06676249206066132,0.5343688726425171,0.7722458243370056,-0.06900366395711899,0.7192851901054382,0.8547344207763672,-0.054481104016304016,0.6389315128326416,0.8337737321853638,-0.06555277854204178,0.5980990529060364,0.8244994282722473,-0.06608781963586807,0.565138041973114,0.8155534267425537,-0.06470341980457306,0.14028194546699524,0.8623325824737549,4.0850929394764535e-07,0.12629617750644684,0.7628865242004395,0.00012999417958781123,0.13585802912712097,0.6655002236366272,-0.008844537660479546,0.14359571039676666,0.5879894495010376,-0.018620941787958145,0.1412929743528366,0.5272277593612671,-0.029410792514681816,0.2031271755695343,0.6381607055664062,-0.019231798127293587,0.2838912308216095,0.5823801159858704,-0.02941400744020939,0.32482004165649414,0.56302809715271,-0.03302570432424545,0.3553807735443115,0.5507297515869141,-0.03326638042926788,0.23398514091968536,0.6819438934326172,-0.027230622246861458,0.32164880633354187,0.6146194338798523,-0.030984869226813316,0.36597171425819397,0.5821786522865295,-0.029388658702373505,0.3975594937801361,0.558746874332428,-0.02876146510243416,0.2598509192466736,0.7322477698326111,-0.03465225175023079,0.33873942494392395,0.662849485874176,-0.03578510135412216,0.378850519657135,0.6270888447761536,-0.03384224325418472,0.4051876664161682,0.5980043411254883,-0.033365875482559204,0.27890580892562866,0.7829525470733643,-0.04171907901763916,0.3360438942909241,0.7197962403297424,-0.03751900792121887,0.3653467893600464,0.6886844038963318,-0.02935497835278511,0.385992169380188,0.6631463170051575,-0.02359953336417675
287,0.8495022654533386,0.818442702293396,6.443930544719478e-08,0.8281807899475098,0.7176705598831177,0.006266596727073193,0.772781491279602,0.6364595293998718,0.0037300398107618093,0.7285689115524292,0.5735560655593872,0.0008629643707536161,0.7205235362052917,0.5199902057647705,-0.00527737895026803,0.7259840369224548,0.6472158432006836,-0.027587566524744034,0.6330454349517822,0.6462123394012451,-0.04088625684380531,0.5810573101043701,0.6528381109237671,-0.047969117760658264,0.5431188941001892,0.6615777015686035,-0.05235737934708595,0.7149271965026855,0.7082213759422302,-0.03717683255672455,0.6134529113769531,0.7021686434745789,-0.04858221858739853,0.5555780529975891,0.7031182050704956,-0.05347082391381264,0.5141457915306091,0.7055562734603882,-0.058057598769664764,0.7065984606742859,0.7709992527961731,-0.044195663183927536,0.6159918308258057,0.7570880651473999,-0.05211278423666954,0.5661059021949768,0.7499493360519409,-0.053742799907922745,0.5305997729301453,0.7453806400299072,-0.05635789781808853,0.7018076777458191,0.833475649356842,-0.04973648115992546,0.633311927318573,0.8130022883415222,-0.05698668956756592,0.5963990092277527,0.801689624786377,-0.056837815791368484,0.5658760070800781,0.7902799844741821,-0.056526679545640945,0.0,0.0,0.0,0.0,0.0,0.0,0.0,0.0,0.0,0.0,0.0,0.0,0.0,0.0,0.0,0.0,0.0,0.0,0.0,0.0,0.0,0.0,0.0,0.0,0.0,0.0,0.0,0.0,0.0,0.0,0.0,0.0,0.0,0.0,0.0,0.0,0.0,0.0,0.0,0.0,0.0,0.0,0.0,0.0,0.0,0.0,0.0,0.0,0.0,0.0,0.0,0.0,0.0,0.0,0.0,0.0,0.0,0.0,0.0,0.0,0.0,0.0,0.0
288,0.8529093861579895,0.7949146032333374,2.5362513156323985e-07,0.8415747880935669,0.6929242610931396,-5.3397074225358665e-05,0.8047716617584229,0.6071587800979614,-0.008617126382887363,0.7711632251739502,0.5329479575157166,-0.016755733639001846,0.7646737098693848,0.4734122157096863,-0.027609949931502342,0.7515556812286377,0.6146619319915771,-0.03156840056180954,0.6626513004302979,0.5887526869773865,-0.04483288526535034,0.6132255792617798,0.5798395872116089,-0.05121205747127533,0.5738403797149658,0.5751946568489075,-0.05516859516501427,0.7323604822158813,0.6672667264938354,-0.03974388912320137,0.634288489818573,0.6315356492996216,-0.0522892028093338,0.5789715051651001,0.6138874888420105,-0.05846415087580681,0.5380343198776245,0.6005959510803223,-0.06301811337471008,0.717741072177887,0.7237401604652405,-0.04543689265847206,0.6287906765937805,0.681374192237854,-0.05367477983236313,0.5792150497436523,0.6577961444854736,-0.057145629078149796,0.5430999994277954,0.6393299102783203,-0.06022151932120323,0.7086367607116699,0.7788717746734619,-0.0502837710082531,0.6408568024635315,0.7339722514152527,-0.05590119957923889,0.6062896847724915,0.7093302607536316,-0.05422937497496605,0.5778289437294006,0.68767911195755,-0.05242671072483063,0.1586039662361145,0.866854727268219,4.2484663254072075e-07,0.14791253209114075,0.7780036926269531,-0.0123343700543046,0.1597730815410614,0.6764119267463684,-0.0308600515127182,0.17332886159420013,0.6016790270805359,-0.04819539934396744,0.17562630772590637,0.536507785320282,-0.0662316307425499,0.23776009678840637,0.6524868607521057,-0.0444163978099823,0.3409667909145355,0.621441125869751,-0.06320071220397949,0.3922339677810669,0.6233956217765808,-0.07206778228282928,0.42600369453430176,0.6270084977149963,-0.07452156394720078,0.2559065818786621,0.7114027142524719,-0.046532727777957916,0.3629153370857239,0.6791187524795532,-0.054343223571777344,0.40417736768722534,0.6735799312591553,-0.05112721025943756,0.42735591530799866,0.6719365119934082,-0.05034276843070984,0.271492600440979,0.7734611630439758,-0.04803169146180153,0.3648708462715149,0.7392975687980652,-0.047864485532045364,0.3981490135192871,0.7303512096405029,-0.03571626916527748,0.415363609790802,0.7279640436172485,-0.029530972242355347,0.2852635979652405,0.8308446407318115,-0.0507076159119606,0.35583898425102234,0.7942794561386108,-0.042073458433151245,0.38614708185195923,0.7789326906204224,-0.025441251695156097,0.40547990798950195,0.7703739404678345,-0.0144519517198205
289,0.8595137596130371,0.8361638784408569,1.1042658343285439e-07,0.8399994969367981,0.7343378067016602,0.0013784756883978844,0.7908076643943787,0.6419715285301208,-0.0057258615270257,0.7573511600494385,0.5699249505996704,-0.013264825567603111,0.7555678486824036,0.5105807185173035,-0.024066250771284103,0.7493886351585388,0.6515809297561646,-0.032350797206163406,0.6582300662994385,0.6368588209152222,-0.04970870912075043,0.6061639785766602,0.6346669793128967,-0.0601310059428215,0.5653108358383179,0.6361343860626221,-0.06678569316864014,0.7378893494606018,0.7128468155860901,-0.04290158301591873,0.6362931728363037,0.694018542766571,-0.058371517807245255,0.5781220197677612,0.6843425035476685,-0.06714428216218948,0.5341317653656006,0.6786218881607056,-0.07429984211921692,0.7276626229286194,0.7755054831504822,-0.05147598683834076,0.6349906921386719,0.7528361678123474,-0.0640435442328453,0.5832206010818481,0.740190863609314,-0.06858440488576889,0.5451033115386963,0.7314400672912598,-0.0722230076789856,0.7183364629745483,0.8358070254325867,-0.05910378322005272,0.647903561592102,0.8048487901687622,-0.06936293095350266,0.6110318303108215,0.7878538370132446,-0.07060623914003372,0.5810606479644775,0.7737836241722107,-0.07087162137031555,0.12074396014213562,0.8638438582420349,4.881462132289016e-07,0.11100539565086365,0.7622206211090088,-0.001513381372205913,0.12151883542537689,0.6612736582756042,-0.012442552484571934,0.1309552937746048,0.5822692513465881,-0.023481901735067368,0.12750282883644104,0.5230897665023804,-0.03560054302215576,0.18672813475131989,0.6438859105110168,-0.028617486357688904,0.26890984177589417,0.5835543870925903,-0.04289834946393967,0.31439077854156494,0.555518627166748,-0.04882359504699707,0.346482515335083,0.5372740030288696,-0.05024966970086098,0.21923333406448364,0.6875089406967163,-0.036577723920345306,0.3053845763206482,0.6151201128959656,-0.046050019562244415,0.35180553793907166,0.5748815536499023,-0.04737188667058945,0.383112370967865,0.5463367700576782,-0.04774395003914833,0.2462588995695114,0.7361809611320496,-0.043298061937093735,0.32264742255210876,0.6589809656143188,-0.04754878953099251,0.3645366430282593,0.6160556077957153,-0.045942746102809906,0.39257732033729553,0.5839514136314392,-0.04525429382920265,0.2670782506465912,0.7852743864059448,-0.04976071044802666,0.32345056533813477,0.7151854634284973,-0.04997026547789574,0.3524576723575592,0.6764921545982361,-0.04395193234086037,0.37375617027282715,0.6450502872467041,-0.038857538253068924
290,0.8510681986808777,0.8083270788192749,1.3865307835203566e-07,0.8318121433258057,0.7129693627357483,0.004578283987939358,0.787788987159729,0.6287216544151306,-0.001651671016588807,0.7525448203086853,0.5604073405265808,-0.008920337073504925,0.7464132905006409,0.5041297674179077,-0.01904592104256153,0.7420182228088379,0.6314836144447327,-0.025280963629484177,0.652799129486084,0.6155896186828613,-0.04028404876589775,0.6026411652565002,0.6134133338928223,-0.0493399016559124,0.5664994716644287,0.6150722503662109,-0.054742008447647095,0.7275806665420532,0.6856309175491333,-0.03591140732169151,0.632409393787384,0.6633599996566772,-0.04766427353024483,0.5787191390991211,0.6542433500289917,-0.054310187697410583,0.53948974609375,0.6476490497589111,-0.06000968813896179,0.7155823111534119,0.7443335056304932,-0.044458940625190735,0.6306143403053284,0.7173010110855103,-0.05232365056872368,0.5816377401351929,0.7049568295478821,-0.05447745323181152,0.5459516048431396,0.6952051520347595,-0.05752210319042206,0.7066245675086975,0.8047786355018616,-0.05196097493171692,0.6433969736099243,0.7726832628250122,-0.05803333967924118,0.6074645519256592,0.7572245001792908,-0.05681820958852768,0.5763713121414185,0.7431156039237976,-0.055838558822870255,0.15496855974197388,0.867599368095398,5.55662950318947e-07,0.14316219091415405,0.7742609977722168,-0.009634329006075859,0.15932750701904297,0.6713048815727234,-0.0257333405315876,0.17656290531158447,0.5981870293617249,-0.04073069617152214,0.18824446201324463,0.5362351536750793,-0.05560264363884926,0.22539180517196655,0.6595867872238159,-0.04090273380279541,0.3311280608177185,0.6251614093780518,-0.061325665563344955,0.38509464263916016,0.6229202151298523,-0.07046817243099213,0.42146241664886475,0.624572217464447,-0.07203654199838638,0.24302423000335693,0.7148990035057068,-0.04465578496456146,0.352365642786026,0.6735080480575562,-0.05450677126646042,0.4019373059272766,0.6612266302108765,-0.0524342805147171,0.43399578332901,0.655558705329895,-0.05068131908774376,0.25915175676345825,0.7742320895195007,-0.04774769768118858,0.35705888271331787,0.7329446077346802,-0.05046659708023071,0.3974110186100006,0.7179026007652283,-0.04038437455892563,0.4207020401954651,0.7112433910369873,-0.03383871912956238,0.2739154100418091,0.8313733339309692,-0.051601774990558624,0.34660252928733826,0.789452850818634,-0.045854728668928146,0.3790839612483978,0.7703821659088135,-0.030838172882795334,0.40110647678375244,0.7584161758422852,-0.01970030926167965
291,0.8543858528137207,0.7930680513381958,2.2862633386466769e-07,0.8404780030250549,0.6957364678382874,0.0021850308403372765,0.803067147731781,0.6087269186973572,-0.00589542044326663,0.7734013199806213,0.5365426540374756,-0.014174788258969784,0.7677033543586731,0.4807063341140747,-0.02544902265071869,0.7555035948753357,0.6132802367210388,-0.03212148696184158,0.6647771000862122,0.5879368185997009,-0.04669107869267464,0.615459680557251,0.5785627365112305,-0.05397690087556839,0.5772749185562134,0.5728945732116699,-0.05808442085981369,0.7403377294540405,0.6673237085342407,-0.04245707020163536,0.642063558101654,0.6313855648040771,-0.0552561953663826,0.5865865349769592,0.6122050285339355,-0.06121191009879112,0.5468849539756775,0.5983673334121704,-0.06573086977005005,0.7279428243637085,0.725051760673523,-0.0503966324031353,0.6385827660560608,0.6834726333618164,-0.05954750254750252,0.5873153209686279,0.6595765948295593,-0.0625462532043457,0.5511842370033264,0.6407186985015869,-0.06513919681310654,0.7184388041496277,0.7828317880630493,-0.05726971849799156,0.6503318548202515,0.7382928729057312,-0.06452049314975739,0.615790069103241,0.7135530114173889,-0.0632408857345581,0.5890241861343384,0.6922512054443359,-0.0614970326423645,0.0,0.0,0.0,0.0,0.0,0.0,0.0,0.0,0.0,0.0,0.0,0.0,0.0,0.0,0.0,0.0,0.0,0.0,0.0,0.0,0.0,0.0,0.0,0.0,0.0,0.0,0.0,0.0,0.0,0.0,0.0,0.0,0.0,0.0,0.0,0.0,0.0,0.0,0.0,0.0,0.0,0.0,0.0,0.0,0.0,0.0,0.0,0.0,0.0,0.0,0.0,0.0,0.0,0.0,0.0,0.0,0.0,0.0,0.0,0.0,0.0,0.0,0.0
292,0.8593200445175171,0.8568707704544067,1.1532763011246061e-07,0.8424602746963501,0.7519439458847046,-0.003065900644287467,0.7883965969085693,0.6607919931411743,-0.009606648236513138,0.7452601790428162,0.5925610065460205,-0.015171676874160767,0.7347865104675293,0.5324820280075073,-0.023371823132038116,0.7411784529685974,0.683291494846344,-0.03161189705133438,0.6474922895431519,0.6744662523269653,-0.04671306163072586,0.593695878982544,0.6733995079994202,-0.05586696416139603,0.5500698089599609,0.676440417766571,-0.06213894113898277,0.7299003005027771,0.7466828227043152,-0.03902812302112579,0.6255908012390137,0.7291387319564819,-0.05314100161194801,0.5647565126419067,0.7209974527359009,-0.061838168650865555,0.519008457660675,0.7167695164680481,-0.06911353766918182,0.7204897999763489,0.809329628944397,-0.04497472569346428,0.6249879002571106,0.7870497703552246,-0.056755658239126205,0.5709066390991211,0.7745828628540039,-0.06268198043107986,0.5311091542243958,0.7663739323616028,-0.0671992376446724,0.7130459547042847,0.8665289878845215,-0.05025337636470795,0.638456404209137,0.8390135765075684,-0.0601118765771389,0.5994764566421509,0.8241531252861023,-0.06261245161294937,0.5676790475845337,0.8095041513442993,-0.06371419131755829,0.1301751583814621,0.859721302986145,4.873313628195319e-07,0.11573773622512817,0.7636363506317139,-0.007292632944881916,0.12920990586280823,0.6661704778671265,-0.020848486572504044,0.14431056380271912,0.5880564451217651,-0.03322993591427803,0.14703163504600525,0.5272570848464966,-0.046434614807367325,0.1935441941022873,0.6549504399299622,-0.03656809404492378,0.281358927488327,0.6008355021476746,-0.05236836150288582,0.32829388976097107,0.5789298415184021,-0.05872517451643944,0.36378639936447144,0.5639079213142395,-0.06019952520728111,0.22312241792678833,0.702207624912262,-0.04258672893047333,0.3171265125274658,0.6334530115127563,-0.051241595298051834,0.36688798666000366,0.5986711382865906,-0.052598852664232254,0.40362614393234253,0.5731363296508789,-0.053844746202230453,0.24760521948337555,0.7522309422492981,-0.04764354228973389,0.33302563428878784,0.6798227429389954,-0.05226770043373108,0.3785131573677063,0.640060305595398,-0.05243333801627159,0.4095972180366516,0.6112744212150574,-0.05324424430727959,0.2667503356933594,0.7994790077209473,-0.05276403948664665,0.3306940197944641,0.733970046043396,-0.05392760783433914,0.3650754988193512,0.6996219158172607,-0.049265433102846146,0.390927791595459,0.6726743578910828,-0.045381322503089905
293,0.8516011834144592,0.8204180598258972,1.6830601623496477e-07,0.8328354954719543,0.7209145426750183,0.006807605270296335,0.7823746800422668,0.6384902596473694,0.0026595282834023237,0.7475599646568298,0.5720767378807068,-0.002218867652118206,0.7426713705062866,0.5186561346054077,-0.010242468677461147,0.7392321228981018,0.6370270252227783,-0.029411302879452705,0.6487891674041748,0.6227198839187622,-0.04350529983639717,0.5976541042327881,0.6192096471786499,-0.05039418861269951,0.5590069890022278,0.619741678237915,-0.05432867631316185,0.7265323996543884,0.6920329332351685,-0.04005485400557518,0.6280695199966431,0.6725505590438843,-0.052559755742549896,0.5740728974342346,0.6640752553939819,-0.05768672004342079,0.5349835753440857,0.6585593223571777,-0.061747029423713684,0.7142910957336426,0.7519744038581848,-0.047795068472623825,0.6265049576759338,0.7275707125663757,-0.057025980204343796,0.5772740244865417,0.7156557440757751,-0.05920647829771042,0.5425683259963989,0.7075008153915405,-0.061409976333379745,0.7044824957847595,0.8156302571296692,-0.05392872914671898,0.6379656195640564,0.7845772504806519,-0.0616784431040287,0.6021358966827393,0.7690806984901428,-0.06116047874093056,0.572546124458313,0.7545551061630249,-0.060096193104982376,0.11865436285734177,0.9070954322814941,5.063697017249069e-07,0.11389568448066711,0.8041832447052002,-0.00685610668733716,0.1284097284078598,0.695040225982666,-0.02044111117720604,0.14252528548240662,0.6124754548072815,-0.033061616122722626,0.1467028260231018,0.5500681400299072,-0.04606284946203232,0.19060106575489044,0.6933862566947937,-0.036504749208688736,0.279401034116745,0.6451529264450073,-0.05543491244316101,0.3327064514160156,0.6262133717536926,-0.06510110944509506,0.3709668517112732,0.6172798275947571,-0.06792907416820526,0.214954674243927,0.7446045875549316,-0.042261235415935516,0.3077150881290436,0.6861692667007446,-0.051085904240608215,0.3590543568134308,0.6582669019699097,-0.05155586823821068,0.39623692631721497,0.639281690120697,-0.05179738253355026,0.23682565987110138,0.8005919456481934,-0.04689016565680504,0.32019686698913574,0.7443262338638306,-0.0500638410449028,0.3646535277366638,0.7169619798660278,-0.04281764477491379,0.39428991079330444,0.7005041241645813,-0.03838176280260086,0.25429725646972656,0.8536659479141235,-0.05200846493244171,0.31452158093452454,0.797376811504364,-0.05020805448293686,0.3468523919582367,0.7694234848022461,-0.03864697739481926,0.3708367347717285,0.7498491406440735,-0.029449354857206345
294,0.8404962420463562,0.798798680305481,2.3180054142812878e-07,0.8385586738586426,0.7064628601074219,-0.005504051689058542,0.8042383790016174,0.6205626130104065,-0.017221394926309586,0.7737579345703125,0.5489094257354736,-0.02723318710923195,0.7682017683982849,0.49166005849838257,-0.03937561437487602,0.7546173334121704,0.6225897073745728,-0.043271470814943314,0.6656715869903564,0.5910754799842834,-0.06017433479428291,0.6180542707443237,0.5801233053207397,-0.06725059449672699,0.5814393758773804,0.5734925866127014,-0.07070647925138474,0.7354257702827454,0.6757513284683228,-0.04980960488319397,0.6397871375083923,0.6327342987060547,-0.06658022105693817,0.5844209790229797,0.6122230291366577,-0.07277998328208923,0.5445324778556824,0.5988644957542419,-0.07625005394220352,0.7194274067878723,0.7315968871116638,-0.05417546629905701,0.6340428590774536,0.685470700263977,-0.06564822793006897,0.5829724669456482,0.6603587865829468,-0.07008044421672821,0.5469186305999756,0.641671359539032,-0.07274609059095383,0.7073062658309937,0.7870438694953918,-0.05789674445986748,0.6419652700424194,0.7416321039199829,-0.06550024449825287,0.6071653366088867,0.7165837287902832,-0.06551425904035568,0.5794130563735962,0.6954424381256104,-0.06457686424255371,0.1202932745218277,0.9128293991088867,5.248503498478385e-07,0.11462797224521637,0.8117027282714844,-0.004609969444572926,0.13446259498596191,0.7025378942489624,-0.013596122153103352,0.1527460217475891,0.6189112663269043,-0.022684035822749138,0.15813219547271729,0.5563728213310242,-0.031667560338974,0.20414651930332184,0.6913290619850159,-0.018526725471019745,0.28576919436454773,0.6456539630889893,-0.03201766684651375,0.33577749133110046,0.6287641525268555,-0.04099753126502037,0.37267571687698364,0.619433581829071,-0.04509691148996353,0.22960442304611206,0.7366837859153748,-0.02515166997909546,0.315383642911911,0.687854528427124,-0.02991141378879547,0.36469316482543945,0.6658646464347839,-0.03209264948964119,0.4011981785297394,0.6502633094787598,-0.03473895788192749,0.25092029571533203,0.7898271083831787,-0.03183009847998619,0.3267560601234436,0.7428426742553711,-0.033179719001054764,0.3704111576080322,0.722762405872345,-0.030131684616208076,0.4014008343219757,0.7099353671073914,-0.029532501474022865,0.26798301935195923,0.8425995111465454,-0.03918934240937233,0.32682159543037415,0.7938360571861267,-0.0368911549448967,0.36187008023262024,0.7720783352851868,-0.029074842110276222,0.3904302716255188,0.7557629346847534,-0.023439576849341393
295,0.8483070731163025,0.856935441493988,1.689284374606359e-07,0.8359702825546265,0.7540719509124756,-0.0018113262485712767,0.7868913412094116,0.6627490520477295,-0.0073389834724366665,0.7463690638542175,0.5940236449241638,-0.012199526652693748,0.7396429181098938,0.5346617698669434,-0.01940782368183136,0.7375345826148987,0.6826439499855042,-0.026333097368478775,0.6458204388618469,0.6656907200813293,-0.03945273533463478,0.5937542915344238,0.660419225692749,-0.04717376083135605,0.5530327558517456,0.6593438386917114,-0.052350424230098724,0.7228636741638184,0.7433890700340271,-0.03350476548075676,0.6205755472183228,0.7176516056060791,-0.046269092708826065,0.5620676279067993,0.7046648859977722,-0.05420982465147972,0.5193228721618652,0.696298360824585,-0.060229379683732986,0.7102302312850952,0.804129958152771,-0.039378248155117035,0.6162164211273193,0.7741308212280273,-0.04995112866163254,0.5630803108215332,0.7584056854248047,-0.05559701845049858,0.5237560868263245,0.7473444938659668,-0.059468284249305725,0.7005490660667419,0.8592983484268188,-0.044480424374341965,0.6279609799385071,0.8246301412582397,-0.05351027846336365,0.5895408987998962,0.8079181909561157,-0.05590010806918144,0.5576868057250977,0.790854811668396,-0.05655223876237869,0.12870430946350098,0.8696412444114685,4.4375056518219935e-07,0.1134062260389328,0.770843505859375,0.0004481020150706172,0.11862680315971375,0.6755164265632629,-0.011541991494596004,0.1276768296957016,0.5969355702400208,-0.023775266483426094,0.12807439267635345,0.5345178842544556,-0.036329012364149094,0.1829494833946228,0.6489900946617126,-0.03009541891515255,0.2716939449310303,0.5814183950424194,-0.042170844972133636,0.3144025206565857,0.5608330965042114,-0.04415096715092659,0.3454182744026184,0.5488783717155457,-0.042224664241075516,0.21432995796203613,0.6926488876342773,-0.037620220333337784,0.30699899792671204,0.612244188785553,-0.04329124838113785,0.3518284857273102,0.5784182548522949,-0.03882031887769699,0.38185274600982666,0.5569502711296082,-0.035376790910959244,0.24178245663642883,0.7412867546081543,-0.04370593652129173,0.32267996668815613,0.6620824337005615,-0.043984267860651016,0.3622204065322876,0.6246082782745361,-0.03846072033047676,0.38629645109176636,0.5973524451255798,-0.03550881892442703,0.2637428641319275,0.7892000675201416,-0.0494142509996891,0.3213869631290436,0.7198659181594849,-0.04381771758198738,0.3497501015663147,0.6870095729827881,-0.033894870430231094,0.3689168691635132,0.661076009273529,-0.026643427088856697
296,0.8409276008605957,0.8182809948921204,2.3243084967816685e-07,0.8288314938545227,0.7194312214851379,0.003881748765707016,0.7833000421524048,0.6354151964187622,-0.0009517900180071592,0.7483779191970825,0.5679944753646851,-0.006308363284915686,0.7435987591743469,0.5142146348953247,-0.014045456424355507,0.7373960614204407,0.6353210210800171,-0.02512906864285469,0.6489058136940002,0.612537145614624,-0.037660062313079834,0.5999428033828735,0.603756308555603,-0.043999891728162766,0.5621603727340698,0.600411057472229,-0.047848962247371674,0.721222996711731,0.6888042688369751,-0.03442979231476784,0.627257227897644,0.6576454043388367,-0.045941900461912155,0.575054407119751,0.6433050036430359,-0.05117485299706459,0.536699652671814,0.6342951059341431,-0.05514134094119072,0.7053042650222778,0.7468468546867371,-0.04147796705365181,0.6214054822921753,0.7091401219367981,-0.050127796828746796,0.5737589597702026,0.6899915337562561,-0.051764920353889465,0.5395153760910034,0.6770673990249634,-0.05349399894475937,0.6915578246116638,0.8079203963279724,-0.047359365969896317,0.6296183466911316,0.7654688358306885,-0.054120540618896484,0.5955972671508789,0.7433571219444275,-0.05271521210670471,0.5669763088226318,0.7239770889282227,-0.051057372242212296,0.11146879941225052,0.9071340560913086,5.421571813712944e-07,0.11541913449764252,0.804498016834259,-0.009493764489889145,0.13997286558151245,0.6981198191642761,-0.0232378002256155,0.15485945343971252,0.6176201105117798,-0.03653814271092415,0.1616327315568924,0.5535264611244202,-0.050303518772125244,0.2014675736427307,0.6891174912452698,-0.03201603516936302,0.2951454818248749,0.6485790014266968,-0.05257096141576767,0.3521409332752228,0.6324861645698547,-0.06525354087352753,0.3939592242240906,0.6247655153274536,-0.07068663835525513,0.22284892201423645,0.7401200532913208,-0.03756479173898697,0.31985044479370117,0.6939657330513,-0.04788510128855705,0.374347984790802,0.6728015542030334,-0.05145464092493057,0.4138665199279785,0.6579858660697937,-0.05435913801193237,0.24154484272003174,0.7973357439041138,-0.04300782084465027,0.32713231444358826,0.7481034398078918,-0.04824769124388695,0.3756603002548218,0.7222065925598145,-0.044489938765764236,0.40846580266952515,0.7063954472541809,-0.0427362322807312,0.2562505900859833,0.8526949286460876,-0.04938023164868355,0.3199467062950134,0.8032597303390503,-0.04881007596850395,0.357982873916626,0.7773061394691467,-0.03960805758833885,0.3876076638698578,0.7591840028762817,-0.03263860195875168
297,0.8387138843536377,0.8133331537246704,2.2584271164305392e-07,0.8324548006057739,0.7086872458457947,0.001468887086957693,0.8005313873291016,0.6224863529205322,-0.005951811093837023,0.7703267931938171,0.5487167835235596,-0.013689998537302017,0.765117347240448,0.49206510186195374,-0.0237200278788805,0.7506945729255676,0.6271374821662903,-0.026527749374508858,0.6621509194374084,0.5956281423568726,-0.039439789950847626,0.6132787466049194,0.583694577217102,-0.0462135449051857,0.5739008188247681,0.5766087174415588,-0.050405509769916534,0.7281659841537476,0.6785551309585571,-0.035678964108228683,0.6342110633850098,0.6339338421821594,-0.04784812778234482,0.5800303220748901,0.6119060516357422,-0.05402941629290581,0.5402442812919617,0.5970115065574646,-0.058542560786008835,0.7098734378814697,0.7330420613288879,-0.042754221707582474,0.6258053779602051,0.6816909313201904,-0.05119248479604721,0.5768553018569946,0.6552448868751526,-0.05428605154156685,0.5410611629486084,0.6368509531021118,-0.05688467621803284,0.6962841749191284,0.7859048247337341,-0.0489300899207592,0.6329069137573242,0.733683168888092,-0.05510208383202553,0.5995981097221375,0.7076034545898438,-0.05365844815969467,0.5727708339691162,0.6856898069381714,-0.051811061799526215,0.11569872498512268,0.9142156839370728,5.719089131162036e-07,0.12179568409919739,0.8119919300079346,-0.004629744682461023,0.147319495677948,0.7084518074989319,-0.01631135120987892,0.17169985175132751,0.6297569274902344,-0.027561763301491737,0.1841946542263031,0.5670991539955139,-0.03918463736772537,0.21065457165241241,0.6973230242729187,-0.03017904981970787,0.30029067397117615,0.6562989950180054,-0.047485772520303726,0.3518795967102051,0.6440948247909546,-0.0569908507168293,0.3916950821876526,0.6391838192939758,-0.061191197484731674,0.2351159155368805,0.7502428293228149,-0.03831672668457031,0.33544379472732544,0.7072197198867798,-0.04786883667111397,0.3909218907356262,0.6872320175170898,-0.05105580762028694,0.4319440722465515,0.6721699833869934,-0.053930267691612244,0.255074679851532,0.8087204098701477,-0.04577544331550598,0.3457701802253723,0.7597901225090027,-0.051064107567071915,0.3970951437950134,0.7311789393424988,-0.05045473203063011,0.4342561364173889,0.7091703414916992,-0.051089219748973846,0.2707864046096802,0.8663318157196045,-0.053334351629018784,0.3400237262248993,0.8162660598754883,-0.05477898567914963,0.3795185983181,0.7882974147796631,-0.04947169870138168,0.411598801612854,0.765426754951477,-0.04524269327521324
298,0.8474633097648621,0.8409452438354492,1.368905486742733e-07,0.8385874032974243,0.7463839650154114,-0.0005701078334823251,0.7996459007263184,0.649197518825531,-0.009297765791416168,0.7712169289588928,0.5721153616905212,-0.017609087750315666,0.766201376914978,0.5134830474853516,-0.02893950045108795,0.7565035223960876,0.6410477757453918,-0.03611116483807564,0.6683908700942993,0.6112131476402283,-0.05478425323963165,0.6158785820007324,0.6019997000694275,-0.06588715314865112,0.5753864049911499,0.5970470905303955,-0.07278545945882797,0.739165723323822,0.6980758309364319,-0.04577861353754997,0.641998827457428,0.665469229221344,-0.06259794533252716,0.585689127445221,0.6490541696548462,-0.07129569351673126,0.5440555214881897,0.6370302438735962,-0.0778006762266159,0.7222168445587158,0.7593846917152405,-0.05344688519835472,0.6323819160461426,0.7229223251342773,-0.06644473224878311,0.5809522271156311,0.702935516834259,-0.06961735337972641,0.5431452393531799,0.6882484555244446,-0.07189173996448517,0.7067307829856873,0.821182906627655,-0.060222215950489044,0.6383495330810547,0.7780477404594421,-0.07004435360431671,0.6029098629951477,0.7557393908500671,-0.06942497193813324,0.5738044381141663,0.7362180948257446,-0.06782236695289612,0.12551312148571014,0.8618575930595398,2.7009090786123124e-07,0.12002953886985779,0.7674773931503296,-0.008655712939798832,0.13238580524921417,0.6586728096008301,-0.023236053064465523,0.142569437623024,0.572268545627594,-0.038423772901296616,0.14574134349822998,0.5097060203552246,-0.05307585373520851,0.21014930307865143,0.6423202157020569,-0.0357208289206028,0.3060637414455414,0.5961340665817261,-0.05483014136552811,0.3527285158634186,0.5864421129226685,-0.06333279609680176,0.38002321124076843,0.5824270248413086,-0.06480950862169266,0.23326078057289124,0.6944872736930847,-0.03967037424445152,0.32455283403396606,0.6342630982398987,-0.05206014961004257,0.35126274824142456,0.6185232400894165,-0.05123039335012436,0.3587210774421692,0.6172882914543152,-0.04932507500052452,0.25059905648231506,0.7523133158683777,-0.042612768709659576,0.31861984729766846,0.7104388475418091,-0.05112411454319954,0.3223435580730438,0.7110937833786011,-0.04032725840806961,0.31170928478240967,0.7210872173309326,-0.0300238486379385,0.2664620280265808,0.8086265921592712,-0.046166326850652695,0.32724887132644653,0.7666877508163452,-0.047552138566970825,0.3501048982143402,0.753631055355072,-0.0344073511660099,0.3618374764919281,0.7458810806274414,-0.021954111754894257
299,0.8468933701515198,0.8494275808334351,1.272112370998002e-07,0.8330960273742676,0.7462558746337891,0.002655644668266177,0.7867341637611389,0.6572144031524658,-0.0009320719400420785,0.7498555779457092,0.5877761244773865,-0.004959382116794586,0.7415735125541687,0.5315677523612976,-0.01129999477416277,0.7335181832313538,0.6681367754936218,-0.02055709809064865,0.6426381468772888,0.6514091491699219,-0.033338163048028946,0.5921902656555176,0.6456071138381958,-0.04119980335235596,0.5539840459823608,0.6411154270172119,-0.046196188777685165,0.717970073223114,0.727066159248352,-0.02883870154619217,0.6216573715209961,0.7023645043373108,-0.04199112579226494,0.5648871064186096,0.6863784193992615,-0.049822401255369186,0.5231635570526123,0.6752040982246399,-0.05575850233435631,0.7052567005157471,0.7858638167381287,-0.035511087626218796,0.6177680492401123,0.7565304040908813,-0.04663904756307602,0.5682320594787598,0.7387108206748962,-0.05056157335639,0.5321803092956543,0.726456344127655,-0.05306752026081085,0.6963220834732056,0.8414546251296997,-0.041066352277994156,0.6277392506599426,0.8030362725257874,-0.049555011093616486,0.5927542448043823,0.782566487789154,-0.04968779534101486,0.5649929046630859,0.7645370364189148,-0.04872647672891617,0.10657615959644318,0.8786200284957886,4.4614722582991817e-07,0.1045680120587349,0.7795161604881287,-0.004206486977636814,0.12075623124837875,0.6719872355461121,-0.01588538847863674,0.13210630416870117,0.5891285538673401,-0.02830633334815502,0.13378646969795227,0.5258952379226685,-0.04064134508371353,0.18096444010734558,0.6559392213821411,-0.024489516392350197,0.2650755047798157,0.5999067425727844,-0.04144563898444176,0.3156466484069824,0.5750126838684082,-0.05036744102835655,0.3490017056465149,0.5608500242233276,-0.05288200452923775,0.20671817660331726,0.7022578716278076,-0.032210350036621094,0.2940271496772766,0.6364267468452454,-0.041082412004470825,0.3419151306152344,0.603888750076294,-0.04201951622962952,0.37256836891174316,0.5820016860961914,-0.04170101135969162,0.22984862327575684,0.7552245855331421,-0.03958602622151375,0.30910950899124146,0.6936340928077698,-0.0433741956949234,0.35087525844573975,0.6624350547790527,-0.037471573799848557,0.37574851512908936,0.6413149237632751,-0.033218901604413986,0.2494543194770813,0.8086832761764526,-0.04749392345547676,0.31194138526916504,0.752630352973938,-0.04717128723859787,0.34455007314682007,0.7235238552093506,-0.03701026737689972,0.3666442930698395,0.7006481885910034,-0.02811065874993801
300,0.8448509573936462,0.8053109645843506,1.3407019139322074e-07,0.8436170816421509,0.7035706639289856,0.0004960116348229349,0.8106674551963806,0.6187224388122559,-0.006245235446840525,0.7785727977752686,0.5464213490486145,-0.012490665540099144,0.7714757919311523,0.48917490243911743,-0.020451774820685387,0.7544916868209839,0.6253540515899658,-0.027657007798552513,0.6682209372520447,0.5911397933959961,-0.03898699954152107,0.6227428913116455,0.5785281658172607,-0.044202227145433426,0.5875875949859619,0.5707342624664307,-0.04698608070611954,0.7315125465393066,0.6758405566215515,-0.03509502112865448,0.6407808065414429,0.6281592845916748,-0.047285325825214386,0.5878579020500183,0.6049303412437439,-0.052579812705516815,0.5491354465484619,0.5898405313491821,-0.05566388741135597,0.7133370041847229,0.7278258204460144,-0.040405839681625366,0.6326841711997986,0.6757509112358093,-0.048175644129514694,0.5849899053573608,0.647856593132019,-0.05192190781235695,0.5495932102203369,0.6273277401924133,-0.05457509309053421,0.7015644311904907,0.777550995349884,-0.04477367922663689,0.6399400234222412,0.7254959940910339,-0.049231767654418945,0.6065988540649414,0.6994668841362,-0.048014070838689804,0.5792819261550903,0.6777660250663757,-0.046411287039518356,0.11373404413461685,0.8994514346122742,5.173890826881689e-07,0.11714209616184235,0.7986530065536499,-0.0035545076243579388,0.14070241153240204,0.6951614022254944,-0.013165543787181377,0.16037842631340027,0.6146057844161987,-0.023004427552223206,0.16639669239521027,0.5530378222465515,-0.03324232995510101,0.20566816627979279,0.6846360564231873,-0.02232334576547146,0.293221652507782,0.6456934213638306,-0.037468697875738144,0.34393686056137085,0.6287333369255066,-0.04656938463449478,0.3819955885410309,0.6187071800231934,-0.051136646419763565,0.23117733001708984,0.734125018119812,-0.030704908072948456,0.3264203667640686,0.6868605017662048,-0.03818754479289055,0.3800501823425293,0.6628826260566711,-0.041201069951057434,0.41903531551361084,0.6443530321121216,-0.04441184923052788,0.25221502780914307,0.7890684604644775,-0.0388895608484745,0.33854615688323975,0.7358071208000183,-0.043990880250930786,0.38880792260169983,0.7070719599723816,-0.0436006598174572,0.4248771071434021,0.6852002739906311,-0.04465201497077942,0.2682470381259918,0.8440786600112915,-0.047229256480932236,0.33357882499694824,0.7963436841964722,-0.04899097606539726,0.3724651634693146,0.7713299989700317,-0.04396321624517441,0.4042578935623169,0.7503533959388733,-0.04030276834964752
301,0.8491154909133911,0.8373022079467773,1.0856292931293865e-07,0.8392282724380493,0.7415878176689148,0.0026483505498617887,0.7935797572135925,0.6471119523048401,-0.003957281354814768,0.7596561908721924,0.5731216073036194,-0.010769205167889595,0.759087860584259,0.5146026015281677,-0.02108326368033886,0.7548857927322388,0.6388865113258362,-0.0348665677011013,0.6652998328208923,0.6098403334617615,-0.052918318659067154,0.6116055846214294,0.6046632528305054,-0.06274954974651337,0.5714749097824097,0.6072248220443726,-0.06864143162965775,0.7392070889472961,0.6955169439315796,-0.04631662741303444,0.6384971737861633,0.6646600365638733,-0.06267891824245453,0.5790137052536011,0.6531845927238464,-0.07070641964673996,0.5353841185569763,0.6480558514595032,-0.07671831548213959,0.7236889600753784,0.7581915855407715,-0.05552294850349426,0.6305509209632874,0.7241340279579163,-0.06865794211626053,0.5754729509353638,0.7080209851264954,-0.0736650601029396,0.5351109504699707,0.6973859071731567,-0.07742572575807571,0.7092255353927612,0.823438823223114,-0.06331311166286469,0.6371002197265625,0.7860155701637268,-0.07471242547035217,0.5979049205780029,0.7676496505737305,-0.07683884352445602,0.5657015442848206,0.7508333921432495,-0.0773983895778656,0.10768049955368042,0.864959716796875,5.872964266018244e-07,0.1021551564335823,0.7629299759864807,-0.00021560593449976295,0.11775599420070648,0.6643415689468384,-0.010665182955563068,0.12988492846488953,0.5856614112854004,-0.021420715376734734,0.13110046088695526,0.5269326567649841,-0.03281693160533905,0.1824725866317749,0.6443297266960144,-0.024856209754943848,0.2681175768375397,0.5896512269973755,-0.03745691478252411,0.3154946267604828,0.5640472173690796,-0.04194706678390503,0.3490668833255768,0.5476472973823547,-0.042353954166173935,0.21089333295822144,0.6878725290298462,-0.03308378532528877,0.30155089497566223,0.6217667460441589,-0.03984200954437256,0.3502688407897949,0.5873268842697144,-0.03977740928530693,0.38340461254119873,0.5627870559692383,-0.03952256962656975,0.2347835898399353,0.7377058267593384,-0.040131304413080215,0.31792598962783813,0.6686094999313354,-0.042152613401412964,0.36157089471817017,0.6315004229545593,-0.040127381682395935,0.3899344801902771,0.6041430830955505,-0.03966490179300308,0.2539767920970917,0.788253128528595,-0.04691594839096069,0.3146463632583618,0.7254572510719299,-0.045738622546195984,0.3466336131095886,0.692295253276825,-0.03958451375365257,0.36985111236572266,0.6655367612838745,-0.0345606729388237
302,0.8434849381446838,0.8359522819519043,8.960805075730605e-08,0.82537442445755,0.7330363392829895,0.005123849492520094,0.7756426334381104,0.6483584642410278,0.0028010874520987272,0.7334476709365845,0.5849547386169434,-0.0006988479290157557,0.7224253416061401,0.5298126935958862,-0.006914789788424969,0.7259858250617981,0.6622734665870667,-0.016284041106700897,0.6360238194465637,0.6483750343322754,-0.028107767924666405,0.5865668654441833,0.6452739834785461,-0.035845596343278885,0.5490276217460632,0.6421815156936646,-0.041012056171894073,0.7123203277587891,0.7185615301132202,-0.025793099775910378,0.6161521077156067,0.6990422010421753,-0.03687300160527229,0.5591081976890564,0.686188280582428,-0.044429678469896317,0.5173954963684082,0.6768326163291931,-0.05086929351091385,0.7017792463302612,0.7766560912132263,-0.03375553712248802,0.6136098504066467,0.7530567049980164,-0.04298396036028862,0.5636540651321411,0.7383541464805603,-0.04662514477968216,0.5265278220176697,0.7273801565170288,-0.04990307614207268,0.6945714354515076,0.8334498405456543,-0.04053422808647156,0.6250419616699219,0.8011341094970703,-0.04855917766690254,0.5888805389404297,0.7834392786026001,-0.04908992722630501,0.5591030716896057,0.7671666741371155,-0.04889247938990593,0.11755175143480301,0.8956414461135864,4.6750432147746324e-07,0.11076109856367111,0.7914892435073853,-0.004554573446512222,0.12360695749521255,0.685718834400177,-0.016474058851599693,0.1369839310646057,0.604462742805481,-0.028518779203295708,0.1449471414089203,0.5421828627586365,-0.04062777757644653,0.19287797808647156,0.6779277920722961,-0.028502963483333588,0.2808399796485901,0.628813624382019,-0.04519262909889221,0.33108943700790405,0.6111310720443726,-0.05358200520277023,0.3649700880050659,0.6033639907836914,-0.0553017184138298,0.21602952480316162,0.7271369695663452,-0.03432227671146393,0.3073626160621643,0.6675600409507751,-0.041144005954265594,0.35397446155548096,0.6440224647521973,-0.04078461229801178,0.3855329751968384,0.6300032734870911,-0.039993856102228165,0.23668831586837769,0.7819721698760986,-0.03928685188293457,0.3159417510032654,0.7263831496238708,-0.0402061752974987,0.357456237077713,0.700183629989624,-0.032802555710077286,0.3840343952178955,0.684294581413269,-0.028354546055197716,0.25371915102005005,0.8345199227333069,-0.04469816014170647,0.31280964612960815,0.7810660600662231,-0.04121558740735054,0.34535452723503113,0.7525835037231445,-0.02944374643266201,0.36893489956855774,0.7312867045402527,-0.019942035898566246
303,0.832269549369812,0.7997859120368958,1.4884717813856696e-07,0.829693078994751,0.703887403011322,-0.0040620011277496815,0.7955439686775208,0.6206923127174377,-0.013504322618246078,0.7627772688865662,0.549472987651825,-0.0216592475771904,0.7536830902099609,0.4932898283004761,-0.031798817217350006,0.7465367913246155,0.6261033415794373,-0.03872780501842499,0.6569412350654602,0.5936989784240723,-0.053108181804418564,0.6099990010261536,0.5819706320762634,-0.058823082596063614,0.572114109992981,0.5753213167190552,-0.06199565529823303,0.7258197665214539,0.6765227317810059,-0.04522296041250229,0.6281718015670776,0.6336663961410522,-0.06024555861949921,0.5736815929412842,0.6147062182426453,-0.06573209166526794,0.5346990823745728,0.6023546457290649,-0.06907867640256882,0.7095600962638855,0.7296034693717957,-0.049550335854291916,0.6240260004997253,0.6848734021186829,-0.05993932485580444,0.5755659937858582,0.6605894565582275,-0.06397217512130737,0.5413542985916138,0.6421810984611511,-0.06662538647651672,0.6975364089012146,0.7822487354278564,-0.05322113633155823,0.6326187252998352,0.7374141812324524,-0.060266878455877304,0.5979297161102295,0.7138342261314392,-0.06009799987077713,0.5706833600997925,0.693518877029419,-0.05924886092543602,0.12096527218818665,0.9205490350723267,5.25190728239977e-07,0.11682900041341782,0.8157647252082825,-0.005308990366756916,0.13363763689994812,0.7076748013496399,-0.014633295126259327,0.147533118724823,0.625494122505188,-0.02353830635547638,0.15183299779891968,0.5644729137420654,-0.03231683000922203,0.20322419703006744,0.6956607103347778,-0.02103046514093876,0.28938284516334534,0.6516280174255371,-0.03569711744785309,0.3407267928123474,0.6349709630012512,-0.0445680171251297,0.37899044156074524,0.6249156594276428,-0.04811222106218338,0.22996000945568085,0.7452743053436279,-0.026368265971541405,0.3219774067401886,0.6978013515472412,-0.032131172716617584,0.3724555969238281,0.6762903332710266,-0.0332309827208519,0.410025954246521,0.6597626805305481,-0.03461755812168121,0.25355851650238037,0.7999914884567261,-0.03177369758486748,0.33302900195121765,0.7492709159851074,-0.03391113877296448,0.38041019439697266,0.7231101989746094,-0.030524229630827904,0.41536223888397217,0.7049881815910339,-0.02919410541653633,0.27190935611724854,0.852449357509613,-0.03773216903209686,0.33324575424194336,0.8020350933074951,-0.036062344908714294,0.36973223090171814,0.7779417634010315,-0.02815743163228035,0.40024274587631226,0.7587971687316895,-0.02209918573498726
304,0.8470295667648315,0.8442317247390747,9.956089996876472e-08,0.8362377882003784,0.7442318201065063,0.0007829552050679922,0.7847301959991455,0.6553504467010498,-0.0044101509265601635,0.7415509223937988,0.5902050137519836,-0.009000938385725021,0.7307629585266113,0.5322331786155701,-0.01623123325407505,0.7442848682403564,0.6643786430358887,-0.03207532688975334,0.6521893739700317,0.6441279649734497,-0.048131223767995834,0.5985192060470581,0.6393142342567444,-0.056094542145729065,0.5565940737724304,0.6391009092330933,-0.06097317114472389,0.728852391242981,0.7246077656745911,-0.04080342501401901,0.6238629817962646,0.7000719308853149,-0.05845010653138161,0.5642906427383423,0.687528133392334,-0.06695998460054398,0.5197872519493103,0.6794531941413879,-0.07246806472539902,0.7144907712936401,0.7856523990631104,-0.04741998761892319,0.6167500019073486,0.754986584186554,-0.06229998543858528,0.5609399080276489,0.7377148270606995,-0.06820973753929138,0.5189605951309204,0.7254561185836792,-0.07131067663431168,0.703170120716095,0.8436596989631653,-0.052529942244291306,0.6286736726760864,0.8089795112609863,-0.06416692584753036,0.5899010896682739,0.7909005284309387,-0.06642928719520569,0.5592842102050781,0.7742332220077515,-0.06642565876245499,0.11771685630083084,0.8693656921386719,6.034351827111095e-07,0.10792700946331024,0.7689236402511597,-0.0068635293282568455,0.11638934165239334,0.6694358587265015,-0.020577536895871162,0.12382772564888,0.5883654356002808,-0.03368484601378441,0.12395674735307693,0.5274611115455627,-0.04674049839377403,0.18695461750030518,0.6569026708602905,-0.02854297123849392,0.26769885420799255,0.5982837080955505,-0.04152265563607216,0.31144097447395325,0.5694262981414795,-0.046181146055459976,0.3415471315383911,0.5514353513717651,-0.04652382433414459,0.21739459037780762,0.701725959777832,-0.03425993770360947,0.3039741516113281,0.6295633316040039,-0.04158320650458336,0.34801724553108215,0.5895251035690308,-0.04147805646061897,0.37715327739715576,0.5600503087043762,-0.041020557284355164,0.24204568564891815,0.7487753033638,-0.039509374648332596,0.3219985365867615,0.6751305460929871,-0.0427432619035244,0.361782431602478,0.6347453594207764,-0.03991301357746124,0.38689249753952026,0.6045870184898376,-0.03848874941468239,0.26096421480178833,0.7937809824943542,-0.04504137113690376,0.3190961480140686,0.7288177013397217,-0.04504622891545296,0.3492699861526489,0.6941611766815186,-0.03812602907419205,0.3702332377433777,0.6658778190612793,-0.0322333425283432
305,0.832991898059845,0.8097658157348633,-1.5553676746549172e-07,0.8250641226768494,0.7193548083305359,0.0038876631297171116,0.7780382037162781,0.6364700794219971,-0.0016860474133864045,0.7379189133644104,0.5728567838668823,-0.007309895008802414,0.7308470606803894,0.5193292498588562,-0.015755947679281235,0.7360137104988098,0.6300033330917358,-0.035497937351465225,0.6401079893112183,0.6064236760139465,-0.05252049118280411,0.5922226905822754,0.6044420599937439,-0.059986378997564316,0.557871401309967,0.6075983047485352,-0.06417009234428406,0.7197734117507935,0.6875605583190918,-0.046417973935604095,0.6155344843864441,0.6576353907585144,-0.06307590752840042,0.5627609491348267,0.6510453820228577,-0.0685243085026741,0.5276148319244385,0.6506316065788269,-0.07249107211828232,0.7045336365699768,0.7493371963500977,-0.05478041619062424,0.6102350354194641,0.7145195603370667,-0.06795376539230347,0.5626214742660522,0.7024686336517334,-0.06913480162620544,0.5302185416221619,0.6947433352470398,-0.07024971395730972,0.6912218332290649,0.8133572936058044,-0.06153913587331772,0.6180056929588318,0.7771570682525635,-0.07218512147665024,0.583007276058197,0.7602665424346924,-0.07135507464408875,0.5561088919639587,0.7453747391700745,-0.07007573544979095,0.10155194252729416,0.8890122771263123,4.95021993174305e-07,0.11156374216079712,0.7894154787063599,-0.0017021322855725884,0.14263689517974854,0.6826971769332886,-0.011374982073903084,0.16554103791713715,0.6050893664360046,-0.021653423085808754,0.17168262600898743,0.5442909598350525,-0.03206266090273857,0.18881237506866455,0.6749884486198425,-0.02612585760653019,0.2817957401275635,0.6351704597473145,-0.04221397265791893,0.33670535683631897,0.6202142238616943,-0.0500362403690815,0.3749340772628784,0.6134685277938843,-0.05217874422669411,0.20942039787769318,0.7244762778282166,-0.034032855182886124,0.3065060079097748,0.6785723567008972,-0.040890488773584366,0.35900819301605225,0.6585029363632202,-0.041254717856645584,0.3955695927143097,0.6437782049179077,-0.04168105125427246,0.22969934344291687,0.7798746824264526,-0.04086645692586899,0.31561920046806335,0.731113076210022,-0.04210711643099785,0.36375415325164795,0.7077645659446716,-0.03592782840132713,0.3954038918018341,0.6926199197769165,-0.03300878778100014,0.24743059277534485,0.8333560228347778,-0.048021696507930756,0.3118748366832733,0.7836958765983582,-0.04453807324171066,0.34873059391975403,0.7586180567741394,-0.03409959003329277,0.3769019842147827,0.7395994663238525,-0.02640450932085514
306,0.8475619554519653,0.8166050314903259,1.8640440657691215e-07,0.8389277458190918,0.7155511975288391,0.0035853476729243994,0.8019025325775146,0.6268883943557739,-0.003374492982402444,0.7694476246833801,0.5537675619125366,-0.010589439421892166,0.7611940503120422,0.4948351979255676,-0.020164985209703445,0.7556439638137817,0.6313744187355042,-0.028484631329774857,0.666537344455719,0.5971232652664185,-0.041959673166275024,0.617871105670929,0.5842334628105164,-0.0479767769575119,0.5808571577072144,0.5755403637886047,-0.05107300356030464,0.737453281879425,0.6853127479553223,-0.03888147696852684,0.6422107815742493,0.638018012046814,-0.052295852452516556,0.5866411328315735,0.613764762878418,-0.058166369795799255,0.5459446907043457,0.5970185399055481,-0.06204967573285103,0.7219594717025757,0.7415152192115784,-0.046841807663440704,0.6338751316070557,0.6884894371032715,-0.05696786940097809,0.5836369395256042,0.6591247320175171,-0.060092899948358536,0.5479260683059692,0.6376636028289795,-0.062084924429655075,0.7096790671348572,0.7956790328025818,-0.053498052060604095,0.6417976021766663,0.7414829134941101,-0.06054037809371948,0.6084781885147095,0.7106930613517761,-0.059131089597940445,0.5832274556159973,0.6849925518035889,-0.0571916401386261,0.10560928285121918,0.8920945525169373,5.579063895311265e-07,0.10891135782003403,0.7941206097602844,-0.003649021266028285,0.13741695880889893,0.6888713240623474,-0.013753057457506657,0.16330862045288086,0.6113693714141846,-0.024289244785904884,0.1731209009885788,0.5480324625968933,-0.0347006618976593,0.19294977188110352,0.6730214953422546,-0.022540675476193428,0.28162506222724915,0.6304513812065125,-0.03815218433737755,0.3346298336982727,0.6161119937896729,-0.04686736688017845,0.37225115299224854,0.6100900173187256,-0.04965141788125038,0.21438820660114288,0.7201324105262756,-0.029837926849722862,0.30658262968063354,0.6712968945503235,-0.03570694476366043,0.35890883207321167,0.6503911018371582,-0.03626618906855583,0.39585554599761963,0.6357710361480713,-0.03694511204957962,0.23323771357536316,0.7760303020477295,-0.036809880286455154,0.31522488594055176,0.7291001081466675,-0.03774930536746979,0.3593595623970032,0.7101072072982788,-0.031515300273895264,0.3887081742286682,0.6975032687187195,-0.02834007889032364,0.24970215559005737,0.8323364853858948,-0.044458433985710144,0.31150054931640625,0.78190016746521,-0.04077918455004692,0.3472259044647217,0.7588412761688232,-0.030206266790628433,0.37496617436408997,0.7407262921333313,-0.022284744307398796
307,0.852851390838623,0.8505886197090149,1.279268246889842e-07,0.835975170135498,0.739721953868866,0.0022653802298009396,0.7840114831924438,0.6555138826370239,-0.002720107091590762,0.736179530620575,0.5951117277145386,-0.007826656103134155,0.7183747887611389,0.5411313772201538,-0.015311537310481071,0.740304708480835,0.679564893245697,-0.023429598659276962,0.6443768739700317,0.6649590730667114,-0.036896366626024246,0.5933549404144287,0.660588800907135,-0.0447331964969635,0.5523996353149414,0.6600171327590942,-0.049509935081005096,0.7261623740196228,0.7398074269294739,-0.03215077891945839,0.621124804019928,0.7148011326789856,-0.0441877506673336,0.5616066455841064,0.7012670040130615,-0.05197301506996155,0.5184714198112488,0.6925493478775024,-0.058336615562438965,0.7143164873123169,0.7994857430458069,-0.0391080379486084,0.6191195845603943,0.7681018710136414,-0.0483609102666378,0.5650030374526978,0.7501043081283569,-0.052862972021102905,0.5251998901367188,0.7367041707038879,-0.0566190741956234,0.7054802179336548,0.8534562587738037,-0.04482642561197281,0.6293632388114929,0.8212903738021851,-0.05257545784115791,0.5899889469146729,0.8043379187583923,-0.053361404687166214,0.5577330589294434,0.7880038619041443,-0.05316071957349777,0.11355210840702057,0.8565049171447754,4.4744209048985795e-07,0.10992074012756348,0.7534971833229065,0.0007799730519764125,0.12489914894104004,0.6523680686950684,-0.009878803975880146,0.14043836295604706,0.5724859237670898,-0.020647559314966202,0.14464321732521057,0.5132110118865967,-0.03227957338094711,0.17342330515384674,0.641857385635376,-0.03264499828219414,0.26374733448028564,0.5786743760108948,-0.0471605509519577,0.3107559382915497,0.554115891456604,-0.05082812160253525,0.3440495729446411,0.5376152992248535,-0.05036747083067894,0.202650785446167,0.6883244514465332,-0.04167304188013077,0.29953235387802124,0.6126856803894043,-0.05076766386628151,0.34963253140449524,0.5780026912689209,-0.04942090064287186,0.38257837295532227,0.5532727837562561,-0.048161789774894714,0.22840017080307007,0.7399502396583557,-0.048985376954078674,0.3149881660938263,0.66187983751297,-0.05309441685676575,0.3609115779399872,0.6210207939147949,-0.05146284028887749,0.39033985137939453,0.589583158493042,-0.05109340324997902,0.25013044476509094,0.790878415107727,-0.055590610951185226,0.3142053782939911,0.7221958637237549,-0.05569436773657799,0.3472954332828522,0.6870194673538208,-0.05020643025636673,0.3712230920791626,0.6581792831420898,-0.04595847427845001
308,0.8327740430831909,0.7988972663879395,9.390300981237942e-09,0.8252534866333008,0.7018952369689941,0.0016381610184907913,0.782006561756134,0.6240673661231995,-0.0036981089506298304,0.7427411079406738,0.5621517300605774,-0.008849548175930977,0.7334727644920349,0.5085158348083496,-0.016155801713466644,0.7369058132171631,0.6299869418144226,-0.029666028916835785,0.6481597423553467,0.6046229600906372,-0.04287358373403549,0.6024185419082642,0.599647045135498,-0.0479944609105587,0.5669963955879211,0.5986964702606201,-0.05089497193694115,0.7194408178329468,0.6854051947593689,-0.03850841894745827,0.6215606331825256,0.6510542631149292,-0.05111653357744217,0.5700037479400635,0.6383048295974731,-0.055190857499837875,0.5334293246269226,0.6290695071220398,-0.05818925052881241,0.7061686515808105,0.7434832453727722,-0.04527433216571808,0.6180204749107361,0.703182578086853,-0.05488864332437515,0.5711046457290649,0.6851320862770081,-0.05722590908408165,0.5374011397361755,0.670769453048706,-0.05911250784993172,0.6977857947349548,0.8000161051750183,-0.050906721502542496,0.6306429505348206,0.762179434299469,-0.058885347098112106,0.5954586267471313,0.7418798804283142,-0.0586414560675621,0.5678006410598755,0.7231194376945496,-0.057822972536087036,0.11376738548278809,0.8934937119483948,5.084430654278549e-07,0.1268233060836792,0.7927799820899963,-0.0011184954782947898,0.16018348932266235,0.6883055567741394,-0.01035096775740385,0.18752451241016388,0.6118754744529724,-0.019823957234621048,0.19865135848522186,0.5513718724250793,-0.02961372211575508,0.19994959235191345,0.6818547248840332,-0.03237999603152275,0.29389795660972595,0.6422547101974487,-0.0510207936167717,0.3482288718223572,0.6288955807685852,-0.06006278842687607,0.3869937062263489,0.6217895746231079,-0.0634671151638031,0.21974526345729828,0.7329518795013428,-0.04209258779883385,0.32291314005851746,0.6921841502189636,-0.05271539092063904,0.38067829608917236,0.6714657545089722,-0.05439050495624542,0.42083442211151123,0.6570337414741516,-0.055933527648448944,0.23877817392349243,0.7903619408607483,-0.05051182210445404,0.3301326036453247,0.74616938829422,-0.056138429790735245,0.3815210461616516,0.7225508093833923,-0.052642229944467545,0.4167940616607666,0.7066566348075867,-0.051280125975608826,0.2548903822898865,0.846908688545227,-0.05895048379898071,0.32356610894203186,0.8051065802574158,-0.05949685350060463,0.362429141998291,0.7815320491790771,-0.0520760640501976,0.3939710855484009,0.7642760276794434,-0.04657916724681854
309,0.8529413938522339,0.8292815685272217,1.4150317895200715e-07,0.8411741852760315,0.7359455823898315,-0.001143721048720181,0.79280686378479,0.6480767726898193,-0.010035338811576366,0.7547191381454468,0.5783347487449646,-0.017761845141649246,0.7423930168151855,0.522827684879303,-0.02867954596877098,0.7587649822235107,0.6461718082427979,-0.043002206832170486,0.668164849281311,0.6238311529159546,-0.06035792827606201,0.6152262687683105,0.6197217106819153,-0.06891649216413498,0.5757108926773071,0.6193516254425049,-0.07395602017641068,0.7455806136131287,0.7063650488853455,-0.051894232630729675,0.6470189094543457,0.6765959858894348,-0.06687679141759872,0.5910639762878418,0.661677896976471,-0.07316825538873672,0.5508647561073303,0.6514602899551392,-0.0785183310508728,0.7320263385772705,0.7706952691078186,-0.05830088630318642,0.6419894695281982,0.7382425665855408,-0.06894391030073166,0.5905535221099854,0.7187088131904602,-0.07182782143354416,0.5541986227035522,0.7046182751655579,-0.0751742273569107,0.7190752029418945,0.8363733291625977,-0.06366982311010361,0.6500216126441956,0.805085301399231,-0.07156695425510406,0.6152209639549255,0.78607177734375,-0.07086307555437088,0.5882697105407715,0.7685022950172424,-0.07037688046693802,0.11294034868478775,0.8871796727180481,5.533877356356243e-07,0.12334177643060684,0.7881746888160706,-0.003228874411433935,0.15860450267791748,0.6822042465209961,-0.011245138011872768,0.1855383962392807,0.6048218011856079,-0.019304562360048294,0.19698122143745422,0.5420680642127991,-0.02726367861032486,0.2056851089000702,0.6732144355773926,-0.022046348080039024,0.29355597496032715,0.6337916851043701,-0.03705794736742973,0.3461216986179352,0.6197453737258911,-0.04512944445014,0.38354235887527466,0.6135450601577759,-0.047748979181051254,0.22686155140399933,0.7231816053390503,-0.028926881030201912,0.32014650106430054,0.6787524223327637,-0.03456293046474457,0.37291961908340454,0.6593945622444153,-0.03511838614940643,0.4095088839530945,0.6456158757209778,-0.03619448095560074,0.2457524985074997,0.780880331993103,-0.03537856042385101,0.32976001501083374,0.7375754117965698,-0.03631320595741272,0.3747680187225342,0.7210233807563782,-0.030720779672265053,0.4045327603816986,0.7091638445854187,-0.0281824953854084,0.261874258518219,0.8385729789733887,-0.04238991066813469,0.32632946968078613,0.7925161123275757,-0.038957614451646805,0.3622875213623047,0.774644672870636,-0.029107943177223206,0.3889772593975067,0.7608852386474609,-0.021897366270422935
310,0.844894289970398,0.8256731033325195,9.951360624427252e-08,0.8301900029182434,0.7287772297859192,0.0007306395564228296,0.7775751352310181,0.6450327038764954,-0.004120599012821913,0.7294961810112,0.5866295695304871,-0.008692122995853424,0.7128490209579468,0.5320442914962769,-0.015673907473683357,0.7332757711410522,0.6520060300827026,-0.026478489860892296,0.6396896243095398,0.64361971616745,-0.04058929160237312,0.5899072289466858,0.6450133919715881,-0.04837638884782791,0.5548666715621948,0.6459236145019531,-0.052907779812812805,0.7210864424705505,0.7110564112663269,-0.03379137068986893,0.6208212971687317,0.6997060179710388,-0.04483235999941826,0.5641829371452332,0.6932733058929443,-0.05054064095020294,0.5247466564178467,0.6875611543655396,-0.05584479868412018,0.711082935333252,0.7720993757247925,-0.0396302305161953,0.622523844242096,0.7566895484924316,-0.048601843416690826,0.5742563009262085,0.7439841032028198,-0.05099889636039734,0.5410352349281311,0.7320897579193115,-0.05369788408279419,0.7030260562896729,0.8319807052612305,-0.044500064104795456,0.6336714029312134,0.8078086376190186,-0.05303305760025978,0.59844970703125,0.7932770848274231,-0.053421031683683395,0.5706759095191956,0.7783240079879761,-0.05305282026529312,0.11585913598537445,0.8830870389938354,5.187870328882127e-07,0.12397865951061249,0.7808729410171509,0.0004363050975371152,0.15739108622074127,0.6757924556732178,-0.006411463022232056,0.1840478926897049,0.5997442007064819,-0.013621981255710125,0.19386687874794006,0.5394042134284973,-0.02085641212761402,0.20099736750125885,0.6675695776939392,-0.023818546906113625,0.2933802604675293,0.6258205771446228,-0.03746556118130684,0.344912052154541,0.6089991331100464,-0.043028540909290314,0.37895604968070984,0.5997667908668518,-0.04359254240989685,0.22211088240146637,0.7157688140869141,-0.031526122242212296,0.31688815355300903,0.6633408665657043,-0.03708232194185257,0.3683842420578003,0.6384090781211853,-0.03636933118104935,0.402645468711853,0.6203567981719971,-0.03570840507745743,0.24163365364074707,0.770768940448761,-0.037773195654153824,0.32548224925994873,0.7181926965713501,-0.03755677118897438,0.37020429968833923,0.6934663653373718,-0.030918888747692108,0.3998735547065735,0.6745613813400269,-0.027575207874178886,0.2582439184188843,0.8250656127929688,-0.0440729558467865,0.32085251808166504,0.7746333479881287,-0.03996238484978676,0.35495615005493164,0.7511060237884521,-0.02951134368777275,0.38005703687667847,0.7319790124893188,-0.021537939086556435
311,0.8391175866127014,0.7953673601150513,1.3200758530729217e-07,0.8283056616783142,0.6988492608070374,0.0021755897905677557,0.7868536710739136,0.6168105006217957,-0.005462683271616697,0.750813901424408,0.5490232706069946,-0.01238888781517744,0.7389864921569824,0.49460530281066895,-0.021635236218571663,0.744300901889801,0.6232724785804749,-0.03800853341817856,0.6525535583496094,0.5983113050460815,-0.052317388355731964,0.6050049662590027,0.5901726484298706,-0.0570889487862587,0.5684171915054321,0.5870654582977295,-0.05900474265217781,0.7277173399925232,0.6793872117996216,-0.04727022349834442,0.6262887120246887,0.6429129242897034,-0.06344287842512131,0.5714648365974426,0.6262242197990417,-0.0681481808423996,0.5330540537834167,0.615984320640564,-0.0703476145863533,0.7136110663414001,0.7368862628936768,-0.053546659648418427,0.6227793097496033,0.6965137720108032,-0.06475894898176193,0.5718379020690918,0.6747581958770752,-0.06758782267570496,0.5365586280822754,0.6583656072616577,-0.06890246272087097,0.7036498785018921,0.7930249571800232,-0.05832473933696747,0.6324829459190369,0.749751627445221,-0.06463123857975006,0.5976935029029846,0.7272036075592041,-0.06251851469278336,0.5715643763542175,0.7084946036338806,-0.060085855424404144,0.11235356330871582,0.9001685380935669,5.39531868071208e-07,0.1222420409321785,0.800244927406311,-0.0013791531091555953,0.15750759840011597,0.6958518028259277,-0.009231633506715298,0.18697112798690796,0.617982029914856,-0.017697615548968315,0.2008596658706665,0.555294930934906,-0.02630576118826866,0.203853040933609,0.6839761734008789,-0.02271667867898941,0.2922755181789398,0.645344614982605,-0.040371816605329514,0.3461270034313202,0.63168865442276,-0.05069807916879654,0.3854091167449951,0.6259928941726685,-0.05510668084025383,0.22358931601047516,0.730292797088623,-0.032370325177907944,0.3208330273628235,0.6869665384292603,-0.04195145517587662,0.3780180811882019,0.6686989068984985,-0.04562891647219658,0.4202542006969452,0.6563892364501953,-0.04872431978583336,0.242344930768013,0.7842859029769897,-0.041570693254470825,0.33055010437965393,0.7400416135787964,-0.046808816492557526,0.38156959414482117,0.7218987941741943,-0.044963374733924866,0.4184814691543579,0.7098730206489563,-0.04477393627166748,0.2584450840950012,0.8388704061508179,-0.05108814314007759,0.32693982124328613,0.7975643873214722,-0.05166441947221756,0.36761578917503357,0.7789724469184875,-0.045270055532455444,0.4008004069328308,0.7654775381088257,-0.04058853164315224
312,0.8430953025817871,0.8484253883361816,1.90558424151277e-07,0.8318622708320618,0.7408141493797302,-0.00353509234264493,0.7781923413276672,0.6529073119163513,-0.010877794586122036,0.7322956919670105,0.5906331539154053,-0.017222268506884575,0.7167316675186157,0.5344808101654053,-0.025488587096333504,0.7316262125968933,0.6725528836250305,-0.03129968047142029,0.637397050857544,0.6563799381256104,-0.047755058854818344,0.584612250328064,0.6530755758285522,-0.05689793825149536,0.5433305501937866,0.6570835113525391,-0.0620657242834568,0.7182307243347168,0.7387833595275879,-0.03778470307588577,0.6149657368659973,0.7143014669418335,-0.05397316440939903,0.5567159652709961,0.702832043170929,-0.06251577287912369,0.5140442848205566,0.6971739530563354,-0.068254254758358,0.7067001461982727,0.8023926019668579,-0.04295410215854645,0.6119199991226196,0.7696983814239502,-0.056043315678834915,0.5597038865089417,0.7527636289596558,-0.06126469746232033,0.5219089984893799,0.7428802251815796,-0.06406614929437637,0.697323203086853,0.85798180103302,-0.04730642959475517,0.6216286420822144,0.8208606839179993,-0.05773967131972313,0.5820407867431641,0.8034290671348572,-0.05949036031961441,0.5505385398864746,0.7898621559143066,-0.05907155200839043,0.10380934923887253,0.8744167685508728,6.198692972247954e-07,0.10561461001634598,0.7669987082481384,-7.944627577671781e-05,0.1296122670173645,0.6595561504364014,-0.010044117458164692,0.14956343173980713,0.5764957070350647,-0.019827624782919884,0.1535715013742447,0.5162607431411743,-0.030525606125593185,0.1667448878288269,0.6557005047798157,-0.03575008735060692,0.25834864377975464,0.5992227792739868,-0.051871802657842636,0.31061387062072754,0.5730196833610535,-0.056900907307863235,0.3477146327495575,0.5559712052345276,-0.05729809030890465,0.1946580559015274,0.7044592499732971,-0.044602397829294205,0.2927357852458954,0.6334577798843384,-0.05559856817126274,0.34805285930633545,0.5975069999694824,-0.05672970786690712,0.38486120104789734,0.5706732273101807,-0.05718199908733368,0.2212221324443817,0.7568926811218262,-0.051343657076358795,0.31031179428100586,0.6808798909187317,-0.05669015273451805,0.35815680027008057,0.6416008472442627,-0.055851247161626816,0.3889395594596863,0.6114494800567627,-0.05594659969210625,0.24485211074352264,0.8064917325973511,-0.05744360759854317,0.3105563223361969,0.7398379445075989,-0.05894343927502632,0.3453441262245178,0.7055227160453796,-0.05458468943834305,0.3701489567756653,0.6781654357910156,-0.050941307097673416
313,0.8328158259391785,0.8051228523254395,-5.7315627799425783e-08,0.816903829574585,0.7120122313499451,0.004606298636645079,0.7657224535942078,0.6318033933639526,-0.0016356430714949965,0.7239654064178467,0.5665174722671509,-0.008164197206497192,0.7148541808128357,0.510062575340271,-0.01737862266600132,0.7240972518920898,0.6224851608276367,-0.034493789076805115,0.6250438094139099,0.6081591248512268,-0.05132460594177246,0.5763785243034363,0.6109633445739746,-0.058928631246089935,0.5432983040809631,0.6180418133735657,-0.06283172965049744,0.7101854085922241,0.6817894577980042,-0.04547712579369545,0.6012746095657349,0.6562490463256836,-0.06156099960207939,0.5481945276260376,0.6490864753723145,-0.06705070286989212,0.5136748552322388,0.6477334499359131,-0.07076556980609894,0.6979950070381165,0.7454016208648682,-0.05370394513010979,0.6005987524986267,0.7165392637252808,-0.06574956327676773,0.5536390542984009,0.7060030698776245,-0.06682874262332916,0.5240654945373535,0.7004879117012024,-0.06771831959486008,0.6883664131164551,0.8092685341835022,-0.06037820503115654,0.6149504780769348,0.7774115800857544,-0.06955498456954956,0.57899010181427,0.7607005834579468,-0.06841074675321579,0.5518298149108887,0.7461296916007996,-0.0668848380446434,0.09827947616577148,0.8948463201522827,5.486457439474179e-07,0.10753069072961807,0.7943474650382996,8.51146069180686e-06,0.1400718092918396,0.687345027923584,-0.008710677735507488,0.16535332798957825,0.6088827848434448,-0.018642451614141464,0.17590105533599854,0.5455380082130432,-0.028867632150650024,0.18103310465812683,0.6777123212814331,-0.026211323216557503,0.27728888392448425,0.636381983757019,-0.04368382319808006,0.3324580788612366,0.6215308904647827,-0.05208117142319679,0.370389461517334,0.6156244874000549,-0.054629117250442505,0.20065054297447205,0.7247995138168335,-0.03642912581562996,0.3025912344455719,0.6768956780433655,-0.0462789461016655,0.35812389850616455,0.6615418195724487,-0.048012156039476395,0.39609384536743164,0.6522871255874634,-0.04894940182566643,0.22122716903686523,0.7786837220191956,-0.04544699192047119,0.31319424510002136,0.7280526757240295,-0.049977175891399384,0.3626929521560669,0.7126355171203613,-0.04448509216308594,0.3948429822921753,0.7031384706497192,-0.04135136678814888,0.23966675996780396,0.8322941660881042,-0.054608117789030075,0.30932241678237915,0.7832819223403931,-0.053272027522325516,0.3490333557128906,0.7625870704650879,-0.043438371270895004,0.37891918420791626,0.7483946681022644,-0.03593216836452484
314,0.839130699634552,0.8123116493225098,1.707032453168722e-07,0.8274653553962708,0.7093495726585388,0.004036633763462305,0.7881993055343628,0.6215196251869202,-0.002482019364833832,0.7530068159103394,0.5483816862106323,-0.009362169541418552,0.7424634099006653,0.4894793927669525,-0.018379099667072296,0.7437947988510132,0.6258609890937805,-0.028096923604607582,0.6526778340339661,0.5941449403762817,-0.0417933315038681,0.6024292707443237,0.5832265615463257,-0.048053499311208725,0.563386082649231,0.5761569142341614,-0.05138653516769409,0.7253211140632629,0.6808639168739319,-0.03807482123374939,0.628581702709198,0.6392815113067627,-0.05149422958493233,0.5719728469848633,0.6177130937576294,-0.057176753878593445,0.5299237370491028,0.6031485199928284,-0.061130598187446594,0.7103081345558167,0.7377746105194092,-0.04557541012763977,0.6213407516479492,0.6915759444236755,-0.05460907146334648,0.5712882876396179,0.6661557555198669,-0.056448034942150116,0.5350533127784729,0.6475269794464111,-0.05785815045237541,0.6987842917442322,0.7921572923660278,-0.05198271572589874,0.6310115456581116,0.7444422841072083,-0.05805961787700653,0.5952625274658203,0.7172660827636719,-0.05647854506969452,0.5669289827346802,0.6942065954208374,-0.0545184351503849,0.10652963072061539,0.8894616365432739,5.167648851056583e-07,0.10928095132112503,0.7892052531242371,-0.0029540162067860365,0.13381218910217285,0.6824462413787842,-0.011682827025651932,0.1531987339258194,0.6017689108848572,-0.021265434101223946,0.1583816111087799,0.5394998788833618,-0.030593018978834152,0.19230620563030243,0.6715406179428101,-0.01714395359158516,0.27694961428642273,0.6266823410987854,-0.031477853655815125,0.32762908935546875,0.6122097373008728,-0.040219616144895554,0.36272791028022766,0.6059973835945129,-0.04345540702342987,0.21575382351875305,0.7177063226699829,-0.024168485775589943,0.3034941256046295,0.6677896976470947,-0.029357649385929108,0.3525077998638153,0.6464709043502808,-0.030306240543723106,0.38603484630584717,0.6327072381973267,-0.031249044463038445,0.23612438142299652,0.7713465690612793,-0.031078945845365524,0.3136630952358246,0.722405195236206,-0.03117414377629757,0.35576707124710083,0.7000666260719299,-0.024800585582852364,0.38363757729530334,0.6848309636116028,-0.021531332284212112,0.2531598210334778,0.8248203992843628,-0.038744449615478516,0.3114625811576843,0.7758923768997192,-0.034216783940792084,0.344573438167572,0.7521885633468628,-0.0231686532497406,0.36962318420410156,0.7332347631454468,-0.014874662272632122
315,0.8456579446792603,0.8556755781173706,1.343109516938057e-07,0.8294838070869446,0.7434433102607727,-0.0015513742109760642,0.7741507887840271,0.6576438546180725,-0.007956357672810555,0.7285498976707458,0.5932710766792297,-0.013732952065765858,0.7150071263313293,0.5350996851921082,-0.02169717475771904,0.7266992926597595,0.6821680665016174,-0.0282914862036705,0.6298520565032959,0.6708547472953796,-0.04334796592593193,0.5774361491203308,0.6690811514854431,-0.05277913436293602,0.5353270769119263,0.6720243692398071,-0.05889349803328514,0.7136247754096985,0.7487781047821045,-0.03538995608687401,0.6062427759170532,0.7271495461463928,-0.04940009117126465,0.5465586185455322,0.7163957357406616,-0.05794930085539818,0.5025376677513123,0.7104108929634094,-0.0647820234298706,0.7032806277275085,0.8125096559524536,-0.04094920679926872,0.6048461198806763,0.7846816182136536,-0.05265357345342636,0.5514035224914551,0.7706150412559509,-0.05730093643069267,0.5118106603622437,0.7619936466217041,-0.06057145819067955,0.6963016986846924,0.8676371574401855,-0.045584384351968765,0.6196795701980591,0.8337719440460205,-0.05494089424610138,0.5811816453933716,0.8188729286193848,-0.055715009570121765,0.5496601462364197,0.8054444193840027,-0.05517864227294922,0.10060881078243256,0.8618695139884949,5.671544727192668e-07,0.09388300031423569,0.7575926184654236,-0.001224361709319055,0.10656661540269852,0.6547091007232666,-0.011361400596797466,0.12107408046722412,0.5741446018218994,-0.021902702748775482,0.12224242091178894,0.5147276520729065,-0.03304070979356766,0.16742514073848724,0.64251309633255,-0.02266859821975231,0.2502342462539673,0.5840914249420166,-0.03587764501571655,0.29743465781211853,0.557056188583374,-0.04085835814476013,0.33187803626060486,0.5384777784347534,-0.04174409061670303,0.19812487065792084,0.6872348189353943,-0.03116413950920105,0.2861586809158325,0.6166591644287109,-0.038594264537096024,0.33474013209342957,0.5779801607131958,-0.03941028565168381,0.3692886233329773,0.5475110411643982,-0.03991607576608658,0.2244792878627777,0.7369696497917175,-0.03903140872716904,0.3045612573623657,0.663665235042572,-0.04253968223929405,0.3477422595024109,0.6227648258209229,-0.04171837493777275,0.37696555256843567,0.5909594893455505,-0.04191377013921738,0.24636217951774597,0.7873177528381348,-0.046739887446165085,0.3040260672569275,0.7182832360267639,-0.048113998025655746,0.3357059955596924,0.6792855262756348,-0.04375050216913223,0.36003127694129944,0.6464408040046692,-0.03992503508925438
316,0.8357618451118469,0.8111339211463928,-1.4037159701274504e-07,0.8204587697982788,0.7166818976402283,0.008182329125702381,0.771887481212616,0.6311445236206055,0.002909989096224308,0.7340514063835144,0.5605186223983765,-0.0033011590130627155,0.7286568284034729,0.5054493546485901,-0.012752272188663483,0.7286145687103271,0.617169201374054,-0.03443138301372528,0.6237754821777344,0.5936585068702698,-0.05223265290260315,0.5700184106826782,0.5979880094528198,-0.06050780043005943,0.5350800156593323,0.6092891097068787,-0.06456224620342255,0.7129881978034973,0.6727729439735413,-0.04712165147066116,0.5993337631225586,0.6438177824020386,-0.06349014490842819,0.5467770099639893,0.6449476480484009,-0.06830613315105438,0.5166673064231873,0.6539512872695923,-0.07114282995462418,0.6982001066207886,0.736903190612793,-0.0565992072224617,0.5961878299713135,0.7065266370773315,-0.06757097691297531,0.5489261150360107,0.7024829387664795,-0.06572398543357849,0.5211735367774963,0.7051022052764893,-0.064717598259449,0.6863824129104614,0.8067526817321777,-0.06425204128026962,0.6094885468482971,0.772864043712616,-0.07189027220010757,0.5713929533958435,0.7597935199737549,-0.06806918233633041,0.5426841378211975,0.7510310411453247,-0.06459428369998932,0.10443849116563797,0.897856593132019,5.155479243512673e-07,0.10949201136827469,0.7953667640686035,-0.007502338849008083,0.1327608823776245,0.6890050172805786,-0.02047797292470932,0.14425376057624817,0.6044684648513794,-0.03393673896789551,0.1471598744392395,0.5394675135612488,-0.04737813398241997,0.19949397444725037,0.6809887886047363,-0.02413877099752426,0.28974050283432007,0.6461531519889832,-0.04187418147921562,0.34353363513946533,0.6331270337104797,-0.05270308256149292,0.38172900676727295,0.6275254487991333,-0.0573541522026062,0.2190645933151245,0.7303164601325989,-0.030807452276349068,0.31319910287857056,0.6895256042480469,-0.039254605770111084,0.36499345302581787,0.6723570227622986,-0.0412646122276783,0.4019279479980469,0.6593338847160339,-0.04266336187720299,0.23626968264579773,0.7867745161056519,-0.0377478152513504,0.3187355399131775,0.7416271567344666,-0.04143776372075081,0.3660202920436859,0.7189924716949463,-0.03620424121618271,0.3977421522140503,0.7033514380455017,-0.033254917711019516,0.24963301420211792,0.8416406512260437,-0.045677363872528076,0.3105434775352478,0.7959497570991516,-0.04414890334010124,0.3476366400718689,0.7731176614761353,-0.034304555505514145,0.37685340642929077,0.7559213638305664,-0.026550140231847763
317,0.8447858095169067,0.816652238368988,8.802633288951256e-08,0.831828236579895,0.7118628025054932,0.009312517940998077,0.7939513325691223,0.6203172206878662,0.005004321224987507,0.7622555494308472,0.5449603199958801,-0.0008322012145072222,0.7556273341178894,0.48643869161605835,-0.009608658961951733,0.7475160956382751,0.6218370199203491,-0.022687623277306557,0.6545745134353638,0.5911397933959961,-0.03510060906410217,0.6043218374252319,0.5805314183235168,-0.04094492644071579,0.5660849809646606,0.5716478824615479,-0.04428156837821007,0.7290490865707397,0.6750173568725586,-0.035633355379104614,0.629279613494873,0.6339421272277832,-0.046687010675668716,0.5730558037757874,0.6123977303504944,-0.05132606625556946,0.531020998954773,0.595410168170929,-0.055320512503385544,0.7133745551109314,0.732023298740387,-0.04593067616224289,0.6242305040359497,0.6856629848480225,-0.05346907675266266,0.5732746720314026,0.6592482328414917,-0.05461939796805382,0.5350767374038696,0.6377561092376709,-0.05665548890829086,0.7005783319473267,0.788819432258606,-0.05481193959712982,0.6343560218811035,0.741161048412323,-0.06008042022585869,0.6004377603530884,0.7134836316108704,-0.057527922093868256,0.5725765228271484,0.6897708177566528,-0.05570495128631592,0.10923859477043152,0.884738028049469,5.502378144228715e-07,0.11301972717046738,0.7862187027931213,-0.0017782283248379827,0.14210087060928345,0.6824746131896973,-0.011856754310429096,0.16497963666915894,0.604733943939209,-0.023204168304800987,0.1737174093723297,0.541727602481842,-0.03463636711239815,0.2095254808664322,0.6654713749885559,-0.01879125088453293,0.2982305586338043,0.62736576795578,-0.0342886857688427,0.35156649351119995,0.61994868516922,-0.044368669390678406,0.3889450430870056,0.6197242140769958,-0.04854929819703102,0.22946584224700928,0.7080952525138855,-0.02739677205681801,0.31883084774017334,0.6648320555686951,-0.03312680870294571,0.3698998689651489,0.6523128151893616,-0.03503915295004845,0.40546151995658875,0.646125853061676,-0.037010181695222855,0.2469598948955536,0.7614186406135559,-0.03569251671433449,0.327412486076355,0.71749347448349,-0.03591195121407509,0.37207645177841187,0.7031095027923584,-0.030218495056033134,0.4022105932235718,0.6966482996940613,-0.02799253538250923,0.26266711950302124,0.8178690075874329,-0.04476378858089447,0.3252454996109009,0.7724456787109375,-0.03992478922009468,0.3626561164855957,0.7543834447860718,-0.029121048748493195,0.3916208744049072,0.7425124645233154,-0.021416183561086655
318,0.8453543782234192,0.8310979008674622,9.342203810547289e-08,0.8287099003791809,0.7302851676940918,0.0035460032522678375,0.7797945141792297,0.6381586194038391,-0.0025656057987362146,0.7439905405044556,0.5675320029258728,-0.008455266244709492,0.7395866513252258,0.5100622177124023,-0.017877791076898575,0.7418399453163147,0.6381300091743469,-0.03703790903091431,0.6466681957244873,0.6171757578849792,-0.054595883935689926,0.5925709009170532,0.6122706532478333,-0.06360014528036118,0.552250862121582,0.6112325191497803,-0.06893832981586456,0.7266619801521301,0.7014211416244507,-0.047263890504837036,0.6215641498565674,0.6789116859436035,-0.06337027251720428,0.5635308027267456,0.6658093333244324,-0.06945612281560898,0.5224270224571228,0.6562960743904114,-0.07435142248868942,0.7121821045875549,0.7665785551071167,-0.054929763078689575,0.6159763336181641,0.7391108870506287,-0.06763812154531479,0.5625600814819336,0.7220127582550049,-0.06975963711738586,0.5245376825332642,0.7090035080909729,-0.07161883264780045,0.6997169852256775,0.8307681679725647,-0.061076339334249496,0.626573920249939,0.795396089553833,-0.0718105137348175,0.5891849398612976,0.7751892805099487,-0.07183007895946503,0.5589797496795654,0.7558961510658264,-0.07088521867990494,0.10600490868091583,0.8666577339172363,5.036388870394148e-07,0.10999792814254761,0.7641564607620239,-0.001000704593025148,0.1315983235836029,0.6598674058914185,-0.00953697133809328,0.14662370085716248,0.5801713466644287,-0.019244588911533356,0.14891189336776733,0.5199719667434692,-0.028969239443540573,0.1935807168483734,0.6426602005958557,-0.01623135805130005,0.2801499366760254,0.5952053070068359,-0.02851852774620056,0.3265126645565033,0.5734609365463257,-0.034766845405101776,0.3563533425331116,0.5591407418251038,-0.03627860173583031,0.21732741594314575,0.6896395683288574,-0.024067139253020287,0.30864572525024414,0.6347292065620422,-0.0291849784553051,0.3530636429786682,0.6063611507415771,-0.029637496918439865,0.38163745403289795,0.5845052003860474,-0.029374724254012108,0.23798945546150208,0.743270218372345,-0.03144446015357971,0.31995391845703125,0.6867514848709106,-0.03089739941060543,0.36006566882133484,0.6562407612800598,-0.025879329070448875,0.38526463508605957,0.632886528968811,-0.023277191445231438,0.254425585269928,0.7968199253082275,-0.03921836242079735,0.3135184943675995,0.7432311773300171,-0.03472137823700905,0.34528154134750366,0.7155526280403137,-0.02472708933055401,0.36845916509628296,0.6923642754554749,-0.016819465905427933
319,0.8400365114212036,0.832160234451294,8.455972277943147e-08,0.8202970027923584,0.7314067482948303,0.006005487870424986,0.7711526155471802,0.6466975212097168,0.003756132209673524,0.730560302734375,0.5803425908088684,0.0001674596278462559,0.7198593616485596,0.5241048336029053,-0.0060110315680503845,0.7168810963630676,0.6569843888282776,-0.014372033067047596,0.6267703771591187,0.647215723991394,-0.024752309545874596,0.5768334269523621,0.6473994851112366,-0.03212477266788483,0.5385663509368896,0.6473070979118347,-0.03731446713209152,0.7026916146278381,0.7131920456886292,-0.023941852152347565,0.6066216230392456,0.6994766592979431,-0.03265431523323059,0.5497186183929443,0.6919220685958862,-0.039938028901815414,0.5075163245201111,0.6870930194854736,-0.0466461144387722,0.6923518180847168,0.772238552570343,-0.031764984130859375,0.6061952114105225,0.7537170648574829,-0.03845963999629021,0.5574845671653748,0.7430918216705322,-0.04220497980713844,0.52224200963974,0.7363197803497314,-0.04624973610043526,0.6860415935516357,0.8301759362220764,-0.03844640031456947,0.6182883977890015,0.8023198843002319,-0.04408812150359154,0.5833137035369873,0.7885556817054749,-0.04377803951501846,0.5549923181533813,0.7761833071708679,-0.04340772703289986,0.10546013712882996,0.881682813167572,5.272939915812458e-07,0.11438833922147751,0.7773171067237854,0.0009820268023759127,0.1423313021659851,0.6692802906036377,-0.008827177807688713,0.16395433247089386,0.5914022922515869,-0.020166795700788498,0.17253851890563965,0.5306131839752197,-0.03154851123690605,0.18921858072280884,0.6644397974014282,-0.02502208575606346,0.280234158039093,0.6209965348243713,-0.043478429317474365,0.3347094655036926,0.6054183840751648,-0.05360185354948044,0.37235966324806213,0.5988097786903381,-0.056807052344083786,0.20774297416210175,0.7114726901054382,-0.03569025918841362,0.30393120646476746,0.6575083136558533,-0.04505901038646698,0.35853660106658936,0.6328088641166687,-0.04712001606822014,0.39726459980010986,0.6153677701950073,-0.04815119877457619,0.22684375941753387,0.7655906677246094,-0.045141007751226425,0.3130820691585541,0.7137284874916077,-0.048059895634651184,0.36040282249450684,0.6900396943092346,-0.04196493327617645,0.39238953590393066,0.673391580581665,-0.03855500742793083,0.24432885646820068,0.8196058869361877,-0.05480045825242996,0.3093162775039673,0.7717484831809998,-0.0518358014523983,0.3465590476989746,0.7480006814002991,-0.04040564224123955,0.3752729296684265,0.7300340533256531,-0.031651563942432404
320,0.8312742710113525,0.8007837533950806,1.4935558567685803e-07,0.8230175375938416,0.7015454173088074,0.0007039722404442728,0.7860484719276428,0.6192130446434021,-0.007354132365435362,0.7541050910949707,0.5476518869400024,-0.014853251166641712,0.7442237734794617,0.4904319941997528,-0.024350417777895927,0.7335281372070312,0.6257286071777344,-0.03331455588340759,0.6440447568893433,0.5957127809524536,-0.046357203274965286,0.5968185067176819,0.5847315788269043,-0.05147364363074303,0.5600039958953857,0.5789644122123718,-0.054020173847675323,0.714407205581665,0.6799413561820984,-0.04177537187933922,0.6174356341362,0.6384173631668091,-0.056125707924366,0.5637431740760803,0.6191244125366211,-0.060698557645082474,0.5263005495071411,0.6061984300613403,-0.06295304745435715,0.699577271938324,0.7355597019195557,-0.04784027859568596,0.6124255657196045,0.6901343464851379,-0.057117268443107605,0.5626012086868286,0.6653706431388855,-0.05968444421887398,0.5275060534477234,0.645226776599884,-0.06113704666495323,0.6902962923049927,0.7894965410232544,-0.052851635962724686,0.6208858489990234,0.745368242263794,-0.058012571185827255,0.5846700668334961,0.7218369245529175,-0.05603668838739395,0.5561721324920654,0.7002902626991272,-0.053739357739686966,0.11049628257751465,0.89095139503479,5.563639433603385e-07,0.12228056788444519,0.7890180945396423,-0.0008894862839952111,0.15923330187797546,0.6858680844306946,-0.0072342995554208755,0.19197732210159302,0.611888587474823,-0.013867945410311222,0.20594993233680725,0.5515501499176025,-0.02047104388475418,0.21411186456680298,0.6762925982475281,-0.020338477566838264,0.30877748131752014,0.6448149085044861,-0.033722393214702606,0.360373318195343,0.6364558935165405,-0.04090941697359085,0.39690613746643066,0.6327677369117737,-0.04400964453816414,0.23427248001098633,0.7266477942466736,-0.02914375253021717,0.33525675535202026,0.6925742030143738,-0.03451449051499367,0.3896791934967041,0.6801373362541199,-0.035764310508966446,0.4278273582458496,0.6705582141876221,-0.03790280967950821,0.2516418695449829,0.7842189073562622,-0.03742213547229767,0.34177863597869873,0.746529221534729,-0.03953012451529503,0.3928788900375366,0.7287124991416931,-0.036892421543598175,0.42951953411102295,0.7143831253051758,-0.037038177251815796,0.2650160789489746,0.8417149782180786,-0.0458964966237545,0.33407703042030334,0.8064152598381042,-0.04456254094839096,0.3743235468864441,0.7896294593811035,-0.03774000331759453,0.40766310691833496,0.7757272124290466,-0.03316129371523857
321,0.8466344475746155,0.8520547151565552,8.477309165755287e-08,0.8312156796455383,0.7476767897605896,-0.002180315088480711,0.7748159766197205,0.65693598985672,-0.007749796379357576,0.730367124080658,0.5926815867424011,-0.012694169767200947,0.7217893004417419,0.5346918106079102,-0.02009732462465763,0.7279228568077087,0.67525315284729,-0.031154993921518326,0.6362980604171753,0.6623484492301941,-0.04814334586262703,0.5823094248771667,0.6607205271720886,-0.058004386723041534,0.5395070314407349,0.6657885313034058,-0.06425996869802475,0.7171070575714111,0.7384002804756165,-0.039209477603435516,0.6123259663581848,0.7227059006690979,-0.05658384785056114,0.552100658416748,0.7178323268890381,-0.06556212902069092,0.5064043998718262,0.7171388864517212,-0.07176406681537628,0.7075203657150269,0.8020037412643433,-0.04581758752465248,0.6086790561676025,0.7792412638664246,-0.06103173643350601,0.5534400939941406,0.7700416445732117,-0.066435307264328,0.5111739039421082,0.7654597759246826,-0.0691252127289772,0.6998856663703918,0.8621460199356079,-0.05148711055517197,0.6229346394538879,0.8322432041168213,-0.06411544978618622,0.5824480056762695,0.8192228078842163,-0.06656794250011444,0.5492047667503357,0.807828962802887,-0.06656330078840256,0.11900560557842255,0.856721818447113,3.364814062933874e-07,0.1125260442495346,0.755763053894043,0.0007588705630041659,0.13200032711029053,0.6543656587600708,-0.008778680115938187,0.15385161340236664,0.5782306790351868,-0.01905805803835392,0.16033236682415009,0.5175556540489197,-0.02961474284529686,0.19204047322273254,0.6362482309341431,-0.025031665340065956,0.28159743547439575,0.5870858430862427,-0.037206269800662994,0.3255383372306824,0.5691831111907959,-0.040826939046382904,0.3535722494125366,0.5555227398872375,-0.04025312885642052,0.21958795189857483,0.6859949231147766,-0.03318967670202255,0.3142681121826172,0.6246156692504883,-0.03856797516345978,0.35794925689697266,0.5947799682617188,-0.03592635691165924,0.38531121611595154,0.5712124109268188,-0.03377712517976761,0.2425294816493988,0.7404841780662537,-0.03997208550572395,0.32682591676712036,0.6806135177612305,-0.04086409881711006,0.36607328057289124,0.6475497484207153,-0.03452298045158386,0.38882341980934143,0.6219637393951416,-0.03075464628636837,0.26096680760383606,0.7935711741447449,-0.04656030610203743,0.32538729906082153,0.739407479763031,-0.04311834275722504,0.35642576217651367,0.7101151347160339,-0.032516006380319595,0.3772241473197937,0.6858329772949219,-0.024132996797561646
322,0.8401414155960083,0.8263594508171082,1.0249783599647344e-07,0.8253560066223145,0.7251302003860474,0.005548075772821903,0.7699826955795288,0.6434670686721802,0.00484658544883132,0.7203549742698669,0.5851932764053345,0.0035519308876246214,0.7071067094802856,0.5309329628944397,-0.00012748628796543926,0.71547532081604,0.6508331894874573,-0.016969991847872734,0.6269077062606812,0.6447203159332275,-0.02748449146747589,0.5762208700180054,0.6469941139221191,-0.0338655486702919,0.5391011238098145,0.6515259742736816,-0.03805279731750488,0.6990501880645752,0.7090557813644409,-0.025276031345129013,0.603295087814331,0.696007251739502,-0.03471033275127411,0.5476629137992859,0.6917804479598999,-0.04050265625119209,0.5068408250808716,0.6900989413261414,-0.04520203173160553,0.6875667572021484,0.7698505520820618,-0.03157102316617966,0.6019124388694763,0.7496134638786316,-0.038479242473840714,0.5504308342933655,0.7411065101623535,-0.041777387261390686,0.5122642517089844,0.736614465713501,-0.04509192705154419,0.6822324395179749,0.8299693465232849,-0.0365627184510231,0.6173213720321655,0.801336944103241,-0.042598526924848557,0.579724133014679,0.7894195318222046,-0.042930446565151215,0.5474662184715271,0.7784240245819092,-0.042658668011426926,0.11050057411193848,0.892025887966156,4.560122874863737e-07,0.10669918358325958,0.7887722253799438,-0.00291218189522624,0.1275973618030548,0.6787025332450867,-0.012511073611676693,0.148673877120018,0.5979944467544556,-0.022749537602066994,0.15443620085716248,0.5340977907180786,-0.03273860365152359,0.18175849318504333,0.6670956611633301,-0.024260640144348145,0.26848745346069336,0.615979015827179,-0.04107390344142914,0.31816476583480835,0.5915539860725403,-0.04934165999293327,0.34988781809806824,0.5754458904266357,-0.05149482563138008,0.20730848610401154,0.7138416171073914,-0.03279378265142441,0.298238605260849,0.652755856513977,-0.042589642107486725,0.3461151123046875,0.6221694350242615,-0.04334622994065285,0.3761330842971802,0.5984981060028076,-0.042573828250169754,0.2304140031337738,0.7660492062568665,-0.04079107567667961,0.3112679719924927,0.7078979015350342,-0.045194849371910095,0.3515978455543518,0.6795171499252319,-0.038485512137413025,0.37582647800445557,0.6579885482788086,-0.033475250005722046,0.2496495246887207,0.8175516724586487,-0.04928552359342575,0.31167563796043396,0.7634768486022949,-0.04891247674822807,0.3439004421234131,0.7371655702590942,-0.038481101393699646,0.3661562502384186,0.7170502543449402,-0.02944720908999443
323,0.8366819024085999,0.8095855116844177,2.575532391801971e-07,0.82846999168396,0.7052438259124756,0.003219354199245572,0.7928587794303894,0.6208239197731018,-0.0025410649832338095,0.7582492828369141,0.5497480034828186,-0.00841330736875534,0.7491147518157959,0.49095797538757324,-0.016351895406842232,0.7361869812011719,0.6236602067947388,-0.023040177300572395,0.6476309895515442,0.5946928262710571,-0.032602522522211075,0.5994564294815063,0.5846690535545349,-0.036430858075618744,0.5619992017745972,0.5798106789588928,-0.03843875974416733,0.715424120426178,0.6755585670471191,-0.031496476382017136,0.6174831986427307,0.6374104619026184,-0.04004793241620064,0.5640814900398254,0.6194034218788147,-0.04385657235980034,0.5261922478675842,0.6068161725997925,-0.04652753472328186,0.6998704075813293,0.7314666509628296,-0.037570029497146606,0.6121863126754761,0.6874651908874512,-0.04267224296927452,0.563498854637146,0.6631575226783752,-0.04493423178792,0.5296810269355774,0.6445194482803345,-0.0470680370926857,0.6903075575828552,0.7855689525604248,-0.04255955293774605,0.6225911974906921,0.7404066324234009,-0.04549398645758629,0.5885858535766602,0.7158514261245728,-0.04247186332941055,0.5623555183410645,0.6939811110496521,-0.03948989138007164,0.1071886271238327,0.9097210168838501,5.170045369595755e-07,0.11267145723104477,0.8086872100830078,-0.001603428740054369,0.14395830035209656,0.7028890252113342,-0.0073885065503418446,0.17206768691539764,0.625235915184021,-0.0135185020044446,0.18301203846931458,0.5636146664619446,-0.019222697243094444,0.20444507896900177,0.6850925087928772,-0.013296622782945633,0.2966577410697937,0.6508373022079468,-0.02357715182006359,0.34696489572525024,0.6385708451271057,-0.030024565756320953,0.38286125659942627,0.6311911344528198,-0.03329798951745033,0.228980153799057,0.733570396900177,-0.020873606204986572,0.32500866055488586,0.694163978099823,-0.02276201732456684,0.3762969374656677,0.6773480772972107,-0.0235193632543087,0.41209155321121216,0.6622875928878784,-0.02586626075208187,0.2497616857290268,0.7897123098373413,-0.028408946469426155,0.334672212600708,0.7457080483436584,-0.028445839881896973,0.3836841583251953,0.7221715450286865,-0.02627876028418541,0.41802898049354553,0.7024864554405212,-0.02703551948070526,0.2657642066478729,0.8463228940963745,-0.03626655414700508,0.3304336965084076,0.8056027293205261,-0.033840078860521317,0.36880382895469666,0.7841092348098755,-0.027350587770342827,0.39985764026641846,0.7653861045837402,-0.023181350901722908
324,0.8424133062362671,0.8484124541282654,6.086265358362652e-08,0.8312238454818726,0.7414661645889282,0.004801261238753796,0.7788476347923279,0.6506165266036987,0.0022942048963159323,0.738438606262207,0.581585168838501,-0.0003420235589146614,0.7363468408584595,0.522988498210907,-0.005763129331171513,0.7332441210746765,0.6575539708137512,-0.026033759117126465,0.6408483982086182,0.639286458492279,-0.03990517929196358,0.587972104549408,0.6353277564048767,-0.04728027805685997,0.5473499894142151,0.6375308036804199,-0.051924288272857666,0.7159737944602966,0.7188709378242493,-0.035274941474199295,0.6107677817344666,0.6989775896072388,-0.04912850260734558,0.5520557165145874,0.6904638409614563,-0.05556623265147209,0.5086237788200378,0.6872979402542114,-0.060248393565416336,0.7010719180107117,0.7813928723335266,-0.0422113798558712,0.6045914888381958,0.7569801211357117,-0.05327129736542702,0.5492562055587769,0.7447673082351685,-0.05720790475606918,0.5070825219154358,0.7387064099311829,-0.059896137565374374,0.6902074813842773,0.8412395119667053,-0.04762466996908188,0.6172734498977661,0.8093850612640381,-0.056525420397520065,0.5780819058418274,0.7945813536643982,-0.05758684128522873,0.5450367331504822,0.7822385430335999,-0.057309072464704514,0.10500792413949966,0.8799898624420166,5.076591946817643e-07,0.093502938747406,0.775456964969635,0.00040722376434132457,0.11075834184885025,0.6691507697105408,-0.0058357021771371365,0.12545698881149292,0.5893276333808899,-0.013287564739584923,0.12310723215341568,0.5305896401405334,-0.020746596157550812,0.18216699361801147,0.6436997056007385,-0.008472597226500511,0.25912919640541077,0.5881500840187073,-0.016902649775147438,0.3029053211212158,0.5635138154029846,-0.021756337955594063,0.3326735198497772,0.5473542809486389,-0.02303861267864704,0.21240973472595215,0.6859241724014282,-0.016085702925920486,0.29467877745628357,0.6240007877349854,-0.017477331683039665,0.3385832905769348,0.591065526008606,-0.0174105204641819,0.3680182099342346,0.5665388703346252,-0.017889445647597313,0.23715725541114807,0.7354792356491089,-0.02367604896426201,0.31193870306015015,0.6736736297607422,-0.02186592109501362,0.3509196639060974,0.6387361288070679,-0.018903395161032677,0.3756644129753113,0.6116823554039001,-0.018449164927005768,0.2568250298500061,0.7849854826927185,-0.03154342621564865,0.31539708375930786,0.7316128611564636,-0.027178894728422165,0.34596335887908936,0.7035905718803406,-0.019113676622509956,0.3676643371582031,0.679377555847168,-0.013211432844400406
325,0.8358687162399292,0.8239237666130066,9.863161665180087e-08,0.8232470154762268,0.7241628766059875,0.008472197689116001,0.77316814661026,0.6394283771514893,0.007292540278285742,0.7345733046531677,0.5715312957763672,0.0050330860540270805,0.7305285930633545,0.5155699849128723,0.00018407328752800822,0.7231120467185974,0.6347575187683105,-0.01820959895849228,0.6339067220687866,0.6173753142356873,-0.028817377984523773,0.582774817943573,0.6139345169067383,-0.0347229465842247,0.5462181568145752,0.615622341632843,-0.038417767733335495,0.7049551606178284,0.6895159482955933,-0.027976619079709053,0.6101239919662476,0.6659150123596191,-0.03711608797311783,0.5568231344223022,0.6561452746391296,-0.04165508970618248,0.5185253024101257,0.6503588557243347,-0.04554029926657677,0.6888505220413208,0.749305784702301,-0.035341277718544006,0.6043727993965149,0.7206931710243225,-0.04124308004975319,0.5550204515457153,0.7072330117225647,-0.042944733053445816,0.5189641714096069,0.6984997391700745,-0.04552510753273964,0.6773384213447571,0.8112949132919312,-0.041198115795850754,0.6146052479743958,0.7779722213745117,-0.046194810420274734,0.5787707567214966,0.7630366086959839,-0.045343685895204544,0.5478171110153198,0.7494679689407349,-0.04447203874588013,0.10383794456720352,0.9122175574302673,4.436138567598391e-07,0.0980750173330307,0.8031383156776428,2.4549663066864014e-06,0.11638494580984116,0.6913396716117859,-0.008437791839241982,0.1313868910074234,0.6098872423171997,-0.018159382045269012,0.13717801868915558,0.5465426445007324,-0.02758227288722992,0.18529146909713745,0.680040717124939,-0.016412636265158653,0.2738087773323059,0.6377164721488953,-0.03040008805692196,0.3277161717414856,0.6190125942230225,-0.038150131702423096,0.36384862661361694,0.6102626323699951,-0.039747465401887894,0.20776589214801788,0.7268771529197693,-0.02374379150569439,0.2977786660194397,0.6748372912406921,-0.026506053283810616,0.34474924206733704,0.6512858867645264,-0.023998359218239784,0.3779025673866272,0.6322959661483765,-0.022196806967258453,0.22902339696884155,0.7800005078315735,-0.03061489388346672,0.30769240856170654,0.7246152758598328,-0.02845435030758381,0.34963157773017883,0.6966931819915771,-0.018816089257597923,0.3773302435874939,0.6775967478752136,-0.013117815367877483,0.24724160134792328,0.8319888710975647,-0.03803333267569542,0.3067064583301544,0.7769088745117188,-0.03200271725654602,0.3399612307548523,0.7479690313339233,-0.018841251730918884,0.36377543210983276,0.7263489365577698,-0.008557264693081379
326,0.8394080996513367,0.8138026595115662,2.0822939461595524e-07,0.8309667706489563,0.7089563012123108,0.005039142444729805,0.7968440651893616,0.6203720569610596,-8.503704884788021e-05,0.7678697109222412,0.5459095239639282,-0.0060235317796468735,0.7625540494918823,0.48835867643356323,-0.014643681235611439,0.7422993183135986,0.6246271729469299,-0.022606203332543373,0.655610203742981,0.5944247841835022,-0.03349332511425018,0.6096361875534058,0.5821896195411682,-0.038730114698410034,0.5737459659576416,0.5727502107620239,-0.0420076958835125,0.721057116985321,0.6739493608474731,-0.033159270882606506,0.6261579990386963,0.6306623816490173,-0.0442935973405838,0.5719102025032043,0.6070989966392517,-0.05095832794904709,0.5324550271034241,0.5893248915672302,-0.05589306354522705,0.7050583958625793,0.7281457185745239,-0.041140712797641754,0.6190401911735535,0.6805336475372314,-0.04960598796606064,0.568754255771637,0.6517895460128784,-0.05455698445439339,0.5331019163131714,0.6292384266853333,-0.058366142213344574,0.6943045258522034,0.7824298143386841,-0.04768511280417442,0.6274250149726868,0.7343337535858154,-0.05403739959001541,0.5940410494804382,0.7067702412605286,-0.053219880908727646,0.5682283639907837,0.6817496418952942,-0.05192580074071884,0.10675495117902756,0.9079647064208984,4.986106887372443e-07,0.10281036049127579,0.8042149543762207,-0.0025460657197982073,0.12357449531555176,0.6930414438247681,-0.010246056132018566,0.13985192775726318,0.6100010871887207,-0.018777813762426376,0.1451546549797058,0.548359751701355,-0.026792895048856735,0.20221607387065887,0.6788147687911987,-0.010852950625121593,0.28716591000556946,0.6414577960968018,-0.0211972426623106,0.3388996720314026,0.6283484697341919,-0.028188738971948624,0.37555456161499023,0.6238256096839905,-0.03076453134417534,0.22545219957828522,0.7238695025444031,-0.0167239960283041,0.311899870634079,0.6832733154296875,-0.016497835516929626,0.3595060110092163,0.670415997505188,-0.014779803343117237,0.39458170533180237,0.6620673537254333,-0.01487179845571518,0.24529972672462463,0.7772421836853027,-0.022948866710066795,0.3215331435203552,0.7328620553016663,-0.019695378839969635,0.3638213276863098,0.7144607901573181,-0.013056520372629166,0.3931359350681305,0.703682541847229,-0.010389292612671852,0.26156261563301086,0.8309674859046936,-0.030006762593984604,0.32065558433532715,0.7835373282432556,-0.023511867970228195,0.35583949089050293,0.7618827819824219,-0.013071594759821892,0.38319796323776245,0.7459858655929565,-0.005685516633093357
327,0.8401830792427063,0.8443861603736877,1.4157272687498335e-07,0.8174573183059692,0.7375602722167969,0.005875547882169485,0.766668438911438,0.6548988819122314,0.002382314531132579,0.7251194715499878,0.588137686252594,-0.0024241351056843996,0.7140498757362366,0.5280954241752625,-0.009806678630411625,0.7171066403388977,0.6715800762176514,-0.01510830968618393,0.6252011656761169,0.6595240831375122,-0.026133976876735687,0.5743812918663025,0.6557785868644714,-0.03372693434357643,0.5336775779724121,0.6554340124130249,-0.03892477974295616,0.7044231295585632,0.7295160293579102,-0.025546830147504807,0.6035678386688232,0.7091707587242126,-0.03526412695646286,0.5447002649307251,0.6980845928192139,-0.0426819808781147,0.5012694001197815,0.6910238862037659,-0.04910394176840782,0.6941342353820801,0.790071964263916,-0.03432188928127289,0.6011039018630981,0.7648760080337524,-0.04193583503365517,0.5481938123703003,0.7503674030303955,-0.046039335429668427,0.5087040662765503,0.7394775748252869,-0.04971795529127121,0.6868817210197449,0.8473567962646484,-0.04180202633142471,0.6132463812828064,0.817017674446106,-0.04783738777041435,0.5752890110015869,0.801902174949646,-0.04785804823040962,0.5435256361961365,0.7857692241668701,-0.0473148375749588,0.11785338819026947,0.8584983348846436,4.1954621110562584e-07,0.09539911150932312,0.758522629737854,-0.0022396398708224297,0.10447478294372559,0.6624402403831482,-0.013266555964946747,0.11797894537448883,0.5820635557174683,-0.023242870345711708,0.11462673544883728,0.5207933783531189,-0.03391767293214798,0.17536808550357819,0.6449878811836243,-0.02826077863574028,0.25675705075263977,0.5876763463020325,-0.03871637582778931,0.2993271052837372,0.5612059831619263,-0.041143763810396194,0.32954201102256775,0.5426345467567444,-0.04046734794974327,0.20951895415782928,0.6892486214637756,-0.03389391303062439,0.29369235038757324,0.6175968050956726,-0.039316315203905106,0.3376172184944153,0.5823293328285217,-0.03727584332227707,0.3690188527107239,0.555310070514679,-0.035567499697208405,0.23613563179969788,0.738006591796875,-0.037933629006147385,0.3098016381263733,0.6613695025444031,-0.04044097289443016,0.3501032888889313,0.6221051812171936,-0.03777752444148064,0.3767678141593933,0.5924501419067383,-0.036388956010341644,0.2549770176410675,0.7864093780517578,-0.04131385311484337,0.30886220932006836,0.7177424430847168,-0.03990338742733002,0.33812204003334045,0.6821209192276001,-0.032556891441345215,0.35946932435035706,0.6529036164283752,-0.02671963721513748
328,0.8392167091369629,0.8486235737800598,2.1006776762533264e-07,0.8176854848861694,0.7412179112434387,0.002835259074345231,0.7675522565841675,0.6567253470420837,-0.003714501392096281,0.7257887125015259,0.5894999504089355,-0.010821731761097908,0.7149685025215149,0.5270817279815674,-0.020472602918744087,0.7174000144004822,0.6716691255569458,-0.02435666136443615,0.6264429688453674,0.6587930917739868,-0.03783642128109932,0.5744082927703857,0.6573362946510315,-0.04575848951935768,0.5334377288818359,0.6590598821640015,-0.0509958416223526,0.7033478021621704,0.729577362537384,-0.03405942767858505,0.6047041416168213,0.7094411849975586,-0.04758617281913757,0.545441746711731,0.6999205946922302,-0.055686868727207184,0.5012029409408569,0.6939791440963745,-0.06178680434823036,0.6928726434707642,0.7911165952682495,-0.04171737655997276,0.6017052531242371,0.7635643482208252,-0.05158410221338272,0.5474527478218079,0.7490127086639404,-0.05645068362355232,0.5067145824432373,0.7390437126159668,-0.06032216176390648,0.6869279146194458,0.8504641652107239,-0.04810938611626625,0.615326464176178,0.8176253437995911,-0.05491315945982933,0.577068567276001,0.8000594973564148,-0.054950885474681854,0.5451821684837341,0.7835409045219421,-0.05444334074854851,0.11166945099830627,0.8653919100761414,4.863546223532467e-07,0.09650180488824844,0.7636934518814087,0.0021469101775437593,0.10545919090509415,0.6657568216323853,-0.006051335018128157,0.11570572853088379,0.585124671459198,-0.014007814228534698,0.11175902187824249,0.5261218547821045,-0.02259124256670475,0.17339302599430084,0.6484832763671875,-0.024867966771125793,0.25779059529304504,0.5883826613426208,-0.034532468765974045,0.3025418519973755,0.5618959665298462,-0.03658472001552582,0.3353048264980316,0.5456830263137817,-0.03543144464492798,0.20637963712215424,0.6908904910087585,-0.03188388794660568,0.2933282256126404,0.6199404001235962,-0.03599490970373154,0.3390502333641052,0.58476322889328,-0.03354383632540703,0.3705701231956482,0.5593732595443726,-0.03170233219861984,0.23385101556777954,0.7387282252311707,-0.03693230077624321,0.31056562066078186,0.6650834083557129,-0.03726457431912422,0.3517136573791504,0.6256108283996582,-0.03367149457335472,0.37859246134757996,0.5949723124504089,-0.031869228929281235,0.25483471155166626,0.7869542241096497,-0.0410863496363163,0.3117155432701111,0.7188487648963928,-0.0379456952214241,0.3421292304992676,0.6854313015937805,-0.029960650950670242,0.36298269033432007,0.6587620377540588,-0.023532424122095108
329,0.8396015763282776,0.8133466839790344,1.4811129744884965e-07,0.8269383907318115,0.7138755917549133,0.007434665225446224,0.7818433046340942,0.6292204260826111,0.004395538941025734,0.7468149065971375,0.5600041747093201,0.00028313358779996634,0.7450684309005737,0.5051764845848083,-0.006570975761860609,0.7358622550964355,0.623141348361969,-0.02126961573958397,0.6480793952941895,0.5966545939445496,-0.03195374459028244,0.597942054271698,0.5888593196868896,-0.03756530582904816,0.5604836940765381,0.5887283682823181,-0.04105227068066597,0.717612624168396,0.6746328473091125,-0.031444404274225235,0.6232880353927612,0.6407433748245239,-0.04034710302948952,0.5709075331687927,0.627920389175415,-0.04479529708623886,0.5329545736312866,0.621546745300293,-0.04843027889728546,0.7013776898384094,0.7310723066329956,-0.038791537284851074,0.6161245107650757,0.691501796245575,-0.04399983584880829,0.5686830878257751,0.6727632284164429,-0.044726401567459106,0.5348173975944519,0.6613648533821106,-0.04647215083241463,0.6895098686218262,0.7908048033714294,-0.04479825124144554,0.6257072687149048,0.7492131590843201,-0.047869354486465454,0.5918505787849426,0.7281410098075867,-0.04419705644249916,0.5636794567108154,0.7101467251777649,-0.04132629185914993,0.11050687730312347,0.9107158184051514,4.840157998842187e-07,0.11629976332187653,0.8091027736663818,-0.003716230159625411,0.14203649759292603,0.7015141248703003,-0.014580213464796543,0.16434267163276672,0.6203346252441406,-0.02579209767282009,0.17135460674762726,0.557270884513855,-0.037183042615652084,0.2075195610523224,0.6924861073493958,-0.028250785544514656,0.2984594702720642,0.6557742953300476,-0.045353345572948456,0.3519240617752075,0.6438710689544678,-0.054876893758773804,0.39077118039131165,0.6383333206176758,-0.05887792631983757,0.2270049899816513,0.741774320602417,-0.036350443959236145,0.3247735798358917,0.7033689618110657,-0.04407127946615219,0.37831950187683105,0.687301516532898,-0.04487838223576546,0.4166030287742615,0.6752961874008179,-0.04576611518859863,0.24483038485050201,0.7996147274971008,-0.04370728135108948,0.3300672769546509,0.7563839554786682,-0.04648900404572487,0.3785816729068756,0.7334834933280945,-0.041552845388650894,0.4122328758239746,0.7182353734970093,-0.03948711231350899,0.25923043489456177,0.8574342131614685,-0.0515742264688015,0.323479026556015,0.8167548775672913,-0.0500875785946846,0.36159247159957886,0.7942129969596863,-0.04113427922129631,0.39304035902023315,0.776872992515564,-0.03433549776673317
330,0.8469101786613464,0.8370662331581116,1.1296702240315426e-07,0.8344647288322449,0.7401257753372192,0.003225499764084816,0.7908000946044922,0.6465614438056946,-0.0029759188182651997,0.758898913860321,0.5707767605781555,-0.009411817416548729,0.7540728449821472,0.5127239227294922,-0.018870161846280098,0.7500446438789368,0.6381033658981323,-0.029931141063570976,0.6611417531967163,0.608964204788208,-0.044736120849847794,0.6095077395439148,0.6008841395378113,-0.0532282330095768,0.5699611306190491,0.5966976284980774,-0.05875465273857117,0.731927752494812,0.6931522488594055,-0.039900846779346466,0.635995090007782,0.6597076654434204,-0.05386319383978844,0.5802143216133118,0.6435859799385071,-0.061647623777389526,0.5383538603782654,0.6329437494277954,-0.06771593540906906,0.7147127389907837,0.7542415261268616,-0.04743938520550728,0.6261647939682007,0.7175412178039551,-0.058047521859407425,0.5752458572387695,0.6983610391616821,-0.061681877821683884,0.537290632724762,0.6862630844116211,-0.0648728534579277,0.6995161175727844,0.8166531324386597,-0.05365392193198204,0.6325420141220093,0.774452269077301,-0.06174122169613838,0.5966253280639648,0.7532635927200317,-0.061484064906835556,0.5662500858306885,0.736140251159668,-0.0607190802693367,0.11226771771907806,0.8914715051651001,5.192147227717214e-07,0.10988514125347137,0.7885828614234924,-0.005032967310398817,0.1301792562007904,0.6804255843162537,-0.01274523138999939,0.14543676376342773,0.6019738912582397,-0.02011197991669178,0.14594297111034393,0.5432138442993164,-0.02686784788966179,0.2101925015449524,0.6663070321083069,-0.012333381921052933,0.29312998056411743,0.6325339078903198,-0.02224450558423996,0.3432217240333557,0.6178542375564575,-0.028731709346175194,0.37754061818122864,0.610655665397644,-0.030382879078388214,0.23253534734249115,0.7165822386741638,-0.014672492630779743,0.31634366512298584,0.6744354963302612,-0.01475583016872406,0.36056721210479736,0.6518293023109436,-0.012822406366467476,0.39136162400245667,0.6363264918327332,-0.011848333291709423,0.25043782591819763,0.7723696231842041,-0.017302777618169785,0.3252522051334381,0.7270615100860596,-0.014351887628436089,0.36571943759918213,0.7002119421958923,-0.008033259771764278,0.39120423793792725,0.6835742592811584,-0.004639975260943174,0.26455461978912354,0.8260864019393921,-0.020697804167866707,0.32259660959243774,0.7800865769386292,-0.015240413136780262,0.355772465467453,0.7559492588043213,-0.005173645447939634,0.3798202574253082,0.7359573841094971,0.002752491971477866
331,0.8445526957511902,0.8434038162231445,9.015758450914291e-08,0.8286346197128296,0.7418437004089355,0.004940781742334366,0.780627965927124,0.6537456512451172,0.002167376922443509,0.7425602078437805,0.5860660672187805,-0.001901105628348887,0.735105574131012,0.5293583273887634,-0.008751100860536098,0.7304636836051941,0.6620872616767883,-0.016813751310110092,0.6420172452926636,0.6450711488723755,-0.029493138194084167,0.591740608215332,0.6400362253189087,-0.03780995309352875,0.5530550479888916,0.6362340450286865,-0.04357730224728584,0.7152212262153625,0.7155628800392151,-0.02729666605591774,0.6188244819641113,0.6929323673248291,-0.03917182236909866,0.5616580843925476,0.6791507601737976,-0.04774661734700203,0.519062340259552,0.6690998077392578,-0.054804231971502304,0.7031099796295166,0.7730597853660583,-0.03618836775422096,0.613722026348114,0.7476078867912292,-0.046600788831710815,0.5626848340034485,0.7326561808586121,-0.051774293184280396,0.524559497833252,0.7209162712097168,-0.05606710910797119,0.6943599581718445,0.8315041065216064,-0.04384284466505051,0.624646782875061,0.7991632223129272,-0.05300603806972504,0.5880805850028992,0.7816822528839111,-0.05445205792784691,0.5574799180030823,0.7649402618408203,-0.05494682863354683,0.10808201879262924,0.8830470442771912,5.143166390553233e-07,0.10453751683235168,0.7791268229484558,-8.61152948345989e-05,0.12228729575872421,0.6684548258781433,-0.00915362685918808,0.13649608194828033,0.5880614519119263,-0.01922711543738842,0.13490279018878937,0.5276488065719604,-0.029402870684862137,0.174415722489357,0.6488245725631714,-0.02330769971013069,0.26132845878601074,0.6018036603927612,-0.038488540798425674,0.3130250573158264,0.5801881551742554,-0.045272160321474075,0.3475568890571594,0.569608211517334,-0.046408362686634064,0.20112207531929016,0.6967200040817261,-0.032141800969839096,0.29371821880340576,0.6389122605323792,-0.03998333588242531,0.3418445587158203,0.6108893156051636,-0.03916730731725693,0.3730195164680481,0.5924286842346191,-0.037544410675764084,0.22585317492485046,0.7510676383972168,-0.04002201929688454,0.3097127676010132,0.691970944404602,-0.04246547445654869,0.3496834635734558,0.6620412468910217,-0.03582693636417389,0.373210072517395,0.6419123411178589,-0.03131091967225075,0.24697154760360718,0.8044313192367554,-0.04807334765791893,0.30873391032218933,0.7461300492286682,-0.04622488468885422,0.3402639627456665,0.7157635688781738,-0.03636087104678154,0.36199668049812317,0.6914700865745544,-0.028040969744324684
332,0.8438699245452881,0.8137440085411072,2.250182120633326e-07,0.843661367893219,0.7102248668670654,0.002628912916406989,0.8118923902511597,0.6246801614761353,-0.0028775506652891636,0.7785056829452515,0.5490224361419678,-0.008034084923565388,0.7717893719673157,0.48916980624198914,-0.015093625523149967,0.7555341124534607,0.6236023902893066,-0.024003205820918083,0.6698101758956909,0.5903009176254272,-0.033203523606061935,0.6231085658073425,0.5766229629516602,-0.03667403385043144,0.5863118171691895,0.567804753780365,-0.038829270750284195,0.7313756346702576,0.6719194650650024,-0.031789813190698624,0.6350922584533691,0.6281130313873291,-0.04175592586398125,0.5827896595001221,0.605745255947113,-0.046084657311439514,0.5443893671035767,0.5887449979782104,-0.049000389873981476,0.7122822403907776,0.7245492935180664,-0.036995504051446915,0.6274417042732239,0.6756808757781982,-0.04377710819244385,0.5801944732666016,0.6487762331962585,-0.046503257006406784,0.5455535650253296,0.6284689903259277,-0.04868989437818527,0.700111448764801,0.7758972644805908,-0.04101484268903732,0.6358479261398315,0.7256941199302673,-0.044953782111406326,0.6035276651382446,0.7000656127929688,-0.042401570826768875,0.5773295760154724,0.6781028509140015,-0.03976362571120262,0.11067131906747818,0.9085078239440918,4.937402877658315e-07,0.1170952171087265,0.8063658475875854,-0.00033810510649345815,0.14538078010082245,0.7021828889846802,-0.00880738627165556,0.1698988676071167,0.6214134693145752,-0.017705440521240234,0.17722094058990479,0.5590662360191345,-0.027320055291056633,0.20731158554553986,0.6880866885185242,-0.0235418900847435,0.29867956042289734,0.6500126719474792,-0.03778586909174919,0.3502911925315857,0.6366834044456482,-0.04578434303402901,0.38813266158103943,0.630240797996521,-0.04970003664493561,0.23295462131500244,0.7379528880119324,-0.033153969794511795,0.3325439393520355,0.6958945989608765,-0.03881210833787918,0.3853975534439087,0.6771219968795776,-0.039653804153203964,0.42164719104766846,0.6608429551124573,-0.04172714054584503,0.2544975280761719,0.7945590615272522,-0.041921500116586685,0.34378546476364136,0.7445468306541443,-0.044363994151353836,0.3926877975463867,0.7186037302017212,-0.04152108356356621,0.42564284801483154,0.6977952718734741,-0.04172401502728462,0.2706797122955322,0.8513160943984985,-0.05065063759684563,0.33792734146118164,0.8054999113082886,-0.04989670217037201,0.376344233751297,0.7825084328651428,-0.042781829833984375,0.4062517285346985,0.7629534006118774,-0.037998445332050323
333,0.8531342148780823,0.8545995950698853,1.9178440169298483e-08,0.8416337370872498,0.7514054775238037,0.004461689852178097,0.7917343974113464,0.6589459776878357,0.0010337710846215487,0.7535474300384521,0.5871990919113159,-0.0029246469493955374,0.7495529651641846,0.5280821919441223,-0.010388986207544804,0.7482120990753174,0.6617287993431091,-0.027216099202632904,0.6562408804893494,0.6420894861221313,-0.04233161360025406,0.6013897657394409,0.6363639235496521,-0.051203615963459015,0.5579193234443665,0.6353496313095093,-0.057373352348804474,0.7319148778915405,0.7183588743209839,-0.03776783496141434,0.6292027235031128,0.6958334445953369,-0.052587755024433136,0.5674970149993896,0.6861878037452698,-0.0607086680829525,0.5205076932907104,0.6814665198326111,-0.06718982756137848,0.7171831130981445,0.7794194221496582,-0.04614090174436569,0.6230745911598206,0.7521700263023376,-0.058030858635902405,0.56681889295578,0.7388817667961121,-0.06276579201221466,0.5234785079956055,0.7297382354736328,-0.06654377281665802,0.7053098082542419,0.8417739272117615,-0.0531192421913147,0.6343373656272888,0.8111496567726135,-0.06356414407491684,0.5938303470611572,0.7951153516769409,-0.06592990458011627,0.5597217082977295,0.7786911129951477,-0.06677238643169403,0.10909629613161087,0.8830702304840088,5.170076633476128e-07,0.10225587338209152,0.7786059379577637,0.0003394483355805278,0.11882904917001724,0.6735970973968506,-0.008748787455260754,0.13465546071529388,0.5915522575378418,-0.018513944000005722,0.13445189595222473,0.5286372900009155,-0.028672916814684868,0.181400865316391,0.6539251208305359,-0.019741017371416092,0.26541635394096375,0.5989203453063965,-0.030753640457987785,0.3110385239124298,0.574700653553009,-0.034437812864780426,0.3419105112552643,0.5587504506111145,-0.03426213189959526,0.21185927093029022,0.6987313032150269,-0.027768205851316452,0.30152714252471924,0.633572518825531,-0.03189745917916298,0.34763652086257935,0.6004775762557983,-0.030430039390921593,0.37800413370132446,0.5739020109176636,-0.029441265389323235,0.23821806907653809,0.7490807175636292,-0.034895870834589005,0.3186691701412201,0.6812743544578552,-0.0349867083132267,0.3593948483467102,0.645426332950592,-0.030270380899310112,0.3845062553882599,0.617066502571106,-0.028074974194169044,0.25962531566619873,0.7979034185409546,-0.04192120209336281,0.32006722688674927,0.7328187823295593,-0.03896261379122734,0.35049504041671753,0.701723575592041,-0.029894549399614334,0.3708402216434479,0.6764211654663086,-0.022769249975681305
334,0.8331530094146729,0.832084596157074,1.545672567715428e-08,0.8254956603050232,0.7392899394035339,0.0017934775678440928,0.7778743505477905,0.6558451652526855,-0.0018698625499382615,0.7371772527694702,0.587650716304779,-0.005541577003896236,0.7304731607437134,0.5314173102378845,-0.01143445074558258,0.7236811518669128,0.6590685248374939,-0.02148846536874771,0.6319680213928223,0.640372097492218,-0.03226163610816002,0.5839208960533142,0.635898768901825,-0.037973109632730484,0.5480692386627197,0.6359335780143738,-0.04184862598776817,0.7071006298065186,0.7104573845863342,-0.0295318141579628,0.6092045307159424,0.6819912195205688,-0.039284784346818924,0.5569811463356018,0.6706694960594177,-0.04470479115843773,0.5203176736831665,0.6641033291816711,-0.049166977405548096,0.6933507323265076,0.7675661444664001,-0.03582062944769859,0.6054843068122864,0.7356002330780029,-0.043633367866277695,0.5575736165046692,0.7211763262748718,-0.046995654702186584,0.5240773558616638,0.7109830975532532,-0.05017053708434105,0.6842772364616394,0.8281283974647522,-0.04116539657115936,0.6171024441719055,0.7938637733459473,-0.04721331596374512,0.5823056101799011,0.779109001159668,-0.04687672480940819,0.5541814565658569,0.7663850784301758,-0.04634261876344681,0.1051710769534111,0.9147146940231323,5.139456789038377e-07,0.11147717386484146,0.8049139976501465,-0.007126598618924618,0.14212074875831604,0.6900266408920288,-0.017608901485800743,0.16104643046855927,0.6091524362564087,-0.027854513376951218,0.16369281709194183,0.5438138842582703,-0.03816445171833038,0.20000822842121124,0.6920554637908936,-0.02569546177983284,0.29285162687301636,0.6524562835693359,-0.042984407395124435,0.3497949242591858,0.6378934979438782,-0.053337156772613525,0.39050737023353577,0.6323970556259155,-0.057078924030065536,0.22072267532348633,0.7466296553611755,-0.030368732288479805,0.3126966059207916,0.7009350061416626,-0.03707260265946388,0.3641888499259949,0.6791191697120667,-0.03892418369650841,0.4014683663845062,0.663088858127594,-0.04044080153107643,0.23846283555030823,0.8053196668624878,-0.03471982106566429,0.31782305240631104,0.75404292345047,-0.03672879934310913,0.3658488392829895,0.7239610552787781,-0.031216198578476906,0.3993902802467346,0.7035319209098816,-0.02812693454325199,0.2525075674057007,0.8600226640701294,-0.03972432389855385,0.3117202818393707,0.8067747950553894,-0.03624492138624191,0.348143070936203,0.7761980891227722,-0.02508872002363205,0.37641721963882446,0.7537005543708801,-0.01653732731938362
335,0.8339152336120605,0.8265306949615479,2.5838824058155296e-07,0.8308179974555969,0.7220363020896912,0.00013482860231306404,0.7985191345214844,0.6367213726043701,-0.006613146513700485,0.7678651809692383,0.5632829666137695,-0.013287901878356934,0.7581732869148254,0.5039713382720947,-0.02171235717833042,0.7403942942619324,0.6400182843208313,-0.02351813204586506,0.6541054844856262,0.6047629714012146,-0.034618545323610306,0.6072035431861877,0.5904049873352051,-0.03987915813922882,0.5708669424057007,0.5816724300384521,-0.04278625175356865,0.7179393172264099,0.6904447078704834,-0.030748644843697548,0.6249279379844666,0.645316481590271,-0.040814027190208435,0.5727218389511108,0.6215044260025024,-0.046388689428567886,0.5352011919021606,0.6048874258995056,-0.05028470233082771,0.7013767957687378,0.7440829873085022,-0.036119163036346436,0.6178945899009705,0.6952105164527893,-0.043168164789676666,0.5698649287223816,0.6674018502235413,-0.047116465866565704,0.5358059406280518,0.6472069621086121,-0.05018080398440361,0.6908116936683655,0.7947767972946167,-0.0406448133289814,0.6277651190757751,0.746624231338501,-0.04587504640221596,0.5949873924255371,0.7217079401016235,-0.044757094234228134,0.5695454478263855,0.7003598213195801,-0.04295652359724045,0.1255367547273636,0.8913494348526001,2.0792697341676103e-07,0.1238897442817688,0.7909281849861145,-0.0005476573714986444,0.14856356382369995,0.6875910758972168,-0.012004985474050045,0.16853547096252441,0.611791729927063,-0.024116553366184235,0.17001833021640778,0.5545457005500793,-0.03621508926153183,0.22490736842155457,0.6717776656150818,-0.033104799687862396,0.3288024961948395,0.6350901126861572,-0.05227622017264366,0.37460756301879883,0.6420840620994568,-0.06060357391834259,0.3996626138687134,0.6545173525810242,-0.06129319220781326,0.24489931762218475,0.7254431247711182,-0.04015743359923363,0.3508640229701996,0.6876700520515442,-0.048488032072782516,0.3891207277774811,0.6902783513069153,-0.04463235288858414,0.4059242606163025,0.7005224227905273,-0.04111586883664131,0.25981324911117554,0.7865058779716492,-0.0460871160030365,0.35334157943725586,0.7448182106018066,-0.049027152359485626,0.38846325874328613,0.7412722110748291,-0.039023302495479584,0.40099525451660156,0.7485208511352539,-0.032059792429208755,0.27109694480895996,0.8438952565193176,-0.05191011726856232,0.344465434551239,0.8044063448905945,-0.049046263098716736,0.37499064207077026,0.7934765219688416,-0.03609253838658333,0.3899868428707123,0.7890633940696716,-0.025592826306819916
336,0.8423928618431091,0.8670675158500671,1.6324555929259077e-07,0.8353533744812012,0.757382869720459,0.0019576980266720057,0.7883419394493103,0.6667715907096863,-0.0017040554666891694,0.7488061189651489,0.5961081981658936,-0.005157770123332739,0.7438857555389404,0.5359535813331604,-0.010410797782242298,0.7360427975654602,0.6840725541114807,-0.021582407876849174,0.6439337730407715,0.6571527123451233,-0.0328298956155777,0.592766284942627,0.6491718292236328,-0.0386558473110199,0.5529147386550903,0.6467807292938232,-0.042300108820199966,0.715235710144043,0.7427767515182495,-0.029078491032123566,0.6147863864898682,0.7062749266624451,-0.04123315215110779,0.5576457977294922,0.6876460909843445,-0.04818306118249893,0.5158329010009766,0.6744779348373413,-0.052939094603061676,0.6986010074615479,0.8002008199691772,-0.03475054353475571,0.6080306172370911,0.7581152319908142,-0.043989527970552444,0.5562635660171509,0.7340906262397766,-0.04903290420770645,0.5172642469406128,0.7164356112480164,-0.052566371858119965,0.6873034238815308,0.8511841893196106,-0.039242375642061234,0.6170464754104614,0.8099112510681152,-0.04657948017120361,0.579501211643219,0.789525032043457,-0.04768912121653557,0.5482185482978821,0.7709089517593384,-0.047514550387859344,0.10449744760990143,0.8765079975128174,4.573640239868837e-07,0.09709437191486359,0.7730668187141418,-0.0007862930069677532,0.10690291225910187,0.6730282306671143,-0.010737201198935509,0.1172267347574234,0.5907413363456726,-0.021102799102663994,0.11302495002746582,0.5283085703849792,-0.032127562910318375,0.17347687482833862,0.6495033502578735,-0.02213515341281891,0.259284645318985,0.5962839722633362,-0.0332692414522171,0.30490756034851074,0.5727522969245911,-0.036794692277908325,0.3358510136604309,0.5566452741622925,-0.03676121309399605,0.20686176419258118,0.6936569213867188,-0.02868133783340454,0.2954122722148895,0.6285151243209839,-0.03431132808327675,0.3412899076938629,0.595680832862854,-0.03329206630587578,0.3716520071029663,0.571670651435852,-0.032647859305143356,0.23442044854164124,0.7427217960357666,-0.03437301144003868,0.3117385804653168,0.6732461452484131,-0.036138251423835754,0.35188573598861694,0.6369597315788269,-0.033281490206718445,0.37785303592681885,0.6088265776634216,-0.03215055540204048,0.2561212480068207,0.7919471859931946,-0.039835087954998016,0.3139609396457672,0.7287623286247253,-0.03782723844051361,0.3435545861721039,0.6977596879005432,-0.030695803463459015,0.36566975712776184,0.6722033619880676,-0.025142110884189606
337,0.8396593928337097,0.8177152276039124,-2.3363624279681972e-07,0.8249363303184509,0.7207892537117004,0.010427047498524189,0.7843263149261475,0.6358947157859802,0.005862998776137829,0.7533484697341919,0.5644396543502808,-0.0006336967344395816,0.7481153011322021,0.50930255651474,-0.010232857428491116,0.7338687181472778,0.615724503993988,-0.023405756801366806,0.6325913071632385,0.5933159589767456,-0.040414076298475266,0.5842316746711731,0.594734251499176,-0.05109160766005516,0.5521460175514221,0.5990553498268127,-0.05717082321643829,0.7168726325035095,0.6708713173866272,-0.03673183545470238,0.6123520731925964,0.6399898529052734,-0.05137878283858299,0.5645467638969421,0.6333666443824768,-0.05816306918859482,0.5347925424575806,0.6307939291000366,-0.06323518604040146,0.7009870409965515,0.7319361567497253,-0.047532446682453156,0.608046293258667,0.6970359683036804,-0.05752114579081535,0.5629124045372009,0.6840522289276123,-0.05724910646677017,0.5340712666511536,0.6745433807373047,-0.05779620260000229,0.6876160502433777,0.7955027222633362,-0.05668100714683533,0.6158878207206726,0.7557660341262817,-0.0637296810746193,0.5797367691993713,0.7378208637237549,-0.060397908091545105,0.5513473749160767,0.7219281196594238,-0.05741026625037193,0.1002543568611145,0.8940834999084473,4.60120276102316e-07,0.0999184176325798,0.7886852025985718,0.00041648250771686435,0.1194172203540802,0.6861972808837891,-0.007226164918392897,0.13517768681049347,0.604690432548523,-0.015567241236567497,0.13719415664672852,0.544093906879425,-0.0239041056483984,0.18900568783283234,0.6707320213317871,-0.0158992949873209,0.27675339579582214,0.6334454417228699,-0.026497378945350647,0.3251323699951172,0.6190198659896851,-0.032368190586566925,0.3603023290634155,0.6105797290802002,-0.03471624106168747,0.21561938524246216,0.7166988253593445,-0.02400752529501915,0.30905964970588684,0.6698128581047058,-0.02606281079351902,0.3582407236099243,0.6498602032661438,-0.02454199083149433,0.3934684991836548,0.6346215605735779,-0.02467500977218151,0.23876751959323883,0.7698783874511719,-0.031575169414281845,0.3221011161804199,0.7191941142082214,-0.031051473692059517,0.3677138090133667,0.6933376789093018,-0.0263211652636528,0.39919018745422363,0.6739119291305542,-0.024775508791208267,0.25676167011260986,0.8238877058029175,-0.039220087230205536,0.319650799036026,0.7736032009124756,-0.03654928505420685,0.3556135296821594,0.74810791015625,-0.028403805568814278,0.383871465921402,0.7265080809593201,-0.022457221522927284
338,0.8405259251594543,0.8075351715087891,1.6985480044695578e-07,0.8408398032188416,0.6993638277053833,0.006313911639153957,0.8142189979553223,0.6128447651863098,0.0024898580741137266,0.7856712937355042,0.5357862710952759,-0.002435371745377779,0.7788583636283875,0.47389280796051025,-0.009422277100384235,0.7503886818885803,0.6106184124946594,-0.014293249696493149,0.6623710989952087,0.5685205459594727,-0.021967507898807526,0.6161937117576599,0.551699697971344,-0.025838376954197884,0.5803114771842957,0.5390740036964417,-0.02833375334739685,0.7261444330215454,0.6570320725440979,-0.023145556449890137,0.6346763968467712,0.6041103005409241,-0.03072105161845684,0.5836337804794312,0.5775365829467773,-0.036035001277923584,0.5455090999603271,0.5572885870933533,-0.04054773226380348,0.7083660364151001,0.7084587812423706,-0.029711086302995682,0.6260383129119873,0.6511966586112976,-0.03416767716407776,0.5803102254867554,0.6203558444976807,-0.03700019046664238,0.5463994741439819,0.5973873138427734,-0.04021207615733147,0.6962165832519531,0.7576199769973755,-0.03506312891840935,0.6346612572669983,0.7021786570549011,-0.03802424296736717,0.601605236530304,0.6717253923416138,-0.03633550927042961,0.5746387839317322,0.644565761089325,-0.03488681837916374,0.1095513179898262,0.8766667246818542,4.693081905315921e-07,0.09869600832462311,0.7749985456466675,-0.0020142251159995794,0.11042065918445587,0.6721142530441284,-0.010971101000905037,0.11953451484441757,0.5942456126213074,-0.02052921988070011,0.1155141144990921,0.5366301536560059,-0.030071547254920006,0.18817205727100372,0.6490572690963745,-0.014326939359307289,0.2662423551082611,0.6002816557884216,-0.024394188076257706,0.30988654494285583,0.5786810517311096,-0.030173569917678833,0.3389536142349243,0.5646994113922119,-0.03193286806344986,0.2170649766921997,0.6925498843193054,-0.020880650728940964,0.2974729835987091,0.6372406482696533,-0.0237156692892313,0.33853185176849365,0.6090005040168762,-0.023578789085149765,0.36525338888168335,0.5871260762214661,-0.023736342787742615,0.24015530943870544,0.7431440949440002,-0.027266396209597588,0.31273531913757324,0.6860645413398743,-0.026296032592654228,0.34966549277305603,0.6553581953048706,-0.02226153202354908,0.3724346160888672,0.6327129006385803,-0.020635778084397316,0.2579152286052704,0.7940235137939453,-0.03404849395155907,0.31349384784698486,0.7400596737861633,-0.030275562778115273,0.34295761585235596,0.7115437388420105,-0.02178608812391758,0.36368268728256226,0.6877731084823608,-0.015232499688863754
339,0.8397544622421265,0.8404020071029663,1.1539070499111403e-07,0.8331645727157593,0.7409654259681702,0.0030824767891317606,0.7977085709571838,0.645798921585083,-0.0038784928619861603,0.7701719999313354,0.570909857749939,-0.011273212730884552,0.7673195004463196,0.5129365921020508,-0.02141854166984558,0.751093327999115,0.6368238925933838,-0.028635550290346146,0.6623942852020264,0.6026660203933716,-0.044089991599321365,0.6125751733779907,0.5892390608787537,-0.05288949981331825,0.5736697912216187,0.5810770988464355,-0.05861974507570267,0.7302162647247314,0.6899420619010925,-0.03937876224517822,0.6358383893966675,0.6477078795433044,-0.05336343124508858,0.5826432704925537,0.625523030757904,-0.05968347564339638,0.5436978340148926,0.6091796159744263,-0.06466898322105408,0.7108063697814941,0.7481788396835327,-0.048141345381736755,0.6242496967315674,0.7009619474411011,-0.05896027758717537,0.575297474861145,0.6735416650772095,-0.061216261237859726,0.5392990708351135,0.6518667340278625,-0.0633913055062294,0.6948193311691284,0.808366060256958,-0.05583219602704048,0.6301968693733215,0.7634150981903076,-0.06490989029407501,0.5940240621566772,0.7406860589981079,-0.06444281339645386,0.5633441209793091,0.7215617895126343,-0.0632317066192627,0.1081438660621643,0.8955610990524292,5.013013151256018e-07,0.09712687879800797,0.79448401927948,-0.002419594908133149,0.10705835372209549,0.685645580291748,-0.01335555873811245,0.11528933048248291,0.6039974689483643,-0.025385765358805656,0.11100602895021439,0.5422319173812866,-0.03729809820652008,0.17054562270641327,0.6578758358955383,-0.02046658657491207,0.25374048948287964,0.6059868335723877,-0.0359264574944973,0.30328530073165894,0.581645131111145,-0.04416876286268234,0.3369673192501068,0.567772626876831,-0.04670511931180954,0.19765597581863403,0.7004441022872925,-0.02896745130419731,0.283051460981369,0.6420964598655701,-0.03570113703608513,0.3307045102119446,0.6136795282363892,-0.03583477810025215,0.3645790219306946,0.5918127298355103,-0.035534005612134933,0.22285377979278564,0.7522162199020386,-0.03722408041357994,0.2989114224910736,0.6969073414802551,-0.03912840783596039,0.33943548798561096,0.6705279350280762,-0.03287095949053764,0.36539584398269653,0.650915265083313,-0.028943268582224846,0.2451055943965912,0.806082010269165,-0.046094466000795364,0.30250781774520874,0.7515163421630859,-0.04338894039392471,0.334292471408844,0.7249386310577393,-0.03276848420500755,0.357220321893692,0.7042875289916992,-0.02405727282166481
340,0.843308687210083,0.8628813028335571,1.0262650818049224e-07,0.8320920467376709,0.7549951672554016,0.006311073899269104,0.7861791253089905,0.6668497323989868,0.005228737369179726,0.7484449148178101,0.5956721305847168,0.0028441590256989002,0.7401224970817566,0.537376880645752,-0.0017247189534828067,0.7304162383079529,0.6747742295265198,-0.008672883734107018,0.6428187489509583,0.6538161039352417,-0.017148662358522415,0.5943074226379395,0.6480647921562195,-0.023706691339612007,0.5551362633705139,0.6442467570304871,-0.028679247945547104,0.7106355428695679,0.7317793965339661,-0.018313594162464142,0.6155794858932495,0.7027573585510254,-0.02744671143591404,0.5602591633796692,0.6854448914527893,-0.03532695397734642,0.5174571871757507,0.671491265296936,-0.04188494011759758,0.6952110528945923,0.7903190851211548,-0.026421792805194855,0.6083083748817444,0.7530539035797119,-0.03420000895857811,0.5580727458000183,0.7302373051643372,-0.038867413997650146,0.5186160206794739,0.7123972773551941,-0.04294867441058159,0.6854095458984375,0.8451635837554932,-0.03318740800023079,0.6176203489303589,0.8074856996536255,-0.039338577538728714,0.5822087526321411,0.7868745923042297,-0.03915279358625412,0.552503228187561,0.7671993374824524,-0.03849821910262108,0.1024528220295906,0.9250851273536682,4.95155120461277e-07,0.10321306437253952,0.8175899982452393,-0.0019339998252689838,0.12504372000694275,0.708896815776825,-0.01109947171062231,0.14059117436408997,0.6255431771278381,-0.02013671211898327,0.14132504165172577,0.5629168152809143,-0.0296167079359293,0.19363056123256683,0.6986221075057983,-0.02606617473065853,0.28635573387145996,0.6556634902954102,-0.03924831375479698,0.3370596170425415,0.639423131942749,-0.04596172645688057,0.37368640303611755,0.6295336484909058,-0.048849742859601974,0.2208680808544159,0.7503967881202698,-0.03376533463597298,0.31960684061050415,0.701221227645874,-0.03744291514158249,0.37182164192199707,0.678739070892334,-0.03661617636680603,0.40724465250968933,0.6606020927429199,-0.03783643990755081,0.24432802200317383,0.8069753050804138,-0.04056067764759064,0.3300333619117737,0.7505414485931396,-0.04050157219171524,0.3785037100315094,0.7211306095123291,-0.03653404489159584,0.4107416272163391,0.6987743973731995,-0.0362342894077301,0.2620868384838104,0.8613414764404297,-0.04744616150856018,0.32608306407928467,0.8086369037628174,-0.04442298039793968,0.3628060817718506,0.7804421782493591,-0.036445796489715576,0.39080893993377686,0.757455587387085,-0.03126797825098038
341,0.8422284126281738,0.8072203397750854,2.1940262229236396e-07,0.8335373401641846,0.7064476013183594,0.005208521615713835,0.7983040809631348,0.6215607523918152,3.146497328998521e-05,0.7666972875595093,0.549554169178009,-0.0064721498638391495,0.7605628371238708,0.4929746985435486,-0.01541076134890318,0.7420344948768616,0.6231265068054199,-0.01890823431313038,0.6548339128494263,0.5943094491958618,-0.029622361063957214,0.6064565181732178,0.5829499363899231,-0.03535851836204529,0.5687620639801025,0.5772314071655273,-0.03897184506058693,0.7225309610366821,0.6728956699371338,-0.029259758070111275,0.6287754774093628,0.6333805322647095,-0.03943992033600807,0.5765879154205322,0.6147670745849609,-0.045164696872234344,0.5384050607681274,0.6030673980712891,-0.04938725754618645,0.7061499953269958,0.7268519997596741,-0.03746728599071503,0.6221900582313538,0.6810805201530457,-0.04459228366613388,0.5747798681259155,0.6584669351577759,-0.04719928279519081,0.5401883125305176,0.6435924768447876,-0.04955606535077095,0.6948122382164001,0.782187283039093,-0.04458095133304596,0.630491316318512,0.7360720634460449,-0.04910336062312126,0.5972158908843994,0.7117571234703064,-0.046712130308151245,0.5706035494804382,0.6910358667373657,-0.04427754506468773,0.10960635542869568,0.8762445449829102,5.251710604170512e-07,0.1014484092593193,0.775049090385437,-0.0006426675827242434,0.11179658770561218,0.6728437542915344,-0.010615448467433453,0.1213802844285965,0.594658374786377,-0.021762946620583534,0.11727098375558853,0.5362028479576111,-0.03290470317006111,0.18946217000484467,0.6469593644142151,-0.016241293400526047,0.2727903127670288,0.6011161804199219,-0.025937853381037712,0.3159167766571045,0.5819861888885498,-0.029911018908023834,0.34267544746398926,0.5682634711265564,-0.029895786195993423,0.21496056020259857,0.6907259225845337,-0.02320261113345623,0.30088531970977783,0.6390653848648071,-0.02498050220310688,0.3399001359939575,0.6152963042259216,-0.022533981129527092,0.3634893298149109,0.5987271070480347,-0.020820902660489082,0.23642851412296295,0.7411978840827942,-0.029492167755961418,0.3135899305343628,0.6895200610160828,-0.02644570730626583,0.3478264808654785,0.6634747982025146,-0.018717579543590546,0.366432249546051,0.6464104056358337,-0.0146821653470397,0.2543191611766815,0.7916691303253174,-0.03624698147177696,0.3119564652442932,0.7404244542121887,-0.029745956882834435,0.3403502404689789,0.7153700590133667,-0.01780228689312935,0.35946834087371826,0.6963615417480469,-0.008711888454854488
342,0.8438543081283569,0.821974515914917,1.7851951383818232e-07,0.8335452079772949,0.7230507731437683,0.0011976492824032903,0.797857403755188,0.6297199130058289,-0.006891918368637562,0.7702631950378418,0.5553309917449951,-0.015294121578335762,0.7647548317909241,0.4980772137641907,-0.02654966711997986,0.7506832480430603,0.6283361911773682,-0.031043345108628273,0.6630832552909851,0.5975052118301392,-0.046626195311546326,0.6128361225128174,0.5853517055511475,-0.055200979113578796,0.5720633864402771,0.5764822363853455,-0.060944564640522,0.7312020063400269,0.6798046827316284,-0.041767168790102005,0.6386641263961792,0.6406126022338867,-0.057003915309906006,0.5828204154968262,0.6214788556098938,-0.06502068042755127,0.5408729314804077,0.6069502830505371,-0.0710097998380661,0.7134567499160767,0.738081157207489,-0.05040661618113518,0.6282060146331787,0.6913297176361084,-0.062478963285684586,0.5783839225769043,0.6656380295753479,-0.06666705757379532,0.5408580303192139,0.6446017026901245,-0.0699731782078743,0.6985784769058228,0.7997657656669617,-0.057925622910261154,0.6333255767822266,0.7531867027282715,-0.06767436861991882,0.5985710620880127,0.7282800674438477,-0.06778614223003387,0.5694076418876648,0.705867350101471,-0.06704968959093094,0.10502764582633972,0.8652820587158203,5.174224497750401e-07,0.09432152658700943,0.762419581413269,0.0007093381136655807,0.10322313755750656,0.6643074750900269,-0.008095379918813705,0.10908222943544388,0.585425853729248,-0.01673641987144947,0.10243622958660126,0.5271640419960022,-0.026357049122452736,0.1653231978416443,0.6403652429580688,-0.026550162583589554,0.2517739534378052,0.5845790505409241,-0.03821011260151863,0.2985222041606903,0.5574499368667603,-0.04173005372285843,0.33263301849365234,0.5405674576759338,-0.04162435233592987,0.19832664728164673,0.6854180693626404,-0.03432990983128548,0.28752401471138,0.614680290222168,-0.039078764617443085,0.33553943037986755,0.5777976512908936,-0.037690818309783936,0.36871767044067383,0.5508672595024109,-0.03722528740763664,0.22664152085781097,0.7349222302436829,-0.04065566509962082,0.307481974363327,0.6608530282974243,-0.04220549389719963,0.34985655546188354,0.6203595399856567,-0.04027675464749336,0.37806427478790283,0.5879696011543274,-0.04010146111249924,0.25023353099823,0.7840590476989746,-0.0463489294052124,0.3093830943107605,0.7155598998069763,-0.04666324332356453,0.34172895550727844,0.6791107058525085,-0.041929908096790314,0.36567223072052,0.6479286551475525,-0.03788354620337486
343,0.8377349972724915,0.8529709577560425,1.7477985636560334e-07,0.8261663913726807,0.7466726303100586,0.005558833945542574,0.7831858992576599,0.6606134176254272,0.0037267240695655346,0.7461601495742798,0.5897601246833801,0.0014357705367729068,0.7388395071029663,0.5306851267814636,-0.0029987285379320383,0.7267831563949585,0.6726964712142944,-0.014380172826349735,0.6372507810592651,0.6502280235290527,-0.022134391590952873,0.5872983932495117,0.6431199312210083,-0.026258904486894608,0.5480209589004517,0.6385453939437866,-0.0294477678835392,0.7077889442443848,0.727827787399292,-0.023325178772211075,0.6092979311943054,0.6954562664031982,-0.0337161049246788,0.5524046421051025,0.6787338852882385,-0.040011338889598846,0.511452317237854,0.6672232151031494,-0.044654421508312225,0.6936951875686646,0.7853405475616455,-0.030224788933992386,0.6046834588050842,0.745643138885498,-0.038280192762613297,0.552998423576355,0.7237645983695984,-0.0421125702559948,0.5143989324569702,0.7065864205360413,-0.04500682279467583,0.6848853826522827,0.8404793739318848,-0.03565151244401932,0.6142898797988892,0.802636981010437,-0.04215291514992714,0.5777000784873962,0.7831780314445496,-0.042198169976472855,0.5469192266464233,0.7636522054672241,-0.04133082553744316,0.10821858793497086,0.899419903755188,4.529501609340514e-07,0.09512048214673996,0.7972924709320068,-0.0017487604636698961,0.10127722471952438,0.6889742016792297,-0.013048121705651283,0.1090809777379036,0.606201171875,-0.025128349661827087,0.10564039647579193,0.5451674461364746,-0.03734640032052994,0.1649957001209259,0.6690664887428284,-0.023873481899499893,0.24720804393291473,0.6114014983177185,-0.039234135299921036,0.2945835590362549,0.5844203233718872,-0.04728468880057335,0.32606029510498047,0.5689542889595032,-0.04976736381649971,0.19626635313034058,0.7111023664474487,-0.032592616975307465,0.2833486795425415,0.644489586353302,-0.03930303826928139,0.32948315143585205,0.6106303930282593,-0.03979525342583656,0.3608277440071106,0.5851686596870422,-0.040261410176754,0.22588124871253967,0.7596567869186401,-0.0405513159930706,0.30443066358566284,0.6948223114013672,-0.042435918003320694,0.34438711404800415,0.6636034250259399,-0.036763422191143036,0.3694413900375366,0.6420409679412842,-0.0338095985352993,0.2517809569835663,0.8088954091072083,-0.048766665160655975,0.30980396270751953,0.748403787612915,-0.04691625013947487,0.34140947461128235,0.7190740704536438,-0.03672380745410919,0.3639950156211853,0.6967186331748962,-0.028593648225069046
344,0.8325088024139404,0.8047032952308655,-8.42513792065347e-09,0.8214716911315918,0.707211434841156,0.00740631902590394,0.7847543954849243,0.6225368976593018,0.004571051336824894,0.7543097138404846,0.5515851378440857,0.0006122625200077891,0.7500498294830322,0.4970904588699341,-0.005715051665902138,0.7306016683578491,0.620543897151947,-0.0193673986941576,0.6413238644599915,0.5918295979499817,-0.02928815223276615,0.5943282842636108,0.5824928879737854,-0.03391251340508461,0.5578662753105164,0.5766054391860962,-0.036914385855197906,0.712978184223175,0.6703111529350281,-0.03055889531970024,0.6156290173530579,0.6329125165939331,-0.03988136351108551,0.5628150701522827,0.616705060005188,-0.04383477568626404,0.5253013372421265,0.6041304469108582,-0.047219570726156235,0.6977512240409851,0.7255631685256958,-0.03933323919773102,0.6106605529785156,0.6819674372673035,-0.04554840922355652,0.5636749863624573,0.6611793637275696,-0.04646672308444977,0.5307042598724365,0.6448802947998047,-0.04805222526192665,0.6864475607872009,0.7833476662635803,-0.04685567691922188,0.6219620704650879,0.7436323761940002,-0.05197836086153984,0.5876078009605408,0.7218118906021118,-0.04983651638031006,0.5603625178337097,0.701763391494751,-0.04789944738149643,0.10974240303039551,0.9190642833709717,6.035515411895176e-07,0.10532241314649582,0.8072210550308228,-0.0022843852639198303,0.11980310082435608,0.703507661819458,-0.014223727397620678,0.13159483671188354,0.619994044303894,-0.025141729041934013,0.13375374674797058,0.5568447709083557,-0.03618190437555313,0.18586274981498718,0.6981834173202515,-0.034931331872940063,0.2803652882575989,0.6477197408676147,-0.04781544208526611,0.3306364119052887,0.6239364743232727,-0.05043579638004303,0.3670467436313629,0.6084699630737305,-0.04992471635341644,0.21729576587677002,0.7489262819290161,-0.04261460900306702,0.3165874481201172,0.686049222946167,-0.050470687448978424,0.3702942132949829,0.6544233560562134,-0.04896681383252144,0.4077691435813904,0.6304335594177246,-0.048102863132953644,0.24376778304576874,0.802548885345459,-0.04840875416994095,0.33041155338287354,0.7336680889129639,-0.05186759680509567,0.37930041551589966,0.6985512971878052,-0.04804845526814461,0.4118192791938782,0.670502781867981,-0.04654558375477791,0.26321277022361755,0.8548401594161987,-0.05371028929948807,0.32792165875434875,0.7931906580924988,-0.05339979752898216,0.36507701873779297,0.7590361833572388,-0.046381495893001556,0.393165647983551,0.7291463017463684,-0.04103671386837959
345,0.8396412134170532,0.810929536819458,1.6142817571562773e-07,0.8281260132789612,0.7114497423171997,0.0062812743708491325,0.790174663066864,0.621056854724884,0.002129573840647936,0.7612195014953613,0.5475777983665466,-0.003205329179763794,0.7561771869659424,0.4916595220565796,-0.01131617370992899,0.7394647598266602,0.6236830353736877,-0.020381327718496323,0.6529414057731628,0.5942102074623108,-0.03126857802271843,0.6046565771102905,0.5814837217330933,-0.03711643069982529,0.5667951703071594,0.571405827999115,-0.04108651727437973,0.7212506532669067,0.6753225326538086,-0.0318441316485405,0.6275012493133545,0.6373821496963501,-0.04250868782401085,0.5739481449127197,0.615881085395813,-0.04820955917239189,0.5345047116279602,0.5986433625221252,-0.052612751722335815,0.7056664228439331,0.7323436141014099,-0.041124287992715836,0.6203203797340393,0.6867298483848572,-0.0493704117834568,0.5717722177505493,0.6591248512268066,-0.052228160202503204,0.5357490181922913,0.6364548802375793,-0.054840147495269775,0.6937617063522339,0.7914432287216187,-0.04899800196290016,0.6285227537155151,0.746768593788147,-0.055296022444963455,0.5959574580192566,0.7212638258934021,-0.053541336208581924,0.5697352886199951,0.6978043913841248,-0.05173737555742264,0.11495057493448257,0.8774545788764954,6.292856937761826e-07,0.11130042374134064,0.7732272744178772,-0.0010297322878614068,0.12487024068832397,0.6681172847747803,-0.011192628182470798,0.13510558009147644,0.5899055004119873,-0.02221640758216381,0.13327404856681824,0.5328100323677063,-0.033775243908166885,0.19155678153038025,0.6459046602249146,-0.01946999691426754,0.279363214969635,0.6075463891029358,-0.03314808011054993,0.33120113611221313,0.588649570941925,-0.041182003915309906,0.36726656556129456,0.5761396884918213,-0.04438285529613495,0.21692225337028503,0.691784143447876,-0.027940906584262848,0.30766561627388,0.6474121809005737,-0.03365219756960869,0.3568800985813141,0.6233131885528564,-0.03460627421736717,0.39174240827560425,0.6034314632415771,-0.035859111696481705,0.24027614295482635,0.7455739378929138,-0.03595797345042229,0.32164883613586426,0.6968826055526733,-0.036684855818748474,0.365508496761322,0.66934734582901,-0.03288334235548973,0.39585065841674805,0.6492832899093628,-0.03193111717700958,0.2604626715183258,0.8008357882499695,-0.044294532388448715,0.32057252526283264,0.7532687187194824,-0.04165541008114815,0.35520076751708984,0.7268975377082825,-0.033569905906915665,0.38299065828323364,0.7054780125617981,-0.0276217982172966
346,0.8397654294967651,0.8484811782836914,1.8561017611773423e-07,0.8272402882575989,0.7417241930961609,0.006054215133190155,0.7798720002174377,0.6551346778869629,0.0054246471263468266,0.7409209609031677,0.585815966129303,0.0038505152333527803,0.7351233959197998,0.5262851715087891,0.0003166627138853073,0.7230804562568665,0.6674337983131409,-0.010868995450437069,0.6340359449386597,0.646242082118988,-0.018268778920173645,0.583484947681427,0.639563262462616,-0.022723885253071785,0.543854832649231,0.6358149647712708,-0.026155225932598114,0.7040454745292664,0.7223432064056396,-0.020095480605959892,0.6078462600708008,0.6911370158195496,-0.029335888102650642,0.5501085519790649,0.6751260161399841,-0.03578636050224304,0.508154034614563,0.6642369627952576,-0.04064363241195679,0.6899562478065491,0.7802132964134216,-0.027589038014411926,0.6027649641036987,0.7415401935577393,-0.0344412736594677,0.5506802201271057,0.7215937972068787,-0.03884611278772354,0.511891782283783,0.706497073173523,-0.04220505431294441,0.681401252746582,0.8359962701797485,-0.033848606050014496,0.6117926836013794,0.7963559627532959,-0.03954220190644264,0.5738956928253174,0.7767584919929504,-0.04024399816989899,0.5418271422386169,0.7581765651702881,-0.039935968816280365,0.11522073298692703,0.8371174931526184,5.951275738880213e-07,0.10474246740341187,0.7374154925346375,0.0007877825992181897,0.11220698058605194,0.6390082836151123,-0.009614338167011738,0.11868088692426682,0.5631241202354431,-0.020046323537826538,0.11172390729188919,0.5076438784599304,-0.031434331089258194,0.17927099764347076,0.6166524291038513,-0.0278751403093338,0.2646104097366333,0.5621613264083862,-0.038314756006002426,0.3102525770664215,0.5371241569519043,-0.04090657830238342,0.34182631969451904,0.5199266672134399,-0.04043284058570862,0.20904357731342316,0.6639269590377808,-0.03634973615407944,0.29846644401550293,0.5975448489189148,-0.04037026688456535,0.3464467525482178,0.5627630949020386,-0.038421329110860825,0.37972491979599,0.5364385843276978,-0.0378333181142807,0.23415902256965637,0.7162221670150757,-0.04310378432273865,0.31436920166015625,0.644342839717865,-0.04359276592731476,0.3575095236301422,0.6065464615821838,-0.04077553376555443,0.38642147183418274,0.5777074694633484,-0.04063769429922104,0.2547643184661865,0.7679768204689026,-0.04922996461391449,0.3116571307182312,0.7022432088851929,-0.04857099801301956,0.3431228995323181,0.6661190390586853,-0.042603056877851486,0.3670809864997864,0.6357015371322632,-0.03810053691267967
347,0.8328588008880615,0.8066856861114502,1.5392856766993646e-07,0.8201768398284912,0.7075850367546082,0.012185468338429928,0.7775400876998901,0.624772846698761,0.01221234630793333,0.7456305623054504,0.5564733743667603,0.010602605529129505,0.7416921257972717,0.5031249523162842,0.006309188436716795,0.7268610000610352,0.6182643175125122,-0.01629793830215931,0.6402556896209717,0.5933598875999451,-0.02540418691933155,0.5926617383956909,0.5842112898826599,-0.02894693985581398,0.5571092963218689,0.5801513195037842,-0.03102925233542919,0.7084001302719116,0.6680557131767273,-0.028100328519940376,0.6141905784606934,0.6338229179382324,-0.038083408027887344,0.5629713535308838,0.6181164979934692,-0.04164037108421326,0.5265330672264099,0.607347846031189,-0.04398590698838234,0.6924406886100769,0.7229936718940735,-0.03694525733590126,0.6074280142784119,0.6838022470474243,-0.0446246862411499,0.5591644048690796,0.6632066965103149,-0.046173568814992905,0.5252143740653992,0.6486141085624695,-0.04760335758328438,0.6812767386436462,0.7820940017700195,-0.04377049207687378,0.6180312037467957,0.7416176199913025,-0.05019303038716316,0.584600567817688,0.7203706502914429,-0.04867391660809517,0.5577818155288696,0.7013446092605591,-0.046696748584508896,0.11972226947546005,0.8646682500839233,5.24146514635504e-07,0.1121663898229599,0.760647714138031,-0.00366647238843143,0.12507423758506775,0.6553073525428772,-0.015340958721935749,0.13611118495464325,0.5751685500144958,-0.028088374063372612,0.1340232789516449,0.5150485038757324,-0.041059043258428574,0.18889914453029633,0.6374249458312988,-0.02216331847012043,0.2748982906341553,0.5962868928909302,-0.03974933177232742,0.3279687166213989,0.580245852470398,-0.0512392520904541,0.36545807123184204,0.5727381706237793,-0.05609508231282234,0.2148507982492447,0.6825584173202515,-0.03071989305317402,0.30362826585769653,0.631514310836792,-0.038559261709451675,0.3536800742149353,0.6081492900848389,-0.04109533876180649,0.38916313648223877,0.5917131900787354,-0.04288221150636673,0.23846200108528137,0.7359372973442078,-0.039010170847177505,0.31674671173095703,0.6834771037101746,-0.04176396131515503,0.35972949862480164,0.6575843691825867,-0.03626983240246773,0.3880494236946106,0.6402803063392639,-0.03323817253112793,0.2580096423625946,0.7904765009880066,-0.04803500697016716,0.3154173493385315,0.7391729950904846,-0.04565468057990074,0.3484256863594055,0.7131028771400452,-0.034776922315359116,0.3732403516769409,0.6931392550468445,-0.026228666305541992
348,0.8359830379486084,0.8088377118110657,1.7147115727311757e-07,0.8264711499214172,0.710147500038147,0.0052875070832669735,0.7897838354110718,0.6197194457054138,0.0005706321680918336,0.7600910663604736,0.5462210774421692,-0.005372944753617048,0.7541562914848328,0.48988133668899536,-0.014093315228819847,0.7382216453552246,0.6205232739448547,-0.02155790850520134,0.6517709493637085,0.5891987085342407,-0.03347403556108475,0.6037553548812866,0.5765893459320068,-0.03983476012945175,0.566529393196106,0.5674948692321777,-0.044113948941230774,0.7190898656845093,0.6704688668251038,-0.032935671508312225,0.6265178322792053,0.6286620497703552,-0.04431910812854767,0.5730220675468445,0.6058168411254883,-0.05018313229084015,0.5342950820922852,0.5882185697555542,-0.05481388047337532,0.7035592198371887,0.7265015840530396,-0.042342402040958405,0.6188862919807434,0.6792854070663452,-0.05102726072072983,0.5704403519630432,0.6510246396064758,-0.054049301892519,0.5356107950210571,0.6272801160812378,-0.05704251304268837,0.6917822360992432,0.7856776714324951,-0.0505286306142807,0.628301203250885,0.7399566769599915,-0.05804188922047615,0.5940355062484741,0.7126663327217102,-0.05760500207543373,0.5665798783302307,0.6868372559547424,-0.056823763996362686,0.12334562093019485,0.8608112931251526,5.076955176264164e-07,0.11825292557477951,0.7603423595428467,-0.0038386869709938765,0.13625046610832214,0.6568896770477295,-0.012062424793839455,0.1516534388065338,0.5803138017654419,-0.02084052376449108,0.15433993935585022,0.5240453481674194,-0.029574373736977577,0.20981742441654205,0.639366865158081,-0.013671199791133404,0.29419082403182983,0.6085759997367859,-0.025533221662044525,0.34490489959716797,0.5952983498573303,-0.03464299812912941,0.3813056945800781,0.5879557728767395,-0.03918548673391342,0.23479843139648438,0.683114767074585,-0.019968092441558838,0.31953975558280945,0.6442658305168152,-0.022170623764395714,0.3666342794895172,0.6275131702423096,-0.023034976795315742,0.4004652500152588,0.6135582327842712,-0.02506883256137371,0.2563050389289856,0.7352315783500671,-0.026530083268880844,0.3305295705795288,0.692620038986206,-0.025943219661712646,0.3726509213447571,0.6724869012832642,-0.02113082818686962,0.40195029973983765,0.6588758826255798,-0.019484035670757294,0.2739492356777191,0.7889394760131836,-0.03398500010371208,0.3296045958995819,0.744364857673645,-0.030282514169812202,0.3634031116962433,0.7247370481491089,-0.020942319184541702,0.38967105746269226,0.7098708748817444,-0.01415878627449274
349,0.8333612084388733,0.8328249454498291,1.4949310411793704e-07,0.818644106388092,0.7267245650291443,0.009119647555053234,0.7738091945648193,0.6450405716896057,0.009545347653329372,0.7355455160140991,0.5771228075027466,0.008786078542470932,0.7255319356918335,0.5195257663726807,0.005950006190687418,0.7148581147193909,0.6548922657966614,-0.007308438420295715,0.6273221373558044,0.635955274105072,-0.013433462008833885,0.5791814923286438,0.63259357213974,-0.01754404976963997,0.5412101745605469,0.6319583654403687,-0.020594123750925064,0.6976339221000671,0.708621621131897,-0.017029959708452225,0.6018226742744446,0.6806352734565735,-0.025033995509147644,0.5456393361091614,0.6677931547164917,-0.030978567898273468,0.5047540664672852,0.6599732041358948,-0.03576095029711723,0.6852734088897705,0.7665414214134216,-0.02473956160247326,0.5988690257072449,0.7302959561347961,-0.03066450171172619,0.5488249063491821,0.7129366993904114,-0.03397262841463089,0.5115420818328857,0.7008113861083984,-0.03671169653534889,0.6783493757247925,0.82358318567276,-0.030811306089162827,0.6080964803695679,0.78516685962677,-0.03576474264264107,0.5716888308525085,0.7673224210739136,-0.0353059396147728,0.5407450199127197,0.7512083649635315,-0.034126363694667816,0.12154362350702286,0.8368761539459229,5.334533739187464e-07,0.10912217944860458,0.7363060116767883,0.002500442788004875,0.1166665107011795,0.6394538283348083,-0.005089298821985722,0.12447278201580048,0.5643969774246216,-0.012936386279761791,0.1225583553314209,0.5097914338111877,-0.0215789582580328,0.18510082364082336,0.6173171401023865,-0.020157787948846817,0.2666088342666626,0.5643496513366699,-0.02825961634516716,0.31075435876846313,0.5402001142501831,-0.030038027092814445,0.3420693576335907,0.5242512226104736,-0.029274310916662216,0.21632394194602966,0.6603406071662903,-0.028379324823617935,0.30211374163627625,0.595047116279602,-0.030885085463523865,0.34857112169265747,0.5601829886436462,-0.029467178508639336,0.38123786449432373,0.5337613224983215,-0.0292400773614645,0.2419401854276657,0.7095863223075867,-0.03521363437175751,0.32002896070480347,0.6410669684410095,-0.035092826932668686,0.3626669943332672,0.6047701835632324,-0.03428462892770767,0.3915672302246094,0.5762190222740173,-0.0353863388299942,0.26152655482292175,0.7596646547317505,-0.04127727448940277,0.31836122274398804,0.6966720223426819,-0.04037642478942871,0.34957611560821533,0.6625684499740601,-0.03590962290763855,0.37308889627456665,0.6331714987754822,-0.03249069303274155
350,0.8342492580413818,0.8011113405227661,2.095441402616416e-07,0.8238075375556946,0.700158417224884,0.0075056408531963825,0.7856405377388,0.6142332553863525,0.004631371702998877,0.7540215849876404,0.5432536602020264,6.908595969434828e-05,0.7501102089881897,0.48715758323669434,-0.006587517447769642,0.7281216979026794,0.6127354502677917,-0.013127503916621208,0.6447229385375977,0.5844237804412842,-0.022015631198883057,0.5978618264198303,0.5740598440170288,-0.027110286056995392,0.5621489882469177,0.5687471628189087,-0.03042861819267273,0.7089658975601196,0.6607722043991089,-0.024064265191555023,0.6181396842002869,0.6227612495422363,-0.03262588754296303,0.5667426586151123,0.6054468750953674,-0.037361517548561096,0.528563916683197,0.5937429070472717,-0.04079246520996094,0.6928418278694153,0.7148634195327759,-0.032788485288619995,0.6109784841537476,0.6718758940696716,-0.038610123097896576,0.5650849342346191,0.6500298976898193,-0.039333924651145935,0.5316413044929504,0.6349803805351257,-0.040346916764974594,0.6819964051246643,0.7722702622413635,-0.04040329530835152,0.6204737424850464,0.7267689108848572,-0.0433606393635273,0.5888330936431885,0.7033344507217407,-0.03883647918701172,0.5632528066635132,0.6836190223693848,-0.034921132028102875,0.12953923642635345,0.8626187443733215,4.792611321136064e-07,0.1302347183227539,0.7615686655044556,-0.00047920658835209906,0.14944611489772797,0.6590816974639893,-0.008310536853969097,0.16229276359081268,0.5814608335494995,-0.017129238694906235,0.16066507995128632,0.5242656469345093,-0.026395821943879128,0.21491330862045288,0.6470914483070374,-0.018077140673995018,0.3001720607280731,0.6119372248649597,-0.03173251077532768,0.3501361608505249,0.5985308885574341,-0.04083159565925598,0.3866270184516907,0.5907858610153198,-0.04534562677145004,0.23939326405525208,0.6931178569793701,-0.026988128200173378,0.3306772708892822,0.6509978175163269,-0.031995803117752075,0.38309431076049805,0.6316730380058289,-0.03341217339038849,0.42021581530570984,0.6163278222084045,-0.035606712102890015,0.26063472032546997,0.7453805804252625,-0.03547169268131256,0.3422371745109558,0.6967840790748596,-0.03721349686384201,0.3893720805644989,0.6729802489280701,-0.03387042135000229,0.4214012622833252,0.6552694439888,-0.03307703137397766,0.2769874036312103,0.7971112132072449,-0.04421577975153923,0.3385356068611145,0.7518603205680847,-0.041902050375938416,0.3744364380836487,0.7291758060455322,-0.03326943889260292,0.4014158248901367,0.7110432386398315,-0.02714408189058304
351,0.8345624804496765,0.808122992515564,1.5989364499091607e-07,0.8244981169700623,0.7059538960456848,0.007810583803802729,0.7895190715789795,0.6161636710166931,0.004847068805247545,0.7613105773925781,0.54243403673172,0.00010582538379821926,0.7572290301322937,0.48551005125045776,-0.00734912883490324,0.7371866703033447,0.6173334717750549,-0.01562904380261898,0.6519887447357178,0.5879978537559509,-0.025629816576838493,0.60581374168396,0.5761607885360718,-0.030993983149528503,0.570146381855011,0.5679205656051636,-0.034496013075113297,0.7169184684753418,0.6640418171882629,-0.02773056924343109,0.6248378753662109,0.6241222023963928,-0.03775203600525856,0.5720309019088745,0.6024602651596069,-0.04290696606040001,0.5335107445716858,0.5860856771469116,-0.046643637120723724,0.6994361281394958,0.7186644673347473,-0.03781181201338768,0.6162396669387817,0.6717653274536133,-0.045853760093450546,0.5695474147796631,0.6448658108711243,-0.047952909022569656,0.5347195267677307,0.6227827072143555,-0.04976065084338188,0.6857500076293945,0.7788251638412476,-0.04638295993208885,0.6213304996490479,0.7314733266830444,-0.052436258643865585,0.5896363854408264,0.7058783769607544,-0.049875639379024506,0.5635372400283813,0.6830222010612488,-0.04732454568147659,0.1283988058567047,0.8439036011695862,4.782128826263943e-07,0.11963891237974167,0.7468770146369934,-0.0013461450580507517,0.13275569677352905,0.644172191619873,-0.009581410326063633,0.14300134778022766,0.5692501068115234,-0.01900503970682621,0.13908228278160095,0.5146422386169434,-0.028478402644395828,0.20534223318099976,0.6178814768791199,-0.013136711902916431,0.28464213013648987,0.5811688303947449,-0.02449074201285839,0.32975196838378906,0.5690263509750366,-0.03203197941184044,0.35907596349716187,0.5627133250236511,-0.034942809492349625,0.23146212100982666,0.6605329513549805,-0.0200901310890913,0.3116018772125244,0.6177744269371033,-0.02274567261338234,0.35480618476867676,0.5992922782897949,-0.023681726306676865,0.3848211467266083,0.5860896706581116,-0.025033406913280487,0.2537611424922943,0.7117462754249573,-0.026879599317908287,0.32466548681259155,0.6697512269020081,-0.025438323616981506,0.3617897629737854,0.6505883932113647,-0.02090081013739109,0.38513100147247314,0.6373551487922668,-0.019288571551442146,0.2720385491847992,0.7641630172729492,-0.03429731726646423,0.32492169737815857,0.7209720611572266,-0.029200997203588486,0.3538694977760315,0.7002121806144714,-0.019480686634778976,0.3746647238731384,0.6838060021400452,-0.012347926385700703
352,0.8281262516975403,0.8272939920425415,1.685305903720291e-07,0.8186945915222168,0.722103476524353,0.00722166895866394,0.7767221331596375,0.6391491293907166,0.005887381732463837,0.7417877912521362,0.567686140537262,0.0038634093943983316,0.7341827154159546,0.5092697143554688,-0.00042947023757733405,0.7194099426269531,0.6377230286598206,-0.01363569125533104,0.6326696872711182,0.6153532862663269,-0.021605780348181725,0.5852333903312683,0.6102395057678223,-0.02673608809709549,0.5481168031692505,0.6072074174880981,-0.03036811761558056,0.6991920471191406,0.6927633881568909,-0.022500840947031975,0.6051262021064758,0.6621277332305908,-0.03172377496957779,0.5509300231933594,0.6453015208244324,-0.03796815872192383,0.510860800743103,0.6320974230766296,-0.04285409301519394,0.6840388178825378,0.7514798045158386,-0.029050398617982864,0.5999637842178345,0.7129886150360107,-0.03566766530275345,0.5516418218612671,0.6913807988166809,-0.0387842133641243,0.5156546235084534,0.6754551529884338,-0.04130014032125473,0.6755987405776978,0.8086398839950562,-0.03403007611632347,0.6097953915596008,0.7639352679252625,-0.03881620243191719,0.576643168926239,0.7416371703147888,-0.03725138679146767,0.5488049983978271,0.7213082313537598,-0.03522208705544472,0.12025164067745209,0.8367995619773865,5.033850811742013e-07,0.10853003710508347,0.7396823763847351,-0.004025403410196304,0.11604292690753937,0.638828456401825,-0.013913359493017197,0.12176060676574707,0.5634971857070923,-0.02374948188662529,0.11839686334133148,0.507909893989563,-0.033696338534355164,0.18245534598827362,0.6109734773635864,-0.019775301218032837,0.2593206465244293,0.5630987882614136,-0.03188025951385498,0.30271002650260925,0.5391072034835815,-0.039043039083480835,0.3340718150138855,0.5231879949569702,-0.04225318878889084,0.2122475951910019,0.654066264629364,-0.026927856728434563,0.294093519449234,0.5974135994911194,-0.03137465566396713,0.339101105928421,0.5657761693000793,-0.03267926722764969,0.37178611755371094,0.5399428606033325,-0.03467973694205284,0.23775261640548706,0.7041308283805847,-0.033983394503593445,0.31191742420196533,0.6444613337516785,-0.035481732338666916,0.35270917415618896,0.6111931204795837,-0.03383921459317207,0.38087695837020874,0.5847647786140442,-0.03440726920962334,0.2578296661376953,0.7550156712532043,-0.04140481725335121,0.31148019433021545,0.6998726725578308,-0.04067978635430336,0.34171557426452637,0.6696426272392273,-0.03464328125119209,0.3647924065589905,0.6435726881027222,-0.030263779684901237
353,0.8292337656021118,0.8032280802726746,2.1068518663014402e-07,0.8216846585273743,0.699418842792511,0.00980683509260416,0.7858768701553345,0.6146129965782166,0.008253187872469425,0.7546017169952393,0.5430094599723816,0.004902638960629702,0.7486377954483032,0.487039715051651,-0.000523253926075995,0.7284859418869019,0.6127005815505981,-0.012575589120388031,0.6427910327911377,0.5783448219299316,-0.020366692915558815,0.5973307490348816,0.5651109218597412,-0.023958174511790276,0.5627295970916748,0.5573302507400513,-0.02587616629898548,0.7071526050567627,0.6599223017692566,-0.023836059495806694,0.6162133812904358,0.6136311888694763,-0.031759534031152725,0.5630912780761719,0.5918858051300049,-0.03610062226653099,0.5247924327850342,0.5775507688522339,-0.0389922596514225,0.69046950340271,0.712184488773346,-0.03266767039895058,0.6101093888282776,0.6615009903907776,-0.037514783442020416,0.561983585357666,0.6356335878372192,-0.039982832968235016,0.5269458889961243,0.617515504360199,-0.04212196543812752,0.6795863509178162,0.7661710977554321,-0.03994843736290932,0.6176647543907166,0.7162274718284607,-0.0430045984685421,0.5833000540733337,0.6925892233848572,-0.04056910052895546,0.5552412867546082,0.6725482940673828,-0.037969257682561874,0.124587781727314,0.8705657720565796,5.393595756686409e-07,0.12048960477113724,0.7656635046005249,-0.0021501914598047733,0.13501492142677307,0.6647260785102844,-0.012301996350288391,0.1474364995956421,0.5864459276199341,-0.02215600572526455,0.15222987532615662,0.527774453163147,-0.03219130262732506,0.20286403596401215,0.6533273458480835,-0.02909446321427822,0.2922630310058594,0.6107666492462158,-0.04332565888762474,0.3402178883552551,0.5930156707763672,-0.049777284264564514,0.3757643401622772,0.5814849138259888,-0.052173320204019547,0.2304811179637909,0.7031272649765015,-0.037097860127687454,0.3247692584991455,0.6492363214492798,-0.04483501985669136,0.3764716386795044,0.6213396787643433,-0.045806944370269775,0.4132208824157715,0.599021315574646,-0.04711371287703514,0.25409334897994995,0.7562628984451294,-0.04390590265393257,0.3367610573768616,0.6979435086250305,-0.04754358530044556,0.38339105248451233,0.6681228876113892,-0.04532378539443016,0.4145474135875702,0.6447967290878296,-0.04494819417595863,0.27216464281082153,0.8076562881469727,-0.050605446100234985,0.3348056674003601,0.7552712559700012,-0.050630345940589905,0.36987027525901794,0.7259163856506348,-0.04432975500822067,0.39610254764556885,0.7011427283287048,-0.0394606776535511
354,0.8389310836791992,0.8355364799499512,6.511196914971151e-08,0.8288337588310242,0.7375926971435547,0.005786839406937361,0.7794281840324402,0.6414387226104736,0.0037730801850557327,0.7428944110870361,0.567436695098877,0.001353961182758212,0.7407378554344177,0.509925365447998,-0.003908803686499596,0.7383617758750916,0.6297861933708191,-0.02377762831747532,0.6500999331474304,0.5996136665344238,-0.03704020753502846,0.5972226858139038,0.5900395512580872,-0.044253475964069366,0.5568574070930481,0.5853968262672424,-0.04887480288743973,0.7202700972557068,0.6819996237754822,-0.03370702639222145,0.6248449087142944,0.6479743123054504,-0.04615095257759094,0.5673738121986389,0.6320585608482361,-0.051477253437042236,0.5250223875045776,0.6215160489082336,-0.05531543865799904,0.7018123865127563,0.7413523197174072,-0.04142927750945091,0.6142588257789612,0.7071540355682373,-0.04990946874022484,0.5633984804153442,0.686507523059845,-0.05131302773952484,0.5255403518676758,0.6706370115280151,-0.05284225940704346,0.6857339143753052,0.805263340473175,-0.04797431454062462,0.618898868560791,0.7680787444114685,-0.05436321720480919,0.5827769637107849,0.7488454580307007,-0.05323239415884018,0.5526731014251709,0.7307593822479248,-0.05171900615096092,0.11327208578586578,0.8484053611755371,5.010087988921441e-07,0.10250390321016312,0.7480406761169434,-0.0008874345803633332,0.11093506217002869,0.6476960778236389,-0.010395113378763199,0.11821233481168747,0.5718110799789429,-0.020587613806128502,0.11506658792495728,0.5150631666183472,-0.031174851581454277,0.18090659379959106,0.6249306201934814,-0.018460627645254135,0.2586548626422882,0.5713045597076416,-0.028845272958278656,0.3027588725090027,0.5462073683738708,-0.033475033938884735,0.3338564336299896,0.5301543474197388,-0.03441689908504486,0.20995691418647766,0.6690238118171692,-0.026328083127737045,0.29145297408103943,0.6041180491447449,-0.02973066084086895,0.3353336751461029,0.5700918436050415,-0.028845608234405518,0.36673980951309204,0.5436150431632996,-0.028626583516597748,0.23436036705970764,0.718820333480835,-0.03367161378264427,0.3083145022392273,0.651725709438324,-0.03369538113474846,0.3473685383796692,0.6164339184761047,-0.030068613588809967,0.37256747484207153,0.5904202461242676,-0.028638970106840134,0.2541542053222656,0.767661452293396,-0.04117045924067497,0.30801427364349365,0.7031948566436768,-0.03882228210568428,0.33716103434562683,0.6698593497276306,-0.031184887513518333,0.35796964168548584,0.6436271071434021,-0.025089474394917488
355,0.8328056335449219,0.8555905818939209,1.1905404306844503e-07,0.813095211982727,0.7485663890838623,0.005165374372154474,0.7644627690315247,0.6614857912063599,0.0007780418382026255,0.7239135503768921,0.5922711491584778,-0.0050711981020867825,0.7134334444999695,0.5326140522956848,-0.013502893969416618,0.7179697155952454,0.672989010810852,-0.01846780627965927,0.6249499320983887,0.6516620516777039,-0.03255648538470268,0.5734350085258484,0.6464537382125854,-0.04143790155649185,0.5320630073547363,0.6443500518798828,-0.04704522341489792,0.7022185325622559,0.7300602793693542,-0.029137199744582176,0.6035603880882263,0.7008459568023682,-0.04266742244362831,0.5445213317871094,0.6845371127128601,-0.05132048949599266,0.5005926489830017,0.6742066144943237,-0.0582202710211277,0.6887558698654175,0.7894836664199829,-0.03810470551252365,0.5975560545921326,0.7567594051361084,-0.048228733241558075,0.5453237891197205,0.7376554608345032,-0.05172520875930786,0.5058579444885254,0.7242500185966492,-0.05479587987065315,0.6783095002174377,0.8465557098388672,-0.04589872807264328,0.606763482093811,0.8071044683456421,-0.05358794704079628,0.5691630840301514,0.7861250638961792,-0.053363073617219925,0.5372623205184937,0.7677013874053955,-0.052553918212652206,0.11262237280607224,0.8500937223434448,4.7011207016112166e-07,0.10127278417348862,0.7531893849372864,0.0007805000641383231,0.10950689017772675,0.6503062844276428,-0.007245413027703762,0.11696074157953262,0.5726729035377502,-0.01574564538896084,0.11508229374885559,0.5164334177970886,-0.02460210770368576,0.1720466911792755,0.6262453198432922,-0.020063331350684166,0.25204116106033325,0.5726259350776672,-0.031717006117105484,0.29689472913742065,0.5469321608543396,-0.03744589537382126,0.32911890745162964,0.5298042893409729,-0.03928467258810997,0.20104850828647614,0.6661866903305054,-0.02882290631532669,0.28675705194473267,0.6043985486030579,-0.03185843303799629,0.333610862493515,0.5715647339820862,-0.031081071123480797,0.36675065755844116,0.5458220839500427,-0.031669508665800095,0.22718405723571777,0.7139483690261841,-0.03684519603848457,0.3050650656223297,0.649852454662323,-0.03650911897420883,0.3481864333152771,0.6134478449821472,-0.034009452909231186,0.37771016359329224,0.5850562453269958,-0.034350551664829254,0.24930314719676971,0.7631920576095581,-0.04477323591709137,0.3050939440727234,0.7052592039108276,-0.04294972121715546,0.33619874715805054,0.6744595766067505,-0.03688906133174896,0.35882455110549927,0.6491149663925171,-0.03263487666845322
356,0.8335250020027161,0.8371290564537048,2.1923771953424875e-07,0.8277742862701416,0.731427788734436,0.006466167513281107,0.7796800136566162,0.6448917984962463,0.005007279105484486,0.7389892935752869,0.5748207569122314,0.0026570071931928396,0.7327141165733337,0.516595721244812,-0.001336278161033988,0.7259753346443176,0.6375523805618286,-0.013883749954402447,0.6397340297698975,0.6028410196304321,-0.02168434113264084,0.5911957025527954,0.5902692079544067,-0.02579805627465248,0.554922878742218,0.5860162377357483,-0.028301388025283813,0.7038580179214478,0.6901965737342834,-0.022599099203944206,0.6108220815658569,0.6455169320106506,-0.029987629503011703,0.5595046281814575,0.6259743571281433,-0.034014392644166946,0.5240300893783569,0.6150870323181152,-0.036841604858636856,0.6856009364128113,0.7466555833816528,-0.02906402200460434,0.6022962331771851,0.6948452591896057,-0.03319777548313141,0.5556608438491821,0.6692107319831848,-0.03455166518688202,0.523357629776001,0.6534003019332886,-0.036293067038059235,0.6732845902442932,0.8036161661148071,-0.0342656634747982,0.6100743412971497,0.7528905868530273,-0.03633000701665878,0.5762024521827698,0.7281760573387146,-0.033008888363838196,0.5492106080055237,0.7069821953773499,-0.030033329501748085,0.11939006298780441,0.8961824178695679,5.081473091195221e-07,0.11798267811536789,0.7932040691375732,-0.0013176804641261697,0.13947226107120514,0.690589189529419,-0.01076083816587925,0.1655692160129547,0.6117362380027771,-0.020676717162132263,0.1793249249458313,0.5496476888656616,-0.030962496995925903,0.20261545479297638,0.6729026436805725,-0.026087457314133644,0.2905726432800293,0.6281268000602722,-0.04225529730319977,0.34218329191207886,0.612822413444519,-0.05077151581645012,0.3797531723976135,0.6062929630279541,-0.053964998573064804,0.22750148177146912,0.7212703824043274,-0.035531677305698395,0.32410797476768494,0.668738842010498,-0.04327714815735817,0.37777793407440186,0.6449086666107178,-0.044594407081604004,0.41593050956726074,0.6265857219696045,-0.045740481466054916,0.24947774410247803,0.7759988903999329,-0.044110797345638275,0.3343513011932373,0.7184352278709412,-0.04761200770735741,0.38277751207351685,0.6883304715156555,-0.044452037662267685,0.41557830572128296,0.666904091835022,-0.043411385267972946,0.2673317790031433,0.8300654888153076,-0.052798982709646225,0.33071833848953247,0.7770835757255554,-0.05230589210987091,0.367519736289978,0.7475258111953735,-0.04474174603819847,0.3964632749557495,0.7247136831283569,-0.03879767656326294
357,0.0,0.0,0.0,0.0,0.0,0.0,0.0,0.0,0.0,0.0,0.0,0.0,0.0,0.0,0.0,0.0,0.0,0.0,0.0,0.0,0.0,0.0,0.0,0.0,0.0,0.0,0.0,0.0,0.0,0.0,0.0,0.0,0.0,0.0,0.0,0.0,0.0,0.0,0.0,0.0,0.0,0.0,0.0,0.0,0.0,0.0,0.0,0.0,0.0,0.0,0.0,0.0,0.0,0.0,0.0,0.0,0.0,0.0,0.0,0.0,0.0,0.0,0.0,0.06273773312568665,0.9285403490066528,4.42340763129323e-07,0.06969907879829407,0.8287228345870972,-0.0023587532341480255,0.10833118855953217,0.7219094038009644,-0.012744290754199028,0.1427203118801117,0.6394354104995728,-0.022746145725250244,0.14945213496685028,0.5726410150527954,-0.033647842705249786,0.1309715211391449,0.7068127393722534,-0.040373869240283966,0.2138405591249466,0.6344456076622009,-0.06251627951860428,0.2663704752922058,0.6036822199821472,-0.0709574967622757,0.30703139305114746,0.583543598651886,-0.07380654662847519,0.1541820615530014,0.7583994269371033,-0.05203353241086006,0.24911926686763763,0.6821517944335938,-0.07003668695688248,0.30846935510635376,0.6428210735321045,-0.0744578093290329,0.3540319800376892,0.6152758598327637,-0.07675501704216003,0.17623941600322723,0.818312406539917,-0.0624808706343174,0.2644616961479187,0.7439491748809814,-0.07722819596529007,0.3180312514305115,0.7017720937728882,-0.08020097762346268,0.3581507205963135,0.6703706383705139,-0.0814996212720871,0.19819612801074982,0.8791747689247131,-0.07222932577133179,0.26641908288002014,0.8096537590026855,-0.08403167873620987,0.308696448802948,0.7680208683013916,-0.08537795394659042,0.3456466794013977,0.732848048210144,-0.08495102822780609
358,0.0,0.0,0.0,0.0,0.0,0.0,0.0,0.0,0.0,0.0,0.0,0.0,0.0,0.0,0.0,0.0,0.0,0.0,0.0,0.0,0.0,0.0,0.0,0.0,0.0,0.0,0.0,0.0,0.0,0.0,0.0,0.0,0.0,0.0,0.0,0.0,0.0,0.0,0.0,0.0,0.0,0.0,0.0,0.0,0.0,0.0,0.0,0.0,0.0,0.0,0.0,0.0,0.0,0.0,0.0,0.0,0.0,0.0,0.0,0.0,0.0,0.0,0.0,0.0,0.0,0.0,0.0,0.0,0.0,0.0,0.0,0.0,0.0,0.0,0.0,0.0,0.0,0.0,0.0,0.0,0.0,0.0,0.0,0.0,0.0,0.0,0.0,0.0,0.0,0.0,0.0,0.0,0.0,0.0,0.0,0.0,0.0,0.0,0.0,0.0,0.0,0.0,0.0,0.0,0.0,0.0,0.0,0.0,0.0,0.0,0.0,0.0,0.0,0.0,0.0,0.0,0.0,0.0,0.0,0.0,0.0,0.0,0.0,0.0,0.0,0.0
359,0.0,0.0,0.0,0.0,0.0,0.0,0.0,0.0,0.0,0.0,0.0,0.0,0.0,0.0,0.0,0.0,0.0,0.0,0.0,0.0,0.0,0.0,0.0,0.0,0.0,0.0,0.0,0.0,0.0,0.0,0.0,0.0,0.0,0.0,0.0,0.0,0.0,0.0,0.0,0.0,0.0,0.0,0.0,0.0,0.0,0.0,0.0,0.0,0.0,0.0,0.0,0.0,0.0,0.0,0.0,0.0,0.0,0.0,0.0,0.0,0.0,0.0,0.0,0.0,0.0,0.0,0.0,0.0,0.0,0.0,0.0,0.0,0.0,0.0,0.0,0.0,0.0,0.0,0.0,0.0,0.0,0.0,0.0,0.0,0.0,0.0,0.0,0.0,0.0,0.0,0.0,0.0,0.0,0.0,0.0,0.0,0.0,0.0,0.0,0.0,0.0,0.0,0.0,0.0,0.0,0.0,0.0,0.0,0.0,0.0,0.0,0.0,0.0,0.0,0.0,0.0,0.0,0.0,0.0,0.0,0.0,0.0,0.0,0.0,0.0,0.0
360,0.0,0.0,0.0,0.0,0.0,0.0,0.0,0.0,0.0,0.0,0.0,0.0,0.0,0.0,0.0,0.0,0.0,0.0,0.0,0.0,0.0,0.0,0.0,0.0,0.0,0.0,0.0,0.0,0.0,0.0,0.0,0.0,0.0,0.0,0.0,0.0,0.0,0.0,0.0,0.0,0.0,0.0,0.0,0.0,0.0,0.0,0.0,0.0,0.0,0.0,0.0,0.0,0.0,0.0,0.0,0.0,0.0,0.0,0.0,0.0,0.0,0.0,0.0,0.0,0.0,0.0,0.0,0.0,0.0,0.0,0.0,0.0,0.0,0.0,0.0,0.0,0.0,0.0,0.0,0.0,0.0,0.0,0.0,0.0,0.0,0.0,0.0,0.0,0.0,0.0,0.0,0.0,0.0,0.0,0.0,0.0,0.0,0.0,0.0,0.0,0.0,0.0,0.0,0.0,0.0,0.0,0.0,0.0,0.0,0.0,0.0,0.0,0.0,0.0,0.0,0.0,0.0,0.0,0.0,0.0,0.0,0.0,0.0,0.0,0.0,0.0
361,0.0,0.0,0.0,0.0,0.0,0.0,0.0,0.0,0.0,0.0,0.0,0.0,0.0,0.0,0.0,0.0,0.0,0.0,0.0,0.0,0.0,0.0,0.0,0.0,0.0,0.0,0.0,0.0,0.0,0.0,0.0,0.0,0.0,0.0,0.0,0.0,0.0,0.0,0.0,0.0,0.0,0.0,0.0,0.0,0.0,0.0,0.0,0.0,0.0,0.0,0.0,0.0,0.0,0.0,0.0,0.0,0.0,0.0,0.0,0.0,0.0,0.0,0.0,0.0,0.0,0.0,0.0,0.0,0.0,0.0,0.0,0.0,0.0,0.0,0.0,0.0,0.0,0.0,0.0,0.0,0.0,0.0,0.0,0.0,0.0,0.0,0.0,0.0,0.0,0.0,0.0,0.0,0.0,0.0,0.0,0.0,0.0,0.0,0.0,0.0,0.0,0.0,0.0,0.0,0.0,0.0,0.0,0.0,0.0,0.0,0.0,0.0,0.0,0.0,0.0,0.0,0.0,0.0,0.0,0.0,0.0,0.0,0.0,0.0,0.0,0.0
362,0.0,0.0,0.0,0.0,0.0,0.0,0.0,0.0,0.0,0.0,0.0,0.0,0.0,0.0,0.0,0.0,0.0,0.0,0.0,0.0,0.0,0.0,0.0,0.0,0.0,0.0,0.0,0.0,0.0,0.0,0.0,0.0,0.0,0.0,0.0,0.0,0.0,0.0,0.0,0.0,0.0,0.0,0.0,0.0,0.0,0.0,0.0,0.0,0.0,0.0,0.0,0.0,0.0,0.0,0.0,0.0,0.0,0.0,0.0,0.0,0.0,0.0,0.0,0.0,0.0,0.0,0.0,0.0,0.0,0.0,0.0,0.0,0.0,0.0,0.0,0.0,0.0,0.0,0.0,0.0,0.0,0.0,0.0,0.0,0.0,0.0,0.0,0.0,0.0,0.0,0.0,0.0,0.0,0.0,0.0,0.0,0.0,0.0,0.0,0.0,0.0,0.0,0.0,0.0,0.0,0.0,0.0,0.0,0.0,0.0,0.0,0.0,0.0,0.0,0.0,0.0,0.0,0.0,0.0,0.0,0.0,0.0,0.0,0.0,0.0,0.0
363,0.0,0.0,0.0,0.0,0.0,0.0,0.0,0.0,0.0,0.0,0.0,0.0,0.0,0.0,0.0,0.0,0.0,0.0,0.0,0.0,0.0,0.0,0.0,0.0,0.0,0.0,0.0,0.0,0.0,0.0,0.0,0.0,0.0,0.0,0.0,0.0,0.0,0.0,0.0,0.0,0.0,0.0,0.0,0.0,0.0,0.0,0.0,0.0,0.0,0.0,0.0,0.0,0.0,0.0,0.0,0.0,0.0,0.0,0.0,0.0,0.0,0.0,0.0,0.0,0.0,0.0,0.0,0.0,0.0,0.0,0.0,0.0,0.0,0.0,0.0,0.0,0.0,0.0,0.0,0.0,0.0,0.0,0.0,0.0,0.0,0.0,0.0,0.0,0.0,0.0,0.0,0.0,0.0,0.0,0.0,0.0,0.0,0.0,0.0,0.0,0.0,0.0,0.0,0.0,0.0,0.0,0.0,0.0,0.0,0.0,0.0,0.0,0.0,0.0,0.0,0.0,0.0,0.0,0.0,0.0,0.0,0.0,0.0,0.0,0.0,0.0
364,0.0,0.0,0.0,0.0,0.0,0.0,0.0,0.0,0.0,0.0,0.0,0.0,0.0,0.0,0.0,0.0,0.0,0.0,0.0,0.0,0.0,0.0,0.0,0.0,0.0,0.0,0.0,0.0,0.0,0.0,0.0,0.0,0.0,0.0,0.0,0.0,0.0,0.0,0.0,0.0,0.0,0.0,0.0,0.0,0.0,0.0,0.0,0.0,0.0,0.0,0.0,0.0,0.0,0.0,0.0,0.0,0.0,0.0,0.0,0.0,0.0,0.0,0.0,0.0,0.0,0.0,0.0,0.0,0.0,0.0,0.0,0.0,0.0,0.0,0.0,0.0,0.0,0.0,0.0,0.0,0.0,0.0,0.0,0.0,0.0,0.0,0.0,0.0,0.0,0.0,0.0,0.0,0.0,0.0,0.0,0.0,0.0,0.0,0.0,0.0,0.0,0.0,0.0,0.0,0.0,0.0,0.0,0.0,0.0,0.0,0.0,0.0,0.0,0.0,0.0,0.0,0.0,0.0,0.0,0.0,0.0,0.0,0.0,0.0,0.0,0.0
365,0.0,0.0,0.0,0.0,0.0,0.0,0.0,0.0,0.0,0.0,0.0,0.0,0.0,0.0,0.0,0.0,0.0,0.0,0.0,0.0,0.0,0.0,0.0,0.0,0.0,0.0,0.0,0.0,0.0,0.0,0.0,0.0,0.0,0.0,0.0,0.0,0.0,0.0,0.0,0.0,0.0,0.0,0.0,0.0,0.0,0.0,0.0,0.0,0.0,0.0,0.0,0.0,0.0,0.0,0.0,0.0,0.0,0.0,0.0,0.0,0.0,0.0,0.0,0.0,0.0,0.0,0.0,0.0,0.0,0.0,0.0,0.0,0.0,0.0,0.0,0.0,0.0,0.0,0.0,0.0,0.0,0.0,0.0,0.0,0.0,0.0,0.0,0.0,0.0,0.0,0.0,0.0,0.0,0.0,0.0,0.0,0.0,0.0,0.0,0.0,0.0,0.0,0.0,0.0,0.0,0.0,0.0,0.0,0.0,0.0,0.0,0.0,0.0,0.0,0.0,0.0,0.0,0.0,0.0,0.0,0.0,0.0,0.0,0.0,0.0,0.0
366,0.0,0.0,0.0,0.0,0.0,0.0,0.0,0.0,0.0,0.0,0.0,0.0,0.0,0.0,0.0,0.0,0.0,0.0,0.0,0.0,0.0,0.0,0.0,0.0,0.0,0.0,0.0,0.0,0.0,0.0,0.0,0.0,0.0,0.0,0.0,0.0,0.0,0.0,0.0,0.0,0.0,0.0,0.0,0.0,0.0,0.0,0.0,0.0,0.0,0.0,0.0,0.0,0.0,0.0,0.0,0.0,0.0,0.0,0.0,0.0,0.0,0.0,0.0,0.0,0.0,0.0,0.0,0.0,0.0,0.0,0.0,0.0,0.0,0.0,0.0,0.0,0.0,0.0,0.0,0.0,0.0,0.0,0.0,0.0,0.0,0.0,0.0,0.0,0.0,0.0,0.0,0.0,0.0,0.0,0.0,0.0,0.0,0.0,0.0,0.0,0.0,0.0,0.0,0.0,0.0,0.0,0.0,0.0,0.0,0.0,0.0,0.0,0.0,0.0,0.0,0.0,0.0,0.0,0.0,0.0,0.0,0.0,0.0,0.0,0.0,0.0
367,0.0,0.0,0.0,0.0,0.0,0.0,0.0,0.0,0.0,0.0,0.0,0.0,0.0,0.0,0.0,0.0,0.0,0.0,0.0,0.0,0.0,0.0,0.0,0.0,0.0,0.0,0.0,0.0,0.0,0.0,0.0,0.0,0.0,0.0,0.0,0.0,0.0,0.0,0.0,0.0,0.0,0.0,0.0,0.0,0.0,0.0,0.0,0.0,0.0,0.0,0.0,0.0,0.0,0.0,0.0,0.0,0.0,0.0,0.0,0.0,0.0,0.0,0.0,0.0,0.0,0.0,0.0,0.0,0.0,0.0,0.0,0.0,0.0,0.0,0.0,0.0,0.0,0.0,0.0,0.0,0.0,0.0,0.0,0.0,0.0,0.0,0.0,0.0,0.0,0.0,0.0,0.0,0.0,0.0,0.0,0.0,0.0,0.0,0.0,0.0,0.0,0.0,0.0,0.0,0.0,0.0,0.0,0.0,0.0,0.0,0.0,0.0,0.0,0.0,0.0,0.0,0.0,0.0,0.0,0.0,0.0,0.0,0.0,0.0,0.0,0.0
368,0.0,0.0,0.0,0.0,0.0,0.0,0.0,0.0,0.0,0.0,0.0,0.0,0.0,0.0,0.0,0.0,0.0,0.0,0.0,0.0,0.0,0.0,0.0,0.0,0.0,0.0,0.0,0.0,0.0,0.0,0.0,0.0,0.0,0.0,0.0,0.0,0.0,0.0,0.0,0.0,0.0,0.0,0.0,0.0,0.0,0.0,0.0,0.0,0.0,0.0,0.0,0.0,0.0,0.0,0.0,0.0,0.0,0.0,0.0,0.0,0.0,0.0,0.0,0.0,0.0,0.0,0.0,0.0,0.0,0.0,0.0,0.0,0.0,0.0,0.0,0.0,0.0,0.0,0.0,0.0,0.0,0.0,0.0,0.0,0.0,0.0,0.0,0.0,0.0,0.0,0.0,0.0,0.0,0.0,0.0,0.0,0.0,0.0,0.0,0.0,0.0,0.0,0.0,0.0,0.0,0.0,0.0,0.0,0.0,0.0,0.0,0.0,0.0,0.0,0.0,0.0,0.0,0.0,0.0,0.0,0.0,0.0,0.0,0.0,0.0,0.0
369,0.0,0.0,0.0,0.0,0.0,0.0,0.0,0.0,0.0,0.0,0.0,0.0,0.0,0.0,0.0,0.0,0.0,0.0,0.0,0.0,0.0,0.0,0.0,0.0,0.0,0.0,0.0,0.0,0.0,0.0,0.0,0.0,0.0,0.0,0.0,0.0,0.0,0.0,0.0,0.0,0.0,0.0,0.0,0.0,0.0,0.0,0.0,0.0,0.0,0.0,0.0,0.0,0.0,0.0,0.0,0.0,0.0,0.0,0.0,0.0,0.0,0.0,0.0,0.0,0.0,0.0,0.0,0.0,0.0,0.0,0.0,0.0,0.0,0.0,0.0,0.0,0.0,0.0,0.0,0.0,0.0,0.0,0.0,0.0,0.0,0.0,0.0,0.0,0.0,0.0,0.0,0.0,0.0,0.0,0.0,0.0,0.0,0.0,0.0,0.0,0.0,0.0,0.0,0.0,0.0,0.0,0.0,0.0,0.0,0.0,0.0,0.0,0.0,0.0,0.0,0.0,0.0,0.0,0.0,0.0,0.0,0.0,0.0,0.0,0.0,0.0
370,0.0,0.0,0.0,0.0,0.0,0.0,0.0,0.0,0.0,0.0,0.0,0.0,0.0,0.0,0.0,0.0,0.0,0.0,0.0,0.0,0.0,0.0,0.0,0.0,0.0,0.0,0.0,0.0,0.0,0.0,0.0,0.0,0.0,0.0,0.0,0.0,0.0,0.0,0.0,0.0,0.0,0.0,0.0,0.0,0.0,0.0,0.0,0.0,0.0,0.0,0.0,0.0,0.0,0.0,0.0,0.0,0.0,0.0,0.0,0.0,0.0,0.0,0.0,0.0,0.0,0.0,0.0,0.0,0.0,0.0,0.0,0.0,0.0,0.0,0.0,0.0,0.0,0.0,0.0,0.0,0.0,0.0,0.0,0.0,0.0,0.0,0.0,0.0,0.0,0.0,0.0,0.0,0.0,0.0,0.0,0.0,0.0,0.0,0.0,0.0,0.0,0.0,0.0,0.0,0.0,0.0,0.0,0.0,0.0,0.0,0.0,0.0,0.0,0.0,0.0,0.0,0.0,0.0,0.0,0.0,0.0,0.0,0.0,0.0,0.0,0.0
