frame_index,0,1,2,3,4,5,6,7,8,9,10,11,12,13,14,15,16,17,18,19,20,21,22,23,24,25,26,27,28,29,30,31,32,33,34,35,36,37,38,39,40,41,42,43,44,45,46,47,48,49,50,51,52,53,54,55,56,57,58,59,60,61,62,63,64,65,66,67,68,69,70,71,72,73,74,75,76,77,78,79,80,81,82,83,84,85,86,87,88,89,90,91,92,93,94,95,96,97,98,99,100,101,102,103,104,105,106,107,108,109,110,111,112,113,114,115,116,117,118,119,120,121,122,123,124,125
0,0.0,0.0,0.0,0.0,0.0,0.0,0.0,0.0,0.0,0.0,0.0,0.0,0.0,0.0,0.0,0.0,0.0,0.0,0.0,0.0,0.0,0.0,0.0,0.0,0.0,0.0,0.0,0.0,0.0,0.0,0.0,0.0,0.0,0.0,0.0,0.0,0.0,0.0,0.0,0.0,0.0,0.0,0.0,0.0,0.0,0.0,0.0,0.0,0.0,0.0,0.0,0.0,0.0,0.0,0.0,0.0,0.0,0.0,0.0,0.0,0.0,0.0,0.0,0.0,0.0,0.0,0.0,0.0,0.0,0.0,0.0,0.0,0.0,0.0,0.0,0.0,0.0,0.0,0.0,0.0,0.0,0.0,0.0,0.0,0.0,0.0,0.0,0.0,0.0,0.0,0.0,0.0,0.0,0.0,0.0,0.0,0.0,0.0,0.0,0.0,0.0,0.0,0.0,0.0,0.0,0.0,0.0,0.0,0.0,0.0,0.0,0.0,0.0,0.0,0.0,0.0,0.0,0.0,0.0,0.0,0.0,0.0,0.0,0.0,0.0,0.0
1,0.7223801016807556,0.7941077351570129,-6.93659103490063e-07,0.7240732312202454,0.679347038269043,4.387732042232528e-05,0.7104412913322449,0.5714632868766785,-0.01979789137840271,0.672599196434021,0.5032532215118408,-0.04146190732717514,0.6357248425483704,0.47921112179756165,-0.06384366005659103,0.7121977210044861,0.5169285535812378,-0.04483289644122124,0.6379682421684265,0.49072006344795227,-0.07487087696790695,0.650197446346283,0.5260862112045288,-0.09023808687925339,0.6741070747375488,0.5387033224105835,-0.09963392466306686,0.7122678160667419,0.5665690302848816,-0.06114916875958443,0.6230841279029846,0.5498335957527161,-0.08895231038331985,0.6427446007728577,0.5796239972114563,-0.08978766202926636,0.676867663860321,0.5891559720039368,-0.09086518734693527,0.7030600309371948,0.6266108751296997,-0.07595694810152054,0.61929851770401,0.6152867674827576,-0.0994199812412262,0.642207145690918,0.6405977606773376,-0.0821765810251236,0.6739885210990906,0.6476276516914368,-0.0703292191028595,0.688217282295227,0.6874232888221741,-0.0902794674038887,0.6243976354598999,0.6805019974708557,-0.1034264862537384,0.6431997418403625,0.6980863809585571,-0.08732083439826965,0.6708828806877136,0.7025853395462036,-0.0748215988278389,0.21709513664245605,0.8997975587844849,-2.691622285055928e-07,0.22910760343074799,0.7692051529884338,-0.021515952423214912,0.2989997863769531,0.6487140655517578,-0.04858400672674179,0.3800327479839325,0.6082248091697693,-0.07289457321166992,0.4287841022014618,0.6383510231971741,-0.09374605119228363,0.27335619926452637,0.6349576115608215,-0.07569000124931335,0.4141049385070801,0.6371710300445557,-0.11192985624074936,0.39913615584373474,0.6794180870056152,-0.12801487743854523,0.3562459349632263,0.688216507434845,-0.13890011608600616,0.28377002477645874,0.7182420492172241,-0.08674082159996033,0.4318885803222656,0.7163782715797424,-0.11516688019037247,0.4011768102645874,0.7472878694534302,-0.11279381066560745,0.3552882671356201,0.754170835018158,-0.11480996012687683,0.30036649107933044,0.7997173070907593,-0.09789373725652695,0.4326235055923462,0.7872632741928101,-0.11536071449518204,0.40213248133659363,0.8093128204345703,-0.09950720518827438,0.3600941002368927,0.8125181198120117,-0.09228552132844925,0.31955909729003906,0.8748992681503296,-0.11191694438457489,0.4249444007873535,0.8525281548500061,-0.11457673460245132,0.39893704652786255,0.8681745529174805,-0.09898341447114944,0.35846471786499023,0.8757997751235962,-0.09166605770587921
2,0.0,0.0,0.0,0.0,0.0,0.0,0.0,0.0,0.0,0.0,0.0,0.0,0.0,0.0,0.0,0.0,0.0,0.0,0.0,0.0,0.0,0.0,0.0,0.0,0.0,0.0,0.0,0.0,0.0,0.0,0.0,0.0,0.0,0.0,0.0,0.0,0.0,0.0,0.0,0.0,0.0,0.0,0.0,0.0,0.0,0.0,0.0,0.0,0.0,0.0,0.0,0.0,0.0,0.0,0.0,0.0,0.0,0.0,0.0,0.0,0.0,0.0,0.0,0.23785147070884705,0.9324461221694946,1.7402184937509446e-07,0.22399702668190002,0.8200841546058655,0.005380685906857252,0.25395044684410095,0.7055846452713013,-0.0071630352176725864,0.30408361554145813,0.632986307144165,-0.022069506347179413,0.3507814109325409,0.5970038175582886,-0.03488517180085182,0.2608609199523926,0.6514604687690735,-0.030167026445269585,0.35472357273101807,0.6029379367828369,-0.056399326771497726,0.3847982883453369,0.6006693243980408,-0.07003501057624817,0.3854201138019562,0.5965690612792969,-0.077299103140831,0.27834662795066833,0.6884912848472595,-0.047556936740875244,0.3780566453933716,0.6396265029907227,-0.06504003703594208,0.39792314171791077,0.6434510946273804,-0.06624051183462143,0.3907410502433777,0.6447464823722839,-0.06882118433713913,0.29816657304763794,0.7451648116111755,-0.06402269750833511,0.38750016689300537,0.69631028175354,-0.07499188929796219,0.4006151556968689,0.7071005702018738,-0.06415534019470215,0.39057600498199463,0.7152369022369385,-0.05890890955924988,0.31711047887802124,0.8118939995765686,-0.08026784658432007,0.37401527166366577,0.7662742733955383,-0.08473747968673706,0.37961578369140625,0.7697655558586121,-0.07317832112312317,0.36743152141571045,0.7757301330566406,-0.06518158316612244
3,0.0,0.0,0.0,0.0,0.0,0.0,0.0,0.0,0.0,0.0,0.0,0.0,0.0,0.0,0.0,0.0,0.0,0.0,0.0,0.0,0.0,0.0,0.0,0.0,0.0,0.0,0.0,0.0,0.0,0.0,0.0,0.0,0.0,0.0,0.0,0.0,0.0,0.0,0.0,0.0,0.0,0.0,0.0,0.0,0.0,0.0,0.0,0.0,0.0,0.0,0.0,0.0,0.0,0.0,0.0,0.0,0.0,0.0,0.0,0.0,0.0,0.0,0.0,0.3139840364456177,0.8345845341682434,-2.549107307459053e-07,0.32034003734588623,0.7210366129875183,-0.0014394086319953203,0.34631913900375366,0.6205055713653564,-0.01903277449309826,0.37468793988227844,0.5566470623016357,-0.038969434797763824,0.39188528060913086,0.5339450836181641,-0.055471669882535934,0.3090856969356537,0.5787659883499146,-0.03880218416452408,0.39914900064468384,0.5439058542251587,-0.07060744613409042,0.39818862080574036,0.5841506719589233,-0.08656418323516846,0.36865440011024475,0.6051641702651978,-0.09555457532405853,0.3126722276210785,0.6299554705619812,-0.05556448549032211,0.42371124029159546,0.6036550998687744,-0.08050915598869324,0.41133901476860046,0.6377559900283813,-0.08114169538021088,0.3726988732814789,0.652230441570282,-0.08295686542987823,0.3279334306716919,0.69114089012146,-0.07232300192117691,0.4318033456802368,0.6691845059394836,-0.08862151950597763,0.41729068756103516,0.6950914859771729,-0.07483796775341034,0.3815276026725769,0.7018980979919434,-0.0679434984922409,0.3496527671813965,0.7549094557762146,-0.08980653434991837,0.43069151043891907,0.7311985492706299,-0.0940837413072586,0.4177626967430115,0.7512067556381226,-0.07953301817178726,0.38537752628326416,0.755489706993103,-0.07144614309072495
4,0.7462060451507568,0.7864125967025757,-6.30384874966694e-07,0.7324579358100891,0.6781156063079834,-0.0009125998476520181,0.7073923349380493,0.569586992263794,-0.01544890832155943,0.6634443402290344,0.5064561367034912,-0.031406983733177185,0.6311361789703369,0.4705197215080261,-0.046998318284749985,0.7272750735282898,0.5217455625534058,-0.03253405541181564,0.6372884511947632,0.5020217299461365,-0.06230233982205391,0.6359984278678894,0.5345396995544434,-0.07585889101028442,0.6538670063018799,0.5380030274391174,-0.0827360525727272,0.7277220487594604,0.5688943266868591,-0.046482738107442856,0.6207132339477539,0.5627402067184448,-0.07811827212572098,0.6310712695121765,0.5972105860710144,-0.08030718564987183,0.6629689931869507,0.6004051566123962,-0.07913632690906525,0.7181321382522583,0.6244372725486755,-0.06022840738296509,0.6156611442565918,0.6234185695648193,-0.08867622911930084,0.6287921667098999,0.6529684066772461,-0.07464458048343658,0.6589546203613281,0.6507557034492493,-0.06137402355670929,0.7011390924453735,0.6806172728538513,-0.07337913662195206,0.6192952990531921,0.6804915070533752,-0.0909213200211525,0.633812665939331,0.7021546959877014,-0.07942059636116028,0.6616388559341431,0.7001250982284546,-0.06792549788951874,0.2901083528995514,0.8638031482696533,-2.8120427941757953e-07,0.3104945421218872,0.7631546854972839,-0.019099384546279907,0.34332144260406494,0.6673604249954224,-0.04205022007226944,0.3784489333629608,0.6166239380836487,-0.06440723687410355,0.40079134702682495,0.6062003970146179,-0.08425296097993851,0.31099098920822144,0.61372309923172,-0.05583178997039795,0.3978044390678406,0.6208499670028687,-0.096950002014637,0.3973848223686218,0.6759023070335388,-0.12468098104000092,0.37449949979782104,0.7033690214157104,-0.14262835681438446,0.3035273551940918,0.6736699342727661,-0.0670534148812294,0.42232489585876465,0.7025333642959595,-0.09862168878316879,0.4009867310523987,0.7450547218322754,-0.10613113641738892,0.3658962547779083,0.7620542049407959,-0.11355140060186386,0.3078398108482361,0.7459807395935059,-0.07956251502037048,0.42515677213668823,0.7755067348480225,-0.10286693274974823,0.3997803032398224,0.8014875054359436,-0.09467112272977829,0.3638726770877838,0.8108728528022766,-0.09050291031599045,0.3154463768005371,0.8194388151168823,-0.09492871165275574,0.4126285910606384,0.8383941650390625,-0.1074659451842308,0.39339369535446167,0.8573242425918579,-0.09806178510189056,0.36150872707366943,0.8650652170181274,-0.09144555032253265
5,0.0,0.0,0.0,0.0,0.0,0.0,0.0,0.0,0.0,0.0,0.0,0.0,0.0,0.0,0.0,0.0,0.0,0.0,0.0,0.0,0.0,0.0,0.0,0.0,0.0,0.0,0.0,0.0,0.0,0.0,0.0,0.0,0.0,0.0,0.0,0.0,0.0,0.0,0.0,0.0,0.0,0.0,0.0,0.0,0.0,0.0,0.0,0.0,0.0,0.0,0.0,0.0,0.0,0.0,0.0,0.0,0.0,0.0,0.0,0.0,0.0,0.0,0.0,0.33801230788230896,0.8725842833518982,-2.237867988696962e-07,0.38599780201911926,0.8108091354370117,-0.01307939738035202,0.4045566916465759,0.734534502029419,-0.02305768057703972,0.39398065209388733,0.6675758361816406,-0.033733680844306946,0.37633055448532104,0.6275835037231445,-0.04156273230910301,0.36333534121513367,0.6314476132392883,-0.008161266334354877,0.3913801908493042,0.6228116750717163,-0.03727862238883972,0.37845584750175476,0.6694352030754089,-0.05785477161407471,0.3623564541339874,0.6904168725013733,-0.06928791105747223,0.3278319835662842,0.6311965584754944,-0.013624129816889763,0.36814993619918823,0.6400953531265259,-0.03887391835451126,0.35710856318473816,0.6867915987968445,-0.047601137310266495,0.3413654565811157,0.7124263048171997,-0.05053943395614624,0.2975437045097351,0.6487123370170593,-0.022694222629070282,0.3407495319843292,0.6587551832199097,-0.04576091095805168,0.33083581924438477,0.6999566555023193,-0.04146133363246918,0.3159228265285492,0.725399911403656,-0.034530580043792725,0.27175772190093994,0.6787195205688477,-0.03351801261305809,0.3027053475379944,0.6775285601615906,-0.04853561520576477,0.3015623688697815,0.7112792134284973,-0.04260803014039993,0.2940711975097656,0.7325028777122498,-0.03384922817349434
6,0.0,0.0,0.0,0.0,0.0,0.0,0.0,0.0,0.0,0.0,0.0,0.0,0.0,0.0,0.0,0.0,0.0,0.0,0.0,0.0,0.0,0.0,0.0,0.0,0.0,0.0,0.0,0.0,0.0,0.0,0.0,0.0,0.0,0.0,0.0,0.0,0.0,0.0,0.0,0.0,0.0,0.0,0.0,0.0,0.0,0.0,0.0,0.0,0.0,0.0,0.0,0.0,0.0,0.0,0.0,0.0,0.0,0.0,0.0,0.0,0.0,0.0,0.0,0.3208399713039398,0.8312593102455139,-6.348940928546654e-08,0.33782273530960083,0.7360424399375916,-0.012372290715575218,0.35619789361953735,0.6424809098243713,-0.027480538934469223,0.37440788745880127,0.5789669752120972,-0.04261944442987442,0.38732224702835083,0.5317345261573792,-0.054330065846443176,0.29603052139282227,0.5885781645774841,-0.0385839119553566,0.38880616426467896,0.5749430656433105,-0.06914788484573364,0.39297744631767273,0.622930109500885,-0.08332531899213791,0.3704140782356262,0.6363228559494019,-0.09224069863557816,0.29133349657058716,0.633430004119873,-0.048055507242679596,0.40330222249031067,0.6232450604438782,-0.07460356503725052,0.3977999985218048,0.6671309471130371,-0.07684570550918579,0.37294042110443115,0.6744844913482666,-0.07884950190782547,0.30092883110046387,0.6902347803115845,-0.058931946754455566,0.4090215861797333,0.6786320805549622,-0.08358504623174667,0.39914488792419434,0.7191523313522339,-0.0755872055888176,0.3749037981033325,0.7243077158927917,-0.06962184607982635,0.3198118507862091,0.7500648498535156,-0.0708957314491272,0.40880876779556274,0.7360194325447083,-0.08594095706939697,0.39797210693359375,0.764136791229248,-0.08072923868894577,0.37151187658309937,0.7700221538543701,-0.07629187405109406
7,0.7423601746559143,0.8409265875816345,-3.6806821412938007e-07,0.7250073552131653,0.7441132068634033,-0.0053042033687233925,0.692440390586853,0.6487847566604614,-0.024475621059536934,0.6403491497039795,0.6062752604484558,-0.04248097166419029,0.6057045459747314,0.6017207503318787,-0.06197946518659592,0.724570631980896,0.6265175938606262,-0.05700203403830528,0.6238309144973755,0.6168266534805298,-0.08482491970062256,0.6265498399734497,0.6283686757087708,-0.09587837755680084,0.6481749415397644,0.6321687698364258,-0.10040466487407684,0.7232205271720886,0.6933707594871521,-0.06918875873088837,0.5988650321960449,0.6824306845664978,-0.09708992391824722,0.6148707866668701,0.6968287229537964,-0.09913520514965057,0.6541321277618408,0.7083459496498108,-0.09960915148258209,0.7111390233039856,0.7603921890258789,-0.07874757051467896,0.5943227410316467,0.7506638765335083,-0.10220275074243546,0.6125847101211548,0.762432336807251,-0.08784940838813782,0.6478601694107056,0.7684518098831177,-0.0761411264538765,0.6888070106506348,0.8280734419822693,-0.08763521909713745,0.5983911752700806,0.815403938293457,-0.10427658259868622,0.6150180101394653,0.822394847869873,-0.09108037501573563,0.6448837518692017,0.8261447548866272,-0.07942301779985428,0.3249662518501282,0.7951081991195679,-1.8043739657969127e-07,0.344244122505188,0.690675675868988,-0.012301309034228325,0.3645765483379364,0.5835848450660706,-0.026803839951753616,0.3842979371547699,0.5179153680801392,-0.041182827204465866,0.39128556847572327,0.506016731262207,-0.05190166458487511,0.30196884274482727,0.5581747889518738,-0.04457662254571915,0.40142762660980225,0.5539478063583374,-0.07658014446496964,0.40343737602233887,0.6033616065979004,-0.08966197073459625,0.37559279799461365,0.6104729771614075,-0.09840511530637741,0.2964889407157898,0.6167348623275757,-0.05664878711104393,0.41659635305404663,0.6130898594856262,-0.08729269355535507,0.40887436270713806,0.6589701771736145,-0.08958300203084946,0.3810689151287079,0.6587082147598267,-0.0916876420378685,0.3059561550617218,0.6814634799957275,-0.06974289566278458,0.4197944402694702,0.6736134886741638,-0.09683409333229065,0.4089674949645996,0.7116015553474426,-0.09017490595579147,0.3832681179046631,0.710935652256012,-0.08490940183401108,0.3254917860031128,0.7448172569274902,-0.08411361277103424,0.4194403290748596,0.7262533903121948,-0.10007680952548981,0.40842947363853455,0.7475355267524719,-0.09649824351072311,0.38123655319213867,0.7529498338699341,-0.093490831553936
8,0.7285929322242737,0.82439124584198,-2.984867535360536e-07,0.69324791431427,0.7307122349739075,-0.013105327263474464,0.6604111194610596,0.6454184055328369,-0.031318750232458115,0.6319571733474731,0.5867591500282288,-0.04839819669723511,0.6178185939788818,0.548827052116394,-0.06341826170682907,0.715289831161499,0.6017642021179199,-0.042004894465208054,0.6119287014007568,0.6068562865257263,-0.07756564766168594,0.6177640557289124,0.644232988357544,-0.09230946749448776,0.6467141509056091,0.6483477354049683,-0.09826017916202545,0.7234182953834534,0.6549766063690186,-0.05018908157944679,0.6012763381004333,0.6696902513504028,-0.08456132560968399,0.615202784538269,0.6970173120498657,-0.08617246896028519,0.645302951335907,0.6978546977043152,-0.0851651206612587,0.718126654624939,0.7155347466468811,-0.060143277049064636,0.6016367673873901,0.7239227890968323,-0.0919446051120758,0.6181142330169678,0.7444235682487488,-0.07928397506475449,0.6505016684532166,0.7435188889503479,-0.06698796153068542,0.7041523456573486,0.7776734232902527,-0.0704575702548027,0.6088482141494751,0.7757787108421326,-0.0932711809873581,0.6226890087127686,0.7869480848312378,-0.08723034709692001,0.6545019149780273,0.7827117443084717,-0.07872435450553894,0.3301231563091278,0.8114001750946045,-1.984785455988458e-07,0.35243797302246094,0.697236180305481,-0.01249047089368105,0.37069109082221985,0.5873304605484009,-0.027024781331419945,0.38636454939842224,0.5258433222770691,-0.041619058698415756,0.3976028561592102,0.5336511135101318,-0.05283951759338379,0.29622024297714233,0.5649374127388,-0.042013365775346756,0.39485523104667664,0.5638523697853088,-0.07213704288005829,0.4010098874568939,0.615519642829895,-0.08543728291988373,0.37326836585998535,0.6271440386772156,-0.09484704583883286,0.28761744499206543,0.6268005967140198,-0.05420490354299545,0.4068577289581299,0.6268266439437866,-0.08222083747386932,0.40355780720710754,0.671843945980072,-0.08480269461870193,0.3749920129776001,0.6748946309089661,-0.08785734325647354,0.29511934518814087,0.696229875087738,-0.06727323681116104,0.41014739871025085,0.6927889585494995,-0.09236752241849899,0.40443384647369385,0.7303321361541748,-0.08597500622272491,0.38002294301986694,0.7331392765045166,-0.08125930279493332,0.3129676878452301,0.7636996507644653,-0.08187183737754822,0.4088793694972992,0.7516377568244934,-0.0956878662109375,0.40407976508140564,0.7708074450492859,-0.09132492542266846,0.3811918795108795,0.7753739953041077,-0.08820551633834839
9,0.7198987603187561,0.781018853187561,-3.03070862628374e-07,0.686743438243866,0.6861313581466675,-0.014489395543932915,0.6594114899635315,0.6023977994918823,-0.03245902061462402,0.6318824291229248,0.5409247875213623,-0.04824342578649521,0.6135277152061462,0.4896478056907654,-0.06192224100232124,0.7160407900810242,0.5516053438186646,-0.04567059129476547,0.6191561222076416,0.5530934929847717,-0.07479947060346603,0.6164858937263489,0.5930520296096802,-0.08353222161531448,0.641402542591095,0.6039829850196838,-0.08706445246934891,0.7222688794136047,0.6029219627380371,-0.05296453833580017,0.602733850479126,0.6120451092720032,-0.08036831766366959,0.6108667254447937,0.644452691078186,-0.07878120243549347,0.6392078995704651,0.6475237011909485,-0.07807417958974838,0.7165619134902954,0.663800060749054,-0.06162090599536896,0.5999765396118164,0.6694138646125793,-0.08840534836053848,0.6121495366096497,0.6946900486946106,-0.07632630318403244,0.6428432464599609,0.6946678757667542,-0.067348413169384,0.7031420469284058,0.7265660166740417,-0.07081350684165955,0.6056857705116272,0.7257905602455139,-0.09422429651021957,0.6144126057624817,0.7381114363670349,-0.0918361023068428,0.642750084400177,0.7334624528884888,-0.08732286095619202,0.3274601995944977,0.8381544351577759,-1.4271206794091995e-07,0.3471640646457672,0.714292585849762,-0.018201855942606926,0.36311858892440796,0.607858419418335,-0.03367288410663605,0.3781338930130005,0.5505999326705933,-0.0481848269701004,0.39279571175575256,0.555849552154541,-0.05871503800153732,0.2873033583164215,0.6014494895935059,-0.045077864080667496,0.39834532141685486,0.597398579120636,-0.07658188790082932,0.4059419333934784,0.6442614793777466,-0.08862430602312088,0.37614569067955017,0.6542205214500427,-0.09648139774799347,0.2820552885532379,0.665672242641449,-0.05455584451556206,0.4122655391693115,0.6627190113067627,-0.08618710190057755,0.40945327281951904,0.7060441970825195,-0.0889260396361351,0.3774501383304596,0.7084745764732361,-0.09068595618009567,0.2915967106819153,0.7364189624786377,-0.06559360027313232,0.412362277507782,0.7299396991729736,-0.09477236866950989,0.40820401906967163,0.7616338729858398,-0.08899126201868057,0.38123518228530884,0.7619950771331787,-0.0831666961312294,0.3092499077320099,0.8048539161682129,-0.07863020896911621,0.40683701634407043,0.7937402129173279,-0.09746133536100388,0.408304363489151,0.8046770691871643,-0.0951971560716629,0.3878714442253113,0.8061290979385376,-0.0920325517654419
10,0.720253586769104,0.7579591274261475,-3.1732793104310986e-07,0.689059853553772,0.6658948063850403,-0.009081482887268066,0.6628433465957642,0.5786789059638977,-0.023413175716996193,0.6351120471954346,0.5138131380081177,-0.03684605285525322,0.6120198369026184,0.4732663631439209,-0.04732712730765343,0.70819091796875,0.5366134643554688,-0.03503265604376793,0.6056448221206665,0.534023106098175,-0.06278271228075027,0.6082919836044312,0.5787686109542847,-0.07025709748268127,0.6364718079566956,0.5861688256263733,-0.07232020795345306,0.7088581323623657,0.5880486369132996,-0.043949324637651443,0.5959850549697876,0.5911772847175598,-0.0702892318367958,0.6084293127059937,0.6269555687904358,-0.0662132278084755,0.637061357498169,0.629655659198761,-0.061925455927848816,0.7000322937965393,0.6457762718200684,-0.05415944382548332,0.5962274670600891,0.651971697807312,-0.07641356438398361,0.6103485226631165,0.680896520614624,-0.06236093118786812,0.640562117099762,0.6811513900756836,-0.051454685628414154,0.6876270771026611,0.7050716280937195,-0.06510743498802185,0.6012832522392273,0.7093435525894165,-0.08067519217729568,0.6127187609672546,0.7248435616493225,-0.07534495741128922,0.6412007212638855,0.7226941585540771,-0.06902863085269928,0.31851717829704285,0.8448309302330017,-2.3212480471102026e-07,0.33979201316833496,0.7318947315216064,-0.013181972317397594,0.3565157651901245,0.6281442642211914,-0.02862834930419922,0.37339645624160767,0.5649194717407227,-0.044671978801488876,0.39066001772880554,0.5464962720870972,-0.05781945586204529,0.29185545444488525,0.6090144515037537,-0.043027617037296295,0.39920952916145325,0.6082624197006226,-0.07766630500555038,0.40077775716781616,0.6534829139709473,-0.09503228962421417,0.3695560395717621,0.6599135398864746,-0.10717397928237915,0.28548750281333923,0.6740082502365112,-0.05587257817387581,0.4111657738685608,0.669426441192627,-0.09013555943965912,0.40158945322036743,0.7101173400878906,-0.09684543311595917,0.3721195161342621,0.7097769975662231,-0.10262520611286163,0.2948538661003113,0.743208646774292,-0.06979143619537354,0.4138474464416504,0.7348577976226807,-0.09890390932559967,0.4017581641674042,0.7676531076431274,-0.09282448887825012,0.37495651841163635,0.7681958675384521,-0.08822327852249146,0.3125353157520294,0.8084505796432495,-0.08561946451663971,0.4091495871543884,0.7891493439674377,-0.10432902723550797,0.40060681104660034,0.8047571778297424,-0.10202237963676453,0.37507081031799316,0.8072645664215088,-0.09975475817918777
11,0.7173337340354919,0.7729566693305969,-4.465520930807543e-07,0.6790769100189209,0.6833695769309998,-0.00780506944283843,0.6489394903182983,0.5982084274291992,-0.02186988666653633,0.6241905689239502,0.535677433013916,-0.03559553623199463,0.6077537536621094,0.48806408047676086,-0.047071706503629684,0.6996856331825256,0.5421893000602722,-0.03578194975852966,0.6002119183540344,0.5425156354904175,-0.06507138162851334,0.603805661201477,0.5907531380653381,-0.07583407312631607,0.6315380334854126,0.5980347394943237,-0.0803636834025383,0.705241322517395,0.5937822461128235,-0.04549527168273926,0.5917716026306152,0.6041771173477173,-0.07274648547172546,0.6049208641052246,0.6395062208175659,-0.07058436423540115,0.6341641545295715,0.6408925652503967,-0.06817768514156342,0.6991744637489319,0.6529392600059509,-0.056365519762039185,0.5927168130874634,0.6648359894752502,-0.08065412193536758,0.608206033706665,0.6932166814804077,-0.06687676906585693,0.6395895481109619,0.6923466920852661,-0.055952928960323334,0.6870102286338806,0.7146096229553223,-0.06763514876365662,0.5979206562042236,0.7182907462120056,-0.08556029945611954,0.6109646558761597,0.7352376580238342,-0.07927604764699936,0.6405688524246216,0.7341116666793823,-0.07179299741983414,0.3103979527950287,0.833886981010437,-1.7987007083775097e-07,0.3322373628616333,0.7176331877708435,-0.015651172026991844,0.35034558176994324,0.6048629879951477,-0.030712898820638657,0.3721334636211395,0.545762300491333,-0.0459938570857048,0.3944055736064911,0.5477352738380432,-0.05770254135131836,0.2913595139980316,0.5973163843154907,-0.041503991931676865,0.39746493101119995,0.600896418094635,-0.07551393657922745,0.3973371684551239,0.6516537070274353,-0.09078080207109451,0.36774832010269165,0.6574124693870544,-0.10113789886236191,0.2849179804325104,0.6630802750587463,-0.05263802781701088,0.4089512526988983,0.6600719094276428,-0.08640152215957642,0.4001195430755615,0.7046312689781189,-0.0908098891377449,0.372781366109848,0.7039190530776978,-0.0938258245587349,0.2921513319015503,0.7319186925888062,-0.06554608792066574,0.4099160432815552,0.7251257300376892,-0.09546263515949249,0.39868777990341187,0.7601155638694763,-0.08970212936401367,0.3731567859649658,0.7602353096008301,-0.08391193300485611,0.308020681142807,0.7959223389625549,-0.08032472431659698,0.4052843153476715,0.7776684165000916,-0.09797221422195435,0.39571428298950195,0.7960290908813477,-0.0952024981379509,0.36955052614212036,0.8012597560882568,-0.0922505110502243
12,0.728277325630188,0.788638710975647,-3.932153163077601e-07,0.6901498436927795,0.698970377445221,-0.01230919174849987,0.6507779359817505,0.616760790348053,-0.03006388060748577,0.6191819906234741,0.5595067739486694,-0.04659469053149223,0.6017725467681885,0.5120676755905151,-0.060615360736846924,0.7038756012916565,0.5650035738945007,-0.044044967740774155,0.5997650623321533,0.571620523929596,-0.07738204300403595,0.6040407419204712,0.6179991960525513,-0.08910917490720749,0.6333364844322205,0.6266855001449585,-0.0939420610666275,0.7110580801963806,0.619941234588623,-0.05364786088466644,0.5898728370666504,0.6304651498794556,-0.08521682769060135,0.6028681993484497,0.6663572788238525,-0.08369007706642151,0.6332614421844482,0.6683738827705383,-0.08140686899423599,0.7050085663795471,0.6829475164413452,-0.06490733474493027,0.5903674364089966,0.6904119253158569,-0.09502275288105011,0.6061403751373291,0.7200834155082703,-0.08053027093410492,0.6391850113868713,0.7197138071060181,-0.06820123642683029,0.691276490688324,0.7477962374687195,-0.07663644850254059,0.5970646142959595,0.7482976317405701,-0.10086298733949661,0.6107491254806519,0.7653836011886597,-0.09527108073234558,0.6423494219779968,0.7638733983039856,-0.08726539462804794,0.32690784335136414,0.8187622427940369,-1.668519473696506e-07,0.3428012430667877,0.6977083683013916,-0.016254916787147522,0.35707375407218933,0.5892341136932373,-0.03331998735666275,0.3733115792274475,0.5341909527778625,-0.05036819353699684,0.3923209309577942,0.5406277775764465,-0.06337437033653259,0.2902231812477112,0.5764361023902893,-0.045316182076931,0.39454811811447144,0.5790070295333862,-0.07892351597547531,0.39316365122795105,0.6283074617385864,-0.09372886270284653,0.3621537983417511,0.633743166923523,-0.10411567986011505,0.284620076417923,0.6433525085449219,-0.05658477544784546,0.40644052624702454,0.6426533460617065,-0.08958233147859573,0.3958495259284973,0.6836533546447754,-0.09348759055137634,0.36595550179481506,0.6830796003341675,-0.09715977311134338,0.2929779589176178,0.713720977306366,-0.0694211944937706,0.4090503752231598,0.7088751196861267,-0.09770962595939636,0.39583736658096313,0.7412272691726685,-0.09177473932504654,0.36838269233703613,0.7404906749725342,-0.0870654508471489,0.30921998620033264,0.7798992395401001,-0.08425824344158173,0.4049147069454193,0.7641521692276001,-0.10040634125471115,0.395609974861145,0.7784485816955566,-0.09779538959264755,0.36923518776893616,0.7824782729148865,-0.09583190083503723
13,0.7338863015174866,0.8265499472618103,-4.0272007595376635e-07,0.7048318982124329,0.7385183572769165,-0.009539246559143066,0.665060818195343,0.6565858721733093,-0.026091348379850388,0.6275739073753357,0.6005111336708069,-0.04213077947497368,0.6047471165657043,0.5586757659912109,-0.05590788275003433,0.7018038630485535,0.601426899433136,-0.03880724683403969,0.5951950550079346,0.6039404273033142,-0.07418818026781082,0.6047710180282593,0.648482620716095,-0.08907433599233627,0.6368626952171326,0.6553367972373962,-0.09513857215642929,0.7061927318572998,0.6549124121665955,-0.04819227010011673,0.5871961116790771,0.6664947867393494,-0.08015918731689453,0.6058116555213928,0.7000023126602173,-0.07999110966920853,0.6376183032989502,0.7012283205986023,-0.0777333453297615,0.6997557282447815,0.7185925245285034,-0.05902634561061859,0.5897448062896729,0.7316497564315796,-0.08653927594423294,0.6094200611114502,0.7577198147773743,-0.07196833193302155,0.6436161994934082,0.7559359669685364,-0.05935882776975632,0.686894416809082,0.786266565322876,-0.07031071931123734,0.594897449016571,0.7901761531829834,-0.0904669314622879,0.6123677492141724,0.8043975830078125,-0.0833122655749321,0.645829439163208,0.8027257919311523,-0.07412412017583847,0.3212084174156189,0.7982485890388489,-2.2036940094949387e-07,0.34441861510276794,0.6838831901550293,-0.010740512050688267,0.3605297803878784,0.5786114931106567,-0.024725334718823433,0.3741194009780884,0.5170319676399231,-0.03900294378399849,0.3844253420829773,0.5102086067199707,-0.04975702986121178,0.28662002086639404,0.5600869655609131,-0.041262973099946976,0.3919399082660675,0.5582845211029053,-0.07319261133670807,0.3955525755882263,0.6061545014381409,-0.08764869719743729,0.36469563841819763,0.6133168935775757,-0.0980871170759201,0.27840274572372437,0.6232515573501587,-0.05427088961005211,0.4016839563846588,0.6203466653823853,-0.08643430471420288,0.39609652757644653,0.6622695922851562,-0.09179089963436127,0.36765092611312866,0.6619601249694824,-0.0972408652305603,0.28687411546707153,0.6907373070716858,-0.06798835843801498,0.4035814106464386,0.6855614185333252,-0.09485455602407455,0.39435142278671265,0.7202008366584778,-0.08935695886611938,0.36706432700157166,0.7197386622428894,-0.08615875989198685,0.3054670989513397,0.7544282674789429,-0.08321124315261841,0.39917439222335815,0.739891529083252,-0.09991326928138733,0.39073634147644043,0.7578176856040955,-0.09850369393825531,0.3626762926578522,0.7608023881912231,-0.09787584841251373
14,0.7336452603340149,0.8347805142402649,-3.863097788325831e-07,0.6988383531570435,0.7445348501205444,-0.00787385180592537,0.6616613864898682,0.6601952314376831,-0.02327033318579197,0.6276246309280396,0.604417622089386,-0.03888950124382973,0.6069084405899048,0.5735257267951965,-0.05249335244297981,0.69910728931427,0.610125720500946,-0.034532081335783005,0.5954388380050659,0.6135905981063843,-0.06779332458972931,0.605708658695221,0.6590192914009094,-0.08175484836101532,0.6362016201019287,0.6670782566070557,-0.0874234139919281,0.7056196928024292,0.665706217288971,-0.04514843598008156,0.589730441570282,0.6782116889953613,-0.07606325298547745,0.6086935997009277,0.7091971039772034,-0.07540933787822723,0.6396862864494324,0.7101023197174072,-0.0731196403503418,0.7012336254119873,0.7294241189956665,-0.057317376136779785,0.5932974815368652,0.740410566329956,-0.08459869027137756,0.6122035384178162,0.7661997079849243,-0.07035025209188461,0.6445702314376831,0.7647004127502441,-0.05802290141582489,0.6898921728134155,0.7957521677017212,-0.06975915282964706,0.5967747569084167,0.7972434163093567,-0.08849438279867172,0.6140545010566711,0.8115827441215515,-0.08044490218162537,0.6468381881713867,0.8094411492347717,-0.07134830206632614,0.33223119378089905,0.7885168790817261,-1.578690813630601e-07,0.35214707255363464,0.673270046710968,-0.014008717611432076,0.3633444309234619,0.5639617443084717,-0.02715372107923031,0.3745194673538208,0.508138120174408,-0.04046273231506348,0.38473376631736755,0.51399165391922,-0.05054831504821777,0.2932358980178833,0.5558958053588867,-0.03772564232349396,0.3912886083126068,0.5577775239944458,-0.06878998875617981,0.39451730251312256,0.6028209924697876,-0.08381552994251251,0.3640998601913452,0.6093178987503052,-0.09446089714765549,0.28199121356010437,0.6204090714454651,-0.048543158918619156,0.401481032371521,0.6192260980606079,-0.0783981904387474,0.3961077034473419,0.6581183075904846,-0.08353044092655182,0.36694803833961487,0.6572511792182922,-0.08815009891986847,0.28757718205451965,0.689827561378479,-0.06085699051618576,0.40353575348854065,0.6846649646759033,-0.08788120001554489,0.3953338861465454,0.7163330912590027,-0.08402340859174728,0.36837756633758545,0.7158020734786987,-0.0807543620467186,0.3035852909088135,0.7545919418334961,-0.07502296566963196,0.40115341544151306,0.7427053451538086,-0.09317813813686371,0.39522185921669006,0.7563078999519348,-0.09314724802970886,0.36983948945999146,0.7581757307052612,-0.09238425642251968
15,0.7322936654090881,0.8018722534179688,-2.8633007786993403e-07,0.7012678384780884,0.7086144089698792,-0.009441986680030823,0.6673428416252136,0.6231837868690491,-0.024858515709638596,0.6340053081512451,0.5636664032936096,-0.04022439196705818,0.6176700592041016,0.5230430960655212,-0.05409999191761017,0.719182014465332,0.5788621306419373,-0.032038893550634384,0.6259405016899109,0.5754926204681396,-0.06662926077842712,0.6286625266075134,0.6059027910232544,-0.08303671330213547,0.6528198719024658,0.6076664328575134,-0.09086333215236664,0.7251400947570801,0.6304392218589783,-0.042569223791360855,0.6056172847747803,0.6323326826095581,-0.07578590512275696,0.6176406145095825,0.6614678502082825,-0.07784204185009003,0.6472370624542236,0.6644999384880066,-0.07701563090085983,0.719260036945343,0.6893764138221741,-0.05526911839842796,0.605050802230835,0.6904764771461487,-0.08727674931287766,0.6205309629440308,0.7134775519371033,-0.07412149012088776,0.6514464616775513,0.7138923406600952,-0.06097935885190964,0.7048760652542114,0.7510605454444885,-0.06825336068868637,0.6122673749923706,0.74652099609375,-0.09104613214731216,0.625346302986145,0.7611958980560303,-0.08392535150051117,0.6545423865318298,0.7582046389579773,-0.07472868263721466,0.33405643701553345,0.8065460324287415,-1.8894306208494527e-07,0.35866406559944153,0.7157753705978394,-0.021597007289528847,0.3758728802204132,0.6287039518356323,-0.039116114377975464,0.38391485810279846,0.5697859525680542,-0.05435414984822273,0.3840605616569519,0.5362007021903992,-0.06664316356182098,0.28379586338996887,0.610222578048706,-0.051036812365055084,0.38979893922805786,0.6088177561759949,-0.08379930257797241,0.39773643016815186,0.6476486921310425,-0.10232221335172653,0.3724709749221802,0.6593002676963806,-0.11517173796892166,0.2751094102859497,0.6740754246711731,-0.05726926773786545,0.3999423682689667,0.6688379049301147,-0.08704087883234024,0.39855411648750305,0.7015435695648193,-0.09472030401229858,0.3731997013092041,0.7072177529335022,-0.10280182957649231,0.2856876850128174,0.7410182356834412,-0.06456150114536285,0.4015215039253235,0.7324413061141968,-0.09202354401350021,0.4010127782821655,0.7559423446655273,-0.08707620948553085,0.3801881670951843,0.7570386528968811,-0.08404046297073364,0.304136723279953,0.8037623167037964,-0.07409364730119705,0.39696797728538513,0.7927680015563965,-0.09279820322990417,0.40004804730415344,0.8024307489395142,-0.09021303802728653,0.38247960805892944,0.8018167614936829,-0.08800218254327774
16,0.7273406386375427,0.7618712186813354,-3.5229751915721863e-07,0.6964313983917236,0.66921466588974,-0.00781569816172123,0.6729044914245605,0.5843029618263245,-0.023085635155439377,0.6467035412788391,0.5213783383369446,-0.03717495873570442,0.6278980374336243,0.4772605001926422,-0.04880774766206741,0.7254279851913452,0.5383597612380981,-0.04251060262322426,0.6215345859527588,0.5373799204826355,-0.0672091618180275,0.6259767413139343,0.5847543478012085,-0.07188327610492706,0.6521801352500916,0.5927470922470093,-0.07308024913072586,0.7277185320854187,0.5898957848548889,-0.05157151818275452,0.6102789640426636,0.5957077145576477,-0.07662992179393768,0.6230459213256836,0.6307529807090759,-0.07200740277767181,0.6498531103134155,0.6342201232910156,-0.06914854049682617,0.7187176942825317,0.6500473618507385,-0.06071041524410248,0.6085061430931091,0.65663743019104,-0.08173231035470963,0.6238275766372681,0.684073805809021,-0.06686295568943024,0.6547918915748596,0.6832454204559326,-0.05713250860571861,0.7041253447532654,0.7113306522369385,-0.07008364796638489,0.6106138825416565,0.7130029797554016,-0.08591482788324356,0.6212865114212036,0.7274526357650757,-0.0805491954088211,0.6503580212593079,0.7228397727012634,-0.07536870986223221,0.30809345841407776,0.7917027473449707,3.018775984742206e-08,0.3328723609447479,0.6902742981910706,-0.024031013250350952,0.35899388790130615,0.6055902242660522,-0.04294310882687569,0.38089725375175476,0.5723893642425537,-0.05968170985579491,0.3936336040496826,0.5909386873245239,-0.07585989683866501,0.2936820685863495,0.6393033862113953,-0.06273604184389114,0.4050862789154053,0.6514935493469238,-0.09266356378793716,0.4069925844669342,0.6762441992759705,-0.10785652697086334,0.37698331475257874,0.6769801378250122,-0.11943478137254715,0.2807377576828003,0.7126227617263794,-0.0690147876739502,0.4123772382736206,0.7107664942741394,-0.09212140738964081,0.402163028717041,0.7291839122772217,-0.09339211136102676,0.3681524395942688,0.7270787358283997,-0.09861554205417633,0.28757360577583313,0.780647873878479,-0.07571758329868317,0.4113782048225403,0.7748428583145142,-0.0965273529291153,0.3989267945289612,0.7887877225875854,-0.08533536642789841,0.3682459592819214,0.7835461497306824,-0.07911650091409683,0.30142742395401,0.8409724235534668,-0.08605939894914627,0.4019540548324585,0.8282901048660278,-0.10258033871650696,0.3982747793197632,0.8327782154083252,-0.09709212929010391,0.37770354747772217,0.8344385623931885,-0.09307153522968292
17,0.7480249404907227,0.7847940921783447,-3.1995301696952083e-07,0.7168661952018738,0.6951178908348083,-0.013560472056269646,0.6732439994812012,0.6154087781906128,-0.03441513329744339,0.632396399974823,0.5589115619659424,-0.05346919223666191,0.6121100783348083,0.5072871446609497,-0.07007771730422974,0.7179632186889648,0.560839831829071,-0.05099908262491226,0.6206011176109314,0.5578232407569885,-0.08133312314748764,0.6165144443511963,0.5944560766220093,-0.0874464213848114,0.6396477222442627,0.6044554114341736,-0.08901283890008926,0.7227673530578613,0.6144214868545532,-0.060479748994112015,0.6017135977745056,0.6118957996368408,-0.09133027493953705,0.6113530993461609,0.650664746761322,-0.08690162748098373,0.6409493088722229,0.6568658351898193,-0.08221402764320374,0.7161548137664795,0.6768759489059448,-0.07086169719696045,0.6004055738449097,0.6745602488517761,-0.10075905919075012,0.6149986982345581,0.7071920037269592,-0.08534982800483704,0.6462560296058655,0.7105540037155151,-0.07255319505929947,0.7027069926261902,0.7403607368469238,-0.08154620975255966,0.6086077690124512,0.7382380962371826,-0.10736127942800522,0.6202332973480225,0.7548521161079407,-0.10311757028102875,0.6494458317756653,0.7536035180091858,-0.09591592103242874,0.3242616653442383,0.8499054312705994,-1.4479563503755344e-07,0.35363298654556274,0.7370104789733887,-0.017936253920197487,0.3733546733856201,0.6356041431427002,-0.03334638848900795,0.38618361949920654,0.576137125492096,-0.04742700979113579,0.3885066509246826,0.5688254237174988,-0.058084819465875626,0.2896037697792053,0.612917959690094,-0.043211665004491806,0.393515944480896,0.6123045086860657,-0.0746266096830368,0.40090036392211914,0.6548908948898315,-0.09078750014305115,0.3761761784553528,0.6617765426635742,-0.10179543495178223,0.28128349781036377,0.6753552556037903,-0.05086255818605423,0.40640610456466675,0.6779419183731079,-0.080501988530159,0.40283888578414917,0.710129976272583,-0.08597514778375626,0.37672585248947144,0.7092884182929993,-0.09068123996257782,0.28818830847740173,0.7425877451896667,-0.05999530106782913,0.4070885181427002,0.7426667213439941,-0.08595883846282959,0.40255895256996155,0.7664746642112732,-0.0805659145116806,0.38107120990753174,0.7661572694778442,-0.0758930966258049,0.30383312702178955,0.8050959706306458,-0.07154224067926407,0.4008522629737854,0.7985820174217224,-0.0890832245349884,0.39961642026901245,0.8080992102622986,-0.08817711472511292,0.3801882565021515,0.8083645105361938,-0.0859566181898117
18,0.7417142391204834,0.8351882696151733,-4.137058340347721e-07,0.7063661813735962,0.7467005848884583,-0.008739238604903221,0.6618233919143677,0.6671943068504333,-0.02553713135421276,0.6245056390762329,0.6147706508636475,-0.04236125946044922,0.6031152009963989,0.5781130790710449,-0.05725168064236641,0.701469361782074,0.6180717349052429,-0.03738611191511154,0.5977898836135864,0.6150237321853638,-0.07318145036697388,0.6072815656661987,0.6587810516357422,-0.08975257724523544,0.6397190690040588,0.6662495136260986,-0.09726881980895996,0.7052679657936096,0.6712102890014648,-0.04804792255163193,0.5871921181678772,0.6761646270751953,-0.0801941305398941,0.6049039363861084,0.7079293131828308,-0.08173653483390808,0.6376986503601074,0.7115061283111572,-0.08094862103462219,0.6997061371803284,0.7338517904281616,-0.059966079890728,0.5888423919677734,0.7427089214324951,-0.08709400147199631,0.6082220077514648,0.7676057815551758,-0.07246553897857666,0.6425608992576599,0.7667218446731567,-0.06010840833187103,0.6878949999809265,0.7993103265762329,-0.07243170589208603,0.5956176519393921,0.8011709451675415,-0.0917251706123352,0.6125444769859314,0.8145692944526672,-0.08309284597635269,0.6455324292182922,0.8131515383720398,-0.07328613847494125,0.3266608715057373,0.8099099397659302,-2.0884431251033675e-07,0.35665225982666016,0.7063621878623962,-0.00882837362587452,0.3742384910583496,0.6103655695915222,-0.0186991598457098,0.38383951783180237,0.5456790328025818,-0.02971620298922062,0.38661912083625793,0.5158277750015259,-0.03777704015374184,0.3046647310256958,0.5619821548461914,-0.02371516451239586,0.3963755965232849,0.5594474673271179,-0.05220527946949005,0.40164658427238464,0.6059115529060364,-0.06919043511152267,0.3777282238006592,0.6149797439575195,-0.08085346966981888,0.29267027974128723,0.6166937351226807,-0.034259431064128876,0.40611767768859863,0.6198304295539856,-0.05875270813703537,0.40046393871307373,0.6584763526916504,-0.06498847156763077,0.3745049834251404,0.660295844078064,-0.0707317441701889,0.29505184292793274,0.6802030205726624,-0.04664710909128189,0.4062778651714325,0.6825514435768127,-0.06895192712545395,0.3989848494529724,0.712859570980072,-0.06654181331396103,0.37583687901496887,0.7132922410964966,-0.0648399367928505,0.30754271149635315,0.7434253692626953,-0.06046026572585106,0.3989196717739105,0.7398119568824768,-0.07391563057899475,0.3928093910217285,0.7563539743423462,-0.07299110293388367,0.36961784958839417,0.7590721249580383,-0.07168111205101013
19,0.7243014574050903,0.8237602710723877,-2.8912384664181445e-07,0.6918282508850098,0.7308038473129272,-0.007652675732970238,0.6583013534545898,0.6473720073699951,-0.023970432579517365,0.626331090927124,0.5921403765678406,-0.040568288415670395,0.6047282814979553,0.5563860535621643,-0.05610552430152893,0.70151287317276,0.6092813014984131,-0.037628818303346634,0.6000291109085083,0.6129324436187744,-0.07338847219944,0.6073769330978394,0.6405489444732666,-0.0901809111237526,0.6342328786849976,0.6403730511665344,-0.09706372767686844,0.7065668702125549,0.6609195470809937,-0.04835183173418045,0.5902575850486755,0.671265721321106,-0.08147676289081573,0.6057809591293335,0.6934519410133362,-0.08392579853534698,0.6352598667144775,0.6942316293716431,-0.08349739015102386,0.7006765007972717,0.7190666794776917,-0.060227200388908386,0.5905868411064148,0.7252143025398254,-0.08926881849765778,0.6075500845909119,0.7439391016960144,-0.07602260261774063,0.6376718282699585,0.7439132928848267,-0.06372074782848358,0.6868558526039124,0.7794903516769409,-0.07222342491149902,0.5969697833061218,0.7786999344825745,-0.09151381999254227,0.6111966371536255,0.7905780076980591,-0.08311151713132858,0.6400827169418335,0.78849196434021,-0.07353118807077408,0.32585129141807556,0.7906943559646606,-2.005825905371239e-07,0.3521515727043152,0.6767986416816711,-0.01027008332312107,0.37216833233833313,0.5715917348861694,-0.021840782836079597,0.3868567645549774,0.512580931186676,-0.03427908197045326,0.3903675079345703,0.5119340419769287,-0.04319920390844345,0.3028407692909241,0.5440775156021118,-0.03103438764810562,0.3997653126716614,0.5484558939933777,-0.061618607491254807,0.4020606577396393,0.596653938293457,-0.07757050544023514,0.3709193170070648,0.601429283618927,-0.0891229510307312,0.2927806079387665,0.6017207503318787,-0.044110625982284546,0.4093758165836334,0.6065753698348999,-0.07356145977973938,0.40378254652023315,0.6494426131248474,-0.08059460669755936,0.37426552176475525,0.6464635729789734,-0.08671986311674118,0.2983272075653076,0.6686098575592041,-0.05856172367930412,0.4103526473045349,0.6689567565917969,-0.08490446954965591,0.4026157259941101,0.7058191299438477,-0.08168183267116547,0.3760794997215271,0.7032089233398438,-0.0791674330830574,0.31513553857803345,0.7351892590522766,-0.07448418438434601,0.4070266783237457,0.7235751748085022,-0.090370312333107,0.399595707654953,0.7419843077659607,-0.08884334564208984,0.3729328215122223,0.7441540956497192,-0.0876198336482048
20,0.7263945937156677,0.7723038792610168,-1.4241351209420827e-07,0.6972251534461975,0.6795713305473328,-0.011699504218995571,0.6646131277084351,0.5961729288101196,-0.028147347271442413,0.6330721974372864,0.5324540138244629,-0.04374347999691963,0.6142794489860535,0.4785347878932953,-0.058102741837501526,0.70841383934021,0.5538322925567627,-0.029659243300557137,0.6201229095458984,0.5474058985710144,-0.05950792506337166,0.6137050986289978,0.5576872229576111,-0.07242145389318466,0.6277980208396912,0.545875072479248,-0.07925613224506378,0.715390145778656,0.5986340641975403,-0.03783266246318817,0.5987796187400818,0.5957378149032593,-0.0682365894317627,0.6101233959197998,0.6252459287643433,-0.06928505003452301,0.638213574886322,0.6259275674819946,-0.0683048740029335,0.7099639773368835,0.6508033275604248,-0.048323165625333786,0.5991730093955994,0.6469166874885559,-0.07868469506502151,0.6127585768699646,0.6739568114280701,-0.06667787581682205,0.6406320333480835,0.6742126941680908,-0.0552295558154583,0.6954929828643799,0.7062204480171204,-0.059318240731954575,0.605249285697937,0.7018113732337952,-0.08359242230653763,0.6163114309310913,0.7186799645423889,-0.08030775934457779,0.6421825885772705,0.7159776091575623,-0.07434587925672531,0.32050126791000366,0.8273962736129761,-2.4854131197571405e-07,0.34173473715782166,0.7204887270927429,-0.017381984740495682,0.36300864815711975,0.6194959878921509,-0.03337620943784714,0.3800715506076813,0.5586278438568115,-0.048690345138311386,0.39550256729125977,0.5514594316482544,-0.060157135128974915,0.2924650311470032,0.5934750437736511,-0.041964780539274216,0.4018425941467285,0.5983002781867981,-0.07479939609766006,0.39951494336128235,0.6455423831939697,-0.09162092208862305,0.36917951703071594,0.6534070372581482,-0.10345970839262009,0.28885024785995483,0.6563937664031982,-0.052003875374794006,0.4127609133720398,0.6578215956687927,-0.08240508288145065,0.3979693353176117,0.699367880821228,-0.08649968355894089,0.37034907937049866,0.7030683159828186,-0.09027093648910522,0.29852479696273804,0.7246159315109253,-0.0639323741197586,0.41436290740966797,0.7229336500167847,-0.09042372554540634,0.39831361174583435,0.7556706070899963,-0.0847010537981987,0.3750227391719818,0.7573097944259644,-0.08018410205841064,0.31549277901649475,0.7904739379882812,-0.0781896784901619,0.408836305141449,0.7825424671173096,-0.09399241954088211,0.39608412981033325,0.8005027770996094,-0.09117349982261658,0.37237274646759033,0.8040047287940979,-0.08886316418647766
21,0.7164114117622375,0.7318016290664673,-3.48873498978719e-07,0.6877181529998779,0.6397156715393066,-0.007247021421790123,0.6638199090957642,0.5533595085144043,-0.021343912929296494,0.6361849308013916,0.49256372451782227,-0.03470497950911522,0.6192746758460999,0.4458135962486267,-0.04587263986468315,0.7109353542327881,0.4998878240585327,-0.03705156221985817,0.6096617579460144,0.508741021156311,-0.061033375561237335,0.6155352592468262,0.5545235872268677,-0.0664757713675499,0.6433135271072388,0.5623472332954407,-0.06820379942655563,0.7156066298484802,0.5502559542655945,-0.04636844992637634,0.6003648042678833,0.5616559982299805,-0.0696626827120781,0.6144804358482361,0.5969675779342651,-0.06568461656570435,0.6419721841812134,0.600075900554657,-0.06329212337732315,0.7093400359153748,0.6111517548561096,-0.05599820613861084,0.5991573929786682,0.621523916721344,-0.07628783583641052,0.6159403920173645,0.6513665318489075,-0.06179860234260559,0.6468890905380249,0.6501572728157043,-0.05238906666636467,0.6973674297332764,0.6740151047706604,-0.06592289358377457,0.6038703918457031,0.678844153881073,-0.08224881440401077,0.6160194873809814,0.6958281993865967,-0.07680164277553558,0.6452680230140686,0.6924048662185669,-0.07127658277750015,0.31252849102020264,0.8435558676719666,-1.8969585369177366e-07,0.33309948444366455,0.7327055931091309,-0.017654195427894592,0.35483136773109436,0.6219872832298279,-0.032848432660102844,0.3779546916484833,0.5585715770721436,-0.047426532953977585,0.40304774045944214,0.5599835515022278,-0.058746807277202606,0.2981566786766052,0.6132657527923584,-0.042710382491350174,0.4048996567726135,0.6153964400291443,-0.07619564980268478,0.4045819938182831,0.658827006816864,-0.09296678751707077,0.37393248081207275,0.6658856272697449,-0.10422568023204803,0.2945009469985962,0.6776874661445618,-0.05241077020764351,0.41917455196380615,0.6768589019775391,-0.08439665287733078,0.40711554884910583,0.7150219082832336,-0.08809816837310791,0.37725719809532166,0.7160245180130005,-0.09054744243621826,0.30303311347961426,0.7469576597213745,-0.06405258923768997,0.42021745443344116,0.741468071937561,-0.09221605211496353,0.40689778327941895,0.7689773440361023,-0.0864344984292984,0.3809138536453247,0.7688806653022766,-0.08069039136171341,0.3195531368255615,0.8125969171524048,-0.07787555456161499,0.41500839591026306,0.7992448806762695,-0.09454252570867538,0.4049718976020813,0.810671865940094,-0.09153043478727341,0.38042813539505005,0.8135865926742554,-0.08838103711605072
22,0.7503209710121155,0.7695041298866272,-2.2948466948946589e-07,0.7229217290878296,0.6831801533699036,-0.013232631608843803,0.6790056824684143,0.5984086990356445,-0.0334937684237957,0.6397818922996521,0.5429137349128723,-0.052503254264593124,0.6110333800315857,0.5008808374404907,-0.07224611937999725,0.7169185876846313,0.5697475075721741,-0.04471559822559357,0.6259085536003113,0.5589870810508728,-0.07648670673370361,0.6106885671615601,0.5508133769035339,-0.09185424447059631,0.6170899271965027,0.5304217338562012,-0.10198019444942474,0.7205389142036438,0.6201951503753662,-0.05463186651468277,0.5975884199142456,0.6161931157112122,-0.08648577332496643,0.6086629629135132,0.6516997218132019,-0.08742648363113403,0.6409651637077332,0.6576676964759827,-0.08721217513084412,0.7127360105514526,0.6789697408676147,-0.06586974114179611,0.5983409285545349,0.6803005337715149,-0.09607366472482681,0.6123143434524536,0.708838939666748,-0.0841190367937088,0.644142210483551,0.7095946073532104,-0.07426365464925766,0.6983012557029724,0.7368998527526855,-0.07783547788858414,0.608751654624939,0.7375614643096924,-0.10444176942110062,0.6215683221817017,0.7547984719276428,-0.10167519748210907,0.6500346660614014,0.7535353899002075,-0.09669643640518188,0.31268876791000366,0.809008002281189,-1.8027043324764236e-07,0.340869277715683,0.7028779983520508,-0.008625583723187447,0.36497989296913147,0.608311116695404,-0.022339165210723877,0.38200271129608154,0.5429381728172302,-0.0373428612947464,0.3889789581298828,0.5127278566360474,-0.04973362758755684,0.3013426661491394,0.5693008303642273,-0.03394992649555206,0.38799306750297546,0.5510984659194946,-0.0652153268456459,0.3988272249698639,0.5975017547607422,-0.0835271030664444,0.3797203004360199,0.6167996525764465,-0.09493771195411682,0.29387569427490234,0.6253961324691772,-0.04616709426045418,0.40579649806022644,0.6200911998748779,-0.06942503154277802,0.40157270431518555,0.6578906178474426,-0.07269522547721863,0.375128835439682,0.6678824424743652,-0.07717382162809372,0.29843199253082275,0.6894710063934326,-0.059669338166713715,0.40730714797973633,0.6844892501831055,-0.07955389469861984,0.39626049995422363,0.7121737599372864,-0.07123713195323944,0.37079769372940063,0.7172403335571289,-0.06676977127790451,0.31072676181793213,0.7522777915000916,-0.07462028414011002,0.3984396755695343,0.7405703067779541,-0.084962397813797,0.38925909996032715,0.7564799189567566,-0.07685889303684235,0.3648916482925415,0.7619612216949463,-0.07126274704933167
23,0.7290021181106567,0.8205705285072327,-4.2746484041344956e-07,0.7007004618644714,0.7331696152687073,-0.006608374882489443,0.6646562814712524,0.6490028500556946,-0.022723350673913956,0.6286066174507141,0.5953878164291382,-0.03872273117303848,0.6028774380683899,0.567829430103302,-0.05334939807653427,0.6992844343185425,0.6033920049667358,-0.03998510167002678,0.5966078042984009,0.6012259125709534,-0.0731930285692215,0.6058774590492249,0.6439216136932373,-0.08722863346338272,0.6359423398971558,0.650974690914154,-0.09326503425836563,0.703601598739624,0.6596745252609253,-0.05118204280734062,0.58775794506073,0.662724494934082,-0.08120151609182358,0.604706346988678,0.6934328675270081,-0.08049407601356506,0.6362384557723999,0.6988112926483154,-0.07873530685901642,0.6973570585250854,0.723649799823761,-0.06299714744091034,0.5880745053291321,0.7277727127075195,-0.08807452023029327,0.6069485545158386,0.7530276775360107,-0.07257755845785141,0.6403948664665222,0.7555703520774841,-0.06023574620485306,0.6841590404510498,0.7893755435943604,-0.0749630257487297,0.5934315323829651,0.7862406969070435,-0.09283080697059631,0.6107151508331299,0.7985032796859741,-0.08386994153261185,0.6432971954345703,0.7982637882232666,-0.07453086227178574,0.3258340358734131,0.7666806578636169,-1.5991700763606786e-07,0.3518907427787781,0.6642712354660034,-0.012133372016251087,0.36971962451934814,0.5625791549682617,-0.024334842339158058,0.3841453194618225,0.49993759393692017,-0.03603692725300789,0.3843795657157898,0.4787282943725586,-0.04329191520810127,0.2969135046005249,0.5223234295845032,-0.03887870907783508,0.39464184641838074,0.5189866423606873,-0.06717511266469955,0.3960883915424347,0.5701962113380432,-0.07717715203762054,0.3705030381679535,0.5780966281890869,-0.08364026993513107,0.28851318359375,0.5774781703948975,-0.04878396540880203,0.4063012897968292,0.5791183114051819,-0.07554362714290619,0.3977678418159485,0.6243464350700378,-0.07595748454332352,0.3720482885837555,0.6245788931846619,-0.07732479274272919,0.2957754135131836,0.6398643255233765,-0.0599934384226799,0.4077253043651581,0.6376774311065674,-0.08300594240427017,0.39628976583480835,0.6751887798309326,-0.07591953128576279,0.3712749481201172,0.6730678081512451,-0.07144998013973236,0.3138367235660553,0.7009927034378052,-0.07264767587184906,0.40490520000457764,0.6904597878456116,-0.08566302806138992,0.3920826315879822,0.7133041620254517,-0.08246523886919022,0.36217913031578064,0.71678626537323,-0.08049814403057098
24,0.7242593765258789,0.7705910801887512,-2.8197559842624287e-08,0.7027482390403748,0.6793683171272278,-0.01282082125544548,0.6749508380889893,0.5892137885093689,-0.030510718002915382,0.642366886138916,0.5269299149513245,-0.04658624157309532,0.6226716637611389,0.4948519766330719,-0.06398464739322662,0.7170655131340027,0.5655781030654907,-0.040678106248378754,0.6305810809135437,0.5531642436981201,-0.0719955638051033,0.6165329217910767,0.5318249464035034,-0.09000080078840256,0.6204990148544312,0.4988936185836792,-0.10165396332740784,0.7220143675804138,0.6104425191879272,-0.047923848032951355,0.6030856370925903,0.6095501780509949,-0.07937069982290268,0.6103836297988892,0.6319149732589722,-0.08212370425462723,0.6390590071678162,0.6333191394805908,-0.08317660540342331,0.712969183921814,0.6630464792251587,-0.05655888095498085,0.6015425324440002,0.6564934849739075,-0.08732739835977554,0.6105767488479614,0.6757036447525024,-0.07532177865505219,0.6400496959686279,0.6764330863952637,-0.06404297053813934,0.6945543885231018,0.7170699238777161,-0.06576380878686905,0.6052383184432983,0.7050504684448242,-0.09112075716257095,0.6138160228729248,0.7191151976585388,-0.08753958344459534,0.6407084465026855,0.7190327644348145,-0.08185464888811111,0.3221810460090637,0.7946239709854126,-2.2303619573449396e-07,0.34486719965934753,0.6989938020706177,-0.018064964562654495,0.36506563425064087,0.6049071550369263,-0.035472072660923004,0.37857168912887573,0.5427913069725037,-0.05203241854906082,0.3857872486114502,0.5139031410217285,-0.06564673036336899,0.2916586399078369,0.5750454664230347,-0.04883464053273201,0.38689613342285156,0.5577876567840576,-0.08492196351289749,0.39277929067611694,0.6019240021705627,-0.10410331189632416,0.36685630679130554,0.6186212301254272,-0.11602292209863663,0.28603196144104004,0.6321398019790649,-0.058128099888563156,0.4038545489311218,0.623284101486206,-0.08814940601587296,0.3954331576824188,0.6628024578094482,-0.09195218980312347,0.36465203762054443,0.6757392883300781,-0.09569033235311508,0.29435741901397705,0.6966840028762817,-0.06925368309020996,0.4066374599933624,0.6871341466903687,-0.09531038999557495,0.39352497458457947,0.717876136302948,-0.08750424534082413,0.36519116163253784,0.7252815961837769,-0.08233138918876648,0.3096102774143219,0.7609133720397949,-0.08266814053058624,0.401700496673584,0.7504725456237793,-0.10019276291131973,0.39375993609428406,0.7687369585037231,-0.09557884186506271,0.3696167767047882,0.7744132280349731,-0.09155499190092087
25,0.7253198027610779,0.734280526638031,-3.6604492947844847e-07,0.6944167613983154,0.6421291828155518,-0.006920539774000645,0.671792209148407,0.5563280582427979,-0.02136840857565403,0.6473405361175537,0.49455514550209045,-0.03490909934043884,0.6323810815811157,0.4451213777065277,-0.04577133059501648,0.7245553135871887,0.5014362335205078,-0.03871570900082588,0.6223975419998169,0.5042107105255127,-0.06218308210372925,0.6257321834564209,0.5516511797904968,-0.06651058048009872,0.652533769607544,0.5619027614593506,-0.06755374372005463,0.7276613712310791,0.5511727929115295,-0.04855281487107277,0.6116481423377991,0.5591179728507996,-0.07175573706626892,0.6241936683654785,0.5955726504325867,-0.06726182252168655,0.651389479637146,0.6002585291862488,-0.06456419080495834,0.7197659611701965,0.6112509965896606,-0.05851677060127258,0.6104110479354858,0.6208037734031677,-0.07755766063928604,0.6257458925247192,0.6502161026000977,-0.062445636838674545,0.6559686660766602,0.649933934211731,-0.05308559164404869,0.7067894339561462,0.6731045842170715,-0.06887247413396835,0.6149671673774719,0.674808919429779,-0.08371850848197937,0.6265802383422852,0.6917438507080078,-0.0774095207452774,0.6552361249923706,0.6890795826911926,-0.07153063267469406,0.3182593882083893,0.7958260774612427,-8.24503274543531e-08,0.3383041024208069,0.6948204636573792,-0.02353522926568985,0.3574286103248596,0.6012395024299622,-0.041844867169857025,0.3745110034942627,0.5492640137672424,-0.05834656581282616,0.3893895745277405,0.5507270693778992,-0.07136040925979614,0.2880224585533142,0.6024087071418762,-0.05355663225054741,0.39546337723731995,0.6065886616706848,-0.08623550087213516,0.4012994170188904,0.6458612680435181,-0.0993649810552597,0.37072768807411194,0.6512101888656616,-0.1078462079167366,0.28024303913116455,0.6684192419052124,-0.06079566106200218,0.4089968800544739,0.6674230694770813,-0.09270332008600235,0.4012449383735657,0.7052831649780273,-0.09486156702041626,0.36832016706466675,0.7068150043487549,-0.09657301753759384,0.28885748982429504,0.7373771071434021,-0.06980516016483307,0.4075353741645813,0.7318021655082703,-0.09949043393135071,0.3988446593284607,0.7585594058036804,-0.0929129347205162,0.37070709466934204,0.7575643658638,-0.08685851842164993,0.30514127016067505,0.8017209768295288,-0.08126113563776016,0.400306761264801,0.7914978265762329,-0.10139807313680649,0.3947724997997284,0.8037917613983154,-0.09926632791757584,0.37061646580696106,0.8074308633804321,-0.09656516462564468
26,0.0,0.0,0.0,0.0,0.0,0.0,0.0,0.0,0.0,0.0,0.0,0.0,0.0,0.0,0.0,0.0,0.0,0.0,0.0,0.0,0.0,0.0,0.0,0.0,0.0,0.0,0.0,0.0,0.0,0.0,0.0,0.0,0.0,0.0,0.0,0.0,0.0,0.0,0.0,0.0,0.0,0.0,0.0,0.0,0.0,0.0,0.0,0.0,0.0,0.0,0.0,0.0,0.0,0.0,0.0,0.0,0.0,0.0,0.0,0.0,0.0,0.0,0.0,0.3191205561161041,0.8075755834579468,-2.1268225225412607e-07,0.3460884094238281,0.709020733833313,-0.013574832119047642,0.3619171380996704,0.6109257340431213,-0.026502365246415138,0.37342938780784607,0.5484915375709534,-0.03964973986148834,0.3833135962486267,0.5076876878738403,-0.049422409385442734,0.2894412577152252,0.5788413882255554,-0.034927912056446075,0.3803675174713135,0.5512979030609131,-0.06696057319641113,0.38657334446907043,0.596373438835144,-0.08415386080741882,0.36110612750053406,0.608102560043335,-0.09543582051992416,0.28099238872528076,0.632465660572052,-0.04398301616311073,0.3959200978279114,0.6110959649085999,-0.07338673621416092,0.38997048139572144,0.6535028219223022,-0.07974009215831757,0.36281517148017883,0.6601360440254211,-0.08515503257513046,0.28825297951698303,0.6932830214500427,-0.05481894686818123,0.39984896779060364,0.6725887060165405,-0.07962717860937119,0.3904508054256439,0.7076435089111328,-0.07397379726171494,0.36586591601371765,0.7136569023132324,-0.07041209191083908,0.305179238319397,0.7517123222351074,-0.0675550028681755,0.39567431807518005,0.7290778756141663,-0.08204777538776398,0.3871626555919647,0.7513827085494995,-0.07925103604793549,0.36239445209503174,0.7603718638420105,-0.07721821218729019
27,0.7513644695281982,0.798603355884552,-2.4994650971166266e-07,0.7453755736351013,0.6890807151794434,-0.006337261293083429,0.7122570872306824,0.5884223580360413,-0.024882493540644646,0.6565319895744324,0.5524411797523499,-0.04241325333714485,0.6133993268013,0.5659923553466797,-0.06235456466674805,0.727009117603302,0.5936501622200012,-0.05402734875679016,0.6250794529914856,0.5922281742095947,-0.08160430938005447,0.6293210983276367,0.6102365255355835,-0.09579487144947052,0.6510546207427979,0.6145012378692627,-0.1039934977889061,0.721407949924469,0.6655089855194092,-0.06612086296081543,0.5996286273002625,0.6572638750076294,-0.09195149689912796,0.6190714836120605,0.6722955703735352,-0.09426794946193695,0.6589874029159546,0.6854640245437622,-0.09653535485267639,0.708722710609436,0.7370773553848267,-0.07622019946575165,0.5952021479606628,0.7231591939926147,-0.09897781163454056,0.6162802577018738,0.7365546226501465,-0.08475300669670105,0.6530258059501648,0.7443287372589111,-0.07419153302907944,0.6893337368965149,0.8046159148216248,-0.08584392815828323,0.6026247143745422,0.7859051823616028,-0.10149448364973068,0.6219234466552734,0.7953763008117676,-0.08781608939170837,0.652726411819458,0.8000745177268982,-0.07696045190095901,0.32379642128944397,0.7655507326126099,-1.7659532147717982e-07,0.35493752360343933,0.6667632460594177,-0.013945010490715504,0.37367793917655945,0.5715254545211792,-0.025877496227622032,0.3821510076522827,0.5065599679946899,-0.03687236085534096,0.3711976110935211,0.472866952419281,-0.043787360191345215,0.2944697141647339,0.528396725654602,-0.036139532923698425,0.38970500230789185,0.5229571461677551,-0.06773689389228821,0.39487171173095703,0.5711983442306519,-0.08265657722949982,0.36872461438179016,0.5794302821159363,-0.09229253232479095,0.282029390335083,0.5808420181274414,-0.04462767764925957,0.39927220344543457,0.5763369202613831,-0.07565590739250183,0.3948470652103424,0.6203834414482117,-0.08171508461236954,0.3695114254951477,0.6230486631393433,-0.0864202007651329,0.2873152196407318,0.6418890953063965,-0.054758600890636444,0.40095216035842896,0.6380155682563782,-0.08284316211938858,0.3912692666053772,0.6744405627250671,-0.08009471744298935,0.36445337533950806,0.675011396408081,-0.0773649737238884,0.30486613512039185,0.7021825313568115,-0.06623595952987671,0.39599019289016724,0.6923906207084656,-0.084956094622612,0.3854299783706665,0.7149782776832581,-0.08590129017829895,0.35603782534599304,0.7197586894035339,-0.08558832854032516
28,0.733031690120697,0.7661470174789429,-5.7382205653766505e-08,0.7307414412498474,0.675102710723877,-0.01112775132060051,0.7072927951812744,0.5772004723548889,-0.028773296624422073,0.6663068532943726,0.5160667896270752,-0.04335019364953041,0.6298842430114746,0.49408644437789917,-0.059722986072301865,0.7351863980293274,0.5712018013000488,-0.05390094593167305,0.6529812216758728,0.5429136157035828,-0.0805196613073349,0.6357061862945557,0.5188735723495483,-0.09441424161195755,0.6319102644920349,0.4867563247680664,-0.1038585901260376,0.7338398098945618,0.6170094013214111,-0.06020263954997063,0.6232734322547913,0.59932541847229,-0.08712690323591232,0.6280807256698608,0.6089699864387512,-0.08760201930999756,0.6524709463119507,0.6068100333213806,-0.0884510800242424,0.7192642688751221,0.6671931147575378,-0.06572902202606201,0.6145693063735962,0.646679162979126,-0.09140658378601074,0.6240736246109009,0.6588467359542847,-0.0783175379037857,0.6518921852111816,0.6599260568618774,-0.06754525750875473,0.6958087682723999,0.7141904234886169,-0.0713486298918724,0.6133171319961548,0.6922407150268555,-0.09298156201839447,0.6237942576408386,0.7039809823036194,-0.08731673657894135,0.6489430665969849,0.7079197764396667,-0.0810624212026596,0.31798553466796875,0.7979145050048828,-2.507499061721319e-07,0.3396013677120209,0.7049857378005981,-0.01750066876411438,0.3607710599899292,0.609954833984375,-0.03370796516537666,0.3763761818408966,0.5462499260902405,-0.04879884794354439,0.38461607694625854,0.5207163095474243,-0.0605945810675621,0.28630247712135315,0.5811246037483215,-0.04638909921050072,0.3850339651107788,0.5668678879737854,-0.08059956878423691,0.3894786834716797,0.6140761375427246,-0.09755910933017731,0.3617015480995178,0.6287866234779358,-0.10811830312013626,0.2801498770713806,0.6394730806350708,-0.055489394813776016,0.398257851600647,0.6251539587974548,-0.08533178269863129,0.39087042212486267,0.6698602437973022,-0.08900437504053116,0.36314263939857483,0.6809318661689758,-0.0922660380601883,0.2886984348297119,0.7028319835662842,-0.0662388801574707,0.40073633193969727,0.6872777938842773,-0.09270716458559036,0.39037322998046875,0.7239468693733215,-0.08576628565788269,0.3658533990383148,0.7321907877922058,-0.08056441694498062,0.30516085028648376,0.7642486095428467,-0.07903679460287094,0.3954648971557617,0.7474210858345032,-0.09502578526735306,0.38705721497535706,0.770843505859375,-0.09042005240917206,0.36358529329299927,0.7803672552108765,-0.08663229644298553
29,0.7160341739654541,0.7336143851280212,-3.6795398727917927e-07,0.6846011281013489,0.6393378376960754,-0.010322554036974907,0.6603767275810242,0.5539611577987671,-0.02580520510673523,0.6365666389465332,0.4893617331981659,-0.039375003427267075,0.6276382207870483,0.4387010931968689,-0.049357153475284576,0.7216731309890747,0.502126932144165,-0.039196934551000595,0.6233336925506592,0.49706488847732544,-0.06312008947134018,0.6220529675483704,0.5439589619636536,-0.066286601126194,0.6477928757667542,0.5566810369491577,-0.066412553191185,0.726381778717041,0.5515974164009094,-0.04726248234510422,0.6101183891296387,0.5495281219482422,-0.07172465324401855,0.6177264451980591,0.5895485281944275,-0.06621254235506058,0.6446048021316528,0.5955414175987244,-0.06173397973179817,0.7175945043563843,0.6087205410003662,-0.05603184923529625,0.6080875396728516,0.6118761897087097,-0.07795460522174835,0.6192482709884644,0.6442603468894958,-0.062275756150484085,0.6476991176605225,0.6465574502944946,-0.05091416835784912,0.7023011445999146,0.6672999262809753,-0.0652795135974884,0.6135520339012146,0.667362630367279,-0.08323859423398972,0.6228951811790466,0.6857059001922607,-0.07779480516910553,0.6492313146591187,0.685230553150177,-0.07127610594034195,0.3207079768180847,0.8131402730941772,-9.043775150985311e-08,0.3494144082069397,0.713981032371521,-0.020256318151950836,0.36920708417892456,0.6131634712219238,-0.03521357476711273,0.3832193613052368,0.5523332357406616,-0.04852932691574097,0.38857272267341614,0.5444450974464417,-0.05900098755955696,0.2907709777355194,0.6010799407958984,-0.0477428138256073,0.39892643690109253,0.6036871671676636,-0.08062652498483658,0.4027286171913147,0.6426881551742554,-0.09561748057603836,0.3725598454475403,0.6482004523277283,-0.10544148087501526,0.27746179699897766,0.6631299257278442,-0.05489559844136238,0.40583375096321106,0.6659201383590698,-0.08666440099477768,0.3992643356323242,0.7015392184257507,-0.09023545682430267,0.36960944533348083,0.7050948739051819,-0.09297238290309906,0.28010427951812744,0.7321191430091858,-0.06387883424758911,0.39962539076805115,0.7308589220046997,-0.09489307552576065,0.3935454189777374,0.7567608952522278,-0.08973582834005356,0.3683326840400696,0.7569852471351624,-0.0841376930475235,0.29193422198295593,0.7998487949371338,-0.07479355484247208,0.3880337178707123,0.7919896841049194,-0.09709151834249496,0.3915608823299408,0.8005094528198242,-0.09636173397302628,0.3752785623073578,0.8010383248329163,-0.09382334351539612
30,0.7284594178199768,0.7190399765968323,-3.942325008665648e-07,0.7015777826309204,0.6543384790420532,-0.007360607385635376,0.6572227478027344,0.5932604074478149,-0.01612778939306736,0.620899498462677,0.5523982644081116,-0.025564076378941536,0.6043176054954529,0.5178395509719849,-0.03603820875287056,0.6971200108528137,0.5700122117996216,-0.015022276900708675,0.6268531084060669,0.5724146366119385,-0.03032008185982704,0.6109819412231445,0.5863046050071716,-0.042997248470783234,0.6228294372558594,0.5903306603431702,-0.052256226539611816,0.7084518074989319,0.6180874109268188,-0.02131771296262741,0.6203556060791016,0.6385811567306519,-0.031518515199422836,0.6156864762306213,0.645873486995697,-0.03803757578134537,0.6360729336738586,0.64528489112854,-0.045091114938259125,0.7104617357254028,0.6706637144088745,-0.02794463559985161,0.6175848245620728,0.6997736096382141,-0.039914295077323914,0.6144332885742188,0.7024545073509216,-0.03753254562616348,0.6349993348121643,0.7000904679298401,-0.03698454052209854,0.7040548920631409,0.723677933216095,-0.035204000771045685,0.6226881146430969,0.751693844795227,-0.0496692918241024,0.6209474205970764,0.7495478987693787,-0.04785381630063057,0.6409673094749451,0.7422434687614441,-0.044504329562187195,0.315271258354187,0.780012845993042,-1.7243928596144542e-07,0.34403708577156067,0.6876376271247864,-0.018715213984251022,0.3596554398536682,0.592212438583374,-0.03406115993857384,0.3701292872428894,0.5266282558441162,-0.04790152981877327,0.37224406003952026,0.4848138689994812,-0.05834915116429329,0.2837865948677063,0.5538327693939209,-0.04318271204829216,0.3705698549747467,0.5331273078918457,-0.07828335464000702,0.3772262930870056,0.5788609981536865,-0.09813430160284042,0.3522787094116211,0.592993438243866,-0.11109460145235062,0.2749786972999573,0.6043676137924194,-0.049975283443927765,0.3839782476425171,0.5833092331886292,-0.08174588531255722,0.37961068749427795,0.6269117593765259,-0.08864466100931168,0.35322481393814087,0.6362064480781555,-0.09418309479951859,0.2831616997718811,0.6621030569076538,-0.05883518606424332,0.39136844873428345,0.6403625011444092,-0.08600421249866486,0.38131198287010193,0.6764880418777466,-0.08007306605577469,0.35526183247566223,0.6845843195915222,-0.0761556327342987,0.3010038435459137,0.718417763710022,-0.0699136033654213,0.3879777491092682,0.6969698667526245,-0.08845402300357819,0.37782344222068787,0.7199612855911255,-0.08693037182092667,0.3526296317577362,0.7282984256744385,-0.08525840193033218
31,0.6909705996513367,0.7491051554679871,-1.5242267181747593e-07,0.6667357683181763,0.6832769513130188,-0.005771796219050884,0.6374873518943787,0.6343002915382385,-0.023016031831502914,0.6104323267936707,0.6012836694717407,-0.03977160528302193,0.5916332602500916,0.5724052786827087,-0.05973324179649353,0.6777769923210144,0.6160720586776733,-0.05122867599129677,0.6125667691230774,0.6171776652336121,-0.07467247545719147,0.5959895849227905,0.615322470664978,-0.08700837194919586,0.5987920761108398,0.6080668568611145,-0.09475180506706238,0.6878135204315186,0.6725351214408875,-0.06264258176088333,0.5921688675880432,0.6822317838668823,-0.08137986063957214,0.5810784697532654,0.6862460374832153,-0.08166368305683136,0.594854474067688,0.6844699382781982,-0.08382399380207062,0.6849730610847473,0.7306947112083435,-0.07250252366065979,0.5918537378311157,0.7430224418640137,-0.08878612518310547,0.5850222706794739,0.7447866201400757,-0.07595142722129822,0.6018755435943604,0.738446831703186,-0.0676071047782898,0.6751067638397217,0.784687876701355,-0.0825568437576294,0.5976868271827698,0.7934759855270386,-0.09994565695524216,0.5869713425636292,0.7923148274421692,-0.09206730127334595,0.5963451862335205,0.7842275500297546,-0.08388518542051315,0.32337239384651184,0.742800235748291,-1.313496937882519e-07,0.3527754843235016,0.645995020866394,-0.014671923592686653,0.369803249835968,0.5498392581939697,-0.027103178203105927,0.3737044036388397,0.4908188581466675,-0.038808051496744156,0.36748531460762024,0.4729200601577759,-0.046955496072769165,0.2852574586868286,0.5087074041366577,-0.03447084128856659,0.3741496801376343,0.4965854287147522,-0.06497180461883545,0.3817979097366333,0.5438265800476074,-0.08177299797534943,0.35837534070014954,0.5548194050788879,-0.09309729933738708,0.27073007822036743,0.5589260458946228,-0.04194709658622742,0.38188472390174866,0.5530926585197449,-0.06957579404115677,0.38007405400276184,0.5962086319923401,-0.07508843392133713,0.3566116392612457,0.5991839170455933,-0.07990255951881409,0.27453991770744324,0.6186712384223938,-0.05122531205415726,0.3837493062019348,0.6136542558670044,-0.0751894861459732,0.37756848335266113,0.6491088271141052,-0.07092809677124023,0.3555343449115753,0.6512205600738525,-0.06813226640224457,0.290244996547699,0.6779015064239502,-0.062314722687006,0.381117582321167,0.6648956537246704,-0.07705351710319519,0.3741967976093292,0.687045156955719,-0.07583256810903549,0.35080865025520325,0.6933929324150085,-0.07472123950719833
32,0.0,0.0,0.0,0.0,0.0,0.0,0.0,0.0,0.0,0.0,0.0,0.0,0.0,0.0,0.0,0.0,0.0,0.0,0.0,0.0,0.0,0.0,0.0,0.0,0.0,0.0,0.0,0.0,0.0,0.0,0.0,0.0,0.0,0.0,0.0,0.0,0.0,0.0,0.0,0.0,0.0,0.0,0.0,0.0,0.0,0.0,0.0,0.0,0.0,0.0,0.0,0.0,0.0,0.0,0.0,0.0,0.0,0.0,0.0,0.0,0.0,0.0,0.0,0.3207787871360779,0.7330402135848999,-2.5403633685527893e-07,0.3454676866531372,0.6422985792160034,-0.008519365452229977,0.3619746267795563,0.5489038228988647,-0.020066792145371437,0.3706931471824646,0.4842568039894104,-0.03230862319469452,0.3621881306171417,0.4473907947540283,-0.04092174023389816,0.2769016921520233,0.4973123371601105,-0.028464768081903458,0.3775351047515869,0.49160236120224,-0.06034370884299278,0.38069647550582886,0.537743330001831,-0.07900010049343109,0.3504500687122345,0.5449634790420532,-0.09200792014598846,0.26498883962631226,0.548912525177002,-0.04039866104722023,0.3820171058177948,0.5447717308998108,-0.07112141698598862,0.37570399045944214,0.5877970457077026,-0.08016564697027206,0.3472970724105835,0.5895918607711792,-0.08807728439569473,0.269045889377594,0.6108480095863342,-0.05359148979187012,0.37870490550994873,0.60579913854599,-0.08080393821001053,0.37246817350387573,0.6425706148147583,-0.0778883546590805,0.34726619720458984,0.6455230116844177,-0.07589997351169586,0.28352075815200806,0.6735339164733887,-0.0680435299873352,0.3750593364238739,0.6608258485794067,-0.08612413704395294,0.3720468580722809,0.6803111433982849,-0.08637683838605881,0.34618526697158813,0.6851998567581177,-0.08603958040475845
33,0.7145566940307617,0.7582226991653442,-6.505318879135302e-07,0.6943576335906982,0.6451716423034668,0.0005567427724599838,0.6686602234840393,0.5404662489891052,-0.015487449243664742,0.6322492957115173,0.47409605979919434,-0.03402095288038254,0.6097552180290222,0.4393836557865143,-0.05200769007205963,0.7045149803161621,0.4895060360431671,-0.028522461652755737,0.611315131187439,0.48113781213760376,-0.060450229793787,0.6113207936286926,0.5208253264427185,-0.0765780583024025,0.6306429505348206,0.5255335569381714,-0.08542242646217346,0.706749677658081,0.5402706861495972,-0.044710248708724976,0.597418487071991,0.540298342704773,-0.07667006552219391,0.6084567308425903,0.5756494402885437,-0.07955458015203476,0.6385084390640259,0.5811997056007385,-0.08025079220533371,0.6990014910697937,0.5981036424636841,-0.061336349695920944,0.5956114530563354,0.5959726572036743,-0.09041740745306015,0.6098099946975708,0.6274137496948242,-0.077032670378685,0.6399409174919128,0.628460705280304,-0.06513328105211258,0.6841062903404236,0.655451774597168,-0.07748439908027649,0.6013367772102356,0.6502214670181274,-0.09497447311878204,0.6148844957351685,0.6714330911636353,-0.08443661034107208,0.6427835822105408,0.6714187860488892,-0.07429718971252441,0.3320193886756897,0.7642920017242432,-3.139738851132279e-07,0.35049009323120117,0.6745834350585938,-0.01394691877067089,0.36270415782928467,0.5828260779380798,-0.02731502614915371,0.3690585494041443,0.5194071531295776,-0.03999756649136543,0.36563119292259216,0.49146556854248047,-0.04963279888033867,0.27877408266067505,0.553503692150116,-0.03975161537528038,0.3775935769081116,0.5522739887237549,-0.07194314152002335,0.37968432903289795,0.5973802208900452,-0.09035961329936981,0.3515530228614807,0.608587384223938,-0.10276138037443161,0.26900312304496765,0.6129430532455444,-0.04923543706536293,0.38772067427635193,0.6105440258979797,-0.07792961597442627,0.37971872091293335,0.6502208113670349,-0.0847243219614029,0.3526114523410797,0.6567615270614624,-0.09134217351675034,0.2768208682537079,0.6770827770233154,-0.05993412807583809,0.3891330659389496,0.6732388138771057,-0.08452265709638596,0.38146689534187317,0.7047966122627258,-0.07984176278114319,0.35892146825790405,0.7086831331253052,-0.07703045010566711,0.2924903929233551,0.7399808168411255,-0.07265568524599075,0.3825264573097229,0.731930136680603,-0.0879722535610199,0.37915918231010437,0.7503587603569031,-0.08595562726259232,0.3593405783176422,0.7547089457511902,-0.084344282746315
34,0.7122327089309692,0.7283867597579956,-4.830243938158674e-07,0.6840912103652954,0.6320610046386719,-0.010813533328473568,0.6568024158477783,0.5392705202102661,-0.025642817839980125,0.6293642520904541,0.467865914106369,-0.03904465213418007,0.6116787195205688,0.4133340120315552,-0.049659423530101776,0.7071326971054077,0.4874487817287445,-0.034651413559913635,0.6102616190910339,0.4816485047340393,-0.06375406682491302,0.6086668372154236,0.5293821096420288,-0.07446564733982086,0.6324119567871094,0.5463223457336426,-0.07856209576129913,0.7116521000862122,0.5369613766670227,-0.04196375235915184,0.5976199507713318,0.5433821678161621,-0.06853239238262177,0.6067972779273987,0.5787360072135925,-0.06799833476543427,0.6334792375564575,0.5835050344467163,-0.06759641319513321,0.7030459642410278,0.5944053530693054,-0.0509195514023304,0.5963944792747498,0.5967747569084167,-0.07704473286867142,0.608439564704895,0.6282188892364502,-0.06606064736843109,0.6362394094467163,0.6296076774597168,-0.05706561729311943,0.688239574432373,0.6515870690345764,-0.06021243333816528,0.6015497446060181,0.6502860188484192,-0.08093219250440598,0.609472393989563,0.6714592576026917,-0.07778553664684296,0.6338356137275696,0.6713798642158508,-0.07252665609121323,0.330791711807251,0.7796742916107178,-2.8736818080687954e-07,0.3550404906272888,0.6925129890441895,-0.014642266556620598,0.3640609085559845,0.5976358652114868,-0.026692979037761688,0.3630894124507904,0.5343139171600342,-0.03804376348853111,0.3550540804862976,0.4997960329055786,-0.046836934983730316,0.27705642580986023,0.5713543891906738,-0.036460068076848984,0.37641391158103943,0.5679534077644348,-0.06838320940732956,0.3771076798439026,0.6099603176116943,-0.08742951601743698,0.34774184226989746,0.6171994805335999,-0.10123076289892197,0.2653852701187134,0.6274347305297852,-0.045226696878671646,0.3840959966182709,0.6208025217056274,-0.0745258778333664,0.37463411688804626,0.6606214642524719,-0.08176349103450775,0.3479735553264618,0.6651741862297058,-0.08864089101552963,0.27190661430358887,0.688469409942627,-0.055925387889146805,0.3863408863544464,0.6815919280052185,-0.08128397911787033,0.37554872035980225,0.7160212993621826,-0.07793338596820831,0.35118475556373596,0.7199875116348267,-0.07621973007917404,0.2878737449645996,0.7492473125457764,-0.06892283260822296,0.38054102659225464,0.7403150796890259,-0.08724876493215561,0.3727633059024811,0.7592291831970215,-0.08969096839427948,0.3495832681655884,0.7629991769790649,-0.09113256633281708
35,0.7414728403091431,0.7772630453109741,-4.3731341747843544e-07,0.7096161842346191,0.6886211633682251,-0.00946857314556837,0.662673830986023,0.602128803730011,-0.02792252041399479,0.6195245981216431,0.5432383418083191,-0.04638993740081787,0.5971404910087585,0.4962465763092041,-0.06389226019382477,0.7049171924591064,0.5669823884963989,-0.0370580293238163,0.6257880330085754,0.5469425320625305,-0.06774930655956268,0.6122471690177917,0.5696916580200195,-0.08094289898872375,0.6214185357093811,0.5767085552215576,-0.08876123279333115,0.7086825966835022,0.6200732588768005,-0.04877309873700142,0.5854336619377136,0.6147298216819763,-0.08060474693775177,0.5946430563926697,0.6583878993988037,-0.08162280172109604,0.6277567744255066,0.671458899974823,-0.08116691559553146,0.7010825872421265,0.6810667514801025,-0.061806779354810715,0.5865121483802795,0.6799702048301697,-0.09289940446615219,0.598691999912262,0.7143581509590149,-0.08058208227157593,0.6299431324005127,0.717086672782898,-0.06991703808307648,0.6864805221557617,0.7404606342315674,-0.0750802531838417,0.5953450798988342,0.7411126494407654,-0.10093625634908676,0.6060404181480408,0.7609765529632568,-0.09640208631753922,0.6352189779281616,0.7590286731719971,-0.08961393684148788,0.32127341628074646,0.7484713196754456,-2.523893840589153e-07,0.3522648215293884,0.6598444581031799,-0.013415117748081684,0.3618248701095581,0.5675231218338013,-0.024017151445150375,0.3662814795970917,0.5038398504257202,-0.034863632172346115,0.37214136123657227,0.4559304416179657,-0.04226924106478691,0.2833528220653534,0.5088803768157959,-0.023793047294020653,0.37494251132011414,0.4933650493621826,-0.05290718749165535,0.3796282410621643,0.5406683683395386,-0.07056784629821777,0.35385122895240784,0.5536808967590332,-0.08378228545188904,0.2680276036262512,0.557084321975708,-0.031579822301864624,0.37655529379844666,0.5434662103652954,-0.059794068336486816,0.3719114363193512,0.5898904800415039,-0.0680498257279396,0.34702059626579285,0.5967230796813965,-0.07496586441993713,0.2698844373226166,0.6152589917182922,-0.04181107133626938,0.3754728436470032,0.6000310778617859,-0.0666249692440033,0.3695817291736603,0.6388216614723206,-0.06457443535327911,0.34715643525123596,0.6462040543556213,-0.06333104521036148,0.283011794090271,0.6753637790679932,-0.05407825484871864,0.3719342052936554,0.6557331085205078,-0.0721486508846283,0.3671424090862274,0.6780998706817627,-0.07488783448934555,0.3438928425312042,0.686214804649353,-0.0759698674082756
36,0.7199032306671143,0.7824112176895142,-1.0031837405222177e-07,0.7014714479446411,0.6869839429855347,-0.006699772085994482,0.6716467142105103,0.5972245931625366,-0.019930461421608925,0.6342415809631348,0.5388815999031067,-0.03265589103102684,0.6052483916282654,0.5063382387161255,-0.04708366468548775,0.6973780393600464,0.589910089969635,-0.03296537697315216,0.6190837025642395,0.5761682391166687,-0.05864392966032028,0.6032344102859497,0.5520082712173462,-0.07401639223098755,0.6042805910110474,0.5214652419090271,-0.08401970565319061,0.6988137364387512,0.6360426545143127,-0.042862098664045334,0.5901569724082947,0.6308832764625549,-0.06932728737592697,0.5963324308395386,0.63776695728302,-0.07366788387298584,0.6232883930206299,0.634448230266571,-0.07631602138280869,0.692142128944397,0.6884393095970154,-0.052932385355234146,0.5881929993629456,0.6832685470581055,-0.08079992234706879,0.5973383188247681,0.6922670602798462,-0.0714476928114891,0.6253528594970703,0.6877737045288086,-0.06191390007734299,0.6777937412261963,0.7411593794822693,-0.06289681792259216,0.5932114720344543,0.7333541512489319,-0.08478771150112152,0.6021806597709656,0.7411183714866638,-0.07930106669664383,0.6263414025306702,0.7380464673042297,-0.07249964773654938,0.3187236785888672,0.7333280444145203,-2.665226190856629e-07,0.3486691117286682,0.6379859447479248,-0.008818798698484898,0.3645658493041992,0.5425832867622375,-0.01945413276553154,0.3715202212333679,0.4790498912334442,-0.030546454712748528,0.36716464161872864,0.4537981152534485,-0.03753938153386116,0.277655690908432,0.48853790760040283,-0.024511130526661873,0.37636369466781616,0.4867115318775177,-0.054395828396081924,0.3782750964164734,0.5314996242523193,-0.07211017608642578,0.35003116726875305,0.5380752682685852,-0.0850578248500824,0.2655121684074402,0.5397892594337463,-0.03589590638875961,0.38068515062332153,0.5388173460960388,-0.06572213023900986,0.3744392991065979,0.5802095532417297,-0.0742325410246849,0.3489292562007904,0.5807040333747864,-0.08135779201984406,0.26994556188583374,0.6006949543952942,-0.04881610348820686,0.3802031874656677,0.5996305346488953,-0.07494829595088959,0.3726253807544708,0.6353797316551208,-0.0726371556520462,0.34865495562553406,0.6361333131790161,-0.07094920426607132,0.28573110699653625,0.6623968482017517,-0.0632258802652359,0.37648630142211914,0.6558880805969238,-0.0809548869729042,0.3687483072280884,0.6774306893348694,-0.08256064355373383,0.3414483964443207,0.6807448267936707,-0.08319783210754395
37,0.7109872102737427,0.7302091121673584,-2.9793500289088115e-07,0.6831263899803162,0.6343405246734619,-0.011157513596117496,0.658989667892456,0.5416266322135925,-0.02468031272292137,0.6319673657417297,0.46916085481643677,-0.03622504696249962,0.6081345081329346,0.4181491732597351,-0.04559469223022461,0.7006096839904785,0.49394387006759644,-0.030213940888643265,0.6055470705032349,0.4949706792831421,-0.05800124630331993,0.6087464094161987,0.5321943759918213,-0.0693979263305664,0.6353046298027039,0.5365288257598877,-0.07412512600421906,0.7067591547966003,0.5353304147720337,-0.03512858599424362,0.5953569412231445,0.54261714220047,-0.06018510460853577,0.6049006581306458,0.5736523866653442,-0.059841230511665344,0.6313546895980835,0.5749893188476562,-0.059369634836912155,0.6995432376861572,0.5847694277763367,-0.04191858693957329,0.5933969616889954,0.5882920026779175,-0.0660485103726387,0.6057894229888916,0.6163822412490845,-0.054047320038080215,0.632839560508728,0.6184350252151489,-0.044230230152606964,0.6834996342658997,0.6375129818916321,-0.0491238608956337,0.5974199771881104,0.6379392743110657,-0.06810738891363144,0.6075579524040222,0.659445583820343,-0.06368601322174072,0.6322519183158875,0.6592782735824585,-0.05757385119795799,0.31668707728385925,0.7715528607368469,-3.2859011867003574e-07,0.33975422382354736,0.6779170036315918,-0.015997303649783134,0.359489381313324,0.581545889377594,-0.03094422072172165,0.37323009967803955,0.5143665075302124,-0.04496302455663681,0.3750346601009369,0.48646190762519836,-0.05592329800128937,0.2787874639034271,0.5512470006942749,-0.042288150638341904,0.3789582848548889,0.5463774800300598,-0.07496191561222076,0.37897229194641113,0.5922611951828003,-0.09348425269126892,0.3504483699798584,0.6031098365783691,-0.10601913183927536,0.27115997672080994,0.6128361225128174,-0.051425594836473465,0.38895511627197266,0.6068938374519348,-0.08018378913402557,0.37932729721069336,0.6476641297340393,-0.08686444908380508,0.3525695502758026,0.6540616750717163,-0.09363757073879242,0.2793728709220886,0.6775867938995361,-0.06193183735013008,0.3913264274597168,0.6714967489242554,-0.08566765487194061,0.381072998046875,0.7031397819519043,-0.08084970712661743,0.35779574513435364,0.7068850994110107,-0.07833255082368851,0.2947525084018707,0.7392380237579346,-0.07468826323747635,0.38567501306533813,0.7294145822525024,-0.08820021152496338,0.37997666001319885,0.7485055923461914,-0.08538001775741577,0.3588339388370514,0.7531399130821228,-0.08379772305488586
38,0.7052468657493591,0.6985827684402466,-4.0661586808710126e-07,0.679914653301239,0.607716977596283,-0.011548059061169624,0.6521454453468323,0.5203639268875122,-0.026370760053396225,0.6235742568969727,0.4552968144416809,-0.039336249232292175,0.6098912358283997,0.40051835775375366,-0.049143966287374496,0.7013476490974426,0.4597834050655365,-0.03395736962556839,0.6077894568443298,0.4644720256328583,-0.05918149650096893,0.6034234762191772,0.509925365447998,-0.06615392863750458,0.6253664493560791,0.5250123143196106,-0.06842080503702164,0.7057892680168152,0.5079149007797241,-0.040590252727270126,0.5944064855575562,0.5221046805381775,-0.06468972563743591,0.6004061698913574,0.5590737462043762,-0.062450312077999115,0.6251199841499329,0.5643124580383301,-0.06066995859146118,0.6957383155822754,0.5654132962226868,-0.04869860038161278,0.5907642841339111,0.5773476362228394,-0.07292652130126953,0.6007025837898254,0.6101839542388916,-0.061376530677080154,0.6268121600151062,0.6123465895652771,-0.05226227268576622,0.6790207624435425,0.6233062744140625,-0.057222627103328705,0.5946675539016724,0.630436897277832,-0.0783000960946083,0.6021056771278381,0.6530101299285889,-0.07567112147808075,0.6249192357063293,0.6536708474159241,-0.07049068808555603,0.3287929594516754,0.7770934104919434,-2.143350172900682e-07,0.35387054085731506,0.6827256679534912,-0.015585506334900856,0.36903154850006104,0.5890394449234009,-0.029772598296403885,0.3777320981025696,0.5267768502235413,-0.04288896545767784,0.3760213851928711,0.5097852945327759,-0.05272088944911957,0.2845381796360016,0.5612159371376038,-0.04030982777476311,0.38304802775382996,0.5539962649345398,-0.07289164513349533,0.3888131380081177,0.5996675491333008,-0.09082207083702087,0.36206644773483276,0.6087021827697754,-0.10263828933238983,0.27464187145233154,0.6189911961555481,-0.04860004410147667,0.3928147256374359,0.6127763390541077,-0.07830661535263062,0.3877868056297302,0.6535313725471497,-0.0839092805981636,0.361458420753479,0.6578842401504517,-0.08857370167970657,0.2807493507862091,0.6810336112976074,-0.05853679031133652,0.39586251974105835,0.6727163195610046,-0.08370596170425415,0.3888413906097412,0.7048156261444092,-0.07852284610271454,0.36629047989845276,0.7075942754745483,-0.0746457502245903,0.29683753848075867,0.740052342414856,-0.07054843753576279,0.39050209522247314,0.728316068649292,-0.08602390438318253,0.3858279585838318,0.7472454309463501,-0.08422678709030151,0.36508968472480774,0.7516993880271912,-0.08227445930242538
39,0.7020714282989502,0.719666063785553,-3.3150476497212367e-07,0.666962742805481,0.6341676712036133,-0.002258091466501355,0.6306483149528503,0.5640150308609009,-0.017291424795985222,0.6000256538391113,0.5202503800392151,-0.034281644970178604,0.5880607962608337,0.48436716198921204,-0.052512362599372864,0.6963025331497192,0.5578474998474121,-0.02613760158419609,0.6297094821929932,0.5559133887290955,-0.050481561571359634,0.6194436550140381,0.5613730549812317,-0.06573111563920975,0.6308506727218628,0.5589075684547424,-0.07671038806438446,0.7027549147605896,0.6154856085777283,-0.04193859547376633,0.579876184463501,0.6106649041175842,-0.06689453125,0.5855663418769836,0.6336824893951416,-0.07229220867156982,0.6169160604476929,0.6400426626205444,-0.07681738585233688,0.6966992020606995,0.6746797561645508,-0.05766721069812775,0.5782549977302551,0.667040228843689,-0.08348742127418518,0.5892434120178223,0.6900002956390381,-0.0735403299331665,0.6210771203041077,0.6913402080535889,-0.0657673329114914,0.6830587387084961,0.7305139899253845,-0.07323434203863144,0.5897337198257446,0.7302873730659485,-0.09835706651210785,0.5989996194839478,0.7447129487991333,-0.09286170452833176,0.6298397779464722,0.7419714331626892,-0.08566746115684509,0.32490772008895874,0.7421824336051941,-2.2086362605477916e-07,0.3543645441532135,0.6472700238227844,-0.011306527070701122,0.36881473660469055,0.549583911895752,-0.021434692665934563,0.3737487196922302,0.4888254404067993,-0.03204837441444397,0.3724251389503479,0.46664130687713623,-0.03963353484869003,0.2917954623699188,0.5079841613769531,-0.024350909516215324,0.3817095160484314,0.4948016107082367,-0.05450829118490219,0.3859376311302185,0.5413282513618469,-0.07296967506408691,0.3584795594215393,0.551407516002655,-0.08580878376960754,0.2777518928050995,0.5561057329177856,-0.03370077162981033,0.38592368364334106,0.5457894802093506,-0.06091808155179024,0.3812062740325928,0.5902143716812134,-0.06781161576509476,0.3543877899646759,0.5942714810371399,-0.07346472144126892,0.279659241437912,0.6145119071006775,-0.04530796781182289,0.3855682611465454,0.6037498712539673,-0.06880047917366028,0.3786027133464813,0.6406403183937073,-0.06484975665807724,0.35354265570640564,0.6449592709541321,-0.06234009563922882,0.2931547164916992,0.6733564138412476,-0.0587962344288826,0.3793131411075592,0.657157838344574,-0.07347941398620605,0.37336254119873047,0.680197536945343,-0.07257403433322906,0.349419504404068,0.6882753372192383,-0.07170424610376358
40,0.7097242474555969,0.7540427446365356,-6.136947661161685e-08,0.6830654740333557,0.6665269136428833,-0.007726815063506365,0.6462928056716919,0.58591228723526,-0.023427026346325874,0.6114932894706726,0.5423069000244141,-0.039242882281541824,0.5899201035499573,0.5142068862915039,-0.05704400688409805,0.6850592494010925,0.5697294473648071,-0.03197084739804268,0.6167120337486267,0.5634519457817078,-0.05787030979990959,0.5986726880073547,0.5422166585922241,-0.0750366747379303,0.598880410194397,0.5185892581939697,-0.08823375403881073,0.6897889971733093,0.6189700365066528,-0.04373279586434364,0.5750657916069031,0.6167516112327576,-0.06884543597698212,0.5845581889152527,0.6435741782188416,-0.0726928636431694,0.6153349280357361,0.6499654650688171,-0.0752527266740799,0.6842732429504395,0.6787992715835571,-0.05601849406957626,0.5744221210479736,0.6772198677062988,-0.0822504311800003,0.5866603851318359,0.6974048614501953,-0.0739559680223465,0.6178224086761475,0.6987878680229187,-0.06649179756641388,0.6704838871955872,0.7392275333404541,-0.06849712878465652,0.5814485549926758,0.7356609106063843,-0.09348873049020767,0.5927217602729797,0.7456835508346558,-0.09112977981567383,0.6212935447692871,0.7445248961448669,-0.08631064742803574,0.3261185586452484,0.7256121635437012,-2.454259231399192e-07,0.352958619594574,0.6353647708892822,-0.007476769387722015,0.3672748804092407,0.5466595888137817,-0.018427137285470963,0.37575554847717285,0.4853717088699341,-0.030107606202363968,0.3715050220489502,0.4446910619735718,-0.03749873489141464,0.2832166254520416,0.48682701587677,-0.025619542226195335,0.37836238741874695,0.4808373749256134,-0.055110201239585876,0.3829054832458496,0.5265865921974182,-0.07099033147096634,0.35655879974365234,0.5344586372375488,-0.08194056898355484,0.2717282772064209,0.5352476835250854,-0.03684670478105545,0.38485488295555115,0.534102201461792,-0.06587370485067368,0.38176336884498596,0.5769126415252686,-0.07315541803836823,0.3578459918498993,0.5784681439399719,-0.07935527712106705,0.27660423517227173,0.5951849818229675,-0.04922652617096901,0.38590008020401,0.5918329358100891,-0.0750131756067276,0.3806912899017334,0.6284949779510498,-0.07107852399349213,0.35690227150917053,0.6315668821334839,-0.06818027049303055,0.2921064496040344,0.6566891670227051,-0.0627145990729332,0.38228535652160645,0.6475843191146851,-0.08013274520635605,0.3774493336677551,0.669897198677063,-0.08002199977636337,0.3503340780735016,0.6748653054237366,-0.07901538908481598
41,0.7066838145256042,0.7146595120429993,-1.0613209155962977e-07,0.691600501537323,0.6296442747116089,-0.013025877997279167,0.6642774343490601,0.5410839319229126,-0.030104346573352814,0.6298952698707581,0.47718095779418945,-0.04553398862481117,0.6042242050170898,0.4402368664741516,-0.060829102993011475,0.6921181678771973,0.5047515034675598,-0.0344555526971817,0.6116141080856323,0.4957588315010071,-0.06705041229724884,0.6063225865364075,0.4991387724876404,-0.08243769407272339,0.6196036338806152,0.48011747002601624,-0.09069865942001343,0.6976017951965332,0.5466802716255188,-0.04144706577062607,0.5854729413986206,0.5450282096862793,-0.07282950729131699,0.5965318083763123,0.5804229974746704,-0.07255437225103378,0.625178337097168,0.5839399099349976,-0.06978032737970352,0.6903188228607178,0.5987366437911987,-0.05088374763727188,0.5841749310493469,0.59830242395401,-0.081688292324543,0.5964332818984985,0.6290981769561768,-0.06849519163370132,0.6247343420982361,0.6311703324317932,-0.05545509606599808,0.6744658946990967,0.6533369421958923,-0.06087002158164978,0.5865919589996338,0.6520529389381409,-0.0844978392124176,0.598246693611145,0.6710600256919861,-0.08019372820854187,0.624863862991333,0.67005854845047,-0.07336780428886414,0.31843632459640503,0.7653844952583313,-3.198321962827322e-07,0.3428691625595093,0.670218288898468,-0.016393447294831276,0.36107662320137024,0.5742398500442505,-0.03107663057744503,0.3722313940525055,0.5104107856750488,-0.04454174265265465,0.37361884117126465,0.4851701259613037,-0.0550386942923069,0.2808910012245178,0.5472546219825745,-0.04311655834317207,0.3802179992198944,0.536430299282074,-0.07509167492389679,0.3820837140083313,0.5819860100746155,-0.09299882501363754,0.3538241386413574,0.5957032442092896,-0.10521149635314941,0.2732069194316864,0.6069167256355286,-0.05158640816807747,0.3904470205307007,0.5961329340934753,-0.07883180677890778,0.3823598325252533,0.637950599193573,-0.084652379155159,0.3555958867073059,0.6466166377067566,-0.09101428091526031,0.28190311789512634,0.6704903244972229,-0.06135265529155731,0.3942105174064636,0.6600151062011719,-0.08416387438774109,0.38422122597694397,0.6930516958236694,-0.07891837507486343,0.3602348566055298,0.6991825103759766,-0.07641502469778061,0.298248291015625,0.7313910722732544,-0.07336875051259995,0.3893113434314728,0.7182139158248901,-0.08692798018455505,0.38229304552078247,0.7394404411315918,-0.0839257687330246,0.3597746789455414,0.7463741302490234,-0.08234775066375732
42,0.7067985534667969,0.6996738910675049,-3.822657390628592e-07,0.6765910387039185,0.6153645515441895,-0.012204119935631752,0.6426031589508057,0.53166264295578,-0.027336660772562027,0.6129660606384277,0.46966493129730225,-0.040475308895111084,0.6018214821815491,0.4158925414085388,-0.0503530390560627,0.692899227142334,0.4752068817615509,-0.03891940414905548,0.594523012638092,0.48482656478881836,-0.06522592902183533,0.5967531204223633,0.5335192680358887,-0.07165290415287018,0.6231964230537415,0.5432485342025757,-0.07348497956991196,0.6968467235565186,0.5245622992515564,-0.04561830312013626,0.5854779481887817,0.5367449522018433,-0.07111833989620209,0.5945927500724792,0.5745729207992554,-0.06736617535352707,0.6195317506790161,0.5785086154937744,-0.06430657207965851,0.6877458691596985,0.5824508666992188,-0.05360934138298035,0.5823625326156616,0.5907284617424011,-0.07843400537967682,0.5940850377082825,0.6245325207710266,-0.064522884786129,0.6212362051010132,0.6277262568473816,-0.05362773314118385,0.6729932427406311,0.6415410041809082,-0.06202133372426033,0.5877633690834045,0.6433298587799072,-0.0827508196234703,0.5977927446365356,0.6633539199829102,-0.07844705879688263,0.623477578163147,0.6638854146003723,-0.07221164554357529,0.34407293796539307,0.7837072014808655,-2.3004390925507323e-07,0.3692239820957184,0.6906905174255371,-0.014728854410350323,0.3839813768863678,0.5953454375267029,-0.02772621437907219,0.39117562770843506,0.5339323282241821,-0.03994932025671005,0.38621410727500916,0.5197538137435913,-0.04911577329039574,0.2999272048473358,0.5640850067138672,-0.04053254425525665,0.4005883038043976,0.5671129822731018,-0.07377998530864716,0.4034728705883026,0.6121416687965393,-0.09082414209842682,0.3735803961753845,0.6193393468856812,-0.10186610370874405,0.28556451201438904,0.6220106482505798,-0.049771253019571304,0.40765005350112915,0.6264651417732239,-0.08118078112602234,0.4008086621761322,0.6671053171157837,-0.08581595867872238,0.371841162443161,0.6706488132476807,-0.0892479419708252,0.28859126567840576,0.6886228919029236,-0.06072886288166046,0.4054184556007385,0.689298689365387,-0.08908866345882416,0.399236261844635,0.7205418348312378,-0.08367567509412766,0.37523335218429565,0.7215868830680847,-0.07852913439273834,0.30153802037239075,0.7560255527496338,-0.07356730103492737,0.3968242108821869,0.7488465309143066,-0.09244990348815918,0.3959515690803528,0.762283444404602,-0.09145627170801163,0.37628698348999023,0.7635826468467712,-0.08917305618524551
43,0.7084383964538574,0.7327616214752197,-2.7419395109973266e-07,0.6754245758056641,0.6464124321937561,-0.007637955714017153,0.6340699791908264,0.5726504325866699,-0.024625161662697792,0.5977576971054077,0.5279704332351685,-0.042432114481925964,0.5823684930801392,0.49475133419036865,-0.061234671622514725,0.6871858239173889,0.5584754943847656,-0.02897602505981922,0.6068347692489624,0.5622522234916687,-0.05804035812616348,0.5978795289993286,0.5699034929275513,-0.07612952589988708,0.6122272610664368,0.561650812625885,-0.08809373527765274,0.693356990814209,0.6156641840934753,-0.041728947311639786,0.5738213062286377,0.6187937259674072,-0.07066528499126434,0.584984540939331,0.6431846618652344,-0.07689020782709122,0.619374692440033,0.646379292011261,-0.08075683563947678,0.6882219314575195,0.6760785579681396,-0.05537387728691101,0.5753203630447388,0.6754636168479919,-0.08521091938018799,0.5889159440994263,0.6984565258026123,-0.07552103698253632,0.6210960149765015,0.6971567869186401,-0.06632886081933975,0.6753326058387756,0.7348102331161499,-0.069135382771492,0.585766077041626,0.7354748249053955,-0.09511606395244598,0.5986729860305786,0.7496430277824402,-0.08927145600318909,0.6302103996276855,0.7458275556564331,-0.08123516291379929,0.3263868987560272,0.7548766732215881,-2.3771704604769184e-07,0.3611668646335602,0.6600918769836426,-0.0072657447308301926,0.3740542232990265,0.5679159164428711,-0.017094360664486885,0.377366304397583,0.5085544586181641,-0.028591081500053406,0.3821132183074951,0.4721156060695648,-0.0370720736682415,0.3043953478336334,0.511923611164093,-0.019284045323729515,0.39146319031715393,0.4957166910171509,-0.048615243285894394,0.39576974511146545,0.5391032099723816,-0.06654855608940125,0.36857423186302185,0.5488918423652649,-0.07926608622074127,0.2893874943256378,0.5551797151565552,-0.030615851283073425,0.3948519229888916,0.5421937704086304,-0.05743444710969925,0.3939360976219177,0.58635413646698,-0.06448327004909515,0.36660662293434143,0.5926015377044678,-0.07009618729352951,0.2893992066383362,0.6113643646240234,-0.04384910315275192,0.3938855230808258,0.5980316996574402,-0.06784409284591675,0.39225780963897705,0.6331736445426941,-0.06341597437858582,0.3667004406452179,0.640453040599823,-0.06038279086351395,0.2998444437980652,0.670403003692627,-0.058520060032606125,0.38931798934936523,0.6550676822662354,-0.07374989986419678,0.38965386152267456,0.6765410900115967,-0.07215214520692825,0.36657097935676575,0.6848455667495728,-0.07040496915578842
44,0.7199333906173706,0.7754876017570496,-2.9927690547992825e-07,0.6863269805908203,0.7004713416099548,-0.009115979075431824,0.6444444060325623,0.6235909461975098,-0.024352075532078743,0.6080799698829651,0.5714037418365479,-0.0392102412879467,0.5899454951286316,0.5262707471847534,-0.05404248461127281,0.6885564923286438,0.580059826374054,-0.03246648237109184,0.6071599125862122,0.5688192844390869,-0.06284763664007187,0.5953574776649475,0.5746360421180725,-0.07832546532154083,0.6061180830001831,0.5678796172142029,-0.08674395829439163,0.6953993439674377,0.628510594367981,-0.04160945117473602,0.5785698890686035,0.6321486830711365,-0.07147412747144699,0.5856528282165527,0.6623805165290833,-0.0739850401878357,0.6147204637527466,0.6686457991600037,-0.07336688786745071,0.6901959776878357,0.6869320869445801,-0.05202532932162285,0.5795454978942871,0.6938481330871582,-0.08153709769248962,0.5898182392120361,0.7209662199020386,-0.07060862332582474,0.6204645037651062,0.722969651222229,-0.05916213616728783,0.6769066452980042,0.7479525208473206,-0.0625285804271698,0.5860604047775269,0.7518303990364075,-0.08651023358106613,0.5963015556335449,0.766971230506897,-0.08197622001171112,0.6248917579650879,0.7647098302841187,-0.07427369803190231,0.32019931077957153,0.7207117080688477,-1.2898236434466526e-07,0.3441924750804901,0.6257545948028564,-0.0135917067527771,0.3591344952583313,0.5370256304740906,-0.0287146158516407,0.3737085163593292,0.4795379340648651,-0.044188570231199265,0.3901604115962982,0.4447348117828369,-0.05569039657711983,0.2907354235649109,0.47615283727645874,-0.0303544532507658,0.3867511749267578,0.4722771644592285,-0.061665236949920654,0.38719066977500916,0.5181673765182495,-0.07834881544113159,0.3597955107688904,0.5222299695014954,-0.08991815894842148,0.28023847937583923,0.5248040556907654,-0.04019786790013313,0.39439645409584045,0.5223699808120728,-0.07030195742845535,0.3863087296485901,0.567577600479126,-0.07536331564188004,0.3583011031150818,0.5703045129776001,-0.07956293970346451,0.2839657664299011,0.5843842625617981,-0.0523260198533535,0.39348986744880676,0.5801377296447754,-0.07860436290502548,0.38460469245910645,0.6187333464622498,-0.07298221439123154,0.3583855926990509,0.6214964985847473,-0.0687229335308075,0.29836368560791016,0.6449758410453796,-0.06623917073011398,0.3882991373538971,0.6311264634132385,-0.08227963000535965,0.3808722198009491,0.6560313105583191,-0.07989440858364105,0.35324716567993164,0.6622697710990906,-0.07772048562765121
45,0.7130696177482605,0.73741614818573,-1.6670091440573742e-07,0.6881239414215088,0.649695098400116,-0.012354250065982342,0.6637929081916809,0.5586043000221252,-0.030101057142019272,0.635468602180481,0.49103212356567383,-0.04598153382539749,0.6179664134979248,0.4571915864944458,-0.061760835349559784,0.7032811045646667,0.5191338658332825,-0.0434291809797287,0.6158440113067627,0.514384388923645,-0.07456160336732864,0.6134122014045715,0.5262439250946045,-0.08778449147939682,0.6317472457885742,0.5138770341873169,-0.09508396685123444,0.7131577730178833,0.5588265657424927,-0.05074872821569443,0.5974133014678955,0.5621204376220703,-0.07925812900066376,0.6081357598304749,0.5931652188301086,-0.07739035040140152,0.6368203163146973,0.5931916832923889,-0.07555019855499268,0.7091317176818848,0.610810399055481,-0.05954701453447342,0.5964505672454834,0.6112141609191895,-0.08624787628650665,0.6076855659484863,0.6388655304908752,-0.0719233900308609,0.6369516849517822,0.6413597464561462,-0.06047609820961952,0.6946220993995667,0.6679372191429138,-0.06884747743606567,0.5990978479385376,0.6676045656204224,-0.09185635298490524,0.6087753176689148,0.6840161681175232,-0.08823330700397491,0.6371939778327942,0.6831636428833008,-0.08286914974451065,0.3302857279777527,0.7626805305480957,-3.4297411843908776e-07,0.3614138066768646,0.6751779317855835,-0.0135779595002532,0.37616655230522156,0.5800327658653259,-0.02716035582125187,0.3825327754020691,0.5150012969970703,-0.04053604602813721,0.3813920021057129,0.48017609119415283,-0.050455354154109955,0.3006114661693573,0.5350042581558228,-0.02978598140180111,0.3829794228076935,0.5146697759628296,-0.06228240206837654,0.3878386318683624,0.559883713722229,-0.08083833009004593,0.36362385749816895,0.573248565196991,-0.09288480132818222,0.28912580013275146,0.5786231756210327,-0.038861293345689774,0.3919437825679779,0.5658448338508606,-0.06794118881225586,0.3910675644874573,0.612080454826355,-0.07456978410482407,0.36548539996147156,0.6222139596939087,-0.07953083515167236,0.2932148277759552,0.6312960982322693,-0.050227776169776917,0.3952917158603668,0.6209173798561096,-0.07595231384038925,0.3928501307964325,0.6588824987411499,-0.07101578265428543,0.3678000271320343,0.6679229736328125,-0.0674121305346489,0.30795425176620483,0.6837256550788879,-0.06326497346162796,0.39218464493751526,0.6747793555259705,-0.0782322958111763,0.3899348974227905,0.7042067646980286,-0.0746031180024147,0.36704114079475403,0.713264524936676,-0.07178930193185806
46,0.7205080986022949,0.7242476940155029,-4.111232385639596e-07,0.6901640295982361,0.6367388963699341,-0.013292687945067883,0.662156879901886,0.5490165948867798,-0.028510192409157753,0.6357313394546509,0.4813500940799713,-0.04172280803322792,0.6203587055206299,0.4275963306427002,-0.051518138498067856,0.7159879803657532,0.4993276298046112,-0.0376705639064312,0.6241281628608704,0.4939221441745758,-0.06662025302648544,0.619879424571991,0.5395311713218689,-0.07533429563045502,0.6432098150253296,0.5534699559211731,-0.0787859633564949,0.7225655317306519,0.5448805689811707,-0.04439800605177879,0.6069368124008179,0.546794593334198,-0.07321052253246307,0.6153900027275085,0.5858161449432373,-0.07157786190509796,0.6433706879615784,0.5905216932296753,-0.06932811439037323,0.7150279879570007,0.6000899076461792,-0.05309288948774338,0.6053717136383057,0.6019600033760071,-0.0814744308590889,0.6183810234069824,0.6344073414802551,-0.07017553597688675,0.647946298122406,0.6355019211769104,-0.06041857600212097,0.6997166872024536,0.6569589972496033,-0.062261343002319336,0.6100416779518127,0.6585185527801514,-0.08694228529930115,0.617759644985199,0.6769696474075317,-0.08657850325107574,0.6428834795951843,0.6754186153411865,-0.0827266126871109,0.3354801535606384,0.7973688840866089,-2.5528086666781746e-07,0.3560222387313843,0.6965093016624451,-0.01471699122339487,0.3790571093559265,0.5981998443603516,-0.027615906670689583,0.3999345302581787,0.5362755656242371,-0.04048683121800423,0.411793053150177,0.5227375030517578,-0.05114419385790825,0.326842725276947,0.5701292157173157,-0.03953604772686958,0.4256000220775604,0.5829435586929321,-0.07246074825525284,0.42386046051979065,0.6230010390281677,-0.08894714713096619,0.3926793932914734,0.6288599967956543,-0.09937009960412979,0.31370070576667786,0.6303980350494385,-0.0501805804669857,0.43251752853393555,0.6429743766784668,-0.07953040301799774,0.42169851064682007,0.6789348125457764,-0.08388877660036087,0.3904450237751007,0.6813945770263672,-0.08711536228656769,0.3153882622718811,0.6987308263778687,-0.06252343207597733,0.4282321333885193,0.7069156169891357,-0.08884767442941666,0.4173610210418701,0.7339871525764465,-0.08199384063482285,0.3891719579696655,0.7320891618728638,-0.07585826516151428,0.32597458362579346,0.7674204111099243,-0.07703190296888351,0.4185040295124054,0.7644799947738647,-0.09397255629301071,0.41261783242225647,0.7802308797836304,-0.08943864703178406,0.3887488842010498,0.7831296324729919,-0.08449141681194305
47,0.7238920331001282,0.747944176197052,-3.466489602033107e-07,0.6864966154098511,0.6621135473251343,-0.007492611650377512,0.649950385093689,0.5954126119613647,-0.02479180507361889,0.6202536821365356,0.5517956614494324,-0.042883239686489105,0.6096588373184204,0.519271969795227,-0.06118713319301605,0.7114194631576538,0.5853050351142883,-0.029994606971740723,0.6174806952476501,0.6021942496299744,-0.05591945722699165,0.6140342354774475,0.6208651065826416,-0.07042314112186432,0.6378949880599976,0.6185056567192078,-0.07981668412685394,0.7180083990097046,0.64394211769104,-0.04324062913656235,0.5962313413619995,0.6499932408332825,-0.06818605959415436,0.6072236895561218,0.6664228439331055,-0.07404987514019012,0.6418943405151367,0.6666373014450073,-0.07906933128833771,0.7144832015037537,0.7037416100502014,-0.05699455738067627,0.597787618637085,0.7039765119552612,-0.08355347812175751,0.6145224571228027,0.7214270234107971,-0.07591283321380615,0.6508316993713379,0.7199717164039612,-0.0696103423833847,0.7032968997955322,0.7617718577384949,-0.07089322805404663,0.6115392446517944,0.7650753259658813,-0.094818115234375,0.6247095465660095,0.7754786014556885,-0.09028138965368271,0.6585496664047241,0.7721617817878723,-0.08399112522602081,0.33708858489990234,0.7775732278823853,-1.5732531721823761e-07,0.36252227425575256,0.6856209635734558,-0.010187563486397266,0.3819863498210907,0.5981281995773315,-0.025375591591000557,0.3982153832912445,0.5383594632148743,-0.041257161647081375,0.4167288839817047,0.496019184589386,-0.054011113941669464,0.3182801306247711,0.5448004007339478,-0.03513297438621521,0.405252605676651,0.529293954372406,-0.06722214818000793,0.414500892162323,0.5772392749786377,-0.08458631485700607,0.39391329884529114,0.5965186953544617,-0.09516960382461548,0.30956512689590454,0.5892176628112793,-0.04616310074925423,0.4156171977519989,0.5800366997718811,-0.0717911571264267,0.41566720604896545,0.6235402226448059,-0.07482351362705231,0.39159315824508667,0.6343595385551453,-0.07792879641056061,0.3141712546348572,0.645468533039093,-0.05874505266547203,0.4172699451446533,0.6361379027366638,-0.0821714848279953,0.4150652587413788,0.6739196181297302,-0.07362920045852661,0.3927779793739319,0.6834323406219482,-0.06782906502485275,0.32821157574653625,0.7050189971923828,-0.07259433716535568,0.41371598839759827,0.6914075016975403,-0.08525058627128601,0.411496639251709,0.7168447971343994,-0.07776874303817749,0.3906673491001129,0.7266483902931213,-0.07210791856050491
48,0.7381730675697327,0.7588541507720947,2.415710831371598e-08,0.7172834873199463,0.6770121455192566,-0.015483356080949306,0.6787572503089905,0.5979810357093811,-0.038405951112508774,0.6404231190681458,0.5531131625175476,-0.05882786214351654,0.6102075576782227,0.5232459902763367,-0.08157303184270859,0.7144431471824646,0.5762073993682861,-0.05814080685377121,0.6272587180137634,0.5719292163848877,-0.09626521170139313,0.6163411140441895,0.5479825139045715,-0.12136809527873993,0.6236035823822021,0.519812822341919,-0.13787953555583954,0.718153715133667,0.628729522228241,-0.06651946157217026,0.5955220460891724,0.6270771622657776,-0.09813673049211502,0.6078268885612488,0.6485424637794495,-0.10163170099258423,0.6401088833808899,0.6533643007278442,-0.10485079139471054,0.7094915509223938,0.688892126083374,-0.07552121579647064,0.5956788063049316,0.6861135363578796,-0.1025974228978157,0.6074936389923096,0.7013515830039978,-0.0886167362332344,0.637994647026062,0.7032164931297302,-0.07893939316272736,0.6929396390914917,0.7471876740455627,-0.08554840832948685,0.6020217537879944,0.7387861609458923,-0.1102982759475708,0.6144657731056213,0.7502347826957703,-0.10407478362321854,0.6433377861976624,0.7514426708221436,-0.09731975942850113,0.33484935760498047,0.7429341077804565,-1.3049962888089794e-07,0.3612367808818817,0.6446951627731323,-0.012467672117054462,0.38130903244018555,0.5528640151023865,-0.025575684383511543,0.39747434854507446,0.4915797710418701,-0.03875738009810448,0.40500354766845703,0.4562169909477234,-0.04778234288096428,0.3127915561199188,0.5008554458618164,-0.03045799769461155,0.40406492352485657,0.4984223246574402,-0.06169726699590683,0.40691640973091125,0.5459051132202148,-0.07691262662410736,0.3820189833641052,0.5510356426239014,-0.08630726486444473,0.30333420634269714,0.5476357936859131,-0.03962745890021324,0.4155943989753723,0.5475800633430481,-0.06846434623003006,0.40887174010276794,0.5939117670059204,-0.07228268682956696,0.3835781514644623,0.5957313776016235,-0.07452617585659027,0.30825379490852356,0.6048184633255005,-0.05100428685545921,0.41611137986183167,0.6040188074111938,-0.0770164430141449,0.40668049454689026,0.6428107023239136,-0.07191330939531326,0.3821293115615845,0.6430715322494507,-0.06688649952411652,0.32373833656311035,0.6643182635307312,-0.06380455195903778,0.4134679436683655,0.6532080769538879,-0.07856780290603638,0.4038998484611511,0.6778514981269836,-0.07574621587991714,0.37681469321250916,0.6829454302787781,-0.07256200164556503
49,0.7142251133918762,0.7236393690109253,-6.576516398126842e-08,0.7055129408836365,0.6397650241851807,-0.010945378802716732,0.6918167471885681,0.5515456795692444,-0.02801736444234848,0.665827214717865,0.48649463057518005,-0.043396756052970886,0.6488063931465149,0.4570016860961914,-0.06001238524913788,0.7076671719551086,0.5086255073547363,-0.04012100398540497,0.6279421448707581,0.5011013746261597,-0.06858406960964203,0.6210165619850159,0.49395546317100525,-0.08298909664154053,0.633262574672699,0.47085756063461304,-0.09219592809677124,0.7143493890762329,0.5453066825866699,-0.04719937965273857,0.6024889349937439,0.5468844175338745,-0.07328840345144272,0.6099640727043152,0.576008141040802,-0.07326104491949081,0.635826051235199,0.5798680782318115,-0.07309602946043015,0.7092692852020264,0.596099317073822,-0.055344387888908386,0.6004980802536011,0.5962941646575928,-0.0799555554986,0.610362708568573,0.622292160987854,-0.0680205449461937,0.637594997882843,0.625067949295044,-0.05866920202970505,0.695544421672821,0.6522645354270935,-0.0638679787516594,0.602750301361084,0.6518598794937134,-0.08606045693159103,0.611059844493866,0.6683828830718994,-0.0835997462272644,0.6371582746505737,0.667549192905426,-0.07938501238822937,0.0,0.0,0.0,0.0,0.0,0.0,0.0,0.0,0.0,0.0,0.0,0.0,0.0,0.0,0.0,0.0,0.0,0.0,0.0,0.0,0.0,0.0,0.0,0.0,0.0,0.0,0.0,0.0,0.0,0.0,0.0,0.0,0.0,0.0,0.0,0.0,0.0,0.0,0.0,0.0,0.0,0.0,0.0,0.0,0.0,0.0,0.0,0.0,0.0,0.0,0.0,0.0,0.0,0.0,0.0,0.0,0.0,0.0,0.0,0.0,0.0,0.0,0.0
50,0.7173643112182617,0.7142999172210693,-3.5020266864194127e-07,0.6920858025550842,0.6293992400169373,-0.016140194609761238,0.6609638929367065,0.542121946811676,-0.03390474617481232,0.6314010620117188,0.47566792368888855,-0.04874612018465996,0.6184816360473633,0.4196043908596039,-0.060198817402124405,0.7096324563026428,0.4915884733200073,-0.04553920403122902,0.6194264888763428,0.4936646819114685,-0.07577866315841675,0.6161050796508789,0.5350415110588074,-0.08436135202646255,0.6392928957939148,0.5462375283241272,-0.08760806918144226,0.7162824273109436,0.5381447672843933,-0.05133504420518875,0.6026580333709717,0.5441531538963318,-0.0804486945271492,0.6109185218811035,0.5837616920471191,-0.07776349782943726,0.6374129056930542,0.5886456966400146,-0.07494263350963593,0.7094817161560059,0.5938521027565002,-0.05888724699616432,0.601604700088501,0.5991246104240417,-0.08739037066698074,0.6132202744483948,0.632381796836853,-0.0741337314248085,0.6398254632949829,0.6347193121910095,-0.0632038488984108,0.6949768662452698,0.6505149602890015,-0.06703151762485504,0.607511043548584,0.6504600048065186,-0.09192004799842834,0.6141398549079895,0.6697516441345215,-0.08959155529737473,0.6366459727287292,0.670049786567688,-0.08420319855213165,0.2960397005081177,0.8571043014526367,-2.4178791591111803e-07,0.2997727692127228,0.7413983345031738,-0.007385157980024815,0.33801135420799255,0.638249397277832,-0.024086037650704384,0.38539573550224304,0.5728994607925415,-0.041855309158563614,0.40930819511413574,0.5475112199783325,-0.05582486465573311,0.30258709192276,0.6024724841117859,-0.04514377936720848,0.4143258333206177,0.601466178894043,-0.07765363156795502,0.40396958589553833,0.6448710560798645,-0.09191528707742691,0.37104979157447815,0.6545805931091309,-0.10020767152309418,0.30244049429893494,0.6618332266807556,-0.05844426900148392,0.4231605529785156,0.663498044013977,-0.08293771743774414,0.40616536140441895,0.6982933878898621,-0.08048117160797119,0.3743513226509094,0.7047619223594666,-0.08116897195577621,0.3119892477989197,0.7257144451141357,-0.07239644229412079,0.42413395643234253,0.7213311791419983,-0.09033176302909851,0.40372636914253235,0.7523066997528076,-0.07400674372911453,0.37313199043273926,0.7587307095527649,-0.064850814640522,0.32655584812164307,0.7894594073295593,-0.0879141315817833,0.41815996170043945,0.7777718305587769,-0.09353499114513397,0.40205007791519165,0.7982655167579651,-0.08007112145423889,0.3734457790851593,0.8047896027565002,-0.07218008488416672
51,0.7021908760070801,0.743357241153717,-2.884829939375777e-07,0.6699553728103638,0.6590132117271423,-0.003370604943484068,0.6315042972564697,0.5933243036270142,-0.01577037386596203,0.595426082611084,0.5513725280761719,-0.030381402000784874,0.5803532600402832,0.5236544013023376,-0.04638058692216873,0.688795804977417,0.5735294222831726,-0.01590714603662491,0.6015360951423645,0.5758212208747864,-0.03733032941818237,0.5859495401382446,0.5825726389884949,-0.051543526351451874,0.5978436470031738,0.5735398530960083,-0.06191786378622055,0.6925950050354004,0.6347102522850037,-0.02964983507990837,0.5747498273849487,0.6393730640411377,-0.05020459368824959,0.5808331966400146,0.6572549343109131,-0.056875623762607574,0.6113603115081787,0.6555868983268738,-0.0631367564201355,0.6865630745887756,0.6962504386901855,-0.04413938522338867,0.575097382068634,0.7009952068328857,-0.06606024503707886,0.5871188044548035,0.7203683853149414,-0.05985014885663986,0.6183525323867798,0.71857750415802,-0.05501636117696762,0.6746169924736023,0.7542092800140381,-0.0588236004114151,0.5867787599563599,0.7606425285339355,-0.0784786269068718,0.5958406925201416,0.7746701836585999,-0.07392942905426025,0.6243840456008911,0.7729506492614746,-0.06829795986413956,0.32455092668533325,0.8075899481773376,-6.801911922593717e-08,0.3488929569721222,0.6913877725601196,-0.005523804575204849,0.3659687936306,0.5966575145721436,-0.018549280241131783,0.3779165744781494,0.5337172150611877,-0.034397490322589874,0.3970801532268524,0.4977109432220459,-0.046534463763237,0.311988890171051,0.5335854291915894,-0.01607639528810978,0.3972971737384796,0.5224809646606445,-0.04778073728084564,0.39470726251602173,0.5702984929084778,-0.06771538406610489,0.36793944239616394,0.5842941999435425,-0.08037276566028595,0.29989105463027954,0.5725557208061218,-0.029536601155996323,0.4066472351551056,0.5714642405509949,-0.05480552837252617,0.3985596001148224,0.6180049777030945,-0.06043323874473572,0.3698750436306,0.6289604902267456,-0.06431152671575546,0.3009277582168579,0.6278337240219116,-0.04550476372241974,0.40561819076538086,0.6348943114280701,-0.06611702591180801,0.3948741555213928,0.6714838743209839,-0.058173906058073044,0.3659053146839142,0.675062894821167,-0.052735570818185806,0.31038641929626465,0.6917099952697754,-0.0628463551402092,0.39196234941482544,0.6927116513252258,-0.0705980509519577,0.38668835163116455,0.7186470031738281,-0.06108317896723747,0.3632144331932068,0.722400963306427,-0.05456272140145302
52,0.0,0.0,0.0,0.0,0.0,0.0,0.0,0.0,0.0,0.0,0.0,0.0,0.0,0.0,0.0,0.0,0.0,0.0,0.0,0.0,0.0,0.0,0.0,0.0,0.0,0.0,0.0,0.0,0.0,0.0,0.0,0.0,0.0,0.0,0.0,0.0,0.0,0.0,0.0,0.0,0.0,0.0,0.0,0.0,0.0,0.0,0.0,0.0,0.0,0.0,0.0,0.0,0.0,0.0,0.0,0.0,0.0,0.0,0.0,0.0,0.0,0.0,0.0,0.32868775725364685,0.7614421248435974,-1.233415218848677e-07,0.3550305962562561,0.6529504656791687,-0.006147447042167187,0.36649399995803833,0.559777557849884,-0.01681525446474552,0.37508922815322876,0.49959826469421387,-0.02943320758640766,0.3925418257713318,0.45833295583724976,-0.03827623277902603,0.30078238248825073,0.4975077509880066,-0.02082441933453083,0.38964563608169556,0.48865818977355957,-0.04852946475148201,0.39627605676651,0.5410983562469482,-0.06310617923736572,0.3780117928981781,0.5581314563751221,-0.07216306030750275,0.28810375928878784,0.5445197820663452,-0.031967923045158386,0.39520373940467834,0.5433878898620605,-0.055476993322372437,0.39459124207496643,0.5902430415153503,-0.05914667248725891,0.374305784702301,0.6019821166992188,-0.061695780605077744,0.2906315326690674,0.6035817861557007,-0.04475998133420944,0.3969876170158386,0.6054068803787231,-0.06587685644626617,0.39292049407958984,0.6433173418045044,-0.06031709536910057,0.37190526723861694,0.6501566171646118,-0.055587418377399445,0.30332881212234497,0.6648829579353333,-0.05856676027178764,0.3923336863517761,0.661039412021637,-0.06948094815015793,0.39544677734375,0.6839852333068848,-0.06438178569078445,0.3797297179698944,0.6884725093841553,-0.05966994911432266
53,0.7214144468307495,0.7252404093742371,-7.163449708968983e-07,0.6922529339790344,0.616669774055481,-0.0003399520937819034,0.6572123765945435,0.5165053009986877,-0.014919963665306568,0.617173969745636,0.45292651653289795,-0.030653465539216995,0.5983984470367432,0.40204358100891113,-0.04569307342171669,0.6912103295326233,0.45671430230140686,-0.03700455278158188,0.598612368106842,0.45646989345550537,-0.06412728875875473,0.6079830527305603,0.49980154633522034,-0.07547904551029205,0.6301309466362,0.5027890205383301,-0.0816245824098587,0.6939449906349182,0.5060174465179443,-0.050708066672086716,0.587319552898407,0.5117824077606201,-0.07715025544166565,0.600505530834198,0.548974335193634,-0.0760650560259819,0.6310856938362122,0.5495364665985107,-0.07517504692077637,0.687615156173706,0.5632145404815674,-0.06374044716358185,0.5885501503944397,0.5692095756530762,-0.08781903237104416,0.602696418762207,0.6015280485153198,-0.07235021144151688,0.632057249546051,0.5996372699737549,-0.06042245775461197,0.6743696331977844,0.6201303005218506,-0.07617892324924469,0.5945264101028442,0.62120521068573,-0.09082216024398804,0.6069337129592896,0.6457715034484863,-0.07871317118406296,0.6323351860046387,0.6459839344024658,-0.06843377649784088,0.3405430018901825,0.7997051477432251,-3.7739965819127974e-07,0.363081157207489,0.6944173574447632,-0.012759648263454437,0.38259318470954895,0.5955638289451599,-0.02740420587360859,0.3967167139053345,0.5288633704185486,-0.04237792640924454,0.40728458762168884,0.513039767742157,-0.05412886664271355,0.3130635619163513,0.5593242049217224,-0.040255106985569,0.4176799952983856,0.5701966285705566,-0.07343929260969162,0.41283097863197327,0.6201560497283936,-0.09074651449918747,0.3830353021621704,0.6288793087005615,-0.10289397835731506,0.30412590503692627,0.6203721165657043,-0.052479974925518036,0.42579105496406555,0.6289951801300049,-0.08322551101446152,0.41062456369400024,0.6723828315734863,-0.08815774321556091,0.3835931420326233,0.6758362054824829,-0.09300178289413452,0.31077682971954346,0.6883076429367065,-0.06608650088310242,0.42614805698394775,0.6903419494628906,-0.09196241199970245,0.41055208444595337,0.7252557277679443,-0.08616495132446289,0.38698145747184753,0.7274246215820312,-0.08237331360578537,0.32549870014190674,0.7549046277999878,-0.0817185565829277,0.4175856113433838,0.7497655153274536,-0.09702572971582413,0.4071604609489441,0.7675944566726685,-0.09408602863550186,0.38355860114097595,0.7694053649902344,-0.09198537468910217
54,0.7006263732910156,0.7313317060470581,-4.2142366396547004e-07,0.6904582977294922,0.6309887170791626,-0.012612110003829002,0.6603336930274963,0.5355099439620972,-0.029096568003296852,0.6237499117851257,0.4704993963241577,-0.04435603693127632,0.5997970104217529,0.4276154041290283,-0.05776149779558182,0.6981151700019836,0.5080856084823608,-0.03825253248214722,0.6206866502761841,0.4790787696838379,-0.07023565471172333,0.6157498955726624,0.5186500549316406,-0.08377359062433243,0.6331988573074341,0.5319900512695312,-0.0907767117023468,0.699259340763092,0.5567408800125122,-0.04589499905705452,0.588158369064331,0.5441386699676514,-0.07941809296607971,0.5961509943008423,0.5821962952613831,-0.080666184425354,0.6249701976776123,0.5908737182617188,-0.07969781756401062,0.6882308125495911,0.6103057265281677,-0.05539117753505707,0.5845354795455933,0.596282422542572,-0.08906621485948563,0.5966774225234985,0.6288039684295654,-0.07629671692848206,0.625237762928009,0.6358656883239746,-0.0635317713022232,0.6702680587768555,0.6619147658348083,-0.06497453153133392,0.589341402053833,0.6518024802207947,-0.09067649394273758,0.6010316014289856,0.6750791668891907,-0.08503398299217224,0.6268903613090515,0.6788506507873535,-0.07686635106801987,0.3352641463279724,0.7955532073974609,-2.404765666597086e-07,0.35699939727783203,0.7010042071342468,-0.010639939457178116,0.3738008439540863,0.607251763343811,-0.024602368474006653,0.3860606551170349,0.5441157221794128,-0.0391269214451313,0.3986825942993164,0.5077261328697205,-0.0504923090338707,0.3108769357204437,0.5619997382164001,-0.035375963896512985,0.403480589389801,0.5442180633544922,-0.0686139240860939,0.40649914741516113,0.5919572114944458,-0.08647526800632477,0.3793981373310089,0.6074622869491577,-0.09778862446546555,0.30431801080703735,0.6093422174453735,-0.04686148464679718,0.415258526802063,0.5941641330718994,-0.07455332577228546,0.4068928062915802,0.639369785785675,-0.07795523852109909,0.3794046640396118,0.6503612995147705,-0.08111662417650223,0.3102661073207855,0.666998565196991,-0.06005789339542389,0.4169221818447113,0.6520398259162903,-0.08377137780189514,0.4065428376197815,0.6891787648200989,-0.07612621784210205,0.3818261921405792,0.6979898810386658,-0.07115524262189865,0.32468554377555847,0.7271395921707153,-0.07484160363674164,0.4113224446773529,0.7087656855583191,-0.0881102904677391,0.4018743634223938,0.7337020635604858,-0.08272861689329147,0.3773189187049866,0.7435487508773804,-0.07883868366479874
55,0.7241560220718384,0.783428430557251,-4.83049063859653e-07,0.6870083212852478,0.6910275220870972,-0.008423719555139542,0.6462308168411255,0.6070308089256287,-0.02531987987458706,0.6096839904785156,0.5480659008026123,-0.042113348841667175,0.5843715071678162,0.512714147567749,-0.056251611560583115,0.6870492100715637,0.5575652122497559,-0.0371626652777195,0.5814113616943359,0.561168372631073,-0.07044465839862823,0.5876362919807434,0.6119539737701416,-0.08426857739686966,0.6177101731300354,0.6200392246246338,-0.09081064164638519,0.6899766325950623,0.615240752696991,-0.04872801899909973,0.5709470510482788,0.6258044242858887,-0.07873428612947464,0.5885748863220215,0.6631984710693359,-0.07778332382440567,0.6212864518165588,0.6637698411941528,-0.07600860297679901,0.6829414367675781,0.6801309585571289,-0.06153763830661774,0.5751920342445374,0.689811646938324,-0.08666355907917023,0.5921952128410339,0.718163788318634,-0.07132332772016525,0.6245648860931396,0.7147237062454224,-0.05931929498910904,0.6712573766708374,0.7447527050971985,-0.0751638114452362,0.5845255851745605,0.7483209371566772,-0.09275247156620026,0.5987076759338379,0.7619038224220276,-0.0844610407948494,0.6284531950950623,0.7572742104530334,-0.0753440409898758,0.3113431930541992,0.7349568009376526,-3.262605616782821e-07,0.33684155344963074,0.6146924495697021,-0.007892045192420483,0.3650932312011719,0.5076902508735657,-0.025683950632810593,0.3928455710411072,0.43900710344314575,-0.04550187662243843,0.4190656542778015,0.4073793888092041,-0.06110936403274536,0.30856847763061523,0.4768676459789276,-0.03821542114019394,0.4039531946182251,0.4691409468650818,-0.0730554461479187,0.40483614802360535,0.5150185227394104,-0.09147560596466064,0.3814094364643097,0.5303223133087158,-0.10278898477554321,0.3036016523838043,0.5347594022750854,-0.05213386192917824,0.41643548011779785,0.5266723036766052,-0.08452421426773071,0.4071384072303772,0.5680023431777954,-0.08984270691871643,0.3754410147666931,0.5809614062309265,-0.09394349157810211,0.31169188022613525,0.5942029356956482,-0.06741104274988174,0.41782432794570923,0.5855819582939148,-0.09319253265857697,0.4031432867050171,0.6180440187454224,-0.08471309393644333,0.37179532647132874,0.623672366142273,-0.07839059829711914,0.32696086168289185,0.651141881942749,-0.08380566537380219,0.41311854124069214,0.6399067044258118,-0.09442777186632156,0.4037613570690155,0.6623733639717102,-0.08578654378652573,0.3770799934864044,0.6676499247550964,-0.08029967546463013
56,0.7194716930389404,0.7477693557739258,-3.642007584403473e-08,0.7077407836914062,0.6623064875602722,-0.013503755442798138,0.6814967393875122,0.5673596858978271,-0.032601676881313324,0.6460249423980713,0.5046294331550598,-0.048714250326156616,0.6124065518379211,0.47839534282684326,-0.06727030128240585,0.7062652707099915,0.5643977522850037,-0.05555283650755882,0.6309338808059692,0.5257354974746704,-0.08412057161331177,0.6109398603439331,0.49638819694519043,-0.1001015156507492,0.6030895113945007,0.46342071890830994,-0.11111566424369812,0.7058061957359314,0.6050235629081726,-0.061603669077157974,0.596687912940979,0.583861768245697,-0.09026098251342773,0.5977766513824463,0.6043486595153809,-0.09183898568153381,0.6200339794158936,0.6130815744400024,-0.09299901127815247,0.690909743309021,0.6529753804206848,-0.06728260219097137,0.5874254107475281,0.6286365985870361,-0.09390918910503387,0.5926878452301025,0.6473819017410278,-0.08129937946796417,0.617422342300415,0.6553602814674377,-0.07088799774646759,0.6672245860099792,0.6982324123382568,-0.07325524091720581,0.5840736031532288,0.6778227090835571,-0.09587337076663971,0.590381383895874,0.6928918361663818,-0.0905185416340828,0.6123701333999634,0.7012019157409668,-0.08438997715711594,0.32265403866767883,0.7569901347160339,-2.591721965927718e-07,0.3422582447528839,0.6518503427505493,-0.003523716237396002,0.36574190855026245,0.5529249906539917,-0.015686992555856705,0.3878846764564514,0.48649436235427856,-0.030957641080021858,0.41145408153533936,0.44777217507362366,-0.042783819139003754,0.3169456720352173,0.4992823004722595,-0.020059717819094658,0.3859521746635437,0.47757667303085327,-0.05259101465344429,0.3983195424079895,0.5184609293937683,-0.07260548323392868,0.38707804679870605,0.5453261137008667,-0.08412040770053864,0.30883437395095825,0.5417628884315491,-0.03467680886387825,0.40346282720565796,0.5240560173988342,-0.060651615262031555,0.4018104374408722,0.5660194158554077,-0.06767087429761887,0.3793761730194092,0.5844363570213318,-0.0723787173628807,0.31361567974090576,0.596649169921875,-0.051084548234939575,0.410297155380249,0.5886197090148926,-0.07317283749580383,0.4009711742401123,0.6224775910377502,-0.06764756888151169,0.37600308656692505,0.6321678757667542,-0.06342782080173492,0.3274705708026886,0.6583244800567627,-0.06851861625909805,0.409483939409256,0.6488533616065979,-0.07825899124145508,0.40158313512802124,0.6738804578781128,-0.07010310888290405,0.37806886434555054,0.6819911003112793,-0.06423559039831161
57,0.7069010734558105,0.697846531867981,-3.458443700310454e-07,0.6715525388717651,0.6023176312446594,-0.005602567456662655,0.645939290523529,0.5144661068916321,-0.01680839993059635,0.620904803276062,0.449981153011322,-0.027576817199587822,0.6077337861061096,0.3974032402038574,-0.035351790487766266,0.6988617181777954,0.45170992612838745,-0.025681570172309875,0.6014289259910583,0.457567036151886,-0.04541688784956932,0.6067025661468506,0.5014834403991699,-0.050306543707847595,0.6330469250679016,0.506709098815918,-0.05254524201154709,0.7049527168273926,0.4973595440387726,-0.03434349596500397,0.5925754308700562,0.510127604007721,-0.05377272516489029,0.6058875322341919,0.5437509417533875,-0.050952568650245667,0.6317055821418762,0.5442080497741699,-0.0499722920358181,0.6983875632286072,0.5547140836715698,-0.043599195778369904,0.5903000235557556,0.5657774209976196,-0.060759324580430984,0.6056517958641052,0.5954676866531372,-0.047489140182733536,0.6335154175758362,0.5942137837409973,-0.03923674300312996,0.6853430867195129,0.6167588233947754,-0.05318872258067131,0.5932391285896301,0.6201299428939819,-0.06758315861225128,0.6051543951034546,0.6374258399009705,-0.06237153336405754,0.632465660572052,0.6342779994010925,-0.0571230910718441,0.34427720308303833,0.8039170503616333,-3.368952548044035e-07,0.36580389738082886,0.6961424350738525,-0.013998765498399734,0.3845095634460449,0.5973382592201233,-0.028748078271746635,0.3977358937263489,0.5362257361412048,-0.04397939518094063,0.40931597352027893,0.5222858786582947,-0.05573778599500656,0.3195050358772278,0.5625149607658386,-0.03699027746915817,0.419650137424469,0.5675639510154724,-0.06946860253810883,0.4171302318572998,0.6175869703292847,-0.0869533121585846,0.3903699815273285,0.6272620558738708,-0.09860153496265411,0.31561756134033203,0.6258894205093384,-0.047669291496276855,0.43081286549568176,0.628247857093811,-0.0753050297498703,0.4165765643119812,0.6684866547584534,-0.07870405912399292,0.3892000615596771,0.6741676330566406,-0.08222421258687973,0.32363536953926086,0.6934930682182312,-0.060285262763500214,0.4304552972316742,0.6883161067962646,-0.0842767059803009,0.41570818424224854,0.7213085889816284,-0.076994888484478,0.39226555824279785,0.7261307239532471,-0.07164326310157776,0.3373618721961975,0.7590996623039246,-0.07486534863710403,0.42486339807510376,0.7462908029556274,-0.08718662708997726,0.41391655802726746,0.7646697759628296,-0.08053477108478546,0.3901614248752594,0.7709280848503113,-0.07574861496686935
58,0.7055516242980957,0.6837652921676636,-4.4796033193961193e-07,0.6713940501213074,0.5949340462684631,-0.0071233478374779224,0.6478387117385864,0.5068983435630798,-0.018685108050704002,0.6257975101470947,0.44271430373191833,-0.029948359355330467,0.6125112771987915,0.3929342031478882,-0.03812232241034508,0.7038716673851013,0.448669970035553,-0.029147105291485786,0.6026742458343506,0.45192602276802063,-0.05411727726459503,0.6039745211601257,0.5038655996322632,-0.06136390566825867,0.6304088234901428,0.5137538313865662,-0.06374024599790573,0.7063063383102417,0.4961223304271698,-0.03810255229473114,0.5932705402374268,0.5101583003997803,-0.06258393079042435,0.6040501594543457,0.5490172505378723,-0.059899430721998215,0.6299049258232117,0.5535600781440735,-0.057151082903146744,0.6971354484558105,0.5534718632698059,-0.04817918315529823,0.5903313159942627,0.5660543441772461,-0.07033779472112656,0.603489875793457,0.5997592210769653,-0.0578543022274971,0.631626307964325,0.602021336555481,-0.04802512750029564,0.6836159825325012,0.6138859391212463,-0.058692026883363724,0.5957401394844055,0.6212509870529175,-0.07512526959180832,0.6058032512664795,0.6403546333312988,-0.07051415741443634,0.6321988701820374,0.6392028331756592,-0.06439843028783798,0.34246355295181274,0.815028727054596,-2.1635253233398544e-07,0.36341148614883423,0.7116449475288391,-0.013336513191461563,0.3822207748889923,0.6083893179893494,-0.027645498514175415,0.3992049992084503,0.5451902151107788,-0.04240334779024124,0.4177565574645996,0.5290053486824036,-0.05357980728149414,0.317853718996048,0.5675534605979919,-0.035974565893411636,0.4181402325630188,0.5647016763687134,-0.06842297315597534,0.41954880952835083,0.6174607872962952,-0.08424701541662216,0.3933766484260559,0.6301859021186829,-0.09456905722618103,0.3120070993900299,0.6257796883583069,-0.046860162168741226,0.427463173866272,0.6242574453353882,-0.07649696618318558,0.41857606172561646,0.6690329313278198,-0.07990967482328415,0.39196574687957764,0.6763505935668945,-0.08230417221784592,0.31742754578590393,0.6908790469169617,-0.05966858193278313,0.4271286725997925,0.6846123337745667,-0.08560317754745483,0.4187614619731903,0.7213360071182251,-0.07903247326612473,0.396881639957428,0.7269600629806519,-0.0732947438955307,0.33159884810447693,0.7556548118591309,-0.07427185773849487,0.4237874746322632,0.7395521402359009,-0.08844912797212601,0.4179307818412781,0.7599579095840454,-0.08384138345718384,0.3969443440437317,0.7665911912918091,-0.07968596369028091
59,0.6327738761901855,0.7062821388244629,-6.930240914471142e-08,0.6056230664253235,0.6644366383552551,-0.01896362006664276,0.5976815819740295,0.5935009717941284,-0.02615927718579769,0.6026851534843445,0.5324097275733948,-0.033337268978357315,0.6040513515472412,0.48513343930244446,-0.04011838138103485,0.6254659295082092,0.5386187434196472,-0.011714893393218517,0.6214320659637451,0.4914245903491974,-0.03045502118766308,0.6171671748161316,0.4627242684364319,-0.04419208690524101,0.6139190196990967,0.4436132311820984,-0.05250481888651848,0.6615775227546692,0.5374315977096558,-0.012887637130916119,0.6813924908638,0.48913896083831787,-0.03957647085189819,0.6815041899681091,0.5050121545791626,-0.05354750156402588,0.6761469841003418,0.5314475893974304,-0.05636660009622574,0.6925784945487976,0.5493468642234802,-0.016771739348769188,0.7144539952278137,0.5175730586051941,-0.04543301463127136,0.7129168510437012,0.5373241305351257,-0.05238090083003044,0.7065086364746094,0.5642457604408264,-0.04938291013240814,0.7157708406448364,0.5751263499259949,-0.021715501323342323,0.7421528697013855,0.553284764289856,-0.0433974526822567,0.7497780919075012,0.5594757199287415,-0.047409188002347946,0.7532999515533447,0.5735796689987183,-0.04482879489660263,0.335129976272583,0.7918176054954529,-1.629971109196049e-07,0.3553759455680847,0.6946292519569397,-0.011718378402292728,0.37283819913864136,0.6028204560279846,-0.027891837060451508,0.389425128698349,0.5409929752349854,-0.04434926435351372,0.40569981932640076,0.5037263035774231,-0.05760960653424263,0.30715706944465637,0.5581796169281006,-0.04091596603393555,0.4007036089897156,0.5389971733093262,-0.074441097676754,0.40860068798065186,0.5888708829879761,-0.09150127321481705,0.38569024205207825,0.6070685386657715,-0.10190267860889435,0.30236729979515076,0.6085935235023499,-0.051955461502075195,0.4163508713245392,0.5948721766471863,-0.07945577055215836,0.41212302446365356,0.6417738199234009,-0.08147624880075455,0.3849646747112274,0.653505802154541,-0.08368741720914841,0.3099845349788666,0.6678834557533264,-0.06442946195602417,0.41818535327911377,0.6518548130989075,-0.08904167264699936,0.4121937155723572,0.6921777725219727,-0.07960726320743561,0.3886905312538147,0.7025339603424072,-0.07305368036031723,0.32593435049057007,0.7282195687294006,-0.07830927520990372,0.41413018107414246,0.7096500992774963,-0.09197032451629639,0.40895336866378784,0.7366144061088562,-0.0845765471458435,0.3866584897041321,0.7472089529037476,-0.07883738726377487
60,0.7211621403694153,0.7923194169998169,-5.686248414349393e-07,0.718490481376648,0.6689503788948059,0.0017940412508323789,0.6950873732566833,0.5585660338401794,-0.011247044429183006,0.6507030129432678,0.4878120422363281,-0.026928214356303215,0.6060289144515991,0.4730061888694763,-0.04153553768992424,0.712978720664978,0.5189133286476135,-0.02265259250998497,0.6312593817710876,0.4707041084766388,-0.05017286166548729,0.6243893504142761,0.5119836330413818,-0.06311644613742828,0.6404141187667847,0.5266242027282715,-0.06998816877603531,0.7041000127792358,0.5632802844047546,-0.03702687844634056,0.6045873165130615,0.537726640701294,-0.06377969682216644,0.6090074777603149,0.571567714214325,-0.06516063958406448,0.6335583925247192,0.5801975727081299,-0.06501185148954391,0.6868746876716614,0.6151900887489319,-0.05166523903608322,0.5972793698310852,0.6001545190811157,-0.0751262977719307,0.6103765368461609,0.631626546382904,-0.06289838254451752,0.6389287114143372,0.6347668170928955,-0.052937962114810944,0.6672198176383972,0.6654046773910522,-0.06606350839138031,0.5990897417068481,0.654786229133606,-0.07868244498968124,0.6122893691062927,0.6819725036621094,-0.06736375391483307,0.6375030279159546,0.6896412968635559,-0.057336170226335526,0.34455615282058716,0.7799897789955139,-1.8965366166412423e-07,0.36619019508361816,0.6886217594146729,-0.0073550366796553135,0.3820582628250122,0.6048305630683899,-0.02261422388255596,0.39250344038009644,0.5482757687568665,-0.03886948153376579,0.40476933121681213,0.515747606754303,-0.05273992940783501,0.32215437293052673,0.5587948560714722,-0.039144366979599,0.4035060703754425,0.5328546762466431,-0.07101117819547653,0.41299283504486084,0.5733631253242493,-0.0882708951830864,0.3911987245082855,0.5907802581787109,-0.09927365928888321,0.3166291117668152,0.6055482625961304,-0.05187997221946716,0.42064857482910156,0.589128315448761,-0.07713030278682709,0.4198720157146454,0.6284016370773315,-0.08013581484556198,0.3946631848812103,0.6406804919242859,-0.08408226072788239,0.3236146867275238,0.6620997786521912,-0.06540027260780334,0.4272463619709015,0.6471599340438843,-0.08713091164827347,0.4207957088947296,0.6789925694465637,-0.07882187515497208,0.39561212062835693,0.6899075508117676,-0.07438968867063522,0.3387145400047302,0.7209357023239136,-0.07999476790428162,0.42568209767341614,0.7031943202018738,-0.0930248275399208,0.42055460810661316,0.7255445122718811,-0.08643589168787003,0.3970971405506134,0.7379667162895203,-0.08182869851589203
61,0.6820882558822632,0.7304526567459106,-4.5066192910780956e-07,0.6567806601524353,0.6189062595367432,-0.00659759109839797,0.6369195580482483,0.5259652733802795,-0.0192358810454607,0.6135478019714355,0.4578108489513397,-0.031922049820423126,0.6036686897277832,0.40494659543037415,-0.04232112318277359,0.6909239292144775,0.4633469581604004,-0.022751344367861748,0.5998221635818481,0.4689914882183075,-0.0438096784055233,0.6031701564788818,0.513531506061554,-0.05310223251581192,0.6267821192741394,0.5271399617195129,-0.058660537004470825,0.6916699409484863,0.5148272514343262,-0.032551996409893036,0.5856427550315857,0.5235258936882019,-0.05426874756813049,0.5967188477516174,0.5580683350563049,-0.05624213442206383,0.6232747435569763,0.5648863315582275,-0.05825049430131912,0.6825662851333618,0.5737355947494507,-0.04302133992314339,0.5843914747238159,0.5781203508377075,-0.06492001563310623,0.5981812477111816,0.6063594222068787,-0.05497235804796219,0.625545859336853,0.6079988479614258,-0.04741911217570305,0.6697795391082764,0.6330289244651794,-0.05386984348297119,0.5930525064468384,0.6299328207969666,-0.07188772410154343,0.603314995765686,0.6500650644302368,-0.06635764986276627,0.6275554299354553,0.6507657766342163,-0.059683412313461304,0.3542250990867615,0.7864518165588379,-1.1378671160855447e-07,0.3801257014274597,0.6948951482772827,-0.013996465131640434,0.39494970440864563,0.6016784906387329,-0.027819408103823662,0.4005223214626312,0.5391581058502197,-0.04089125618338585,0.40563470125198364,0.5083908438682556,-0.050339799374341965,0.3138234615325928,0.5598455667495728,-0.037332117557525635,0.4129098355770111,0.5530721545219421,-0.06701304763555527,0.4102751910686493,0.5961047410964966,-0.0817013829946518,0.38210028409957886,0.603150486946106,-0.09187580645084381,0.3026793897151947,0.6085611581802368,-0.04570970684289932,0.4180806279182434,0.6083356738090515,-0.07302190363407135,0.4079624116420746,0.6461663246154785,-0.07585955411195755,0.38181889057159424,0.652907133102417,-0.07889655232429504,0.3051776587963104,0.6689426302909851,-0.05579347908496857,0.41364118456840515,0.6653488874435425,-0.08080212026834488,0.4073616564273834,0.6960505247116089,-0.07455381751060486,0.3873503506183624,0.7011284232139587,-0.06996162235736847,0.31668251752853394,0.7319989204406738,-0.06747609376907349,0.406983882188797,0.7219915986061096,-0.08389870822429657,0.40837186574935913,0.7365133762359619,-0.08184964209794998,0.39271774888038635,0.7398801445960999,-0.07972041517496109
62,0.7001019716262817,0.7035776376724243,-4.280644532173028e-07,0.6716153025627136,0.6087769269943237,-0.007689971011132002,0.6457653045654297,0.5223837494850159,-0.02159244380891323,0.6193332076072693,0.45885878801345825,-0.034985098987817764,0.6036645174026489,0.40547576546669006,-0.04494683817028999,0.6966074109077454,0.4650704264640808,-0.030957195907831192,0.5991011261940002,0.4699491262435913,-0.056770242750644684,0.5988309979438782,0.5177391767501831,-0.06528276205062866,0.62314373254776,0.531134307384491,-0.06853464245796204,0.6981893181800842,0.5139791369438171,-0.040739644318819046,0.5858038663864136,0.5250135660171509,-0.06401955336332321,0.5963475108146667,0.5616877675056458,-0.06179427728056908,0.6214678287506104,0.5666675567626953,-0.06034991890192032,0.6882903575897217,0.5707587003707886,-0.051815904676914215,0.5834100246429443,0.5814208984375,-0.07282853871583939,0.5976355075836182,0.6116525530815125,-0.06028793007135391,0.6246005296707153,0.6129889488220215,-0.05150006338953972,0.673372209072113,0.6277610063552856,-0.06351873278617859,0.5896565914154053,0.6319752931594849,-0.07985743880271912,0.6008635759353638,0.6510681509971619,-0.07494933158159256,0.6255371570587158,0.6514166593551636,-0.06912105530500412,0.35346519947052,0.794221043586731,-1.5572699396670941e-07,0.3833502233028412,0.7008492350578308,-0.012444017454981804,0.39556723833084106,0.6028825640678406,-0.024476615712046623,0.3985416293144226,0.5384089946746826,-0.03574162349104881,0.4012519121170044,0.5056301355361938,-0.04412614181637764,0.3137940764427185,0.560706615447998,-0.033546265214681625,0.4156039357185364,0.5557282567024231,-0.06260710954666138,0.41398191452026367,0.5924311280250549,-0.07914303988218307,0.38522419333457947,0.5961521863937378,-0.0911562591791153,0.30256879329681396,0.6141427159309387,-0.04236416146159172,0.4187379479408264,0.6087778210639954,-0.0701291412115097,0.4115421772003174,0.6390925645828247,-0.07586124539375305,0.3878321051597595,0.6412692666053772,-0.08115418255329132,0.305650532245636,0.6768033504486084,-0.05282551050186157,0.4133074879646301,0.6676959991455078,-0.07917756587266922,0.41249513626098633,0.690356433391571,-0.07610878348350525,0.39767545461654663,0.691612184047699,-0.07332466542720795,0.3174310028553009,0.7399746179580688,-0.06479212641716003,0.40631598234176636,0.7272224426269531,-0.08384301513433456,0.41265714168548584,0.7328945994377136,-0.08506487309932709,0.4025181531906128,0.7307831048965454,-0.0846829041838646
63,0.6962078809738159,0.7455003261566162,-3.845992750939331e-07,0.6595826745033264,0.6547764539718628,-0.006513755768537521,0.6207894682884216,0.5763861536979675,-0.021980037912726402,0.587994396686554,0.525354266166687,-0.03841757774353027,0.5774649977684021,0.48147764801979065,-0.05452851951122284,0.6838109493255615,0.5546651482582092,-0.02427278645336628,0.5950679183006287,0.5650529265403748,-0.05122112110257149,0.5902131199836731,0.591939389705658,-0.06658948957920074,0.6109730005264282,0.591014564037323,-0.07668200135231018,0.6889137029647827,0.6153885126113892,-0.03758632019162178,0.569774329662323,0.6173866987228394,-0.06356393545866013,0.5812172293663025,0.6489450335502625,-0.06784197688102722,0.6144930720329285,0.6520697474479675,-0.07074777036905289,0.6818475723266602,0.6783384084701538,-0.052035972476005554,0.5693244934082031,0.6738762259483337,-0.07972560822963715,0.5828548669815063,0.7021175622940063,-0.06896098703145981,0.6143434047698975,0.701506495475769,-0.05955949053168297,0.6677694916725159,0.7402772903442383,-0.06658539175987244,0.5790961980819702,0.7386355400085449,-0.09060840308666229,0.5917214751243591,0.7560094594955444,-0.0839579701423645,0.622607409954071,0.7536121010780334,-0.07546167075634003,0.33251556754112244,0.7601814270019531,-1.0588063759087163e-07,0.35230690240859985,0.6580633521080017,-0.01348085142672062,0.3635057508945465,0.5598717331886292,-0.025432299822568893,0.36912718415260315,0.49485787749290466,-0.037232767790555954,0.3712019920349121,0.44923198223114014,-0.045256562530994415,0.28655514121055603,0.5183858871459961,-0.023946264758706093,0.3791859745979309,0.490407258272171,-0.05310135334730148,0.38654157519340515,0.5315220952033997,-0.06940314173698425,0.3600938618183136,0.5410783290863037,-0.08002932369709015,0.2773045599460602,0.5580319166183472,-0.030726615339517593,0.38903582096099854,0.534098744392395,-0.057055093348026276,0.3863406777381897,0.5776982307434082,-0.0614030659198761,0.3576311469078064,0.5849144458770752,-0.06448576599359512,0.28304600715637207,0.6087943911552429,-0.04013165459036827,0.39224302768707275,0.5866112112998962,-0.06483343243598938,0.38694044947624207,0.624225378036499,-0.05958845838904381,0.3605613112449646,0.6303533911705017,-0.054991625249385834,0.2994863986968994,0.661943793296814,-0.051173917949199677,0.38790658116340637,0.6362255215644836,-0.06707961112260818,0.38205769658088684,0.6624391674995422,-0.06521343439817429,0.3556464910507202,0.6738748550415039,-0.06259654462337494
64,0.7111181616783142,0.7499012351036072,-9.692023894558588e-08,0.6833522915840149,0.6667379140853882,-0.009294803254306316,0.644707441329956,0.5877938866615295,-0.026916300877928734,0.6078104972839355,0.5402545928955078,-0.044230036437511444,0.5868250727653503,0.49866539239883423,-0.06370843201875687,0.6845957040786743,0.5619457364082336,-0.038081225007772446,0.6058400273323059,0.5521700382232666,-0.0658474713563919,0.5871469378471375,0.5295997262001038,-0.08305703103542328,0.5874150991439819,0.5017359852790833,-0.0957627072930336,0.6880892515182495,0.6099764108657837,-0.04937678202986717,0.5706297755241394,0.6070127487182617,-0.07766643911600113,0.5802888870239258,0.6317617297172546,-0.08163993805646896,0.6117886304855347,0.6391167044639587,-0.08450120687484741,0.6812263131141663,0.6672260761260986,-0.0612083300948143,0.5684847831726074,0.6626737117767334,-0.09025654941797256,0.5797542929649353,0.6843354105949402,-0.08023526519536972,0.611076295375824,0.687865674495697,-0.07158195227384567,0.6669530272483826,0.7248966693878174,-0.07328442484140396,0.5738292336463928,0.7205361127853394,-0.10005500912666321,0.5836566686630249,0.7348228096961975,-0.09699659049510956,0.6111294627189636,0.7379515171051025,-0.09178222715854645,0.3277296721935272,0.7237921953201294,-1.8099500209700636e-07,0.3511882722377777,0.6263406872749329,-0.010600275360047817,0.3611427843570709,0.5338770151138306,-0.022462056949734688,0.36676380038261414,0.4749835729598999,-0.03495277836918831,0.37454938888549805,0.4406634569168091,-0.04360480606555939,0.2860506772994995,0.4779583811759949,-0.023790113627910614,0.3781988024711609,0.4684569239616394,-0.05219189077615738,0.38342714309692383,0.5130545496940613,-0.06781745702028275,0.3587477207183838,0.5228534936904907,-0.07870892435312271,0.2769390344619751,0.5281190872192383,-0.03359290212392807,0.385699599981308,0.516806423664093,-0.060803789645433426,0.3834092319011688,0.5593795776367188,-0.06682004034519196,0.35919898748397827,0.5647019147872925,-0.07173813134431839,0.28394338488578796,0.5865196585655212,-0.045289501547813416,0.387604296207428,0.574081540107727,-0.068831667304039,0.3841552734375,0.6100624799728394,-0.06443314254283905,0.3613307476043701,0.6140828132629395,-0.06122005358338356,0.30141380429267883,0.6435944437980652,-0.058563925325870514,0.3872324526309967,0.6259255409240723,-0.07244227826595306,0.38312828540802,0.6494123935699463,-0.07037084549665451,0.35880759358406067,0.6558108329772949,-0.0685097873210907
65,0.7044163346290588,0.7124887704849243,-2.237904226376486e-07,0.6843375563621521,0.6192141771316528,-0.009686212986707687,0.6580045819282532,0.5309797525405884,-0.024649182334542274,0.6246389150619507,0.4666577875614166,-0.03850012645125389,0.6019499897956848,0.4235769510269165,-0.05100058391690254,0.6905663013458252,0.4897707998752594,-0.032628197222948074,0.5994015336036682,0.4897848963737488,-0.06201188638806343,0.6041600704193115,0.5181715488433838,-0.07483628392219543,0.6301710605621338,0.5159142017364502,-0.08129977434873581,0.6962434649467468,0.5296629667282104,-0.040181055665016174,0.5831701755523682,0.5334010720252991,-0.0673835426568985,0.5956757664680481,0.56577068567276,-0.06752233952283859,0.6229227781295776,0.5687307715415955,-0.06676097959280014,0.6895889639854431,0.5805505514144897,-0.04931528493762016,0.5804509520530701,0.5819312930107117,-0.07475266605615616,0.5961312055587769,0.6099894046783447,-0.061722517013549805,0.6245985627174377,0.6135595440864563,-0.05081573873758316,0.6742851138114929,0.636942446231842,-0.058707062155008316,0.5850275158882141,0.6361521482467651,-0.07891368865966797,0.599589467048645,0.6534650921821594,-0.07373159378767014,0.627814531326294,0.6522207856178284,-0.06703931838274002,0.32356885075569153,0.7690823078155518,-3.5809677001452656e-07,0.3505844473838806,0.6751141548156738,-0.01665680855512619,0.3728601634502411,0.5787580013275146,-0.031916260719299316,0.3876864016056061,0.5157728791236877,-0.04691068083047867,0.39456242322921753,0.4857771396636963,-0.05927467346191406,0.3063894212245941,0.5553672313690186,-0.038216352462768555,0.4021429717540741,0.5380003452301025,-0.07236584275960922,0.39946359395980835,0.5826742053031921,-0.09286514669656754,0.37009531259536743,0.5963449478149414,-0.10652047395706177,0.29677119851112366,0.6141042709350586,-0.04766049608588219,0.41481494903564453,0.6021541953086853,-0.07827898859977722,0.4017601013183594,0.6472021341323853,-0.08658596873283386,0.37330538034439087,0.6568948030471802,-0.09360742568969727,0.3024819791316986,0.676807701587677,-0.05893537774682045,0.4137445390224457,0.6658467650413513,-0.08358406275510788,0.4001307189464569,0.6989099979400635,-0.07892788201570511,0.37394434213638306,0.7042862772941589,-0.07634609192609787,0.31674724817276,0.7361153364181519,-0.07261446863412857,0.40565410256385803,0.7282688617706299,-0.08543563634157181,0.3947705626487732,0.7511511445045471,-0.08096008002758026,0.36891308426856995,0.758615255355835,-0.07844945788383484
66,0.7048049569129944,0.6921458840370178,-4.0328674799638975e-07,0.6755152940750122,0.6074829697608948,-0.013376481831073761,0.6449252963066101,0.5217870473861694,-0.02871829830110073,0.6165831685066223,0.45671308040618896,-0.041957106441259384,0.6040371656417847,0.4019054174423218,-0.05204172432422638,0.6961531043052673,0.4691120982170105,-0.03844330832362175,0.5976327657699585,0.4730437994003296,-0.06678784638643265,0.5982376933097839,0.5217455625534058,-0.07534767687320709,0.6247802376747131,0.5335913896560669,-0.07823298871517181,0.7004323601722717,0.5189136862754822,-0.044687408953905106,0.5876986384391785,0.527277410030365,-0.07136960327625275,0.5965939164161682,0.5645244717597961,-0.06905432790517807,0.622826874256134,0.5690653324127197,-0.06689699739217758,0.6915697455406189,0.5758854150772095,-0.052616897970438004,0.5851632356643677,0.5816261768341064,-0.07913920283317566,0.5969472527503967,0.6153822541236877,-0.06628579646348953,0.6246235370635986,0.617976188659668,-0.05570432171225548,0.6767570972442627,0.6326864957809448,-0.06106622889637947,0.5909954905509949,0.6362332701683044,-0.08231165260076523,0.6011983156204224,0.657535195350647,-0.07829329371452332,0.6272900700569153,0.6575363874435425,-0.07221152633428574,0.346291720867157,0.8012332916259766,-2.6906965899797797e-07,0.3667501211166382,0.7046347260475159,-0.01751168631017208,0.3880407214164734,0.601216197013855,-0.03379802405834198,0.40439242124557495,0.5334530472755432,-0.04912957921624184,0.41546571254730225,0.5252931118011475,-0.061394695192575455,0.328869491815567,0.5717821717262268,-0.047068990767002106,0.4312322735786438,0.5759099125862122,-0.08349303156137466,0.4308054447174072,0.6255649328231812,-0.1011732667684555,0.4008727967739105,0.6340469717979431,-0.11234135180711746,0.3200562298297882,0.6296031475067139,-0.057235658168792725,0.43813538551330566,0.6333261132240295,-0.09056787937879562,0.42936354875564575,0.6784846782684326,-0.09396234899759293,0.4002029001712799,0.6836013793945312,-0.09598801285028458,0.32420626282691956,0.6966392397880554,-0.06922264397144318,0.4339199662208557,0.6930394768714905,-0.0989375039935112,0.427418053150177,0.7298712730407715,-0.09153862297534943,0.405106782913208,0.7348830103874207,-0.08466250449419022,0.3373660147190094,0.7642740607261658,-0.0831456184387207,0.42611515522003174,0.7529132962226868,-0.10059976577758789,0.42271241545677185,0.7716045379638672,-0.09574414044618607,0.4027664065361023,0.7765545845031738,-0.09109010547399521
67,0.6833752393722534,0.6784781813621521,-2.4461729708491475e-07,0.6497621536254883,0.6125659942626953,-0.0058786156587302685,0.6155397295951843,0.5620238780975342,-0.01875844970345497,0.591102123260498,0.5289843082427979,-0.03251081332564354,0.5860970616340637,0.492593377828598,-0.049629051238298416,0.6803527474403381,0.5637471079826355,-0.02624460868537426,0.6085043549537659,0.5683078765869141,-0.044441647827625275,0.5895565152168274,0.5544634461402893,-0.060595087707042694,0.5926721096038818,0.5346112251281738,-0.07421859353780746,0.6886754035949707,0.6218750476837158,-0.038067400455474854,0.578581690788269,0.6304559111595154,-0.05405159294605255,0.575527012348175,0.6308941841125488,-0.0626857578754425,0.5982427597045898,0.6223393082618713,-0.07250099629163742,0.6850760579109192,0.6761748194694519,-0.04919940605759621,0.5736717581748962,0.6882495880126953,-0.06618848443031311,0.5719108581542969,0.6922621726989746,-0.06059333309531212,0.5941195487976074,0.6858967542648315,-0.05832642689347267,0.6726415753364563,0.7277750968933105,-0.06089099496603012,0.5820659399032593,0.7475858926773071,-0.0806712806224823,0.5793038606643677,0.7518121004104614,-0.07636674493551254,0.5989136099815369,0.7439476251602173,-0.07184723764657974,0.3452390134334564,0.759453296661377,-9.903885000994705e-08,0.36727479100227356,0.6621100306510925,-0.0102878138422966,0.38183388113975525,0.5710630416870117,-0.02394256554543972,0.39176473021507263,0.5143247842788696,-0.037947241216897964,0.4051688611507416,0.48461127281188965,-0.048773106187582016,0.3135625123977661,0.5194081664085388,-0.03015923872590065,0.40141400694847107,0.5020279884338379,-0.05981836095452309,0.4086489677429199,0.5485373735427856,-0.07596363127231598,0.3857136070728302,0.5614652037620544,-0.08631539344787598,0.3039686977863312,0.5614328384399414,-0.040113698691129684,0.4092269837856293,0.5509395599365234,-0.06463532149791718,0.40862858295440674,0.5965641140937805,-0.06758691370487213,0.38237765431404114,0.6058672666549683,-0.07024706155061722,0.30888187885284424,0.6175097227096558,-0.05167083069682121,0.411915123462677,0.6088773608207703,-0.074428990483284,0.41009676456451416,0.6477727890014648,-0.06673958152532578,0.3862603008747101,0.6551530957221985,-0.061227913945913315,0.3237701654434204,0.6775676608085632,-0.06433713436126709,0.4073919951915741,0.664749026298523,-0.07668634504079819,0.407029926776886,0.6913067102432251,-0.06972896307706833,0.38547778129577637,0.7006077766418457,-0.06433960795402527
68,0.6948926448822021,0.7926522493362427,-3.3076523209274455e-07,0.6636189222335815,0.7113780975341797,-0.009703290648758411,0.6240596771240234,0.6337761282920837,-0.026440966874361038,0.5909990668296814,0.5816315412521362,-0.04238839074969292,0.5762485265731812,0.5362376570701599,-0.05563105270266533,0.6675657629966736,0.5855458974838257,-0.03743519261479378,0.5764307975769043,0.5775788426399231,-0.06541193276643753,0.5729456543922424,0.6162921190261841,-0.07479209452867508,0.5965992212295532,0.6269950866699219,-0.07921206206083298,0.6713968515396118,0.6385406255722046,-0.04778758063912392,0.5578641295433044,0.637145459651947,-0.07486370950937271,0.5698788166046143,0.6705113649368286,-0.0745103731751442,0.5999820232391357,0.6742562651634216,-0.07328056544065475,0.6636990308761597,0.6998804211616516,-0.0589623749256134,0.5586112141609192,0.7009161114692688,-0.08354143798351288,0.5753549933433533,0.7268288731575012,-0.07029011100530624,0.6072743535041809,0.7268617153167725,-0.059893909841775894,0.6503648161888123,0.7623419165611267,-0.07055380195379257,0.5675261616706848,0.758704662322998,-0.09210199862718582,0.5820474028587341,0.7733970880508423,-0.08666089922189713,0.6115914583206177,0.7745762467384338,-0.07889505475759506,0.3374515175819397,0.7252416014671326,-1.5661586871829059e-07,0.36366337537765503,0.6303890347480774,-0.012488942593336105,0.3790428638458252,0.5411314368247986,-0.02545176073908806,0.3901909291744232,0.4849701523780823,-0.03864652290940285,0.4006413221359253,0.4536886215209961,-0.047515153884887695,0.30917537212371826,0.48047342896461487,-0.027677571401000023,0.4010816216468811,0.47337353229522705,-0.05774139240384102,0.40264880657196045,0.5186493992805481,-0.07354215532541275,0.37689489126205444,0.5235741138458252,-0.08417574316263199,0.300182580947876,0.527414858341217,-0.03675057739019394,0.4112014174461365,0.5227310657501221,-0.0658053308725357,0.40367913246154785,0.5678640007972717,-0.07130468636751175,0.37837767601013184,0.5703179836273193,-0.07545621693134308,0.3066006302833557,0.5845149755477905,-0.047982849180698395,0.4133831560611725,0.5793814063072205,-0.07257810980081558,0.4032169580459595,0.6173334717750549,-0.06828022003173828,0.37881407141685486,0.6195046305656433,-0.06483842432498932,0.3235267102718353,0.6422533988952637,-0.060976866632699966,0.4116256833076477,0.6301892399787903,-0.07474809885025024,0.4024946093559265,0.6540443897247314,-0.07323940843343735,0.37574341893196106,0.6594209671020508,-0.07181483507156372
69,0.700507640838623,0.7489324808120728,-2.3484122380068584e-07,0.6699740290641785,0.6611327528953552,-0.012045414187014103,0.6347581148147583,0.5766136646270752,-0.02661924622952938,0.601823627948761,0.512244462966919,-0.040072452276945114,0.5843668580055237,0.4645194411277771,-0.051739584654569626,0.6787024736404419,0.536547839641571,-0.030473312363028526,0.5867352485656738,0.5371984243392944,-0.06085939332842827,0.5900143980979919,0.5678479075431824,-0.07393905520439148,0.6147820949554443,0.5653414726257324,-0.08005734533071518,0.6848530769348145,0.5837088227272034,-0.03716714680194855,0.5711899995803833,0.5863224267959595,-0.06727708131074905,0.5821272730827332,0.6187525391578674,-0.067828468978405,0.6105771064758301,0.6218074560165405,-0.065955750644207,0.6780791878700256,0.6369438767433167,-0.046144597232341766,0.5708144903182983,0.6352760195732117,-0.07641036063432693,0.5837176442146301,0.6641595959663391,-0.06397020816802979,0.6121337413787842,0.668353796005249,-0.0511087067425251,0.662660539150238,0.6922483444213867,-0.05553828924894333,0.5760893821716309,0.6889845132827759,-0.07826303690671921,0.586407482624054,0.7069600820541382,-0.0736600011587143,0.6120789051055908,0.7059791088104248,-0.06608039140701294,0.34169432520866394,0.7737059593200684,-3.4476957466722524e-07,0.35903260111808777,0.6868795156478882,-0.010555998422205448,0.3744175136089325,0.5934368968009949,-0.023755017668008804,0.38859766721725464,0.5297646522521973,-0.03716353327035904,0.40505361557006836,0.4925317168235779,-0.04758809506893158,0.31504392623901367,0.5411218404769897,-0.03611375018954277,0.4012609124183655,0.5232058763504028,-0.06692759692668915,0.4050930440425873,0.5709258317947388,-0.08263639360666275,0.3830662667751312,0.5903375148773193,-0.09241633117198944,0.3078158497810364,0.5900874137878418,-0.046388622373342514,0.4140571653842926,0.578994631767273,-0.07183022052049637,0.4071040451526642,0.6243758201599121,-0.07506605982780457,0.38168609142303467,0.6389001607894897,-0.0784713625907898,0.3148031234741211,0.6494722366333008,-0.05791629105806351,0.4181552231311798,0.639488160610199,-0.07970843464136124,0.40973854064941406,0.6751836538314819,-0.07344724982976913,0.38596785068511963,0.6864235401153564,-0.06967931985855103,0.3299725353717804,0.7108787894248962,-0.0708877295255661,0.41514644026756287,0.7011401057243347,-0.08206582069396973,0.4079052805900574,0.7261713743209839,-0.07671777158975601,0.384422242641449,0.7363278269767761,-0.07323753088712692
70,0.6948516368865967,0.7184324860572815,-3.6097316069572116e-07,0.662013590335846,0.6317631006240845,-0.011937394738197327,0.6362268924713135,0.5477309226989746,-0.027928955852985382,0.612517237663269,0.48538413643836975,-0.04171920567750931,0.5934749245643616,0.440571129322052,-0.05215413495898247,0.685814380645752,0.48906034231185913,-0.042106397449970245,0.5858011841773987,0.500721275806427,-0.06833983957767487,0.5905701518058777,0.5475554466247559,-0.07371953129768372,0.6166915893554688,0.5546663403511047,-0.07473157346248627,0.6910196542739868,0.5393785834312439,-0.04969097673892975,0.5774756073951721,0.5517354011535645,-0.07626262307167053,0.5895276665687561,0.5879665613174438,-0.07179636508226395,0.6167524456977844,0.5910336971282959,-0.06783679872751236,0.6840850114822388,0.5982885360717773,-0.058262329548597336,0.577642560005188,0.6114897131919861,-0.08188624680042267,0.5917461514472961,0.6405433416366577,-0.06695558875799179,0.6205538511276245,0.6388784646987915,-0.05566409230232239,0.6716147661209106,0.6582371592521667,-0.06744140386581421,0.5839475393295288,0.6641989946365356,-0.08511918783187866,0.5937725901603699,0.6807308793067932,-0.07928812503814697,0.619672417640686,0.6759214401245117,-0.07270147651433945,0.3394957184791565,0.8068020343780518,-2.841744901616039e-07,0.3637969493865967,0.7062928676605225,-0.012435909360647202,0.38377103209495544,0.6061233282089233,-0.02527390420436859,0.3981074392795563,0.5411675572395325,-0.038841597735881805,0.40633833408355713,0.5240939855575562,-0.04926165193319321,0.32139959931373596,0.5723341107368469,-0.03323093801736832,0.42350131273269653,0.5759162902832031,-0.06793104112148285,0.42189785838127136,0.6225261688232422,-0.0857275202870369,0.38927340507507324,0.628170907497406,-0.0970831885933876,0.31211110949516296,0.6301481127738953,-0.04586905613541603,0.4327690005302429,0.6365797519683838,-0.07795921713113785,0.41961371898651123,0.6810610890388489,-0.0834251344203949,0.38730528950691223,0.682518720626831,-0.08692916482686996,0.3160472810268402,0.6971045732498169,-0.06061112880706787,0.4286308288574219,0.6999750137329102,-0.08948823809623718,0.4156862795352936,0.7360628843307495,-0.08383901417255402,0.38798362016677856,0.73582923412323,-0.07832372188568115,0.32889845967292786,0.7650572061538696,-0.07716221362352371,0.4214547872543335,0.7566748857498169,-0.0950222983956337,0.41185396909713745,0.777997612953186,-0.09135479480028152,0.3846950829029083,0.7826122045516968,-0.08730737864971161
71,0.7063040137290955,0.7602014541625977,-4.5275561433300027e-07,0.6749253273010254,0.6662166714668274,-0.0083168875426054,0.6382589936256409,0.5815156698226929,-0.022072138264775276,0.6013561487197876,0.5275367498397827,-0.036048319190740585,0.5731410384178162,0.5230628848075867,-0.04822903499007225,0.6863042116165161,0.5605974793434143,-0.02942192181944847,0.6084339022636414,0.5452305674552917,-0.05325140058994293,0.5895131230354309,0.5843836069107056,-0.05982684716582298,0.5978909134864807,0.6089281439781189,-0.06292732059955597,0.6914864778518677,0.6175063848495483,-0.0400424487888813,0.5756552219390869,0.6141543388366699,-0.06525113433599472,0.5784458518028259,0.6504403948783875,-0.06388920545578003,0.6054055690765381,0.6595280170440674,-0.06170978024601936,0.685546875,0.6791009902954102,-0.051610976457595825,0.5746279358863831,0.6756021976470947,-0.07723940163850784,0.5850470066070557,0.7036018371582031,-0.0654892846941948,0.6150931119918823,0.7060117721557617,-0.0550331212580204,0.6733448505401611,0.7386573553085327,-0.06340110301971436,0.5842967629432678,0.7428281903266907,-0.0840449258685112,0.5932448506355286,0.7576285600662231,-0.07863007485866547,0.6217560172080994,0.7559617161750793,-0.07145316153764725,0.3412541151046753,0.7769978046417236,-1.2243619096352631e-07,0.3712519109249115,0.6822347640991211,-0.013691715896129608,0.385251522064209,0.5921860933303833,-0.0286021176725626,0.3941362798213959,0.5333254933357239,-0.04360955208539963,0.4084254801273346,0.48970648646354675,-0.05466265603899956,0.317918062210083,0.5309292674064636,-0.030926181003451347,0.4068547189235687,0.520780622959137,-0.062070660293102264,0.4092898666858673,0.566956102848053,-0.07874813675880432,0.385601282119751,0.577724814414978,-0.08943880349397659,0.30773892998695374,0.5760732293128967,-0.03979906812310219,0.4168112277984619,0.5696465969085693,-0.06733415275812149,0.4109913110733032,0.6147100329399109,-0.07134011387825012,0.3873443603515625,0.6217589974403381,-0.07425762712955475,0.3120289444923401,0.633122444152832,-0.05096733197569847,0.4187825918197632,0.6273838877677917,-0.07502921670675278,0.4110907316207886,0.6657002568244934,-0.06786064058542252,0.38920295238494873,0.6713523268699646,-0.06236915662884712,0.3262176513671875,0.6925815343856812,-0.06391240656375885,0.41482967138290405,0.6798203587532043,-0.07689952850341797,0.40893930196762085,0.7042986750602722,-0.07191775739192963,0.3871825635433197,0.7106662392616272,-0.06779757887125015
72,0.7065491676330566,0.7913747429847717,-3.291393966264877e-07,0.674703061580658,0.6813589334487915,-0.007224948611110449,0.6391553282737732,0.5860252976417542,-0.020702583715319633,0.6015529036521912,0.5371146202087402,-0.033972837030887604,0.5712590217590332,0.552007794380188,-0.04627621918916702,0.684194803237915,0.5834599137306213,-0.03477032855153084,0.5851118564605713,0.584690511226654,-0.06179184094071388,0.5951606631278992,0.6227186918258667,-0.07285147905349731,0.6220844388008118,0.6268510222434998,-0.07803511619567871,0.6888675689697266,0.6448622941970825,-0.04507648944854736,0.5755202174186707,0.6478172540664673,-0.06880058348178864,0.5943099856376648,0.6739877462387085,-0.06709997355937958,0.6234817504882812,0.6764926910400391,-0.06582089513540268,0.6835580468177795,0.7082128524780273,-0.05581299215555191,0.5761362910270691,0.7090372443199158,-0.0763314738869667,0.5957273244857788,0.728568434715271,-0.06365162879228592,0.6271743774414062,0.7289468050003052,-0.053936321288347244,0.6710755825042725,0.769577145576477,-0.06687156856060028,0.5834266543388367,0.7652234435081482,-0.0787712037563324,0.6007817983627319,0.7778091430664062,-0.06872779130935669,0.6322298049926758,0.7801530361175537,-0.060022879391908646,0.34589138627052307,0.736824095249176,-1.5444783230122994e-07,0.3672778308391571,0.6314840912818909,-0.011221851222217083,0.3788309693336487,0.5334581136703491,-0.02400137670338154,0.38541179895401,0.4741777777671814,-0.037076860666275024,0.3925097584724426,0.44935131072998047,-0.04622090607881546,0.31771335005760193,0.49188315868377686,-0.03299981355667114,0.4122791290283203,0.48841798305511475,-0.06422033905982971,0.4134373068809509,0.5343236923217773,-0.07910984009504318,0.38739848136901855,0.5388610363006592,-0.08881950378417969,0.3105730712413788,0.544224202632904,-0.04358730837702751,0.42330124974250793,0.541749894618988,-0.07311619818210602,0.4157033860683441,0.5850606560707092,-0.07718968391418457,0.39037057757377625,0.5859168767929077,-0.08009012788534164,0.3179580271244049,0.6047933101654053,-0.05591975525021553,0.42436641454696655,0.6003283858299255,-0.08150147646665573,0.4148111939430237,0.6362807750701904,-0.07677508145570755,0.39074021577835083,0.6358923316001892,-0.07262976467609406,0.33588993549346924,0.6651877760887146,-0.0696309506893158,0.4226587414741516,0.6525570154190063,-0.08398030698299408,0.41303569078445435,0.6745691895484924,-0.08184453845024109,0.38645464181900024,0.6782044172286987,-0.07978158444166183
73,0.7009066343307495,0.7524136900901794,-3.9560202935717825e-07,0.6715525388717651,0.6579393148422241,-0.011384702287614346,0.6441932320594788,0.5642507076263428,-0.026359980925917625,0.6124680638313293,0.5016016960144043,-0.038775403052568436,0.5905143618583679,0.4826243817806244,-0.048248324543237686,0.6944811344146729,0.5251949429512024,-0.044318635016679764,0.595069169998169,0.5186866521835327,-0.06961987167596817,0.5932753086090088,0.5644160509109497,-0.0728580579161644,0.6142421364784241,0.5785638689994812,-0.07237328588962555,0.701408863067627,0.5754051208496094,-0.05160927027463913,0.5861865878105164,0.5806683897972107,-0.07921722531318665,0.5946275591850281,0.6160875558853149,-0.07418390363454819,0.6214922666549683,0.6203140020370483,-0.0695839524269104,0.6942721009254456,0.6321322321891785,-0.059474918991327286,0.5865645408630371,0.6366825699806213,-0.08530548214912415,0.5987029671669006,0.6653301119804382,-0.070942722260952,0.6272279024124146,0.6645357012748718,-0.05931209400296211,0.6791576147079468,0.6876654028892517,-0.06761755794286728,0.5926849842071533,0.6918928027153015,-0.08690343797206879,0.602023720741272,0.7122604846954346,-0.08142554014921188,0.6270305514335632,0.7082234025001526,-0.07501237094402313,0.3425109088420868,0.7759561538696289,-2.860841732399422e-07,0.3649142384529114,0.6863399147987366,-0.014674586243927479,0.3794010281562805,0.5909973978996277,-0.02951020933687687,0.38786813616752625,0.5244718790054321,-0.04352208971977234,0.3911081552505493,0.4828241467475891,-0.05424349009990692,0.31186962127685547,0.5411495566368103,-0.04375777393579483,0.40234023332595825,0.5230089426040649,-0.07667073607444763,0.4151090085506439,0.5727249979972839,-0.09318193048238754,0.3954490125179291,0.5914869904518127,-0.10307759791612625,0.30576854944229126,0.5930448770523071,-0.05294597148895264,0.41656023263931274,0.5848647952079773,-0.0803147405385971,0.4146992564201355,0.6290001273155212,-0.08421096205711365,0.39041560888290405,0.6396045684814453,-0.08794891089200974,0.3146986663341522,0.6562952995300293,-0.06349073350429535,0.4224284589290619,0.6479727029800415,-0.08903190493583679,0.4167032539844513,0.6850989460945129,-0.08290579169988632,0.39476630091667175,0.6927586793899536,-0.07842595875263214,0.332001656293869,0.7203159332275391,-0.07551142573356628,0.42219895124435425,0.7083737850189209,-0.09141705930233002,0.41660210490226746,0.732352077960968,-0.08684217184782028,0.3943982422351837,0.7407140135765076,-0.08285485208034515
74,0.7000821232795715,0.7172453999519348,-2.803021459385491e-07,0.6709433794021606,0.6175057888031006,-0.012497443705797195,0.6480472087860107,0.5218797326087952,-0.027956511825323105,0.6189627051353455,0.45643150806427,-0.04098762571811676,0.5964099168777466,0.4494994282722473,-0.0506993904709816,0.6982684135437012,0.4812120497226715,-0.04163209721446037,0.5964799523353577,0.47966253757476807,-0.06527282297611237,0.6004065275192261,0.527736485004425,-0.06954491138458252,0.6268595457077026,0.5364006757736206,-0.07091259211301804,0.7008945345878601,0.5323077440261841,-0.04905325174331665,0.5878618359565735,0.5369474291801453,-0.07290752977132797,0.5997172594070435,0.5762684941291809,-0.06736207008361816,0.6266211867332458,0.5796955227851868,-0.06300686299800873,0.6921864748001099,0.5910505652427673,-0.05724387988448143,0.5875260829925537,0.5966862440109253,-0.07672235369682312,0.6006215810775757,0.6283289790153503,-0.06179870292544365,0.6297288537025452,0.628760576248169,-0.05114484578371048,0.6786852478981018,0.6507903933525085,-0.06661029905080795,0.5901528000831604,0.6550259590148926,-0.07967326045036316,0.5990327596664429,0.6715812683105469,-0.07380630075931549,0.6247060894966125,0.6686020493507385,-0.06819360703229904,0.34540852904319763,0.7913109660148621,-2.644147514274664e-07,0.36520010232925415,0.689740777015686,-0.013784851878881454,0.3798958957195282,0.5858801007270813,-0.029493825510144234,0.389034241437912,0.5223088264465332,-0.045216139405965805,0.3978463411331177,0.5164666175842285,-0.0581333190202713,0.3177686631679535,0.5524768829345703,-0.0401059165596962,0.4151197373867035,0.5573827028274536,-0.07459791749715805,0.41702744364738464,0.6070038080215454,-0.09343118965625763,0.38561511039733887,0.6161145567893982,-0.10630716383457184,0.3100137710571289,0.6091303825378418,-0.05198059603571892,0.42665594816207886,0.6153663396835327,-0.08356299996376038,0.4186190366744995,0.6608407497406006,-0.08911602199077606,0.3875632882118225,0.6642425060272217,-0.0936381071805954,0.31517523527145386,0.6746262311935425,-0.06549534201622009,0.42714932560920715,0.6754670143127441,-0.09379719197750092,0.4185985326766968,0.7125471830368042,-0.08867181837558746,0.39244627952575684,0.7154104113578796,-0.08427006006240845,0.3300986886024475,0.7405109405517578,-0.08074641227722168,0.42278924584388733,0.7300629019737244,-0.09820253401994705,0.4154917299747467,0.7505193948745728,-0.09545321762561798,0.390118807554245,0.7559874653816223,-0.0927206501364708
75,0.7219139933586121,0.7579872608184814,-4.421244454988482e-07,0.7073290348052979,0.6668225526809692,-0.015791136771440506,0.6635842323303223,0.58209228515625,-0.038030266761779785,0.6151589751243591,0.5266726613044739,-0.05855180323123932,0.5955857038497925,0.49506211280822754,-0.07737022638320923,0.7089993357658386,0.5689717531204224,-0.0525648333132267,0.599890947341919,0.5322691798210144,-0.0892811045050621,0.5903244018554688,0.5726219415664673,-0.10431846231222153,0.6119051575660706,0.5955538153648376,-0.11123652756214142,0.7105295658111572,0.6283400058746338,-0.05998111888766289,0.5800549983978271,0.6043881773948669,-0.09406818449497223,0.5873605012893677,0.6416134834289551,-0.09391959011554718,0.6202272772789001,0.6532827019691467,-0.09240653365850449,0.6990634202957153,0.6872096061706543,-0.06838292628526688,0.582034170627594,0.6667817831039429,-0.09906132519245148,0.5933321118354797,0.6977349519729614,-0.0826173946261406,0.6243012547492981,0.7030836343765259,-0.0690368115901947,0.6798897981643677,0.740516185760498,-0.0774487778544426,0.589970052242279,0.7304899096488953,-0.1018189787864685,0.6035606861114502,0.7518125176429749,-0.09267865121364594,0.634591817855835,0.7555794715881348,-0.08224958181381226,0.34508487582206726,0.757222056388855,-1.5415839982324542e-07,0.36842450499534607,0.6596323251724243,-0.008639410138130188,0.37870630621910095,0.5679585337638855,-0.021101918071508408,0.3835405707359314,0.5081986784934998,-0.03464421257376671,0.3972419202327728,0.4681060016155243,-0.044560398906469345,0.31959497928619385,0.503866970539093,-0.02439676970243454,0.40389159321784973,0.4919077754020691,-0.05313715711236,0.4094642400741577,0.5386923551559448,-0.0692024901509285,0.38855719566345215,0.5501874685287476,-0.07963349670171738,0.30822500586509705,0.5489085912704468,-0.03485781326889992,0.41485995054244995,0.5461204051971436,-0.060080964118242264,0.4135890603065491,0.5908985137939453,-0.06508951634168625,0.3918095529079437,0.5980919599533081,-0.06887374818325043,0.3112404942512512,0.6070720553398132,-0.0469769649207592,0.41543036699295044,0.6019293069839478,-0.06978227943181992,0.4131892919540405,0.6377439498901367,-0.06405182927846909,0.39344364404678345,0.6442784070968628,-0.059349339455366135,0.3236020803451538,0.6686312556266785,-0.06024808809161186,0.40902069211006165,0.6558043956756592,-0.07323094457387924,0.41235053539276123,0.6748865246772766,-0.06859093904495239,0.3963429629802704,0.6800397038459778,-0.06397674232721329
76,0.7243244051933289,0.7807391285896301,-3.8314468042699446e-07,0.6894099116325378,0.6909869909286499,-0.012871976010501385,0.6528928875923157,0.6030373573303223,-0.029231039807200432,0.6183083653450012,0.545383870601654,-0.044103629887104034,0.5966286659240723,0.5284138917922974,-0.05691511183977127,0.7006496787071228,0.5642460584640503,-0.044348765164613724,0.6024434566497803,0.5642775297164917,-0.07458042353391647,0.6025357842445374,0.608464241027832,-0.08380818367004395,0.6275733113288879,0.619369387626648,-0.08784043043851852,0.7065616846084595,0.6167545318603516,-0.05295956879854202,0.5909692049026489,0.6276023387908936,-0.08456650376319885,0.5997906923294067,0.661730170249939,-0.08346137404441833,0.6297289133071899,0.6660120487213135,-0.08117320388555527,0.6996769309043884,0.6760395169258118,-0.06269708275794983,0.5894919037818909,0.6881929636001587,-0.08948495984077454,0.6026153564453125,0.7146926522254944,-0.07577691227197647,0.6352095603942871,0.7114606499671936,-0.06490132212638855,0.6862159371376038,0.735873818397522,-0.07323121279478073,0.5953681468963623,0.7499852180480957,-0.09301799535751343,0.6087808012962341,0.7659286260604858,-0.08740995079278946,0.6405726671218872,0.7599523067474365,-0.08082599192857742,0.3532591462135315,0.7449015378952026,-2.287991094362951e-07,0.37682273983955383,0.6504389047622681,-0.007660621777176857,0.38771986961364746,0.5586620569229126,-0.019699428230524063,0.3911047577857971,0.4991271197795868,-0.033587947487831116,0.40160688757896423,0.4602583050727844,-0.04352201521396637,0.32155171036720276,0.4938640594482422,-0.02273010089993477,0.40080198645591736,0.478268563747406,-0.052818190306425095,0.40906310081481934,0.5274676084518433,-0.06850780546665192,0.38909265398979187,0.5408830642700195,-0.07840538769960403,0.30913156270980835,0.5398834347724915,-0.03480459377169609,0.4121426045894623,0.5342029333114624,-0.061316195875406265,0.4114340841770172,0.5817556381225586,-0.06604336202144623,0.38875433802604675,0.5869140028953552,-0.0693492516875267,0.31141212582588196,0.599532425403595,-0.048809755593538284,0.4146069884300232,0.5967750549316406,-0.07379733771085739,0.41157659888267517,0.635120153427124,-0.06851354241371155,0.3886761963367462,0.6385219097137451,-0.06392421573400497,0.3239939212799072,0.6626362800598145,-0.06382202357053757,0.41186508536338806,0.6545740962028503,-0.07793258130550385,0.4106087386608124,0.6780557036399841,-0.07351721078157425,0.38816308975219727,0.6831485629081726,-0.06931134313344955
77,0.7087619304656982,0.7348541021347046,-3.3279582112299977e-07,0.6783168911933899,0.6436506509780884,-0.014832580462098122,0.6506673693656921,0.5596969127655029,-0.03275394067168236,0.6217911839485168,0.4985765218734741,-0.04687463119626045,0.6116687655448914,0.4526900351047516,-0.05789573863148689,0.7080698013305664,0.5000486373901367,-0.05112737417221069,0.6083062291145325,0.5035771727561951,-0.0729551613330841,0.6101379990577698,0.5456639528274536,-0.07459364086389542,0.6327579617500305,0.5550511479377747,-0.0745999664068222,0.7138969302177429,0.5469323992729187,-0.05593608319759369,0.5994008779525757,0.5578845739364624,-0.07977207005023956,0.6109825968742371,0.5930905342102051,-0.07449498772621155,0.6366640329360962,0.5960366129875183,-0.07171116769313812,0.7065602540969849,0.6024225354194641,-0.06074119359254837,0.5997836589813232,0.6123952865600586,-0.08226258307695389,0.613926887512207,0.6407862901687622,-0.06700120866298676,0.640907883644104,0.6408074498176575,-0.057413116097450256,0.6918141841888428,0.658754825592041,-0.06611520797014236,0.6038641333580017,0.6611841320991516,-0.08632273226976395,0.6137439012527466,0.6819964647293091,-0.08175007998943329,0.6378710865974426,0.6799276471138,-0.07665865123271942,0.3518202602863312,0.7880579829216003,-3.4743405308290676e-07,0.36592647433280945,0.693587601184845,-0.016076844185590744,0.37736955285072327,0.5983469486236572,-0.032030317932367325,0.3845498263835907,0.5345529913902283,-0.047023069113492966,0.3951855003833771,0.5054486393928528,-0.05881849303841591,0.3114109933376312,0.5624846816062927,-0.04501119628548622,0.41184529662132263,0.5575829148292542,-0.0778513103723526,0.4126453995704651,0.6061083078384399,-0.09494470804929733,0.3829646110534668,0.6199726462364197,-0.10636129975318909,0.30689212679862976,0.6233310699462891,-0.054570261389017105,0.4228939116001129,0.6192126870155334,-0.08235357701778412,0.41299131512641907,0.6630476117134094,-0.08589380234479904,0.3844320774078369,0.6725668907165527,-0.0900762677192688,0.3162257969379425,0.6903297901153564,-0.06552166491746902,0.4245516359806061,0.6838604211807251,-0.09084339439868927,0.41519883275032043,0.7175619602203369,-0.08443479984998703,0.39131423830986023,0.7241929173469543,-0.08014295995235443,0.3316967189311981,0.7559133768081665,-0.07831154018640518,0.4190310835838318,0.7444146275520325,-0.09425299614667892,0.41222113370895386,0.7643716335296631,-0.09015098959207535,0.38950133323669434,0.771186888217926,-0.08693081885576248
78,0.7093263864517212,0.7021352648735046,-3.090284508289187e-07,0.6811211705207825,0.6108750700950623,-0.010849174112081528,0.6587952971458435,0.5227515697479248,-0.026334021240472794,0.6316652894020081,0.45833152532577515,-0.03963493928313255,0.6183971166610718,0.43661123514175415,-0.049310103058815,0.7097187638282776,0.47185879945755005,-0.04163447022438049,0.6122514009475708,0.47350752353668213,-0.06168689951300621,0.6127730011940002,0.5216735005378723,-0.06116054207086563,0.6380861401557922,0.5325387120246887,-0.05956133082509041,0.7139523029327393,0.5196177363395691,-0.04948003590106964,0.6020317673683167,0.5284766554832458,-0.07104051858186722,0.6115272641181946,0.5696930885314941,-0.06330423057079315,0.6383466124534607,0.5728885531425476,-0.057450003921985626,0.7066217660903931,0.5767201781272888,-0.057660311460494995,0.6012147665023804,0.5886841416358948,-0.0750831738114357,0.6133763194084167,0.6212900280952454,-0.060090139508247375,0.6427167654037476,0.6207522749900818,-0.05024037882685661,0.6941515803337097,0.6356481313705444,-0.06682957708835602,0.6050807237625122,0.6453590393066406,-0.08043824136257172,0.6145759224891663,0.6623482704162598,-0.07618800550699234,0.6411960124969482,0.6593759059906006,-0.0717678889632225,0.35357195138931274,0.8163934946060181,-2.4698553602320317e-07,0.37565910816192627,0.7173134088516235,-0.01715286448597908,0.38556763529777527,0.615297257900238,-0.03184138983488083,0.3895253539085388,0.5537929534912109,-0.04567749425768852,0.3977479636669159,0.5366836190223694,-0.05598653480410576,0.3172706663608551,0.5821718573570251,-0.04301592707633972,0.42249569296836853,0.5823724269866943,-0.07899907231330872,0.4250769019126892,0.6280985474586487,-0.09655502438545227,0.3921409845352173,0.6338258981704712,-0.10827472805976868,0.30432698130607605,0.6413170695304871,-0.05348431318998337,0.4324290156364441,0.6451982855796814,-0.08863648027181625,0.4239886701107025,0.6903939247131348,-0.0944150984287262,0.3918452262878418,0.6924092769622803,-0.0981932133436203,0.3098914623260498,0.7102153301239014,-0.0659899190068245,0.43032050132751465,0.7101775407791138,-0.0970708578824997,0.42196598649024963,0.7473706007003784,-0.09089682996273041,0.39373064041137695,0.7488934993743896,-0.08506238460540771,0.3262302279472351,0.7790809869766235,-0.08081492781639099,0.4252077341079712,0.7693658471107483,-0.10293660312891006,0.4200011193752289,0.7896309494972229,-0.10205163806676865,0.3947138786315918,0.7941032648086548,-0.09949541091918945
79,0.7200624942779541,0.729941189289093,-5.279628680909809e-07,0.6907439231872559,0.6486814618110657,-0.011831690557301044,0.6506016254425049,0.5782074928283691,-0.02550186589360237,0.6143368482589722,0.5294837355613708,-0.03813238441944122,0.6063214540481567,0.498904824256897,-0.04806574061512947,0.7041569352149963,0.5493161082267761,-0.03774771839380264,0.6016288995742798,0.5457972288131714,-0.06020976975560188,0.5937142968177795,0.5903913974761963,-0.06347726285457611,0.6171852350234985,0.6098185777664185,-0.06387070566415787,0.7107250094413757,0.6080238819122314,-0.04462553933262825,0.5917274355888367,0.6184263229370117,-0.06797083467245102,0.6004902720451355,0.6515409350395203,-0.06473362445831299,0.6306083798408508,0.6540602445602417,-0.06208639219403267,0.707119882106781,0.6677283644676208,-0.05196837708353996,0.5960566997528076,0.6775261759757996,-0.07331707328557968,0.6083562970161438,0.7025145888328552,-0.05960215628147125,0.6375243663787842,0.7012388110160828,-0.04952576756477356,0.6981130242347717,0.7260832786560059,-0.06008963659405708,0.6089255213737488,0.7361559271812439,-0.07743997126817703,0.6192970871925354,0.7512918710708618,-0.07041796296834946,0.6478180289268494,0.7503772377967834,-0.06260782480239868,0.34592127799987793,0.7857078313827515,-2.066523450139357e-07,0.3750270903110504,0.688137948513031,-0.011484405025839806,0.3861597776412964,0.5953043103218079,-0.022156883031129837,0.3865818977355957,0.5303171277046204,-0.03322252631187439,0.38652440905570984,0.479295551776886,-0.040348026901483536,0.31622758507728577,0.5358923673629761,-0.020942803472280502,0.4029771089553833,0.5182417631149292,-0.05124199017882347,0.4097234606742859,0.5623289346694946,-0.06916646659374237,0.38519302010536194,0.5717142820358276,-0.08049345016479492,0.3043205142021179,0.5781270265579224,-0.029344569891691208,0.4121558368206024,0.5699201822280884,-0.055277660489082336,0.4103361964225769,0.6146228909492493,-0.060776133090257645,0.38570812344551086,0.619056761264801,-0.06473510712385178,0.3070140779018402,0.6337824463844299,-0.040320683270692825,0.4140271544456482,0.6273164749145508,-0.0644848495721817,0.4097963869571686,0.6637396216392517,-0.058983366936445236,0.38787171244621277,0.6676982641220093,-0.05424789711833,0.31901445984840393,0.6942225098609924,-0.052926722913980484,0.40668725967407227,0.681175172328949,-0.06771035492420197,0.40460503101348877,0.7031934261322021,-0.06451871246099472,0.38379615545272827,0.7104073166847229,-0.06066142022609711
80,0.7113081812858582,0.8001233339309692,-8.182315127669426e-07,0.677359402179718,0.699089527130127,-0.004155674949288368,0.6410309672355652,0.6043813824653625,-0.02299042046070099,0.6127217411994934,0.5419525504112244,-0.04313039407134056,0.6126323938369751,0.4989493489265442,-0.06213384494185448,0.6973663568496704,0.5481189489364624,-0.043060243129730225,0.6008632779121399,0.5477958917617798,-0.07605838775634766,0.6069458723068237,0.5944040417671204,-0.09158151596784592,0.6323897242546082,0.6097513437271118,-0.1002940982580185,0.7005459070205688,0.6050847172737122,-0.05792127922177315,0.5837115049362183,0.6228085160255432,-0.09135320782661438,0.6001097559928894,0.6573210954666138,-0.09252671152353287,0.6355078816413879,0.6646872758865356,-0.09328600019216537,0.6931661367416382,0.6660366058349609,-0.07283036410808563,0.5837761163711548,0.6807941198348999,-0.10118957608938217,0.602918803691864,0.7081764340400696,-0.08599542826414108,0.6380157470703125,0.708033561706543,-0.07479529082775116,0.6805008053779602,0.7260066866874695,-0.08791723102331161,0.5896908044815063,0.7361665964126587,-0.10630979388952255,0.6055693030357361,0.7540221810340881,-0.09576984494924545,0.6378851532936096,0.7490783929824829,-0.08653660863637924,0.33703920245170593,0.7595158815383911,-2.1454690113387187e-07,0.3577309846878052,0.6602104902267456,-0.007659380789846182,0.3680844306945801,0.5679360032081604,-0.01875433325767517,0.37481439113616943,0.5071521997451782,-0.03093641810119152,0.38585010170936584,0.4644649624824524,-0.03945279121398926,0.3084086775779724,0.5040343999862671,-0.023974832147359848,0.3953994810581207,0.4997227191925049,-0.050808779895305634,0.4052869975566864,0.5473182797431946,-0.06474878638982773,0.38440629839897156,0.5607105493545532,-0.07392405718564987,0.2998984456062317,0.5521076917648315,-0.03528376296162605,0.4050394296646118,0.5524754524230957,-0.058054737746715546,0.4057515263557434,0.596486508846283,-0.062379512935876846,0.3819688558578491,0.6019207835197449,-0.06674706190824509,0.30599749088287354,0.6129921078681946,-0.04796807840466499,0.40825358033180237,0.6096044778823853,-0.07006915658712387,0.40655380487442017,0.6474999189376831,-0.06476405262947083,0.3837510347366333,0.6527739763259888,-0.06098458543419838,0.32146546244621277,0.6770133972167969,-0.06160331517457962,0.4061063528060913,0.6645156741142273,-0.07458703219890594,0.4062780737876892,0.6870142221450806,-0.0698387622833252,0.384798139333725,0.6938921809196472,-0.0656106024980545
81,0.7146302461624146,0.7509159445762634,-4.044127592806035e-07,0.6848628520965576,0.6625404953956604,-0.01123849581927061,0.6530483365058899,0.5791279673576355,-0.02665083482861519,0.6200883388519287,0.5171685814857483,-0.039854198694229126,0.6107127666473389,0.4735869765281677,-0.04951230064034462,0.7067698240280151,0.5301200151443481,-0.04154565930366516,0.6071006059646606,0.5139449238777161,-0.06703275442123413,0.6026687622070312,0.5597140789031982,-0.07086940109729767,0.6247310042381287,0.578039824962616,-0.07072678953409195,0.7102857828140259,0.5772809982299805,-0.04773961007595062,0.5950524806976318,0.5753018260002136,-0.07435853034257889,0.6042823791503906,0.6112485527992249,-0.06955457478761673,0.6317146420478821,0.6161918640136719,-0.06533519923686981,0.7013528347015381,0.6317222714424133,-0.05475103482604027,0.5954106450080872,0.6357090473175049,-0.07867251336574554,0.6096529364585876,0.6629783511161804,-0.06494234502315521,0.6392664313316345,0.6599060893058777,-0.05476483702659607,0.6864021420478821,0.6857784986495972,-0.062167249619960785,0.6001532077789307,0.6908167600631714,-0.08163553476333618,0.6097300052642822,0.7104251384735107,-0.07819285243749619,0.6344295740127563,0.7067481875419617,-0.07328954339027405,0.33793535828590393,0.7794632911682129,-2.7536844982023467e-07,0.3614356815814972,0.679578423500061,-0.0066878474317491055,0.37660330533981323,0.5888118147850037,-0.018431181088089943,0.3820992112159729,0.5302766561508179,-0.03248125687241554,0.3826008439064026,0.501007616519928,-0.04405372589826584,0.31925326585769653,0.5455179810523987,-0.025309620425105095,0.37900856137275696,0.51539146900177,-0.057901084423065186,0.388643354177475,0.5550103187561035,-0.0779697522521019,0.3733420968055725,0.5757591724395752,-0.09027452766895294,0.30788159370422363,0.592134952545166,-0.03838513046503067,0.3998638689517975,0.5794777870178223,-0.06469344347715378,0.3952123522758484,0.6204996109008789,-0.07160333544015884,0.36814960837364197,0.6350380182266235,-0.07708941400051117,0.3098340928554535,0.6511203646659851,-0.05332418158650398,0.40873223543167114,0.6438826322555542,-0.07605507224798203,0.398280531167984,0.6750229001045227,-0.07113790512084961,0.37085944414138794,0.6838903427124023,-0.06813855469226837,0.3207022249698639,0.7149751782417297,-0.06960452347993851,0.4044129550457001,0.7064856290817261,-0.08370119333267212,0.39628955721855164,0.7290218472480774,-0.07842277735471725,0.3704809546470642,0.7372785806655884,-0.0740898996591568
82,0.7099838852882385,0.7145688533782959,-3.268081911755871e-07,0.6820166110992432,0.629733145236969,-0.014082344248890877,0.649991512298584,0.5456333160400391,-0.030640650540590286,0.6176696419715881,0.48402348160743713,-0.04405040666460991,0.6100178360939026,0.4390316605567932,-0.05376262217760086,0.6988235712051392,0.48418450355529785,-0.044249486178159714,0.6034963130950928,0.4907481074333191,-0.0648282840847969,0.603076696395874,0.5374933481216431,-0.06473186612129211,0.6275094151496887,0.5498833656311035,-0.06355563551187515,0.7031316757202148,0.5316455960273743,-0.04982932284474373,0.5912917852401733,0.5431491136550903,-0.07205893844366074,0.6005922555923462,0.5829755663871765,-0.06463652849197388,0.6274040937423706,0.5873433351516724,-0.059607964009046555,0.695068895816803,0.5870814323425293,-0.05611555278301239,0.5904707908630371,0.5976090431213379,-0.07633268088102341,0.6030765771865845,0.6309167742729187,-0.0604906901717186,0.6309381127357483,0.6325967311859131,-0.05027471482753754,0.6817606091499329,0.6440408229827881,-0.06334593892097473,0.5978801250457764,0.6554293632507324,-0.08274166285991669,0.6080552935600281,0.6766748428344727,-0.07951413094997406,0.6324051022529602,0.6764221787452698,-0.07508761435747147,0.3455120325088501,0.820236325263977,-3.3463476256656577e-07,0.37580937147140503,0.7213419675827026,-0.014767096377909184,0.39264488220214844,0.6206801533699036,-0.02957165613770485,0.3979593515396118,0.5527418851852417,-0.04343019798398018,0.3858250677585602,0.5320422649383545,-0.05365770682692528,0.3132179081439972,0.5802137851715088,-0.042052142322063446,0.41405820846557617,0.579504132270813,-0.07639176398515701,0.4164424538612366,0.6289095282554626,-0.09461463242769241,0.3875769376754761,0.6398723721504211,-0.10650582611560822,0.30433040857315063,0.6347562670707703,-0.052041783928871155,0.42261603474617004,0.6375905275344849,-0.08304482698440552,0.41416701674461365,0.6812397837638855,-0.08703414350748062,0.38554394245147705,0.6868007183074951,-0.09049417823553085,0.30946317315101624,0.6989709734916687,-0.06377781927585602,0.4235624670982361,0.6960088610649109,-0.09129705280065536,0.41591256856918335,0.7316552400588989,-0.08445022255182266,0.3936038017272949,0.7365474700927734,-0.07902833074331284,0.32453688979148865,0.7635776996612549,-0.07734407484531403,0.4173415005207062,0.7529478073120117,-0.09448520094156265,0.4104958474636078,0.7747030258178711,-0.09102620929479599,0.38776353001594543,0.7815661430358887,-0.0877993181347847
83,0.7080598473548889,0.7643002867698669,-4.6338251991073776e-07,0.6646475791931152,0.6778025031089783,-0.010108563117682934,0.6268868446350098,0.5942509770393372,-0.023868504911661148,0.6010696887969971,0.5355988144874573,-0.03732525184750557,0.6046863198280334,0.5098763108253479,-0.04787890613079071,0.6907883286476135,0.5531208515167236,-0.02818956784904003,0.5927764177322388,0.5643837451934814,-0.05489695072174072,0.5950809717178345,0.6102836728096008,-0.0652264654636383,0.6221310496330261,0.6172665953636169,-0.07045736908912659,0.6985825896263123,0.6121294498443604,-0.0378703810274601,0.5858269333839417,0.6294844746589661,-0.0637926459312439,0.5986427068710327,0.6598447561264038,-0.064540795981884,0.6286330819129944,0.6576619148254395,-0.06404692679643631,0.6942299604415894,0.6746435761451721,-0.04890124499797821,0.5897337198257446,0.6879518032073975,-0.07047908753156662,0.6048699021339417,0.7110575437545776,-0.05738065764307976,0.6352333426475525,0.7043196558952332,-0.047071248292922974,0.6848324537277222,0.736187756061554,-0.061033688485622406,0.6005133986473083,0.7460476160049438,-0.07640768587589264,0.6148608922958374,0.7576249837875366,-0.06913937628269196,0.6452357172966003,0.7501742839813232,-0.06097697466611862,0.34250015020370483,0.7794176936149597,-1.6154832849224476e-07,0.3675151467323303,0.6737959980964661,-0.005601549055427313,0.38141241669654846,0.5806809067726135,-0.014771311543881893,0.3838992714881897,0.5165098905563354,-0.025992408394813538,0.3840501308441162,0.4658970534801483,-0.03374334052205086,0.32062408328056335,0.5203726291656494,-0.013770918361842632,0.40392422676086426,0.5083657503128052,-0.04076868295669556,0.40897616744041443,0.5525515079498291,-0.05745329707860947,0.38466617465019226,0.560647189617157,-0.0687951147556305,0.3061031699180603,0.5618336796760559,-0.024978160858154297,0.4107792377471924,0.5597925186157227,-0.047601617872714996,0.4073702394962311,0.5999853610992432,-0.05455268546938896,0.38199368119239807,0.601561963558197,-0.06086789444088936,0.30737391114234924,0.6181982755661011,-0.03811762481927872,0.41014915704727173,0.6171492338180542,-0.05835577845573425,0.40581005811691284,0.6518523693084717,-0.05436846986413002,0.3826149106025696,0.6532325744628906,-0.05214408412575722,0.31945106387138367,0.6803110241889954,-0.0525040365755558,0.4041132926940918,0.6684033870697021,-0.06425967812538147,0.4025627672672272,0.6882902979850769,-0.06149120628833771,0.38066089153289795,0.6925197243690491,-0.058999981731176376
84,0.7287304997444153,0.782092809677124,-2.8156131293144426e-07,0.6955209970474243,0.6815686821937561,-0.010222398675978184,0.657178521156311,0.580765962600708,-0.023490335792303085,0.6194355487823486,0.5246850252151489,-0.035927701741456985,0.5999057292938232,0.5279489755630493,-0.04603072255849838,0.7032389640808105,0.5553354620933533,-0.031598418951034546,0.6011033058166504,0.5639986991882324,-0.060037992894649506,0.6092857718467712,0.6077595353126526,-0.07188989967107773,0.6373996138572693,0.6115747094154358,-0.07837850600481033,0.7083789706230164,0.6117171049118042,-0.04063429310917854,0.5918132662773132,0.6237305998802185,-0.06896552443504333,0.6050263047218323,0.6566749811172485,-0.06919172406196594,0.6340435743331909,0.6582099199295044,-0.06828117370605469,0.6999088525772095,0.6743227243423462,-0.0512559674680233,0.590184211730957,0.682282567024231,-0.07361964136362076,0.6046832203865051,0.7093053460121155,-0.059827059507369995,0.6367797255516052,0.7060711979866028,-0.049099262803792953,0.6847336292266846,0.7355847358703613,-0.0629531666636467,0.5930463075637817,0.740951418876648,-0.07771052420139313,0.6083709001541138,0.7570980787277222,-0.0711800679564476,0.6400032639503479,0.7531164288520813,-0.06452423334121704,0.3356848359107971,0.7520308494567871,-2.2585899728255754e-07,0.35894498229026794,0.6473891139030457,-0.010492127388715744,0.3708013892173767,0.5503751039505005,-0.022579018026590347,0.3783807158470154,0.4885479807853699,-0.03514649718999863,0.3886885941028595,0.4619687497615814,-0.04325796291232109,0.30650097131729126,0.4980260729789734,-0.029125036671757698,0.40321195125579834,0.4937695264816284,-0.05747221037745476,0.40684741735458374,0.5433362722396851,-0.07021322101354599,0.38282743096351624,0.5514184832572937,-0.07890712469816208,0.30052608251571655,0.549551248550415,-0.04016480967402458,0.41653764247894287,0.5529588460922241,-0.06752148270606995,0.40786170959472656,0.597764790058136,-0.07133948057889938,0.3815036118030548,0.5997579097747803,-0.07457004487514496,0.30945467948913574,0.6109105348587036,-0.052816346287727356,0.41938090324401855,0.6107534766197205,-0.07620038092136383,0.40760698914527893,0.6475650072097778,-0.07108239829540253,0.3819998502731323,0.6477305889129639,-0.06740060448646545,0.3279634118080139,0.6725282669067383,-0.06698381155729294,0.41661974787712097,0.6628739833831787,-0.08069835603237152,0.4067504405975342,0.6854284405708313,-0.07840477675199509,0.37975597381591797,0.6888525485992432,-0.07627923786640167
85,0.7112447023391724,0.7354915738105774,-3.9826349507166015e-07,0.6791000366210938,0.6464462280273438,-0.01284884475171566,0.6512349843978882,0.5597795844078064,-0.02909727394580841,0.622931957244873,0.4988398551940918,-0.0428786426782608,0.6115953922271729,0.45636582374572754,-0.05376909673213959,0.7069129943847656,0.4998830556869507,-0.04370434209704399,0.6087310314178467,0.5002837777137756,-0.06733755022287369,0.6065559387207031,0.5469467639923096,-0.07132196426391602,0.6282007098197937,0.5605080723762512,-0.0722254291176796,0.7121534943580627,0.5482778549194336,-0.04985497519373894,0.6000097393989563,0.5620312094688416,-0.07561115175485611,0.6095023155212402,0.597005307674408,-0.07191295921802521,0.6362324953079224,0.6004899740219116,-0.06918102502822876,0.7043413519859314,0.6048061847686768,-0.05654345080256462,0.5994568467140198,0.616733729839325,-0.08028488606214523,0.6123197674751282,0.6451613903045654,-0.06666213274002075,0.6401512622833252,0.6441509127616882,-0.05687584728002548,0.6899966597557068,0.6615514755249023,-0.06367681175470352,0.6053692698478699,0.6677296161651611,-0.08383524417877197,0.6167563796043396,0.688217043876648,-0.07929792255163193,0.6424688696861267,0.6850294470787048,-0.07362262159585953,0.33106428384780884,0.7959216237068176,-2.9204144880168315e-07,0.35230645537376404,0.7010030746459961,-0.01283316407352686,0.36788734793663025,0.606346607208252,-0.028699468821287155,0.3773750364780426,0.5400336384773254,-0.04414864629507065,0.38475677371025085,0.4961862862110138,-0.05623088404536247,0.30800682306289673,0.567171573638916,-0.0471251979470253,0.3869425654411316,0.5289919972419739,-0.07933241873979568,0.39654800295829773,0.5745246410369873,-0.09417040646076202,0.375841349363327,0.5957710146903992,-0.10329022258520126,0.29983022809028625,0.6148250699043274,-0.05770203471183777,0.4072020649909973,0.5961707234382629,-0.08368945866823196,0.401363343000412,0.64011150598526,-0.08601798862218857,0.37351974844932556,0.6535241603851318,-0.08961118012666702,0.306469202041626,0.6755552291870117,-0.06911560893058777,0.412967711687088,0.6625195145606995,-0.09136633574962616,0.4030061364173889,0.6977528929710388,-0.08320225775241852,0.37735092639923096,0.7065357565879822,-0.07934530079364777,0.32221347093582153,0.7398066520690918,-0.08206071704626083,0.4100090265274048,0.7288954854011536,-0.09620041400194168,0.4013638198375702,0.7532536387443542,-0.09032242000102997,0.37657907605171204,0.7618517279624939,-0.08651413768529892
86,0.7192479968070984,0.7046914100646973,-2.8589241196641524e-07,0.6891387701034546,0.6100815534591675,-0.009723486378788948,0.6637458801269531,0.5154004096984863,-0.023779908195137978,0.634036660194397,0.4497748613357544,-0.03574627265334129,0.6142234206199646,0.4351336359977722,-0.044404610991477966,0.7098585963249207,0.46832960844039917,-0.037797801196575165,0.6095408797264099,0.47237110137939453,-0.05816033482551575,0.615341305732727,0.5198309421539307,-0.06033390760421753,0.6423041820526123,0.5284072160720825,-0.060719046741724014,0.7133066654205322,0.5158385038375854,-0.045602262020111084,0.6010857224464417,0.5266973972320557,-0.0656212568283081,0.6150245666503906,0.566516637802124,-0.05894453451037407,0.6413933634757996,0.5697078108787537,-0.05458647385239601,0.7061557769775391,0.5728947520256042,-0.05386633425951004,0.6024037003517151,0.584135890007019,-0.0695687010884285,0.6175633072853088,0.615836501121521,-0.054815758019685745,0.6458653807640076,0.6161699891090393,-0.045590564608573914,0.6945202946662903,0.6325960159301758,-0.0631667897105217,0.6066513061523438,0.641810953617096,-0.07478631287813187,0.6164377331733704,0.6586396098136902,-0.06999307870864868,0.6412017345428467,0.6556030511856079,-0.06569838523864746,0.3333107829093933,0.8279969096183777,-2.481850174262945e-07,0.3495435118675232,0.7214477062225342,-0.01867380551993847,0.3605567514896393,0.615828275680542,-0.03590724617242813,0.37207216024398804,0.5521477460861206,-0.052217647433280945,0.38445085287094116,0.546364426612854,-0.06379459798336029,0.29703372716903687,0.595757007598877,-0.050842102617025375,0.4015658497810364,0.5875837802886963,-0.08844303339719772,0.40783238410949707,0.6397666335105896,-0.1026785671710968,0.37897878885269165,0.6493782997131348,-0.11097653955221176,0.29307228326797485,0.6562931537628174,-0.061730608344078064,0.41777658462524414,0.6532586216926575,-0.09996028989553452,0.4104793667793274,0.7009987235069275,-0.10253831744194031,0.38034334778785706,0.7026762962341309,-0.10281234234571457,0.3034193813800812,0.7250670790672302,-0.07462120056152344,0.4189278483390808,0.7176641821861267,-0.10827792435884476,0.4107039272785187,0.757025957107544,-0.100941963493824,0.3858185410499573,0.7583534717559814,-0.09314890950918198,0.3226621150970459,0.7915956377983093,-0.0895092636346817,0.41534698009490967,0.7768604755401611,-0.11045057326555252,0.40689826011657715,0.7977293729782104,-0.10790634155273438,0.38136518001556396,0.8025545477867126,-0.10430913418531418
87,0.7312381267547607,0.7544276118278503,-5.626859547191998e-07,0.7084591388702393,0.6731406450271606,-0.01716086082160473,0.670002818107605,0.586575448513031,-0.03537089005112648,0.6282849907875061,0.5230491757392883,-0.05066841468214989,0.6131902933120728,0.47584593296051025,-0.062096286565065384,0.7166892290115356,0.5327268242835999,-0.04607348516583443,0.6160901784896851,0.5215830206871033,-0.07580985128879547,0.6098335385322571,0.5720757842063904,-0.0821668952703476,0.6314868330955505,0.5938236713409424,-0.08345022797584534,0.7181711196899414,0.5815722346305847,-0.050558384507894516,0.5995520949363708,0.5862244367599487,-0.08177029341459274,0.6091371774673462,0.6284441947937012,-0.07892969250679016,0.6376724243164062,0.6352937817573547,-0.07534566521644592,0.7079445719718933,0.6374755501747131,-0.05654793605208397,0.5989517569541931,0.6409690976142883,-0.08554310351610184,0.612334132194519,0.6764821410179138,-0.07095043361186981,0.6413330435752869,0.678102970123291,-0.05895288661122322,0.6914764642715454,0.6935570240020752,-0.06333880126476288,0.6049317121505737,0.6960174441337585,-0.08720211684703827,0.6177400946617126,0.7194505929946899,-0.08307698369026184,0.6458321809768677,0.7189047336578369,-0.07645456492900848,0.3405844569206238,0.8024808168411255,-2.2876284333506192e-07,0.3729369640350342,0.7049645781517029,-0.01017056591808796,0.38401129841804504,0.6136981248855591,-0.02222776785492897,0.38246819376945496,0.5496450662612915,-0.03532131761312485,0.38156813383102417,0.5030385255813599,-0.045139096677303314,0.31862807273864746,0.5672187805175781,-0.03155720978975296,0.3923271596431732,0.5337928533554077,-0.06330221146345139,0.40215039253234863,0.5785248875617981,-0.07936416566371918,0.38741275668144226,0.5957645177841187,-0.08894813060760498,0.3056722581386566,0.613779604434967,-0.04185650497674942,0.4081296920776367,0.5972442626953125,-0.069611094892025,0.4067081809043884,0.638863205909729,-0.0740646943449974,0.3862491548061371,0.6493645310401917,-0.0771658793091774,0.30742302536964417,0.6719385981559753,-0.05393492057919502,0.4127461314201355,0.6632528901100159,-0.07846285402774811,0.40839746594429016,0.693421483039856,-0.07228966057300568,0.3890599310398102,0.6981878280639648,-0.06764065474271774,0.31888672709465027,0.73304283618927,-0.06738385558128357,0.4070590138435364,0.7237638831138611,-0.08228861540555954,0.4040408730506897,0.7418949007987976,-0.07845399528741837,0.3847918212413788,0.7468737363815308,-0.07465340197086334
88,0.7275807857513428,0.8009930849075317,-3.9923804706631927e-07,0.704163134098053,0.705923318862915,-0.010837223380804062,0.6679248809814453,0.6133568286895752,-0.02506711147725582,0.6288558840751648,0.5537302494049072,-0.03829740732908249,0.6028842329978943,0.5397679209709167,-0.04903032258152962,0.7040859460830688,0.5820492506027222,-0.03402623534202576,0.6028547286987305,0.5796086192131042,-0.06360702216625214,0.6065928936004639,0.6225884556770325,-0.07328948378562927,0.6336914300918579,0.6299553513526917,-0.07670247554779053,0.7038871049880981,0.6352337598800659,-0.04206747189164162,0.5917785167694092,0.6403402090072632,-0.07180128991603851,0.6060964465141296,0.6744045615196228,-0.07015450298786163,0.6366520524024963,0.6763811707496643,-0.06686889380216599,0.6940993070602417,0.6940973997116089,-0.05159372836351395,0.5892153382301331,0.6972507238388062,-0.07699985057115555,0.6057643294334412,0.7249556183815002,-0.06353456526994705,0.6385073065757751,0.7241974472999573,-0.051701560616493225,0.6786903142929077,0.7529944181442261,-0.0620494969189167,0.5927454233169556,0.7532644867897034,-0.07953598350286484,0.6065102815628052,0.7678168416023254,-0.07387653738260269,0.6360807418823242,0.7655892372131348,-0.06676267087459564,0.3397757411003113,0.7627191543579102,-2.3001035742709064e-07,0.369073748588562,0.6624778509140015,-0.007552210241556168,0.38530728220939636,0.5691627860069275,-0.017641117796301842,0.3894703686237335,0.5061332583427429,-0.029012253507971764,0.385938435792923,0.46360740065574646,-0.03659004718065262,0.32092398405075073,0.5073216557502747,-0.01987837255001068,0.4071810245513916,0.5035912990570068,-0.04994002729654312,0.4107794463634491,0.5496259331703186,-0.066744863986969,0.38559243083000183,0.5538102984428406,-0.07768353819847107,0.3086022734642029,0.5542118549346924,-0.03162611275911331,0.41575494408607483,0.5564217567443848,-0.05786886438727379,0.40970978140830994,0.599870502948761,-0.06384199112653732,0.3833063542842865,0.6002418994903564,-0.06862052530050278,0.30995461344718933,0.6129369139671326,-0.04548685625195503,0.41587114334106445,0.616910457611084,-0.06972860544919968,0.4065580666065216,0.654166042804718,-0.06588844954967499,0.3797994554042816,0.653252363204956,-0.0628279596567154,0.3221609592437744,0.6748968958854675,-0.06051312014460564,0.4110789895057678,0.6693154573440552,-0.07519255578517914,0.4021265506744385,0.6942774057388306,-0.07293466478586197,0.37320536375045776,0.6987268924713135,-0.07049492746591568
89,0.7155289649963379,0.7618370652198792,-3.942945454582514e-07,0.6806387901306152,0.6756690740585327,-0.013160750269889832,0.6500277519226074,0.5899587273597717,-0.028825456276535988,0.6205132603645325,0.528191089630127,-0.04189670458436012,0.6117814779281616,0.48260045051574707,-0.051830410957336426,0.7060763239860535,0.5320817232131958,-0.042472951114177704,0.6065423488616943,0.5354512333869934,-0.06757570803165436,0.6071167588233948,0.5802769660949707,-0.07208167761564255,0.6310401558876038,0.5927954912185669,-0.07234182208776474,0.7126810550689697,0.5802127718925476,-0.04770369827747345,0.5989856123924255,0.595337986946106,-0.07425940036773682,0.6094626188278198,0.628268837928772,-0.0705891028046608,0.6366486549377441,0.6304387450218201,-0.06723911315202713,0.7059318423271179,0.6357558965682983,-0.053705647587776184,0.5993010997772217,0.648708164691925,-0.07789526879787445,0.6125810742378235,0.6750620603561401,-0.06409211456775665,0.6409322619438171,0.6723595857620239,-0.05354750528931618,0.6920124888420105,0.6916519403457642,-0.060146234929561615,0.6045822501182556,0.6992120742797852,-0.07930118590593338,0.6157205104827881,0.7186927795410156,-0.07417848706245422,0.6419044733047485,0.7146366238594055,-0.06780136376619339,0.34023964405059814,0.7759684920310974,-2.875540019431355e-07,0.3624576926231384,0.6845762729644775,-0.010503999888896942,0.3791691064834595,0.5887548923492432,-0.02315068244934082,0.3888785243034363,0.5226501226425171,-0.03648783266544342,0.39352643489837646,0.4794538617134094,-0.04603802040219307,0.3170572519302368,0.5251550674438477,-0.030986236408352852,0.4040614068508148,0.5162120461463928,-0.062231604009866714,0.41144657135009766,0.5673302412033081,-0.07760529965162277,0.3910537362098694,0.5823262929916382,-0.08701833337545395,0.30749964714050293,0.5730922222137451,-0.042088501155376434,0.4131377935409546,0.5725938081741333,-0.06990327686071396,0.40911582112312317,0.6178059577941895,-0.07431227713823318,0.38602524995803833,0.62396639585495,-0.07759736478328705,0.3125001788139343,0.6339011788368225,-0.05498320236802101,0.4162573516368866,0.6342270374298096,-0.0806398019194603,0.40944358706474304,0.6717730760574341,-0.07518991082906723,0.3874967694282532,0.6746378540992737,-0.07059352099895477,0.3267575800418854,0.6979688405990601,-0.06915353238582611,0.414437860250473,0.6881372928619385,-0.0839228481054306,0.40868648886680603,0.7115818858146667,-0.07986481487751007,0.3860669732093811,0.7170945405960083,-0.07606593519449234
90,0.7190532088279724,0.7197625637054443,-2.9763887710032577e-07,0.6867971420288086,0.6232784390449524,-0.00900059100240469,0.6617676615715027,0.5317105650901794,-0.02143620327115059,0.6326190829277039,0.4689550995826721,-0.03191162273287773,0.6167910099029541,0.44887423515319824,-0.039179250597953796,0.7105461955070496,0.4859332740306854,-0.035163119435310364,0.6122748255729675,0.48957324028015137,-0.05213743448257446,0.6149088740348816,0.5331336855888367,-0.05249409005045891,0.6398550271987915,0.5415594577789307,-0.05197802558541298,0.7141277194023132,0.5305092930793762,-0.041744597256183624,0.6041879057884216,0.5454790592193604,-0.05943469703197479,0.6147330403327942,0.5805109739303589,-0.05384562909603119,0.6403964757919312,0.5826473236083984,-0.0506431870162487,0.7074683904647827,0.5853862166404724,-0.0482911542057991,0.6044738292694092,0.6020552515983582,-0.06211636960506439,0.6172653436660767,0.6290472745895386,-0.04911213368177414,0.6452109813690186,0.6280667781829834,-0.041418880224227905,0.6956408023834229,0.6431050896644592,-0.055739860981702805,0.610031247138977,0.6565747857093811,-0.0665304958820343,0.6189387440681458,0.6724837422370911,-0.06241101026535034,0.6434757113456726,0.6696025729179382,-0.05855350196361542,0.3499126136302948,0.808880627155304,-3.6275554293752066e-07,0.37177926301956177,0.7089623808860779,-0.012302725575864315,0.39063411951065063,0.6088932752609253,-0.025412091985344887,0.4018045663833618,0.5416496992111206,-0.038811419159173965,0.40462878346443176,0.5187068581581116,-0.04913521185517311,0.33144983649253845,0.5675894021987915,-0.03862205520272255,0.4331819713115692,0.5759082436561584,-0.07262716442346573,0.4308515787124634,0.6217173337936401,-0.09081730246543884,0.39896345138549805,0.6281465888023376,-0.10269714891910553,0.32371827960014343,0.6275156736373901,-0.051016855984926224,0.4423379898071289,0.6384469866752625,-0.08120012283325195,0.42839664220809937,0.6784154772758484,-0.08648987859487534,0.3959616422653198,0.6809206604957581,-0.09107489883899689,0.32882243394851685,0.6974572539329529,-0.064862921833992,0.4390462636947632,0.7007636427879333,-0.0923534706234932,0.4257759153842926,0.7343001961708069,-0.08715831488370895,0.39913976192474365,0.736142635345459,-0.08286300301551819,0.3426123559474945,0.7684865593910217,-0.08034489303827286,0.4324573576450348,0.7613545656204224,-0.09826056659221649,0.4217217266559601,0.7797930836677551,-0.09530110657215118,0.39472630620002747,0.7847582101821899,-0.09217619895935059
91,0.7290080785751343,0.7453663945198059,-4.6002537601452786e-07,0.7019444108009338,0.6619536876678467,-0.017031649127602577,0.6670853495597839,0.5755413174629211,-0.03515540063381195,0.6319144368171692,0.5118252038955688,-0.049690861254930496,0.6195550560951233,0.463413268327713,-0.06052302569150925,0.7160665392875671,0.5141075253486633,-0.05079242214560509,0.621955394744873,0.509007453918457,-0.07545123249292374,0.6184432506561279,0.5573050379753113,-0.07833156734704971,0.6408406496047974,0.572994589805603,-0.07901013642549515,0.7222040891647339,0.5613046288490295,-0.055629413574934006,0.6095892786979675,0.5669102668762207,-0.0829690545797348,0.6176545023918152,0.6084585189819336,-0.07821564376354218,0.6454372406005859,0.6138454079627991,-0.07440055161714554,0.7145330309867859,0.6174488663673401,-0.061123088002204895,0.6086340546607971,0.6224775314331055,-0.08628854155540466,0.6212996244430542,0.6565150618553162,-0.07190598547458649,0.6509559154510498,0.6573248505592346,-0.06183275580406189,0.6995614171028137,0.6742966175079346,-0.06745435297489166,0.6147295236587524,0.6812103390693665,-0.09131563454866409,0.6262888312339783,0.7025003433227539,-0.08892305195331573,0.6533227562904358,0.700678288936615,-0.08430556952953339,0.353287935256958,0.8022797703742981,-2.3501989687702007e-07,0.3796114921569824,0.7065998315811157,-0.010468808934092522,0.3973237872123718,0.6092011332511902,-0.02279554307460785,0.4059083163738251,0.5432296395301819,-0.03597122058272362,0.41045165061950684,0.5043326020240784,-0.04601413011550903,0.33374863862991333,0.5613375306129456,-0.030261188745498657,0.4284588098526001,0.5500596761703491,-0.06143774464726448,0.42947137355804443,0.5948233604431152,-0.07911040633916855,0.4030246436595917,0.6068921685218811,-0.09062207490205765,0.3263496160507202,0.6118264198303223,-0.04108349606394768,0.44015514850616455,0.6102778911590576,-0.06667552143335342,0.4294961094856262,0.6488254070281982,-0.07120893150568008,0.40235435962677,0.6550906896591187,-0.0755249485373497,0.33151790499687195,0.6719537377357483,-0.05378452315926552,0.4406799376010895,0.6682692766189575,-0.07673418521881104,0.42834827303886414,0.7005397081375122,-0.07095246016979218,0.4042907953262329,0.704796552658081,-0.06706751137971878,0.3454078435897827,0.7339181900024414,-0.06805689632892609,0.4360157549381256,0.7222880125045776,-0.08206075429916382,0.4266917109489441,0.7428745031356812,-0.07806766033172607,0.4038821756839752,0.749834418296814,-0.07462190836668015
92,0.7349889278411865,0.7960991859436035,-3.6066691677660856e-07,0.7113311886787415,0.6946136355400085,-0.011373511515557766,0.6722036004066467,0.59758460521698,-0.02672644890844822,0.6317386627197266,0.5383598208427429,-0.04132926091551781,0.6126083135604858,0.5372165441513062,-0.05335633456707001,0.7184518575668335,0.5744835138320923,-0.03372231498360634,0.6108826994895935,0.5740413665771484,-0.06517011672258377,0.6202439069747925,0.6200090646743774,-0.07735724747180939,0.6518842577934265,0.6270902156829834,-0.08271826058626175,0.719417154788971,0.6362939476966858,-0.04265346750617027,0.6025984883308411,0.6364007592201233,-0.07306466996669769,0.6198276281356812,0.6695695519447327,-0.0727529227733612,0.6510809659957886,0.6729017496109009,-0.0707239955663681,0.7079082727432251,0.7015734910964966,-0.053210530430078506,0.6011263728141785,0.697202205657959,-0.07782595604658127,0.6191586852073669,0.7238284349441528,-0.06276930123567581,0.6522462964057922,0.722804605960846,-0.05009625107049942,0.6916888356208801,0.7649108171463013,-0.06481616199016571,0.6032896041870117,0.756877064704895,-0.07957618683576584,0.6201925873756409,0.770978569984436,-0.07092916965484619,0.6522417068481445,0.771086573600769,-0.062158167362213135,0.34691306948661804,0.7628331184387207,-1.4401882708625635e-07,0.37142688035964966,0.6632567048072815,-0.01165713183581829,0.3926090598106384,0.571442723274231,-0.026425179094076157,0.40913161635398865,0.5102152824401855,-0.041634075343608856,0.42154595255851746,0.468822181224823,-0.053618043661117554,0.33470457792282104,0.5116972923278809,-0.0334605872631073,0.4268109202384949,0.5043877959251404,-0.06443073600530624,0.4292835295200348,0.5522350072860718,-0.08133884519338608,0.4036416709423065,0.5610185265541077,-0.09262366592884064,0.32433947920799255,0.558240532875061,-0.043370120227336884,0.4379497766494751,0.5586563348770142,-0.06967438757419586,0.42975959181785583,0.6036989092826843,-0.07397457957267761,0.40174493193626404,0.6064759492874146,-0.07845403999090195,0.3287523090839386,0.6180919408798218,-0.054970718920230865,0.4389180839061737,0.6164485216140747,-0.0778065174818039,0.4278600513935089,0.6523009538650513,-0.07158132642507553,0.4008050560951233,0.6538835763931274,-0.06787759065628052,0.3423575460910797,0.6809265613555908,-0.06802998483181,0.4333178699016571,0.6700971126556396,-0.08070123195648193,0.42498481273651123,0.6908472180366516,-0.07648354023694992,0.3984295427799225,0.6946104764938354,-0.07348736375570297
93,0.7333911657333374,0.8014647960662842,-3.6545159787237935e-07,0.706104040145874,0.6970129013061523,-0.008678561076521873,0.6708552837371826,0.5964347124099731,-0.021413518115878105,0.633524477481842,0.5348761677742004,-0.03412453830242157,0.6141310930252075,0.5295190811157227,-0.04483605548739433,0.7128707766532898,0.5721098780632019,-0.030534517019987106,0.6090691685676575,0.5687055587768555,-0.05943530797958374,0.6182704567909241,0.6145001649856567,-0.07098433375358582,0.6468210816383362,0.6224977970123291,-0.07647291570901871,0.7143552303314209,0.633292555809021,-0.040057409554719925,0.6012930870056152,0.6364428997039795,-0.06918678432703018,0.6178185343742371,0.6673505306243896,-0.0686139389872551,0.6489250063896179,0.6706109642982483,-0.06697314232587814,0.7043733596801758,0.6978908181190491,-0.051084354519844055,0.6013487577438354,0.7006587982177734,-0.07527267187833786,0.6185185313224792,0.7250908017158508,-0.06180386245250702,0.6505807638168335,0.724200427532196,-0.05066423490643501,0.6891627311706543,0.7597746253013611,-0.06287011504173279,0.6042952537536621,0.7591716647148132,-0.077427938580513,0.6215576529502869,0.7738666534423828,-0.06976878643035889,0.6532294154167175,0.7715091705322266,-0.062258969992399216,0.351780503988266,0.747308611869812,-1.919359533530951e-07,0.38276949524879456,0.6541116237640381,-0.012727267108857632,0.40335533022880554,0.561981737613678,-0.027592575177550316,0.4154048562049866,0.4971271753311157,-0.04210199415683746,0.4172722399234772,0.45574337244033813,-0.05258038640022278,0.33052390813827515,0.49840670824050903,-0.03954149782657623,0.4270353317260742,0.4975103437900543,-0.07006661593914032,0.43291330337524414,0.5485557913780212,-0.08386266976594925,0.40849342942237854,0.5586137771606445,-0.0927921012043953,0.3196476697921753,0.5475940108299255,-0.04938521236181259,0.4369290769100189,0.555392324924469,-0.07619543373584747,0.43384960293769836,0.6012945175170898,-0.07846319675445557,0.40811172127723694,0.6043233275413513,-0.0816684365272522,0.32343778014183044,0.611429750919342,-0.0605720579624176,0.4368291199207306,0.614873468875885,-0.08580070734024048,0.43167489767074585,0.6528287529945374,-0.07901931554079056,0.40733978152275085,0.6561546325683594,-0.07437802106142044,0.33730950951576233,0.6771717667579651,-0.07296169549226761,0.43051546812057495,0.671564519405365,-0.08834350854158401,0.4278104603290558,0.6918441653251648,-0.08466096967458725,0.404107004404068,0.6955806612968445,-0.0816245973110199
94,0.7301610112190247,0.7265356779098511,-6.076230647522607e-07,0.70157790184021,0.6302339434623718,-0.003929539117962122,0.673358678817749,0.5329537391662598,-0.017333582043647766,0.6424127817153931,0.4751707911491394,-0.031560178846120834,0.6328661441802979,0.44764095544815063,-0.04386666417121887,0.7238077521324158,0.4729333519935608,-0.029317181557416916,0.6333386898040771,0.46567612886428833,-0.055090129375457764,0.6331177949905396,0.5121448636054993,-0.06284128129482269,0.6537951827049255,0.5234634876251221,-0.06583444029092789,0.7310886979103088,0.5222565531730652,-0.04155715927481651,0.6236572861671448,0.5249661803245544,-0.06865262240171432,0.6338879466056824,0.5639327764511108,-0.06561597436666489,0.6604337096214294,0.5650488138198853,-0.06168000027537346,0.7248978018760681,0.5799099206924438,-0.05459330976009369,0.6197869181632996,0.5849345922470093,-0.08147342503070831,0.63361656665802,0.6161373257637024,-0.06768057495355606,0.6619852185249329,0.6124261021614075,-0.05519625172019005,0.7106819748878479,0.6384690999984741,-0.067323699593544,0.622181236743927,0.6385492086410522,-0.08499164134263992,0.6330999135971069,0.6600903272628784,-0.07609298825263977,0.6594483852386475,0.6580597758293152,-0.0670451819896698,0.35378432273864746,0.7966786623001099,-3.356911122409656e-07,0.3744073808193207,0.7101419568061829,-0.015503747388720512,0.39661040902137756,0.619788408279419,-0.03203407675027847,0.4128270149230957,0.5605030059814453,-0.04804273322224617,0.4214572608470917,0.5300760865211487,-0.060835011303424835,0.3300536572933197,0.556003212928772,-0.04361690953373909,0.42876794934272766,0.5626386404037476,-0.0789049044251442,0.430115282535553,0.6130527257919312,-0.09875615686178207,0.4037321209907532,0.6278510093688965,-0.11145637929439545,0.3215700685977936,0.6116757988929749,-0.053992073982954025,0.4373955726623535,0.6208270788192749,-0.08379169553518295,0.4269992709159851,0.6640470027923584,-0.08942396938800812,0.40089666843414307,0.6722857356071472,-0.0942968875169754,0.3286186158657074,0.6797261238098145,-0.06588621437549591,0.4382261633872986,0.6825879216194153,-0.09216264635324478,0.42675092816352844,0.7178618311882019,-0.08655916154384613,0.4039344787597656,0.7247267961502075,-0.08218509703874588,0.3437248766422272,0.7495808005332947,-0.07972577214241028,0.4337928891181946,0.7453747391700745,-0.09549444913864136,0.4253629744052887,0.7637946605682373,-0.09164483100175858,0.40394628047943115,0.767855703830719,-0.08820624649524689
95,0.7297661304473877,0.7138261795043945,-4.1661675709292467e-07,0.7022420763969421,0.6218925714492798,-0.00957768876105547,0.6773346662521362,0.5287215113639832,-0.0226244255900383,0.6463942527770996,0.46550410985946655,-0.03474544361233711,0.6329885721206665,0.4429185390472412,-0.043344896286726,0.7254322171211243,0.472429096698761,-0.03136816993355751,0.6299178600311279,0.4711228311061859,-0.05701971426606178,0.628456711769104,0.5212188363075256,-0.06309064477682114,0.6534724235534668,0.5349547863006592,-0.06479212641716003,0.7302183508872986,0.5211946964263916,-0.03996545821428299,0.620386004447937,0.5317413210868835,-0.06689658015966415,0.6289370059967041,0.5725741386413574,-0.0641409382224083,0.6561700701713562,0.5765357613563538,-0.06040418520569801,0.7229455709457397,0.577843189239502,-0.04999567195773125,0.6189725399017334,0.58699631690979,-0.07398169487714767,0.6310282349586487,0.621355414390564,-0.06104971840977669,0.6601364016532898,0.6206484436988831,-0.05016737058758736,0.7097289562225342,0.6366298794746399,-0.06080952286720276,0.623960554599762,0.6428772211074829,-0.07778772711753845,0.6353060603141785,0.66483074426651,-0.07298969477415085,0.6632449626922607,0.6636512279510498,-0.0666738972067833,0.3488788604736328,0.8155559301376343,-2.7136496782986796e-07,0.3779192566871643,0.7269837260246277,-0.012706616893410683,0.4014890491962433,0.629298210144043,-0.02620353177189827,0.4146946668624878,0.5651504397392273,-0.03962723910808563,0.4155028164386749,0.5312895774841309,-0.04962819069623947,0.3312917649745941,0.5650067329406738,-0.033548977226018906,0.42456889152526855,0.5647882223129272,-0.06604423373937607,0.428382933139801,0.6156085729598999,-0.08388315141201019,0.4025006890296936,0.6263309121131897,-0.09531774371862411,0.3212903141975403,0.6176223754882812,-0.04380946606397629,0.4347873330116272,0.6236368417739868,-0.07162456214427948,0.4288859963417053,0.6677278280258179,-0.07684379816055298,0.4036383628845215,0.6721333265304565,-0.08145634829998016,0.32487958669662476,0.6819092035293579,-0.05602966621518135,0.4365841746330261,0.6845057010650635,-0.08113401383161545,0.4290163218975067,0.7209836840629578,-0.07572021335363388,0.40642088651657104,0.7248013019561768,-0.07169879972934723,0.33828577399253845,0.7483242750167847,-0.06992699205875397,0.43287187814712524,0.7396109700202942,-0.08459518849849701,0.42619743943214417,0.7622326612472534,-0.08111037313938141,0.4027710556983948,0.7682788372039795,-0.07810470461845398
96,0.7345048189163208,0.7226825952529907,-3.800728620717564e-07,0.7108603119850159,0.6316893100738525,-0.01375565119087696,0.6831135153770447,0.5405982732772827,-0.03255416825413704,0.6474048495292664,0.47921186685562134,-0.04862194135785103,0.6275533437728882,0.4558844566345215,-0.06151729077100754,0.7324939966201782,0.48734283447265625,-0.05015324428677559,0.6337647438049316,0.4775509536266327,-0.07764425128698349,0.630553126335144,0.5261160135269165,-0.08168356120586395,0.6540296077728271,0.5408549904823303,-0.08248213678598404,0.7380239963531494,0.5360491871833801,-0.057511765509843826,0.6204035878181458,0.5375601053237915,-0.08626639097929001,0.6298946738243103,0.582200825214386,-0.08064683526754379,0.6582461595535278,0.5867127776145935,-0.07544548809528351,0.7290602326393127,0.5923832654953003,-0.06548039615154266,0.6177096366882324,0.594285249710083,-0.09155010432004929,0.6323620676994324,0.6322355270385742,-0.07647482305765152,0.6640788316726685,0.6332325339317322,-0.06511691957712173,0.7127587199211121,0.649389386177063,-0.07400588691234589,0.6225140690803528,0.6528589725494385,-0.09637477993965149,0.6350239515304565,0.678342878818512,-0.0923745334148407,0.664016842842102,0.6792199015617371,-0.08661400526762009,0.34700047969818115,0.8088914155960083,-2.579372164746019e-07,0.3755868673324585,0.7186490893363953,-0.011987722478806973,0.3975013792514801,0.6215397119522095,-0.025593245401978493,0.4102247357368469,0.55452561378479,-0.03932330012321472,0.41517260670661926,0.5206459760665894,-0.049967456609010696,0.3293747901916504,0.5632994174957275,-0.035001613199710846,0.4285723865032196,0.5618524551391602,-0.06752456724643707,0.4287370443344116,0.6114166378974915,-0.08595417439937592,0.4012092053890228,0.6229293942451477,-0.0982651337981224,0.3214358389377594,0.614707887172699,-0.04578309878706932,0.43891632556915283,0.6200908422470093,-0.07313881069421768,0.42759522795677185,0.6626813411712646,-0.07793661206960678,0.4002877473831177,0.6688507795333862,-0.08234553784132004,0.3262845277786255,0.6766824126243591,-0.05832628533244133,0.43930482864379883,0.6779043674468994,-0.08335509151220322,0.42576920986175537,0.7131760120391846,-0.07822812348604202,0.4009190499782562,0.7170200943946838,-0.07446396350860596,0.33969566226005554,0.7403473258018494,-0.0723833441734314,0.43311309814453125,0.7326704859733582,-0.08818092942237854,0.4227426052093506,0.7560314536094666,-0.0850440189242363,0.3986973762512207,0.762191116809845,-0.08202818781137466
97,0.7340426445007324,0.7775477766990662,-4.642909061658429e-07,0.7029816508293152,0.6853700280189514,-0.01216871291399002,0.665892481803894,0.5931061506271362,-0.02800355665385723,0.6352677941322327,0.5295161604881287,-0.04227881133556366,0.6313551664352417,0.5046818852424622,-0.05313152074813843,0.7248634696006775,0.554045557975769,-0.03779246285557747,0.6200692057609558,0.5550404191017151,-0.06524136662483215,0.6226038932800293,0.602939784526825,-0.07296021282672882,0.6513734459877014,0.6136253476142883,-0.07629867643117905,0.7305190563201904,0.6105494499206543,-0.046236827969551086,0.6115338802337646,0.6162363886833191,-0.07322480529546738,0.6246280670166016,0.6523919701576233,-0.07131115347146988,0.6545761823654175,0.6556243300437927,-0.0689355731010437,0.722461998462677,0.6726195812225342,-0.05560072883963585,0.6123828291893005,0.6733320951461792,-0.07929807901382446,0.6282148957252502,0.7033160924911499,-0.06500261276960373,0.6595081090927124,0.7030148506164551,-0.05386257544159889,0.708198070526123,0.7358444333076477,-0.06584268063306808,0.6195480227470398,0.7375011444091797,-0.08445446938276291,0.6353132128715515,0.7548180222511292,-0.07818016409873962,0.6676156520843506,0.7534412145614624,-0.07046262174844742,0.34978652000427246,0.7641880512237549,-6.784743789012282e-08,0.3752720057964325,0.6628686189651489,-0.007398711051791906,0.3897571861743927,0.5766199231147766,-0.018485940992832184,0.39825737476348877,0.5163285732269287,-0.03082873858511448,0.40641021728515625,0.47070854902267456,-0.040082961320877075,0.32667577266693115,0.5142906904220581,-0.022017797455191612,0.409578800201416,0.5025931596755981,-0.05011359974741936,0.41837745904922485,0.5460129976272583,-0.06655411422252655,0.3996553421020508,0.5587654113769531,-0.07719848304986954,0.31529614329338074,0.5528908967971802,-0.03211355581879616,0.41811907291412354,0.5513907670974731,-0.05535317212343216,0.4195375442504883,0.5906436443328857,-0.0607234463095665,0.39766523241996765,0.5973505973815918,-0.06530004739761353,0.3181055188179016,0.6084002256393433,-0.04388460889458656,0.4193382263183594,0.6067153811454773,-0.06668145954608917,0.4174312651157379,0.6400232315063477,-0.06221801042556763,0.395614355802536,0.6453718543052673,-0.05851829797029495,0.3293578028678894,0.6697736978530884,-0.05645447596907616,0.41217929124832153,0.6624298691749573,-0.07107336074113846,0.41694051027297974,0.680275559425354,-0.06764093786478043,0.4013647735118866,0.6831377744674683,-0.06383129954338074
98,0.7327759265899658,0.7893596887588501,-3.9116181937970396e-07,0.7055811882019043,0.6941074132919312,-0.010676899924874306,0.6779273748397827,0.5967440009117126,-0.024894939735531807,0.6445782780647278,0.5319900512695312,-0.038119249045848846,0.6287134885787964,0.5242491364479065,-0.04924739897251129,0.7285916805267334,0.5619926452636719,-0.037795644253492355,0.6312019228935242,0.5582240223884583,-0.06274942308664322,0.6304672956466675,0.6035894751548767,-0.06890499591827393,0.6551213264465332,0.6164085865020752,-0.07177922129631042,0.7338380813598633,0.6188304424285889,-0.04650867357850075,0.6206014752388,0.6199646592140198,-0.07385114580392838,0.6284131407737732,0.6530872583389282,-0.07202266156673431,0.6563388705253601,0.6593575477600098,-0.07017500698566437,0.7249172925949097,0.6800572872161865,-0.056020352989435196,0.6162380576133728,0.6771783828735352,-0.07950548827648163,0.6287071704864502,0.7057958245277405,-0.06594423204660416,0.6607204079627991,0.7068837285041809,-0.055595606565475464,0.7091573476791382,0.7393692135810852,-0.0662211999297142,0.6178654432296753,0.7344045042991638,-0.08334057778120041,0.6310747265815735,0.7519835233688354,-0.07800336182117462,0.662380039691925,0.7520071268081665,-0.07226677983999252,0.338371604681015,0.738418459892273,-1.6182985973500763e-07,0.36922863125801086,0.6362931728363037,-0.01372194942086935,0.38527798652648926,0.5397976040840149,-0.027252938598394394,0.3924567699432373,0.48356664180755615,-0.040902137756347656,0.39940473437309265,0.4583481550216675,-0.05017854645848274,0.3132903575897217,0.480526328086853,-0.029203670099377632,0.4100753366947174,0.4811224043369293,-0.0575147345662117,0.41028037667274475,0.5271990895271301,-0.07172891497612,0.38358381390571594,0.5319684743881226,-0.08203098922967911,0.30446577072143555,0.5309146642684937,-0.03868229314684868,0.4217318892478943,0.5377931594848633,-0.06564244627952576,0.41045090556144714,0.5806437730789185,-0.07066669315099716,0.3825496733188629,0.5808619260787964,-0.07540661841630936,0.3113285005092621,0.5931106805801392,-0.05023420229554176,0.4227800965309143,0.5959423780441284,-0.07355339080095291,0.4098356068134308,0.6325581073760986,-0.06982327997684479,0.38428211212158203,0.6326370239257812,-0.06751471012830734,0.32856082916259766,0.6567531824111938,-0.06363821029663086,0.4211874306201935,0.6497765183448792,-0.07733739167451859,0.40917888283729553,0.672162652015686,-0.07628146559000015,0.38038313388824463,0.6762940287590027,-0.07565893977880478
99,0.7294419407844543,0.741888165473938,-3.091908240548946e-07,0.7016720771789551,0.6480352878570557,-0.012768601067364216,0.6753321290016174,0.5588645339012146,-0.028931280598044395,0.6456587910652161,0.4951624870300293,-0.04258561134338379,0.6319223046302795,0.45284271240234375,-0.05307016521692276,0.7296323776245117,0.5008013844490051,-0.04121476784348488,0.6319394707679749,0.5025618076324463,-0.062064286321401596,0.631373941898346,0.5463382601737976,-0.06444431096315384,0.6558896899223328,0.5574138760566711,-0.06499331444501877,0.7327439188957214,0.5521327257156372,-0.04744416102766991,0.6200524568557739,0.5597142577171326,-0.06925216317176819,0.6306549310684204,0.5947205424308777,-0.06447549909353256,0.6582067012786865,0.5967882871627808,-0.06173992529511452,0.7241288423538208,0.6108484268188477,-0.054163459688425064,0.6184916496276855,0.6155411601066589,-0.0739193931221962,0.6323347091674805,0.6441372632980347,-0.060212042182683945,0.6623319387435913,0.6431013345718384,-0.051589369773864746,0.7096187472343445,0.6698557138442993,-0.06164700910449028,0.6241661310195923,0.6695898175239563,-0.0796714648604393,0.6361619830131531,0.6884739398956299,-0.07590851932764053,0.6639452576637268,0.6877714395523071,-0.0713144987821579,0.3332385718822479,0.7720457315444946,-2.7455487838778936e-07,0.3529356122016907,0.6732229590415955,-0.013074815273284912,0.37227120995521545,0.577131450176239,-0.030117874965071678,0.388095498085022,0.5118058919906616,-0.04687361791729927,0.3999873995780945,0.4747064411640167,-0.060862716287374496,0.31322574615478516,0.5498065948486328,-0.05136311799287796,0.3870410621166229,0.5148661136627197,-0.08480847626924515,0.4013865292072296,0.5560676455497742,-0.10144217312335968,0.38568589091300964,0.5796746015548706,-0.11138921231031418,0.3063678741455078,0.6020157337188721,-0.062324631959199905,0.4148237109184265,0.5872698426246643,-0.0888199731707573,0.4097994565963745,0.6278375387191772,-0.09077668935060501,0.3804551959037781,0.643842339515686,-0.09420082718133926,0.31359168887138367,0.6640687584877014,-0.07412095367908478,0.4217034876346588,0.653381884098053,-0.09603936225175858,0.4106525182723999,0.6836907267570496,-0.08747626096010208,0.38263818621635437,0.6930077075958252,-0.08372627943754196,0.3290778398513794,0.7278436422348022,-0.08767478913068771,0.41794663667678833,0.7179512977600098,-0.10216352343559265,0.4081539213657379,0.7398079633712769,-0.0959937795996666,0.3818260133266449,0.7490432262420654,-0.09205248951911926
100,0.726062536239624,0.7098737955093384,-3.19525582881397e-07,0.6957640051841736,0.613102376461029,-0.010492552071809769,0.6762076616287231,0.5159447193145752,-0.024591783061623573,0.6514127254486084,0.447750449180603,-0.03679495304822922,0.6303327679634094,0.43391260504722595,-0.04568792134523392,0.7290689945220947,0.47181951999664307,-0.03750927746295929,0.6309139132499695,0.47447872161865234,-0.061390239745378494,0.6336652040481567,0.5228162407875061,-0.06629073619842529,0.6600325703620911,0.5309432744979858,-0.06803940236568451,0.732458233833313,0.522620439529419,-0.046631164848804474,0.6206371188163757,0.5289213061332703,-0.07019227743148804,0.6317053437232971,0.5692192316055298,-0.06501363217830658,0.6583954095840454,0.5726786851882935,-0.06079922989010811,0.7244788408279419,0.5818725228309631,-0.056719012558460236,0.6186618804931641,0.5895938873291016,-0.07637807726860046,0.6319980025291443,0.6224095821380615,-0.061860691756010056,0.6616285443305969,0.6221126914024353,-0.05146672949194908,0.7115263342857361,0.6424267888069153,-0.06783857941627502,0.6206151843070984,0.6471050381660461,-0.08114088326692581,0.6309844851493835,0.6653018593788147,-0.07542715966701508,0.6587559580802917,0.6630125641822815,-0.06984496116638184,0.34041813015937805,0.8038390874862671,-2.3646489921702596e-07,0.35888808965682983,0.7065737843513489,-0.004243283066898584,0.3764037787914276,0.6064237356185913,-0.016450783237814903,0.3918834924697876,0.5424982905387878,-0.03139078617095947,0.40340572595596313,0.5444287061691284,-0.0447244755923748,0.33009669184684753,0.5916039347648621,-0.02667180448770523,0.3996407389640808,0.560695230960846,-0.05674240365624428,0.4164348840713501,0.5984742641448975,-0.07265521585941315,0.40129971504211426,0.617099404335022,-0.08301479369401932,0.31680890917778015,0.6415093541145325,-0.04320785403251648,0.41739827394485474,0.626882791519165,-0.07056320458650589,0.4154324531555176,0.6660201549530029,-0.07601647824048996,0.38410061597824097,0.6742475628852844,-0.07998929172754288,0.31754955649375916,0.7015863060951233,-0.060920022428035736,0.41335874795913696,0.686213493347168,-0.08397526293992996,0.4102752208709717,0.7161756753921509,-0.0777980238199234,0.3832951486110687,0.7163503766059875,-0.07372048497200012,0.3290485441684723,0.761946976184845,-0.07953082025051117,0.4082208573818207,0.7478876113891602,-0.0918111801147461,0.4044628441333771,0.7674793004989624,-0.08394988626241684,0.38037756085395813,0.7722307443618774,-0.07836618274450302
101,0.7481634616851807,0.7540156245231628,-5.515006478162832e-07,0.7256303429603577,0.6701672673225403,-0.0184751208871603,0.6867443323135376,0.5850632190704346,-0.03928893059492111,0.6461553573608398,0.5234217047691345,-0.056448645889759064,0.6272306442260742,0.4762653708457947,-0.06962144374847412,0.7360512614250183,0.5377073884010315,-0.05739486590027809,0.627711296081543,0.5213328003883362,-0.08752933889627457,0.6184676885604858,0.5716968178749084,-0.0921315923333168,0.6391619443893433,0.5960604548454285,-0.09228409081697464,0.7371829152107239,0.5880387425422668,-0.061706386506557465,0.6107321977615356,0.5862056016921997,-0.09307803213596344,0.617861270904541,0.6300297975540161,-0.08813975751399994,0.6467748284339905,0.6399969458580017,-0.08373472839593887,0.7248913049697876,0.6438779234886169,-0.06674947589635849,0.60947585105896,0.6429775953292847,-0.09431083500385284,0.6206269860267639,0.6783649325370789,-0.0777086392045021,0.649550199508667,0.6826390027999878,-0.06547597795724869,0.7051239013671875,0.6978778839111328,-0.07274835556745529,0.6158367991447449,0.6984798312187195,-0.09667353332042694,0.6255686283111572,0.7213086485862732,-0.09208079427480698,0.6522253751754761,0.7226212620735168,-0.08540568500757217,0.3502281606197357,0.7938079833984375,-2.2067358429467276e-07,0.3746318519115448,0.7007078528404236,-0.010816264897584915,0.3891051709651947,0.6093559861183167,-0.024868711829185486,0.39511463046073914,0.5462427139282227,-0.03942812234163284,0.3986506760120392,0.5076011419296265,-0.05062677338719368,0.3252219259738922,0.5611083507537842,-0.03628620505332947,0.4115270972251892,0.5491140484809875,-0.06939636915922165,0.41747355461120605,0.5970802307128906,-0.08604731410741806,0.3952018916606903,0.6119939088821411,-0.09619858115911484,0.31400784850120544,0.6093515753746033,-0.047272324562072754,0.4224711060523987,0.6047840714454651,-0.07583975791931152,0.41832295060157776,0.6481965780258179,-0.07962047308683395,0.39365288615226746,0.6552975177764893,-0.08283042907714844,0.3174801468849182,0.6690230369567871,-0.0597766749560833,0.42492830753326416,0.6634927988052368,-0.08539894968271255,0.4177413582801819,0.7000225782394409,-0.0780368447303772,0.3950738310813904,0.7052024006843567,-0.07271423190832138,0.3311154842376709,0.730974555015564,-0.07355299592018127,0.42007964849472046,0.7199808955192566,-0.08880271017551422,0.413278728723526,0.7431005835533142,-0.08389247208833694,0.39016100764274597,0.7494665384292603,-0.07970765233039856
102,0.7203667163848877,0.7316700220108032,-3.7847891576348047e-07,0.6963498592376709,0.6471639275550842,-0.014248703606426716,0.6685786247253418,0.5620052814483643,-0.03155779466032982,0.6384461522102356,0.5008771419525146,-0.04559219628572464,0.6285914182662964,0.45541325211524963,-0.05618347227573395,0.7259460687637329,0.5093288421630859,-0.04830508679151535,0.6259629726409912,0.5042422413825989,-0.07402641326189041,0.625691831111908,0.54958176612854,-0.07770112156867981,0.6498043537139893,0.5645685791969299,-0.07764635980129242,0.7288838028907776,0.5578197836875916,-0.053664252161979675,0.6133675575256348,0.5629069209098816,-0.080563023686409,0.6231148838996887,0.598663330078125,-0.07635220885276794,0.64963299036026,0.60322505235672,-0.07297319918870926,0.7178323268890381,0.6129730939865112,-0.059531889855861664,0.6089596152305603,0.6146555542945862,-0.08434727042913437,0.6220889091491699,0.6455551385879517,-0.07013368606567383,0.6503299474716187,0.6473768353462219,-0.05969803035259247,0.6992042064666748,0.6683376431465149,-0.06582042574882507,0.6129435896873474,0.6682915091514587,-0.08780185133218765,0.6226853728294373,0.6890498995780945,-0.08429170399904251,0.6476737856864929,0.6882348656654358,-0.07881250232458115,0.3534368574619293,0.8099846243858337,-2.5606132680877636e-07,0.37850427627563477,0.7205215096473694,-0.013667949475347996,0.394184947013855,0.6264190077781677,-0.028968947008252144,0.402213990688324,0.5631684064865112,-0.04377785697579384,0.4082753360271454,0.52956622838974,-0.05534782633185387,0.3202526867389679,0.577350914478302,-0.04297373443841934,0.4134741723537445,0.5685014128684998,-0.07799103856086731,0.41981905698776245,0.6188560128211975,-0.09590204060077667,0.3933340013027191,0.6322270631790161,-0.10695765167474747,0.3104444146156311,0.629475474357605,-0.0529569573700428,0.42432141304016113,0.6253833770751953,-0.08358816802501678,0.4211738407611847,0.6708981394767761,-0.08734271675348282,0.39410749077796936,0.678817093372345,-0.09058050811290741,0.31460314989089966,0.6916301250457764,-0.06459308415651321,0.425891250371933,0.6848934292793274,-0.09227947890758514,0.4209837317466736,0.7228055000305176,-0.08534111827611923,0.39743033051490784,0.7297420501708984,-0.0799267590045929,0.3283251225948334,0.7548165917396545,-0.07771920412778854,0.42058107256889343,0.7390320301055908,-0.09485141932964325,0.41611096262931824,0.7621898651123047,-0.09112269431352615,0.39317744970321655,0.7697186470031738,-0.08759363740682602
103,0.7321392297744751,0.7310574054718018,-3.4762220479933603e-07,0.7088461518287659,0.6502988338470459,-0.0153402304276824,0.6767707467079163,0.5678167343139648,-0.03383177891373634,0.6449412703514099,0.5063566565513611,-0.04926199093461037,0.6347218751907349,0.45913001894950867,-0.06049944832921028,0.7286187410354614,0.5157771110534668,-0.05042421817779541,0.6276821494102478,0.5036705136299133,-0.07674772292375565,0.6226791143417358,0.5511570572853088,-0.07819271832704544,0.6457266807556152,0.5692492723464966,-0.07665998488664627,0.7293975353240967,0.5629268884658813,-0.05621738359332085,0.6129378080368042,0.5568732023239136,-0.08427752554416656,0.6196988821029663,0.5993473529815674,-0.07772845774888992,0.6466637253761292,0.605157732963562,-0.07185249775648117,0.7167357802391052,0.6166521906852722,-0.06287921220064163,0.608903706073761,0.6112014651298523,-0.08865650743246078,0.6208428740501404,0.6473180055618286,-0.07265666872262955,0.6503690481185913,0.6500999331474304,-0.06058947741985321,0.6983067393302917,0.6710244417190552,-0.07020226120948792,0.6125648021697998,0.6664268374443054,-0.09337031096220016,0.6228435039520264,0.688719630241394,-0.08994626253843307,0.6492428183555603,0.6900804042816162,-0.08410771936178207,0.34800079464912415,0.8130607604980469,-2.741852824783564e-07,0.37511712312698364,0.7201368808746338,-0.013877210207283497,0.3892178237438202,0.6246322393417358,-0.02780112996697426,0.39581847190856934,0.560541033744812,-0.041268493980169296,0.4044111967086792,0.5191016793251038,-0.05121965706348419,0.31815338134765625,0.576587438583374,-0.03777205944061279,0.4169098734855652,0.5739299058914185,-0.07255971431732178,0.420430988073349,0.6215270161628723,-0.0918780043721199,0.39153483510017395,0.6314913630485535,-0.10443396866321564,0.3098234534263611,0.6297401189804077,-0.04703123867511749,0.4265619218349457,0.629657506942749,-0.07843723893165588,0.4201846420764923,0.6714388132095337,-0.084556445479393,0.3926847577095032,0.6769749522209167,-0.0896836444735527,0.31525468826293945,0.6911001205444336,-0.05825519934296608,0.4275710880756378,0.6902682781219482,-0.0856906846165657,0.4204857349395752,0.724197506904602,-0.08076844364404678,0.3969767093658447,0.7277820110321045,-0.07698437571525574,0.3301938474178314,0.7531468868255615,-0.0712529718875885,0.4218974709510803,0.7429629564285278,-0.08841126412153244,0.414704293012619,0.7642618417739868,-0.08714524656534195,0.39027005434036255,0.7699354887008667,-0.08558410406112671
104,0.7261650562286377,0.7050104141235352,-3.0523568739226903e-07,0.7015089988708496,0.6166855692863464,-0.01147584430873394,0.6740639209747314,0.5270366072654724,-0.027462098747491837,0.6420784592628479,0.4628753662109375,-0.04084552079439163,0.6368780732154846,0.44426441192626953,-0.05061997100710869,0.723246157169342,0.47978174686431885,-0.045342303812503815,0.6259702444076538,0.4791804254055023,-0.06817153841257095,0.6298499703407288,0.5267742872238159,-0.06879692524671555,0.6566184759140015,0.538544774055481,-0.06772131472826004,0.7276104688644409,0.5313175320625305,-0.05318380147218704,0.6145497560501099,0.534024178981781,-0.07837603986263275,0.6272205710411072,0.5748758912086487,-0.07126779109239578,0.6544707417488098,0.5788065791130066,-0.06530968844890594,0.7196769714355469,0.5897248983383179,-0.06127280741930008,0.6117442846298218,0.5951636433601379,-0.08379833400249481,0.6285380721092224,0.6282657384872437,-0.06790333986282349,0.659683883190155,0.6284516453742981,-0.055990222841501236,0.7053436636924744,0.6492234468460083,-0.06986590474843979,0.6141305565834045,0.6503280401229858,-0.08764927089214325,0.6288086771965027,0.6695777177810669,-0.08218341320753098,0.6591181755065918,0.6684747934341431,-0.07593362033367157,0.3474370241165161,0.8168853521347046,-2.949477106994891e-07,0.3792437016963959,0.7228163480758667,-0.009468695148825645,0.393226683139801,0.6252520680427551,-0.02050485834479332,0.40004634857177734,0.5604485869407654,-0.031979676336050034,0.40485087037086487,0.5239633321762085,-0.04018073156476021,0.3181571960449219,0.5795641541481018,-0.03222194314002991,0.4159812927246094,0.5773434638977051,-0.0637638196349144,0.41728919744491577,0.6273864507675171,-0.08038685470819473,0.38962051272392273,0.6365212798118591,-0.09153740853071213,0.3083661198616028,0.6319975852966309,-0.04333418607711792,0.425698459148407,0.6315146684646606,-0.07273247092962265,0.4177517592906952,0.676565408706665,-0.0776670053601265,0.39105454087257385,0.6817074418067932,-0.08187557756900787,0.3126484751701355,0.6937587261199951,-0.05594669654965401,0.4248303472995758,0.6890657544136047,-0.08237821608781815,0.41731831431388855,0.7268093228340149,-0.07702646404504776,0.39494556188583374,0.7313079237937927,-0.07287093251943588,0.32616519927978516,0.7552721500396729,-0.06981832534074783,0.41711661219596863,0.7421497106552124,-0.08647342026233673,0.41163575649261475,0.7647880911827087,-0.08454311639070511,0.3896261751651764,0.7702353000640869,-0.08243788033723831
105,0.7281044721603394,0.7460471987724304,-5.182365612199646e-07,0.6954824328422546,0.6629366278648376,-0.010818202048540115,0.6576577425003052,0.5854005217552185,-0.02430737018585205,0.6263519525527954,0.5323277115821838,-0.03643365949392319,0.6228666305541992,0.4997131824493408,-0.0459614135324955,0.717332661151886,0.5488573908805847,-0.037252310663461685,0.6150173544883728,0.5569284558296204,-0.05928876996040344,0.6125814318656921,0.6045752167701721,-0.06417685002088547,0.6388403177261353,0.6158788204193115,-0.06641636788845062,0.7205643057823181,0.6098515391349792,-0.04504835233092308,0.6051519513130188,0.6251686811447144,-0.06778489053249359,0.6157588958740234,0.6569311022758484,-0.06504441797733307,0.6463131904602051,0.6586610674858093,-0.06324445456266403,0.7131586074829102,0.6724783778190613,-0.05309415981173515,0.6072873473167419,0.6831039786338806,-0.07283913344144821,0.619663417339325,0.706542432308197,-0.059121064841747284,0.6489500999450684,0.7050817012786865,-0.04960431903600693,0.7011722922325134,0.733606219291687,-0.06201062351465225,0.6174831390380859,0.7442055344581604,-0.07819849997758865,0.6292443871498108,0.7566972970962524,-0.07165738195180893,0.657870352268219,0.753126859664917,-0.06451877951622009,0.3464789390563965,0.7701583504676819,-1.70633697393896e-07,0.3720850646495819,0.6706263422966003,-0.005954667925834656,0.3869224786758423,0.5831165909767151,-0.017063923180103302,0.3954067528247833,0.5234802961349487,-0.030467994511127472,0.404897004365921,0.4767923951148987,-0.04047611728310585,0.33238524198532104,0.5273085832595825,-0.017170917242765427,0.40070268511772156,0.5036171674728394,-0.04777372628450394,0.4125489592552185,0.5466337203979492,-0.0654049664735794,0.39518555998802185,0.5566312074661255,-0.07635438442230225,0.3216955065727234,0.5617741942405701,-0.02931470237672329,0.4171687066555023,0.547868549823761,-0.055555179715156555,0.42094695568084717,0.5927910804748535,-0.0615597628057003,0.39750421047210693,0.5973376631736755,-0.06542394310235977,0.32460975646972656,0.6112241744995117,-0.04369413107633591,0.42405202984809875,0.6029300689697266,-0.06819280236959457,0.42179611325263977,0.6411964297294617,-0.062355104833841324,0.3964412808418274,0.6445408463478088,-0.057504501193761826,0.33760231733322144,0.6668001413345337,-0.05901186540722847,0.41885414719581604,0.6569619178771973,-0.07250851392745972,0.4170719385147095,0.6832886338233948,-0.06706283241510391,0.39330896735191345,0.6891064047813416,-0.06222688779234886
106,0.7287147641181946,0.7449156045913696,-3.0417098173529666e-07,0.7084190249443054,0.6656140685081482,-0.021674098446965218,0.6772463917732239,0.5837458372116089,-0.04413054510951042,0.6424810290336609,0.5246903300285339,-0.061593443155288696,0.6258655190467834,0.4831607937812805,-0.07611160725355148,0.7307382822036743,0.5445456504821777,-0.06753382086753845,0.6266900300979614,0.5326234698295593,-0.09992212802171707,0.6245068907737732,0.5737878084182739,-0.10529620200395584,0.6472470760345459,0.5884852409362793,-0.10583943873643875,0.7317503094673157,0.5922894477844238,-0.07062456756830215,0.611309289932251,0.5896870493888855,-0.10502832382917404,0.6200205087661743,0.625754177570343,-0.10070645809173584,0.6471851468086243,0.6314113736152649,-0.09635018557310104,0.7193389534950256,0.6462595462799072,-0.07439666986465454,0.6075676679611206,0.6413564682006836,-0.10552093386650085,0.6200265288352966,0.6726592183113098,-0.08941816538572311,0.6501320600509644,0.6756817698478699,-0.07679262012243271,0.6996151804924011,0.6995651125907898,-0.07888908684253693,0.6111739277839661,0.697040855884552,-0.10604150593280792,0.6229249238967896,0.7175005674362183,-0.10238876938819885,0.651790976524353,0.7162871360778809,-0.09618872404098511,0.35207268595695496,0.7508997917175293,-2.5202746201102855e-07,0.380383163690567,0.6602709293365479,-0.008728938177227974,0.39718639850616455,0.5663542151451111,-0.020842421799898148,0.4048635959625244,0.5021028518676758,-0.03405265510082245,0.4182117283344269,0.45361843705177307,-0.04374599829316139,0.3358849287033081,0.5018327236175537,-0.02890799008309841,0.413604736328125,0.49415427446365356,-0.05946797505021095,0.4222540557384491,0.544965922832489,-0.07523026317358017,0.4059465229511261,0.5638652443885803,-0.08457549661397934,0.3222212493419647,0.5463001728057861,-0.03961905837059021,0.42532598972320557,0.5501574277877808,-0.06514707207679749,0.42280876636505127,0.5971353650093079,-0.06932979822158813,0.40048882365226746,0.6051406264305115,-0.07261881977319717,0.324474573135376,0.6054497361183167,-0.05193654075264931,0.4286351203918457,0.6083216667175293,-0.07610838860273361,0.4223612844944,0.6466400623321533,-0.07069914788007736,0.39973771572113037,0.6515398025512695,-0.06639598309993744,0.33733075857162476,0.668400764465332,-0.06517789512872696,0.426025390625,0.663282573223114,-0.07893045246601105,0.41979432106018066,0.689050555229187,-0.07417601346969604,0.39590781927108765,0.6958264112472534,-0.06987567245960236
107,0.7262933254241943,0.7086201906204224,-2.7481559072839445e-07,0.7035760879516602,0.622194230556488,-0.01052747294306755,0.6774390339851379,0.5369694232940674,-0.026286402717232704,0.6464290618896484,0.47392457723617554,-0.039033982902765274,0.6317756772041321,0.43467724323272705,-0.04840460792183876,0.7241876125335693,0.4838094115257263,-0.04448852688074112,0.6254503726959229,0.48262324929237366,-0.06313727796077728,0.6264938116073608,0.5265551805496216,-0.06230436637997627,0.6521176099777222,0.5388203859329224,-0.060727328062057495,0.7280799150466919,0.5275112390518188,-0.05091586709022522,0.6148884296417236,0.5306953191757202,-0.06947275996208191,0.6254904270172119,0.568790853023529,-0.06165868043899536,0.6509201526641846,0.5743914246559143,-0.05699807032942772,0.7201497554779053,0.5817496180534363,-0.05708391219377518,0.6132519841194153,0.5887289047241211,-0.07377023994922638,0.628149688243866,0.6191336512565613,-0.05923992767930031,0.6567914485931396,0.6199468970298767,-0.05043026804924011,0.7063281536102295,0.638831615447998,-0.06363219022750854,0.6174933910369873,0.6428726315498352,-0.07918303459882736,0.6291666030883789,0.660609781742096,-0.0748763233423233,0.6557547450065613,0.6597626209259033,-0.07024750113487244,0.35988280177116394,0.7932863235473633,-3.1104710274121317e-07,0.3843197822570801,0.7038900852203369,-0.01428039837628603,0.40457218885421753,0.614549994468689,-0.029622074216604233,0.4149799644947052,0.5510993599891663,-0.044204626232385635,0.41473978757858276,0.5188069939613342,-0.05601195991039276,0.32744652032852173,0.5697942972183228,-0.04650668427348137,0.4272812604904175,0.5707165002822876,-0.08036302030086517,0.434719055891037,0.6206482648849487,-0.09789396077394485,0.4115028977394104,0.6356672048568726,-0.10875384509563446,0.31773754954338074,0.6302012205123901,-0.056291863322257996,0.43376022577285767,0.6341392993927002,-0.08469222486019135,0.4316849112510681,0.6772854328155518,-0.08858713507652283,0.4085794985294342,0.6870668530464172,-0.09261226654052734,0.32422369718551636,0.6989977359771729,-0.06704293191432953,0.43194642663002014,0.6973702907562256,-0.09306325763463974,0.4300997257232666,0.7307542562484741,-0.086360864341259,0.4103737771511078,0.7381790280342102,-0.08151471614837646,0.3390636742115021,0.7659631967544556,-0.07922614365816116,0.42536085844039917,0.7620171308517456,-0.09479036927223206,0.4264315068721771,0.7782846689224243,-0.08951488882303238,0.40920335054397583,0.7817070484161377,-0.08524201065301895
108,0.7340956330299377,0.7120285034179688,-3.427936405842047e-07,0.7098973393440247,0.6273586750030518,-0.012642238289117813,0.6791396737098694,0.5345021486282349,-0.02835879474878311,0.6443542838096619,0.4719536602497101,-0.04186595603823662,0.6375883221626282,0.4483587145805359,-0.05130579322576523,0.7306731343269348,0.48051929473876953,-0.03969720005989075,0.6322757601737976,0.4746344983577728,-0.06609057635068893,0.6338116526603699,0.5251245498657227,-0.07037261873483658,0.6606261134147644,0.5387290716171265,-0.07127641141414642,0.7337135672569275,0.5290927290916443,-0.047258585691452026,0.6201489567756653,0.5292118787765503,-0.07552500069141388,0.6314811706542969,0.5729819536209106,-0.07119189947843552,0.6600407958030701,0.577444851398468,-0.06622996181249619,0.7226430773735046,0.5859928131103516,-0.05603894963860512,0.6147209405899048,0.5872935056686401,-0.08128805458545685,0.630711019039154,0.6248801350593567,-0.06622909754514694,0.6630614995956421,0.624808669090271,-0.054034456610679626,0.7056202292442322,0.6445245146751404,-0.0655597597360611,0.6143368482589722,0.6439943909645081,-0.08604906499385834,0.6285650134086609,0.6690572500228882,-0.08137354254722595,0.6587919592857361,0.669919490814209,-0.07475386559963226,0.35549044609069824,0.8177253007888794,-2.857179595139314e-07,0.3856928050518036,0.7325394749641418,-0.014132129028439522,0.4028700292110443,0.6351725459098816,-0.026829635724425316,0.4119129478931427,0.5701367855072021,-0.038896702229976654,0.4186984598636627,0.5239521861076355,-0.04772573336958885,0.33340558409690857,0.5829794406890869,-0.034364957362413406,0.4331045150756836,0.5809383988380432,-0.06788695603609085,0.43225136399269104,0.6255438327789307,-0.08744750171899796,0.40210098028182983,0.6325280666351318,-0.10042355954647064,0.32377907633781433,0.6343322992324829,-0.043305255472660065,0.43888673186302185,0.6318091154098511,-0.0727846622467041,0.4288153052330017,0.6732403039932251,-0.07880611717700958,0.4015769362449646,0.6783134341239929,-0.08366798609495163,0.3264267146587372,0.694157063961029,-0.0544913187623024,0.4372543692588806,0.6896306276321411,-0.08077124506235123,0.42809537053108215,0.7246678471565247,-0.07581630349159241,0.4053640365600586,0.72914057970047,-0.07169847190380096,0.3386085033416748,0.7550845742225647,-0.06761074811220169,0.4308170974254608,0.7419565320014954,-0.08451424539089203,0.4245409369468689,0.7637532353401184,-0.08288843184709549,0.4030553698539734,0.7708385586738586,-0.08064591139554977
109,0.7485109567642212,0.7578336596488953,-4.740096528621507e-07,0.7125985622406006,0.6748354434967041,-0.01631363108754158,0.6701553463935852,0.5946935415267944,-0.03664477542042732,0.6361687779426575,0.5340695977210999,-0.05376651510596275,0.6265848278999329,0.4883284568786621,-0.0672895535826683,0.7242019176483154,0.5499602556228638,-0.05715874582529068,0.6162612438201904,0.5479847192764282,-0.08566547185182571,0.6187567710876465,0.596621036529541,-0.09001511335372925,0.6473619937896729,0.6109941601753235,-0.09073451161384583,0.729028046131134,0.6020342707633972,-0.06326552480459213,0.607490062713623,0.6098726987838745,-0.09155053645372391,0.6209194660186768,0.6455409526824951,-0.08619030565023422,0.6514000296592712,0.6495414972305298,-0.082631416618824,0.7215271592140198,0.6592450737953186,-0.06958438456058502,0.6098339557647705,0.663455605506897,-0.09347879886627197,0.6250039935112,0.6919164061546326,-0.07583649456501007,0.6556023359298706,0.6927947998046875,-0.06416413187980652,0.708199143409729,0.7169252634048462,-0.07696938514709473,0.6199511289596558,0.7204128503799438,-0.0982237160205841,0.6344126462936401,0.7360193729400635,-0.0922294482588768,0.6652548909187317,0.733456015586853,-0.08521716296672821,0.35607030987739563,0.7749086022377014,-1.236273874383187e-07,0.38623589277267456,0.6759883761405945,-0.008722632192075253,0.40371736884117126,0.583753228187561,-0.019313111901283264,0.4108266234397888,0.5187249779701233,-0.030879080295562744,0.4124581217765808,0.4689984917640686,-0.03952934965491295,0.3402708172798157,0.5304015278816223,-0.023615185171365738,0.418282687664032,0.5123010277748108,-0.052927833050489426,0.4277476370334625,0.5550899505615234,-0.06984522193670273,0.407806932926178,0.566011905670166,-0.080474853515625,0.3270283639431,0.5681518316268921,-0.032938577234745026,0.42708495259284973,0.5566487312316895,-0.05721791833639145,0.4285069704055786,0.5972676873207092,-0.06240827962756157,0.4043715000152588,0.601285994052887,-0.06667911261320114,0.32885366678237915,0.6208333969116211,-0.04424476996064186,0.43053218722343445,0.6112857460975647,-0.06736782193183899,0.42788445949554443,0.6461787223815918,-0.06266859918832779,0.4040585160255432,0.649725079536438,-0.05896734818816185,0.3418341875076294,0.6788585782051086,-0.056487489491701126,0.4267229437828064,0.6638774275779724,-0.07029224932193756,0.42411184310913086,0.6855875253677368,-0.06685296446084976,0.4012226462364197,0.6911436915397644,-0.06349515914916992
110,0.7355704307556152,0.7803733944892883,-4.2841213598876493e-07,0.7046975493431091,0.6939892768859863,-0.01034411322325468,0.6763248443603516,0.6072810888290405,-0.024256061762571335,0.6498599648475647,0.546421229839325,-0.03723178803920746,0.6352601647377014,0.5045892596244812,-0.04790393263101578,0.7310349941253662,0.5584529638290405,-0.03697581589221954,0.6315374970436096,0.559391975402832,-0.06748877465724945,0.6361915469169617,0.5999944806098938,-0.0784391537308693,0.6614629626274109,0.6103120446205139,-0.08256255090236664,0.7333306074142456,0.6081444025039673,-0.045517247170209885,0.6190746426582336,0.617449164390564,-0.076671302318573,0.6318457722663879,0.6476900577545166,-0.0767466127872467,0.6607053279876709,0.6509804129600525,-0.07494617998600006,0.7248375415802002,0.6645107269287109,-0.0554545558989048,0.6173861026763916,0.669218122959137,-0.08490198850631714,0.6338229775428772,0.6947895288467407,-0.0725996270775795,0.6656168103218079,0.6937362551689148,-0.06126197800040245,0.7097266912460327,0.7226719260215759,-0.06566991657018661,0.6232534646987915,0.7239905595779419,-0.08827748894691467,0.6385029554367065,0.7405089139938354,-0.08325561881065369,0.6695565581321716,0.7356806993484497,-0.07585987448692322,0.3602062165737152,0.7412962317466736,-1.7275890229484503e-07,0.39063557982444763,0.6508902907371521,-0.011899515986442566,0.40954023599624634,0.5602940320968628,-0.026200884953141212,0.4176105558872223,0.49779364466667175,-0.040403835475444794,0.41592735052108765,0.4578859806060791,-0.05073333531618118,0.3366604447364807,0.49145400524139404,-0.034788671880960464,0.42547106742858887,0.48493218421936035,-0.06604768335819244,0.4346885681152344,0.5374184250831604,-0.08171340078115463,0.4150136411190033,0.5511279106140137,-0.09157229959964752,0.323872447013855,0.5397101640701294,-0.04415588825941086,0.4339770972728729,0.5422407388687134,-0.07224266231060028,0.4336340129375458,0.5892835259437561,-0.07676780968904495,0.41198796033859253,0.5932044386863708,-0.08069757372140884,0.3279017508029938,0.6018915176391602,-0.05500653758645058,0.43660470843315125,0.6027804613113403,-0.08051090687513351,0.43175938725471497,0.6410560607910156,-0.07442625612020493,0.40924695134162903,0.6434586644172668,-0.06985968351364136,0.3433341085910797,0.6652101278305054,-0.06700456887483597,0.43339985609054565,0.656309962272644,-0.0821087434887886,0.4290461540222168,0.679377019405365,-0.07821020483970642,0.40456295013427734,0.6846597790718079,-0.07470804452896118
111,0.7343577742576599,0.7356823682785034,-2.902541496041522e-07,0.7101594805717468,0.6425653696060181,-0.009268081746995449,0.6873976588249207,0.5549749732017517,-0.024251705035567284,0.6580945253372192,0.49237844347953796,-0.03667125105857849,0.6434588432312012,0.45085835456848145,-0.04579010233283043,0.7370544075965881,0.49787867069244385,-0.03928747400641441,0.6363593339920044,0.4996621608734131,-0.05876068398356438,0.6412249207496643,0.5424312949180603,-0.0611853189766407,0.6680042743682861,0.5533653497695923,-0.06229729577898979,0.7414387464523315,0.5413297414779663,-0.046351030468940735,0.6258439421653748,0.5470731854438782,-0.06509769707918167,0.6402114629745483,0.5827914476394653,-0.06065407767891884,0.6664735078811646,0.5865745544433594,-0.059362273663282394,0.7339378595352173,0.5953323245048523,-0.05329163745045662,0.624782919883728,0.600572943687439,-0.06974396854639053,0.6417034864425659,0.6315314769744873,-0.0558408685028553,0.6702153086662292,0.6326563358306885,-0.04837119206786156,0.7190089821815491,0.6536147594451904,-0.060701530426740646,0.6271316409111023,0.6546978950500488,-0.07739956676959991,0.6404582262039185,0.6750421524047852,-0.07373059540987015,0.6688051819801331,0.674919843673706,-0.06982502341270447,0.3553846776485443,0.7827953696250916,-3.1596479743711825e-07,0.3768759071826935,0.6893497705459595,-0.01365468930453062,0.397561252117157,0.5971235632896423,-0.029003268107771873,0.4115445911884308,0.5341235399246216,-0.04417972266674042,0.42162472009658813,0.5032922029495239,-0.056675985455513,0.3334178328514099,0.5554565787315369,-0.04332851245999336,0.4283692538738251,0.5472159385681152,-0.07747110724449158,0.4337351620197296,0.5921170711517334,-0.09655220806598663,0.4077048897743225,0.6064549088478088,-0.10861551016569138,0.3267391324043274,0.6141163110733032,-0.05427831411361694,0.4406677484512329,0.6125748753547668,-0.08182393014431,0.43371325731277466,0.6518417596817017,-0.08678440749645233,0.4045614004135132,0.6593425869941711,-0.09182654321193695,0.33500996232032776,0.6817873120307922,-0.06641608476638794,0.44270673394203186,0.6760041117668152,-0.09135612100362778,0.43421125411987305,0.7065249681472778,-0.08503102511167526,0.40900087356567383,0.7130392789840698,-0.08085080236196518,0.35064277052879333,0.7493276596069336,-0.08019917458295822,0.43742835521698,0.7426353693008423,-0.09597494453191757,0.4317900240421295,0.7589612603187561,-0.09087726473808289,0.4098220765590668,0.7645381689071655,-0.08658351004123688
112,0.727263867855072,0.7129111289978027,-3.4400667914269434e-07,0.7054747939109802,0.6274728178977966,-0.011890421621501446,0.6798474192619324,0.5385380983352661,-0.025682110339403152,0.6502209305763245,0.476057767868042,-0.03736959397792816,0.6334348917007446,0.45011115074157715,-0.045103829354047775,0.7260366082191467,0.4870060682296753,-0.036015067249536514,0.6294097900390625,0.4812186360359192,-0.060326870530843735,0.627549946308136,0.5300716161727905,-0.06431575119495392,0.6529505848884583,0.544114887714386,-0.06502621620893478,0.7294778823852539,0.5335763096809387,-0.04273968189954758,0.6176028251647949,0.5365175008773804,-0.06805581599473953,0.6270776987075806,0.5777642130851746,-0.06348222494125366,0.6545330286026001,0.5829031467437744,-0.058812107890844345,0.7205061316490173,0.5876687169075012,-0.050677817314863205,0.6158792972564697,0.5961284637451172,-0.07212299853563309,0.6291341185569763,0.6290991902351379,-0.05742545798420906,0.6583057641983032,0.6297058463096619,-0.04631274193525314,0.7069279551506042,0.6435414552688599,-0.05968937277793884,0.6210353374481201,0.6503530740737915,-0.07613766193389893,0.6307482719421387,0.6722710132598877,-0.07100806385278702,0.6561030745506287,0.6740893125534058,-0.06484080851078033,0.3597508370876312,0.8052301406860352,-2.4833863676576584e-07,0.3882293105125427,0.71892911195755,-0.013897603377699852,0.4075896441936493,0.6288401484489441,-0.029095036908984184,0.41672709584236145,0.5661200881004333,-0.043713875114917755,0.421761155128479,0.5293049812316895,-0.054631106555461884,0.3381868302822113,0.5791513919830322,-0.04281162470579147,0.4341376721858978,0.5651910901069641,-0.07745859771966934,0.43761882185935974,0.610373854637146,-0.09474049508571625,0.4110046625137329,0.6240438222885132,-0.10523790866136551,0.3313343822956085,0.6271001100540161,-0.052313294261693954,0.44595953822135925,0.620968222618103,-0.08298830687999725,0.438155859708786,0.6604127287864685,-0.0864182859659195,0.4123178720474243,0.6687082648277283,-0.0892258808016777,0.3381601572036743,0.6862329840660095,-0.06346803158521652,0.44933298230171204,0.6803095936775208,-0.09037122875452042,0.439256489276886,0.7132829427719116,-0.08336758613586426,0.4165460765361786,0.719889760017395,-0.07793533802032471,0.35449400544166565,0.7469744682312012,-0.07629971951246262,0.4453858733177185,0.7354117631912231,-0.0934063196182251,0.4356120228767395,0.7561607360839844,-0.0905204489827156,0.4111834764480591,0.76410973072052,-0.0876011848449707
113,0.7102319002151489,0.7485198974609375,-4.0066333895083517e-07,0.6808210015296936,0.6618077754974365,-0.011143839918076992,0.6449678540229797,0.5746101140975952,-0.023080820217728615,0.613803505897522,0.5265396237373352,-0.03380284458398819,0.5993801951408386,0.5230447053909302,-0.04335051774978638,0.6995968222618103,0.5542552471160889,-0.032248955219984055,0.599886417388916,0.5693153738975525,-0.05487877503037453,0.5989978909492493,0.6118727922439575,-0.06417404115200043,0.6257469058036804,0.6159545183181763,-0.07012239098548889,0.7037888169288635,0.6168975234031677,-0.04031941667199135,0.5918373465538025,0.633359432220459,-0.0605018176138401,0.6025593876838684,0.6623386144638062,-0.06094438582658768,0.6328040361404419,0.6617363095283508,-0.06252238899469376,0.6971745491027832,0.679691731929779,-0.04903967306017876,0.5935758948326111,0.6931782960891724,-0.06600203365087509,0.6061593294143677,0.7147488594055176,-0.05499662831425667,0.6362290382385254,0.712020993232727,-0.048203155398368835,0.6869084239006042,0.7389410138130188,-0.05886339023709297,0.6032043695449829,0.7488322257995605,-0.07178458571434021,0.6154643893241882,0.7623889446258545,-0.06489025056362152,0.6459351181983948,0.7609723806381226,-0.05869489908218384,0.35817623138427734,0.7675129175186157,-1.1971643232300266e-07,0.38471847772598267,0.672123372554779,-0.014061064459383488,0.4057690501213074,0.5818592309951782,-0.0271963719278574,0.4179215729236603,0.520136296749115,-0.0399554967880249,0.4275036156177521,0.47490566968917847,-0.04895469918847084,0.3433985710144043,0.5226553678512573,-0.030539575964212418,0.4345872104167938,0.5155505537986755,-0.060119953006505966,0.44149699807167053,0.5623943209648132,-0.07575473189353943,0.4182437062263489,0.5735958218574524,-0.08598894625902176,0.33282625675201416,0.5649377703666687,-0.0378258116543293,0.44202256202697754,0.5623655319213867,-0.06355305761098862,0.4374855160713196,0.6047530770301819,-0.06767700612545013,0.4130914509296417,0.6073460578918457,-0.07142270356416702,0.33753231167793274,0.6210476160049438,-0.047379884868860245,0.4438892900943756,0.6195440888404846,-0.07115020602941513,0.4354776442050934,0.6547529697418213,-0.06692275404930115,0.4115789830684662,0.6560387015342712,-0.06370341777801514,0.35306602716445923,0.681943416595459,-0.05840331315994263,0.4414426386356354,0.6708266735076904,-0.07275526225566864,0.43067362904548645,0.6927276849746704,-0.07096121460199356,0.40350645780563354,0.6981046199798584,-0.06917253136634827
114,0.7196377515792847,0.7599015831947327,-3.767581517877261e-07,0.6922845840454102,0.6811468005180359,-0.018009167164564133,0.6582591533660889,0.5994917154312134,-0.03594011068344116,0.6238892078399658,0.5368077754974365,-0.049964215606451035,0.6124268770217896,0.49796998500823975,-0.060723260045051575,0.7055553197860718,0.5501267910003662,-0.05284367501735687,0.6050567626953125,0.5502963066101074,-0.0791814923286438,0.6034524440765381,0.5943232178688049,-0.08219089359045029,0.6261753439903259,0.6073658466339111,-0.08210839331150055,0.7091631889343262,0.5979955792427063,-0.056472908705472946,0.5925744771957397,0.605593204498291,-0.08523266762495041,0.5998885631561279,0.6430755257606506,-0.08014371246099472,0.6261109709739685,0.6475018262863159,-0.07554701715707779,0.7004685401916504,0.6519646048545837,-0.060936085879802704,0.5921496748924255,0.6568561792373657,-0.08832517266273499,0.6022804379463196,0.6889342665672302,-0.07321590185165405,0.6305084824562073,0.6911959052085876,-0.06126997619867325,0.6851857304573059,0.7065737247467041,-0.0661764070391655,0.5982304215431213,0.7129777669906616,-0.09064812958240509,0.6086446642875671,0.7331339716911316,-0.08766072243452072,0.6359585523605347,0.730779230594635,-0.08198565244674683,0.344407856464386,0.7863433361053467,-2.665981924110383e-07,0.3621707558631897,0.7014442682266235,-0.010283663868904114,0.3851872682571411,0.6070307493209839,-0.025783171877264977,0.4081119894981384,0.5431157946586609,-0.04156433045864105,0.42646902799606323,0.5022144317626953,-0.05400724336504936,0.3355127274990082,0.5581926703453064,-0.04066750779747963,0.4266393482685089,0.5330192446708679,-0.07689763605594635,0.43235477805137634,0.5787234902381897,-0.09530758857727051,0.40744414925575256,0.5946332812309265,-0.10627225041389465,0.33217400312423706,0.6024829149246216,-0.05332966148853302,0.44215014576911926,0.5861468315124512,-0.08469682931900024,0.4378388524055481,0.6307322382926941,-0.08909811824560165,0.4105623662471771,0.6396117806434631,-0.09243419766426086,0.34125688672065735,0.658184826374054,-0.0673971101641655,0.4451259970664978,0.642181396484375,-0.09442337602376938,0.43831026554107666,0.6808187961578369,-0.08569873869419098,0.4123744070529938,0.6884461641311646,-0.07943598926067352,0.35847437381744385,0.717360258102417,-0.08269122242927551,0.4430784285068512,0.6998984217643738,-0.09740200638771057,0.43609753251075745,0.7286568880081177,-0.09018492698669434,0.41114556789398193,0.7375511527061462,-0.08490210771560669
115,0.7170130014419556,0.7173025608062744,-3.2256338045044686e-07,0.6846250295639038,0.6293312907218933,-0.012735418975353241,0.6524996161460876,0.5452457666397095,-0.027899516746401787,0.6201102137565613,0.4831140637397766,-0.04023771360516548,0.614980161190033,0.4445825517177582,-0.04882232844829559,0.7104039192199707,0.48442745208740234,-0.0401851162314415,0.6084587574005127,0.49221688508987427,-0.06001194939017296,0.6119424104690552,0.5364862084388733,-0.061327941715717316,0.6376819610595703,0.54488605260849,-0.06153232604265213,0.7149019837379456,0.5298159122467041,-0.04562171548604965,0.5971356630325317,0.5446494817733765,-0.06693896651268005,0.6100389957427979,0.5821173787117004,-0.06113459914922714,0.637016773223877,0.5827398300170898,-0.05749789997935295,0.7075904011726379,0.5854661464691162,-0.05152522772550583,0.5974807739257812,0.6028918027877808,-0.07067357003688812,0.6130591034889221,0.6322787404060364,-0.055940333753824234,0.6425480246543884,0.6292805671691895,-0.046297091990709305,0.6941669583320618,0.6446842551231384,-0.058353081345558167,0.6012815833091736,0.6563218235969543,-0.076179638504982,0.6125308275222778,0.674566388130188,-0.07277768850326538,0.6397803425788879,0.6703701019287109,-0.06835635751485825,0.3452838957309723,0.8161568641662598,-3.3819736700024805e-07,0.3651480972766876,0.7237517833709717,-0.012796840630471706,0.3927493095397949,0.6239393949508667,-0.02718970738351345,0.415277898311615,0.5553289651870728,-0.04174402356147766,0.42224112153053284,0.5258780717849731,-0.052698105573654175,0.34664177894592285,0.5781219005584717,-0.04375500604510307,0.4487168788909912,0.5817857980728149,-0.07893350720405579,0.4494618773460388,0.6330097317695618,-0.0948266014456749,0.4206722378730774,0.6425169110298157,-0.10427653789520264,0.3412831723690033,0.635224461555481,-0.056019943207502365,0.4630584120750427,0.6458005309104919,-0.08700942248106003,0.44966208934783936,0.6917902827262878,-0.08897950500249863,0.4187816083431244,0.6917941570281982,-0.09071879833936691,0.34776389598846436,0.7032307386398315,-0.06979582458734512,0.46070969104766846,0.7075069546699524,-0.09812944382429123,0.4457082748413086,0.7430397868156433,-0.09035805612802505,0.4181539714336395,0.7424442172050476,-0.08400698006153107,0.36175644397735596,0.7722491025924683,-0.08501159399747849,0.4539477825164795,0.764106273651123,-0.10201212763786316,0.4407282769680023,0.782783567905426,-0.09691914916038513,0.41203540563583374,0.7856694459915161,-0.09248393028974533
116,0.7283564805984497,0.728294849395752,-3.6095116229262203e-07,0.7007458806037903,0.6506075263023376,-0.01915222965180874,0.6617280840873718,0.5648142099380493,-0.03834216296672821,0.6253823637962341,0.5058221817016602,-0.05345117300748825,0.608990490436554,0.46985629200935364,-0.06483853608369827,0.7089691758155823,0.5137021541595459,-0.05426616221666336,0.6106166839599609,0.5071861743927002,-0.08066433668136597,0.6035755276679993,0.5511230230331421,-0.08395037800073624,0.6232312917709351,0.5668925046920776,-0.08423865586519241,0.7125822305679321,0.5609444379806519,-0.05821162089705467,0.5940905213356018,0.5663972496986389,-0.08640559017658234,0.6023159027099609,0.6079587936401367,-0.08113843202590942,0.6295521855354309,0.611668050289154,-0.07631347328424454,0.7027946710586548,0.6152632832527161,-0.0629880353808403,0.5937570929527283,0.6200829744338989,-0.08924514800310135,0.6062523126602173,0.6544921398162842,-0.07384321093559265,0.6351463198661804,0.6542077660560608,-0.06220925226807594,0.6853273510932922,0.6709418892860413,-0.06865961104631424,0.59943026304245,0.6758371591567993,-0.09288033097982407,0.6101570129394531,0.6991273760795593,-0.08865339308977127,0.635749876499176,0.6985836625099182,-0.08210455626249313,0.3498345613479614,0.7771944999694824,-7.033786175725254e-08,0.3607713580131531,0.6914530396461487,-0.004745182581245899,0.3803470730781555,0.6025838851928711,-0.02003270387649536,0.39978736639022827,0.5435355305671692,-0.03583384305238724,0.4160535931587219,0.512248158454895,-0.048618972301483154,0.33744868636131287,0.5626276135444641,-0.039931654930114746,0.41581153869628906,0.5250951647758484,-0.06941521912813187,0.4248005449771881,0.5586295127868652,-0.08296065777540207,0.4081284999847412,0.5808479189872742,-0.09011220932006836,0.3362743854522705,0.6055951118469238,-0.052089154720306396,0.4379398226737976,0.5811564922332764,-0.07429059594869614,0.4359304904937744,0.6129027605056763,-0.07375845313072205,0.4108657240867615,0.6269629001617432,-0.07511889189481735,0.34762755036354065,0.6576405167579651,-0.06458329409360886,0.44798386096954346,0.6372460722923279,-0.0822538435459137,0.4406265616416931,0.6641930937767029,-0.07163327187299728,0.4144177734851837,0.672576904296875,-0.06614745408296585,0.36743268370628357,0.711826503276825,-0.07762657105922699,0.4481523334980011,0.6921067237854004,-0.08531464636325836,0.44184014201164246,0.713828980922699,-0.07575467973947525,0.41796955466270447,0.7224850058555603,-0.07016204297542572
117,0.7123104333877563,0.7848058938980103,-3.366877194821427e-07,0.6881780028343201,0.6872782111167908,-0.013061427511274815,0.6504671573638916,0.5941868424415588,-0.028749018907546997,0.6107908487319946,0.5394501686096191,-0.04274320229887962,0.5896956920623779,0.538552463054657,-0.05439084395766258,0.6913089752197266,0.5713964700698853,-0.03801346197724342,0.5828249454498291,0.5827723145484924,-0.06774953007698059,0.5926039218902588,0.6225442886352539,-0.07851260155439377,0.6230558753013611,0.6239640712738037,-0.08348783105611801,0.6928405165672302,0.6309429407119751,-0.045953940600156784,0.5758113861083984,0.6431633234024048,-0.07511904090642929,0.593887984752655,0.6721171140670776,-0.07484742999076843,0.6255190372467041,0.6691998243331909,-0.0734388455748558,0.6841731667518616,0.6941956281661987,-0.054983194917440414,0.5767812132835388,0.7036138772964478,-0.07851598411798477,0.5954757928848267,0.7248145341873169,-0.06375080347061157,0.6282447576522827,0.7174805998802185,-0.052277740091085434,0.6713237166404724,0.7560362815856934,-0.06517542153596878,0.5821427702903748,0.7596955895423889,-0.08067002892494202,0.5996610522270203,0.7707679271697998,-0.07225282490253448,0.6323245167732239,0.7637208104133606,-0.06391739100217819,0.36536312103271484,0.7344000339508057,-7.004356206152806e-08,0.3877120316028595,0.6324250102043152,-0.015154650434851646,0.4039098024368286,0.5442779064178467,-0.029839463531970978,0.41673514246940613,0.4823691248893738,-0.044617246836423874,0.4247385859489441,0.44089558720588684,-0.055051080882549286,0.3383728265762329,0.48570674657821655,-0.030190417543053627,0.4303983449935913,0.4753556251525879,-0.06071578338742256,0.43588441610336304,0.5215818881988525,-0.0761420726776123,0.4132615923881531,0.5316934585571289,-0.08586093038320541,0.33152809739112854,0.5285060405731201,-0.037911441177129745,0.44362565875053406,0.5261018872261047,-0.06557869166135788,0.4374644458293915,0.567639946937561,-0.06942573934793472,0.41080817580223083,0.572006344795227,-0.07191441208124161,0.33793845772743225,0.5844907760620117,-0.048311203718185425,0.4464329481124878,0.581092119216919,-0.07405392825603485,0.4347872734069824,0.6168479919433594,-0.06906528770923615,0.40862351655960083,0.6189682483673096,-0.06419093906879425,0.3538588583469391,0.6448819041252136,-0.06029524281620979,0.4417244791984558,0.6333341002464294,-0.07705925405025482,0.4293605089187622,0.6552914977073669,-0.07533346861600876,0.4018543064594269,0.6592541933059692,-0.07255401462316513
118,0.7112552523612976,0.7520713806152344,-3.7254150697663135e-07,0.6857534050941467,0.6669439077377319,-0.01624465361237526,0.6544293761253357,0.5785218477249146,-0.034223925322294235,0.620280385017395,0.5143030881881714,-0.048608873039484024,0.6034121513366699,0.4746510982513428,-0.059567734599113464,0.7066448330879211,0.532439649105072,-0.049691975116729736,0.6032484173774719,0.5201170444488525,-0.07892769575119019,0.6016967296600342,0.5654400587081909,-0.0847148597240448,0.6237043142318726,0.5808098912239075,-0.08531677722930908,0.709213137626648,0.5789127349853516,-0.05389225482940674,0.5915483236312866,0.5811273455619812,-0.0853336751461029,0.6011738777160645,0.6172344088554382,-0.08151952922344208,0.6282901763916016,0.6212543845176697,-0.07705014199018478,0.6977219581604004,0.6324484944343567,-0.0591040775179863,0.5915124416351318,0.6350695490837097,-0.08793774992227554,0.6046444177627563,0.6638687252998352,-0.07230742275714874,0.6324164271354675,0.6626863479614258,-0.05926268920302391,0.678581178188324,0.6847251653671265,-0.06482473015785217,0.5965409874916077,0.6862151026725769,-0.08702912926673889,0.607582688331604,0.7088664770126343,-0.08114549517631531,0.6313437223434448,0.7055463194847107,-0.07357015460729599,0.37143731117248535,0.7440556287765503,-2.629663526931836e-07,0.3993026316165924,0.6570813059806824,-0.015934186056256294,0.41684430837631226,0.5617245435714722,-0.03298778459429741,0.4258231818675995,0.49618542194366455,-0.04953773319721222,0.42642539739608765,0.4475535750389099,-0.06325364112854004,0.3480876088142395,0.5168684124946594,-0.04409376531839371,0.4290851056575775,0.4858730435371399,-0.08006598055362701,0.44171398878097534,0.532683253288269,-0.10101818293333054,0.42234572768211365,0.5551568269729614,-0.11399780958890915,0.33936506509780884,0.5666434168815613,-0.05341742932796478,0.44547927379608154,0.5483730435371399,-0.08352658897638321,0.4441043734550476,0.5908060669898987,-0.09073830395936966,0.41700226068496704,0.6040312051773071,-0.09727317839860916,0.3458130359649658,0.626836359500885,-0.06445500999689102,0.44962117075920105,0.610776424407959,-0.08983025699853897,0.4439149498939514,0.6435466408729553,-0.08381187170743942,0.41759318113327026,0.6516328454017639,-0.08077354729175568,0.36255401372909546,0.6861921548843384,-0.07714101672172546,0.44705748558044434,0.6703589558601379,-0.09186703711748123,0.4406985342502594,0.6954172253608704,-0.08616184443235397,0.4147341847419739,0.7038863897323608,-0.08258088678121567
119,0.7172384262084961,0.7112767696380615,-3.2681251127542055e-07,0.6888298988342285,0.6156429052352905,-0.008054394274950027,0.665483832359314,0.5186519622802734,-0.020088205114006996,0.637440025806427,0.4523093104362488,-0.03039303794503212,0.6170373558998108,0.4310104250907898,-0.037853311747312546,0.7129040956497192,0.4751359224319458,-0.03664688393473625,0.6102895736694336,0.47332942485809326,-0.05365051329135895,0.6110904216766357,0.5201980471611023,-0.05294773727655411,0.6363539099693298,0.5295360088348389,-0.051816176623106,0.7154809832572937,0.5210087895393372,-0.04380128160119057,0.599890410900116,0.5304645299911499,-0.062073566019535065,0.6106044054031372,0.5692803263664246,-0.05507170036435127,0.6378833055496216,0.5718173980712891,-0.05096876993775368,0.7065376043319702,0.5773465037345886,-0.050851210951805115,0.5980055928230286,0.5880688428878784,-0.06569260358810425,0.611020565032959,0.6200459599494934,-0.0525641031563282,0.64111328125,0.6197156310081482,-0.04508126154541969,0.6920925974845886,0.6354544758796692,-0.05859879404306412,0.6011365652084351,0.6466829180717468,-0.07162663340568542,0.6098437905311584,0.6644574999809265,-0.06919251382350922,0.6361406445503235,0.6606112122535706,-0.0666518434882164,0.354219913482666,0.7883248925209045,-3.8587148765145685e-07,0.37590253353118896,0.6982150673866272,-0.010378213599324226,0.4044085443019867,0.6074362397193909,-0.022702282294631004,0.4262629449367523,0.5427423119544983,-0.035447366535663605,0.44355595111846924,0.515024721622467,-0.04569937661290169,0.3706706464290619,0.5614666938781738,-0.03563015162944794,0.47441065311431885,0.5702434778213501,-0.06694985926151276,0.4753689467906952,0.6156886219978333,-0.08316158503293991,0.4451864957809448,0.6236693859100342,-0.09341791272163391,0.3621448278427124,0.6203694939613342,-0.04766536504030228,0.4833175241947174,0.6352818012237549,-0.073960080742836,0.4748305380344391,0.6794688701629639,-0.077985018491745,0.44581788778305054,0.681655764579773,-0.082540363073349,0.36668696999549866,0.687803328037262,-0.06077698618173599,0.4790833592414856,0.6966724991798401,-0.08424200117588043,0.47008514404296875,0.7274277806282043,-0.0772746279835701,0.4426846206188202,0.7279892563819885,-0.07274797558784485,0.37775376439094543,0.7548907995223999,-0.07531394064426422,0.46787717938423157,0.7566729784011841,-0.0876520425081253,0.46494919061660767,0.7725093960762024,-0.08056630194187164,0.4426688551902771,0.7745986580848694,-0.0754990428686142
120,0.6859918832778931,0.7418001890182495,-4.652449661080027e-07,0.659286379814148,0.6493414640426636,-0.01717299222946167,0.6344653964042664,0.5608699321746826,-0.036177393049001694,0.6137378215789795,0.5013945698738098,-0.05240718647837639,0.6089658737182617,0.47027233242988586,-0.06566055119037628,0.7061968445777893,0.5196461081504822,-0.0475127212703228,0.6090056896209717,0.5102684497833252,-0.07620803266763687,0.6034960150718689,0.5539873242378235,-0.0852418839931488,0.6245287656784058,0.5680123567581177,-0.08947043120861053,0.7098858952522278,0.5698010325431824,-0.053694792091846466,0.5940961837768555,0.5690616965293884,-0.08252781629562378,0.6014231443405151,0.6061557531356812,-0.08087561279535294,0.6283267140388489,0.6113494634628296,-0.07892443984746933,0.6991640329360962,0.6251689195632935,-0.06107694283127785,0.5918588042259216,0.6236374378204346,-0.08688614517450333,0.603681206703186,0.6521300077438354,-0.07378865033388138,0.6321300864219666,0.6535399556159973,-0.06361722946166992,0.6811923980712891,0.6804606318473816,-0.06962846964597702,0.598206639289856,0.6795326471328735,-0.09071581065654755,0.6086273193359375,0.6980960369110107,-0.08580537140369415,0.6351995468139648,0.6981111764907837,-0.07938791066408157,0.36807775497436523,0.7854783535003662,-6.904898697257522e-08,0.3838858902454376,0.702237069606781,-0.005617935676127672,0.41057687997817993,0.6172927618026733,-0.02132706344127655,0.4374704658985138,0.5609435439109802,-0.03801216557621956,0.45161232352256775,0.5255914926528931,-0.05257168784737587,0.3602555990219116,0.5572201609611511,-0.04108074679970741,0.4504300653934479,0.5479397773742676,-0.07232829183340073,0.46251121163368225,0.5876626372337341,-0.08917833864688873,0.44438743591308594,0.6063832640647888,-0.09879626333713531,0.35718926787376404,0.6040744185447693,-0.05415840074419975,0.4629337191581726,0.6018171310424805,-0.07683634012937546,0.46717575192451477,0.6362466216087341,-0.07848354429006577,0.4455515444278717,0.6501213312149048,-0.08148195594549179,0.36382821202278137,0.662959635257721,-0.06767246127128601,0.4628317952156067,0.6575223207473755,-0.08681412786245346,0.46356722712516785,0.688228189945221,-0.0767216831445694,0.4437389671802521,0.6990092992782593,-0.07065175473690033,0.37736424803733826,0.7252150177955627,-0.08194679766893387,0.4580351710319519,0.7128344774246216,-0.09112593531608582,0.46075597405433655,0.7324817776679993,-0.08126074075698853,0.4458276331424713,0.7410829067230225,-0.07464031875133514
121,0.7038917541503906,0.7696987390518188,-2.809733530284575e-07,0.6688369512557983,0.6682640910148621,-0.006848571356385946,0.6339386701583862,0.5751093029975891,-0.021390637382864952,0.6024073958396912,0.5235278010368347,-0.034758228808641434,0.5866460800170898,0.5298280715942383,-0.04589831829071045,0.6846732497215271,0.5576361417770386,-0.03588124364614487,0.5778341293334961,0.5627354979515076,-0.05476241186261177,0.5803530216217041,0.6066167950630188,-0.0583580881357193,0.6095713376998901,0.6112673282623291,-0.060879431664943695,0.6902471780776978,0.6164675354957581,-0.0459393635392189,0.5705016255378723,0.6249225735664368,-0.06038597971200943,0.5851196050643921,0.6578040719032288,-0.053500402718782425,0.6160845160484314,0.6544715762138367,-0.05052413046360016,0.6824409365653992,0.6797004342079163,-0.055773504078388214,0.5720628499984741,0.6877709031105042,-0.06287897378206253,0.5884568691253662,0.7099773287773132,-0.04713581129908562,0.619587242603302,0.7074410319328308,-0.03968128561973572,0.6695840954780579,0.7420923709869385,-0.06683729588985443,0.5802561044692993,0.7454974055290222,-0.07357724756002426,0.5950983166694641,0.7546830177307129,-0.06664565950632095,0.6248802542686462,0.7509995698928833,-0.06163952499628067,0.35976842045783997,0.7521266341209412,-8.421048391937802e-08,0.3776242434978485,0.6612521409988403,-0.01298645418137312,0.39875414967536926,0.5708234906196594,-0.0286164041608572,0.41993239521980286,0.5142994523048401,-0.04395806044340134,0.43928366899490356,0.48860010504722595,-0.05599765479564667,0.34748756885528564,0.5168314576148987,-0.0399121418595314,0.4439694881439209,0.5090610384941101,-0.0716259628534317,0.446306049823761,0.5576269030570984,-0.08580277115106583,0.42230483889579773,0.5675552487373352,-0.09461664408445358,0.34101924300193787,0.559577465057373,-0.04929330199956894,0.4573240280151367,0.5568777322769165,-0.07757004350423813,0.44772273302078247,0.6047565340995789,-0.07822749018669128,0.4189293086528778,0.6119184494018555,-0.07847899198532104,0.3471984565258026,0.6151006817817688,-0.06042352691292763,0.45744815468788147,0.6107568740844727,-0.08547986298799515,0.44473645091056824,0.65107661485672,-0.077971450984478,0.41734397411346436,0.6554096341133118,-0.07174292206764221,0.3623521029949188,0.6746693849563599,-0.07282350212335587,0.45264533162117004,0.6626619696617126,-0.08675184100866318,0.4407908022403717,0.6890920400619507,-0.08204411715269089,0.4131995737552643,0.6964556574821472,-0.07804732024669647
122,0.7092916369438171,0.76652991771698,-3.9363939663417113e-07,0.6775088906288147,0.6786672472953796,-0.011224977672100067,0.6409568786621094,0.5958660840988159,-0.026800211519002914,0.6062990427017212,0.5358250141143799,-0.041024405509233475,0.5933666229248047,0.49540719389915466,-0.05219365656375885,0.6868765354156494,0.5457313656806946,-0.038809649646282196,0.5870640277862549,0.5440618991851807,-0.06910628080368042,0.5919302105903625,0.5871585607528687,-0.07879768311977386,0.6175814867019653,0.5978754162788391,-0.08228808641433716,0.6896318197250366,0.5939633846282959,-0.0466366708278656,0.5774586200714111,0.6029086709022522,-0.07714375108480453,0.5903029441833496,0.6359208226203918,-0.07593885064125061,0.6182982921600342,0.6380763649940491,-0.0735199898481369,0.6811244487762451,0.6497236490249634,-0.05585480108857155,0.5783826112747192,0.6565758585929871,-0.08418972790241241,0.593691885471344,0.6849010586738586,-0.07081273943185806,0.6235509514808655,0.683073103427887,-0.05939149856567383,0.6668194532394409,0.7068043947219849,-0.06553645431995392,0.5842965245246887,0.714526891708374,-0.08739443868398666,0.5987488627433777,0.732758104801178,-0.0826382115483284,0.6271578669548035,0.7278057336807251,-0.07575154304504395,0.3569474518299103,0.7505772709846497,-2.021547373942667e-07,0.38161224126815796,0.673725962638855,-0.01397091057151556,0.4035148620605469,0.5852515697479248,-0.029655704274773598,0.41921573877334595,0.5235364437103271,-0.04465167224407196,0.43075448274612427,0.4864363670349121,-0.055779024958610535,0.3362002670764923,0.517672061920166,-0.04254360496997833,0.43330952525138855,0.5111396312713623,-0.07402150332927704,0.44005048274993896,0.5644664168357849,-0.08714105188846588,0.4165516495704651,0.5800563097000122,-0.0949077159166336,0.33066296577453613,0.5652239322662354,-0.05227198079228401,0.4453527331352234,0.5655307769775391,-0.08046594262123108,0.4413386285305023,0.6131001710891724,-0.08183488994836807,0.41784605383872986,0.6185272336006165,-0.0832718089222908,0.3387010991573334,0.6260231137275696,-0.06340790539979935,0.44765233993530273,0.6232886910438538,-0.09046265482902527,0.440940797328949,0.6635710000991821,-0.08291045576334,0.4192788898944855,0.6679984331130981,-0.07669283449649811,0.35599085688591003,0.6890836954116821,-0.07561729848384857,0.44666701555252075,0.6773437857627869,-0.09178624302148819,0.43974432349205017,0.7030177116394043,-0.08679574728012085,0.41690728068351746,0.7097184062004089,-0.08243222534656525
123,0.7023304104804993,0.7191547751426697,-3.252717419854889e-07,0.6681603193283081,0.6254568696022034,-0.010565733537077904,0.6399431824684143,0.5403256416320801,-0.024974403902888298,0.6104381084442139,0.4805920124053955,-0.037239477038383484,0.597907304763794,0.44143128395080566,-0.04597010836005211,0.6939812898635864,0.4758865237236023,-0.035842567682266235,0.593819260597229,0.4859004020690918,-0.0568581186234951,0.5967905521392822,0.5276650190353394,-0.06040729209780693,0.6222035884857178,0.5351549386978149,-0.06172450631856918,0.6994144320487976,0.5207350850105286,-0.042643725872039795,0.5836392045021057,0.5390228033065796,-0.06446900963783264,0.5958890914916992,0.5726816058158875,-0.060704950243234634,0.6228934526443481,0.572125256061554,-0.05874393507838249,0.6924521923065186,0.5759754180908203,-0.050068873912096024,0.5828770399093628,0.5928347110748291,-0.06990130990743637,0.5984166860580444,0.6208625435829163,-0.05600624158978462,0.6275184750556946,0.6173625588417053,-0.0470208115875721,0.6790904998779297,0.6353404521942139,-0.05824047327041626,0.5886646509170532,0.6461958289146423,-0.07640500366687775,0.6001917123794556,0.6647553443908691,-0.07250615209341049,0.6269572377204895,0.6601166129112244,-0.06774310767650604,0.36863213777542114,0.7791693806648254,-3.1875379136181436e-07,0.38963744044303894,0.6930676102638245,-0.014066806063055992,0.410903662443161,0.6054942011833191,-0.027741217985749245,0.4211638867855072,0.5415430068969727,-0.04071452096104622,0.42149558663368225,0.503449022769928,-0.050421036779880524,0.3503182828426361,0.5566564202308655,-0.042925190180540085,0.451593816280365,0.5708200335502625,-0.07775375992059708,0.45028290152549744,0.6176943778991699,-0.09607293456792831,0.418918251991272,0.6255686283111572,-0.1073719784617424,0.3414032459259033,0.6121398210525513,-0.05319123715162277,0.45897573232650757,0.6261090636253357,-0.08294955641031265,0.4475611746311188,0.6662238836288452,-0.08713734149932861,0.41767558455467224,0.6696150898933411,-0.09090971201658249,0.34604087471961975,0.6784570217132568,-0.06482914090156555,0.4559115171432495,0.6860063076019287,-0.09294635057449341,0.4449026584625244,0.7169466018676758,-0.08640442788600922,0.4198566675186157,0.7196516394615173,-0.0808553546667099,0.3577413260936737,0.7472925186157227,-0.07787352055311203,0.4457113742828369,0.7507008910179138,-0.09674300998449326,0.4394877254962921,0.7654298543930054,-0.09285886585712433,0.4170801043510437,0.7683401107788086,-0.08845710754394531
124,0.7124322056770325,0.7423431277275085,-3.587226444778935e-07,0.6817429065704346,0.6632111072540283,-0.01675732433795929,0.6411872506141663,0.5783970952033997,-0.03523944318294525,0.6051728129386902,0.517804741859436,-0.05036742612719536,0.5924992561340332,0.4759305417537689,-0.06150640547275543,0.6855759024620056,0.5210564136505127,-0.04715561866760254,0.5873157978057861,0.5217893123626709,-0.0728270560503006,0.5874730348587036,0.5687580704689026,-0.07703931629657745,0.6121543049812317,0.5815072059631348,-0.07821264863014221,0.6886558532714844,0.5692234635353088,-0.05216303840279579,0.575767457485199,0.5768342614173889,-0.07892680913209915,0.5865907669067383,0.6165902614593506,-0.07378685474395752,0.6147842407226562,0.6201311349868774,-0.06937222182750702,0.6792038679122925,0.6243394017219543,-0.05819927528500557,0.5769293904304504,0.6328767538070679,-0.0813666358590126,0.5903723835945129,0.6649470925331116,-0.0655771791934967,0.6186724901199341,0.6641616821289062,-0.054493919014930725,0.6647140979766846,0.6801202893257141,-0.0654178038239479,0.5857072472572327,0.6899656653404236,-0.08612790703773499,0.5995692610740662,0.7100048661231995,-0.08179205656051636,0.6258062124252319,0.7061537504196167,-0.07589004933834076,0.3518165051937103,0.7591561675071716,-2.1243019432404253e-07,0.3765828609466553,0.6808193922042847,-0.015965981408953667,0.39940792322158813,0.5905178189277649,-0.03245455399155617,0.4178537428379059,0.5275248289108276,-0.04772916063666344,0.43092936277389526,0.4808412790298462,-0.05971068888902664,0.3486936688423157,0.535535454750061,-0.0451536551117897,0.44498273730278015,0.5236736536026001,-0.07874155044555664,0.448481023311615,0.5699707269668579,-0.09407871216535568,0.42169591784477234,0.580712616443634,-0.1036919429898262,0.3436198830604553,0.580532431602478,-0.05403408035635948,0.45826250314712524,0.5745588541030884,-0.08624771237373352,0.44995516538619995,0.6206954121589661,-0.09072494506835938,0.4207690358161926,0.6243376731872559,-0.09426112473011017,0.3509746193885803,0.6352604031562805,-0.06439170986413956,0.4582313001155853,0.6274321675300598,-0.0926416888833046,0.44834211468696594,0.6669634580612183,-0.08493722975254059,0.4227830767631531,0.6716427803039551,-0.07929584383964539,0.36555635929107666,0.6912277936935425,-0.07628300040960312,0.45293620228767395,0.6784754991531372,-0.09358064830303192,0.44366222620010376,0.7054585218429565,-0.0896572545170784,0.41750025749206543,0.7124963402748108,-0.08643856644630432
125,0.7020424604415894,0.7730870246887207,-3.855516581552365e-07,0.6689997315406799,0.6930909156799316,-0.010093744844198227,0.6280274987220764,0.608379602432251,-0.024565914645791054,0.5942124128341675,0.5486034154891968,-0.03795653581619263,0.5871372818946838,0.5067168474197388,-0.049383312463760376,0.6683701872825623,0.5542593002319336,-0.03556618094444275,0.5744003057479858,0.56086266040802,-0.06290709227323532,0.5793544054031372,0.6061604619026184,-0.07287728786468506,0.6047631502151489,0.612873375415802,-0.07762317359447479,0.6738582849502563,0.6034894585609436,-0.04369809105992317,0.569334089756012,0.6184378862380981,-0.07030694931745529,0.5824311971664429,0.6509470343589783,-0.06899797916412354,0.6098870038986206,0.6533210277557373,-0.06711017340421677,0.668109655380249,0.6616347432136536,-0.052845198661088943,0.5696958303451538,0.6775365471839905,-0.0758376196026802,0.5850358009338379,0.705191969871521,-0.06292065232992172,0.6142171621322632,0.7029432654380798,-0.05319735035300255,0.655834436416626,0.7220715284347534,-0.06250251084566116,0.5747882723808289,0.7351399064064026,-0.08017812669277191,0.5914602875709534,0.7522586584091187,-0.07412752509117126,0.6206157207489014,0.7478956580162048,-0.06716588884592056,0.35292375087738037,0.7336536049842834,-1.425661793064137e-07,0.37077581882476807,0.6500183343887329,-0.014893397688865662,0.3946084678173065,0.5609216094017029,-0.031079888343811035,0.41318970918655396,0.49877578020095825,-0.04577844962477684,0.4211740791797638,0.4582035541534424,-0.056357383728027344,0.3470577299594879,0.497431218624115,-0.045451123267412186,0.4446054697036743,0.5010637044906616,-0.07702238112688065,0.44528645277023315,0.5499873757362366,-0.08960951119661331,0.4185144305229187,0.5571581125259399,-0.09725262969732285,0.3409864604473114,0.5424192547798157,-0.053913310170173645,0.4561210870742798,0.5527773499488831,-0.0836482122540474,0.4465217888355255,0.5985260009765625,-0.08535982668399811,0.4197182357311249,0.5997129082679749,-0.0870133489370346,0.348125159740448,0.6009702086448669,-0.06356732547283173,0.4569912850856781,0.6073412299156189,-0.0902949720621109,0.44449639320373535,0.645880937576294,-0.08234758675098419,0.418880820274353,0.6469498872756958,-0.076235830783844,0.3638977110385895,0.6621805429458618,-0.07441199570894241,0.45146068930625916,0.6585445404052734,-0.09042766690254211,0.438215970993042,0.6840715408325195,-0.0864119902253151,0.40971794724464417,0.6875400543212891,-0.08290313929319382
126,0.6992165446281433,0.7509874105453491,-3.7588387158393743e-07,0.6681733131408691,0.6747612953186035,-0.013783099129796028,0.6319856643676758,0.5908091068267822,-0.02942158281803131,0.5993085503578186,0.5282413959503174,-0.0423898845911026,0.5853437781333923,0.4875277876853943,-0.05220084264874458,0.6802646517753601,0.5398988723754883,-0.04481657221913338,0.5787498950958252,0.5365123152732849,-0.07328847050666809,0.5790483951568604,0.5843315720558167,-0.07854339480400085,0.6025956869125366,0.5991032123565674,-0.07849211245775223,0.6839869618415833,0.5864859819412231,-0.04993661120533943,0.5707077980041504,0.5970922708511353,-0.07986416667699814,0.5816065073013306,0.633989691734314,-0.07504569739103317,0.6088334321975708,0.6361104249954224,-0.0697116032242775,0.6744085550308228,0.6406416296958923,-0.05633706599473953,0.571030855178833,0.6484763026237488,-0.08468563109636307,0.5856983065605164,0.6796581149101257,-0.06981905549764633,0.614261269569397,0.6783656477928162,-0.05708199366927147,0.6586477756500244,0.6951270699501038,-0.06305328011512756,0.578545331954956,0.7042602300643921,-0.08539889752864838,0.5923187136650085,0.7263918519020081,-0.08075738698244095,0.6185315847396851,0.7221267819404602,-0.07383287698030472,0.3576507270336151,0.7340052127838135,-1.468445987029554e-07,0.3645292818546295,0.6623954176902771,-0.005311605054885149,0.38670462369918823,0.5762965679168701,-0.02208217792212963,0.4115123450756073,0.5161367654800415,-0.03973110392689705,0.4268401265144348,0.4811854064464569,-0.05495339259505272,0.34084683656692505,0.5435216426849365,-0.047289226204156876,0.40367892384529114,0.4964182376861572,-0.08305304497480392,0.4251106083393097,0.5328354835510254,-0.10067933052778244,0.4156203866004944,0.5578325390815735,-0.10993456095457077,0.33850744366645813,0.5850216746330261,-0.06199801340699196,0.43401429057121277,0.5496205687522888,-0.09191479533910751,0.4371868073940277,0.5899861454963684,-0.09470321238040924,0.41108936071395874,0.6048009395599365,-0.09747098386287689,0.3507665991783142,0.6353987455368042,-0.077020063996315,0.4474480152130127,0.6113280653953552,-0.10049792379140854,0.4426117539405823,0.6435783505439758,-0.09017994999885559,0.4152880609035492,0.6510069966316223,-0.08444735407829285,0.3717745840549469,0.6887038946151733,-0.09246253967285156,0.45046716928482056,0.667197585105896,-0.10355692356824875,0.444172739982605,0.6930178999900818,-0.09299076348543167,0.41798385977745056,0.7006987929344177,-0.0866289809346199
127,0.6963363885879517,0.7123686075210571,-3.07596963011747e-07,0.6687859296798706,0.6173602342605591,-0.009486083872616291,0.6397960782051086,0.5261787176132202,-0.022992124781012535,0.6062467098236084,0.4652562141418457,-0.03434723615646362,0.5992294549942017,0.44329357147216797,-0.04239002615213394,0.6905069351196289,0.47731712460517883,-0.03811169043183327,0.5899105668067932,0.48063045740127563,-0.055670205503702164,0.5930570363998413,0.5240573287010193,-0.055421724915504456,0.617914617061615,0.5323349237442017,-0.05482657626271248,0.6948464512825012,0.5230391025543213,-0.04488084465265274,0.5804983377456665,0.5341050028800964,-0.06591333448886871,0.5936487317085266,0.5695174336433411,-0.06010342761874199,0.6203556060791016,0.5719895958900452,-0.056099895387887955,0.6880171298980713,0.577864408493042,-0.05162440612912178,0.5803340077400208,0.590930700302124,-0.07051829993724823,0.5965023040771484,0.6184710264205933,-0.05725938826799393,0.6257679462432861,0.6176151037216187,-0.048157524317502975,0.6745231747627258,0.6355863213539124,-0.058798205107450485,0.5855793356895447,0.6428734064102173,-0.0749296098947525,0.5976110696792603,0.659399151802063,-0.0713716372847557,0.6245440244674683,0.6561208963394165,-0.0672144964337349,0.3651750385761261,0.7399099469184875,-1.4712945528572163e-07,0.38740819692611694,0.6631344556808472,-0.016466008499264717,0.41960233449935913,0.5976026654243469,-0.03339900076389313,0.444352924823761,0.5535288453102112,-0.049267709255218506,0.4548349976539612,0.5411720871925354,-0.06424500048160553,0.36264869570732117,0.5797367691993713,-0.05036924034357071,0.4583146870136261,0.5899761915206909,-0.07930299639701843,0.4736301898956299,0.6229727864265442,-0.0936562567949295,0.45887336134910583,0.634184718132019,-0.10277117043733597,0.3525451421737671,0.6389208436012268,-0.05904333293437958,0.46386274695396423,0.6527453660964966,-0.08406449109315872,0.470970094203949,0.6821953058242798,-0.08744177222251892,0.4544221758842468,0.6888126134872437,-0.09187562763690948,0.3562266230583191,0.7018280625343323,-0.06849151849746704,0.45444318652153015,0.7117387652397156,-0.09346072375774384,0.46641385555267334,0.7303946614265442,-0.08906274288892746,0.4582730531692505,0.7329040765762329,-0.08602088689804077,0.3684212565422058,0.7586248517036438,-0.07935922592878342,0.4417460560798645,0.7728622555732727,-0.09679625928401947,0.4507274627685547,0.7838363647460938,-0.09311356395483017,0.44279882311820984,0.7854899168014526,-0.09006182849407196
128,0.7168574333190918,0.7267102003097534,-3.775467405375821e-07,0.693385124206543,0.6409966349601746,-0.01775796338915825,0.6546022891998291,0.5543680787086487,-0.03713295981287956,0.6132522821426392,0.4957149028778076,-0.05269857496023178,0.5925403833389282,0.46987929940223694,-0.06503099948167801,0.6945695281028748,0.5038934350013733,-0.05291946977376938,0.5965262055397034,0.4988681972026825,-0.07756307721138,0.5941771864891052,0.5460750460624695,-0.07962509244680405,0.6164296865463257,0.5616235733032227,-0.07956306636333466,0.6968409419059753,0.5535477995872498,-0.05777069181203842,0.5817782282829285,0.5563695430755615,-0.08440148830413818,0.5908473134040833,0.5995388627052307,-0.07796886563301086,0.6184155344963074,0.6057772636413574,-0.07284143567085266,0.6869300603866577,0.6094860434532166,-0.06319895386695862,0.5810698866844177,0.6116412878036499,-0.08750034868717194,0.5937249064445496,0.6476189494132996,-0.07149423658847809,0.6222927570343018,0.650599479675293,-0.06004631519317627,0.6712305545806885,0.664819061756134,-0.0696711465716362,0.5874742269515991,0.6688271760940552,-0.09179995954036713,0.6001428365707397,0.6916295289993286,-0.0871589407324791,0.6267454624176025,0.6921550035476685,-0.08101703226566315,0.35760873556137085,0.7926019430160522,-1.5765832017677894e-07,0.37617766857147217,0.7175270915031433,-0.009718294255435467,0.4026332497596741,0.6390340924263,-0.024908853694796562,0.4279656410217285,0.5827028155326843,-0.0400259755551815,0.4418925940990448,0.5468747615814209,-0.05298894643783569,0.35832706093788147,0.5965840816497803,-0.042598094791173935,0.43271973729133606,0.5754821300506592,-0.07609573006629944,0.4444615840911865,0.608221709728241,-0.09605374932289124,0.4257437288761139,0.6232101321220398,-0.10842273384332657,0.3567160367965698,0.6416375041007996,-0.05369655415415764,0.4561297297477722,0.6367774605751038,-0.08283814042806625,0.4531894624233246,0.666365921497345,-0.09069575369358063,0.42518314719200134,0.6730992197990417,-0.09776318818330765,0.36543023586273193,0.6966366767883301,-0.06513991206884384,0.4638148844242096,0.6948873400688171,-0.08898340910673141,0.45618271827697754,0.7157319188117981,-0.0830431655049324,0.4289761483669281,0.7190902233123779,-0.07964088022708893,0.37968599796295166,0.7534818053245544,-0.07762665301561356,0.45921239256858826,0.7491028308868408,-0.09227129071950912,0.4546942412853241,0.7623997926712036,-0.08644954860210419,0.4319726228713989,0.7648364901542664,-0.08203767985105515
129,0.7123532295227051,0.7873212099075317,-3.9402286233780615e-07,0.6817355751991272,0.6963198781013489,-0.011084434576332569,0.6369830965995789,0.6029294729232788,-0.025983188301324844,0.596048891544342,0.546683669090271,-0.03978737071156502,0.5778778791427612,0.5432280898094177,-0.05065526068210602,0.6769137382507324,0.5672365427017212,-0.03180936723947525,0.5702407956123352,0.5795735120773315,-0.06265692412853241,0.5812229514122009,0.6241139769554138,-0.07518544793128967,0.6115412712097168,0.6252807378768921,-0.08129522949457169,0.6797361969947815,0.6240791082382202,-0.040871359407901764,0.5653619766235352,0.642158567905426,-0.07053779810667038,0.585486888885498,0.6749009490013123,-0.06998241692781448,0.617159366607666,0.6712087988853455,-0.06786631792783737,0.6723783016204834,0.6868481636047363,-0.051600076258182526,0.5684425234794617,0.7040950059890747,-0.07557814568281174,0.587485671043396,0.7302663326263428,-0.0611538328230381,0.6190992593765259,0.7235672473907471,-0.04956704005599022,0.6608428359031677,0.7484136819839478,-0.06351101398468018,0.574421763420105,0.7618985176086426,-0.0789586678147316,0.5926133394241333,0.7764955759048462,-0.07126626372337341,0.6243948936462402,0.769399881362915,-0.06323900818824768,0.3666459918022156,0.7568273544311523,3.459033592889682e-08,0.38575032353401184,0.6774290204048157,-0.014601926319301128,0.40757814049720764,0.5941689610481262,-0.029771599918603897,0.42597657442092896,0.5346450209617615,-0.044034719467163086,0.4358091652393341,0.4902358651161194,-0.055050067603588104,0.35060662031173706,0.5350373983383179,-0.037320591509342194,0.43905338644981384,0.5260818004608154,-0.06839196383953094,0.4490209221839905,0.5643994808197021,-0.08315880596637726,0.4309386610984802,0.5793442726135254,-0.09121853113174438,0.3429623246192932,0.5691052675247192,-0.044667039066553116,0.44861000776290894,0.5649656057357788,-0.07116745412349701,0.4498155117034912,0.6036823391914368,-0.07337699085474014,0.42731133103370667,0.6137890815734863,-0.07446339726448059,0.347788542509079,0.6206967234611511,-0.053993891924619675,0.44900715351104736,0.6124749183654785,-0.07924390584230423,0.445529043674469,0.6493419408798218,-0.07177598029375076,0.42329511046409607,0.6564415097236633,-0.06516984850168228,0.36262524127960205,0.6792422533035278,-0.06441231817007065,0.4461607336997986,0.6670387983322144,-0.08112777769565582,0.44101792573928833,0.6912945508956909,-0.07645305246114731,0.41865870356559753,0.698769748210907,-0.0715736448764801
130,0.7047082781791687,0.7472440004348755,-4.1211200141333393e-07,0.6756380796432495,0.661169707775116,-0.012134203687310219,0.6436114311218262,0.5761202573776245,-0.0280009713023901,0.6091060042381287,0.514409601688385,-0.04138905182480812,0.594939112663269,0.4778969883918762,-0.05183438956737518,0.6938681602478027,0.5286026000976562,-0.043231550604104996,0.5916377305984497,0.5239202380180359,-0.06989327073097229,0.589864194393158,0.568436324596405,-0.07568112760782242,0.6112202405929565,0.5826408863067627,-0.07676798105239868,0.6973375082015991,0.5759751796722412,-0.04878346621990204,0.5827990770339966,0.5844061970710754,-0.07724548131227493,0.5912407040596008,0.6175674200057983,-0.07370717823505402,0.618358850479126,0.6208919286727905,-0.07012401521205902,0.6879541873931885,0.6297069191932678,-0.05512884631752968,0.5832165479660034,0.6392998695373535,-0.08084838837385178,0.5940172672271729,0.6660669445991516,-0.06645435094833374,0.6205970048904419,0.6650058627128601,-0.054777298122644424,0.6714868545532227,0.6822957992553711,-0.06190435215830803,0.5888572335243225,0.6902027130126953,-0.08117526769638062,0.5980284214019775,0.710769772529602,-0.07601988315582275,0.6209443807601929,0.7064496278762817,-0.06962207704782486,0.3492058515548706,0.7634592652320862,-2.2508683628075232e-07,0.37558043003082275,0.6885495185852051,-0.01636793091893196,0.40296733379364014,0.5993576645851135,-0.0339696891605854,0.42414391040802,0.5361552834510803,-0.04994203895330429,0.4264329969882965,0.48831433057785034,-0.06245589628815651,0.34563297033309937,0.5570031404495239,-0.051944781094789505,0.4350473880767822,0.5321872234344482,-0.08907739073038101,0.44198909401893616,0.5766035914421082,-0.10580278187990189,0.41732731461524963,0.5918848514556885,-0.11523331701755524,0.3391304910182953,0.5995755791664124,-0.06073395907878876,0.44949036836624146,0.5851592421531677,-0.09403150528669357,0.444736123085022,0.628369152545929,-0.09733784943819046,0.41762223839759827,0.6332732439041138,-0.10019034892320633,0.3461652100086212,0.6528993844985962,-0.07110068947076797,0.4528951644897461,0.6392256617546082,-0.0997929573059082,0.44282835721969604,0.676082968711853,-0.09122209250926971,0.4157780408859253,0.681345522403717,-0.08552558720111847,0.36242926120758057,0.7075945734977722,-0.0829724669456482,0.44845277070999146,0.694519579410553,-0.10170721262693405,0.4379245936870575,0.7199091911315918,-0.09792198985815048,0.41056492924690247,0.7273160219192505,-0.0949830412864685
131,0.7084243893623352,0.709844708442688,-3.00307561929003e-07,0.6803001165390015,0.6162047982215881,-0.00872543454170227,0.6534168720245361,0.519219160079956,-0.020606059581041336,0.6204941868782043,0.4558314085006714,-0.030421828851103783,0.5995628833770752,0.4374501407146454,-0.037126850336790085,0.6972441077232361,0.4751177430152893,-0.034872010350227356,0.5939531922340393,0.47867801785469055,-0.05264778062701225,0.5998746752738953,0.5253636837005615,-0.054122988134622574,0.626388669013977,0.5309015512466431,-0.05446842685341835,0.6996970176696777,0.519386887550354,-0.04099161550402641,0.5850669741630554,0.5344326496124268,-0.05928850173950195,0.600014865398407,0.5713952779769897,-0.053234804421663284,0.626753568649292,0.5723210573196411,-0.04974452778697014,0.6922467350959778,0.5738465785980225,-0.04709915816783905,0.5864511132240295,0.5906119346618652,-0.06046173721551895,0.6019532084465027,0.6207097768783569,-0.04678205028176308,0.6302967071533203,0.61932373046875,-0.039045996963977814,0.6795861721038818,0.6314659714698792,-0.05412519350647926,0.5919269919395447,0.6464306116104126,-0.06458593904972076,0.6042802333831787,0.6644864678382874,-0.06022851541638374,0.6309205889701843,0.6604271531105042,-0.05643979087471962,0.35872358083724976,0.7916561961174011,-3.0386343041755026e-07,0.375363290309906,0.7072799205780029,-0.01970016583800316,0.40726906061172485,0.6167804598808289,-0.04001636803150177,0.4347895383834839,0.5524362921714783,-0.058273911476135254,0.4401792883872986,0.5278711318969727,-0.07284804433584213,0.3597721755504608,0.572135865688324,-0.06262794137001038,0.4661024212837219,0.5849061608314514,-0.1022794172167778,0.46304214000701904,0.6374954581260681,-0.11839235574007034,0.4319501519203186,0.6445428133010864,-0.1278129667043686,0.3547784388065338,0.6270781755447388,-0.07256772369146347,0.4745945334434509,0.6397668719291687,-0.1085963249206543,0.461084246635437,0.6866608262062073,-0.1099778339266777,0.4324648380279541,0.6871086955070496,-0.11127492785453796,0.3623737692832947,0.6933114528656006,-0.08382506668567657,0.4716169238090515,0.6989564299583435,-0.11557147651910782,0.45712709426879883,0.7367944121360779,-0.10619062930345535,0.4311535656452179,0.737755537033081,-0.09876184165477753,0.37749671936035156,0.7605704665184021,-0.09685257077217102,0.4643433392047882,0.7567580938339233,-0.11582784354686737,0.45067623257637024,0.7779377698898315,-0.11111176759004593,0.4221664369106293,0.7805314064025879,-0.10739624500274658
132,0.7144111394882202,0.7410541772842407,-4.4090091932957876e-07,0.6897496581077576,0.6560879945755005,-0.018113059923052788,0.6488673090934753,0.5697259306907654,-0.03902566432952881,0.6089874505996704,0.5104882121086121,-0.05640840157866478,0.5922542214393616,0.4762275516986847,-0.07027207314968109,0.6914898753166199,0.5153180360794067,-0.05231120437383652,0.5900272130966187,0.5139406323432922,-0.08158579468727112,0.5872490406036377,0.5611320734024048,-0.08740609139204025,0.6097167134284973,0.57514488697052,-0.08858079463243484,0.6959007382392883,0.5637719631195068,-0.05707162618637085,0.576910138130188,0.5777742862701416,-0.08676829934120178,0.5880691409111023,0.6188040971755981,-0.08232709765434265,0.6160754561424255,0.6218088269233704,-0.07762782275676727,0.6873875260353088,0.6199392080307007,-0.06280793249607086,0.5780718326568604,0.6322133541107178,-0.08987914025783539,0.5924698114395142,0.6662933826446533,-0.07467756420373917,0.6209052801132202,0.6665675044059753,-0.06248641386628151,0.6710337996482849,0.6755995750427246,-0.06950239837169647,0.5855576992034912,0.6855494976043701,-0.09244881570339203,0.5968934893608093,0.7079207301139832,-0.08749553561210632,0.6216194033622742,0.7068185806274414,-0.08009462803602219,0.35862040519714355,0.7666675448417664,-4.871293768360374e-08,0.38827791810035706,0.6905423402786255,-0.016446270048618317,0.41250553727149963,0.6013259291648865,-0.03509567305445671,0.42790186405181885,0.5386257767677307,-0.05195290595293045,0.43166375160217285,0.4961242079734802,-0.06513041257858276,0.3457340896129608,0.5498723387718201,-0.050997860729694366,0.43394991755485535,0.5264624953269958,-0.08595270663499832,0.44422128796577454,0.5692062973976135,-0.1007000058889389,0.4271452724933624,0.5880299806594849,-0.10827875137329102,0.3395974934101105,0.5919690132141113,-0.05944395437836647,0.44860705733299255,0.5765005350112915,-0.08981920778751373,0.4480822682380676,0.6200925707817078,-0.09059905260801315,0.423486590385437,0.6309384107589722,-0.09127882868051529,0.3465689718723297,0.645196259021759,-0.06947033852338791,0.4501495361328125,0.6321282386779785,-0.09616949409246445,0.44524139165878296,0.6706817150115967,-0.08522364497184753,0.42122355103492737,0.6774969100952148,-0.07747188955545425,0.3621804714202881,0.699673056602478,-0.08085834234952927,0.4460862874984741,0.6839534044265747,-0.09611202776432037,0.4416893720626831,0.7121273279190063,-0.0883929580450058,0.41966649889945984,0.7196776270866394,-0.08281617611646652
133,0.7069663405418396,0.791759729385376,-3.7373058603407117e-07,0.6789454221725464,0.6986119151115417,-0.011516526341438293,0.638092577457428,0.6027923226356506,-0.0251938309520483,0.5971781015396118,0.545365571975708,-0.038096800446510315,0.5800359845161438,0.5388472080230713,-0.04860089346766472,0.6749646067619324,0.5676791071891785,-0.02967422641813755,0.5747751593589783,0.5761281847953796,-0.06160875782370567,0.5836157202720642,0.621339738368988,-0.07540932297706604,0.6138685941696167,0.6232234239578247,-0.08206051588058472,0.6785681247711182,0.6233065128326416,-0.03785262629389763,0.566506564617157,0.6372774839401245,-0.06870445609092712,0.5831223130226135,0.6716017723083496,-0.06890576332807541,0.6135367155075073,0.6702800393104553,-0.0667874813079834,0.6708436608314514,0.6857973337173462,-0.04810354858636856,0.56653892993927,0.6989472508430481,-0.07357967644929886,0.5845105051994324,0.7268219590187073,-0.059490978717803955,0.6169423460960388,0.7213608622550964,-0.047271087765693665,0.6580387949943542,0.7479730248451233,-0.05956801772117615,0.5700926780700684,0.7562901973724365,-0.07534182071685791,0.587695837020874,0.7728418111801147,-0.06777367740869522,0.6194987297058105,0.7688559293746948,-0.05955120548605919,0.3570547103881836,0.7348230481147766,-1.0664454919151467e-07,0.3796076476573944,0.6493281126022339,-0.016264600679278374,0.40091314911842346,0.5587495565414429,-0.03329721838235855,0.41629430651664734,0.49350136518478394,-0.04868854209780693,0.41618040204048157,0.44827181100845337,-0.06044948473572731,0.3427215814590454,0.5006206035614014,-0.04548243060708046,0.43431413173675537,0.49314236640930176,-0.07753436267375946,0.441069096326828,0.5418082475662231,-0.09082720428705215,0.41724449396133423,0.5517820119857788,-0.0985252857208252,0.3333037793636322,0.5425309538841248,-0.0528474785387516,0.4438531696796417,0.540285587310791,-0.08105538040399551,0.4416032135486603,0.5882998704910278,-0.08193155378103256,0.4163433015346527,0.5919855833053589,-0.08303449302911758,0.33845359086990356,0.598097026348114,-0.06173936650156975,0.4469817280769348,0.5935747623443604,-0.08689368516206741,0.4404842257499695,0.6334736943244934,-0.07842732965946198,0.4146256446838379,0.636428952217102,-0.07227718830108643,0.3531496822834015,0.6564835906028748,-0.07198338210582733,0.4420994222164154,0.6447509527206421,-0.08688253909349442,0.43511369824409485,0.6703997254371643,-0.08206069469451904,0.4085434377193451,0.6769458651542664,-0.07798818498849869
134,0.7022140622138977,0.7438572645187378,-3.904848995262e-07,0.6718077659606934,0.6558110117912292,-0.013929219916462898,0.6412187814712524,0.5689945816993713,-0.03127305209636688,0.6091269850730896,0.5074991583824158,-0.04600899666547775,0.5969200134277344,0.47005748748779297,-0.057026948779821396,0.69871985912323,0.5145584344863892,-0.04300094395875931,0.5953133702278137,0.5036011934280396,-0.07235650718212128,0.593433678150177,0.5474135875701904,-0.07977699488401413,0.6161748766899109,0.5630200505256653,-0.08145716786384583,0.7007705569267273,0.5597452521324158,-0.048766788095235825,0.584542453289032,0.56307053565979,-0.08042071014642715,0.5934720635414124,0.5993251204490662,-0.07812844961881638,0.6213290691375732,0.6042294502258301,-0.07442374527454376,0.6899322271347046,0.6116664409637451,-0.055884093046188354,0.58327716588974,0.6148425936698914,-0.08439530432224274,0.5951370596885681,0.6457508206367493,-0.06952668726444244,0.6238951086997986,0.6463338732719421,-0.05682427063584328,0.6731714010238647,0.6650056838989258,-0.06364886462688446,0.5877069234848022,0.6678017973899841,-0.08536133170127869,0.5971124172210693,0.6928402781486511,-0.08001794666051865,0.621855616569519,0.6914845705032349,-0.07287074625492096,0.36030465364456177,0.7630566954612732,-1.6462504959235957e-07,0.37784677743911743,0.6836581826210022,-0.008296521380543709,0.4001072645187378,0.6018949747085571,-0.022759702056646347,0.4155193269252777,0.5441297292709351,-0.03736807778477669,0.41966524720191956,0.5118120908737183,-0.04984669387340546,0.3449917137622833,0.564162015914917,-0.041906364262104034,0.4039612114429474,0.5273998975753784,-0.07350679486989975,0.41965287923812866,0.5551950335502625,-0.09079726785421371,0.41013261675834656,0.5824099183082581,-0.10037104040384293,0.3410000503063202,0.6049487590789795,-0.053091827780008316,0.43434035778045654,0.5831391215324402,-0.07633112370967865,0.43371957540512085,0.6118884682655334,-0.07956189662218094,0.4083996117115021,0.6296194791793823,-0.08366456627845764,0.3502470552921295,0.658745288848877,-0.06495849788188934,0.44607603549957275,0.6439717411994934,-0.08461897820234299,0.4366748631000519,0.6654191613197327,-0.07798787206411362,0.4092528223991394,0.6760255694389343,-0.0751245841383934,0.3665575683116913,0.7174594402313232,-0.077742800116539,0.44452279806137085,0.7111221551895142,-0.09034190326929092,0.43884050846099854,0.7260993719100952,-0.08405648171901703,0.41597601771354675,0.7325434684753418,-0.07983272522687912
135,0.7117374539375305,0.7197787761688232,-3.1331194350059377e-07,0.6921125650405884,0.6344735026359558,-0.016752492636442184,0.6565860509872437,0.544935941696167,-0.034977756440639496,0.6167351007461548,0.4851156175136566,-0.04952677711844444,0.6037417054176331,0.4613957405090332,-0.059930507093667984,0.7022626399993896,0.49652254581451416,-0.047488223761320114,0.6037900447845459,0.49052467942237854,-0.07325216382741928,0.5992732644081116,0.5375239849090576,-0.07589061558246613,0.6218854784965515,0.5536162257194519,-0.07524077594280243,0.7049586772918701,0.5444027185440063,-0.05150116607546806,0.5900915861129761,0.5525401830673218,-0.07950975000858307,0.5996623635292053,0.5924232602119446,-0.07462295144796371,0.6269720792770386,0.5945903658866882,-0.06940604746341705,0.6946128010749817,0.599445641040802,-0.05636284872889519,0.5889182686805725,0.6050960421562195,-0.08222629129886627,0.6020818948745728,0.6385038495063782,-0.06720224022865295,0.6300495266914368,0.6384163498878479,-0.05498705431818962,0.6774829030036926,0.6539362072944641,-0.06197160854935646,0.5935838222503662,0.6584339141845703,-0.08433903008699417,0.6050503849983215,0.6815844774246216,-0.08047454059123993,0.6308339834213257,0.6806943416595459,-0.07396531105041504,0.3533461391925812,0.7696585655212402,-1.6339124897513102e-07,0.37089070677757263,0.6913829445838928,-0.007952798157930374,0.39607667922973633,0.6036514639854431,-0.022966397926211357,0.4172859489917755,0.5439319014549255,-0.03884703665971756,0.4250675141811371,0.5117655992507935,-0.05274486914277077,0.34541821479797363,0.5664223432540894,-0.03939289227128029,0.4219367504119873,0.5359978079795837,-0.0746733769774437,0.43350204825401306,0.5712890625,-0.09543780982494354,0.41442009806632996,0.5887292623519897,-0.10806666314601898,0.3406101167201996,0.6121333837509155,-0.053146179765462875,0.4413219094276428,0.5872988700866699,-0.08294520527124405,0.4405744969844818,0.6224518418312073,-0.08951770514249802,0.41363799571990967,0.6333127617835999,-0.09507289528846741,0.3476640284061432,0.6670876145362854,-0.0678861066699028,0.44633835554122925,0.6460791230201721,-0.09243953973054886,0.4423080086708069,0.6746229529380798,-0.08524096757173538,0.4163941442966461,0.6815258264541626,-0.080938920378685,0.36320069432258606,0.724483847618103,-0.08368981629610062,0.44449886679649353,0.7028518319129944,-0.09717544168233871,0.440609872341156,0.7233693599700928,-0.08962413668632507,0.4164857864379883,0.732059121131897,-0.08471494168043137
136,0.713339626789093,0.7740843296051025,-3.9236417137544777e-07,0.684215247631073,0.6752458214759827,-0.012437287718057632,0.6445112228393555,0.5828045606613159,-0.02794468030333519,0.6040999889373779,0.5279915928840637,-0.04169910028576851,0.5874507427215576,0.5304868221282959,-0.052409350872039795,0.6892889142036438,0.5608604550361633,-0.03582950681447983,0.5812941789627075,0.5727684497833252,-0.06270729750394821,0.5875293016433716,0.6148413419723511,-0.07092766463756561,0.6166902184486389,0.6160838007926941,-0.07443346083164215,0.6918384432792664,0.6187818646430969,-0.043659623712301254,0.5741762518882751,0.6347506046295166,-0.06997794657945633,0.5896116495132446,0.6659430861473083,-0.06785119324922562,0.6203383207321167,0.6617448329925537,-0.06523288786411285,0.683937132358551,0.6810323596000671,-0.05259571969509125,0.5767459869384766,0.6926823854446411,-0.07423552870750427,0.591393768787384,0.7171187400817871,-0.060971446335315704,0.6219021081924438,0.7116931080818176,-0.05035853385925293,0.6720975637435913,0.7422647476196289,-0.06274769455194473,0.585514485836029,0.7488184571266174,-0.07721816748380661,0.5971784591674805,0.7596011757850647,-0.07123564928770065,0.6249575018882751,0.7536759376525879,-0.06457538157701492,0.3544016480445862,0.735414981842041,-9.354680230444501e-08,0.37688055634498596,0.6468914151191711,-0.014953797683119774,0.4006757140159607,0.5566660165786743,-0.030260775238275528,0.4161140024662018,0.49114805459976196,-0.04405943676829338,0.41530242562294006,0.4494280219078064,-0.05405929312109947,0.34046992659568787,0.5010340213775635,-0.043525248765945435,0.43247315287590027,0.4948904514312744,-0.0722709596157074,0.43810173869132996,0.5444988012313843,-0.08328556269407272,0.4137742817401886,0.5558347702026367,-0.08998781442642212,0.3314390480518341,0.5430806279182434,-0.05101986229419708,0.4409845769405365,0.5409278869628906,-0.07574602961540222,0.4365023672580719,0.5857065320014954,-0.0753973126411438,0.41170158982276917,0.5891540050506592,-0.07637075334787369,0.3373973071575165,0.5996720194816589,-0.059807926416397095,0.44353312253952026,0.5963364839553833,-0.08195219188928604,0.4344894587993622,0.63265061378479,-0.07399293035268784,0.40913957357406616,0.6335628628730774,-0.0690169408917427,0.35303133726119995,0.6595181822776794,-0.06987948715686798,0.44056060910224915,0.6472740173339844,-0.08324050903320312,0.4304431080818176,0.6693503856658936,-0.07894011586904526,0.40313926339149475,0.6745219826698303,-0.07582242786884308
137,0.7027599811553955,0.7332510352134705,-4.0696372138882e-07,0.6773129105567932,0.6466577649116516,-0.013539855368435383,0.6498198509216309,0.5624715685844421,-0.03084227629005909,0.6185672283172607,0.5019713044166565,-0.04508024454116821,0.6056984663009644,0.4616256654262543,-0.05598458647727966,0.7019384503364563,0.508040189743042,-0.047600504010915756,0.6018800735473633,0.503816545009613,-0.07372483611106873,0.6001536250114441,0.5510340929031372,-0.07880609482526779,0.6215779781341553,0.5635312795639038,-0.08004754036664963,0.705897331237793,0.5563456416130066,-0.05338992923498154,0.5917712450027466,0.5648069977760315,-0.08134235441684723,0.6017675995826721,0.5993926525115967,-0.07743660360574722,0.6292546987533569,0.60096275806427,-0.07412057369947433,0.6968417167663574,0.6114796996116638,-0.059794019907712936,0.5916165709495544,0.6200335025787354,-0.08516909182071686,0.604877769947052,0.6473024487495422,-0.07078010588884354,0.6331576704978943,0.6438923478126526,-0.059817202389240265,0.6812008619308472,0.6650347709655762,-0.06670282036066055,0.5970082879066467,0.6714485287666321,-0.0875101089477539,0.6057946681976318,0.6926754713058472,-0.08307016640901566,0.6288069486618042,0.6886399984359741,-0.07715629786252975,0.35577988624572754,0.7546130418777466,-2.4138736876011535e-07,0.3678413927555084,0.6789942383766174,-0.0038237140979617834,0.38637575507164,0.5888044834136963,-0.016387633979320526,0.40669912099838257,0.5253240466117859,-0.03011898137629032,0.4207199513912201,0.48275575041770935,-0.041417445987463,0.3354911506175995,0.5440723896026611,-0.0338948592543602,0.40678244829177856,0.5065863132476807,-0.06434406340122223,0.42251408100128174,0.5457168817520142,-0.08057794719934464,0.40986648201942444,0.5694040060043335,-0.08962144702672958,0.33382073044776917,0.58442223072052,-0.04730583354830742,0.42756783962249756,0.555090069770813,-0.07155708968639374,0.4309476613998413,0.5943734645843506,-0.07535051554441452,0.40904441475868225,0.6124963164329529,-0.07874907553195953,0.3456423580646515,0.6355668306350708,-0.06128575652837753,0.43875786662101746,0.6121984720230103,-0.08018577843904495,0.4364391565322876,0.6427916884422302,-0.07255567610263824,0.4127199351787567,0.6550441980361938,-0.0682082548737526,0.36574670672416687,0.6897873878479004,-0.07587388902902603,0.44110092520713806,0.6688085794448853,-0.08410143107175827,0.43785181641578674,0.6916357278823853,-0.07581795006990433,0.415645569562912,0.7010114192962646,-0.07061256468296051
138,0.7118239998817444,0.7078245282173157,-2.752946386408439e-07,0.6821390390396118,0.6199952363967896,-0.011494206264615059,0.6517986059188843,0.5320557355880737,-0.02757205069065094,0.6187087893486023,0.46803614497184753,-0.04154958575963974,0.6111245155334473,0.4438632130622864,-0.05113515257835388,0.7008717060089111,0.47918546199798584,-0.03798540309071541,0.6017623543739319,0.479168176651001,-0.06030069664120674,0.6036974191665649,0.5283835530281067,-0.062281105667352676,0.6303465366363525,0.5378745794296265,-0.06224878132343292,0.702642560005188,0.5264179706573486,-0.04580295830965042,0.5905742049217224,0.5312735438346863,-0.06970381736755371,0.6019842624664307,0.5735341310501099,-0.06304881721735,0.6294862627983093,0.5767776966094971,-0.05720875784754753,0.693366289138794,0.5820414423942566,-0.054471906274557114,0.5889231562614441,0.5911253690719604,-0.07389006018638611,0.6036580801010132,0.6259865760803223,-0.05739167705178261,0.6336299777030945,0.6260730624198914,-0.0455838218331337,0.6794604659080505,0.6400670409202576,-0.0642811730504036,0.5930373072624207,0.6477984189987183,-0.07898757606744766,0.607147216796875,0.6677735447883606,-0.07328785955905914,0.6355555057525635,0.6671380996704102,-0.06708790361881256,0.34556546807289124,0.7948140501976013,-3.349670123498072e-07,0.36662885546684265,0.7013108134269714,-0.01563551090657711,0.3912230134010315,0.6002837419509888,-0.029707586392760277,0.4074575901031494,0.5326765179634094,-0.04337497055530548,0.41657719016075134,0.5167580842971802,-0.05376387760043144,0.3449140787124634,0.5569563508033752,-0.04030115529894829,0.4499841630458832,0.5732535719871521,-0.0755130872130394,0.44615796208381653,0.6242063045501709,-0.09343509376049042,0.4142495095729828,0.6311357021331787,-0.10493174940347672,0.3390415906906128,0.6152735352516174,-0.05128656327724457,0.457977294921875,0.6304337978363037,-0.0824524536728859,0.44320112466812134,0.6748392581939697,-0.08619160205125809,0.4133673906326294,0.6765629649162292,-0.08920653164386749,0.34458106756210327,0.6840370297431946,-0.06432057172060013,0.453864723443985,0.6909765601158142,-0.09252910315990448,0.44010329246520996,0.7266491055488586,-0.08596967905759811,0.4155406951904297,0.7281412482261658,-0.08026570826768875,0.35806187987327576,0.7556071877479553,-0.07928834110498428,0.4467983543872833,0.748869776725769,-0.09627018868923187,0.43441736698150635,0.7682418823242188,-0.09208851307630539,0.40797528624534607,0.7726117372512817,-0.08826348930597305
139,0.7176370024681091,0.7571940422058105,-4.2820855128411495e-07,0.6926313638687134,0.671866774559021,-0.0132183488458395,0.6466123461723328,0.5877042412757874,-0.031022274866700172,0.6050383448600769,0.5355443954467773,-0.047420863062143326,0.5934683084487915,0.5090746879577637,-0.06150968372821808,0.6887433528900146,0.5520920157432556,-0.04389052838087082,0.5839524269104004,0.5522412657737732,-0.07387877255678177,0.5842967629432678,0.5984004139900208,-0.08325550705194473,0.6120019555091858,0.6081234812736511,-0.08766024559736252,0.6940977573394775,0.6087824702262878,-0.052340518683195114,0.5771122574806213,0.6196156740188599,-0.08216188848018646,0.5903918147087097,0.6557782888412476,-0.08071229606866837,0.6226446628570557,0.6567729711532593,-0.07847987115383148,0.6876202821731567,0.6697593331336975,-0.06156332790851593,0.5789842009544373,0.680953860282898,-0.08738110214471817,0.5937769412994385,0.7101197242736816,-0.0721251592040062,0.6247794032096863,0.7071461081504822,-0.060346100479364395,0.6746484041213989,0.7298773527145386,-0.0716937854886055,0.5859015583992004,0.7425019145011902,-0.09208972752094269,0.5992653369903564,0.7614879012107849,-0.08433064073324203,0.6297917366027832,0.7590827941894531,-0.07554075866937637,0.3569315969944,0.7537528276443481,-8.357607583775462e-08,0.3792479932308197,0.6616541147232056,-0.010340362787246704,0.3997634947299957,0.5715352296829224,-0.025941668078303337,0.41770026087760925,0.5107989311218262,-0.04180083051323891,0.43054085969924927,0.473842054605484,-0.05428517237305641,0.33790040016174316,0.5111859440803528,-0.03928403928875923,0.4287303388118744,0.49812814593315125,-0.06978118419647217,0.43923312425613403,0.5476165413856506,-0.0834425613284111,0.4213024973869324,0.5671698451042175,-0.09087643772363663,0.3301347494125366,0.5571586489677429,-0.049554817378520966,0.43891608715057373,0.5509849190711975,-0.07526502758264542,0.4419965445995331,0.5974504947662354,-0.07672125101089478,0.42043736577033997,0.6112600564956665,-0.07766792923212051,0.33645856380462646,0.6151846051216125,-0.060936339199543,0.4430973529815674,0.6104769706726074,-0.08441071212291718,0.4395085871219635,0.6483842730522156,-0.07709503173828125,0.41505318880081177,0.6561688780784607,-0.0710178092122078,0.3529169261455536,0.6751618385314941,-0.07307253777980804,0.44064998626708984,0.6640534400939941,-0.08539260923862457,0.44024109840393066,0.6884440183639526,-0.07875069230794907,0.4205070436000824,0.6960355639457703,-0.07324504107236862
140,0.7117249369621277,0.7714064121246338,-4.312286705498991e-07,0.6867335438728333,0.6930012702941895,-0.014241516590118408,0.6512017250061035,0.6126300096511841,-0.030430849641561508,0.6158641576766968,0.5501658320426941,-0.043810322880744934,0.6058980822563171,0.5011343359947205,-0.05454650893807411,0.6941151022911072,0.5642483830451965,-0.04826943203806877,0.594812273979187,0.5535575747489929,-0.07756169885396957,0.5917603969573975,0.5936782360076904,-0.08360585570335388,0.6127629280090332,0.6072007417678833,-0.0842367485165596,0.6968164443969727,0.6106215715408325,-0.05295417085289955,0.5832489132881165,0.6165840029716492,-0.08387111127376556,0.5918181538581848,0.650729775428772,-0.080196812748909,0.6185979843139648,0.6537029147148132,-0.07550781220197678,0.6878412961959839,0.6642429828643799,-0.05859062448143959,0.5832557678222656,0.672231137752533,-0.08761496096849442,0.5942808985710144,0.7019143104553223,-0.07327946275472641,0.6212575435638428,0.7013411521911621,-0.06066187471151352,0.6725008487701416,0.7181850075721741,-0.0645589753985405,0.5879451036453247,0.7277253866195679,-0.08761805295944214,0.598150372505188,0.7484601140022278,-0.08326859772205353,0.6226183176040649,0.7447359561920166,-0.0762808620929718,0.353704035282135,0.7583367228507996,-2.3531791271125257e-07,0.37457379698753357,0.6730747818946838,-0.01122823916375637,0.39706864953041077,0.5766996741294861,-0.026122119277715683,0.4136185050010681,0.512122631072998,-0.04095524176955223,0.42189231514930725,0.47041893005371094,-0.052417024970054626,0.3381569981575012,0.5249922275543213,-0.039261650294065475,0.4278801679611206,0.5050143003463745,-0.07289667427539825,0.43598663806915283,0.5518172383308411,-0.08949830383062363,0.4146961569786072,0.5703707337379456,-0.09946247935295105,0.3313448131084442,0.5708470940589905,-0.05062311142683029,0.4402722418308258,0.5578078031539917,-0.08013775199651718,0.4386143982410431,0.6020575761795044,-0.08453565090894699,0.4161192774772644,0.6102966070175171,-0.08824588358402252,0.3394814133644104,0.6291015148162842,-0.06340380758047104,0.44531598687171936,0.6166735887527466,-0.08961837738752365,0.43822890520095825,0.654166042804718,-0.08262592554092407,0.4142394959926605,0.6603930592536926,-0.07781100273132324,0.35773852467536926,0.6903109550476074,-0.07733973115682602,0.4455362856388092,0.6733288168907166,-0.09268270432949066,0.43727585673332214,0.7003202438354492,-0.08752328157424927,0.4118401110172272,0.7090212106704712,-0.08370252698659897
141,0.7062042951583862,0.7317934632301331,-3.340524017403368e-07,0.6721501350402832,0.6373339295387268,-0.008950109593570232,0.6442587375640869,0.553142249584198,-0.022062964737415314,0.6176978349685669,0.491737425327301,-0.033616941422224045,0.6164067387580872,0.4509766101837158,-0.04195747151970863,0.7032116055488586,0.498391330242157,-0.03337571397423744,0.602500319480896,0.49917301535606384,-0.05637815222144127,0.6077728867530823,0.5406055450439453,-0.06313829123973846,0.6338714957237244,0.5482208132743835,-0.0665811076760292,0.7090498805046082,0.5380202531814575,-0.040280766785144806,0.5934585928916931,0.5483285188674927,-0.06396527588367462,0.6056602597236633,0.5830401182174683,-0.06243304908275604,0.6325031518936157,0.5848962664604187,-0.06159847602248192,0.7029395699501038,0.5884482860565186,-0.04772012308239937,0.5925185680389404,0.6011582612991333,-0.06807275861501694,0.6076536774635315,0.6286914944648743,-0.05460246652364731,0.6372906565666199,0.6269282698631287,-0.04554474353790283,0.6895750761032104,0.6449981927871704,-0.05578586086630821,0.5962427854537964,0.6541255116462708,-0.07301707565784454,0.6078388690948486,0.6719487905502319,-0.0682191550731659,0.636049747467041,0.6681092977523804,-0.06274828314781189,0.36770835518836975,0.7970713376998901,-3.1300064051720256e-07,0.3858369290828705,0.7050418853759766,-0.01678857021033764,0.4066529870033264,0.6080150604248047,-0.03266483172774315,0.41725537180900574,0.54106205701828,-0.04776039719581604,0.41468510031700134,0.5167044401168823,-0.059143900871276855,0.3476252257823944,0.5628557205200195,-0.04700515419244766,0.4524371325969696,0.5729051828384399,-0.08491445332765579,0.4499594569206238,0.6241713166236877,-0.10302160680294037,0.4171120226383209,0.6319153308868408,-0.11407666653394699,0.3378363251686096,0.6192647218704224,-0.05796770006418228,0.4579871594905853,0.6334779262542725,-0.09166010469198227,0.4451431334018707,0.6800006031990051,-0.09499534964561462,0.4152390956878662,0.6813821792602539,-0.09749285876750946,0.3421003222465515,0.6884030699729919,-0.07098470628261566,0.4536721408367157,0.696126401424408,-0.10177388042211533,0.442579448223114,0.7346145510673523,-0.09451346844434738,0.41880467534065247,0.7363741397857666,-0.08817803859710693,0.35547733306884766,0.7607855796813965,-0.08589372038841248,0.44761231541633606,0.7583553194999695,-0.10503596067428589,0.4373742938041687,0.7783805727958679,-0.10143904387950897,0.41204121708869934,0.7815718650817871,-0.0978226289153099
142,0.729152500629425,0.7379413843154907,-3.604175446980662e-07,0.7090156674385071,0.6526345014572144,-0.016759498044848442,0.6723644137382507,0.5663228631019592,-0.0368957556784153,0.6342880725860596,0.5086425542831421,-0.053577035665512085,0.6140182018280029,0.47392189502716064,-0.0675785094499588,0.715045154094696,0.518230140209198,-0.057948675006628036,0.610234797000885,0.5133618116378784,-0.08766357600688934,0.6045435070991516,0.5576114654541016,-0.09380265325307846,0.6261540651321411,0.5741214156150818,-0.09581051766872406,0.7172417640686035,0.5677317380905151,-0.06438980996608734,0.5945495367050171,0.5711668133735657,-0.0946623831987381,0.6026613116264343,0.6133697032928467,-0.09058688580989838,0.630689799785614,0.6215181350708008,-0.08694415539503098,0.7065067291259766,0.6250258684158325,-0.07129254192113876,0.5918494462966919,0.6238273978233337,-0.09897162020206451,0.6034151911735535,0.6593102216720581,-0.0831461176276207,0.6331397891044617,0.664668619632721,-0.07150262594223022,0.6881740689277649,0.6832163333892822,-0.07891076058149338,0.597084105014801,0.6823922395706177,-0.10506238788366318,0.6066024303436279,0.7044447064399719,-0.1007336750626564,0.6333752870559692,0.7071903347969055,-0.09400466829538345,0.35392653942108154,0.7883424758911133,-2.2592895732032048e-07,0.3907567858695984,0.6993944644927979,-0.013620764017105103,0.4070453643798828,0.6072468161582947,-0.026733404025435448,0.40980881452560425,0.5418992042541504,-0.03897923231124878,0.40817591547966003,0.49421176314353943,-0.04740087315440178,0.32805877923965454,0.5589760541915894,-0.0370013527572155,0.4209606349468231,0.5466623306274414,-0.0694066733121872,0.42030641436576843,0.591809093952179,-0.08592908084392548,0.3900448679924011,0.5978690981864929,-0.09676254540681839,0.31522876024246216,0.5996872186660767,-0.04556572437286377,0.42787477374076843,0.5957143306732178,-0.07485002279281616,0.41913726925849915,0.6400123834609985,-0.079319529235363,0.3888287842273712,0.6434493660926819,-0.08355190604925156,0.3177243769168854,0.6543256044387817,-0.05591766536235809,0.42372483015060425,0.6521252393722534,-0.08254306763410568,0.416668564081192,0.6913297772407532,-0.07636001706123352,0.3919302821159363,0.6953657865524292,-0.07224547863006592,0.3301004469394684,0.7127620577812195,-0.06776613742113113,0.41656771302223206,0.704764187335968,-0.08501216024160385,0.4107394218444824,0.7304285764694214,-0.08299856632947922,0.3868006467819214,0.7364782691001892,-0.08130793273448944
143,0.7179453372955322,0.7876688241958618,-3.86979166933088e-07,0.6919220685958862,0.6979917883872986,-0.010123169980943203,0.653439998626709,0.6066946983337402,-0.023206571117043495,0.6159204840660095,0.5471810102462769,-0.03583052009344101,0.6022095084190369,0.5327932834625244,-0.04596804827451706,0.694302499294281,0.5669682621955872,-0.02872062474489212,0.5980439186096191,0.5702577829360962,-0.059550508856773376,0.6024735569953918,0.6146544814109802,-0.07261109352111816,0.630983829498291,0.6207473874092102,-0.07884743064641953,0.6992953419685364,0.618995726108551,-0.03735218569636345,0.5906080603599548,0.6300517320632935,-0.06776362657546997,0.6030033826828003,0.6638797521591187,-0.06896115094423294,0.6325204372406006,0.6651647090911865,-0.06747350096702576,0.6922079920768738,0.6782107949256897,-0.04779963195323944,0.5899851322174072,0.6890928745269775,-0.07297401130199432,0.6047358512878418,0.7169027328491211,-0.06003713980317116,0.636093258857727,0.7136531472206116,-0.04857487604022026,0.6791238188743591,0.7377278208732605,-0.05928425118327141,0.5933816432952881,0.7468448877334595,-0.07600037753582001,0.6083055734634399,0.7639734745025635,-0.06993170082569122,0.638931930065155,0.7612089514732361,-0.06247057765722275,0.35174068808555603,0.7498437166213989,-1.976346055698741e-07,0.38045448064804077,0.6515257954597473,-0.010523349046707153,0.39676225185394287,0.56153804063797,-0.02256394922733307,0.40208324790000916,0.49636995792388916,-0.03510814532637596,0.40025365352630615,0.44529980421066284,-0.044186607003211975,0.3344467282295227,0.5073063969612122,-0.02722402662038803,0.41883718967437744,0.49448633193969727,-0.05712148919701576,0.42521414160728455,0.5398918986320496,-0.07264207303524017,0.40088725090026855,0.5473355054855347,-0.0826718807220459,0.3234533667564392,0.5480862855911255,-0.0366380475461483,0.42932432889938354,0.5431584715843201,-0.06190773472189903,0.4265628755092621,0.5871318578720093,-0.06640002131462097,0.39996767044067383,0.5895662307739258,-0.07060229778289795,0.32667672634124756,0.6023626327514648,-0.04805484041571617,0.43119749426841736,0.6018182635307312,-0.07067450881004333,0.42414167523384094,0.6380442976951599,-0.06609639525413513,0.3972201645374298,0.6387621164321899,-0.06332182139158249,0.3405646085739136,0.6602004170417786,-0.06078186631202698,0.4245834946632385,0.6523993015289307,-0.07398536801338196,0.41759446263313293,0.6753125786781311,-0.0718463882803917,0.3901553750038147,0.6795305609703064,-0.07017374783754349
144,0.709200918674469,0.737906813621521,-3.4814075888789375e-07,0.6794073581695557,0.6429113745689392,-0.009588515385985374,0.65301913022995,0.558928906917572,-0.025245029479265213,0.6242544651031494,0.5001058578491211,-0.03914468362927437,0.6116055250167847,0.45439547300338745,-0.05001770704984665,0.7090785503387451,0.4941488206386566,-0.03784904256463051,0.611991822719574,0.4998682737350464,-0.059871405363082886,0.6127303242683411,0.5408909916877747,-0.06421232223510742,0.6352593302726746,0.5497230291366577,-0.06584526598453522,0.7138667106628418,0.5413080453872681,-0.04593339562416077,0.6016952395439148,0.5541337132453918,-0.06857185065746307,0.6130353212356567,0.5871492624282837,-0.06527160108089447,0.6386908292770386,0.5894575119018555,-0.06362961232662201,0.7060236930847168,0.5979208946228027,-0.05448053032159805,0.6008720993995667,0.6091331243515015,-0.07421527057886124,0.6150720715522766,0.6359096765518188,-0.06015507131814957,0.6418352723121643,0.635294497013092,-0.051403116434812546,0.691576361656189,0.6569427251815796,-0.0635622963309288,0.6043578386306763,0.6599307060241699,-0.08116550743579865,0.614662766456604,0.6786776781082153,-0.07628412544727325,0.6391270160675049,0.6760305166244507,-0.07113930583000183,0.34678176045417786,0.7895383238792419,-3.303169648916082e-07,0.36960434913635254,0.7012141346931458,-0.0114466343075037,0.3886261582374573,0.6034507155418396,-0.02504485473036766,0.40331530570983887,0.5361700057983398,-0.03863871470093727,0.41161853075027466,0.49449682235717773,-0.04863074794411659,0.3284202218055725,0.5511093735694885,-0.038545746356248856,0.4224254786968231,0.5339474081993103,-0.07166913151741028,0.42650163173675537,0.5835418105125427,-0.08844611793756485,0.40063855051994324,0.597314178943634,-0.09892329573631287,0.3236613869667053,0.6006065011024475,-0.04990332946181297,0.4361911416053772,0.5955418944358826,-0.07771123945713043,0.42841455340385437,0.6406286954879761,-0.08126320689916611,0.4007631838321686,0.6466491222381592,-0.08468115329742432,0.3318634033203125,0.6625328063964844,-0.06271959096193314,0.43911024928092957,0.6566426753997803,-0.08746391534805298,0.4300149083137512,0.6947059631347656,-0.07986648380756378,0.40618547797203064,0.7008389830589294,-0.07459470629692078,0.3485110104084015,0.7273790836334229,-0.07698817551136017,0.43578004837036133,0.7164034247398376,-0.09179005026817322,0.4271264970302582,0.7410731911659241,-0.08643846958875656,0.40345749258995056,0.7487570643424988,-0.08206220716238022
145,0.7194063067436218,0.7232730388641357,-3.7816238318555406e-07,0.6919896602630615,0.6395376324653625,-0.012550740502774715,0.6597768068313599,0.556329071521759,-0.027239324524998665,0.6281492710113525,0.4951392114162445,-0.04038827121257782,0.6175021529197693,0.45269420742988586,-0.04993404075503349,0.7075783014297485,0.5003032684326172,-0.03609311208128929,0.609519898891449,0.49814653396606445,-0.061410777270793915,0.6050776243209839,0.5482014417648315,-0.06670717895030975,0.6281419396400452,0.5643048882484436,-0.06794945150613785,0.7076468467712402,0.5480066537857056,-0.04219416156411171,0.5964881777763367,0.5553953647613525,-0.06851360946893692,0.604404866695404,0.5957515835762024,-0.06427004188299179,0.631232738494873,0.6003379821777344,-0.0600830540060997,0.6966134309768677,0.6028309464454651,-0.049859628081321716,0.5953653454780579,0.607781708240509,-0.07335145771503448,0.6056613922119141,0.6401488780975342,-0.05941357836127281,0.6322611570358276,0.6428024768829346,-0.04864630475640297,0.6811004281044006,0.6585851907730103,-0.058484356850385666,0.6011880040168762,0.6620853543281555,-0.07786087691783905,0.6103867292404175,0.6794948577880859,-0.07480794191360474,0.6345033049583435,0.6780691742897034,-0.06965135037899017,0.35353001952171326,0.7947967052459717,-2.8811695074182353e-07,0.38425061106681824,0.710416853427887,-0.011487721465528011,0.4031023383140564,0.6147628426551819,-0.02458084188401699,0.4120206832885742,0.5459021329879761,-0.037195391952991486,0.41198429465293884,0.501460075378418,-0.04593783989548683,0.3284061849117279,0.5542435646057129,-0.0369749590754509,0.42509254813194275,0.5498074889183044,-0.0690845474600792,0.4269680380821228,0.6035221815109253,-0.08415994048118591,0.40142834186553955,0.6140241622924805,-0.09341932088136673,0.3192925751209259,0.6035798192024231,-0.047107480466365814,0.4338662028312683,0.6071478724479675,-0.07541978359222412,0.42772966623306274,0.6558213829994202,-0.07791786640882492,0.40353575348854065,0.6608395576477051,-0.07999758422374725,0.3244818449020386,0.664564311504364,-0.058739811182022095,0.4353618621826172,0.6647371649742126,-0.0847422257065773,0.42750272154808044,0.7060399651527405,-0.07741305232048035,0.4049875736236572,0.7111765742301941,-0.07165759801864624,0.33977001905441284,0.7267122268676758,-0.07149495929479599,0.4305211901664734,0.7193306684494019,-0.08745559304952621,0.424082487821579,0.7471624612808228,-0.08343832939863205,0.4015679359436035,0.753662645816803,-0.07955829054117203
146,0.7212412357330322,0.7779172658920288,-3.6300289707469346e-07,0.6955934166908264,0.6871761083602905,-0.01275409385561943,0.6547151803970337,0.5932549238204956,-0.02793620526790619,0.6122836470603943,0.5332541465759277,-0.04132557287812233,0.5919008255004883,0.5227328538894653,-0.051879312843084335,0.6912872791290283,0.5581033229827881,-0.03680817037820816,0.5861098170280457,0.5644472241401672,-0.06768200546503067,0.5945985317230225,0.6082915663719177,-0.07874897122383118,0.6248043775558472,0.610887348651886,-0.08383923768997192,0.6933402419090271,0.613330602645874,-0.044473547488451004,0.5779330730438232,0.6240922808647156,-0.07466450333595276,0.594892144203186,0.6593691110610962,-0.07354424893856049,0.6252843737602234,0.6585559844970703,-0.07103178650140762,0.6844835877418518,0.6751731038093567,-0.053596366196870804,0.5787501335144043,0.6851712465286255,-0.07744534313678741,0.5963931083679199,0.7132446765899658,-0.062187038362026215,0.6277346014976501,0.708494246006012,-0.05008991062641144,0.671625018119812,0.7363340854644775,-0.06400633603334427,0.5835562944412231,0.7421191930770874,-0.07966002076864243,0.5998028516769409,0.7573891878128052,-0.07240865379571915,0.6302794814109802,0.7521858811378479,-0.06472232937812805,0.35663023591041565,0.753330647945404,-2.205046882863826e-07,0.3840782046318054,0.6535763144493103,-0.009928207844495773,0.4023802876472473,0.5591825246810913,-0.021271539852023125,0.411592036485672,0.49527043104171753,-0.033523764461278915,0.417502760887146,0.44903817772865295,-0.0420554056763649,0.3403511643409729,0.5014832615852356,-0.024281146004796028,0.43106725811958313,0.4898683428764343,-0.052496086806058884,0.43497130274772644,0.5372505187988281,-0.06731251627206802,0.412260502576828,0.5477811098098755,-0.07704975455999374,0.331740140914917,0.5464260578155518,-0.033521126955747604,0.4420355260372162,0.5435545444488525,-0.05784495919942856,0.4348292648792267,0.5876582860946655,-0.06177102029323578,0.4104980230331421,0.5908122062683105,-0.06538602709770203,0.33760419487953186,0.6031660437583923,-0.0449281744658947,0.44436147809028625,0.6002923250198364,-0.06650291383266449,0.4338243901729584,0.6372328400611877,-0.06237060949206352,0.4093479514122009,0.6385785937309265,-0.05965644493699074,0.3540324568748474,0.6623232364654541,-0.05766848847270012,0.44174936413764954,0.6518522500991821,-0.06968595087528229,0.43035459518432617,0.6750266551971436,-0.06785743683576584,0.40328121185302734,0.679112434387207,-0.0664253905415535
147,0.7067556381225586,0.7329629063606262,-4.1689912677611574e-07,0.6748038530349731,0.6482711434364319,-0.01195900421589613,0.6459857821464539,0.5644804835319519,-0.02755773440003395,0.6168704032897949,0.504619300365448,-0.040739815682172775,0.6058935523033142,0.46173208951950073,-0.05040957033634186,0.7025044560432434,0.5003859996795654,-0.03997769579291344,0.6049320697784424,0.5006582140922546,-0.06547865271568298,0.603524386882782,0.5435722470283508,-0.07100694626569748,0.6248628497123718,0.5553670525550842,-0.07234199345111847,0.7074925303459167,0.5456885695457458,-0.04623359069228172,0.5941088199615479,0.5608407855033875,-0.07381053268909454,0.6035865545272827,0.5949769616127014,-0.07073304802179337,0.6296248435974121,0.5968713760375977,-0.06772401928901672,0.6991946697235107,0.5990877747535706,-0.053499266505241394,0.5934880971908569,0.611950159072876,-0.07870669662952423,0.6063168048858643,0.6410466432571411,-0.06450098007917404,0.6331853866577148,0.6390374898910522,-0.05357515066862106,0.6849611401557922,0.6541125774383545,-0.06127272918820381,0.6002752184867859,0.6626929640769958,-0.08167026191949844,0.6107382774353027,0.6854140162467957,-0.07698247581720352,0.6347393989562988,0.681270956993103,-0.07093025743961334,0.346663236618042,0.7702535390853882,-2.758265509328339e-07,0.35755637288093567,0.6876254677772522,-0.009305579587817192,0.3795512020587921,0.5931434631347656,-0.024404184892773628,0.40617844462394714,0.5281605124473572,-0.03956185281276703,0.42916250228881836,0.48792633414268494,-0.051260240375995636,0.3362659215927124,0.5405668020248413,-0.0376976914703846,0.42732784152030945,0.5139186978340149,-0.06979496777057648,0.4297259747982025,0.5589056611061096,-0.08619870245456696,0.4054517447948456,0.5763232707977295,-0.09656396508216858,0.3370564579963684,0.5864189267158508,-0.050013527274131775,0.44172120094299316,0.5610113739967346,-0.0781271681189537,0.43705472350120544,0.6040714383125305,-0.08215980976819992,0.4133750796318054,0.6162951588630676,-0.08564700186252594,0.3491578996181488,0.6413339972496033,-0.06329666823148727,0.44749754667282104,0.6191937923431396,-0.08597792685031891,0.4398652911186218,0.6552270650863647,-0.07705490291118622,0.4155696630477905,0.6645168662071228,-0.07144105434417725,0.3687847852706909,0.6976675391197205,-0.07782351970672607,0.44745635986328125,0.6748554110527039,-0.08886739611625671,0.4401424527168274,0.7017639875411987,-0.08091745525598526,0.4166474938392639,0.7109869718551636,-0.0758621022105217
148,0.7091166973114014,0.7048216462135315,-3.0292346764326794e-07,0.6788936257362366,0.6202226281166077,-0.01560086477547884,0.6497731804847717,0.534558117389679,-0.03256897255778313,0.6192783713340759,0.4719036817550659,-0.04661430045962334,0.6120862364768982,0.44337499141693115,-0.05636754259467125,0.7022385001182556,0.4780382812023163,-0.043949250131845474,0.605017364025116,0.4808274507522583,-0.0667114183306694,0.6027593016624451,0.5299490690231323,-0.06687106192111969,0.6270825266838074,0.5417932868003845,-0.06523802876472473,0.7057369947433472,0.5266382694244385,-0.04982101917266846,0.5938352346420288,0.5334917306900024,-0.07596803456544876,0.6015515923500061,0.5765659213066101,-0.06877115368843079,0.6289066076278687,0.5816901922225952,-0.06197730451822281,0.6967840790748596,0.5819883942604065,-0.0567987896502018,0.5913578867912292,0.5926198959350586,-0.0801314115524292,0.6045845150947571,0.6276771426200867,-0.06388264149427414,0.6346188187599182,0.6294931173324585,-0.051326461136341095,0.6827120184898376,0.6385934948921204,-0.0650109052658081,0.597440779209137,0.6483166217803955,-0.08408938348293304,0.6081664562225342,0.6701626777648926,-0.07955913990736008,0.6345328688621521,0.6709398031234741,-0.07337559759616852,0.34926068782806396,0.7980353832244873,-3.0992981692179455e-07,0.3754769265651703,0.7090111374855042,-0.01169685460627079,0.400961309671402,0.6103594899177551,-0.025544358417391777,0.4158286452293396,0.5417346954345703,-0.039125822484493256,0.4168041944503784,0.5094073414802551,-0.04890831932425499,0.3416441082954407,0.5468223094940186,-0.036560699343681335,0.4393589496612549,0.5590136647224426,-0.06885236501693726,0.4378458857536316,0.610281229019165,-0.08524028211832047,0.410256564617157,0.6182786226272583,-0.09584983438253403,0.3352513611316681,0.5982305407524109,-0.047846198081970215,0.4479615390300751,0.6138772368431091,-0.07612168043851852,0.43813657760620117,0.6584630608558655,-0.07912708073854446,0.4117811322212219,0.662667453289032,-0.08196520060300827,0.3399231731891632,0.6619583368301392,-0.06068257987499237,0.44781991839408875,0.6715919375419617,-0.08675259351730347,0.4375206530094147,0.7100828289985657,-0.07871474325656891,0.4145064055919647,0.7139222025871277,-0.07243383675813675,0.35363709926605225,0.7292600870132446,-0.07487846910953522,0.44395408034324646,0.7258678674697876,-0.09030750393867493,0.4356938302516937,0.7496548295021057,-0.08474402874708176,0.41165024042129517,0.7546656727790833,-0.07990624755620956
149,0.7195898294448853,0.7529112100601196,-3.695235193390545e-07,0.6840815544128418,0.6621037721633911,-0.011775925755500793,0.6395352482795715,0.5709519386291504,-0.024445610120892525,0.6017749905586243,0.5157378911972046,-0.035902976989746094,0.5931267738342285,0.5214565992355347,-0.0449201799929142,0.687582790851593,0.5494595170021057,-0.02658935822546482,0.5860471725463867,0.56240314245224,-0.051985543221235275,0.592764675617218,0.6033264994621277,-0.0628061294555664,0.6221242547035217,0.6042662858963013,-0.06868018954992294,0.6949272155761719,0.6092275381088257,-0.03366680070757866,0.5814070105552673,0.6254405379295349,-0.05671150982379913,0.5962942242622375,0.6519155502319336,-0.05646790936589241,0.6266380548477173,0.6442241072654724,-0.05555175989866257,0.6902092099189758,0.6718180179595947,-0.04231489822268486,0.586414635181427,0.6849796175956726,-0.06060037761926651,0.6001613736152649,0.7046098709106445,-0.04897071793675423,0.6301360726356506,0.6960474848747253,-0.03991974517703056,0.6808505058288574,0.7316431999206543,-0.052331484854221344,0.5942813158035278,0.7419742345809937,-0.06425229460000992,0.6065847873687744,0.7509288191795349,-0.058196842670440674,0.6352898478507996,0.7432994246482849,-0.05187401920557022,0.36176830530166626,0.7533595561981201,-1.4237673440220533e-07,0.38481730222702026,0.6557279825210571,-0.010962561704218388,0.4022757112979889,0.5629276037216187,-0.024502960965037346,0.41416019201278687,0.49722903966903687,-0.03839338570833206,0.41988605260849,0.45246970653533936,-0.04852268844842911,0.34727004170417786,0.501554012298584,-0.03025863878428936,0.4368545114994049,0.4910867214202881,-0.05898815393447876,0.44087231159210205,0.5421537756919861,-0.07265949994325638,0.4193078875541687,0.5555099248886108,-0.08134643733501434,0.3389689326286316,0.5435729026794434,-0.039256155490875244,0.4457564055919647,0.5420512557029724,-0.0642794668674469,0.44183576107025146,0.5881843566894531,-0.06699449568986893,0.41909804940223694,0.5931552052497864,-0.06947275996208191,0.3454000949859619,0.5996612906455994,-0.049961116164922714,0.4508938193321228,0.5956557989120483,-0.07225437462329865,0.44319814443588257,0.6347467303276062,-0.06538038700819016,0.419933557510376,0.6374117136001587,-0.06044292077422142,0.36215075850486755,0.6589033603668213,-0.061794523149728775,0.448818564414978,0.6472499966621399,-0.07406260818243027,0.44098544120788574,0.6722363829612732,-0.06947024166584015,0.41662460565567017,0.676102876663208,-0.06576867401599884
150,0.7033560872077942,0.7331876754760742,-4.439631879904482e-07,0.6784678101539612,0.6461390852928162,-0.014637833461165428,0.6529955863952637,0.5581928491592407,-0.03224574029445648,0.6245741248130798,0.49643245339393616,-0.0464218445122242,0.6115218997001648,0.45304378867149353,-0.057714443653821945,0.7083072066307068,0.5049725770950317,-0.051246389746665955,0.6071833968162537,0.5069549679756165,-0.07829788327217102,0.6053048372268677,0.5519223213195801,-0.08365636318922043,0.6262032985687256,0.5654779076576233,-0.08457425236701965,0.7134059071540833,0.5533850789070129,-0.05645611509680748,0.5976495146751404,0.5675846934318542,-0.08484771847724915,0.6047109961509705,0.6025856137275696,-0.08099154382944107,0.6308621168136597,0.6057841777801514,-0.07782191038131714,0.7036083936691284,0.609893262386322,-0.062174782156944275,0.5960902571678162,0.6177016496658325,-0.0897645652294159,0.6061999797821045,0.6462459564208984,-0.07552286237478256,0.633151650428772,0.6455299258232117,-0.06412424892187119,0.6859050393104553,0.6657678484916687,-0.06809075176715851,0.6018957495689392,0.6695681810379028,-0.09088035672903061,0.6093151569366455,0.6910780668258667,-0.08621612936258316,0.6321703791618347,0.6880722641944885,-0.07983911037445068,0.35298168659210205,0.7665462493896484,-2.7683202574735333e-07,0.36979323625564575,0.6822738647460938,-0.010700362734496593,0.3924494683742523,0.5892489552497864,-0.02716190740466118,0.4154190421104431,0.5251449346542358,-0.043498460203409195,0.4323800206184387,0.4880349636077881,-0.056422337889671326,0.3415902853012085,0.5366115570068359,-0.0417894572019577,0.43534281849861145,0.5128975510597229,-0.07507318258285522,0.4369468688964844,0.561288058757782,-0.09188732504844666,0.41082441806793213,0.5765655636787415,-0.10261616855859756,0.34101974964141846,0.5841609239578247,-0.053858432918787,0.45110583305358887,0.5650390982627869,-0.08300210535526276,0.44454917311668396,0.6092760562896729,-0.0872395858168602,0.4179157018661499,0.6179338097572327,-0.0911724716424942,0.35271042585372925,0.6405388116836548,-0.06678809225559235,0.4554785490036011,0.6222547292709351,-0.09016446024179459,0.4463408589363098,0.6591640114784241,-0.08102881908416748,0.42018309235572815,0.6664429306983948,-0.07546690106391907,0.37220078706741333,0.6972289681434631,-0.0810171440243721,0.4532054662704468,0.6762749552726746,-0.09254221618175507,0.445806086063385,0.7026453018188477,-0.08457627147436142,0.421897828578949,0.7097721099853516,-0.07951577752828598
151,0.7203152775764465,0.7066064476966858,-2.595276953343273e-07,0.6950364112854004,0.6161346435546875,-0.012309875339269638,0.6696353554725647,0.5192030072212219,-0.027505014091730118,0.6382639408111572,0.451310932636261,-0.03994905576109886,0.619148850440979,0.4372776746749878,-0.04880836606025696,0.7149581909179688,0.47194987535476685,-0.041942354291677475,0.6129921674728394,0.46870580315589905,-0.06316868960857391,0.6150872111320496,0.5193243026733398,-0.06449964642524719,0.6426982283592224,0.530093789100647,-0.06450621038675308,0.7170255184173584,0.5190609693527222,-0.048626791685819626,0.6026763916015625,0.5215132832527161,-0.07054207473993301,0.6137813329696655,0.5654152035713196,-0.0634792223572731,0.6415554285049438,0.5700771808624268,-0.058281414210796356,0.7074992656707764,0.5761752128601074,-0.05589006468653679,0.6012307405471802,0.5826394557952881,-0.07332323491573334,0.6151387691497803,0.6188616156578064,-0.058565881103277206,0.6457633972167969,0.61994469165802,-0.04907911643385887,0.6936629414558411,0.63528972864151,-0.0642734095454216,0.6039184331893921,0.6428529620170593,-0.07778508961200714,0.6151524186134338,0.6649353504180908,-0.07363331317901611,0.6426913142204285,0.6653063297271729,-0.06954210996627808,0.34750229120254517,0.8000949025154114,-3.233982965866744e-07,0.3654175102710724,0.7083714008331299,-0.010428027249872684,0.3950616121292114,0.6086992621421814,-0.02474697306752205,0.4181658923625946,0.5400980710983276,-0.03885004296898842,0.4247957766056061,0.520961582660675,-0.04943517968058586,0.3431773781776428,0.5545177459716797,-0.041001517325639725,0.445962518453598,0.5661020278930664,-0.07386511564254761,0.4453883469104767,0.6185901165008545,-0.08962254226207733,0.4157732427120209,0.6283087134361267,-0.09973915666341782,0.34060385823249817,0.6086501479148865,-0.05409419164061546,0.4571143686771393,0.6183465719223022,-0.08167369663715363,0.44661009311676025,0.6651034951210022,-0.08291256427764893,0.41785383224487305,0.6690526604652405,-0.08491784334182739,0.3479650914669037,0.6741841435432434,-0.0682777538895607,0.4569871425628662,0.6748988032341003,-0.09389739483594894,0.4450052082538605,0.7150426506996155,-0.08494839817285538,0.42013493180274963,0.7189449071884155,-0.07838279008865356,0.36277633905410767,0.7426667809486389,-0.0836486741900444,0.4517177939414978,0.7336386442184448,-0.09784819930791855,0.43987032771110535,0.7580354809761047,-0.09104213863611221,0.4130694270133972,0.7634856700897217,-0.08592110127210617
152,0.719425618648529,0.7325931787490845,-4.4075602545490256e-07,0.7016100883483887,0.6445773839950562,-0.01699848100543022,0.6688841581344604,0.5541180372238159,-0.03438522666692734,0.6309646368026733,0.4914899170398712,-0.048364683985710144,0.6152278184890747,0.4522247314453125,-0.05859161540865898,0.7139545679092407,0.499468594789505,-0.04589669778943062,0.6201727986335754,0.4902346730232239,-0.06958082318305969,0.6154862642288208,0.5370700359344482,-0.07182639092206955,0.6367508769035339,0.5525044202804565,-0.07197853922843933,0.7156159281730652,0.5472800731658936,-0.050509534776210785,0.6034573912620544,0.5475746989250183,-0.07748164981603622,0.6108681559562683,0.5892204642295837,-0.07275412976741791,0.6386349201202393,0.594987154006958,-0.06834756582975388,0.7047568559646606,0.6028791069984436,-0.05608527734875679,0.6004669666290283,0.6027447581291199,-0.08199085295200348,0.613261342048645,0.6367396712303162,-0.0687229111790657,0.6431134939193726,0.6391375660896301,-0.05839620903134346,0.6878927946090698,0.6587058901786804,-0.0624680295586586,0.6057178378105164,0.6603918075561523,-0.08658265322446823,0.6180233359336853,0.6827921867370605,-0.08435481786727905,0.6451312899589539,0.6834887266159058,-0.07933425158262253,0.35115739703178406,0.7775886058807373,-1.2231788559802226e-07,0.37352073192596436,0.6928558945655823,-0.009988781064748764,0.3982405364513397,0.6011601090431213,-0.026030629873275757,0.4183366596698761,0.5376057624816895,-0.04198248311877251,0.43257442116737366,0.4986468553543091,-0.054510362446308136,0.33924636244773865,0.54593425989151,-0.04048679396510124,0.4274807572364807,0.5241038799285889,-0.07262187451124191,0.43907126784324646,0.5718042850494385,-0.08843585103750229,0.42251765727996826,0.5937756896018982,-0.09740336984395981,0.334145188331604,0.5890666246414185,-0.05153628811240196,0.440746009349823,0.5783788561820984,-0.0762408971786499,0.4429745674133301,0.6204854846000671,-0.07831498980522156,0.42195069789886475,0.6320973038673401,-0.08110552281141281,0.34161943197250366,0.6448115706443787,-0.06364049762487411,0.44470450282096863,0.6373842358589172,-0.08529311418533325,0.4415341019630432,0.6723628640174866,-0.07613217830657959,0.41875529289245605,0.6800805330276489,-0.07057758420705795,0.3581131100654602,0.7026926875114441,-0.07678789645433426,0.44162121415138245,0.6923591494560242,-0.0879269391298294,0.43932127952575684,0.7190796732902527,-0.07949106395244598,0.4188005328178406,0.7272692918777466,-0.07375689595937729
153,0.7208670973777771,0.7895972728729248,-4.350583822088083e-07,0.6866223216056824,0.696771502494812,-0.009586464613676071,0.6494919061660767,0.6025826930999756,-0.023449156433343887,0.617596447467804,0.541467010974884,-0.03670725226402283,0.6067531108856201,0.52593594789505,-0.04757503792643547,0.70366370677948,0.5692712068557739,-0.028743945062160492,0.5999058485031128,0.5737003684043884,-0.05867858976125717,0.6063723564147949,0.619012176990509,-0.07296650111675262,0.6356563568115234,0.6245880126953125,-0.08072943985462189,0.708189845085144,0.6254253387451172,-0.03830892965197563,0.5934304594993591,0.6345929503440857,-0.06499737501144409,0.6079771518707275,0.666816234588623,-0.06639515608549118,0.6379134654998779,0.6677970886230469,-0.06675467640161514,0.700569748878479,0.686215341091156,-0.049377601593732834,0.595455527305603,0.6927468180656433,-0.07171732187271118,0.6104786992073059,0.7190733551979065,-0.059278011322021484,0.6411911845207214,0.7155474424362183,-0.04974384605884552,0.6868454813957214,0.747023344039917,-0.061433129012584686,0.6014129519462585,0.7535960674285889,-0.07709036022424698,0.6180806756019592,0.7689638733863831,-0.07020382583141327,0.6508334279060364,0.7645586133003235,-0.06276153028011322,0.36798444390296936,0.7321053743362427,-8.742000545680639e-08,0.3918445408344269,0.6277730464935303,-0.009641321375966072,0.40756022930145264,0.5341430902481079,-0.02143258973956108,0.4165560007095337,0.4692479968070984,-0.03333886340260506,0.4161798357963562,0.4275030195713043,-0.041643619537353516,0.3454631567001343,0.48472851514816284,-0.02953122742474079,0.4351728856563568,0.4701905846595764,-0.055392827838659286,0.44324183464050293,0.5176867246627808,-0.06640991568565369,0.42120838165283203,0.5282173752784729,-0.0734134092926979,0.3376487195491791,0.5240325331687927,-0.03808017075061798,0.4442306160926819,0.5164034962654114,-0.0609283410012722,0.4442760944366455,0.559934139251709,-0.06260176002979279,0.4197177588939667,0.5630876421928406,-0.06457744538784027,0.3436375856399536,0.5773868560791016,-0.047833871096372604,0.4470808506011963,0.5691543221473694,-0.06852742284536362,0.44216978549957275,0.6060651540756226,-0.06205115467309952,0.41688624024391174,0.6070712804794312,-0.05769122391939163,0.3591316044330597,0.6337433457374573,-0.058393850922584534,0.44177061319351196,0.6209412813186646,-0.07019146531820297,0.4362429976463318,0.645577073097229,-0.06598301976919174,0.41095975041389465,0.6494366526603699,-0.062611885368824
154,0.7163894772529602,0.7388923168182373,-3.431294146594155e-07,0.6994406580924988,0.6515747308731079,-0.017347974702715874,0.6700607538223267,0.5663354396820068,-0.037207283079624176,0.6310029625892639,0.5043191313743591,-0.05304271727800369,0.6101410984992981,0.45789703726768494,-0.06578550487756729,0.7194390892982483,0.5125762820243835,-0.0524686761200428,0.6159973740577698,0.4956517815589905,-0.08078460395336151,0.6104606986045837,0.5413714051246643,-0.08697471022605896,0.6313374638557434,0.561343252658844,-0.08856354653835297,0.7191086411476135,0.5586000084877014,-0.0561310276389122,0.6017590761184692,0.5558474659919739,-0.08528923243284225,0.6108112335205078,0.5952982306480408,-0.08193225413560867,0.6383363604545593,0.6027340292930603,-0.0790509581565857,0.7064157724380493,0.6121737957000732,-0.06063074991106987,0.6006202101707458,0.6085216999053955,-0.08849238604307175,0.6145271062850952,0.6404063105583191,-0.07373812049627304,0.6436149477958679,0.6434316635131836,-0.06253094226121902,0.6875935792922974,0.6652624607086182,-0.06559154391288757,0.6047661900520325,0.660388708114624,-0.09086035937070847,0.615938127040863,0.6856973767280579,-0.08694621920585632,0.6412317752838135,0.6872865557670593,-0.08082499355077744,0.35776108503341675,0.7532647848129272,-2.798808793613716e-07,0.38199663162231445,0.6679971218109131,-0.01130027323961258,0.39875727891921997,0.5697755813598633,-0.024694185703992844,0.40891721844673157,0.5032628774642944,-0.03799544274806976,0.41681066155433655,0.45746660232543945,-0.04758373647928238,0.3343653082847595,0.5245953798294067,-0.03851518779993057,0.41867321729660034,0.4991435408592224,-0.0701301246881485,0.42999687790870667,0.5477328300476074,-0.08427387475967407,0.4112142324447632,0.5661290287971497,-0.09237001836299896,0.3280099928379059,0.5695846676826477,-0.048721373081207275,0.4347502291202545,0.5532774925231934,-0.07638182491064072,0.43209272623062134,0.5983120799064636,-0.07921597361564636,0.4061962962150574,0.6091617345809937,-0.08130155503749847,0.33552175760269165,0.6254633069038391,-0.060306526720523834,0.4396319091320038,0.6145985126495361,-0.08539728820323944,0.433432012796402,0.6521027684211731,-0.07875403016805649,0.40857550501823425,0.6581215858459473,-0.07373951375484467,0.3526582419872284,0.6833340525627136,-0.07296121120452881,0.44042760133743286,0.6707003116607666,-0.08749892562627792,0.4336801767349243,0.6984023451805115,-0.08255257457494736,0.4089718461036682,0.7066364288330078,-0.07860658317804337
155,0.7189652919769287,0.7035840749740601,-3.761036850846722e-07,0.6900491714477539,0.6188754439353943,-0.010548085905611515,0.6621195077896118,0.5325944423675537,-0.02376089245080948,0.6335651874542236,0.47103601694107056,-0.0351114347577095,0.622603714466095,0.42464202642440796,-0.04235658422112465,0.7125997543334961,0.4640633463859558,-0.032798171043395996,0.6193508505821228,0.4718790352344513,-0.052736204117536545,0.6185812950134277,0.5206407308578491,-0.05506043881177902,0.6429558992385864,0.5324912071228027,-0.05576404929161072,0.7175692915916443,0.507551372051239,-0.039930351078510284,0.6067659854888916,0.5231996774673462,-0.060847390443086624,0.6159216165542603,0.5649585723876953,-0.055502261966466904,0.6425361037254333,0.5692091584205627,-0.05175139755010605,0.7108632922172546,0.5617509484291077,-0.04811060056090355,0.6064709424972534,0.5767877697944641,-0.06813278794288635,0.6188967227935791,0.6123048663139343,-0.05408336594700813,0.6468295454978943,0.6138002872467041,-0.04463360831141472,0.698697566986084,0.6190923452377319,-0.05721592158079147,0.6131948232650757,0.6320974826812744,-0.07636062800884247,0.6211980581283569,0.6558156609535217,-0.07370758801698685,0.6448318958282471,0.6566232442855835,-0.0693574771285057,0.3575406074523926,0.7909388542175293,-2.813838193560514e-07,0.3781205415725708,0.7075482606887817,-0.012119179591536522,0.3954133093357086,0.6134231090545654,-0.0257792416960001,0.4092816114425659,0.55014967918396,-0.039192795753479004,0.4191763997077942,0.5079495310783386,-0.04906404763460159,0.3273240327835083,0.5596829652786255,-0.03918839246034622,0.4251468777656555,0.5436151027679443,-0.07101528346538544,0.4301961064338684,0.5929625034332275,-0.08691415935754776,0.405082643032074,0.6075373291969299,-0.09676812589168549,0.3214162588119507,0.6097341775894165,-0.049373652786016464,0.43811750411987305,0.6057590842247009,-0.07669928669929504,0.4309270679950714,0.651697039604187,-0.07982020080089569,0.4043193757534027,0.6601073741912842,-0.08279063552618027,0.32997068762779236,0.6718295216560364,-0.06087349355220795,0.4407331347465515,0.6634439826011658,-0.08530028164386749,0.4333150386810303,0.7026454210281372,-0.0774851068854332,0.4113466739654541,0.710914134979248,-0.07182906568050385,0.3470316231250763,0.7359694242477417,-0.07385233044624329,0.43862810730934143,0.7217919826507568,-0.08844969421625137,0.43209654092788696,0.7469121813774109,-0.08313608914613724,0.4101359248161316,0.7559012174606323,-0.07860849052667618
156,0.7234532833099365,0.6931467056274414,-4.254764576216985e-07,0.6979283094406128,0.6145271062850952,-0.011418147943913937,0.6707664132118225,0.5234906673431396,-0.025107165798544884,0.6406549215316772,0.4580010175704956,-0.03671721741557121,0.6273816227912903,0.4372885823249817,-0.04433591291308403,0.7269203066825867,0.4634155035018921,-0.03914651274681091,0.6280568242073059,0.4577862024307251,-0.06364799290895462,0.6255610585212708,0.5096855759620667,-0.06581833213567734,0.6513203382492065,0.5252741575241089,-0.0651131123304367,0.7321892380714417,0.5104323029518127,-0.0465247668325901,0.6177394986152649,0.5162633061408997,-0.07367673516273499,0.6275901198387146,0.5604210495948792,-0.06791120767593384,0.6562936305999756,0.5652819871902466,-0.06198030337691307,0.7236788868904114,0.5657298564910889,-0.05494904890656471,0.6148754358291626,0.5745992660522461,-0.07916244864463806,0.6306360363960266,0.6112438440322876,-0.06418763846158981,0.6620603799819946,0.6111565828323364,-0.052255403250455856,0.7094587683677673,0.6228921413421631,-0.0642055794596672,0.6196206212043762,0.6294368505477905,-0.08342601358890533,0.6316152811050415,0.6547607183456421,-0.07916593551635742,0.659641444683075,0.6553588509559631,-0.07323828339576721,0.3597836196422577,0.7878114581108093,-2.2833181390069512e-07,0.3814052939414978,0.7031015157699585,-0.011966424062848091,0.3956710994243622,0.6087133884429932,-0.025372184813022614,0.4049830436706543,0.5441910624504089,-0.03843165189027786,0.4088059663772583,0.5021112561225891,-0.04808343946933746,0.32346096634864807,0.5615630149841309,-0.038414206355810165,0.4209911823272705,0.5441221594810486,-0.07061842083930969,0.4276387095451355,0.5916431546211243,-0.08703547716140747,0.4032122492790222,0.60506671667099,-0.0974188819527626,0.3177529573440552,0.6112611293792725,-0.048117756843566895,0.4344300925731659,0.6001973152160645,-0.07684795558452606,0.43108880519866943,0.6433118581771851,-0.08111599087715149,0.40743279457092285,0.6507859230041504,-0.08511672168970108,0.3268194794654846,0.6701911091804504,-0.05916658416390419,0.4377100467681885,0.6590784192085266,-0.08501464873552322,0.43195006251335144,0.6962127685546875,-0.0785892978310585,0.41069167852401733,0.7023909687995911,-0.07389312982559204,0.3450676500797272,0.7290100455284119,-0.07150442153215408,0.4357866942882538,0.7115942239761353,-0.0871317982673645,0.4310203492641449,0.7357132434844971,-0.08357995003461838,0.4092920422554016,0.7436698079109192,-0.08061732351779938
157,0.7284001111984253,0.7371540665626526,-4.1739141920515976e-07,0.7066009640693665,0.6492502689361572,-0.014293458312749863,0.6776900291442871,0.5653969049453735,-0.03207336366176605,0.6457927227020264,0.511462926864624,-0.04788876324892044,0.6295508146286011,0.49340659379959106,-0.060756050050258636,0.7299941182136536,0.5341744422912598,-0.04897484928369522,0.6306294798851013,0.5239322185516357,-0.07577846944332123,0.6280444860458374,0.5637596845626831,-0.08037591725587845,0.6516623497009277,0.581584632396698,-0.08145023137331009,0.7352827191352844,0.5881918668746948,-0.056479159742593765,0.6168148517608643,0.58689284324646,-0.08459401875734329,0.6279477477073669,0.6187873482704163,-0.08212504535913467,0.6572908163070679,0.6244035959243774,-0.07924351841211319,0.7284718155860901,0.6475096344947815,-0.06427887082099915,0.6154547333717346,0.6430801153182983,-0.08929108083248138,0.6325231194496155,0.6681421995162964,-0.07529524713754654,0.6654958724975586,0.6688236594200134,-0.06444675475358963,0.7155231237411499,0.7072480320930481,-0.07278759777545929,0.6238635778427124,0.7050507664680481,-0.09413379430770874,0.6384143829345703,0.719087541103363,-0.088880755007267,0.6712475419044495,0.7181047201156616,-0.08190898597240448,0.34820932149887085,0.7532166838645935,-1.8786174393881083e-07,0.36680957674980164,0.6598532199859619,-0.009369179606437683,0.3831571340560913,0.5706937909126282,-0.022202372550964355,0.3963540196418762,0.512024462223053,-0.03597961738705635,0.4093457758426666,0.4743445813655853,-0.046733561903238297,0.33149176836013794,0.5141869187355042,-0.027439728379249573,0.4191901683807373,0.49415111541748047,-0.05833153799176216,0.4281126856803894,0.5367310047149658,-0.07633139938116074,0.40496718883514404,0.5483353137969971,-0.08808854222297668,0.32475709915161133,0.55537348985672,-0.038105517625808716,0.43261680006980896,0.5438722968101501,-0.06418807804584503,0.4304347634315491,0.586243748664856,-0.0693691149353981,0.4036436975002289,0.5917522311210632,-0.0738743394613266,0.3311671018600464,0.6098194122314453,-0.05068954825401306,0.43701615929603577,0.5987187027931213,-0.0742276981472969,0.43070340156555176,0.6327819228172302,-0.06922367960214615,0.4043115973472595,0.6372175812721252,-0.06568507105112076,0.34595924615859985,0.6676497459411621,-0.06455067545175552,0.4306735694408417,0.6521790027618408,-0.07793018221855164,0.42504775524139404,0.6737579107284546,-0.07428643852472305,0.40011394023895264,0.6805248260498047,-0.07133324444293976
158,0.721581757068634,0.7743605375289917,-2.85600521010565e-07,0.706371545791626,0.6818268299102783,-0.010309780016541481,0.6816903352737427,0.5894544124603271,-0.027102531865239143,0.6507395505905151,0.5244157314300537,-0.04239572212100029,0.6304069757461548,0.5149794816970825,-0.055278878659009933,0.7225133776664734,0.5665956735610962,-0.04470375180244446,0.6225703954696655,0.5479801893234253,-0.07151097059249878,0.6259405016899109,0.5869675874710083,-0.0776384025812149,0.6518737077713013,0.5974017381668091,-0.07990305125713348,0.7256661653518677,0.6183847784996033,-0.053588688373565674,0.6120525002479553,0.6069021224975586,-0.08110218495130539,0.6257903575897217,0.6374423503875732,-0.07938458025455475,0.654363751411438,0.6417712569236755,-0.07731255888938904,0.7162029147148132,0.6751897931098938,-0.06238637864589691,0.6098170280456543,0.6654391288757324,-0.08340886980295181,0.6274154186248779,0.6906207203865051,-0.06894876807928085,0.6602787375450134,0.6910720467567444,-0.05865238234400749,0.7001900672912598,0.7316486239433289,-0.07176749408245087,0.6141151785850525,0.7237157225608826,-0.08776954561471939,0.6326764822006226,0.7404452562332153,-0.08103657513856888,0.6664764881134033,0.7429600954055786,-0.07392890006303787,0.3487277030944824,0.723986804485321,-1.8578575122774055e-07,0.3809354901313782,0.6316181421279907,-0.012865567579865456,0.3994356691837311,0.5399878621101379,-0.0254055242985487,0.40928786993026733,0.4763355255126953,-0.036910686641931534,0.4062599837779999,0.43596383929252625,-0.04365375638008118,0.32429274916648865,0.4767034947872162,-0.035162314772605896,0.4180486798286438,0.47100168466567993,-0.06497671455144882,0.423942506313324,0.52153080701828,-0.07780203968286514,0.40102002024650574,0.5300618410110474,-0.08570687472820282,0.31523841619491577,0.5218749642372131,-0.04394497349858284,0.42912179231643677,0.5216487646102905,-0.07149815559387207,0.42503583431243896,0.5698657035827637,-0.07383611053228378,0.40058964490890503,0.5734384059906006,-0.07581877708435059,0.3212234675884247,0.5798806548118591,-0.05442565307021141,0.43148505687713623,0.5785456299781799,-0.0796952024102211,0.4238521158695221,0.6200594305992126,-0.07369143515825272,0.39946720004081726,0.621470034122467,-0.06886567175388336,0.3389440178871155,0.6402487754821777,-0.06612645834684372,0.42854127287864685,0.6307219862937927,-0.08107917755842209,0.42052847146987915,0.6574274301528931,-0.07808573544025421,0.393546998500824,0.6628843545913696,-0.07524231821298599
159,0.7139390707015991,0.728705644607544,-3.3206694638465706e-07,0.6921229362487793,0.6391853094100952,-0.012811862863600254,0.6677902936935425,0.55338454246521,-0.028883080929517746,0.6394862532615662,0.4913913607597351,-0.04226360842585564,0.619163453578949,0.4442872703075409,-0.05238337814807892,0.7160965204238892,0.4915784001350403,-0.04231375455856323,0.619268000125885,0.48439881205558777,-0.06410606950521469,0.6142110824584961,0.5299463868141174,-0.06620913743972778,0.6376690864562988,0.5464288592338562,-0.06616578251123428,0.7194696664810181,0.5388035178184509,-0.04823780059814453,0.6069262027740479,0.5423294305801392,-0.07122094184160233,0.6145529747009277,0.5805774927139282,-0.06667756289243698,0.6421030163764954,0.5856010913848877,-0.06379115581512451,0.7101519703865051,0.5944088697433472,-0.054751843214035034,0.6048318147659302,0.5982335209846497,-0.07649733126163483,0.6169615983963013,0.6296003460884094,-0.06325065344572067,0.6461055278778076,0.631083071231842,-0.054447636008262634,0.6948611736297607,0.6510363817214966,-0.06187926605343819,0.6087530255317688,0.6516057252883911,-0.0834209993481636,0.6174476146697998,0.6730322241783142,-0.0814119502902031,0.6425708532333374,0.6743267774581909,-0.07730261981487274,0.3406859040260315,0.7644734382629395,-2.751009162693663e-07,0.3562028110027313,0.6787095069885254,-0.01108573842793703,0.37456175684928894,0.5861666202545166,-0.026491954922676086,0.39395973086357117,0.5243996977806091,-0.04194708913564682,0.4096984565258026,0.48423075675964355,-0.05397850647568703,0.3156174421310425,0.535042941570282,-0.041049398481845856,0.40777865052223206,0.5103312134742737,-0.07377404719591141,0.4192659258842468,0.5560917854309082,-0.09007347375154495,0.4008827209472656,0.5764466524124146,-0.09973101317882538,0.3126775324344635,0.582621693611145,-0.05214444175362587,0.4241371750831604,0.5657168030738831,-0.07985683530569077,0.42276889085769653,0.609308123588562,-0.08332309126853943,0.3999849259853363,0.6218870282173157,-0.08627891540527344,0.32371073961257935,0.6417685151100159,-0.06428680568933487,0.4306245446205139,0.6255928874015808,-0.08854914456605911,0.42622193694114685,0.6620227694511414,-0.08106116950511932,0.40440282225608826,0.6710901856422424,-0.07570800930261612,0.3431687355041504,0.7029193639755249,-0.0777074322104454,0.43060269951820374,0.6853286027908325,-0.09090021997690201,0.42580926418304443,0.7093302011489868,-0.08466944098472595,0.4041424095630646,0.7177436351776123,-0.08007815480232239
160,0.721153199672699,0.6908389925956726,-3.024695729436644e-07,0.6988939046859741,0.5964832305908203,-0.006875213235616684,0.673856794834137,0.5002133250236511,-0.019345609471201897,0.6412703990936279,0.4344559907913208,-0.030187496915459633,0.6180891394615173,0.41678428649902344,-0.03819858655333519,0.7172700762748718,0.45150768756866455,-0.03316083177924156,0.6138975024223328,0.44961047172546387,-0.05009877309203148,0.6147180795669556,0.49796465039253235,-0.050780039280653,0.6412129402160645,0.5073587894439697,-0.05078333988785744,0.7176969647407532,0.4963652789592743,-0.040889009833335876,0.6026585698127747,0.5046500563621521,-0.05683915689587593,0.6138159036636353,0.5448744893074036,-0.049544502049684525,0.6409209966659546,0.5488373041152954,-0.04577839374542236,0.7068314552307129,0.551785409450531,-0.04857569560408592,0.6010469198226929,0.560519278049469,-0.06015470623970032,0.6135420203208923,0.5941920280456543,-0.04587709903717041,0.6419769525527954,0.5959173440933228,-0.03845560923218727,0.6915138959884644,0.6101242899894714,-0.05721091479063034,0.6038156151771545,0.6194115281105042,-0.06786271929740906,0.614263117313385,0.6380057334899902,-0.06426247954368591,0.6401498317718506,0.6368674039840698,-0.06116892024874687,0.34617507457733154,0.8006531000137329,-3.5686946375790285e-07,0.36267948150634766,0.70669025182724,-0.014403854496777058,0.3845401108264923,0.6062586903572083,-0.028220605105161667,0.40156090259552,0.5367589592933655,-0.0416230745613575,0.40789440274238586,0.516051173210144,-0.051972247660160065,0.3373059034347534,0.5686661601066589,-0.04344847425818443,0.4455658793449402,0.5756122469902039,-0.07917902618646622,0.44388383626937866,0.6236997842788696,-0.09733248502016068,0.4104665517807007,0.6328979730606079,-0.1087823137640953,0.33161765336990356,0.6259617805480957,-0.054604608565568924,0.4545394778251648,0.6339235305786133,-0.08620990812778473,0.4438054859638214,0.6776427626609802,-0.09048841893672943,0.4135551154613495,0.6822450160980225,-0.09429974853992462,0.3390501141548157,0.693405032157898,-0.06725230067968369,0.45054203271865845,0.6928437948226929,-0.0957380011677742,0.4409260153770447,0.7286561131477356,-0.08911312371492386,0.41613513231277466,0.7333216667175293,-0.08360081911087036,0.3551958203315735,0.7629966735839844,-0.08157161623239517,0.4450141489505768,0.7498131394386292,-0.09871085733175278,0.4373912811279297,0.7680665850639343,-0.09418988972902298,0.4131583571434021,0.7741175889968872,-0.09026148170232773
161,0.7018687129020691,0.7234243154525757,-5.132227443027659e-07,0.6841870546340942,0.6402382254600525,-0.020726187154650688,0.6553163528442383,0.551322340965271,-0.040737975388765335,0.6259700059890747,0.48624128103256226,-0.05638936534523964,0.6138525009155273,0.4382117986679077,-0.06842011213302612,0.710271954536438,0.496983140707016,-0.0536828376352787,0.6132459044456482,0.48466306924819946,-0.08252852410078049,0.6022903919219971,0.534760594367981,-0.08838267624378204,0.6211347579956055,0.5555101037025452,-0.08968228101730347,0.7125684022903442,0.544924259185791,-0.05664984881877899,0.5984155535697937,0.5445050001144409,-0.08603158593177795,0.6013743877410889,0.5880572199821472,-0.08191003650426865,0.6266210675239563,0.5973357558250427,-0.07789777219295502,0.7002795338630676,0.6000581383705139,-0.06095559895038605,0.5944123268127441,0.6011168360710144,-0.08857782930135727,0.6023052930831909,0.6373564004898071,-0.07404964417219162,0.6285646557807922,0.6429689526557922,-0.06264172494411469,0.6809759736061096,0.6546704769134521,-0.06633903831243515,0.5970889925956726,0.6589476466178894,-0.09112399071455002,0.6034688353538513,0.6847207546234131,-0.08777161687612534,0.6261975169181824,0.6881006360054016,-0.08171107620000839,0.3595277965068817,0.7894666194915771,-1.4285852500961482e-07,0.37712204456329346,0.7006981372833252,-0.009411563165485859,0.39534029364585876,0.608934760093689,-0.024262916296720505,0.41091907024383545,0.5438002943992615,-0.03981945291161537,0.42036759853363037,0.5067727565765381,-0.052148640155792236,0.33642056584358215,0.5576896667480469,-0.03715559095144272,0.4245775640010834,0.5321230888366699,-0.07036970555782318,0.433942586183548,0.5770667195320129,-0.0875181332230568,0.41459742188453674,0.5961043834686279,-0.09736005961894989,0.3317793309688568,0.60284024477005,-0.04864250123500824,0.44040167331695557,0.5898909568786621,-0.07424856722354889,0.4406154751777649,0.6297286152839661,-0.07659618556499481,0.41898179054260254,0.6399471163749695,-0.07900181412696838,0.33935561776161194,0.659904420375824,-0.06156983971595764,0.4463053345680237,0.6504788994789124,-0.08480722457170486,0.4429267644882202,0.6834890842437744,-0.07666347175836563,0.42203012108802795,0.6907011270523071,-0.07070791721343994,0.3557536005973816,0.7203173637390137,-0.07560938596725464,0.44312140345573425,0.7075420618057251,-0.08822059631347656,0.44296228885650635,0.7278828620910645,-0.0810166746377945,0.42562487721443176,0.7347933650016785,-0.07523535937070847
162,0.6972481608390808,0.7707236409187317,-3.8232766996770806e-07,0.6710854172706604,0.6728469133377075,-0.013634747825562954,0.6371645927429199,0.580813467502594,-0.028622590005397797,0.6019335985183716,0.5241696238517761,-0.0415700227022171,0.5879983901977539,0.524556577205658,-0.05189972370862961,0.6882776021957397,0.5645483136177063,-0.03601812571287155,0.5842687487602234,0.5611569285392761,-0.05967983230948448,0.5823415517807007,0.6053215265274048,-0.0661458969116211,0.6091171503067017,0.6115668416023254,-0.06950031220912933,0.6889393925666809,0.6219848990440369,-0.04280081018805504,0.5719708204269409,0.6237807273864746,-0.06596952676773071,0.5817347764968872,0.6581757664680481,-0.06369940936565399,0.6117767095565796,0.65941321849823,-0.061919305473566055,0.6781908273696899,0.6826311349868774,-0.05047442018985748,0.5711126327514648,0.6826407313346863,-0.06966422498226166,0.5832624435424805,0.7089533805847168,-0.057155538350343704,0.61471027135849,0.7080230116844177,-0.04808477684855461,0.664229154586792,0.741786777973175,-0.05938006937503815,0.5775065422058105,0.7384332418441772,-0.07327307015657425,0.5877524018287659,0.7527620792388916,-0.0672050341963768,0.6162118315696716,0.7533462047576904,-0.061004068702459335,0.3547022044658661,0.7530236840248108,-1.254809234296772e-07,0.37678903341293335,0.6514114141464233,-0.009786243550479412,0.3959193229675293,0.5593141317367554,-0.022684458643198013,0.4102496802806854,0.49582237005233765,-0.0360359251499176,0.42158299684524536,0.4540148973464966,-0.04601524397730827,0.3367524743080139,0.4992123246192932,-0.026665465906262398,0.4277466833591461,0.4912832975387573,-0.05326160416007042,0.43710121512413025,0.5402148365974426,-0.06745719164609909,0.41430211067199707,0.5529883503913879,-0.07708088308572769,0.3284456729888916,0.5407713651657104,-0.03562095761299133,0.43746307492256165,0.5382204055786133,-0.0565006323158741,0.4365362524986267,0.5830496549606323,-0.05905158817768097,0.41057756543159485,0.5876429677009583,-0.06269825249910355,0.33410269021987915,0.596060037612915,-0.046214472502470016,0.4394969046115875,0.5946086049079895,-0.06470475345849991,0.43513527512550354,0.6319242119789124,-0.058354657143354416,0.4099656045436859,0.634742796421051,-0.05501832440495491,0.34949272871017456,0.6561382412910461,-0.058097828179597855,0.43521612882614136,0.6450990438461304,-0.06731810420751572,0.4309154450893402,0.668571949005127,-0.06215712055563927,0.4065762162208557,0.674618124961853,-0.058823540806770325
163,0.7020506858825684,0.7526534199714661,-3.7591883028653683e-07,0.6734001040458679,0.666282057762146,-0.013009464368224144,0.6414637565612793,0.5805254578590393,-0.026961440220475197,0.6071093678474426,0.5163217782974243,-0.03881911560893059,0.5908953547477722,0.48217326402664185,-0.04716857895255089,0.6853219270706177,0.5281349420547485,-0.03502223268151283,0.5863178372383118,0.5279161930084229,-0.061687957495450974,0.5881686210632324,0.5724917054176331,-0.06907103955745697,0.6123758554458618,0.5837623476982117,-0.07123654335737228,0.6870450973510742,0.574677050113678,-0.040119946002960205,0.576598048210144,0.5886505246162415,-0.06666236370801926,0.5880155563354492,0.6223389506340027,-0.06442268192768097,0.6139312386512756,0.6242209672927856,-0.06164189428091049,0.6774353981018066,0.6290863156318665,-0.04674261063337326,0.577015221118927,0.6420762538909912,-0.07077623158693314,0.5896434783935547,0.671150267124176,-0.05817487835884094,0.616244912147522,0.6702145338058472,-0.047850560396909714,0.6626642942428589,0.6850942373275757,-0.05422062426805496,0.582431435585022,0.6961727738380432,-0.07250897586345673,0.5942849516868591,0.715545117855072,-0.06855276226997375,0.6198842525482178,0.7121610641479492,-0.06260623037815094,0.35414355993270874,0.7548178434371948,-2.4323659886249516e-07,0.379778653383255,0.6685009002685547,-0.008271973580121994,0.3983348608016968,0.573621928691864,-0.021185623481869698,0.40780073404312134,0.5069652199745178,-0.03466036915779114,0.4166712164878845,0.46238917112350464,-0.04464232176542282,0.33371731638908386,0.5162190198898315,-0.032908521592617035,0.4195529520511627,0.49130764603614807,-0.06440997123718262,0.4313563108444214,0.5396736264228821,-0.07953640073537827,0.41358256340026855,0.5590904355049133,-0.08799789100885391,0.3243257701396942,0.5578858852386475,-0.04402024298906326,0.43023329973220825,0.5424578189849854,-0.06973090767860413,0.43202435970306396,0.5892752408981323,-0.07243701815605164,0.4106028378009796,0.5998720526695251,-0.07480260729789734,0.33063244819641113,0.6131389737129211,-0.05641596019268036,0.4365045428276062,0.6025954484939575,-0.08028625696897507,0.4324118494987488,0.6412670612335205,-0.07329245656728745,0.4086371660232544,0.6494582891464233,-0.06813161075115204,0.34760043025016785,0.6719418168067932,-0.06949995458126068,0.43498581647872925,0.656654953956604,-0.08253590017557144,0.4309496283531189,0.6842576265335083,-0.0761818066239357,0.4077790379524231,0.6939095258712769,-0.07116972655057907
164,0.7024497985839844,0.7075363397598267,-3.4466319220882724e-07,0.6712095737457275,0.6139172911643982,-0.0072346823289990425,0.6429222822189331,0.5261795520782471,-0.019630055874586105,0.6132125854492188,0.46471473574638367,-0.030895980075001717,0.5967978835105896,0.43227091431617737,-0.03841501474380493,0.6887723207473755,0.46257349848747253,-0.030730459839105606,0.5897256731987,0.46933043003082275,-0.05056917667388916,0.5928765535354614,0.5137290358543396,-0.053386885672807693,0.6177488565444946,0.5219521522521973,-0.05440910905599594,0.6924948692321777,0.5054370164871216,-0.03911513090133667,0.5807061195373535,0.5234151482582092,-0.06074794381856918,0.5935116410255432,0.5601437091827393,-0.05644870549440384,0.6204209923744202,0.5605607032775879,-0.05343947932124138,0.6861484050750732,0.5595901608467102,-0.04812591150403023,0.5817643404006958,0.5793989300727844,-0.0675147995352745,0.5973924994468689,0.6092260479927063,-0.05444111302495003,0.6262067556381226,0.6057935953140259,-0.04548025131225586,0.6749753952026367,0.6179913282394409,-0.057749390602111816,0.5881062150001526,0.6325764060020447,-0.0746951475739479,0.5985262989997864,0.6502448320388794,-0.0717243105173111,0.6239571571350098,0.6443790197372437,-0.0675606057047844,0.3421967923641205,0.7976658344268799,-3.6272246006774367e-07,0.36854317784309387,0.7071838974952698,-0.015550690703094006,0.39900124073028564,0.6165454387664795,-0.029763348400592804,0.4194301962852478,0.5532615184783936,-0.04317036643624306,0.4241162836551666,0.5332609415054321,-0.05344150587916374,0.33979472517967224,0.568350613117218,-0.038872599601745605,0.44328415393829346,0.5792536735534668,-0.07239017635583878,0.4391643702983856,0.6258877515792847,-0.09186436980962753,0.4087162911891937,0.6329652667045593,-0.10463160276412964,0.3349235951900482,0.6271786093711853,-0.048685673624277115,0.454180508852005,0.6376652717590332,-0.07730860263109207,0.4393358826637268,0.6768469214439392,-0.08336078375577927,0.4110381305217743,0.6796400547027588,-0.08891325443983078,0.3429315984249115,0.6940724849700928,-0.06013348698616028,0.4546583294868469,0.6982600092887878,-0.08585797995328903,0.43925532698631287,0.7277902364730835,-0.08088706433773041,0.41396379470825195,0.7292298078536987,-0.07709319144487381,0.3576646149158478,0.7606686949729919,-0.07349903881549835,0.447787880897522,0.7558432817459106,-0.08853337168693542,0.4355020821094513,0.7744864821434021,-0.08406182378530502,0.4096906781196594,0.7792884111404419,-0.0804835632443428
165,0.7074341773986816,0.7037770748138428,-3.6937026948180574e-07,0.6786088347434998,0.6199659705162048,-0.018455982208251953,0.6458761096000671,0.533226490020752,-0.037477053701877594,0.6119892001152039,0.4712241291999817,-0.05294955149292946,0.601739764213562,0.44120824337005615,-0.06491785496473312,0.6953330039978027,0.4813321828842163,-0.05150708928704262,0.5971315503120422,0.47604483366012573,-0.07910235226154327,0.5932527780532837,0.5238075256347656,-0.08292728662490845,0.6156274080276489,0.5403546094894409,-0.08338877558708191,0.69825679063797,0.5299142599105835,-0.056360140442848206,0.5839012265205383,0.5339508056640625,-0.08531728386878967,0.5905930995941162,0.5765658020973206,-0.07975856959819794,0.6168503761291504,0.5820335149765015,-0.07484753429889679,0.6878931522369385,0.5862178206443787,-0.06252865493297577,0.5812358856201172,0.5912063717842102,-0.09036438912153244,0.5918782949447632,0.6276484131813049,-0.07539539039134979,0.6202709078788757,0.630027174949646,-0.06368514895439148,0.6713093519210815,0.6433809995651245,-0.06961408257484436,0.5856955051422119,0.6496403813362122,-0.0936284065246582,0.5963883996009827,0.6718592047691345,-0.09027973562479019,0.6231631636619568,0.6699153184890747,-0.08473612368106842,0.3517651855945587,0.8166532516479492,-2.5186002972077404e-07,0.36978691816329956,0.732118546962738,-0.015668263658881187,0.4001690745353699,0.6410427093505859,-0.03223505616188049,0.4273052215576172,0.5786463022232056,-0.047816596925258636,0.4363537132740021,0.5554219484329224,-0.059281330555677414,0.34433990716934204,0.5786134004592896,-0.04418783634901047,0.44595131278038025,0.5822431445121765,-0.0789601281285286,0.4435320794582367,0.6315712928771973,-0.09552869200706482,0.4144885838031769,0.6379306316375732,-0.10564208030700684,0.3418494164943695,0.6310631036758423,-0.05411497503519058,0.45674562454223633,0.6397330164909363,-0.08479909598827362,0.4433944821357727,0.6826492547988892,-0.08743084222078323,0.41494524478912354,0.6836856007575989,-0.08941829949617386,0.3504963517189026,0.6944355964660645,-0.06573884189128876,0.45877039432525635,0.6973146796226501,-0.0932266116142273,0.442283034324646,0.7321328520774841,-0.08503264933824539,0.41558417677879333,0.7330731749534607,-0.07837575674057007,0.3659849762916565,0.7602211833000183,-0.0790281668305397,0.45527833700180054,0.7518776059150696,-0.09513039886951447,0.4405726194381714,0.7738051414489746,-0.08981555700302124,0.4123494327068329,0.7782200574874878,-0.08512650430202484
166,0.6912070512771606,0.7408972978591919,-4.0226771602647204e-07,0.6570374965667725,0.6620205640792847,-0.012197721749544144,0.6196621060371399,0.5862076282501221,-0.027959054335951805,0.5903245806694031,0.5365909934043884,-0.04214366525411606,0.5847041606903076,0.5080482959747314,-0.05456780642271042,0.6707802414894104,0.5498114228248596,-0.04121819883584976,0.5730350017547607,0.570883572101593,-0.06666450202465057,0.579217255115509,0.6096258163452148,-0.07533947378396988,0.6055914759635925,0.6110705733299255,-0.0802450031042099,0.676027774810791,0.6076096892356873,-0.050133634358644485,0.5652676820755005,0.6286232471466064,-0.07401386648416519,0.582817792892456,0.6549186110496521,-0.07306089997291565,0.6136999130249023,0.6514073610305786,-0.07330314069986343,0.6715019345283508,0.6684339642524719,-0.05954042077064514,0.5685803294181824,0.6846842765808105,-0.08079233020544052,0.5861872434616089,0.7056733965873718,-0.0672522485256195,0.6166689395904541,0.700465202331543,-0.05832793563604355,0.6626985669136047,0.7285754680633545,-0.07000429928302765,0.5797551870346069,0.7439652681350708,-0.08797458559274673,0.594537079334259,0.7562403678894043,-0.08150380849838257,0.6239494681358337,0.7506295442581177,-0.07503513991832733,0.35405731201171875,0.7772217988967896,-8.364629877632979e-08,0.37487196922302246,0.6927557587623596,-0.011019090190529823,0.39914071559906006,0.6039557456970215,-0.026432817801833153,0.4227975010871887,0.5428805947303772,-0.041809581220149994,0.4367135465145111,0.500279426574707,-0.05413239076733589,0.34322091937065125,0.5443599224090576,-0.03832792863249779,0.43502241373062134,0.527839183807373,-0.06962555646896362,0.4432348906993866,0.577485978603363,-0.0836978480219841,0.42507296800613403,0.596748411655426,-0.09140146523714066,0.3376566469669342,0.5838510394096375,-0.04802996292710304,0.4474779963493347,0.5780766606330872,-0.07367409020662308,0.4478206932544708,0.6256948709487915,-0.07457079738378525,0.42666155099868774,0.6361972689628601,-0.07525268942117691,0.34474480152130127,0.637422502040863,-0.05919942632317543,0.45070236921310425,0.6301379203796387,-0.08226899802684784,0.4467485249042511,0.6714780330657959,-0.07299550622701645,0.424359530210495,0.6792352795600891,-0.06594374030828476,0.3610748052597046,0.6954452395439148,-0.07133032381534576,0.4463914632797241,0.6823365688323975,-0.08358156681060791,0.4422198235988617,0.7107139825820923,-0.07628436386585236,0.42130011320114136,0.7182498574256897,-0.07038599997758865
167,0.6842157244682312,0.7577152848243713,-2.4458813641103916e-07,0.6558325290679932,0.6675077676773071,-0.012838819995522499,0.6233999729156494,0.5806838870048523,-0.028800923377275467,0.5900411605834961,0.5331799983978271,-0.04241397604346275,0.5739635825157166,0.5319791436195374,-0.054555390030145645,0.6628889441490173,0.5574862957000732,-0.04809189215302467,0.5644940733909607,0.5707765221595764,-0.07438801229000092,0.5706285834312439,0.608071506023407,-0.08011796325445175,0.59691321849823,0.6110355257987976,-0.08203835040330887,0.6697428226470947,0.6135717034339905,-0.055818554013967514,0.5598426461219788,0.6300044655799866,-0.08314424753189087,0.5729979276657104,0.655005156993866,-0.08084507286548615,0.6008304357528687,0.6530395150184631,-0.07835541665554047,0.6646323204040527,0.6750507950782776,-0.0636923685669899,0.560343325138092,0.6899699568748474,-0.08583719283342361,0.5761284828186035,0.7079195380210876,-0.07237960398197174,0.606773316860199,0.7000449895858765,-0.06234243884682655,0.6518068313598633,0.7354387044906616,-0.07219923287630081,0.5646482110023499,0.7452542781829834,-0.08821630477905273,0.5792075395584106,0.7561547756195068,-0.08143405616283417,0.609093964099884,0.7500349879264832,-0.07451437413692474,0.36454761028289795,0.7422081232070923,-1.4773736722872854e-07,0.385343462228775,0.6552819609642029,-0.017734622582793236,0.4050678014755249,0.562990665435791,-0.03550497815012932,0.4186848998069763,0.49328917264938354,-0.0513998381793499,0.41920748353004456,0.4503577947616577,-0.06314463913440704,0.34588587284088135,0.5039076805114746,-0.04828834906220436,0.4391011893749237,0.4963988661766052,-0.08352600783109665,0.4416181445121765,0.5468204617500305,-0.09840352833271027,0.41823333501815796,0.5548669099807739,-0.10720843076705933,0.33840012550354004,0.5494289994239807,-0.05612524226307869,0.449910432100296,0.5490553975105286,-0.08868132531642914,0.44333526492118835,0.5966756939888,-0.09055981040000916,0.4192805886268616,0.5992345809936523,-0.0919199138879776,0.34509196877479553,0.6077626347541809,-0.06590081751346588,0.45254263281822205,0.605474054813385,-0.0948939174413681,0.4408862888813019,0.6442250609397888,-0.08756303787231445,0.41553908586502075,0.6446109414100647,-0.08172979205846786,0.3623514175415039,0.667151689529419,-0.07713185250759125,0.44827646017074585,0.6597762107849121,-0.09519733488559723,0.43616876006126404,0.6849830746650696,-0.09295620769262314,0.40777891874313354,0.6878340244293213,-0.0906151607632637
168,0.6928862929344177,0.7242960929870605,-3.486906337002438e-07,0.6703271269798279,0.6446629762649536,-0.01531840767711401,0.6400736570358276,0.5618686676025391,-0.031970228999853134,0.6082951426506042,0.5010624527931213,-0.045113079249858856,0.5964924693107605,0.45578712224960327,-0.054640620946884155,0.68643718957901,0.5103379487991333,-0.04632622003555298,0.585451066493988,0.5051488876342773,-0.07089152187108994,0.5846959948539734,0.548034131526947,-0.0740075558423996,0.6069334149360657,0.5597823858261108,-0.07397554814815521,0.6883388757705688,0.5533406734466553,-0.0505199171602726,0.5751296281814575,0.5578666925430298,-0.07808590680360794,0.5851021409034729,0.5928069353103638,-0.0740438848733902,0.610892117023468,0.5969481468200684,-0.07019758224487305,0.6786028742790222,0.6044014096260071,-0.05545458197593689,0.5753383636474609,0.6098817586898804,-0.08039340376853943,0.589409351348877,0.639099657535553,-0.06537219882011414,0.6173095703125,0.6385583877563477,-0.05408261716365814,0.6635514497756958,0.657160758972168,-0.06100810319185257,0.5821422338485718,0.6601501703262329,-0.08267480880022049,0.5946024060249329,0.6818065047264099,-0.0781392827630043,0.6200369596481323,0.6798312067985535,-0.07195745408535004,0.36580443382263184,0.7654257416725159,-3.1907237030281976e-07,0.3826964497566223,0.6810092926025391,-0.015405608341097832,0.4039103090763092,0.591056764125824,-0.032191768288612366,0.42115744948387146,0.525280237197876,-0.04826410487294197,0.4347743093967438,0.4882989823818207,-0.06095173954963684,0.35189276933670044,0.5352399349212646,-0.04655258730053902,0.4515734314918518,0.5354093313217163,-0.08082800358533859,0.4496387541294098,0.5857465267181396,-0.09782566875219345,0.42012444138526917,0.5958376526832581,-0.10873567312955856,0.34986793994903564,0.5916666388511658,-0.05658895894885063,0.4641261100769043,0.5945616364479065,-0.0869651585817337,0.4512247145175934,0.6372987031936646,-0.09108474105596542,0.4240964651107788,0.6415379643440247,-0.09509911388158798,0.3603839874267578,0.6556789875030518,-0.06792109459638596,0.4680453836917877,0.6562773585319519,-0.09395153820514679,0.45191144943237305,0.6895867586135864,-0.08726748824119568,0.42576736211776733,0.6928995847702026,-0.0827573910355568,0.377686470746994,0.7193450927734375,-0.08094900846481323,0.4645535349845886,0.7119951248168945,-0.09644481539726257,0.4498368501663208,0.7331597805023193,-0.09277114272117615,0.42206448316574097,0.7384446263313293,-0.08995486050844193
169,0.6959971785545349,0.6954540014266968,-3.0477309564957977e-07,0.6752524971961975,0.6082110404968262,-0.010494699701666832,0.6494625806808472,0.5182504653930664,-0.026190532371401787,0.6180300116539001,0.4537920355796814,-0.039185501635074615,0.5996922850608826,0.42746901512145996,-0.049494631588459015,0.6960024237632751,0.46967554092407227,-0.0479164756834507,0.5922375321388245,0.4685792922973633,-0.06774522364139557,0.5929137468338013,0.51300048828125,-0.06633254140615463,0.6177741289138794,0.5250709056854248,-0.06432012468576431,0.6985648274421692,0.516628086566925,-0.05458538606762886,0.5809915065765381,0.5230798125267029,-0.07595182955265045,0.5928512811660767,0.561431348323822,-0.0674564465880394,0.619722306728363,0.5653250217437744,-0.06210770830512047,0.6891273260116577,0.5725250840187073,-0.06100422143936157,0.5791797637939453,0.5810059905052185,-0.0789877325296402,0.5949432849884033,0.6112198233604431,-0.0638633742928505,0.6255679726600647,0.6115236282348633,-0.054798223078250885,0.6738084554672241,0.630522608757019,-0.06790217012166977,0.5815019607543945,0.6381075382232666,-0.08426308631896973,0.5929922461509705,0.6551322340965271,-0.0812682956457138,0.6214664578437805,0.651394248008728,-0.07801155745983124,0.3706050515174866,0.776117205619812,-2.4564761247347633e-07,0.38114291429519653,0.6923186182975769,-0.014858871698379517,0.4052842855453491,0.596834123134613,-0.03256553038954735,0.42542800307273865,0.5308992266654968,-0.049591369926929474,0.4398922324180603,0.49588629603385925,-0.06265503168106079,0.3669395446777344,0.545508623123169,-0.05093451589345932,0.471284955739975,0.542982816696167,-0.08909361809492111,0.47243374586105347,0.5946978330612183,-0.10475380718708038,0.4435960054397583,0.6037370562553406,-0.11369737237691879,0.3624887764453888,0.60051429271698,-0.06233396381139755,0.4794057011604309,0.599498450756073,-0.09864916652441025,0.4721163511276245,0.6484125256538391,-0.10128140449523926,0.44626474380493164,0.6517199873924255,-0.1024136170744896,0.36986687779426575,0.6640784740447998,-0.07520758360624313,0.479270875453949,0.6635879874229431,-0.10722731053829193,0.46943026781082153,0.702506959438324,-0.09917228668928146,0.4436222314834595,0.7038058638572693,-0.09193690121173859,0.38640132546424866,0.7283429503440857,-0.08931263536214828,0.477403461933136,0.7208497524261475,-0.10788287222385406,0.46700790524482727,0.7441179156303406,-0.10365499556064606,0.43935149908065796,0.7471545338630676,-0.09975388646125793
170,0.7036442756652832,0.7012714147567749,-3.40695862632856e-07,0.6803624033927917,0.6093236804008484,-0.012931622564792633,0.6542441248893738,0.5147706866264343,-0.029391013085842133,0.6215495467185974,0.4494948387145996,-0.04343177005648613,0.5984083414077759,0.43185120820999146,-0.05441649258136749,0.698746383190155,0.46907341480255127,-0.04400958493351936,0.5921596884727478,0.4667377769947052,-0.07092051953077316,0.594340443611145,0.5161722302436829,-0.07644393295049667,0.6213134527206421,0.5278046131134033,-0.07782995700836182,0.7000609636306763,0.5183409452438354,-0.05108039453625679,0.5822115540504456,0.5230417847633362,-0.07834838330745697,0.5942872762680054,0.5640443563461304,-0.07349295914173126,0.6226822733879089,0.5685818195343018,-0.06874232739210129,0.6892479062080383,0.5757415890693665,-0.05902629718184471,0.58106929063797,0.5816472172737122,-0.08183791488409042,0.5948868989944458,0.61460280418396,-0.06757628917694092,0.6251493096351624,0.6160673499107361,-0.05657539144158363,0.6739144921302795,0.6343157291412354,-0.06794195622205734,0.583135724067688,0.6387431621551514,-0.08461660891771317,0.5953210592269897,0.656580924987793,-0.0799294114112854,0.6244579553604126,0.6545895338058472,-0.0741829201579094,0.3656889796257019,0.7803964018821716,-2.608489637623279e-07,0.3772181570529938,0.6951257586479187,-0.013919267803430557,0.4077882170677185,0.6018507480621338,-0.03195471689105034,0.43687012791633606,0.537581205368042,-0.049281105399131775,0.44862332940101624,0.5063234567642212,-0.0629289522767067,0.3659345805644989,0.548829197883606,-0.05067083239555359,0.4670393466949463,0.5444128513336182,-0.08814980089664459,0.4675610065460205,0.5971380472183228,-0.10427346080541611,0.4394338130950928,0.6079553365707397,-0.11336273699998856,0.36399155855178833,0.6036677360534668,-0.06228277459740639,0.48010972142219543,0.603665828704834,-0.09572400897741318,0.470010906457901,0.6517521142959595,-0.09796387702226639,0.4432518780231476,0.6553568243980408,-0.0995011031627655,0.3726986050605774,0.6677329540252686,-0.07520874589681625,0.480793833732605,0.6668122410774231,-0.10380750149488449,0.46633878350257874,0.7049106955528259,-0.09523604065179825,0.4400099217891693,0.7055609822273254,-0.08845249563455582,0.38873952627182007,0.7313970923423767,-0.08937955647706985,0.47681930661201477,0.722937822341919,-0.1038055270910263,0.4629685878753662,0.7452176809310913,-0.09775615483522415,0.43517255783081055,0.7477088570594788,-0.09338290989398956
171,0.7012599110603333,0.7552260160446167,-4.0886695273911755e-07,0.6718053817749023,0.6671633720397949,-0.015377026982605457,0.6285699009895325,0.5757167339324951,-0.033576250076293945,0.5865180492401123,0.5196568369865417,-0.04945015162229538,0.5685035586357117,0.5086237192153931,-0.0623951330780983,0.6771790981292725,0.534835159778595,-0.041240591555833817,0.5736395120620728,0.5386570692062378,-0.070027656853199,0.5792096853256226,0.5867680311203003,-0.08045552670955658,0.6071203947067261,0.5932058095932007,-0.08612548559904099,0.681501567363739,0.5890260338783264,-0.04817584156990051,0.5669898390769958,0.5972397923469543,-0.07641221582889557,0.583018958568573,0.6338751316070557,-0.07579033076763153,0.6140397787094116,0.6359883546829224,-0.07465533912181854,0.6740654706954956,0.6484955549240112,-0.05624443665146828,0.5712459683418274,0.6540031433105469,-0.08002671599388123,0.5874388217926025,0.6833723783493042,-0.06660586595535278,0.6183441281318665,0.6818721294403076,-0.05642799288034439,0.6620471477508545,0.7077038884162903,-0.06548648327589035,0.5803111791610718,0.7115178108215332,-0.08373431116342545,0.5976990461349487,0.7305225133895874,-0.07741038501262665,0.6294678449630737,0.7292579412460327,-0.07035375386476517,0.3654548227787018,0.7432747483253479,-4.3116216374983196e-08,0.37957075238227844,0.6608152389526367,-0.012750542722642422,0.405293345451355,0.5729366540908813,-0.029720665886998177,0.43221044540405273,0.5115811824798584,-0.04605825990438461,0.44672349095344543,0.4761301875114441,-0.059363968670368195,0.35222434997558594,0.5129401683807373,-0.04649242013692856,0.44352272152900696,0.5003420114517212,-0.07808231562376022,0.4510282874107361,0.5428795218467712,-0.09179681539535522,0.43076109886169434,0.5547778010368347,-0.10022903233766556,0.3497770428657532,0.5571916699409485,-0.05715198442339897,0.46118637919425964,0.5539142489433289,-0.0855921059846878,0.45838141441345215,0.5936533808708191,-0.08785466849803925,0.4310929477214813,0.6012570858001709,-0.09009648859500885,0.3590541183948517,0.6139946579933167,-0.06874377280473709,0.4644668698310852,0.6103113889694214,-0.09455808997154236,0.45507919788360596,0.6463125348091125,-0.08750558644533157,0.42660313844680786,0.6510151028633118,-0.08241334557533264,0.3761078417301178,0.6734493970870972,-0.08128847926855087,0.46042418479919434,0.6691344380378723,-0.09830713272094727,0.4531705379486084,0.6942936182022095,-0.09445390850305557,0.42810991406440735,0.6995782852172852,-0.0910535380244255
172,0.68471360206604,0.7120031118392944,-3.475721825907385e-07,0.6584448218345642,0.6200985312461853,-0.00972139835357666,0.6344195008277893,0.5342865586280823,-0.024321919307112694,0.6061369776725769,0.47391805052757263,-0.03744562342762947,0.5887293815612793,0.4297083914279938,-0.04768070578575134,0.6792073845863342,0.4718989133834839,-0.03810086473822594,0.5802624821662903,0.47575849294662476,-0.06286304444074631,0.5838810801506042,0.5194628238677979,-0.06879780441522598,0.6082485318183899,0.529760479927063,-0.07085476070642471,0.6826993227005005,0.5179420709609985,-0.04559420049190521,0.5685926079750061,0.5326430201530457,-0.07138077914714813,0.5833447575569153,0.5675362944602966,-0.06821484863758087,0.6116212010383606,0.5685931444168091,-0.06580283492803574,0.6750485301017761,0.5736554861068726,-0.0538635291159153,0.5684809684753418,0.5885199308395386,-0.07701697945594788,0.586081862449646,0.6171509623527527,-0.06268846988677979,0.6159934401512146,0.6149843335151672,-0.05240121856331825,0.6617403030395508,0.6315818428993225,-0.06268676370382309,0.5731887817382812,0.6393634080886841,-0.08211866021156311,0.5855984091758728,0.6594644784927368,-0.07736995071172714,0.6124473214149475,0.6557335257530212,-0.07151100784540176,0.3553383946418762,0.76530522108078,-2.6837881250685314e-07,0.3732747733592987,0.684612512588501,-0.016864383593201637,0.4052268862724304,0.5997024178504944,-0.035422131419181824,0.4359138309955597,0.5395496487617493,-0.052419375628232956,0.4470837712287903,0.5152027010917664,-0.06605847924947739,0.34908244013786316,0.5448418259620667,-0.05584200099110603,0.45784416794776917,0.5468912720680237,-0.09215770661830902,0.4588533341884613,0.5995141267776489,-0.10759947448968887,0.4280238747596741,0.6107558608055115,-0.11649743467569351,0.34777379035949707,0.6006739735603333,-0.06655120849609375,0.4696817398071289,0.6039340496063232,-0.09908457100391388,0.458008736371994,0.6501185297966003,-0.10099232941865921,0.42666974663734436,0.6549428105354309,-0.10275137424468994,0.3580169081687927,0.6668886542320251,-0.0781836062669754,0.47063368558883667,0.6652691960334778,-0.10741894692182541,0.45609965920448303,0.7030470967292786,-0.0990532860159874,0.4275962710380554,0.7084503769874573,-0.09241271764039993,0.3747301697731018,0.7337294816970825,-0.09123901277780533,0.46299394965171814,0.7289281487464905,-0.10881879180669785,0.4512379765510559,0.7506675720214844,-0.10358820855617523,0.4237210154533386,0.7560997605323792,-0.09915973246097565
173,0.6925531029701233,0.7013893127441406,-4.077146797953901e-07,0.667913556098938,0.6184074878692627,-0.010219859890639782,0.6395664215087891,0.530626654624939,-0.022470824420452118,0.609066367149353,0.46678778529167175,-0.0336674265563488,0.5928513407707214,0.43098247051239014,-0.04183503985404968,0.6844547986984253,0.47646564245224,-0.03302926942706108,0.5820968747138977,0.47686854004859924,-0.05888769030570984,0.5821740627288818,0.5270342230796814,-0.06588967889547348,0.6074177026748657,0.5414311289787292,-0.06823471188545227,0.6850789785385132,0.5228216052055359,-0.039975665509700775,0.5703802108764648,0.5330948829650879,-0.0662643238902092,0.5821837186813354,0.5738651752471924,-0.06326951086521149,0.6096504330635071,0.5795496106147766,-0.05999027565121651,0.6752856373786926,0.5769304633140564,-0.048363979905843735,0.5692262649536133,0.5881718993186951,-0.07171784341335297,0.5840283632278442,0.6219236850738525,-0.0585617832839489,0.6128289103507996,0.6249334216117859,-0.048187557607889175,0.6615739464759827,0.6335204243659973,-0.05763651058077812,0.5752208232879639,0.6420208811759949,-0.07586304098367691,0.586896538734436,0.6621648669242859,-0.07235122472047806,0.6137146353721619,0.661280632019043,-0.06708263605833054,0.3601544499397278,0.7727601528167725,-2.0511485843144328e-07,0.3768782913684845,0.69774329662323,-0.017033377662301064,0.40904921293258667,0.6145118474960327,-0.03574565798044205,0.43905848264694214,0.552863597869873,-0.05234081298112869,0.4431414008140564,0.5205761194229126,-0.06508322805166245,0.3514985740184784,0.5568394660949707,-0.05825180932879448,0.45397502183914185,0.553417444229126,-0.09498348832130432,0.45438194274902344,0.603646457195282,-0.10955051332712173,0.4253138601779938,0.6121081709861755,-0.11787037551403046,0.3500756323337555,0.6056606769561768,-0.06829759478569031,0.46755450963974,0.6078629493713379,-0.10195419937372208,0.456148624420166,0.6523081660270691,-0.10279016196727753,0.4269990622997284,0.6560791730880737,-0.10360477864742279,0.3599092960357666,0.6672275066375732,-0.07938357442617416,0.4691653847694397,0.6692878603935242,-0.10835716873407364,0.4534708857536316,0.7058587074279785,-0.0986710712313652,0.4258001446723938,0.7097886800765991,-0.09145038574934006,0.37689530849456787,0.7313150763511658,-0.09196814149618149,0.46375104784965515,0.7294577956199646,-0.11019167304039001,0.45032238960266113,0.7511087656021118,-0.10595538467168808,0.4223017692565918,0.755332350730896,-0.102281354367733
174,0.694743275642395,0.7161329388618469,-4.22286802859162e-07,0.6714519262313843,0.6334957480430603,-0.013331963680684566,0.644690752029419,0.5489120483398438,-0.029704555869102478,0.6146281361579895,0.48598650097846985,-0.04361994192004204,0.6008777618408203,0.4366379380226135,-0.05446984991431236,0.6860241889953613,0.4899510145187378,-0.04468155652284622,0.5890464186668396,0.4866456985473633,-0.07098361104726791,0.5880115628242493,0.5316453576087952,-0.07581283152103424,0.61072838306427,0.5484476685523987,-0.07682594656944275,0.6883794069290161,0.5355279445648193,-0.05105847120285034,0.5733042359352112,0.5405627489089966,-0.07735645025968552,0.5838973522186279,0.5809684991836548,-0.07265736162662506,0.6104554533958435,0.5869680643081665,-0.06887100636959076,0.6786268949508667,0.5897949934005737,-0.05842212587594986,0.5707281827926636,0.5965156555175781,-0.08262553066015244,0.5857123136520386,0.6309599280357361,-0.06748469173908234,0.6143497824668884,0.6331174373626709,-0.05675981566309929,0.6630687713623047,0.6470677256584167,-0.06648774445056915,0.576668918132782,0.6519269943237305,-0.08805563300848007,0.5898726582527161,0.673927903175354,-0.08386585861444473,0.6161990165710449,0.6734107732772827,-0.0780886858701706,0.36843010783195496,0.758050262928009,-4.229963579405194e-08,0.3908948600292206,0.6876214742660522,-0.014505017548799515,0.41557151079177856,0.607620358467102,-0.032382506877183914,0.4346013069152832,0.5495346188545227,-0.04893828555941582,0.44162487983703613,0.5082191228866577,-0.0619727186858654,0.3525446355342865,0.5477185249328613,-0.05285117030143738,0.44374844431877136,0.5298821926116943,-0.0857144370675087,0.45380887389183044,0.5741959810256958,-0.0982876569032669,0.43235307931900024,0.5911815166473389,-0.10533764958381653,0.3486877977848053,0.5885651111602783,-0.06302107125520706,0.45931771397590637,0.579279363155365,-0.09369126707315445,0.45735734701156616,0.6175703406333923,-0.09515872597694397,0.43003538250923157,0.6266468167304993,-0.09619134664535522,0.3571729063987732,0.643756091594696,-0.07390633970499039,0.4623209238052368,0.6351398229598999,-0.10216554254293442,0.456903338432312,0.6715133786201477,-0.0931415855884552,0.4322861135005951,0.6800613403320312,-0.08628600835800171,0.37340155243873596,0.7029379606246948,-0.0858430340886116,0.4604140818119049,0.6995394825935364,-0.10556831955909729,0.4566803574562073,0.7237698435783386,-0.1012609601020813,0.4348628520965576,0.7321711182594299,-0.09682657569646835
175,0.6853387355804443,0.7616493701934814,-3.7192853596934583e-07,0.6551619172096252,0.6705517172813416,-0.01226144377142191,0.6196479201316833,0.5833832621574402,-0.0268442090600729,0.5866923332214355,0.5295508503913879,-0.039899736642837524,0.5780900120735168,0.5234161615371704,-0.05044886842370033,0.6675726771354675,0.5597071051597595,-0.03506472334265709,0.5703579187393188,0.5657622218132019,-0.06012659892439842,0.5752890706062317,0.6062796115875244,-0.06812282651662827,0.601940929889679,0.6116134524345398,-0.07231707125902176,0.6753363609313965,0.616258442401886,-0.042571522295475006,0.5638154149055481,0.6277881860733032,-0.06810653209686279,0.5776535868644714,0.657820463180542,-0.06794363260269165,0.6067606210708618,0.6569449305534363,-0.06716065853834152,0.6704603433609009,0.6758986711502075,-0.05090898275375366,0.5670053362846375,0.6844428181648254,-0.07290694862604141,0.5814958810806274,0.7083919048309326,-0.06009824946522713,0.6105895638465881,0.704781711101532,-0.05015916749835014,0.6590274572372437,0.7345705032348633,-0.060194965451955795,0.574882447719574,0.7410109639167786,-0.07654711604118347,0.5884090065956116,0.7558966279029846,-0.06991728395223618,0.6174851059913635,0.7532731890678406,-0.06266312301158905,0.35744547843933105,0.7336010932922363,-4.797645303256104e-08,0.38311314582824707,0.6582098007202148,-0.011103307828307152,0.4065189063549042,0.574576735496521,-0.02521646022796631,0.424202561378479,0.5154953002929688,-0.03887661546468735,0.43078213930130005,0.4758565425872803,-0.05002012848854065,0.3479551374912262,0.5159286856651306,-0.04024285823106766,0.4391986131668091,0.49695688486099243,-0.07203570753335953,0.45069122314453125,0.5368555188179016,-0.0868881419301033,0.4306417405605316,0.549492359161377,-0.09585767239332199,0.3414952754974365,0.5492837429046631,-0.05094863101840019,0.4495220184326172,0.5333787798881531,-0.07929512858390808,0.4506593942642212,0.571672797203064,-0.08135969191789627,0.4248539209365845,0.5814744234085083,-0.08255720883607864,0.3466975688934326,0.5988031029701233,-0.06310538947582245,0.44883593916893005,0.5843073725700378,-0.08960529416799545,0.44686681032180786,0.6182360053062439,-0.08278610557317734,0.4223836660385132,0.625629723072052,-0.07676876336336136,0.3610322177410126,0.6547360420227051,-0.07609079778194427,0.4425254464149475,0.6417019963264465,-0.09342499077320099,0.4396437406539917,0.6633050441741943,-0.08955852687358856,0.41724199056625366,0.6714330911636353,-0.08536375313997269
176,0.6914467811584473,0.765505850315094,-3.443826415150397e-07,0.6670844554901123,0.6809256076812744,-0.015672167763113976,0.6295640468597412,0.5964059829711914,-0.032874349504709244,0.5905032157897949,0.5357223153114319,-0.04771880432963371,0.57535719871521,0.5049058198928833,-0.0596858486533165,0.6760899424552917,0.5508862137794495,-0.04130927473306656,0.575933575630188,0.5452330112457275,-0.07253406196832657,0.5787786245346069,0.5895480513572693,-0.0827770084142685,0.6040770411491394,0.5998215675354004,-0.08675002306699753,0.6774458885192871,0.6017231345176697,-0.046737272292375565,0.5655767917633057,0.6047401428222656,-0.07773231714963913,0.5755656361579895,0.639769434928894,-0.07620055973529816,0.6016795635223389,0.6437963247299194,-0.07351403683423996,0.6672325730323792,0.6582551002502441,-0.05409809947013855,0.565451443195343,0.6570839881896973,-0.08421071618795395,0.5767021179199219,0.689351499080658,-0.0704759806394577,0.6041470170021057,0.6924863457679749,-0.05804852023720741,0.6516266465187073,0.7145219445228577,-0.062137920409440994,0.5709341764450073,0.7118943929672241,-0.08524005860090256,0.5837810039520264,0.733832597732544,-0.08011274039745331,0.6114144325256348,0.7332113981246948,-0.07266100496053696,0.34852132201194763,0.7225178480148315,-1.4338689879878075e-07,0.35936859250068665,0.6509689688682556,-0.010898126289248466,0.3814944326877594,0.5624375939369202,-0.026669370010495186,0.4081040322780609,0.5017554759979248,-0.042130909860134125,0.4281538128852844,0.4659915566444397,-0.054307788610458374,0.33204835653305054,0.5051921010017395,-0.04514399915933609,0.42651522159576416,0.48737531900405884,-0.0776534229516983,0.43289926648139954,0.5346261262893677,-0.0910322293639183,0.41048550605773926,0.5486708879470825,-0.09904032945632935,0.32784152030944824,0.5455326437950134,-0.05638396367430687,0.44100818037986755,0.5354977250099182,-0.0849723294377327,0.43714240193367004,0.5809076428413391,-0.08529354631900787,0.41262921690940857,0.5886169075965881,-0.08592233061790466,0.3366389870643616,0.5986130833625793,-0.06875348091125488,0.44283154606819153,0.5931708216667175,-0.09415090829133987,0.4361640214920044,0.6334024667739868,-0.08543504774570465,0.412833034992218,0.6388639807701111,-0.07907803356647491,0.35450488328933716,0.6557621955871582,-0.08218785375356674,0.4418874979019165,0.6477031111717224,-0.09664753824472427,0.43391963839530945,0.6758294105529785,-0.09137075394392014,0.4093667268753052,0.6833937168121338,-0.0874861478805542
177,0.6890059113502502,0.7201502323150635,-2.816869084654172e-07,0.6600638628005981,0.6225280165672302,-0.011302949860692024,0.6330142021179199,0.5322171449661255,-0.02529739774763584,0.6005656123161316,0.4713406562805176,-0.03711089864373207,0.5857681035995483,0.4476616382598877,-0.04542752355337143,0.6791046857833862,0.48055270314216614,-0.034124184399843216,0.578388512134552,0.4848056435585022,-0.0561998151242733,0.5826422572135925,0.5260757207870483,-0.06066396087408066,0.6091362833976746,0.5343250036239624,-0.062428124248981476,0.6839569807052612,0.5251761674880981,-0.04023280367255211,0.5678211450576782,0.5382668972015381,-0.06308617442846298,0.5814961194992065,0.5732102990150452,-0.059698961675167084,0.6093721985816956,0.5728728771209717,-0.05722692236304283,0.6769794225692749,0.5796330571174622,-0.047327470034360886,0.5676987767219543,0.5922391414642334,-0.06883677840232849,0.5839799046516418,0.6208543181419373,-0.056321222335100174,0.6142364740371704,0.6175175309181213,-0.04709318280220032,0.6636860966682434,0.6379689574241638,-0.05518151447176933,0.5720773935317993,0.6464433073997498,-0.07385183125734329,0.584168553352356,0.664402961730957,-0.07105584442615509,0.6123079657554626,0.6600955128669739,-0.06665217876434326,0.3335845172405243,0.7423750162124634,-1.6396738544699474e-07,0.3509540259838104,0.6693551540374756,-0.013652271591126919,0.37972205877304077,0.5884810090065002,-0.029744690284132957,0.4055515229701996,0.5320073366165161,-0.044800713658332825,0.41933491826057434,0.5045825839042664,-0.05746981501579285,0.3317483067512512,0.5429927110671997,-0.04750189185142517,0.4240871071815491,0.5284802317619324,-0.07892027497291565,0.43256625533103943,0.562475860118866,-0.09608441591262817,0.4088876247406006,0.5763981342315674,-0.10704034566879272,0.32989299297332764,0.5909213423728943,-0.05775483325123787,0.4410160183906555,0.587769091129303,-0.0836234912276268,0.4351060092449188,0.6176661252975464,-0.08784878998994827,0.40570253133773804,0.6252195835113525,-0.0925927385687828,0.34053272008895874,0.6499886512756348,-0.06877996772527695,0.4448905885219574,0.6444971561431885,-0.09141625463962555,0.43677785992622375,0.6676579117774963,-0.08572517335414886,0.4116867780685425,0.6729254722595215,-0.0825638473033905,0.35810089111328125,0.7111728191375732,-0.08125404268503189,0.44406405091285706,0.70916748046875,-0.09659609943628311,0.43936851620674133,0.7239071130752563,-0.09273310750722885,0.41969335079193115,0.7295924425125122,-0.08967975527048111
178,0.6901036500930786,0.720763087272644,-4.195758833702712e-07,0.6663605570793152,0.6339272260665894,-0.011547952890396118,0.6416729092597961,0.5472850799560547,-0.02702542394399643,0.6120120286941528,0.48182880878448486,-0.04082764312624931,0.5949879884719849,0.43592870235443115,-0.0509563647210598,0.683139979839325,0.4860799312591553,-0.040994495153427124,0.5834057927131653,0.4798915684223175,-0.06791316717863083,0.5833022594451904,0.5273710489273071,-0.07298487424850464,0.60687255859375,0.5425280928611755,-0.07401921600103378,0.6852228045463562,0.5308741331100464,-0.04829830303788185,0.5713582634925842,0.5410059094429016,-0.07587778568267822,0.5836581587791443,0.5814557075500488,-0.07189718633890152,0.6110356450080872,0.5846173763275146,-0.06832974404096603,0.6755545139312744,0.5853913426399231,-0.05674051120877266,0.5699802041053772,0.5978206396102905,-0.080969899892807,0.5851288437843323,0.631716251373291,-0.06622199714183807,0.6135754585266113,0.6323684453964233,-0.05554129183292389,0.6602833867073059,0.6427225470542908,-0.06605439633131027,0.5747367143630981,0.653764009475708,-0.0868397131562233,0.5867099165916443,0.6740240454673767,-0.08380500972270966,0.6125027537345886,0.6704811453819275,-0.07885976135730743,0.3274762034416199,0.7598221302032471,-1.9980906529326603e-07,0.3462062180042267,0.688504695892334,-0.01714702881872654,0.3811200261116028,0.6048181653022766,-0.034573473036289215,0.4097539782524109,0.5430912375450134,-0.04988068714737892,0.41830334067344666,0.49817508459091187,-0.061759304255247116,0.34232157468795776,0.5548545718193054,-0.05763934552669525,0.4408223628997803,0.5527883768081665,-0.09267345815896988,0.4385922849178314,0.5944802761077881,-0.10612212121486664,0.40945902466773987,0.6022903323173523,-0.11336588114500046,0.3387972116470337,0.6064374446868896,-0.066960409283638,0.45533356070518494,0.6045459508895874,-0.10067486017942429,0.44177770614624023,0.6416963338851929,-0.1029151901602745,0.411260724067688,0.6467439532279968,-0.10386364907026291,0.3470184803009033,0.6691674590110779,-0.07684754580259323,0.457261860370636,0.6628274917602539,-0.10656812787055969,0.4410772919654846,0.6910749673843384,-0.09725689142942429,0.41311895847320557,0.6950383186340332,-0.08915095776319504,0.36147788166999817,0.7343631982803345,-0.08787110447883606,0.44818970561027527,0.7248708605766296,-0.10695326328277588,0.4392073452472687,0.7353270053863525,-0.1019880622625351,0.4165439009666443,0.7341958284378052,-0.09680700302124023
179,0.6782839298248291,0.7726277112960815,-3.885662067659723e-07,0.6504380106925964,0.6776942014694214,-0.011864935979247093,0.616672933101654,0.5857244729995728,-0.027458127588033676,0.5850527882575989,0.5309339761734009,-0.04179958999156952,0.5716208815574646,0.5158900022506714,-0.05396636202931404,0.6663053035736084,0.5560499429702759,-0.03537682443857193,0.5679672956466675,0.5608004927635193,-0.06410137563943863,0.5738214254379272,0.6047174334526062,-0.07581078261137009,0.6009195446968079,0.6096616983413696,-0.0819731131196022,0.6709948182106018,0.6107020974159241,-0.04365738108754158,0.5601754784584045,0.6205905675888062,-0.07068394869565964,0.5749017596244812,0.6550527215003967,-0.0707196295261383,0.6044492125511169,0.6561262607574463,-0.07001660019159317,0.663443922996521,0.6701866388320923,-0.05316861718893051,0.5610999464988708,0.6783967614173889,-0.07562422007322311,0.5767049789428711,0.705893874168396,-0.06312192231416702,0.6068577766418457,0.7033900022506714,-0.05384383350610733,0.6492819786071777,0.7290951013565063,-0.06370148062705994,0.5680861473083496,0.7375442385673523,-0.07990974932909012,0.5845412015914917,0.7546476721763611,-0.07332630455493927,0.6154980659484863,0.7516211271286011,-0.06637163460254669,0.35299357771873474,0.7314122915267944,9.25611871593901e-08,0.35233399271965027,0.6549307107925415,-0.008880103938281536,0.365520179271698,0.5775300860404968,-0.0270345788449049,0.38478168845176697,0.5282124280929565,-0.04505607858300209,0.40197262167930603,0.501953125,-0.060239121317863464,0.3271266520023346,0.5218689441680908,-0.047967541962862015,0.41093629598617554,0.5019658803939819,-0.07908547669649124,0.4243043065071106,0.5398281812667847,-0.09232962876558304,0.4085722267627716,0.5586364269256592,-0.09908128529787064,0.32745200395584106,0.5635225176811218,-0.05958142876625061,0.431612104177475,0.5468910932540894,-0.08664125949144363,0.43598535656929016,0.586440920829773,-0.08703846484422684,0.412675142288208,0.6015650629997253,-0.08680669218301773,0.33942264318466187,0.6168093085289001,-0.07142122089862823,0.43983474373817444,0.6012552380561829,-0.09515517204999924,0.43674010038375854,0.638006865978241,-0.08496085554361343,0.41102471947669983,0.6484889984130859,-0.07700455188751221,0.3581680953502655,0.6733492612838745,-0.0837312787771225,0.43940863013267517,0.6578640341758728,-0.09787284582853317,0.43728581070899963,0.6836434602737427,-0.08946153521537781,0.4153963029384613,0.6937493085861206,-0.0824466273188591
180,0.6740217804908752,0.7726770043373108,-3.303627522655006e-07,0.6438916325569153,0.6837331056594849,-0.011966669000685215,0.6115668416023254,0.5950745940208435,-0.027770457789301872,0.5795928835868835,0.5350536108016968,-0.042116325348615646,0.5651620030403137,0.5042451620101929,-0.053697481751441956,0.6586951017379761,0.5516789555549622,-0.038836948573589325,0.560813844203949,0.5481247901916504,-0.068330317735672,0.5659910440444946,0.5938253402709961,-0.07807610929012299,0.5924710631370544,0.6013237237930298,-0.08250430971384048,0.6619990468025208,0.6021134853363037,-0.04672424495220184,0.5520094633102417,0.605466902256012,-0.07668278366327286,0.5646601319313049,0.6402357220649719,-0.07573054730892181,0.5929380655288696,0.6434600353240967,-0.07380038499832153,0.6540566682815552,0.6582695841789246,-0.055911317467689514,0.5530267953872681,0.6612781882286072,-0.08255427330732346,0.5685346722602844,0.6914086937904358,-0.06917762011289597,0.5988470911979675,0.6915632486343384,-0.058315761387348175,0.6404191255569458,0.7150745391845703,-0.06571213901042938,0.5595710277557373,0.7191160321235657,-0.08623223006725311,0.57684326171875,0.7376664280891418,-0.08114281296730042,0.6079855561256409,0.7352460026741028,-0.07447072863578796,0.3442859649658203,0.7339164614677429,-2.0204402062518056e-07,0.36310437321662903,0.6622284650802612,-0.017546476796269417,0.38170045614242554,0.5669217705726624,-0.03324006125330925,0.3958224952220917,0.49641674757003784,-0.04674767330288887,0.4024762511253357,0.44122520089149475,-0.056105442345142365,0.32222598791122437,0.5131155848503113,-0.048720501363277435,0.42049548029899597,0.4889777898788452,-0.08425938338041306,0.4278479218482971,0.5428741574287415,-0.09795466810464859,0.40262067317962646,0.5577530264854431,-0.1055324524641037,0.3182329833507538,0.555354118347168,-0.05651462823152542,0.43360435962677,0.5369204878807068,-0.0889957845211029,0.42971962690353394,0.5886156558990479,-0.08900175988674164,0.40480008721351624,0.5970453023910522,-0.08852037042379379,0.32913729548454285,0.6097837686538696,-0.06643527001142502,0.43892329931259155,0.5940812826156616,-0.09647338837385178,0.43075093626976013,0.640625536441803,-0.0865371897816658,0.406677782535553,0.6496838927268982,-0.07836965471506119,0.35007432103157043,0.6667126417160034,-0.07783018797636032,0.43968576192855835,0.6519743204116821,-0.09760576486587524,0.42969831824302673,0.6849539875984192,-0.09412439912557602,0.4022517502307892,0.6959966421127319,-0.09033266454935074
181,0.6754677891731262,0.7260681390762329,-3.2604748412268236e-07,0.6452537775039673,0.6310341954231262,-0.008320297114551067,0.6165491342544556,0.5421175360679626,-0.022045603021979332,0.5854275822639465,0.4803324341773987,-0.03447839617729187,0.5705373287200928,0.45743927359580994,-0.04372166469693184,0.6652480959892273,0.48784562945365906,-0.0345679335296154,0.5657464861869812,0.4874027371406555,-0.055047161877155304,0.5689488053321838,0.5346521735191345,-0.05827626958489418,0.5952158570289612,0.5438974499702454,-0.059801723808050156,0.6694157123565674,0.5331240892410278,-0.04265749827027321,0.5556715130805969,0.5437764525413513,-0.06524400413036346,0.5684076547622681,0.5815560221672058,-0.060535985976457596,0.5967801809310913,0.5834299325942993,-0.057358674705028534,0.6625921726226807,0.5883614420890808,-0.0512293316423893,0.556257426738739,0.601748526096344,-0.07097531110048294,0.5716232061386108,0.631736695766449,-0.057244282215833664,0.602120578289032,0.63047194480896,-0.047934483736753464,0.6502395272254944,0.6462559700012207,-0.060473207384347916,0.5603892803192139,0.6553210020065308,-0.07711067795753479,0.5714972019195557,0.6732998490333557,-0.07323285192251205,0.598948061466217,0.6703343391418457,-0.06874582916498184,0.330417275428772,0.7645779848098755,-2.004266690391887e-07,0.3549017608165741,0.6868413686752319,-0.010360530577600002,0.38235026597976685,0.6014503240585327,-0.023651735857129097,0.403818815946579,0.5415166616439819,-0.037061650305986404,0.4128023684024811,0.5031259059906006,-0.049264293164014816,0.33093488216400146,0.5620376467704773,-0.04072899371385574,0.41034188866615295,0.5481573939323425,-0.07200423628091812,0.43149852752685547,0.5858567953109741,-0.09048595279455185,0.42116475105285645,0.6066299676895142,-0.10128942131996155,0.3238232731819153,0.613227128982544,-0.05175342410802841,0.4251481592655182,0.6095595359802246,-0.07536803930997849,0.43168655037879944,0.6444552540779114,-0.08132558315992355,0.41221585869789124,0.6584990620613098,-0.08684401959180832,0.3293519616127014,0.6752861738204956,-0.06339859217405319,0.4274848699569702,0.6715855598449707,-0.08507315814495087,0.43139439821243286,0.6971818804740906,-0.08061682432889938,0.41448381543159485,0.706059455871582,-0.07783003151416779,0.34313198924064636,0.739194393157959,-0.07599823921918869,0.4257701635360718,0.7393883466720581,-0.0890536904335022,0.43177342414855957,0.7551184892654419,-0.08266454935073853,0.419490784406662,0.7616446018218994,-0.077597975730896
182,0.6865382790565491,0.7316622734069824,-3.885448620621901e-07,0.6596038341522217,0.6438479423522949,-0.012620721943676472,0.628350019454956,0.5555872321128845,-0.029638459905982018,0.5912110805511475,0.4970300793647766,-0.04480298236012459,0.564189076423645,0.4745800495147705,-0.05627529323101044,0.6757471561431885,0.49844062328338623,-0.04193462058901787,0.5766326785087585,0.4878244698047638,-0.07109628617763519,0.5774466395378113,0.536518394947052,-0.07805235683917999,0.6031702160835266,0.5517489910125732,-0.08029060810804367,0.6789437532424927,0.5451973676681519,-0.049951616674661636,0.564723789691925,0.5492028594017029,-0.08026033639907837,0.57771897315979,0.590935230255127,-0.07714293897151947,0.6069295406341553,0.5948454737663269,-0.07316671311855316,0.6696502566337585,0.6009718775749207,-0.05928473919630051,0.5631647109985352,0.607648491859436,-0.08611615747213364,0.5801087617874146,0.6424498558044434,-0.07218807190656662,0.6108514666557312,0.6421754956245422,-0.06093548610806465,0.6545461416244507,0.6585478782653809,-0.06945142894983292,0.568615734577179,0.665637731552124,-0.09082665294408798,0.5820847749710083,0.6870059370994568,-0.08686019480228424,0.6096349954605103,0.684035062789917,-0.0810019001364708,0.3322124183177948,0.7835625410079956,-2.887776417992427e-07,0.3608378767967224,0.7111871838569641,-0.02025088295340538,0.3985411524772644,0.628440260887146,-0.03879488259553909,0.42571377754211426,0.5661033987998962,-0.05497876927256584,0.426256000995636,0.5328973531723022,-0.0677313506603241,0.34154677391052246,0.5711784362792969,-0.05690764635801315,0.4410396218299866,0.5808888673782349,-0.0937679335474968,0.4384520351886749,0.6280207633972168,-0.11136883497238159,0.4077836871147156,0.6337941884994507,-0.12240555882453918,0.33535563945770264,0.6230159997940063,-0.06531236320734024,0.45473429560661316,0.6357234120368958,-0.09910613298416138,0.43913906812667847,0.6776366829872131,-0.10282620042562485,0.40820375084877014,0.6794784665107727,-0.10596003383398056,0.3425133526325226,0.6876242756843567,-0.07512111216783524,0.45335501432418823,0.6943750381469727,-0.10412966459989548,0.4347212612628937,0.7258309125900269,-0.09671395272016525,0.40632349252700806,0.7268436551094055,-0.09138693660497665,0.357654869556427,0.7539458274841309,-0.08682576566934586,0.44465428590774536,0.754627525806427,-0.10546421259641647,0.428032785654068,0.7700017690658569,-0.10275118798017502,0.39951658248901367,0.7692621350288391,-0.10056779533624649
183,0.672375500202179,0.7850530743598938,-4.0609160123494803e-07,0.6438819766044617,0.6879972219467163,-0.012626729905605316,0.6118112802505493,0.595252275466919,-0.029608387500047684,0.5808804631233215,0.5394251346588135,-0.04503737762570381,0.5699631571769714,0.5270904302597046,-0.05799167975783348,0.6629915237426758,0.5634220242500305,-0.03976308926939964,0.5615061521530151,0.569359540939331,-0.068475641310215,0.5670140981674194,0.6128722429275513,-0.07905533909797668,0.5943301320075989,0.6180669665336609,-0.08462608605623245,0.6695516705513,0.620992124080658,-0.048464685678482056,0.5560504198074341,0.6348727941513062,-0.07666739821434021,0.5712361335754395,0.6668588519096375,-0.07677922397851944,0.6017453670501709,0.666553795337677,-0.07612382620573044,0.663512110710144,0.683326244354248,-0.05800586938858032,0.5586618781089783,0.694468080997467,-0.08189062029123306,0.5752041339874268,0.7185855507850647,-0.0690230205655098,0.6067585349082947,0.7140968441963196,-0.05930617079138756,0.6501852869987488,0.7453311681747437,-0.06846245378255844,0.5674413442611694,0.7530881762504578,-0.08658984303474426,0.5852044224739075,0.7672430872917175,-0.07994339615106583,0.6181748509407043,0.7622599005699158,-0.07250504195690155,0.3468858003616333,0.7522500157356262,1.0312876247420277e-10,0.36013004183769226,0.6782628893852234,-0.015413601882755756,0.38156208395957947,0.59441739320755,-0.03344403952360153,0.4017084836959839,0.5370229482650757,-0.049682341516017914,0.4143851101398468,0.4974343180656433,-0.0624062679708004,0.3319661319255829,0.5353107452392578,-0.052339158952236176,0.42651084065437317,0.527325451374054,-0.08572874963283539,0.43043404817581177,0.5691657066345215,-0.09814640134572983,0.40895920991897583,0.5816032290458679,-0.10487376898527145,0.32586783170700073,0.5741438865661621,-0.06049499288201332,0.4398137032985687,0.5710347294807434,-0.0903598964214325,0.43443763256073,0.6129893660545349,-0.0889001190662384,0.4094013571739197,0.6220425963401794,-0.08780398964881897,0.33214253187179565,0.6272671222686768,-0.06996951997280121,0.44006696343421936,0.6222386360168457,-0.09745020419359207,0.4301498234272003,0.6618877053260803,-0.08662696927785873,0.40503621101379395,0.6683336496353149,-0.0784982219338417,0.34757307171821594,0.6857187151908875,-0.08050743490457535,0.43597063422203064,0.6776562333106995,-0.0990988165140152,0.4263022541999817,0.7059183716773987,-0.09398825466632843,0.4003342092037201,0.7127468585968018,-0.08942011743783951
184,0.690984308719635,0.778919517993927,-2.832025813859218e-07,0.6662617325782776,0.6816461086273193,-0.011967232450842857,0.6311060190200806,0.5930271148681641,-0.02813330665230751,0.5935937762260437,0.5345215797424316,-0.04277775064110756,0.5733333826065063,0.5115746855735779,-0.05489148572087288,0.6672788262367249,0.5571308732032776,-0.0401458665728569,0.5646073818206787,0.5568528175354004,-0.06948558986186981,0.57175213098526,0.5983858704566956,-0.07886718958616257,0.5997291207313538,0.6060501337051392,-0.0826435536146164,0.6715325117111206,0.6074462532997131,-0.04703584685921669,0.5583322644233704,0.6160845756530762,-0.07535635679960251,0.5718379616737366,0.6488201022148132,-0.07389913499355316,0.5995420217514038,0.6506140232086182,-0.07177028059959412,0.6650458574295044,0.6629088521003723,-0.05503245070576668,0.5606847405433655,0.6691282391548157,-0.08058172464370728,0.5753023624420166,0.6968457698822021,-0.06723998486995697,0.6046536564826965,0.69707852602005,-0.05641916021704674,0.6521723866462708,0.7188153266906738,-0.06369678676128387,0.5699855089187622,0.7246837615966797,-0.08293654024600983,0.584638237953186,0.7435402870178223,-0.07710863649845123,0.6136289238929749,0.7429748773574829,-0.06985005736351013,0.33500635623931885,0.7576054334640503,-2.0959468827186356e-07,0.35265082120895386,0.6892066597938538,-0.01417789701372385,0.3798215687274933,0.5975529551506042,-0.030016489326953888,0.4054200351238251,0.5331738591194153,-0.04480878263711929,0.42054301500320435,0.48528778553009033,-0.05604757368564606,0.327218621969223,0.5432173609733582,-0.046821098774671555,0.42677822709083557,0.523280918598175,-0.08227824419736862,0.43004557490348816,0.5712922215461731,-0.09794102609157562,0.4041445255279541,0.5847086310386658,-0.10695280879735947,0.32362744212150574,0.5874059796333313,-0.056412797421216965,0.4381500482559204,0.5747067332267761,-0.088664211332798,0.4311085343360901,0.6190581321716309,-0.09152618050575256,0.4063999652862549,0.624301016330719,-0.09357693791389465,0.3329067528247833,0.6414502859115601,-0.06757527589797974,0.4400172233581543,0.6285280585289001,-0.09638150781393051,0.4300503134727478,0.6688005924224854,-0.08796878904104233,0.4071587026119232,0.6744522452354431,-0.0812469944357872,0.3505132794380188,0.6974965929985046,-0.07999194413423538,0.440097451210022,0.6812212467193604,-0.0976301059126854,0.42967644333839417,0.7085335850715637,-0.09345579147338867,0.4044671952724457,0.7171415090560913,-0.08967780321836472
185,0.6799754500389099,0.7324254512786865,-3.7672577946068486e-07,0.6454193592071533,0.6364015936851501,-0.006463466677814722,0.6205150485038757,0.549434244632721,-0.0194917730987072,0.59427410364151,0.48767295479774475,-0.0318218357861042,0.5790887475013733,0.45267602801322937,-0.040727511048316956,0.6722322106361389,0.4843609929084778,-0.031430795788764954,0.5737220644950867,0.4861738085746765,-0.05296079069375992,0.576393187046051,0.5329331159591675,-0.05676298961043358,0.6015332937240601,0.5438340902328491,-0.05819501355290413,0.6792188882827759,0.5267311930656433,-0.040966104716062546,0.5640490055084229,0.5417102575302124,-0.06406556069850922,0.57741779088974,0.5792550444602966,-0.06026222184300423,0.6056413054466248,0.5810663104057312,-0.05777917057275772,0.6735730767250061,0.5814570784568787,-0.051145996898412704,0.5645998120307922,0.5984670519828796,-0.07156192511320114,0.5808615684509277,0.6298182010650635,-0.05740010738372803,0.6104329228401184,0.627350926399231,-0.04798772186040878,0.6611641049385071,0.6408296823501587,-0.061861343681812286,0.5695825219154358,0.6540679335594177,-0.07945501804351807,0.5803164839744568,0.6743025779724121,-0.07517629861831665,0.6065302491188049,0.6703452467918396,-0.07024713605642319,0.3202389180660248,0.784818708896637,-3.3179509273395524e-07,0.34443625807762146,0.7063467502593994,-0.016801131889224052,0.3790656626224518,0.6167019009590149,-0.03262777253985405,0.4064483940601349,0.552058219909668,-0.04725562036037445,0.41556835174560547,0.5078946948051453,-0.05851104483008385,0.3387255072593689,0.5623939037322998,-0.04914913326501846,0.44353702664375305,0.5711041688919067,-0.08591984212398529,0.44372987747192383,0.6233314275741577,-0.10294871777296066,0.4132879674434662,0.6350118517875671,-0.11251614987850189,0.33183613419532776,0.6156217455863953,-0.058336153626441956,0.4523283839225769,0.6296327114105225,-0.0899992510676384,0.4404902756214142,0.6764349937438965,-0.09316962957382202,0.41098910570144653,0.6798394918441772,-0.09582260251045227,0.33720582723617554,0.6809931993484497,-0.06921152025461197,0.4504060745239258,0.6904065012931824,-0.0973396748304367,0.4366188645362854,0.7260432839393616,-0.0902581587433815,0.4090714156627655,0.7286803722381592,-0.08452010899782181,0.3502189517021179,0.7487714290618896,-0.08170800656080246,0.442110538482666,0.7501194477081299,-0.09770430624485016,0.4299049377441406,0.7700518369674683,-0.09311242401599884,0.40209680795669556,0.7738012671470642,-0.08925636857748032
186,0.6963121294975281,0.7307763695716858,-4.174061132289353e-07,0.668661892414093,0.6433485150337219,-0.008593150414526463,0.6419192552566528,0.5557162761688232,-0.021594420075416565,0.612585186958313,0.49121373891830444,-0.03347926586866379,0.595578670501709,0.4426041841506958,-0.04148799553513527,0.6855582594871521,0.49566513299942017,-0.03330855816602707,0.584309995174408,0.4939028322696686,-0.058681342750787735,0.5881427526473999,0.5417460203170776,-0.06489729881286621,0.6138209104537964,0.5549692511558533,-0.06682256609201431,0.6875235438346863,0.5389100313186646,-0.04152718186378479,0.5735229253768921,0.5502125024795532,-0.06650271266698837,0.5894773006439209,0.5882949233055115,-0.06396059691905975,0.6175592541694641,0.5910868644714355,-0.061645422130823135,0.6789143681526184,0.5926317572593689,-0.05074122175574303,0.5733548402786255,0.6064249277114868,-0.07244480401277542,0.5919421911239624,0.6377964019775391,-0.05909673497080803,0.6212931871414185,0.6366487741470337,-0.04972142353653908,0.6650087833404541,0.6504616737365723,-0.06066527217626572,0.5793094635009766,0.661870539188385,-0.0789242759346962,0.5936734080314636,0.6818535327911377,-0.07503272593021393,0.6207786202430725,0.6793981194496155,-0.06962009519338608,0.3320310711860657,0.7724297642707825,-1.5075154635724175e-07,0.3375353515148163,0.6999726295471191,-0.006113315001130104,0.3645494282245636,0.6166377067565918,-0.021422050893306732,0.3961871266365051,0.5575569272041321,-0.037416160106658936,0.4153948426246643,0.514285683631897,-0.0504162535071373,0.3402172923088074,0.5753973126411438,-0.043908990919589996,0.41901737451553345,0.5415768623352051,-0.08059986680746078,0.4268847703933716,0.5764349102973938,-0.09852173179388046,0.40824922919273376,0.5929992198944092,-0.10719374567270279,0.34134310483932495,0.6163965463638306,-0.057513266801834106,0.44371604919433594,0.6003062725067139,-0.08538050204515457,0.43863528966903687,0.6362073421478271,-0.08587263524532318,0.41190409660339355,0.6445481777191162,-0.08667731285095215,0.3514476418495178,0.6680375933647156,-0.07220681756734848,0.4491586983203888,0.6592059135437012,-0.09449001401662827,0.438400000333786,0.6901662349700928,-0.08197488635778427,0.41172733902931213,0.6955992579460144,-0.07397504895925522,0.36707159876823425,0.724124550819397,-0.08773194998502731,0.44616904854774475,0.7130997180938721,-0.09838250279426575,0.43534600734710693,0.737401008605957,-0.0872739851474762,0.4097149968147278,0.7455684542655945,-0.07975861430168152
187,0.6968017816543579,0.7890544533729553,-3.8070493246777914e-07,0.6711447834968567,0.6937030553817749,-0.011833669617772102,0.6318886876106262,0.5942947864532471,-0.027448028326034546,0.592549741268158,0.5331569910049438,-0.04174317419528961,0.5721800327301025,0.5295881032943726,-0.05317561328411102,0.6747525334358215,0.5627729296684265,-0.03444783389568329,0.5730634927749634,0.5664413571357727,-0.06345079839229584,0.5803033709526062,0.614657998085022,-0.07338841259479523,0.6091417670249939,0.6185802221298218,-0.07836836576461792,0.6791771650314331,0.6188159584999084,-0.043109212070703506,0.5652244091033936,0.6271517276763916,-0.07191102206707001,0.5817508697509766,0.665722131729126,-0.0700785368680954,0.6116036772727966,0.6665273308753967,-0.06732403486967087,0.6703900694847107,0.6818884015083313,-0.05326089262962341,0.564949631690979,0.6867160201072693,-0.0763440951704979,0.5816959738731384,0.7194792032241821,-0.0612478107213974,0.6131663918495178,0.7169477939605713,-0.049549322575330734,0.6559780240058899,0.7440083026885986,-0.06451355665922165,0.5682704448699951,0.7470067739486694,-0.07980329543352127,0.5853089690208435,0.7659851312637329,-0.07246869057416916,0.6167882084846497,0.7631889581680298,-0.06506827473640442,0.3412081003189087,0.7361576557159424,-3.502520229403672e-08,0.34796464443206787,0.650394082069397,-0.010926971212029457,0.3688358664512634,0.5639057159423828,-0.027963360771536827,0.38987499475479126,0.5043838620185852,-0.044269587844610214,0.40267232060432434,0.4669448137283325,-0.05700886994600296,0.3434295058250427,0.501883327960968,-0.047606490552425385,0.4388500452041626,0.49567654728889465,-0.07825514674186707,0.4456334710121155,0.5423976182937622,-0.08952165395021439,0.422415554523468,0.5565659999847412,-0.09546837955713272,0.33870929479599,0.5420785546302795,-0.05729033425450325,0.44960111379623413,0.5432706475257874,-0.08308662474155426,0.4489055573940277,0.5890547037124634,-0.08189543336629868,0.4240249991416931,0.5988944172859192,-0.08132267743349075,0.34493839740753174,0.59764564037323,-0.06758590787649155,0.4513719975948334,0.5975911617279053,-0.08990561217069626,0.4434916079044342,0.6373112201690674,-0.07991627603769302,0.41557103395462036,0.642733097076416,-0.07269515842199326,0.3589482307434082,0.6574482917785645,-0.07867643237113953,0.4461386501789093,0.6531148552894592,-0.09185368567705154,0.4369366466999054,0.6780427694320679,-0.08552421629428864,0.41004425287246704,0.6830012798309326,-0.08033079653978348
188,0.6817018389701843,0.758618950843811,-4.26725080160395e-07,0.6571821570396423,0.6672524213790894,-0.010712909512221813,0.6321165561676025,0.578323483467102,-0.02621992491185665,0.6012656688690186,0.5168149471282959,-0.03984591364860535,0.5827739834785461,0.47971683740615845,-0.05024775490164757,0.6811881065368652,0.5314517021179199,-0.04159732162952423,0.5774704813957214,0.5208080410957336,-0.06989316642284393,0.5758481621742249,0.5667969584465027,-0.0766291618347168,0.5991442203521729,0.5833975076675415,-0.07783234119415283,0.6855044960975647,0.577620267868042,-0.04831413924694061,0.5675486922264099,0.5827450752258301,-0.07793056219816208,0.5782362222671509,0.617533802986145,-0.0751463770866394,0.6066978573799133,0.6225342154502869,-0.07186362147331238,0.6764281988143921,0.6310337781906128,-0.0557962991297245,0.5678189992904663,0.6368557214736938,-0.08242559432983398,0.5816989541053772,0.6647058725357056,-0.06787128746509552,0.6103555560112,0.6649544835090637,-0.0560128390789032,0.6598721146583557,0.6846453547477722,-0.06357693672180176,0.5738677978515625,0.6883708834648132,-0.08340325206518173,0.584230363368988,0.7089986801147461,-0.07760637253522873,0.6096847653388977,0.7071239948272705,-0.07042017579078674,0.33623290061950684,0.7467350363731384,-2.2020451240223338e-07,0.34487053751945496,0.671918511390686,-0.009704378433525562,0.37243419885635376,0.5853201746940613,-0.0265867467969656,0.4047071635723114,0.52531898021698,-0.043043527752161026,0.42468252778053284,0.4838895797729492,-0.056452248245477676,0.3352455794811249,0.537703275680542,-0.05170804262161255,0.42345649003982544,0.5148993730545044,-0.08663595467805862,0.4334602355957031,0.5610233545303345,-0.10161556303501129,0.4145023226737976,0.5813869833946228,-0.10957410931587219,0.3353785276412964,0.5830482244491577,-0.0641053318977356,0.443540096282959,0.566932737827301,-0.0929354876279831,0.4405844807624817,0.6109395623207092,-0.09276402741670609,0.41600319743156433,0.6249824166297913,-0.09312287718057632,0.34627270698547363,0.6389291286468506,-0.07722033560276031,0.4478493332862854,0.6277578473091125,-0.10139929503202438,0.4384101629257202,0.6643889546394348,-0.09038948267698288,0.41254371404647827,0.6726862788200378,-0.08323081582784653,0.36402809619903564,0.6976293921470642,-0.09123454988002777,0.44674089550971985,0.6866375207901001,-0.10436822474002838,0.4369867146015167,0.7119244337081909,-0.09613862633705139,0.4111882448196411,0.7187595963478088,-0.09062813967466354
189,0.694282591342926,0.7162204384803772,-2.9265513035170443e-07,0.6627341508865356,0.6218271255493164,-0.010535190813243389,0.6415390372276306,0.5268360376358032,-0.023310599848628044,0.6153464317321777,0.4588659405708313,-0.03393226116895676,0.5935424566268921,0.4260426163673401,-0.04136808216571808,0.6889193058013916,0.4765721261501312,-0.03401793912053108,0.5874608159065247,0.4717560410499573,-0.05428657308220863,0.5891465544700623,0.5174093246459961,-0.05850345268845558,0.6133052706718445,0.5295087695121765,-0.06023169681429863,0.692020058631897,0.5159425735473633,-0.039791129529476166,0.5784007906913757,0.5228211283683777,-0.05872291699051857,0.5903576016426086,0.561834454536438,-0.0541987381875515,0.6160007119178772,0.5666095018386841,-0.05170927569270134,0.6845191717147827,0.56825190782547,-0.04631035774946213,0.5792865753173828,0.5782461762428284,-0.06133042648434639,0.5923876166343689,0.6103343963623047,-0.04859552159905434,0.619500458240509,0.6117096543312073,-0.041343096643686295,0.6715285181999207,0.6245583295822144,-0.053918931633234024,0.5839325785636902,0.6347721219062805,-0.0662011057138443,0.5935164093971252,0.6542682647705078,-0.06235950440168381,0.6181764602661133,0.6528751850128174,-0.05868443846702576,0.3191647529602051,0.7849335670471191,-3.803027368576295e-07,0.3477708101272583,0.704902708530426,-0.017351334914565086,0.3913475573062897,0.6190688610076904,-0.03356271609663963,0.42582449316978455,0.5580490231513977,-0.04836306720972061,0.43773016333580017,0.5273158550262451,-0.06002623587846756,0.3641929626464844,0.5718992948532104,-0.04926158860325813,0.4701279103755951,0.5963305830955505,-0.08554218709468842,0.4622170329093933,0.6409059762954712,-0.10350827872753143,0.4293029308319092,0.6458364129066467,-0.11434802412986755,0.3579140901565552,0.6290340423583984,-0.059018611907958984,0.47684019804000854,0.6536905765533447,-0.09042458981275558,0.45736148953437805,0.6946086883544922,-0.09384529292583466,0.42793402075767517,0.6955664753913879,-0.09670820087194443,0.36115801334381104,0.695443332195282,-0.07033456861972809,0.4729531705379486,0.7148475050926208,-0.09728074073791504,0.45241835713386536,0.7451788187026978,-0.08972834050655365,0.42493245005607605,0.7440552711486816,-0.08382949233055115,0.371256023645401,0.7626650929450989,-0.08355848491191864,0.4614095687866211,0.7740588188171387,-0.09861617535352707,0.445301353931427,0.7899777889251709,-0.09302862733602524,0.4182393550872803,0.7894532084465027,-0.08873827755451202
190,0.0,0.0,0.0,0.0,0.0,0.0,0.0,0.0,0.0,0.0,0.0,0.0,0.0,0.0,0.0,0.0,0.0,0.0,0.0,0.0,0.0,0.0,0.0,0.0,0.0,0.0,0.0,0.0,0.0,0.0,0.0,0.0,0.0,0.0,0.0,0.0,0.0,0.0,0.0,0.0,0.0,0.0,0.0,0.0,0.0,0.0,0.0,0.0,0.0,0.0,0.0,0.0,0.0,0.0,0.0,0.0,0.0,0.0,0.0,0.0,0.0,0.0,0.0,0.3365652561187744,0.7595218420028687,-8.42602343453791e-09,0.34530317783355713,0.6788814067840576,-0.0077386596240103245,0.3776581883430481,0.6032803058624268,-0.027099261060357094,0.4132314622402191,0.5559049248695374,-0.04624047875404358,0.43151986598968506,0.5314576029777527,-0.06268094480037689,0.36306557059288025,0.5602942705154419,-0.05190608650445938,0.4509935975074768,0.5479901432991028,-0.08383607119321823,0.4517732858657837,0.578814685344696,-0.09838615357875824,0.42908990383148193,0.589865505695343,-0.10609545558691025,0.3621492087841034,0.6054432392120361,-0.06424373388290405,0.4658955931663513,0.6044718623161316,-0.09097284823656082,0.45681124925613403,0.6302400231361389,-0.09182059019804001,0.42739471793174744,0.6365162134170532,-0.09283610433340073,0.3692711591720581,0.6604305505752563,-0.07636738568544388,0.4667549729347229,0.6602907776832581,-0.095255047082901,0.45482879877090454,0.6798785924911499,-0.08435683697462082,0.4270886480808258,0.6814892292022705,-0.07777754962444305,0.3821139633655548,0.7180240750312805,-0.08921220153570175,0.4592027962207794,0.7184666991233826,-0.09868147224187851,0.45302194356918335,0.7338327765464783,-0.08988235145807266,0.43156903982162476,0.7355608940124512,-0.08399003744125366
191,0.6882134079933167,0.8237507343292236,-5.606092940979579e-07,0.6610069274902344,0.7114199995994568,-0.005167749244719744,0.6356210708618164,0.6036529541015625,-0.02214721217751503,0.6060362458229065,0.5405998826026917,-0.03953570872545242,0.5812587738037109,0.5295374393463135,-0.05557157099246979,0.6674882173538208,0.5673197507858276,-0.04258141294121742,0.5687060356140137,0.5604315400123596,-0.07360944151878357,0.578429639339447,0.6012247800827026,-0.08628573268651962,0.6041584610939026,0.6085696816444397,-0.09276636689901352,0.6692751049995422,0.6254284977912903,-0.05601853132247925,0.5577930808067322,0.6351655721664429,-0.08768626302480698,0.5762697458267212,0.6641074419021606,-0.08749853074550629,0.6108174920082092,0.6658448576927185,-0.08675582706928253,0.6610059142112732,0.689422607421875,-0.06946933269500732,0.5569581985473633,0.7022644281387329,-0.09579227864742279,0.5768968462944031,0.7260322570800781,-0.08214499056339264,0.6119629740715027,0.7208158373832703,-0.0714946985244751,0.6467504501342773,0.7514117956161499,-0.0833679810166359,0.5642299056053162,0.7629196047782898,-0.10009381920099258,0.5841219425201416,0.7784954905509949,-0.09191236644983292,0.6180160641670227,0.7702407836914062,-0.08437514305114746,0.3523806929588318,0.7307034134864807,6.949453279503359e-08,0.3582565188407898,0.6443025469779968,-0.012656508944928646,0.3800908923149109,0.5542863607406616,-0.031069152057170868,0.40819215774536133,0.49585241079330444,-0.04823317751288414,0.43207788467407227,0.4692542254924774,-0.06154942139983177,0.34490951895713806,0.500864565372467,-0.05281290411949158,0.4414900839328766,0.4979298710823059,-0.08135870099067688,0.44487330317497253,0.5417636036872864,-0.09012582898139954,0.42369434237480164,0.5521597266197205,-0.09511881321668625,0.3424539566040039,0.5462725162506104,-0.0623168908059597,0.45213979482650757,0.5476301312446594,-0.08695892989635468,0.448407918214798,0.5908751487731934,-0.08356357365846634,0.4222846031188965,0.5991446375846863,-0.08209086209535599,0.35075056552886963,0.6035996675491333,-0.07213049381971359,0.45506128668785095,0.6013651490211487,-0.09324023872613907,0.44456416368484497,0.6407431960105896,-0.08035062253475189,0.41706863045692444,0.6455973386764526,-0.07187656313180923,0.36549103260040283,0.6632036566734314,-0.08290926367044449,0.45094919204711914,0.6600561141967773,-0.09516258537769318,0.44119977951049805,0.6849997043609619,-0.0868283063173294,0.4148309528827667,0.6899502873420715,-0.08091865479946136
192,0.685408353805542,0.7566177248954773,-3.486874504687876e-07,0.664446234703064,0.6573143005371094,-0.012831730768084526,0.6372030377388,0.569018542766571,-0.030349023640155792,0.6031503081321716,0.5071489810943604,-0.045827850699424744,0.5765122771263123,0.4655858278274536,-0.05760321021080017,0.6804446578025818,0.5064083933830261,-0.03701404854655266,0.5806597471237183,0.49079814553260803,-0.06516387313604355,0.5755716562271118,0.5358417630195618,-0.07457657158374786,0.5957304835319519,0.5503301620483398,-0.07873363047838211,0.6819908022880554,0.550482451915741,-0.043660975992679596,0.5663405060768127,0.5512410402297974,-0.07323393225669861,0.576591968536377,0.5871731042861938,-0.07294826954603195,0.6043449640274048,0.5914859771728516,-0.07171282917261124,0.672211229801178,0.6042581796646118,-0.05185593292117119,0.5682069659233093,0.611000120639801,-0.07774758338928223,0.5821918249130249,0.6392879486083984,-0.06376234441995621,0.609947144985199,0.6377930641174316,-0.05297677963972092,0.6569107174873352,0.6584180593490601,-0.06086662784218788,0.5735810399055481,0.6623362302780151,-0.08031748235225677,0.5844082832336426,0.6841238737106323,-0.07450500130653381,0.6083469390869141,0.6818842887878418,-0.06771983951330185,0.33954474329948425,0.7530460357666016,-2.0356334573534696e-07,0.35811349749565125,0.672228217124939,-0.013751265592873096,0.38335147500038147,0.5865349173545837,-0.02990802191197872,0.40538689494132996,0.5285372734069824,-0.04550566524267197,0.4205843508243561,0.49508196115493774,-0.05859628692269325,0.33378493785858154,0.5520526766777039,-0.04946332424879074,0.4206359386444092,0.5383420586585999,-0.08446492999792099,0.42688581347465515,0.5747260451316833,-0.10444820672273636,0.40276139974594116,0.5878250598907471,-0.11681613326072693,0.327327162027359,0.6045230627059937,-0.060289375483989716,0.4416138529777527,0.606162965297699,-0.08908307552337646,0.4297682046890259,0.6411321759223938,-0.09402058273553848,0.3976176679134369,0.6494114398956299,-0.09901828318834305,0.3339187204837799,0.6667276620864868,-0.07203207910060883,0.4426502287387848,0.6678358316421509,-0.09579382836818695,0.4273295998573303,0.6957728862762451,-0.08839383721351624,0.3991866707801819,0.7009027600288391,-0.0842243880033493,0.34897443652153015,0.7310243844985962,-0.0854884535074234,0.4372784197330475,0.7299172878265381,-0.10055671632289886,0.42446672916412354,0.7481178045272827,-0.09469741582870483,0.398720383644104,0.7541391849517822,-0.0904981940984726
193,0.6855465769767761,0.7141513228416443,-3.59989428488916e-07,0.6589421033859253,0.6187683939933777,-0.0075471787713468075,0.6364190578460693,0.5256795287132263,-0.021541299298405647,0.608915388584137,0.4594804644584656,-0.03469725698232651,0.5943579077720642,0.43524789810180664,-0.044501468539237976,0.6830615401268005,0.4662340581417084,-0.03588414192199707,0.5837541818618774,0.4601966440677643,-0.05736080929636955,0.585374116897583,0.5083324313163757,-0.05969829857349396,0.6099622249603271,0.5209141969680786,-0.06005331128835678,0.6858006119728088,0.5121774077415466,-0.045348457992076874,0.5715444684028625,0.5212377309799194,-0.067843496799469,0.5851506590843201,0.5615500211715698,-0.06165439635515213,0.6137368083000183,0.5645205974578857,-0.05733535811305046,0.6771000027656555,0.5689613819122314,-0.055376458913087845,0.5699107050895691,0.5798563361167908,-0.07364298403263092,0.5864467620849609,0.6127817630767822,-0.05904177576303482,0.6168683767318726,0.6120740175247192,-0.049821965396404266,0.6634176969528198,0.6281421780586243,-0.06634242087602615,0.5755706429481506,0.6383649110794067,-0.08130332827568054,0.5872974991798401,0.6578413844108582,-0.07732643187046051,0.6138436198234558,0.6542669534683228,-0.07312283664941788,0.332522451877594,0.7688407897949219,-2.489328494448273e-07,0.3553834557533264,0.6966499090194702,-0.015311723574995995,0.38322463631629944,0.6095321178436279,-0.030990924686193466,0.406122624874115,0.5484955310821533,-0.04499712213873863,0.4124731123447418,0.5090274810791016,-0.055422231554985046,0.3251509368419647,0.556243360042572,-0.0491081103682518,0.42474639415740967,0.5496543645858765,-0.08286081999540329,0.4250923693180084,0.5978835821151733,-0.09851925820112228,0.3970010280609131,0.6080783605575562,-0.10821735858917236,0.32056939601898193,0.6063326001167297,-0.05830646678805351,0.4375957250595093,0.6072642803192139,-0.08852209150791168,0.4267001152038574,0.6527696847915649,-0.09087095409631729,0.39911314845085144,0.6588283777236938,-0.09330438822507858,0.3290034532546997,0.6669210195541382,-0.06860172003507614,0.439668744802475,0.6637946963310242,-0.09549321979284286,0.4256209433078766,0.702621579170227,-0.08686453849077225,0.399612694978714,0.7105823755264282,-0.08077041804790497,0.34632906317710876,0.7288694381713867,-0.08032184094190598,0.43595394492149353,0.7238949537277222,-0.09783419966697693,0.4235784411430359,0.7494003176689148,-0.09356886893510818,0.3972330391407013,0.7569536566734314,-0.089897021651268
194,0.7069768905639648,0.762542724609375,-5.236403239905485e-07,0.6812400817871094,0.6814419031143188,-0.0170921441167593,0.6428658366203308,0.5950276851654053,-0.03536742180585861,0.6045047640800476,0.5297267436981201,-0.05055910348892212,0.5868208408355713,0.4837155342102051,-0.06195434182882309,0.6834263205528259,0.5405944585800171,-0.048854559659957886,0.5814509987831116,0.5318237543106079,-0.07685273885726929,0.5776540040969849,0.5831694006919861,-0.08208965510129929,0.6007910370826721,0.6032687425613403,-0.08306819945573807,0.6850200891494751,0.5887574553489685,-0.05303007736802101,0.5667563080787659,0.594325840473175,-0.08173644542694092,0.5767405033111572,0.6369583606719971,-0.07758214324712753,0.6058705449104309,0.6442089080810547,-0.07378033548593521,0.6753886938095093,0.6440243124961853,-0.05825141817331314,0.5674847364425659,0.6518549919128418,-0.08255161345005035,0.5789504051208496,0.6870959401130676,-0.06708097457885742,0.6068761944770813,0.6899929046630859,-0.05599662661552429,0.660114586353302,0.6990981698036194,-0.06470368057489395,0.5752706527709961,0.7080564498901367,-0.08504188060760498,0.5867114067077637,0.7300024628639221,-0.08056960254907608,0.6136259436607361,0.7297288179397583,-0.07445650547742844,0.33376622200012207,0.7354907393455505,-7.830954729115547e-08,0.3534197211265564,0.6621622443199158,-0.018507421016693115,0.38141152262687683,0.5765140056610107,-0.036747273057699203,0.40539219975471497,0.5153694152832031,-0.05282222852110863,0.41558772325515747,0.474834144115448,-0.06553530693054199,0.32880595326423645,0.5192715525627136,-0.05269288271665573,0.42254766821861267,0.5097417235374451,-0.08668997883796692,0.42542576789855957,0.5553936958312988,-0.09940776973962784,0.40251269936561584,0.5652086734771729,-0.1069154143333435,0.32231318950653076,0.5557190179824829,-0.05977652594447136,0.4342282712459564,0.5526060461997986,-0.09090698510408401,0.4269823431968689,0.5975581407546997,-0.09033244848251343,0.4023406505584717,0.6013862490653992,-0.08981393277645111,0.32994991540908813,0.6069389581680298,-0.06868825107812881,0.4372439980506897,0.6035281419754028,-0.09697285294532776,0.42575445771217346,0.6431287527084351,-0.08796674758195877,0.4004800617694855,0.647512674331665,-0.08110904693603516,0.34777048230171204,0.6633211970329285,-0.07911553233861923,0.43394365906715393,0.6596215963363647,-0.09829052537679672,0.4209906756877899,0.6867305040359497,-0.09590744227170944,0.39363929629325867,0.6923884153366089,-0.09331239014863968
195,0.6778180599212646,0.7764192223548889,-4.2065622096743027e-07,0.6487271189689636,0.6887847185134888,-0.01032323483377695,0.6194601655006409,0.598209023475647,-0.02328944206237793,0.5887376666069031,0.5347186923027039,-0.035040482878685,0.5774024724960327,0.50282222032547,-0.043851856142282486,0.6669848561286926,0.5536253452301025,-0.03395300731062889,0.5725057125091553,0.5486086010932922,-0.060931310057640076,0.5751612782478333,0.5941706299781799,-0.06853436678647995,0.5987778902053833,0.6046274304389954,-0.07109521329402924,0.6725407838821411,0.6007453799247742,-0.041542746126651764,0.5647058486938477,0.6104949712753296,-0.06966256350278854,0.5755208134651184,0.6441932916641235,-0.06775577366352081,0.6020275950431824,0.6470425128936768,-0.0647282749414444,0.6659530997276306,0.655423104763031,-0.050463877618312836,0.5653190016746521,0.6659030914306641,-0.0764339342713356,0.5788095593452454,0.6951421499252319,-0.06369286775588989,0.6071152091026306,0.6940213441848755,-0.052564069628715515,0.6519983410835266,0.7124128937721252,-0.059805139899253845,0.5708030462265015,0.723625898361206,-0.07876130193471909,0.5847930908203125,0.7411289811134338,-0.07371342927217484,0.6129481196403503,0.7360814809799194,-0.0668867751955986,0.34038886427879333,0.7265286445617676,-9.726728933401318e-08,0.3664745092391968,0.6589517593383789,-0.019168289378285408,0.39270731806755066,0.5700659155845642,-0.0375569649040699,0.41082891821861267,0.5031170845031738,-0.05324902758002281,0.4100649952888489,0.450788676738739,-0.0645381361246109,0.3221866488456726,0.5025331974029541,-0.05564049258828163,0.41787949204444885,0.48359090089797974,-0.09031728655099869,0.42282694578170776,0.5343199968338013,-0.10239313542842865,0.40104731917381287,0.5480493903160095,-0.10904092341661453,0.3131716549396515,0.5416972637176514,-0.06278654932975769,0.430084228515625,0.5365759134292603,-0.09582855552434921,0.425453782081604,0.583917498588562,-0.09659656137228012,0.4034291207790375,0.5885552763938904,-0.09682505577802658,0.32150229811668396,0.597395658493042,-0.07134024053812027,0.4347189962863922,0.5937923789024353,-0.10162236541509628,0.4257240295410156,0.6370769143104553,-0.09246887266635895,0.40275201201438904,0.6416797637939453,-0.08529096841812134,0.3408268690109253,0.6569873094558716,-0.08130323886871338,0.4342382848262787,0.6538806557655334,-0.10225625336170197,0.42374172806739807,0.6842114925384521,-0.09987439215183258,0.39632242918014526,0.6901952624320984,-0.09697490185499191
196,0.6892269849777222,0.727906346321106,-3.138108581879351e-07,0.6593284010887146,0.6332587003707886,-0.011111832223832607,0.6308963298797607,0.5506695508956909,-0.0269462950527668,0.601377010345459,0.48927995562553406,-0.04025708884000778,0.5882331728935242,0.4416508078575134,-0.04963396489620209,0.6812182664871216,0.48740699887275696,-0.04048366844654083,0.5814067125320435,0.48604583740234375,-0.06072238087654114,0.583609938621521,0.5296791791915894,-0.06219961866736412,0.6084721088409424,0.5421556234359741,-0.06266630440950394,0.6846499443054199,0.526849091053009,-0.047182027250528336,0.5695697069168091,0.5350948572158813,-0.06863434612751007,0.5822626948356628,0.5740514397621155,-0.06387164443731308,0.6090496778488159,0.5783334374427795,-0.061685413122177124,0.6760910749435425,0.5780364274978638,-0.054160166531801224,0.5675439238548279,0.5884190797805786,-0.07335551828145981,0.58409583568573,0.6225172877311707,-0.0584661103785038,0.6124235987663269,0.6232073307037354,-0.04986203461885452,0.6618916392326355,0.6340250968933105,-0.06193220615386963,0.5734884738922119,0.6451172232627869,-0.08187245577573776,0.5846286416053772,0.6679814457893372,-0.07890769094228745,0.6089931130409241,0.6663334369659424,-0.0750027671456337,0.34633350372314453,0.7521006464958191,-1.9938831030685833e-07,0.3623403012752533,0.6787969470024109,-0.009106735698878765,0.38461142778396606,0.6045917868614197,-0.023747548460960388,0.40686991810798645,0.5516077876091003,-0.03869759663939476,0.4156203866004944,0.5238373279571533,-0.05226811766624451,0.3234146535396576,0.5663174390792847,-0.03733069449663162,0.3982042074203491,0.5497595071792603,-0.06751295924186707,0.41358616948127747,0.5867144465446472,-0.08704246580600739,0.4006388485431671,0.6092198491096497,-0.09930603206157684,0.3172565698623657,0.6150769591331482,-0.048353150486946106,0.41748952865600586,0.6109949946403503,-0.07314051687717438,0.42091089487075806,0.6477660536766052,-0.08118613809347153,0.3993918299674988,0.6636908054351807,-0.08857777714729309,0.32630816102027893,0.6720600724220276,-0.05968858674168587,0.42367231845855713,0.6671954989433289,-0.08083745837211609,0.4233737885951996,0.6965348124504089,-0.07606839388608932,0.4018145203590393,0.7088556289672852,-0.07360526919364929,0.34291329979896545,0.7276322245597839,-0.07202435284852982,0.42080551385879517,0.7287709712982178,-0.08456270396709442,0.4208807349205017,0.7508207559585571,-0.07796978205442429,0.4026264250278473,0.7594792246818542,-0.07316351681947708
197,0.6920347213745117,0.7115920186042786,-3.8251826595114835e-07,0.6665256023406982,0.6242950558662415,-0.015266071073710918,0.6385612487792969,0.5356556177139282,-0.03154832869768143,0.6075599193572998,0.4718012511730194,-0.0448027066886425,0.5955438613891602,0.4409700036048889,-0.05398402363061905,0.6857066750526428,0.482683002948761,-0.04489480331540108,0.586633026599884,0.4763489067554474,-0.07073195278644562,0.5834938287734985,0.5257449150085449,-0.07342095673084259,0.6068495512008667,0.5418230891227722,-0.07280676811933517,0.6911095380783081,0.5265860557556152,-0.04943720996379852,0.5756452083587646,0.5402633547782898,-0.07739845663309097,0.5851940512657166,0.5830760598182678,-0.0721256285905838,0.6124659776687622,0.5853835344314575,-0.06683661788702011,0.6825876235961914,0.5805767774581909,-0.05514976382255554,0.5736157894134521,0.5934935212135315,-0.08168500661849976,0.5876484513282776,0.629852294921875,-0.06813304126262665,0.6172609925270081,0.6295432448387146,-0.057067595422267914,0.6668310761451721,0.6355785131454468,-0.061622630804777145,0.5791730880737305,0.6498406529426575,-0.08485187590122223,0.5877901911735535,0.6747024059295654,-0.08332658559083939,0.6116937398910522,0.6730290055274963,-0.0787239670753479,0.33141830563545227,0.8478978276252747,-2.8982492494833423e-07,0.32832151651382446,0.7458977103233337,-0.0032214452512562275,0.3485470712184906,0.6434928178787231,-0.022109756246209145,0.3810632824897766,0.5791712403297424,-0.04359498620033264,0.4087720513343811,0.5541091561317444,-0.061531148850917816,0.3310636281967163,0.5888774991035461,-0.04460470378398895,0.4254491627216339,0.5470311045646667,-0.07945606112480164,0.4217037856578827,0.5917050242424011,-0.09664054214954376,0.39549410343170166,0.6119829416275024,-0.10637786984443665,0.3324785828590393,0.6354153752326965,-0.06175358593463898,0.44574010372161865,0.5985807180404663,-0.08825498074293137,0.432545006275177,0.6377184391021729,-0.08611053973436356,0.4002283215522766,0.6563648581504822,-0.0857931599020958,0.34359848499298096,0.6914278268814087,-0.07958047837018967,0.4509885609149933,0.6648974418640137,-0.09708184003829956,0.43292587995529175,0.696021556854248,-0.08027570694684982,0.399904727935791,0.7084404826164246,-0.07122980058193207,0.3595180809497833,0.7531843185424805,-0.09870435297489166,0.446163535118103,0.7277290225028992,-0.10422224551439285,0.4309288561344147,0.7531064748764038,-0.08884359896183014,0.40038207173347473,0.7648308277130127,-0.08004187047481537
198,0.6887461543083191,0.7652363777160645,-4.2008093714684946e-07,0.6552229523658752,0.6806446313858032,-0.012785173021256924,0.6155228018760681,0.6006765961647034,-0.031612250953912735,0.5838589668273926,0.5481491088867188,-0.04847167059779167,0.5791342854499817,0.5158666968345642,-0.0631648600101471,0.6728171110153198,0.5661527514457703,-0.047807756811380386,0.5695277452468872,0.5809593796730042,-0.07314217835664749,0.5735676288604736,0.6221271753311157,-0.08024611324071884,0.6012803912162781,0.6255576014518738,-0.08462498337030411,0.6768795847892761,0.6246244311332703,-0.057424724102020264,0.5623613595962524,0.6432403326034546,-0.08126700669527054,0.5773693919181824,0.6708276867866516,-0.07929738610982895,0.6084536910057068,0.6681838631629944,-0.0797920897603035,0.6704383492469788,0.6865414977073669,-0.06707558035850525,0.5638136267662048,0.7008829712867737,-0.08597823232412338,0.5795152187347412,0.7251515984535217,-0.07011289149522781,0.6106003522872925,0.7213239073753357,-0.06135983020067215,0.6590173244476318,0.747201681137085,-0.07792631536722183,0.5729624629020691,0.7598352432250977,-0.09507619589567184,0.5872637629508972,0.7752344608306885,-0.0873066857457161,0.6179922223091125,0.7714356184005737,-0.08035997301340103,0.3455159366130829,0.7813775539398193,-1.0426798269236315e-07,0.3726268708705902,0.6650098562240601,-0.007022663950920105,0.3922383785247803,0.5642522573471069,-0.0192609503865242,0.4040730595588684,0.494052916765213,-0.03373018652200699,0.4116519093513489,0.458347350358963,-0.04468681290745735,0.33441993594169617,0.5056251883506775,-0.0231170617043972,0.4264870882034302,0.490043967962265,-0.04810884967446327,0.4284130334854126,0.5402907133102417,-0.0615411140024662,0.40797168016433716,0.5582724809646606,-0.07068121433258057,0.3271383047103882,0.5540584325790405,-0.03466325253248215,0.4362475275993347,0.5480862259864807,-0.0545482262969017,0.42775094509124756,0.5907572507858276,-0.05801829695701599,0.4024212062358856,0.6013764142990112,-0.062261469662189484,0.3340579867362976,0.6143532991409302,-0.04750695824623108,0.44060826301574707,0.6075490713119507,-0.06411272287368774,0.42711302638053894,0.6432362198829651,-0.057330891489982605,0.4018143117427826,0.6498020887374878,-0.053773049265146255,0.34998011589050293,0.6762446761131287,-0.06166373938322067,0.4396445155143738,0.6657111644744873,-0.06827638298273087,0.4304632246494293,0.6892790198326111,-0.06129174306988716,0.4072989523410797,0.6948987245559692,-0.05701423063874245
199,0.6968692541122437,0.7836334109306335,-2.865442354504921e-07,0.6634184718132019,0.6937680244445801,-0.011534401215612888,0.6280298233032227,0.6062204837799072,-0.027226224541664124,0.594823956489563,0.5500221252441406,-0.04142279550433159,0.5789094567298889,0.5320747494697571,-0.053881559520959854,0.6711315512657166,0.5728118419647217,-0.038944631814956665,0.5708984136581421,0.5885037779808044,-0.06809744238853455,0.5768962502479553,0.6293541193008423,-0.07885375618934631,0.6038403511047363,0.6321519613265991,-0.08379552513360977,0.6746974587440491,0.6266924142837524,-0.04697635397315025,0.5646929144859314,0.641585111618042,-0.07512572407722473,0.5759553909301758,0.6710776090621948,-0.07449262589216232,0.6037026047706604,0.6714673638343811,-0.07303491234779358,0.6671988368034363,0.6851456761360168,-0.05609165132045746,0.5642369389533997,0.6974745392799377,-0.08015484362840652,0.5777028799057007,0.7215703725814819,-0.06687503308057785,0.6078879833221436,0.7179317474365234,-0.056411124765872955,0.6533179879188538,0.7438816428184509,-0.06590872257947922,0.5689971446990967,0.7537840604782104,-0.08281122893095016,0.5838682055473328,0.7690881490707397,-0.07608025521039963,0.6140040159225464,0.7648148536682129,-0.06871016323566437,0.34767985343933105,0.7649556994438171,-2.755565446932451e-07,0.3782370686531067,0.6712521910667419,-0.011167673394083977,0.3988966941833496,0.5742195844650269,-0.025659047067165375,0.4087146520614624,0.5044940114021301,-0.0407242625951767,0.40988820791244507,0.4588671326637268,-0.051795341074466705,0.33339202404022217,0.5003088116645813,-0.033879395574331284,0.4252931773662567,0.49225229024887085,-0.06597515195608139,0.43108847737312317,0.54664146900177,-0.08210309594869614,0.4114631414413452,0.5664821267127991,-0.09182065725326538,0.32420793175697327,0.5501002669334412,-0.04486677050590515,0.43948855996131897,0.5526978969573975,-0.07225273549556732,0.4344423711299896,0.601622462272644,-0.07644393295049667,0.4111047685146332,0.6110196113586426,-0.07997313141822815,0.3300408124923706,0.6131352782249451,-0.0573892705142498,0.44319629669189453,0.6138202548027039,-0.08225741237401962,0.43351075053215027,0.6534319519996643,-0.07599397748708725,0.40910419821739197,0.6581995487213135,-0.07114630192518234,0.3463384211063385,0.6773526072502136,-0.07110687345266342,0.44075220823287964,0.6680368781089783,-0.08514312654733658,0.4323529303073883,0.6950488090515137,-0.07971242070198059,0.40677687525749207,0.7020123600959778,-0.0750502422451973
200,0.6844933032989502,0.7413375973701477,-3.603543632380024e-07,0.656010091304779,0.6496890783309937,-0.012522042728960514,0.6314451098442078,0.5647256374359131,-0.029141029343008995,0.6046826839447021,0.5039734840393066,-0.04325106367468834,0.5929514169692993,0.45581284165382385,-0.0544745996594429,0.6815186142921448,0.5013740062713623,-0.04260890558362007,0.5825559496879578,0.5052516460418701,-0.06683330982923508,0.5840474367141724,0.547002375125885,-0.07215403765439987,0.6073369383811951,0.5566421747207642,-0.07410602271556854,0.6877796053886414,0.5449366569519043,-0.048828382045030594,0.5734279751777649,0.5616898536682129,-0.07407660782337189,0.5856426954269409,0.5954798460006714,-0.07185477018356323,0.6119731664657593,0.5977440476417542,-0.0705375075340271,0.6815454363822937,0.5999854207038879,-0.055606868118047714,0.5729808211326599,0.6158649325370789,-0.07841459661722183,0.5875827670097351,0.6450800895690918,-0.06508712470531464,0.6153985261917114,0.6443685293197632,-0.0560535229742527,0.6677510738372803,0.6581858396530151,-0.06292310357093811,0.5762325525283813,0.66727614402771,-0.08347742259502411,0.5864397287368774,0.6876488924026489,-0.07984532415866852,0.6115781664848328,0.684013307094574,-0.07494410127401352,0.0,0.0,0.0,0.0,0.0,0.0,0.0,0.0,0.0,0.0,0.0,0.0,0.0,0.0,0.0,0.0,0.0,0.0,0.0,0.0,0.0,0.0,0.0,0.0,0.0,0.0,0.0,0.0,0.0,0.0,0.0,0.0,0.0,0.0,0.0,0.0,0.0,0.0,0.0,0.0,0.0,0.0,0.0,0.0,0.0,0.0,0.0,0.0,0.0,0.0,0.0,0.0,0.0,0.0,0.0,0.0,0.0,0.0,0.0,0.0,0.0,0.0,0.0
201,0.6959011554718018,0.7284120917320251,-3.6998977748226025e-07,0.6697357892990112,0.6433674693107605,-0.01272599957883358,0.6372818946838379,0.5602110624313354,-0.028449101373553276,0.6045934557914734,0.49979326128959656,-0.04214496538043022,0.5977651476860046,0.45830655097961426,-0.05177612230181694,0.6851861476898193,0.503031849861145,-0.04081670567393303,0.5861784219741821,0.5062317848205566,-0.06477081030607224,0.5848594903945923,0.5566076040267944,-0.06757034361362457,0.6088274121284485,0.5707583427429199,-0.06764525175094604,0.6871355772018433,0.5512773394584656,-0.04722345620393753,0.5732867121696472,0.5632733702659607,-0.07283174246549606,0.5843886733055115,0.6041408777236938,-0.0674751028418541,0.6115386486053467,0.6075502634048462,-0.06290992349386215,0.6769707798957825,0.6083606481552124,-0.05463103577494621,0.5713641047477722,0.6201097965240479,-0.0778481662273407,0.5850130319595337,0.6522612571716309,-0.06334928423166275,0.6126104593276978,0.6527424454689026,-0.05259548872709274,0.6613311767578125,0.6662090420722961,-0.06288384646177292,0.576178789138794,0.6742264032363892,-0.08321661502122879,0.5850818157196045,0.6922775506973267,-0.08060088753700256,0.6075958609580994,0.6900215744972229,-0.07586505264043808,0.30774828791618347,0.9221431612968445,-3.7534442753894837e-07,0.3062068521976471,0.8014129400253296,-0.013033335097134113,0.33500486612319946,0.6888327598571777,-0.03285587579011917,0.3823757469654083,0.611691951751709,-0.053899943828582764,0.4260824918746948,0.5827718377113342,-0.06958312541246414,0.31827375292778015,0.614581286907196,-0.03742681443691254,0.42620474100112915,0.5718631744384766,-0.07587762176990509,0.4188987612724304,0.6240326762199402,-0.09786757081747055,0.39097729325294495,0.6596929430961609,-0.11007770895957947,0.3253905475139618,0.6595990061759949,-0.049052074551582336,0.4452414810657501,0.6321146488189697,-0.07901042699813843,0.42500802874565125,0.6720031499862671,-0.08208218216896057,0.39038220047950745,0.7012768387794495,-0.08409341424703598,0.33966532349586487,0.7192555665969849,-0.06335224211215973,0.45114219188690186,0.7080335021018982,-0.08350589871406555,0.4243999123573303,0.73317551612854,-0.07299201190471649,0.38698065280914307,0.7512815594673157,-0.06656935811042786,0.35586217045783997,0.7853573560714722,-0.08008356392383575,0.43838533759117126,0.7772871255874634,-0.08663447201251984,0.4173448085784912,0.797439455986023,-0.07553805410861969,0.38414567708969116,0.8112388849258423,-0.06823831796646118
202,0.701359748840332,0.7831516265869141,-3.7732647228949645e-07,0.6694042682647705,0.6895186305046082,-0.01168044377118349,0.6280600428581238,0.5986542701721191,-0.02902800403535366,0.5894296169281006,0.5380392074584961,-0.044897984713315964,0.5765274167060852,0.5259499549865723,-0.05722268670797348,0.6753177642822266,0.5641240477561951,-0.03850856423377991,0.5715163350105286,0.5699036121368408,-0.06806132942438126,0.5805434584617615,0.6170700192451477,-0.07685492187738419,0.6104440093040466,0.6209477782249451,-0.08094129711389542,0.6817057132720947,0.6202020049095154,-0.04782046377658844,0.5653935670852661,0.6316235661506653,-0.07779829204082489,0.5826455950737,0.6678103804588318,-0.0760813057422638,0.6127880215644836,0.6664743423461914,-0.07330964505672455,0.6748998165130615,0.6833124160766602,-0.05814024433493614,0.5677629709243774,0.692844569683075,-0.0817306861281395,0.5853756070137024,0.7233037948608398,-0.06558884680271149,0.6168971657752991,0.7177178859710693,-0.053181517869234085,0.6628684997558594,0.7460966110229492,-0.06944923102855682,0.5738967657089233,0.7532574534416199,-0.08563146740198135,0.5916867852210999,0.7696528434753418,-0.07802693545818329,0.6241365075111389,0.7640894651412964,-0.07002924382686615,0.3370514512062073,0.7721081972122192,-1.8341863494697463e-07,0.3481210172176361,0.668617844581604,-0.004886910784989595,0.3769013285636902,0.5720767378807068,-0.023364325985312462,0.40729305148124695,0.5108261108398438,-0.043682198971509933,0.4243442416191101,0.49076369404792786,-0.060836195945739746,0.3379424512386322,0.5234612226486206,-0.04400961473584175,0.43126603960990906,0.5082178711891174,-0.07778389751911163,0.4275105595588684,0.5477054119110107,-0.09512388706207275,0.40095284581184387,0.5615049004554749,-0.10534979403018951,0.3329806625843048,0.5751798748970032,-0.05893551558256149,0.4434468746185303,0.5644105672836304,-0.08485928922891617,0.43259602785110474,0.5996915102005005,-0.08538735657930374,0.4033200442790985,0.6103395223617554,-0.0874880775809288,0.3411928117275238,0.6336630582809448,-0.07426953315734863,0.44615331292152405,0.628720223903656,-0.09274027496576309,0.4306246042251587,0.6560969352722168,-0.08026812970638275,0.4014835059642792,0.6589714288711548,-0.07363644987344742,0.3574979305267334,0.6924604177474976,-0.09075695276260376,0.44347482919692993,0.6828597784042358,-0.09651722759008408,0.4305461645126343,0.704076886177063,-0.08447939902544022,0.40333229303359985,0.7069923281669617,-0.07792051881551743
203,0.6883509755134583,0.7577773928642273,-3.978739187004976e-07,0.6678947806358337,0.6685358285903931,-0.014529534615576267,0.6453213095664978,0.5792779922485352,-0.0318688228726387,0.6156273484230042,0.5166760087013245,-0.046167463064193726,0.5958865880966187,0.4757751226425171,-0.05742508918046951,0.6886711716651917,0.5296797752380371,-0.04672662913799286,0.5842976570129395,0.5301884412765503,-0.07723451405763626,0.584717869758606,0.5744375586509705,-0.08548156917095184,0.6085253357887268,0.5904099345207214,-0.08729048073291779,0.6931902766227722,0.5767164826393127,-0.05218467488884926,0.5775455832481384,0.59123694896698,-0.08266402035951614,0.5886874794960022,0.6242184042930603,-0.08064432442188263,0.6165153980255127,0.6271911859512329,-0.07795751094818115,0.6841075420379639,0.6324884295463562,-0.058814890682697296,0.5775513052940369,0.6430060863494873,-0.08805312216281891,0.5915603637695312,0.6702561378479004,-0.07444603741168976,0.6195238828659058,0.6687723994255066,-0.06273053586483002,0.6666392683982849,0.6884841322898865,-0.06580866128206253,0.5827784538269043,0.6964325904846191,-0.08898486942052841,0.5935085415840149,0.7178018093109131,-0.08431573212146759,0.6181485652923584,0.7145598530769348,-0.07726841419935226,0.34515538811683655,0.7567994594573975,-1.8048513084067963e-07,0.3666818141937256,0.67520672082901,-0.007637846749275923,0.39227956533432007,0.5822315216064453,-0.022380514070391655,0.41191840171813965,0.5165258049964905,-0.037797264754772186,0.4185095429420471,0.479693204164505,-0.04971041902899742,0.3357354402542114,0.519870936870575,-0.03729302063584328,0.42322593927383423,0.501840353012085,-0.07104145735502243,0.43576881289482117,0.552159309387207,-0.08730970323085785,0.42173922061920166,0.5772377252578735,-0.09568995982408524,0.32664838433265686,0.5642538070678711,-0.04981503635644913,0.4373157024383545,0.5584518909454346,-0.07560162991285324,0.4401471018791199,0.606349766254425,-0.07734834402799606,0.4210074245929718,0.6193296313285828,-0.07901791483163834,0.3319646716117859,0.6233093738555908,-0.06352619081735611,0.4427194595336914,0.6240929961204529,-0.08683960884809494,0.43756747245788574,0.6617381572723389,-0.07853987067937851,0.41363057494163513,0.6674546599388123,-0.07269034534692764,0.3481082320213318,0.6855995059013367,-0.07800901681184769,0.43999746441841125,0.6823158860206604,-0.0901499018073082,0.4355050325393677,0.7101678848266602,-0.08224927634000778,0.4115683138370514,0.7171111702919006,-0.07642839848995209
204,0.7037264108657837,0.7317213416099548,-3.378563917522115e-07,0.6804086565971375,0.6482557654380798,-0.01773248054087162,0.6519424319267273,0.5607742667198181,-0.036026302725076675,0.621632993221283,0.49706196784973145,-0.050061922520399094,0.6095625758171082,0.4551888406276703,-0.06023898720741272,0.6983060240745544,0.5027831196784973,-0.051196739077568054,0.6018640398979187,0.5001795887947083,-0.07399522513151169,0.5941973328590393,0.5485992431640625,-0.07382236421108246,0.6152688264846802,0.5687616467475891,-0.07163693755865097,0.7029694318771362,0.5490269660949707,-0.05443362519145012,0.5883848667144775,0.5541404485702515,-0.07939158380031586,0.5930642485618591,0.595448911190033,-0.07282453030347824,0.618984580039978,0.6030703186988831,-0.06754294782876968,0.6939775943756104,0.6039188504219055,-0.05832095071673393,0.5866783261299133,0.6100075244903564,-0.08224116265773773,0.5964956879615784,0.643998920917511,-0.06805133819580078,0.6243715882301331,0.647143542766571,-0.057905878871679306,0.6773528456687927,0.6583499312400818,-0.06291528046131134,0.5906456112861633,0.6650099158287048,-0.08570217341184616,0.5982605218887329,0.6876541376113892,-0.08378532528877258,0.6231269836425781,0.6877469420433044,-0.07936452329158783,0.3465878963470459,0.7944773435592651,-3.323301314139826e-07,0.368139386177063,0.7045881748199463,-0.014705530367791653,0.39556288719177246,0.6138738393783569,-0.030737869441509247,0.4163690209388733,0.5511853098869324,-0.04591139405965805,0.4269540309906006,0.5233221650123596,-0.05756045877933502,0.33740466833114624,0.5678784847259521,-0.04459399729967117,0.44115161895751953,0.5724780559539795,-0.07899747043848038,0.4387245178222656,0.6191661953926086,-0.09756612777709961,0.406747043132782,0.6279180645942688,-0.10953093320131302,0.33383554220199585,0.6259920001029968,-0.054517392069101334,0.4505707323551178,0.6304177641868591,-0.08397974073886871,0.43910330533981323,0.6715958714485168,-0.08898238092660904,0.4102247655391693,0.6771045327186584,-0.093843013048172,0.34292811155319214,0.6905645728111267,-0.06555838137865067,0.45234766602516174,0.690183162689209,-0.0910293310880661,0.43961042165756226,0.7245235443115234,-0.08394260704517365,0.4139527678489685,0.7310526967048645,-0.07921687513589859,0.3593497574329376,0.7545499801635742,-0.07831095159053802,0.4477781057357788,0.7507408857345581,-0.09329907596111298,0.43721112608909607,0.7723286151885986,-0.08815283328294754,0.4120822250843048,0.7789487838745117,-0.08432213962078094
205,0.7343907356262207,0.7582888007164001,-1.9091754666078486e-07,0.7215210199356079,0.6676285266876221,-0.01469364669173956,0.6788278818130493,0.5793567895889282,-0.035631485283374786,0.6285290718078613,0.5325710773468018,-0.05431244894862175,0.5921075344085693,0.5136085748672485,-0.07318595796823502,0.7061119675636292,0.5597200989723206,-0.05651462823152542,0.6125974059104919,0.5421331524848938,-0.08964454382658005,0.6009494066238403,0.5425574779510498,-0.10344845056533813,0.6097045540809631,0.5339596271514893,-0.1110713928937912,0.7052011489868164,0.6111650466918945,-0.0643446147441864,0.5842912793159485,0.6052495241165161,-0.09562898427248001,0.5949976444244385,0.6340018510818481,-0.09492497146129608,0.624692976474762,0.6376011967658997,-0.09347742050886154,0.6937860250473022,0.6680386066436768,-0.07256680727005005,0.5793130993843079,0.6615712642669678,-0.10036399215459824,0.592940628528595,0.6843886971473694,-0.08628172427415848,0.6222079992294312,0.6856540441513062,-0.07494853436946869,0.6757577061653137,0.7232213020324707,-0.0814409852027893,0.5822058916091919,0.7170225381851196,-0.10520192235708237,0.5898934602737427,0.7294155955314636,-0.09965696185827255,0.6139872074127197,0.7281092405319214,-0.09251610934734344,0.34245505928993225,0.7721874117851257,-4.806144815461266e-08,0.3497466444969177,0.6989761590957642,-0.007001892197877169,0.37176305055618286,0.6141102313995361,-0.023141387850046158,0.40101030468940735,0.555611252784729,-0.040034279227256775,0.424081951379776,0.5149291753768921,-0.054032500833272934,0.3354600965976715,0.5750398635864258,-0.042589232325553894,0.40600717067718506,0.528727114200592,-0.07884693890810013,0.41934651136398315,0.5580453872680664,-0.09726545959711075,0.4051178991794586,0.5769392848014832,-0.10689101368188858,0.33704712986946106,0.6142579317092896,-0.05607892945408821,0.43072327971458435,0.5785030722618103,-0.08447730541229248,0.43379732966423035,0.6116894483566284,-0.08725198358297348,0.41161131858825684,0.6231791377067566,-0.08991650491952896,0.34954506158828735,0.6635165214538574,-0.07054103165864944,0.4430694580078125,0.6403620839118958,-0.09297014772891998,0.43965891003608704,0.6695736050605774,-0.08220061659812927,0.4153568744659424,0.6774960160255432,-0.07573354989290237,0.36884215474128723,0.7166489958763123,-0.08600711822509766,0.44718262553215027,0.697782039642334,-0.09669988602399826,0.4426043629646301,0.7203686237335205,-0.08682947605848312,0.4199579954147339,0.7292514443397522,-0.08045647293329239
206,0.6947047710418701,0.7835451364517212,-4.0075269680528436e-07,0.6681573390960693,0.7013397216796875,-0.011168327182531357,0.6391284465789795,0.614794909954071,-0.02520808018743992,0.6085724234580994,0.5532140135765076,-0.03746938705444336,0.5948755145072937,0.5090329647064209,-0.04750124737620354,0.6841675043106079,0.5702571272850037,-0.04121806472539902,0.5892671942710876,0.5638309717178345,-0.07113533467054367,0.5893169641494751,0.5984519124031067,-0.0798884704709053,0.6112654209136963,0.6068514585494995,-0.0821368396282196,0.6876962780952454,0.6161386370658875,-0.048143450170755386,0.5796494483947754,0.6233146786689758,-0.07868316024541855,0.58879154920578,0.6517794728279114,-0.07752211391925812,0.6152726411819458,0.6539331674575806,-0.0747378021478653,0.6804395318031311,0.6688899993896484,-0.05613159015774727,0.5785452723503113,0.6748956441879272,-0.08594091236591339,0.5907371640205383,0.701668381690979,-0.0730409100651741,0.61810302734375,0.7027423977851868,-0.06077113747596741,0.6658712029457092,0.7237933874130249,-0.06419466435909271,0.5837661027908325,0.7256174683570862,-0.08692408353090286,0.5949411392211914,0.7451281547546387,-0.081379733979702,0.6213107705116272,0.7442989945411682,-0.07332416623830795,0.3484901189804077,0.7419854998588562,-1.0616388124162768e-07,0.3686981797218323,0.6601848602294922,-0.014640746638178825,0.39440664649009705,0.5721290111541748,-0.03161226958036423,0.4163876473903656,0.5085436105728149,-0.047720570117235184,0.42186635732650757,0.46779370307922363,-0.06024639680981636,0.3425341844558716,0.5051541328430176,-0.04739462584257126,0.4374748766422272,0.5010169744491577,-0.07932306081056595,0.4468834400177002,0.5521382093429565,-0.09250829368829727,0.4275178611278534,0.5682633519172668,-0.09992922097444534,0.3375263512134552,0.5542519092559814,-0.0561467744410038,0.44654718041419983,0.558714747428894,-0.08506371080875397,0.4479671120643616,0.6037389636039734,-0.08737283200025558,0.4281778037548065,0.610562264919281,-0.08927436918020248,0.3458975851535797,0.6151044964790344,-0.06588834524154663,0.450458288192749,0.6174058318138123,-0.09137701243162155,0.4457901120185852,0.6549010276794434,-0.08366557955741882,0.4241034686565399,0.6591202616691589,-0.07752976566553116,0.36341384053230286,0.6754944324493408,-0.0767931342124939,0.45085400342941284,0.6705079674720764,-0.09132687747478485,0.444976270198822,0.693101167678833,-0.08644843846559525,0.42190271615982056,0.6976590156555176,-0.082163967192173
207,0.6992051005363464,0.73757404088974,-2.9590805183943303e-07,0.6726568341255188,0.6376662850379944,-0.007947264239192009,0.6486433148384094,0.5474804639816284,-0.020492585375905037,0.6183773875236511,0.48590153455734253,-0.0316467210650444,0.6049068570137024,0.45634251832962036,-0.03976348787546158,0.6992073655128479,0.5026924014091492,-0.03128790482878685,0.5970459580421448,0.49942857027053833,-0.05209873244166374,0.5997552275657654,0.5391172170639038,-0.05667021870613098,0.6247817277908325,0.547231137752533,-0.058554939925670624,0.7020207643508911,0.5447545647621155,-0.03857073560357094,0.587753415107727,0.5486170649528503,-0.05895201116800308,0.5991690754890442,0.5831588506698608,-0.05554017424583435,0.6251564621925354,0.5853825807571411,-0.05371112376451492,0.6939285397529602,0.5964296460151672,-0.046440448611974716,0.5850599408149719,0.6021381616592407,-0.06349486857652664,0.599258542060852,0.6299410462379456,-0.050897352397441864,0.6286834478378296,0.6290258765220642,-0.043089501559734344,0.6795488595962524,0.653182327747345,-0.05496927350759506,0.5866199731826782,0.6561328768730164,-0.0690874457359314,0.5971560478210449,0.6731072068214417,-0.06499308347702026,0.6248028874397278,0.6710684299468994,-0.060813985764980316,0.3455711305141449,0.771600604057312,-3.4269226034666644e-07,0.3605606257915497,0.6892216205596924,-0.01743333786725998,0.3881111741065979,0.5987476706504822,-0.03434988111257553,0.4152623116970062,0.5332546234130859,-0.05023377016186714,0.434528112411499,0.4958830177783966,-0.06227807328104973,0.35678648948669434,0.551673412322998,-0.05169722065329552,0.46296143531799316,0.5595535635948181,-0.08772894740104675,0.4589155912399292,0.6082491874694824,-0.10244821757078171,0.4285125732421875,0.6164484620094299,-0.11077333241701126,0.3531215786933899,0.6077951788902283,-0.06084591895341873,0.47131675481796265,0.6225986480712891,-0.0947788655757904,0.45687273144721985,0.6653790473937988,-0.09807760268449783,0.4294765293598175,0.6663415431976318,-0.10057903826236725,0.361042857170105,0.6733601093292236,-0.07120422273874283,0.4693435728549957,0.6809306144714355,-0.10096520930528641,0.4536304771900177,0.71516352891922,-0.09333270788192749,0.4277210533618927,0.7173177599906921,-0.08695252984762192,0.3757704794406891,0.7384024858474731,-0.08320824056863785,0.46357956528663635,0.7377611398696899,-0.10197038948535919,0.45010024309158325,0.7579920887947083,-0.0982723981142044,0.42194685339927673,0.7618485689163208,-0.09450076520442963
208,0.6517489552497864,0.7362164855003357,-4.303340688238677e-07,0.6150320172309875,0.691307544708252,-0.005593707785010338,0.5961096286773682,0.6206978559494019,-0.00849961955100298,0.5989975929260254,0.559182345867157,-0.015445305034518242,0.6027831435203552,0.5145731568336487,-0.02050754800438881,0.617311954498291,0.5488802790641785,0.011628746055066586,0.6171857118606567,0.4898650050163269,-0.008091839961707592,0.6077122688293457,0.5116339921951294,-0.024030840024352074,0.6014278531074524,0.5465816855430603,-0.03136186674237251,0.6501714587211609,0.5441769957542419,0.005981480237096548,0.6497379541397095,0.5122624039649963,-0.010972305200994015,0.6393256783485413,0.5505633354187012,-0.021814456209540367,0.6326380968093872,0.5897660255432129,-0.024999015033245087,0.683993399143219,0.5521089434623718,-0.003091696184128523,0.6816846132278442,0.5265220999717712,-0.01830717921257019,0.6714563369750977,0.5625130534172058,-0.018170388415455818,0.6647337079048157,0.6012843251228333,-0.013959181495010853,0.7167835831642151,0.5700010061264038,-0.013429870828986168,0.7185348272323608,0.5527164340019226,-0.02376043237745762,0.7082374095916748,0.5787307620048523,-0.020505646243691444,0.7021268606185913,0.6088730096817017,-0.013982660137116909,0.3661039173603058,0.7418274879455566,4.5172821927508267e-08,0.36916449666023254,0.6636244058609009,-0.005061778239905834,0.3888801038265228,0.5818608999252319,-0.021794095635414124,0.41341033577919006,0.524752676486969,-0.039477087557315826,0.4329195022583008,0.4899858236312866,-0.05430268868803978,0.35337966680526733,0.5485261678695679,-0.043299026787281036,0.4263066053390503,0.5089241862297058,-0.07805479317903519,0.4437530040740967,0.5335801243782043,-0.09540779888629913,0.4322955906391144,0.556430995464325,-0.10359736531972885,0.3562213182449341,0.5867655277252197,-0.056320302188396454,0.4552673399448395,0.5643211007118225,-0.08428777754306793,0.4650546610355377,0.5929575562477112,-0.0868508517742157,0.44522765278816223,0.6088874936103821,-0.08872697502374649,0.3690059185028076,0.6332337856292725,-0.06975646317005157,0.46271252632141113,0.6153367161750793,-0.09220543503761292,0.46887677907943726,0.6436233520507812,-0.08135946094989777,0.45158177614212036,0.6569594740867615,-0.07382552325725555,0.3882331848144531,0.6822299361228943,-0.083839550614357,0.46342989802360535,0.6651905179023743,-0.09645695984363556,0.4723033905029297,0.6863698363304138,-0.08720486611127853,0.46288496255874634,0.6987812519073486,-0.07991008460521698
209,0.7022607326507568,0.7813855409622192,-3.919819846487371e-07,0.6704992055892944,0.6837158203125,-0.012246537953615189,0.6346641778945923,0.5940752625465393,-0.0277977604418993,0.6031000018119812,0.5408787727355957,-0.04202072694897652,0.5872477889060974,0.5368440747261047,-0.05453907325863838,0.6929883360862732,0.5799158811569214,-0.035357844084501266,0.5874048471450806,0.5822631120681763,-0.06285455822944641,0.5901088118553162,0.6226504445075989,-0.07495002448558807,0.6187573075294495,0.6280781626701355,-0.08176560699939728,0.6957767605781555,0.639615535736084,-0.04334302246570587,0.5778533816337585,0.6473753452301025,-0.06799809634685516,0.5894045233726501,0.6753382682800293,-0.06952102482318878,0.6198562383651733,0.6758247017860413,-0.07109329104423523,0.687025249004364,0.6992626190185547,-0.0521722175180912,0.5774189829826355,0.7039197087287903,-0.07264404743909836,0.5900657176971436,0.7254056334495544,-0.06085806339979172,0.6209166049957275,0.7248581647872925,-0.05261832848191261,0.6729210019111633,0.7559261918067932,-0.062168754637241364,0.5842009782791138,0.7591502666473389,-0.0771515741944313,0.597036600112915,0.7733709812164307,-0.06996169686317444,0.6289856433868408,0.7727946043014526,-0.06284096091985703,0.35448989272117615,0.713388204574585,-1.255164363556105e-07,0.36854180693626404,0.6305050849914551,-0.012379125691950321,0.39229369163513184,0.5377839207649231,-0.0276336707174778,0.41582489013671875,0.4746648669242859,-0.04183647409081459,0.4271700084209442,0.4369502365589142,-0.0521494597196579,0.34990066289901733,0.48099350929260254,-0.04211520403623581,0.44472378492355347,0.4695090055465698,-0.0731448158621788,0.4516754150390625,0.5205243229866028,-0.08465356379747391,0.4306962788105011,0.5343729257583618,-0.0908905640244484,0.34474924206733704,0.5224622488021851,-0.05105927586555481,0.45531129837036133,0.5196424722671509,-0.07845276594161987,0.4531651735305786,0.5679263472557068,-0.07802563905715942,0.43070274591445923,0.5745609998703003,-0.07780714333057404,0.3519834280014038,0.5768294334411621,-0.061314310878515244,0.4591889977455139,0.5757647156715393,-0.08506064116954803,0.4516747295856476,0.6159013509750366,-0.07586219906806946,0.4272018074989319,0.619522213935852,-0.0690460130572319,0.3683178722858429,0.6344225406646729,-0.07260949164628983,0.4551645815372467,0.6288161873817444,-0.08532194048166275,0.4466129243373871,0.6570786237716675,-0.07958973944187164,0.4202059805393219,0.6634168028831482,-0.07504105567932129
210,0.6992432475090027,0.7365579605102539,-3.5193230019103794e-07,0.6670236587524414,0.6449060440063477,-0.012044868431985378,0.6423046588897705,0.5602172613143921,-0.027620786800980568,0.6161351203918457,0.49936965107917786,-0.04070471599698067,0.6017962098121643,0.45370250940322876,-0.050289105623960495,0.6984391808509827,0.496890127658844,-0.0401114895939827,0.599570631980896,0.49643421173095703,-0.06187300384044647,0.5993323922157288,0.540380597114563,-0.06571164727210999,0.6230846047401428,0.5529041886329651,-0.06731408089399338,0.7021403908729553,0.5405604243278503,-0.04655246064066887,0.5867182016372681,0.5510764122009277,-0.0692647248506546,0.598003089427948,0.5883321166038513,-0.06580500304698944,0.6254021525382996,0.5922867655754089,-0.06414735317230225,0.6945773959159851,0.5941762328147888,-0.05355328693985939,0.5857177376747131,0.6061592698097229,-0.07384224981069565,0.601197361946106,0.6375405192375183,-0.059945616871118546,0.6301816701889038,0.6375989317893982,-0.05146400257945061,0.6809284687042236,0.650460422039032,-0.061424870043992996,0.5924980044364929,0.6589788198471069,-0.08112610131502151,0.6031724810600281,0.6810535788536072,-0.07767905294895172,0.6282734274864197,0.6788918375968933,-0.07328418642282486,0.34798353910446167,0.7300761938095093,-1.3962814193746453e-07,0.36168965697288513,0.6554101705551147,-0.007666500750929117,0.38933977484703064,0.5735475420951843,-0.022876497358083725,0.41436153650283813,0.5155432224273682,-0.03857040777802467,0.4330213665962219,0.47978293895721436,-0.0528557226061821,0.35255515575408936,0.5456256866455078,-0.0476955845952034,0.4129149913787842,0.5120776891708374,-0.07982146739959717,0.43183138966560364,0.5367280840873718,-0.09669050574302673,0.42365115880966187,0.5582770705223083,-0.10594534128904343,0.3480670750141144,0.590563178062439,-0.060304246842861176,0.43960970640182495,0.5732582211494446,-0.08457779139280319,0.44101205468177795,0.6016993522644043,-0.08697149902582169,0.4167294502258301,0.6154678463935852,-0.09029308706521988,0.35528144240379333,0.6466993093490601,-0.07305454462766647,0.4489559233188629,0.6373921632766724,-0.09371037036180496,0.44281822443008423,0.6586460471153259,-0.08584947139024734,0.41773393750190735,0.6652147173881531,-0.08200882375240326,0.3711862564086914,0.7063534259796143,-0.08649088442325592,0.44917482137680054,0.7032163143157959,-0.09916731715202332,0.44376155734062195,0.7198523283004761,-0.09107241034507751,0.4211537837982178,0.7261469960212708,-0.08569572865962982
211,0.7083868384361267,0.7340834736824036,-3.2299189456352906e-07,0.6979779601097107,0.6437898278236389,-0.013048980385065079,0.6655940413475037,0.5554073452949524,-0.030633719637989998,0.6212688684463501,0.5047353506088257,-0.045990802347660065,0.5912070274353027,0.4931606650352478,-0.05846409872174263,0.7010987401008606,0.5120225548744202,-0.04647132754325867,0.6077895760536194,0.48724251985549927,-0.07357057929039001,0.5976963043212891,0.533525824546814,-0.07806894183158875,0.6156982779502869,0.557006299495697,-0.07869278639554977,0.7036445140838623,0.5551416873931885,-0.05332683026790619,0.5896143913269043,0.5559684634208679,-0.08109351992607117,0.5945191979408264,0.6010252833366394,-0.07751378417015076,0.6197746396064758,0.6098992228507996,-0.07369895279407501,0.6926795244216919,0.6093698143959045,-0.0607982873916626,0.5852478742599487,0.6141284108161926,-0.0857083797454834,0.5962619781494141,0.6505100131034851,-0.07261011749505997,0.6248428225517273,0.6545771360397339,-0.062628835439682,0.6735370755195618,0.6644861698150635,-0.06859906017780304,0.5877487659454346,0.6680060625076294,-0.08997423201799393,0.5980801582336426,0.6921091675758362,-0.08517905324697495,0.62397301197052,0.6953585743904114,-0.07871019095182419,0.35285454988479614,0.7370240688323975,-8.576946441962718e-08,0.36673760414123535,0.6681517958641052,-0.008336858823895454,0.3917474150657654,0.5900102853775024,-0.02389991469681263,0.41241195797920227,0.5336008071899414,-0.03966939076781273,0.4279475510120392,0.4952813982963562,-0.05380282923579216,0.35798245668411255,0.5612286329269409,-0.04816099628806114,0.42803484201431274,0.5329720377922058,-0.08119317144155502,0.4408944547176361,0.558551013469696,-0.09946193546056747,0.42622217535972595,0.5725854635238647,-0.11002874374389648,0.3551613688468933,0.6041183471679688,-0.05970194563269615,0.4492974281311035,0.5912070274353027,-0.08668537437915802,0.4488930404186249,0.6149356365203857,-0.09131493419408798,0.4235520362854004,0.6217885613441467,-0.09586743265390396,0.36266472935676575,0.6561297178268433,-0.07130631804466248,0.4536553621292114,0.6478409171104431,-0.09361577779054642,0.45129841566085815,0.6684910655021667,-0.08592744171619415,0.4297473132610321,0.6734801530838013,-0.0814938098192215,0.3759792149066925,0.7107827067375183,-0.08362796157598495,0.45227330923080444,0.704759418964386,-0.0971083864569664,0.45265454053878784,0.719000518321991,-0.08985792100429535,0.43648141622543335,0.7244007587432861,-0.08467670530080795
212,0.7055522799491882,0.7898853421211243,-4.4917689479007095e-07,0.6788656115531921,0.6922169923782349,-0.012366782873868942,0.6447129845619202,0.5989972352981567,-0.02615378051996231,0.6098276972770691,0.5418023467063904,-0.038364093750715256,0.591001033782959,0.5341171622276306,-0.04839441925287247,0.6882992386817932,0.5779454708099365,-0.03085024282336235,0.5883596539497375,0.5786121487617493,-0.056284572929143906,0.5909307599067688,0.6197367906570435,-0.0664423406124115,0.6174708604812622,0.6247089505195618,-0.07171160727739334,0.6906420588493347,0.6377979516983032,-0.037600722163915634,0.5801261067390442,0.6463080644607544,-0.06089991703629494,0.5924412608146667,0.6725835204124451,-0.06116670370101929,0.621505856513977,0.6711418628692627,-0.06125273182988167,0.6837159991264343,0.6996940970420837,-0.04554278403520584,0.5819370150566101,0.7096105813980103,-0.06440377980470657,0.5936039090156555,0.7299626469612122,-0.0534140020608902,0.6227992177009583,0.7264463901519775,-0.04543749615550041,0.6725550889968872,0.7591214776039124,-0.054680123925209045,0.5868138670921326,0.7655639052391052,-0.06672284007072449,0.6002469658851624,0.7770779132843018,-0.059987038373947144,0.6301855444908142,0.7737681865692139,-0.05344556272029877,0.35439643263816833,0.7108721137046814,7.757284592457836e-09,0.35891830921173096,0.6385198831558228,-0.014083328656852245,0.3863407075405121,0.5585688352584839,-0.03290020301938057,0.41745781898498535,0.5062318444252014,-0.04954473674297333,0.4375225901603699,0.4777427911758423,-0.06353495270013809,0.3507327437400818,0.4981006681919098,-0.0566486194729805,0.4461003541946411,0.49534523487091064,-0.08693970739841461,0.4551560580730438,0.5387696027755737,-0.0973547101020813,0.43236374855041504,0.554449200630188,-0.1033119484782219,0.3482164144515991,0.5340017080307007,-0.06544799357652664,0.4582820534706116,0.5335789322853088,-0.09216846525669098,0.4567764103412628,0.5766141414642334,-0.09027358889579773,0.42991527915000916,0.5876148343086243,-0.08951541781425476,0.3564285635948181,0.5855740904808044,-0.07453393936157227,0.45983266830444336,0.5832427144050598,-0.09824639558792114,0.45309245586395264,0.622311532497406,-0.08782456815242767,0.4265703856945038,0.6300673484802246,-0.08060920238494873,0.3720163404941559,0.6433879137039185,-0.0845237672328949,0.4564664363861084,0.6375700235366821,-0.09968338161706924,0.44747281074523926,0.665920078754425,-0.09343719482421875,0.4197900891304016,0.6749881505966187,-0.08857730031013489
213,0.7016890048980713,0.7485530376434326,-3.1801900490791013e-07,0.6853922009468079,0.664948046207428,-0.020928505808115005,0.6589161157608032,0.5776211023330688,-0.043795302510261536,0.6218979358673096,0.5122449398040771,-0.06176500394940376,0.5962210297584534,0.466587096452713,-0.07642428576946259,0.7070049047470093,0.5291898250579834,-0.05998682975769043,0.6020872592926025,0.50791335105896,-0.09235582500696182,0.5964340567588806,0.549970805644989,-0.09929902106523514,0.6169933080673218,0.5662415027618408,-0.10054287314414978,0.7071226835250854,0.5731030702590942,-0.06264056265354156,0.5878108143806458,0.5663672089576721,-0.09578245878219604,0.5957203507423401,0.6055420637130737,-0.09178473055362701,0.6236920356750488,0.6119505167007446,-0.08757227659225464,0.6941037178039551,0.623574435710907,-0.06648964434862137,0.5861596465110779,0.6187613606452942,-0.09687165915966034,0.5990233421325684,0.6516521573066711,-0.08039423078298569,0.6282307505607605,0.6545436382293701,-0.06727875024080276,0.6736621260643005,0.6730900406837463,-0.07118503749370575,0.5908554196357727,0.6713144779205322,-0.09714692831039429,0.6016238331794739,0.6970199346542358,-0.09267698228359222,0.6265344619750977,0.6971743106842041,-0.0857681855559349,0.0,0.0,0.0,0.0,0.0,0.0,0.0,0.0,0.0,0.0,0.0,0.0,0.0,0.0,0.0,0.0,0.0,0.0,0.0,0.0,0.0,0.0,0.0,0.0,0.0,0.0,0.0,0.0,0.0,0.0,0.0,0.0,0.0,0.0,0.0,0.0,0.0,0.0,0.0,0.0,0.0,0.0,0.0,0.0,0.0,0.0,0.0,0.0,0.0,0.0,0.0,0.0,0.0,0.0,0.0,0.0,0.0,0.0,0.0,0.0,0.0,0.0,0.0
214,0.6960593461990356,0.7140668630599976,-3.1768212238603155e-07,0.6711028218269348,0.6285676956176758,-0.0114403385668993,0.644878089427948,0.542377769947052,-0.02670477144420147,0.6145657300949097,0.4768846035003662,-0.03998608887195587,0.6061440110206604,0.4417765736579895,-0.0490107499063015,0.6948611736297607,0.4814821779727936,-0.037831008434295654,0.5986926555633545,0.4791826903820038,-0.05939050018787384,0.5968111157417297,0.5280160903930664,-0.06091562658548355,0.6223324537277222,0.540381133556366,-0.06093555688858032,0.6978365778923035,0.5281081199645996,-0.04544833302497864,0.5871654748916626,0.5322008728981018,-0.0691547617316246,0.595264732837677,0.5737994909286499,-0.06309828907251358,0.622932493686676,0.5783757567405701,-0.05825403332710266,0.6884971261024475,0.583814799785614,-0.0540238693356514,0.5848317742347717,0.5912245512008667,-0.074031762778759,0.5959423184394836,0.6266551613807678,-0.0586431622505188,0.6245943307876587,0.6275227665901184,-0.04812668636441231,0.6743501424789429,0.6418114900588989,-0.06371793150901794,0.5891194939613342,0.6504281759262085,-0.08078215271234512,0.5979284644126892,0.6701571345329285,-0.07759376615285873,0.6228089332580566,0.6681056022644043,-0.0732959732413292,0.34043601155281067,0.8368362188339233,-3.97913368033187e-07,0.34985119104385376,0.7237128019332886,-0.003164478577673435,0.3734480142593384,0.6192945241928101,-0.022906169295310974,0.3996492624282837,0.5511419177055359,-0.045004703104496,0.419251024723053,0.5297327041625977,-0.06411361694335938,0.3540908992290497,0.5610184669494629,-0.04671352356672287,0.4530211389064789,0.5553207397460938,-0.07906404137611389,0.44414812326431274,0.5975501537322998,-0.09534065425395966,0.41746285557746887,0.6114110946655273,-0.10555409640073776,0.35194769501686096,0.6176270246505737,-0.06354091316461563,0.4641200304031372,0.6162629723548889,-0.08795493096113205,0.44819703698158264,0.6506632566452026,-0.08630385994911194,0.4183003902435303,0.6632959246635437,-0.0876770094037056,0.3590795397758484,0.6803973317146301,-0.08034200966358185,0.46467381715774536,0.677108108997345,-0.09661968052387238,0.4455324709415436,0.7042626142501831,-0.08096902072429657,0.4152032434940338,0.7125941514968872,-0.07306935638189316,0.371250182390213,0.7434235215187073,-0.0982588604092598,0.456746906042099,0.7306337356567383,-0.10184866935014725,0.4405897855758667,0.7527457475662231,-0.08648495376110077,0.41194865107536316,0.7596506476402283,-0.07801346480846405
215,0.6691963076591492,0.7396734356880188,-3.9880541180536966e-07,0.6409151554107666,0.6543070077896118,-0.009647095575928688,0.6176881790161133,0.5788822174072266,-0.026169732213020325,0.5987702012062073,0.5317090749740601,-0.04182261601090431,0.5919405817985535,0.5075482130050659,-0.0557447224855423,0.680616021156311,0.5553818345069885,-0.04253995418548584,0.5831531882286072,0.5598766803741455,-0.06815706938505173,0.5854664444923401,0.5947495698928833,-0.0766587182879448,0.6107025146484375,0.6007274389266968,-0.08118662983179092,0.6849563121795654,0.6086620688438416,-0.05287355184555054,0.5727360248565674,0.6157193183898926,-0.07667413353919983,0.5858352780342102,0.6418400406837463,-0.07555156201124191,0.6147133111953735,0.6427329778671265,-0.07566975057125092,0.6785284280776978,0.6636011600494385,-0.06331051141023636,0.5732489228248596,0.6707146763801575,-0.08274941891431808,0.5889033675193787,0.6906093955039978,-0.06911364942789078,0.6189001202583313,0.6885300278663635,-0.06080714240670204,0.6667116284370422,0.7181353569030762,-0.07470513880252838,0.5840754508972168,0.7277249097824097,-0.09124601632356644,0.5989648699760437,0.7391756772994995,-0.08447980880737305,0.629887044429779,0.7359440326690674,-0.07810118794441223,0.3576268255710602,0.7719392776489258,2.769895601772987e-08,0.37134552001953125,0.6627680063247681,0.0008848850266076624,0.3830629885196686,0.5756419897079468,-0.012028978206217289,0.39307916164398193,0.5146957039833069,-0.028008218854665756,0.39870238304138184,0.4876973628997803,-0.041011080145835876,0.3420313000679016,0.5111923217773438,-0.022470418363809586,0.4204394221305847,0.48715442419052124,-0.04823097959160805,0.42691296339035034,0.5240800976753235,-0.06207529455423355,0.4102637469768524,0.5410548448562622,-0.07044606655836105,0.33997687697410583,0.5467093586921692,-0.03721940889954567,0.43999606370925903,0.5269983410835266,-0.057849083095788956,0.44075706601142883,0.5661451816558838,-0.05992724001407623,0.41982346773147583,0.582206666469574,-0.06116554141044617,0.3497867286205292,0.5947446823120117,-0.052457716315984726,0.4482499957084656,0.5838032960891724,-0.06849148869514465,0.4433910548686981,0.6164988875389099,-0.060487598180770874,0.4193657338619232,0.6249945163726807,-0.05493510141968727,0.3682655692100525,0.649013102054596,-0.06820932030677795,0.449879914522171,0.637153685092926,-0.07418349385261536,0.44694527983665466,0.6632004380226135,-0.0654221847653389,0.42593273520469666,0.6705880165100098,-0.059061866253614426
216,0.7024427056312561,0.8134172558784485,-6.288770464379922e-07,0.670421302318573,0.7133212685585022,-0.003262875135987997,0.6372064352035522,0.614142894744873,-0.016518374904990196,0.6055994629859924,0.550146222114563,-0.030718229711055756,0.5872842073440552,0.5046951174736023,-0.04312438517808914,0.6874062418937683,0.5555502772331238,-0.02837834134697914,0.5855373740196228,0.5437822937965393,-0.05840468406677246,0.5853726863861084,0.5906133651733398,-0.07314731180667877,0.6100449562072754,0.6098088622093201,-0.08049345761537552,0.6854367852210999,0.604501485824585,-0.040246959775686264,0.5700160264968872,0.612071692943573,-0.06941090524196625,0.5808534026145935,0.6465407013893127,-0.0719679519534111,0.6133185029029846,0.6563296914100647,-0.07296545803546906,0.6737653017044067,0.661693274974823,-0.05294981598854065,0.5683839917182922,0.6715914011001587,-0.07862449437379837,0.5836915969848633,0.6995280981063843,-0.06761487573385239,0.6161378026008606,0.7012855410575867,-0.05850360542535782,0.657211422920227,0.7207573056221008,-0.06572149693965912,0.575664222240448,0.7274825572967529,-0.08390511572360992,0.590475857257843,0.7475125789642334,-0.07779569178819656,0.6204767823219299,0.7442127466201782,-0.07072416692972183,0.3567104935646057,0.7418472170829773,-1.784047043429382e-07,0.37254616618156433,0.6525846719741821,-0.00728455837816,0.3899569511413574,0.563787579536438,-0.0224718376994133,0.405260294675827,0.4996468424797058,-0.03871589154005051,0.41804343461990356,0.4695991575717926,-0.051668278872966766,0.34395548701286316,0.5015644431114197,-0.03251631557941437,0.4277845323085785,0.47718337178230286,-0.06320708990097046,0.4379529058933258,0.5230992436408997,-0.07898485660552979,0.4222460687160492,0.544533908367157,-0.08853250741958618,0.34068381786346436,0.5423896312713623,-0.04411923140287399,0.4426635503768921,0.5257169008255005,-0.06814786791801453,0.4450222849845886,0.5695132613182068,-0.07025166600942612,0.4257400929927826,0.5830219984054565,-0.07275447994470596,0.3498232960700989,0.5930452346801758,-0.05698416382074356,0.4513264298439026,0.585536003112793,-0.07770880311727524,0.44642287492752075,0.6208297610282898,-0.0698404535651207,0.422556072473526,0.6289243102073669,-0.06496087461709976,0.3679274320602417,0.6462541222572327,-0.07087317109107971,0.45125332474708557,0.6375405788421631,-0.08083571493625641,0.4464361071586609,0.6641780734062195,-0.07383005321025848,0.42322027683258057,0.6718659400939941,-0.06917597353458405
217,0.6983331441879272,0.793444037437439,-3.9609352597835823e-07,0.6654284000396729,0.6950448751449585,-0.0066756256856024265,0.6342470645904541,0.6048125624656677,-0.01978098228573799,0.6045576930046082,0.5428148508071899,-0.03278337046504021,0.5878514051437378,0.505332350730896,-0.043528784066438675,0.6830667853355408,0.5578508973121643,-0.032045964151620865,0.5818462371826172,0.5558823943138123,-0.0596831776201725,0.588079571723938,0.5975092649459839,-0.0707206279039383,0.613396406173706,0.6100784540176392,-0.07558232545852661,0.682336151599884,0.608373761177063,-0.041990604251623154,0.5708742141723633,0.6167577505111694,-0.06850496679544449,0.5853952169418335,0.6457424163818359,-0.06851949542760849,0.6132017970085144,0.6504291296005249,-0.06811172515153885,0.6715645790100098,0.6657820343971252,-0.05286484584212303,0.5700745582580566,0.6699965000152588,-0.07704128324985504,0.5865029096603394,0.6954578161239624,-0.0655064582824707,0.6163248419761658,0.696354866027832,-0.05632174015045166,0.6561383008956909,0.7245851755142212,-0.06404983997344971,0.5773604512214661,0.7275892496109009,-0.08243752270936966,0.5920708179473877,0.7448827624320984,-0.07734393328428268,0.6203909516334534,0.7420799732208252,-0.07079558819532394,0.35018303990364075,0.7277227640151978,-2.0259219013496477e-07,0.36422398686408997,0.6393305063247681,-0.007944599725306034,0.38515958189964294,0.5479298233985901,-0.023659195750951767,0.4043864905834198,0.48561546206474304,-0.04038761183619499,0.41840994358062744,0.4566413164138794,-0.0540119931101799,0.3408956825733185,0.4847051501274109,-0.03619354963302612,0.43133825063705444,0.47126707434654236,-0.06790091842412949,0.43717774748802185,0.5200616717338562,-0.08347590267658234,0.4146241545677185,0.5382998585700989,-0.093012236058712,0.33604851365089417,0.5293080806732178,-0.049160685390233994,0.44421815872192383,0.5234981775283813,-0.07645239681005478,0.44155368208885193,0.5692934393882751,-0.07932073622941971,0.4179065525531769,0.5800545811653137,-0.0815800353884697,0.3439251780509949,0.5858702063560486,-0.06324885040521622,0.44966262578964233,0.5831165909767151,-0.08670857548713684,0.44288018345832825,0.6206371188163757,-0.0793597474694252,0.4187380075454712,0.6265913844108582,-0.07386297732591629,0.3612436056137085,0.645503580570221,-0.07833168655633926,0.44867414236068726,0.6352819800376892,-0.09034813940525055,0.44235658645629883,0.6612928509712219,-0.08396287262439728,0.41911378502845764,0.6681864857673645,-0.07910221070051193
218,0.700101912021637,0.769296407699585,-4.032692118016712e-07,0.6707990169525146,0.6836563348770142,-0.016240693628787994,0.641266942024231,0.5934667587280273,-0.03397044911980629,0.6131017804145813,0.5246935486793518,-0.048467252403497696,0.5995495915412903,0.47532469034194946,-0.05938104912638664,0.6992557048797607,0.5483909249305725,-0.04845896735787392,0.5925065279006958,0.5360952019691467,-0.07973626255989075,0.588725209236145,0.5828067660331726,-0.08667260408401489,0.6126136779785156,0.6008282899856567,-0.08735080808401108,0.702191174030304,0.5941520929336548,-0.05293073132634163,0.5824537873268127,0.5954675078392029,-0.08492793887853622,0.5909036993980408,0.6319558024406433,-0.08195666968822479,0.6190190315246582,0.6368895173072815,-0.0781683698296547,0.6914052367210388,0.6474171876907349,-0.05876938998699188,0.5818777680397034,0.6460965871810913,-0.08946993947029114,0.5940868258476257,0.6778013706207275,-0.0747244581580162,0.6224812269210815,0.679472029209137,-0.06195827201008797,0.6730022430419922,0.70143061876297,-0.06504015624523163,0.589078962802887,0.7027559876441956,-0.09007403254508972,0.5996347665786743,0.7258024215698242,-0.08580809831619263,0.6250681281089783,0.7247965931892395,-0.07860321551561356,0.3527548909187317,0.7468324303627014,-2.782762464903499e-07,0.3610730469226837,0.671073853969574,-0.009497449733316898,0.38468581438064575,0.5814607739448547,-0.026091378182172775,0.4115294814109802,0.517333447933197,-0.04303399473428726,0.4334828853607178,0.47747841477394104,-0.056820593774318695,0.3505958020687103,0.5333784818649292,-0.045750461518764496,0.4365040957927704,0.506446123123169,-0.08117692172527313,0.4417458772659302,0.5504041910171509,-0.09859610348939896,0.4211158752441406,0.5690520405769348,-0.10889635235071182,0.35084226727485657,0.5772815346717834,-0.058873213827610016,0.4582647979259491,0.5550723075866699,-0.08999904990196228,0.4526205360889435,0.5992365479469299,-0.09280314296483994,0.42774516344070435,0.612249493598938,-0.09444059431552887,0.3612484037876129,0.6292179226875305,-0.07290861755609512,0.46337711811065674,0.6118417382240295,-0.09923850744962692,0.4538494646549225,0.6490305066108704,-0.08967434614896774,0.42844104766845703,0.6578429341316223,-0.08252964913845062,0.3789474666118622,0.6843522787094116,-0.08795197308063507,0.4628693461418152,0.6687706112861633,-0.10252881795167923,0.45350736379623413,0.6954439282417297,-0.09481625258922577,0.42876213788986206,0.7044777870178223,-0.0889260396361351
219,0.7151113152503967,0.7744566202163696,-3.6575053741216834e-07,0.6833267211914062,0.6864521503448486,-0.01364112924784422,0.6485161781311035,0.5960279107093811,-0.029478179290890694,0.6150578260421753,0.531568706035614,-0.04320121929049492,0.5953472256660461,0.4995265603065491,-0.05361528322100639,0.6948911547660828,0.5456191897392273,-0.042115602642297745,0.5913525819778442,0.546001136302948,-0.06893432140350342,0.5932806730270386,0.5962803959846497,-0.07497904449701309,0.6197304129600525,0.6072701811790466,-0.0773172527551651,0.6982272267341614,0.5953521728515625,-0.04942689090967178,0.582108199596405,0.6031486392021179,-0.07776500284671783,0.5924312472343445,0.6431540846824646,-0.07455310225486755,0.6204407215118408,0.6472409963607788,-0.0713779404759407,0.6894857883453369,0.6527656316757202,-0.05787241458892822,0.5818003416061401,0.6559455394744873,-0.08411134779453278,0.5946536064147949,0.691241979598999,-0.06934957206249237,0.624336302280426,0.6947704553604126,-0.05774794891476631,0.6746959686279297,0.7115292549133301,-0.06720971316099167,0.5886787176132202,0.7148297429084778,-0.08979485929012299,0.601891279220581,0.7359333038330078,-0.08586055785417557,0.630787193775177,0.7351526021957397,-0.07960271090269089,0.3598417341709137,0.7154209613800049,-7.258992695824418e-08,0.36057835817337036,0.6324400305747986,-0.010779716074466705,0.37941300868988037,0.5464950799942017,-0.02852085791528225,0.4029562473297119,0.4908279776573181,-0.04558752104640007,0.4217122197151184,0.4685177505016327,-0.05929369479417801,0.3544049561023712,0.4783702492713928,-0.04764395207166672,0.45397886633872986,0.4760691523551941,-0.07732659578323364,0.4553198516368866,0.5211226940155029,-0.08834264427423477,0.43205323815345764,0.5353448987007141,-0.09501685947179794,0.35279417037963867,0.5235514640808105,-0.05761166289448738,0.46702587604522705,0.5272654294967651,-0.08263357728719711,0.46200039982795715,0.5692535638809204,-0.0808451846241951,0.4389650821685791,0.5780283808708191,-0.08062882721424103,0.36228081583976746,0.5803371071815491,-0.06811999529600143,0.47120922803878784,0.577632486820221,-0.09021241217851639,0.4611603319644928,0.6142964363098145,-0.0810764729976654,0.4352259337902069,0.6221624612808228,-0.07487986236810684,0.379588782787323,0.6389679312705994,-0.07951244711875916,0.4663112759590149,0.6329348087310791,-0.09289666265249252,0.45580530166625977,0.6587306261062622,-0.08810578286647797,0.42943286895751953,0.6649436950683594,-0.08428894728422165
220,0.7010724544525146,0.7271990776062012,-3.625933118200919e-07,0.663390040397644,0.6313462853431702,-0.010007367469370365,0.6354769468307495,0.5468642711639404,-0.02401992864906788,0.606733500957489,0.4857233166694641,-0.03616081178188324,0.5962842106819153,0.4428819417953491,-0.044248469173908234,0.69142746925354,0.4771695137023926,-0.033602871000766754,0.5932143926620483,0.4857385754585266,-0.05440221354365349,0.5976399183273315,0.5321071147918701,-0.05819647014141083,0.6236980557441711,0.5408642292022705,-0.05996892601251602,0.6978276968002319,0.5200821757316589,-0.04076314717531204,0.5840579867362976,0.5401909351348877,-0.0624329149723053,0.5974584817886353,0.5773165822029114,-0.05887467414140701,0.6243039965629578,0.5770918130874634,-0.05716708302497864,0.6918936371803284,0.5753713846206665,-0.04864491522312164,0.583774209022522,0.5944029688835144,-0.06875430792570114,0.5995602607727051,0.6260501146316528,-0.05521159991621971,0.6279786825180054,0.6231611967086792,-0.04654950648546219,0.6796241402626038,0.6352126598358154,-0.057248275727033615,0.5894818902015686,0.6489090323448181,-0.07580175995826721,0.599029004573822,0.6700019240379333,-0.07248573005199432,0.6234716773033142,0.6662185192108154,-0.06809429824352264,0.3374186158180237,0.7421606779098511,-2.6008453346548777e-07,0.3502551019191742,0.6638736724853516,-0.014089132659137249,0.38350340723991394,0.5719464421272278,-0.03204628452658653,0.41990771889686584,0.5076479911804199,-0.04883190616965294,0.44453662633895874,0.4691848158836365,-0.062443606555461884,0.34504106640815735,0.5316933989524841,-0.05642683431506157,0.4459962844848633,0.5112475752830505,-0.09057071805000305,0.4473535418510437,0.5594636797904968,-0.10488032549619675,0.42018693685531616,0.5738472938537598,-0.1131533831357956,0.3474390506744385,0.5838484764099121,-0.06708937883377075,0.4606432616710663,0.5672733187675476,-0.09597532451152802,0.4511209726333618,0.6110185384750366,-0.09616195410490036,0.4234882891178131,0.6200476288795471,-0.09720593690872192,0.3598299026489258,0.6424621939659119,-0.07831814140081406,0.4642524719238281,0.6267338395118713,-0.10241999477148056,0.4510161280632019,0.6644258499145508,-0.09126598387956619,0.42474162578582764,0.6722140908241272,-0.08396608382463455,0.37821805477142334,0.7008193731307983,-0.0908118188381195,0.4640873968601227,0.6836360096931458,-0.1032891720533371,0.4512663781642914,0.7092335224151611,-0.09466120600700378,0.4252168536186218,0.7186849117279053,-0.088925302028656
221,0.703557014465332,0.7062081694602966,-4.0111615362548037e-07,0.6691139340400696,0.6222773790359497,-0.010071545839309692,0.6451225280761719,0.5325464606285095,-0.023260582238435745,0.621825635433197,0.4660525918006897,-0.03496973589062691,0.6114282011985779,0.4339798092842102,-0.04239250347018242,0.6997478008270264,0.4647945165634155,-0.03371283784508705,0.6018521189689636,0.4693109393119812,-0.0573749877512455,0.6044654846191406,0.5198285579681396,-0.06087009981274605,0.6307983994483948,0.5288189053535461,-0.06119674816727638,0.707110583782196,0.5106333494186401,-0.041734110563993454,0.5952708125114441,0.5286629796028137,-0.06650099903345108,0.6091486215591431,0.5696494579315186,-0.061163030564785004,0.6367079019546509,0.5706469416618347,-0.056050390005111694,0.7016117572784424,0.5671427249908447,-0.05096442997455597,0.5956476926803589,0.58981853723526,-0.07141495496034622,0.613208532333374,0.6227625608444214,-0.05609726533293724,0.6433312296867371,0.6185787320137024,-0.04488132894039154,0.6908018589019775,0.6273573040962219,-0.06129918992519379,0.6019394397735596,0.6425896286964417,-0.0757150948047638,0.6154390573501587,0.6645987033843994,-0.06970673054456711,0.6428487300872803,0.6615798473358154,-0.06327289342880249,0.32465800642967224,0.7843073606491089,-2.799385470098059e-07,0.33561649918556213,0.695659339427948,-0.014846369624137878,0.36651715636253357,0.6024770140647888,-0.03202041983604431,0.39785531163215637,0.5383794903755188,-0.048050932586193085,0.41389694809913635,0.5082882642745972,-0.06022943556308746,0.3323293626308441,0.5689403414726257,-0.052130136638879776,0.43516629934310913,0.5635265111923218,-0.08543004095554352,0.4311203360557556,0.6095165014266968,-0.0993884801864624,0.4014730453491211,0.618482232093811,-0.10752628743648529,0.33455657958984375,0.6259299516677856,-0.06244839355349541,0.4494209885597229,0.6253913640975952,-0.0903266966342926,0.43581414222717285,0.6658545136451721,-0.09036162495613098,0.4052240550518036,0.6707704067230225,-0.09161607921123505,0.3447479009628296,0.6910340785980225,-0.07359834760427475,0.45266491174697876,0.6835448741912842,-0.09747479110956192,0.43719935417175293,0.7181483507156372,-0.08590436726808548,0.4082666337490082,0.7233298420906067,-0.07839406281709671,0.3597395122051239,0.7545568943023682,-0.08620181679725647,0.4462631344795227,0.7426816821098328,-0.0998874381184578,0.43280112743377686,0.7648572325706482,-0.09127070009708405,0.4035862982273102,0.7714446783065796,-0.08538578450679779
222,0.0,0.0,0.0,0.0,0.0,0.0,0.0,0.0,0.0,0.0,0.0,0.0,0.0,0.0,0.0,0.0,0.0,0.0,0.0,0.0,0.0,0.0,0.0,0.0,0.0,0.0,0.0,0.0,0.0,0.0,0.0,0.0,0.0,0.0,0.0,0.0,0.0,0.0,0.0,0.0,0.0,0.0,0.0,0.0,0.0,0.0,0.0,0.0,0.0,0.0,0.0,0.0,0.0,0.0,0.0,0.0,0.0,0.0,0.0,0.0,0.0,0.0,0.0,0.35059022903442383,0.7681117057800293,-6.935803753549408e-08,0.37470799684524536,0.689019501209259,-0.011782989837229252,0.39740145206451416,0.6017360091209412,-0.028232187032699585,0.4150242507457733,0.5407005548477173,-0.044182244688272476,0.4249553680419922,0.49442195892333984,-0.056572724133729935,0.32893577218055725,0.5477383136749268,-0.044022735208272934,0.4203105568885803,0.531704306602478,-0.0744958370923996,0.42800334095954895,0.5744307041168213,-0.08928409963846207,0.40896210074424744,0.593169629573822,-0.09732571989297867,0.32384058833122253,0.5936121940612793,-0.05262843146920204,0.43161317706108093,0.586492657661438,-0.07623471319675446,0.43158069252967834,0.6225863099098206,-0.07765556871891022,0.410072386264801,0.6344815492630005,-0.0801505371928215,0.33180949091911316,0.649934709072113,-0.06203848868608475,0.43411511182785034,0.6403021216392517,-0.08250922709703445,0.42907872796058655,0.6713223457336426,-0.07260039448738098,0.4073921740055084,0.6797361373901367,-0.0664689913392067,0.34775927662849426,0.7058960199356079,-0.07246370613574982,0.43171876668930054,0.6926836967468262,-0.08266191929578781,0.42831939458847046,0.714963436126709,-0.07389561086893082,0.40851566195487976,0.7233690023422241,-0.06806844472885132
223,0.758435845375061,0.8562029600143433,-5.83314033519855e-07,0.71720290184021,0.7369982600212097,-0.009248399175703526,0.6819982528686523,0.631735622882843,-0.029862843453884125,0.6472228765487671,0.5626631379127502,-0.05072745308279991,0.6236485838890076,0.5217141509056091,-0.06808426231145859,0.7521968483924866,0.5614644289016724,-0.04173264652490616,0.6296915411949158,0.5632994174957275,-0.07742736488580704,0.6391654014587402,0.614362359046936,-0.09354338049888611,0.6706326007843018,0.6331807374954224,-0.10193949937820435,0.7485573291778564,0.6218323111534119,-0.05608496442437172,0.6110433340072632,0.6315650343894958,-0.09316740185022354,0.6322680115699768,0.6679173707962036,-0.09686069190502167,0.669909656047821,0.6783797740936279,-0.09860533475875854,0.7339305877685547,0.6884126663208008,-0.07151207327842712,0.6103741526603699,0.6886988878250122,-0.1044297143816948,0.6348661184310913,0.7210798263549805,-0.09052952378988266,0.6746755838394165,0.7243740558624268,-0.07892730832099915,0.7159245610237122,0.755943775177002,-0.08783481270074844,0.6236158013343811,0.7504666447639465,-0.11105719953775406,0.641207754611969,0.772470235824585,-0.10326606035232544,0.6763850450515747,0.7726835608482361,-0.09421252459287643,0.3543435335159302,0.7395298480987549,-1.6990129836358392e-07,0.38509663939476013,0.6530820727348328,-0.017991963773965836,0.40586933493614197,0.5638468861579895,-0.03277650848031044,0.4148331582546234,0.5015016198158264,-0.04510657861828804,0.4055621027946472,0.4587474465370178,-0.05269384756684303,0.3316282331943512,0.5050833225250244,-0.04388456791639328,0.42347076535224915,0.5027741193771362,-0.07595041394233704,0.4297522008419037,0.5520405769348145,-0.09073397517204285,0.40572038292884827,0.5608043074607849,-0.10027029365301132,0.3213129937648773,0.5534073710441589,-0.050170473754405975,0.4341224133968353,0.5567653179168701,-0.08151624351739883,0.4308682084083557,0.6023572683334351,-0.08705611526966095,0.40764400362968445,0.603256344795227,-0.09162775427103043,0.3286189138889313,0.6140131950378418,-0.057931989431381226,0.43827030062675476,0.6153836846351624,-0.08616834878921509,0.4301533102989197,0.653989315032959,-0.08127478510141373,0.4063495397567749,0.6539982557296753,-0.07740716636180878,0.34806403517723083,0.6757628917694092,-0.06717130541801453,0.43912366032600403,0.6675546169281006,-0.08584170043468475,0.4287092983722687,0.6923208236694336,-0.08488231152296066,0.40032288432121277,0.6979370713233948,-0.08341427892446518
224,0.7197088003158569,0.7462960481643677,-6.079077934373345e-07,0.7032829523086548,0.6460130214691162,-0.006986485328525305,0.6846839785575867,0.5447674989700317,-0.022180531173944473,0.6523249745368958,0.48402535915374756,-0.036928024142980576,0.629086971282959,0.46158379316329956,-0.05035864934325218,0.7350332140922546,0.49137982726097107,-0.03937191888689995,0.6412330269813538,0.4657178819179535,-0.06458097696304321,0.6293749809265137,0.5124437808990479,-0.06976419687271118,0.6457327008247375,0.5356388688087463,-0.07130280882120132,0.7420458793640137,0.5373892188072205,-0.04927525296807289,0.629675567150116,0.5313473343849182,-0.07556499540805817,0.6314480304718018,0.5751060247421265,-0.07209079712629318,0.6569249033927917,0.5845043659210205,-0.06926437467336655,0.734199047088623,0.5928938984870911,-0.05948546528816223,0.6250343322753906,0.5881766676902771,-0.08517052233219147,0.6322640776634216,0.6238566637039185,-0.07248075306415558,0.6596925854682922,0.6271741390228271,-0.06266552209854126,0.7162477970123291,0.6494960784912109,-0.06946540623903275,0.6269128918647766,0.6473909616470337,-0.08924825489521027,0.6342655420303345,0.6705002784729004,-0.08381173759698868,0.6603577136993408,0.6706785559654236,-0.07782574743032455,0.0,0.0,0.0,0.0,0.0,0.0,0.0,0.0,0.0,0.0,0.0,0.0,0.0,0.0,0.0,0.0,0.0,0.0,0.0,0.0,0.0,0.0,0.0,0.0,0.0,0.0,0.0,0.0,0.0,0.0,0.0,0.0,0.0,0.0,0.0,0.0,0.0,0.0,0.0,0.0,0.0,0.0,0.0,0.0,0.0,0.0,0.0,0.0,0.0,0.0,0.0,0.0,0.0,0.0,0.0,0.0,0.0,0.0,0.0,0.0,0.0,0.0,0.0
225,0.7324700951576233,0.7263153791427612,-3.9889448544272454e-07,0.7026586532592773,0.6320359110832214,-0.011112702079117298,0.6841675043106079,0.536925733089447,-0.025443309918045998,0.6630207300186157,0.46791812777519226,-0.038344938308000565,0.6454695463180542,0.4376146197319031,-0.046960096806287766,0.7409337759017944,0.4710836410522461,-0.034318115562200546,0.643031120300293,0.4601891338825226,-0.06130724772810936,0.6382036209106445,0.5094158053398132,-0.06798142939805984,0.6630145907402039,0.5248265266418457,-0.06992950290441513,0.7489498853683472,0.5185742378234863,-0.042596235871315,0.6334637403488159,0.5241535902023315,-0.06993995606899261,0.641489565372467,0.5660763382911682,-0.0668557733297348,0.6700364351272583,0.5706114172935486,-0.06265630573034286,0.741850733757019,0.5757326483726501,-0.05259381979703903,0.6328210234642029,0.5857114195823669,-0.07622133940458298,0.6451153755187988,0.6198551058769226,-0.06372597813606262,0.6751704812049866,0.6204468011856079,-0.053405433893203735,0.727446436882019,0.6347644329071045,-0.06372863054275513,0.6367115378379822,0.6388897895812988,-0.08082331717014313,0.6429060101509094,0.6622798442840576,-0.07702634483575821,0.6670029163360596,0.6639024019241333,-0.07130903750658035,0.3181278705596924,0.8853250741958618,-3.462901929651707e-07,0.3491292893886566,0.7823469638824463,-0.018145600333809853,0.38337668776512146,0.6812090277671814,-0.03692372143268585,0.40587711334228516,0.6096994280815125,-0.05503359064459801,0.40163537859916687,0.5720911026000977,-0.06924951821565628,0.32098522782325745,0.6308794021606445,-0.04872903227806091,0.42465949058532715,0.6362980008125305,-0.08585907518863678,0.415634423494339,0.6815013885498047,-0.10607370734214783,0.3844226598739624,0.687769889831543,-0.11871059983968735,0.3173965811729431,0.6946036219596863,-0.058087483048439026,0.433716356754303,0.7014555335044861,-0.08889201283454895,0.41515934467315674,0.7335502505302429,-0.09188941866159439,0.3835010826587677,0.7377315163612366,-0.09570522606372833,0.32326215505599976,0.7632184028625488,-0.06963950395584106,0.4326094090938568,0.7612080574035645,-0.09605887532234192,0.4129350185394287,0.7872996926307678,-0.08644503355026245,0.38407033681869507,0.7909611463546753,-0.079920195043087,0.33481085300445557,0.8287036418914795,-0.08326053619384766,0.4250626564025879,0.8148059844970703,-0.09668012708425522,0.4090334475040436,0.8306782245635986,-0.08896986395120621,0.3784095346927643,0.8352034687995911,-0.08404587209224701
226,0.0,0.0,0.0,0.0,0.0,0.0,0.0,0.0,0.0,0.0,0.0,0.0,0.0,0.0,0.0,0.0,0.0,0.0,0.0,0.0,0.0,0.0,0.0,0.0,0.0,0.0,0.0,0.0,0.0,0.0,0.0,0.0,0.0,0.0,0.0,0.0,0.0,0.0,0.0,0.0,0.0,0.0,0.0,0.0,0.0,0.0,0.0,0.0,0.0,0.0,0.0,0.0,0.0,0.0,0.0,0.0,0.0,0.0,0.0,0.0,0.0,0.0,0.0,0.3357681632041931,0.8318294882774353,5.036718597750678e-09,0.35083574056625366,0.7210641503334045,-0.0040944297797977924,0.3692783713340759,0.6295148134231567,-0.0192413330078125,0.38600167632102966,0.5641375780105591,-0.03661496192216873,0.40274375677108765,0.5270143747329712,-0.05172622948884964,0.3268570303916931,0.58953857421875,-0.02792419120669365,0.40117913484573364,0.5576438903808594,-0.0608658567070961,0.41295742988586426,0.5834841132164001,-0.08239410072565079,0.39857274293899536,0.5980610251426697,-0.09544387459754944,0.323837012052536,0.6325154900550842,-0.041895005851984024,0.41751453280448914,0.6108703017234802,-0.06913293898105621,0.41575703024864197,0.6364639401435852,-0.07755687087774277,0.387676477432251,0.6502957940101624,-0.08366388827562332,0.332933634519577,0.6862205266952515,-0.05704660713672638,0.4257224202156067,0.6648668646812439,-0.07795172929763794,0.4181375503540039,0.6839572191238403,-0.0722905769944191,0.38922783732414246,0.6909953355789185,-0.06834430992603302,0.34956109523773193,0.7448511123657227,-0.0729462131857872,0.4222669005393982,0.7211278080940247,-0.08316005021333694,0.4179760813713074,0.7345669269561768,-0.07579229772090912,0.3946771025657654,0.7406345009803772,-0.07019362598657608
227,0.7537674307823181,0.8246011734008789,-6.139331389931613e-07,0.7227597832679749,0.7237539887428284,-0.018046364188194275,0.6918436288833618,0.6224448680877686,-0.043617308139801025,0.657509446144104,0.5590113997459412,-0.06650089472532272,0.6318576335906982,0.5329115390777588,-0.08757741004228592,0.7610878944396973,0.5663815140724182,-0.06453880667686462,0.6402481198310852,0.559395432472229,-0.1032794713973999,0.6418249011039734,0.6103814840316772,-0.11721780896186829,0.6681022047996521,0.6266873478889465,-0.12339498102664948,0.7630349397659302,0.6272092461585999,-0.07320451736450195,0.6268845200538635,0.630043625831604,-0.11249800026416779,0.6413633227348328,0.6691815853118896,-0.11216903477907181,0.6755461096763611,0.6768752336502075,-0.11091034859418869,0.748771071434021,0.6929107904434204,-0.08247978240251541,0.6249008178710938,0.691926121711731,-0.11697885394096375,0.6423240303993225,0.7240341901779175,-0.10127098858356476,0.6778069138526917,0.7248265743255615,-0.08851473033428192,0.7262817621231079,0.7551302313804626,-0.09251701831817627,0.6301522850990295,0.7504338026046753,-0.11637668311595917,0.646212100982666,0.7729305028915405,-0.1077648177742958,0.6803102493286133,0.7719658017158508,-0.09888505935668945,0.3441966474056244,0.7829391360282898,-1.711402717319288e-07,0.3753478527069092,0.6787974238395691,-0.00843440555036068,0.39630427956581116,0.5855767726898193,-0.020390337333083153,0.4073459506034851,0.5193861722946167,-0.033980756998062134,0.40875518321990967,0.4681093990802765,-0.04396333545446396,0.335836797952652,0.5136508345603943,-0.019928857684135437,0.4228397309780121,0.5117566585540771,-0.04821707308292389,0.4223467707633972,0.5602576732635498,-0.06500221788883209,0.39786601066589355,0.5691284537315369,-0.07663200050592422,0.3236798644065857,0.5546000003814697,-0.031034892424941063,0.4310761094093323,0.5628424882888794,-0.05455366149544716,0.420428067445755,0.6062144637107849,-0.06039408594369888,0.39115849137306213,0.6082759499549866,-0.06601697951555252,0.32560795545578003,0.6128193736076355,-0.04428691416978836,0.43066269159317017,0.6176915764808655,-0.06600558757781982,0.4181362986564636,0.6556909680366516,-0.06098560243844986,0.3906092345714569,0.6563398838043213,-0.05798536166548729,0.33660799264907837,0.6768798828125,-0.05874329432845116,0.42310547828674316,0.6734775304794312,-0.07144840061664581,0.4145772457122803,0.6976040601730347,-0.06742126494646072,0.38886725902557373,0.6989374160766602,-0.06432057172060013
228,0.7371275424957275,0.7583712935447693,-7.042065703899425e-07,0.7171407341957092,0.6584219336509705,-0.005168555304408073,0.6932395696640015,0.5589541792869568,-0.021830517798662186,0.6579534411430359,0.49812936782836914,-0.038445957005023956,0.633381724357605,0.47041332721710205,-0.05331496149301529,0.7338079810142517,0.504734456539154,-0.041248757392168045,0.6414759159088135,0.47644755244255066,-0.06971653550863266,0.6340855360031128,0.5284295082092285,-0.07801999896764755,0.6518590450286865,0.5457699298858643,-0.08141807466745377,0.7413635849952698,0.550735354423523,-0.0527593269944191,0.6343234777450562,0.5390695333480835,-0.08112374693155289,0.6384359002113342,0.5840566158294678,-0.07759879529476166,0.6629608273506165,0.5915741920471191,-0.07427830249071121,0.7352349758148193,0.6059025526046753,-0.06420033425092697,0.6321118474006653,0.6069844961166382,-0.08869826793670654,0.641799807548523,0.6430171728134155,-0.07181090861558914,0.6680021286010742,0.6435539722442627,-0.05928279459476471,0.7202003002166748,0.6602705717086792,-0.0755670890212059,0.6349901556968689,0.6624752283096313,-0.08971787244081497,0.6449542045593262,0.6873651742935181,-0.07816263288259506,0.6695398688316345,0.6859230399131775,-0.06868777424097061,0.0,0.0,0.0,0.0,0.0,0.0,0.0,0.0,0.0,0.0,0.0,0.0,0.0,0.0,0.0,0.0,0.0,0.0,0.0,0.0,0.0,0.0,0.0,0.0,0.0,0.0,0.0,0.0,0.0,0.0,0.0,0.0,0.0,0.0,0.0,0.0,0.0,0.0,0.0,0.0,0.0,0.0,0.0,0.0,0.0,0.0,0.0,0.0,0.0,0.0,0.0,0.0,0.0,0.0,0.0,0.0,0.0,0.0,0.0,0.0,0.0,0.0,0.0
229,0.7275274395942688,0.7348885536193848,-4.173190291112405e-07,0.6973860263824463,0.6331230401992798,-0.00671011907979846,0.6791712045669556,0.5349834561347961,-0.019355114549398422,0.6542567610740662,0.4693896770477295,-0.03133402019739151,0.6331807374954224,0.4513247013092041,-0.039907775819301605,0.7285144329071045,0.47567862272262573,-0.030505390837788582,0.6314040422439575,0.4750620126724243,-0.05403529107570648,0.6324731111526489,0.5241732001304626,-0.058541618287563324,0.658560574054718,0.5351212024688721,-0.05927041918039322,0.7384039759635925,0.524779200553894,-0.0403095968067646,0.6245661377906799,0.539966344833374,-0.06466352194547653,0.6363561153411865,0.5787746906280518,-0.06053825095295906,0.6646460294723511,0.5814835429191589,-0.05632596090435982,0.7342186570167542,0.5833953022956848,-0.0510261207818985,0.6256176233291626,0.5960813164710999,-0.07258200645446777,0.6400350332260132,0.6273937225341797,-0.060064829885959625,0.6698444485664368,0.625941276550293,-0.05005798861384392,0.7223435044288635,0.644188404083252,-0.06216077879071236,0.6317065954208374,0.6482670903205872,-0.076365627348423,0.6414802074432373,0.6693674325942993,-0.07046907395124435,0.6680691838264465,0.6699641942977905,-0.06380420923233032,0.3264879882335663,0.889775276184082,-3.0243299420362746e-07,0.3540765345096588,0.7819496393203735,-0.01450173370540142,0.38160085678100586,0.6825509071350098,-0.03448960557579994,0.40085020661354065,0.6062209606170654,-0.05437459796667099,0.3901488780975342,0.5668926239013672,-0.06984944641590118,0.31031107902526855,0.6404827237129211,-0.051802583038806915,0.41340571641921997,0.6281941533088684,-0.08959831297397614,0.40701615810394287,0.6745907068252563,-0.10738666355609894,0.3780505359172821,0.6852571964263916,-0.11794613301753998,0.3076014220714569,0.7011765241622925,-0.0628168135881424,0.4265288710594177,0.6948738694190979,-0.09472335129976273,0.41242578625679016,0.7293124794960022,-0.09575064480304718,0.38153403997421265,0.7338253855705261,-0.09863799810409546,0.3171781599521637,0.7653027772903442,-0.0754062607884407,0.4320126175880432,0.7561542987823486,-0.1019696444272995,0.41353240609169006,0.7853543758392334,-0.08993683755397797,0.38284632563591003,0.7889233827590942,-0.08256132155656815,0.3337247967720032,0.8260270953178406,-0.0896952673792839,0.4275189936161041,0.8092955350875854,-0.1026514545083046,0.4115670621395111,0.8294572830200195,-0.09404795616865158,0.37887316942214966,0.8347235918045044,-0.08922327309846878
230,0.7397686243057251,0.775040328502655,-4.808245535059541e-07,0.7207067608833313,0.6825100183486938,-0.01918533444404602,0.6880726218223572,0.5954579710960388,-0.04334818571805954,0.651569664478302,0.5394856929779053,-0.0642121285200119,0.6274710893630981,0.4986388683319092,-0.08241520822048187,0.7514251470565796,0.5608547329902649,-0.0634898990392685,0.6393343210220337,0.549132764339447,-0.10122031718492508,0.6337756514549255,0.5903942584991455,-0.11536905169487,0.6567315459251404,0.6054379343986511,-0.12200857698917389,0.753892183303833,0.6179395318031311,-0.07003623247146606,0.6215444803237915,0.6149387955665588,-0.1051124781370163,0.6307255625724792,0.6526344418525696,-0.10478575527667999,0.6608102917671204,0.6595042943954468,-0.10429438203573227,0.7426453232765198,0.67768794298172,-0.07747945189476013,0.6197787523269653,0.6729946136474609,-0.10650171339511871,0.6320071220397949,0.70396888256073,-0.09072397649288177,0.6626566648483276,0.7078818678855896,-0.07969845831394196,0.7240465879440308,0.7349439859390259,-0.08609463274478912,0.6280090808868408,0.7319515943527222,-0.10998987406492233,0.6389450430870056,0.7516810894012451,-0.10352378338575363,0.668656051158905,0.7534869313240051,-0.0961957722902298,0.32994377613067627,0.8372142314910889,-1.454223905739127e-07,0.359587162733078,0.7308946251869202,-0.007494573015719652,0.38254424929618835,0.6393680572509766,-0.021898003295063972,0.39977118372917175,0.5754066109657288,-0.037887245416641235,0.41774046421051025,0.5303034782409668,-0.0516035370528698,0.3309745490550995,0.5917235612869263,-0.02871875837445259,0.4148021638393402,0.5704472661018372,-0.05945882946252823,0.4166272282600403,0.6164183616638184,-0.07839184999465942,0.3963856101036072,0.6365169286727905,-0.09085486829280853,0.32094934582710266,0.6393095254898071,-0.04067302867770195,0.4213232696056366,0.6228907108306885,-0.06497763842344284,0.4144839942455292,0.6612767577171326,-0.07114987075328827,0.3894107937812805,0.6761660575866699,-0.07674770057201385,0.32294392585754395,0.6956591010093689,-0.053963225334882736,0.41732823848724365,0.6826473474502563,-0.0721702128648758,0.4103577435016632,0.712518036365509,-0.06387627869844437,0.3873177468776703,0.7214084267616272,-0.05956292524933815,0.33424779772758484,0.7537158131599426,-0.06871196627616882,0.40726298093795776,0.7375386357307434,-0.07690198719501495,0.4040238857269287,0.7572771906852722,-0.0684160590171814,0.3847869634628296,0.7633541226387024,-0.0630078911781311
231,0.7275123596191406,0.8035535216331482,-2.6785329509948497e-07,0.697877824306488,0.6995908617973328,-0.010834152810275555,0.6664239168167114,0.6031367182731628,-0.025912275537848473,0.6333913207054138,0.5525243282318115,-0.03941372036933899,0.6130627989768982,0.5635282397270203,-0.0508640892803669,0.7237536311149597,0.5866284370422363,-0.037384629249572754,0.620661735534668,0.5924661755561829,-0.057097941637039185,0.620963454246521,0.6364074945449829,-0.060678888112306595,0.6488205194473267,0.6438184380531311,-0.06272139400243759,0.7281727194786072,0.6497846841812134,-0.046008795499801636,0.61093670129776,0.6582040786743164,-0.06391193717718124,0.6231813430786133,0.6889154314994812,-0.060713499784469604,0.6521777510643005,0.6902973651885986,-0.0594010129570961,0.7200179100036621,0.7168683409690857,-0.0545278936624527,0.611325740814209,0.7193834185600281,-0.06757544726133347,0.6263293623924255,0.7419489026069641,-0.0553002655506134,0.6573688387870789,0.7407167553901672,-0.04813401401042938,0.7066895365715027,0.7821874618530273,-0.06392598152160645,0.6195902228355408,0.7780576348304749,-0.07360672205686569,0.6356075406074524,0.7907068729400635,-0.06648106127977371,0.6678422093391418,0.79090416431427,-0.060270681977272034,0.3371524512767792,0.7854348421096802,-2.45184512692731e-08,0.373451292514801,0.6723398566246033,-0.010649559088051319,0.3922507166862488,0.581118643283844,-0.021967148408293724,0.39931246638298035,0.5175070762634277,-0.034440089017152786,0.3987697958946228,0.46527472138404846,-0.04364761710166931,0.32734784483909607,0.5176378488540649,-0.01936897449195385,0.4121524393558502,0.5159208178520203,-0.04638216644525528,0.41446995735168457,0.5558046698570251,-0.06281722337007523,0.39201632142066956,0.5604824423789978,-0.0738566592335701,0.31216078996658325,0.5535331964492798,-0.027233421802520752,0.4190845489501953,0.5605518221855164,-0.0501614585518837,0.41287410259246826,0.5992783308029175,-0.05597476661205292,0.38657715916633606,0.6007848381996155,-0.06074018031358719,0.3113241493701935,0.607284665107727,-0.03736745938658714,0.4185235798358917,0.6132017970085144,-0.05841901898384094,0.40936025977134705,0.6474609971046448,-0.05348435789346695,0.3849533200263977,0.6483365297317505,-0.049600400030612946,0.3204444944858551,0.6690707802772522,-0.04895079508423805,0.41024836897850037,0.6658152341842651,-0.0613933764398098,0.40433046221733093,0.686260461807251,-0.05769874528050423,0.38138458132743835,0.6880019903182983,-0.053984854370355606
232,0.7209137082099915,0.7587010264396667,-3.111546504896978e-07,0.6966191530227661,0.6698161363601685,-0.01837586797773838,0.6708370447158813,0.5851944088935852,-0.03985089063644409,0.6406869292259216,0.5227030515670776,-0.05692032724618912,0.6195936799049377,0.47407907247543335,-0.07086485624313354,0.7297316193580627,0.5270285606384277,-0.05915818735957146,0.6269531846046448,0.5195675492286682,-0.086672343313694,0.6221061944961548,0.5650399327278137,-0.09205973893404007,0.6450589299201965,0.5828837156295776,-0.0941748395562172,0.7351381778717041,0.5738651752471924,-0.06372811645269394,0.6144205331802368,0.5768213272094727,-0.09245580434799194,0.6220756769180298,0.6155786514282227,-0.0893770083785057,0.6503132581710815,0.6216449737548828,-0.0879179984331131,0.7265534400939941,0.6303955316543579,-0.0686473399400711,0.6133824586868286,0.6300860643386841,-0.0947241485118866,0.6251442432403564,0.6617832183837891,-0.07991615682840347,0.6552743911743164,0.6643452644348145,-0.0703994408249855,0.7096328139305115,0.6874436736106873,-0.07433691620826721,0.6199879050254822,0.6871897578239441,-0.1000581830739975,0.6281866431236267,0.7083209156990051,-0.09794547408819199,0.6550478935241699,0.7081294059753418,-0.09382262825965881,0.33164384961128235,0.7611969113349915,-2.301681121252841e-07,0.36310872435569763,0.665668249130249,-0.007978617213666439,0.3831537663936615,0.5788023471832275,-0.02090529166162014,0.39376741647720337,0.5202795267105103,-0.03524314612150192,0.40088149905204773,0.4778738021850586,-0.046331457793712616,0.3240053951740265,0.5055817365646362,-0.0261051207780838,0.4104369282722473,0.5094330906867981,-0.05516750365495682,0.4113248288631439,0.5538873076438904,-0.07259481400251389,0.38839802145957947,0.561145544052124,-0.08475636690855026,0.3125755488872528,0.5542377233505249,-0.038544073700904846,0.4170153737068176,0.5660328269004822,-0.06209610775113106,0.4091901481151581,0.6058305501937866,-0.06777457147836685,0.38503333926200867,0.6065173745155334,-0.07382982224225998,0.31367218494415283,0.6167135238647461,-0.05247385799884796,0.4151243567466736,0.6258676648139954,-0.07513196021318436,0.40677809715270996,0.6593151092529297,-0.0697597786784172,0.3839294910430908,0.6603085994720459,-0.06652440130710602,0.3227939307689667,0.6819239854812622,-0.06760135293006897,0.40910738706588745,0.6799858212471008,-0.08166643977165222,0.4060743451118469,0.6988836526870728,-0.07711179554462433,0.38560950756073,0.7003148794174194,-0.07339073717594147
233,0.7223178148269653,0.7186720967292786,-2.748197402979713e-07,0.6947890520095825,0.6270108819007874,-0.005963152274489403,0.6715595722198486,0.5342398285865784,-0.018257873132824898,0.6456464529037476,0.46935588121414185,-0.028815316036343575,0.6214607954025269,0.43171900510787964,-0.03614114224910736,0.720335066318512,0.4763559401035309,-0.032000504434108734,0.622302770614624,0.4699099361896515,-0.049654703587293625,0.6241851449012756,0.515225350856781,-0.051909107714891434,0.6508817076683044,0.5276979207992554,-0.053046055138111115,0.727931797504425,0.5180590748786926,-0.040556542575359344,0.6155296564102173,0.517570972442627,-0.05512059107422829,0.6278943419456482,0.5570050477981567,-0.04882798716425896,0.6540771722793579,0.5626946687698364,-0.04608224332332611,0.7224187254905701,0.5720878839492798,-0.04919738695025444,0.6160151958465576,0.5751078128814697,-0.061780765652656555,0.630683183670044,0.6085145473480225,-0.04871276766061783,0.6588913202285767,0.6112824082374573,-0.04198925569653511,0.7104505300521851,0.6310746669769287,-0.05826834961771965,0.6207264065742493,0.6325549483299255,-0.07130227237939835,0.6322673559188843,0.6528006196022034,-0.06743110716342926,0.6588063836097717,0.6552101969718933,-0.06365945190191269,0.32911741733551025,0.775132954120636,-2.6851961365537136e-07,0.35527533292770386,0.6738913655281067,-0.011297961696982384,0.3785895109176636,0.5715866684913635,-0.02510518953204155,0.3948199450969696,0.5080156922340393,-0.039645176380872726,0.3985461890697479,0.5015303492546082,-0.05108015984296799,0.32070478796958923,0.5302541255950928,-0.037176694720983505,0.41732075810432434,0.5469332337379456,-0.06829048693180084,0.41500645875930786,0.5941397547721863,-0.0829509049654007,0.3885158598423004,0.5982109308242798,-0.09343636780977249,0.3107536733150482,0.5880738496780396,-0.050569552928209305,0.42496129870414734,0.6043705940246582,-0.0806698277592659,0.41308650374412537,0.6447349190711975,-0.08484380692243576,0.386350154876709,0.6434447169303894,-0.08878053724765778,0.3140794038772583,0.6547428369522095,-0.06528391689062119,0.42171695828437805,0.6636732816696167,-0.09223193675279617,0.40940892696380615,0.6987760066986084,-0.08633634448051453,0.38613706827163696,0.6974409222602844,-0.08186907321214676,0.32784339785575867,0.7219297289848328,-0.08157344162464142,0.41830089688301086,0.7172406315803528,-0.09815872460603714,0.40696486830711365,0.7357261180877686,-0.09523801505565643,0.38062483072280884,0.7363340854644775,-0.09284819662570953
234,0.7110079526901245,0.7026315927505493,-3.7866755064897006e-07,0.6814027428627014,0.613928496837616,-0.010510391555726528,0.6610867381095886,0.5224167704582214,-0.025087622925639153,0.6387602686882019,0.4570748805999756,-0.038596682250499725,0.6271504163742065,0.4388278126716614,-0.048580434173345566,0.7194693684577942,0.4649140536785126,-0.03408815711736679,0.6239542365074158,0.46134793758392334,-0.060632649809122086,0.622456967830658,0.5126179456710815,-0.06703987717628479,0.6488242745399475,0.5228754281997681,-0.06915545463562012,0.7268589735031128,0.5148925185203552,-0.04298828914761543,0.6164961457252502,0.5214025974273682,-0.07003146409988403,0.6247059106826782,0.56373131275177,-0.06582926958799362,0.6525697708129883,0.5678898692131042,-0.06102330982685089,0.7200342416763306,0.5724223256111145,-0.05346887931227684,0.614813506603241,0.5793836116790771,-0.07647145539522171,0.6258174180984497,0.6148712635040283,-0.061577316373586655,0.6554213166236877,0.6157943606376648,-0.04950674995779991,0.7066408395767212,0.6314968466758728,-0.06501982361078262,0.6175695061683655,0.6340436935424805,-0.08070971071720123,0.6276745796203613,0.6555031538009644,-0.07477143406867981,0.6559884548187256,0.6563666462898254,-0.0678504928946495,0.3424781858921051,0.7653053402900696,-2.439797981423908e-07,0.3731708526611328,0.6760683059692383,-0.010179675184190273,0.3918076157569885,0.5864696502685547,-0.02343493327498436,0.39915186166763306,0.5235987305641174,-0.037283409386873245,0.40375739336013794,0.4833311438560486,-0.04738911613821983,0.3247857987880707,0.5138135552406311,-0.03119657374918461,0.4153080880641937,0.5155025720596313,-0.06082155555486679,0.4167593717575073,0.5656220316886902,-0.07586288452148438,0.3948599100112915,0.5791431069374084,-0.08548343181610107,0.31298595666885376,0.5603421926498413,-0.04151035472750664,0.42274242639541626,0.5726817846298218,-0.0666506290435791,0.41507047414779663,0.616020917892456,-0.06922552734613419,0.39318010210990906,0.6220511794090271,-0.07198088616132736,0.31527721881866455,0.620926558971405,-0.05353064835071564,0.4219774007797241,0.6306231617927551,-0.07660011947154999,0.41299980878829956,0.6665495038032532,-0.06990475952625275,0.3927546441555023,0.6711141467094421,-0.0650762990117073,0.3268923759460449,0.6851140856742859,-0.06692244112491608,0.41742396354675293,0.6829059720039368,-0.08047793060541153,0.41145583987236023,0.7043655514717102,-0.07625436037778854,0.3910747468471527,0.7092797756195068,-0.0725402906537056
235,0.7260397672653198,0.7478697896003723,-4.6478211856992857e-07,0.6977804899215698,0.65742027759552,-0.010915343649685383,0.6700744032859802,0.5651002526283264,-0.02604425884783268,0.6407098770141602,0.49852481484413147,-0.03893253952264786,0.6241801381111145,0.4741875231266022,-0.047672729939222336,0.722558856010437,0.5125911235809326,-0.04320312663912773,0.6221778392791748,0.5106604099273682,-0.06541509926319122,0.6231563091278076,0.5626853108406067,-0.0674138069152832,0.6494675278663635,0.575124204158783,-0.06749364733695984,0.7281972765922546,0.5621677041053772,-0.05149935558438301,0.6140369176864624,0.569938063621521,-0.07480159401893616,0.6265649795532227,0.6078675985336304,-0.07028742134571075,0.6538148522377014,0.6128503084182739,-0.0668829157948494,0.7213965654373169,0.6207917928695679,-0.05963663011789322,0.6142978072166443,0.6280393600463867,-0.07750652730464935,0.6301881074905396,0.6593981385231018,-0.06225810572504997,0.6604467034339905,0.660639226436615,-0.052341192960739136,0.7086333632469177,0.6818363666534424,-0.06869598478078842,0.6206781268119812,0.6831300258636475,-0.08222509175539017,0.6352942585945129,0.7025964856147766,-0.07516022026538849,0.6645379066467285,0.7048920392990112,-0.06819801032543182,0.33394306898117065,0.711938202381134,-2.1837350061559846e-07,0.3699296712875366,0.6054486632347107,-0.010740978643298149,0.39050695300102234,0.5093601942062378,-0.026994524523615837,0.3989996612071991,0.44714006781578064,-0.04430146887898445,0.3996433615684509,0.41965940594673157,-0.05713634192943573,0.3195607364177704,0.46476492285728455,-0.03536459431052208,0.41100791096687317,0.4696444272994995,-0.06818924844264984,0.41386547684669495,0.5138956308364868,-0.08508778363466263,0.3932035565376282,0.5263721942901611,-0.09501620382070541,0.31190821528434753,0.516075849533081,-0.04609863832592964,0.4187363386154175,0.520470380783081,-0.07644571363925934,0.4135868549346924,0.5591511130332947,-0.08025866746902466,0.3876698613166809,0.5689250826835632,-0.08273638784885406,0.31714051961898804,0.5739447474479675,-0.058706238865852356,0.41801807284355164,0.5773292183876038,-0.08370091021060944,0.4079383611679077,0.6066304445266724,-0.07628609985113144,0.3824031949043274,0.6096041202545166,-0.07015801221132278,0.3315473794937134,0.6318045854568481,-0.07261960953474045,0.4146948456764221,0.6277702450752258,-0.08363131433725357,0.40664055943489075,0.6466408967971802,-0.07705351710319519,0.382752925157547,0.6484821438789368,-0.07278022915124893
236,0.7306170463562012,0.7715355753898621,-3.832718391549861e-07,0.7026265859603882,0.6707717776298523,-0.009685159660875797,0.6772326231002808,0.5704236030578613,-0.024531884118914604,0.6462082862854004,0.505907416343689,-0.03772754967212677,0.6180628538131714,0.5049644112586975,-0.04829162731766701,0.7258347272872925,0.539627194404602,-0.040527381002902985,0.6233952641487122,0.5412878394126892,-0.06522195041179657,0.6267839670181274,0.5866661071777344,-0.07077468931674957,0.6518707275390625,0.5942054986953735,-0.07303017377853394,0.7311792969703674,0.5930405855178833,-0.049810029566287994,0.6142804026603699,0.599561333656311,-0.07389035820960999,0.626807451248169,0.6359134912490845,-0.06938125938177109,0.6539484262466431,0.638047456741333,-0.06609244644641876,0.7239285707473755,0.6532970070838928,-0.05958745628595352,0.6136865615844727,0.6584195494651794,-0.07819239050149918,0.6283308863639832,0.688202440738678,-0.06392387300729752,0.6590366363525391,0.6869485378265381,-0.054386116564273834,0.7105548977851868,0.7133498191833496,-0.07027442008256912,0.6177353858947754,0.7173506617546082,-0.08246229588985443,0.6293306350708008,0.7326778173446655,-0.07658021152019501,0.6576457619667053,0.7294954061508179,-0.07150956243276596,0.3450879156589508,0.6846758127212524,-1.831132010465808e-07,0.3753412067890167,0.5923068523406982,-0.012206178158521652,0.38818633556365967,0.4985619783401489,-0.024024421349167824,0.3919818103313446,0.43972325325012207,-0.03578143194317818,0.3902759552001953,0.4087097644805908,-0.04338199272751808,0.31954386830329895,0.4403647780418396,-0.029698563739657402,0.4157688617706299,0.4432699382305145,-0.05870300158858299,0.4155103862285614,0.4893803596496582,-0.07217270135879517,0.39004844427108765,0.49338313937187195,-0.0809083804488182,0.30881476402282715,0.48504897952079773,-0.03823601454496384,0.4242742657661438,0.49481064081192017,-0.06594246625900269,0.41367509961128235,0.5395062565803528,-0.06842470914125443,0.3876350224018097,0.539153516292572,-0.0702265053987503,0.3133563697338104,0.5424103736877441,-0.04882797226309776,0.4228600263595581,0.5476747155189514,-0.07302970439195633,0.41064414381980896,0.5841396450996399,-0.06729196012020111,0.3867286741733551,0.5830555558204651,-0.06261754035949707,0.3282020688056946,0.6013175249099731,-0.06098094955086708,0.4160960018634796,0.6001840233802795,-0.07548428326845169,0.40672391653060913,0.6211560368537903,-0.07387501746416092,0.3812887370586395,0.6219303607940674,-0.07200857996940613
237,0.7249449491500854,0.7558550238609314,-3.8506064470311685e-07,0.6988357901573181,0.6584316492080688,-0.00945545919239521,0.6789742708206177,0.5597325563430786,-0.02314121648669243,0.6517132520675659,0.49232473969459534,-0.03562748432159424,0.6285679340362549,0.4742737114429474,-0.04496118426322937,0.7322414517402649,0.5142905712127686,-0.033208075910806656,0.6325315237045288,0.5113179683685303,-0.059888068586587906,0.6339054107666016,0.5575474500656128,-0.06832831352949142,0.6589155197143555,0.5674958229064941,-0.07170457392930984,0.7372756600379944,0.5634987950325012,-0.041416097432374954,0.6231023073196411,0.5742394924163818,-0.0691976323723793,0.6354329586029053,0.6076423525810242,-0.06883477419614792,0.6631609201431274,0.608508825302124,-0.06746810674667358,0.7293170690536499,0.6203524470329285,-0.050648633390665054,0.6223141551017761,0.6277533769607544,-0.07358880341053009,0.6372710466384888,0.655422031879425,-0.06150178611278534,0.6668513417243958,0.6528370976448059,-0.051923926919698715,0.7143382430076599,0.6772820353507996,-0.06057361513376236,0.6273922324180603,0.678787112236023,-0.0762370377779007,0.6400572657585144,0.6983104944229126,-0.07115241885185242,0.6683833003044128,0.6968587040901184,-0.065106101334095,0.3494969606399536,0.7131569981575012,-3.423756709253212e-07,0.38106560707092285,0.624038815498352,-0.009651673957705498,0.3981602191925049,0.5214951634407043,-0.02017313614487648,0.4115835428237915,0.4468234181404114,-0.031051432713866234,0.42263832688331604,0.3933890163898468,-0.039050351828336716,0.32560786604881287,0.4711144268512726,-0.030418269336223602,0.4132014513015747,0.4785104990005493,-0.05863833799958229,0.4165782630443573,0.525695264339447,-0.07379139959812164,0.3903554081916809,0.5372307896614075,-0.08438695222139359,0.3145178258419037,0.5176576375961304,-0.04100790247321129,0.41602569818496704,0.5234334468841553,-0.06606438010931015,0.41426995396614075,0.5657879710197449,-0.07176057249307632,0.3892328441143036,0.5713180303573608,-0.0773729532957077,0.3178367018699646,0.5753113031387329,-0.05288621038198471,0.4160972535610199,0.5775439143180847,-0.0771973580121994,0.4164638817310333,0.6148646473884583,-0.07294459640979767,0.394956111907959,0.621112585067749,-0.06995006650686264,0.3304171860218048,0.6358364224433899,-0.06579720228910446,0.41293901205062866,0.6326842308044434,-0.08097635209560394,0.4134807884693146,0.6563398838043213,-0.07803972065448761,0.39381998777389526,0.6615074872970581,-0.07549703866243362
238,0.7193936705589294,0.7119204998016357,-4.032892491068196e-07,0.6880415678024292,0.6153587698936462,-0.006768684834241867,0.6699933409690857,0.5261131525039673,-0.01893954537808895,0.6499992609024048,0.46077629923820496,-0.030267272144556046,0.6342055201530457,0.4267505705356598,-0.03843843564391136,0.7229050397872925,0.4605870842933655,-0.031438689678907394,0.6295982599258423,0.45389923453330994,-0.04999157041311264,0.6241260170936584,0.5050865411758423,-0.05241440236568451,0.648303747177124,0.5221211910247803,-0.05323150008916855,0.73253333568573,0.506213903427124,-0.040419477969408035,0.6221463084220886,0.5164615511894226,-0.05894710496068001,0.6289642453193665,0.5575717091560364,-0.054157499223947525,0.6564447283744812,0.5650879144668579,-0.05144874379038811,0.7285463809967041,0.5626582503318787,-0.04984487220644951,0.622715175151825,0.5732980370521545,-0.06623716652393341,0.632866382598877,0.6069554090499878,-0.054460346698760986,0.6617273092269897,0.6098175644874573,-0.047407638281583786,0.7175087928771973,0.6225889921188354,-0.0598435252904892,0.6274760365486145,0.6274428963661194,-0.07444800436496735,0.6329501867294312,0.6477386355400085,-0.07123319059610367,0.6573920845985413,0.6506083607673645,-0.06726933270692825,0.34829384088516235,0.7546660900115967,-3.7925843798802816e-07,0.37366560101509094,0.6644419431686401,-0.010666861198842525,0.3903268277645111,0.5705955028533936,-0.022096142172813416,0.3983648419380188,0.5069671273231506,-0.033631935715675354,0.4049333333969116,0.46932023763656616,-0.04244006425142288,0.32704100012779236,0.5225131511688232,-0.03536028787493706,0.42568713426589966,0.534922182559967,-0.06509748101234436,0.4263603985309601,0.5820430517196655,-0.08163592219352722,0.39998310804367065,0.5938578844070435,-0.09302747994661331,0.31810659170150757,0.577700674533844,-0.04586111754179001,0.42967090010643005,0.5915374755859375,-0.07105649262666702,0.4208391606807709,0.631349503993988,-0.07616802304983139,0.3956897556781769,0.6364436745643616,-0.0818997174501419,0.32337021827697754,0.642308235168457,-0.05735156685113907,0.4281695485115051,0.6513078808784485,-0.07997040450572968,0.42048102617263794,0.6830583810806274,-0.07520353049039841,0.39873263239860535,0.6865740418434143,-0.07259061932563782,0.33618295192718506,0.7078428864479065,-0.07029298692941666,0.4230639338493347,0.7085201144218445,-0.08468719571828842,0.4181710481643677,0.726728081703186,-0.0818738341331482,0.3974364995956421,0.729891300201416,-0.07974179089069366
239,0.7185889482498169,0.6945866346359253,-3.7716279166488675e-07,0.6924887299537659,0.6014109253883362,-0.008126727305352688,0.6750482320785522,0.5062500238418579,-0.02120833285152912,0.6516249775886536,0.43932488560676575,-0.033434610813856125,0.6321142911911011,0.42793482542037964,-0.04222454875707626,0.7299785017967224,0.4534323215484619,-0.02894558385014534,0.6285865902900696,0.45186394453048706,-0.05412966012954712,0.6286985874176025,0.503773033618927,-0.06182027980685234,0.6566371917724609,0.5126355290412903,-0.06493569910526276,0.7348019480705261,0.5007907152175903,-0.038028836250305176,0.621073842048645,0.5096692442893982,-0.06156038120388985,0.6308937668800354,0.5512412190437317,-0.05779977887868881,0.6575718522071838,0.5559954643249512,-0.05404849350452423,0.7261972427368164,0.5568695068359375,-0.048488978296518326,0.6198503971099854,0.5668292045593262,-0.06735728681087494,0.6311282515525818,0.6020122766494751,-0.054233405739068985,0.6586766839027405,0.6042612791061401,-0.04434731602668762,0.7120534181594849,0.6158237457275391,-0.06003936380147934,0.622812032699585,0.6241864562034607,-0.07169987261295319,0.6322600841522217,0.645768404006958,-0.0663963332772255,0.6581689715385437,0.6471033692359924,-0.060693610459566116,0.33597585558891296,0.7701810598373413,-3.056323691907892e-07,0.37269049882888794,0.6818332076072693,-0.011281909421086311,0.39174601435661316,0.5884481072425842,-0.02253626100718975,0.39911940693855286,0.5267779231071472,-0.03358558565378189,0.40564867854118347,0.48895636200904846,-0.04071682319045067,0.32053452730178833,0.5276565551757812,-0.03019045665860176,0.4183763861656189,0.5411316752433777,-0.060471177101135254,0.41523876786231995,0.5892620086669922,-0.07671241462230682,0.38627445697784424,0.5940164923667908,-0.08781062066555023,0.3097938299179077,0.5784636735916138,-0.03989887610077858,0.4234442114830017,0.5955410003662109,-0.06783529371023178,0.4115234315395355,0.636711061000824,-0.0720822811126709,0.38639262318611145,0.6380062103271484,-0.07585359364748001,0.3126503825187683,0.6400023102760315,-0.051593005657196045,0.42233458161354065,0.6530806422233582,-0.07668770104646683,0.4108370244503021,0.6877642869949341,-0.07152995467185974,0.3889780342578888,0.6886466145515442,-0.06738418340682983,0.3252665102481842,0.7034263610839844,-0.06494533270597458,0.417004257440567,0.7039876580238342,-0.08145060390233994,0.40685781836509705,0.7248502373695374,-0.08086021989583969,0.3826628029346466,0.7277519702911377,-0.07951747626066208
240,0.7321112751960754,0.7393256425857544,-5.123945925333828e-07,0.7037419080734253,0.6531268358230591,-0.012280498631298542,0.6741153597831726,0.5628100633621216,-0.028164943680167198,0.6443326473236084,0.49565786123275757,-0.04171770066022873,0.6296786665916443,0.4541815519332886,-0.050983306020498276,0.7270516157150269,0.4993128180503845,-0.04225105419754982,0.6250906586647034,0.4935265779495239,-0.06644042581319809,0.622022271156311,0.5461646318435669,-0.06943883001804352,0.6465511918067932,0.56246018409729,-0.06948118656873703,0.7324336767196655,0.5438424348831177,-0.04895906522870064,0.6146098375320435,0.5512493848800659,-0.07283196598291397,0.6240474581718445,0.5954914093017578,-0.0667162761092186,0.6512452960014343,0.6017207503318787,-0.06181975454092026,0.7242987155914307,0.5981504321098328,-0.056324928998947144,0.6142314672470093,0.6072076559066772,-0.0763634517788887,0.6277085542678833,0.6449270248413086,-0.061445023864507675,0.6572626829147339,0.6480989456176758,-0.05144670233130455,0.7093673348426819,0.6555772423744202,-0.06478963047266006,0.6204053163528442,0.6663466095924377,-0.08207075297832489,0.6304992437362671,0.6906982660293579,-0.07802131026983261,0.6562792658805847,0.6932631134986877,-0.07269918918609619,0.34439924359321594,0.7342561483383179,-1.4700376027576567e-07,0.3745361268520355,0.6416067481040955,-0.010100195184350014,0.39219892024993896,0.5540482401847839,-0.022095389664173126,0.3992035686969757,0.49481821060180664,-0.03415004909038544,0.4061223566532135,0.4567002058029175,-0.042642831802368164,0.3236861526966095,0.48284250497817993,-0.02861371822655201,0.4163540005683899,0.48519039154052734,-0.05502583459019661,0.4179953336715698,0.5324501991271973,-0.06897987425327301,0.39413851499557495,0.5417729616165161,-0.0784318745136261,0.3086619973182678,0.5272973775863647,-0.03715335577726364,0.41851264238357544,0.5373663306236267,-0.06078870967030525,0.4119037389755249,0.5809478163719177,-0.06446896493434906,0.3888305127620697,0.5852135419845581,-0.06814022362232208,0.30920782685279846,0.5863026976585388,-0.04694759100675583,0.41413503885269165,0.5928505659103394,-0.06839483231306076,0.40663981437683105,0.6275678873062134,-0.06326542049646378,0.3857860565185547,0.6309152245521545,-0.05976922810077667,0.3190641403198242,0.6487046480178833,-0.05788639932870865,0.40543273091316223,0.6455541253089905,-0.07071540504693985,0.4040380120277405,0.6649777293205261,-0.06759046763181686,0.3860856294631958,0.6688053011894226,-0.06463988125324249
241,0.7147591710090637,0.7554498910903931,-4.5072809484736354e-07,0.6798562407493591,0.6673489212989807,-0.010308102704584599,0.6563262343406677,0.5734680891036987,-0.02135392464697361,0.6353892683982849,0.5082957148551941,-0.03102188929915428,0.6240589618682861,0.47836020588874817,-0.037917427718639374,0.7132911682128906,0.5161792635917664,-0.03171347454190254,0.619102418422699,0.5214812159538269,-0.053376927971839905,0.6191282272338867,0.5724132657051086,-0.05911676585674286,0.6444690227508545,0.581753671169281,-0.06211024895310402,0.7205058336257935,0.5660318732261658,-0.03922301530838013,0.6114696860313416,0.5827186703681946,-0.061690911650657654,0.621850848197937,0.6193972229957581,-0.059063978493213654,0.6497899889945984,0.6228196620941162,-0.05697690322995186,0.7147282361984253,0.6243075132369995,-0.047703128308057785,0.6117176413536072,0.6409915089607239,-0.06650374829769135,0.6252717971801758,0.6710860729217529,-0.05477328971028328,0.6552528142929077,0.6706257462501526,-0.04673552140593529,0.7022360563278198,0.6852703094482422,-0.05722741410136223,0.6182788610458374,0.7004913091659546,-0.07192093878984451,0.631788969039917,0.7186230421066284,-0.06815878301858902,0.6611219048500061,0.7163413763046265,-0.06356379389762878,0.33985579013824463,0.7083280682563782,-2.5725870500536985e-07,0.3764412999153137,0.6184711456298828,-0.009461220353841782,0.39717844128608704,0.5353420376777649,-0.02165619470179081,0.40657415986061096,0.4798719882965088,-0.03463543578982353,0.4107733964920044,0.44094765186309814,-0.043825652450323105,0.32176774740219116,0.4559573531150818,-0.02300291694700718,0.4137594401836395,0.4706374406814575,-0.05038057267665863,0.4107802212238312,0.5139980316162109,-0.0673784539103508,0.3837079405784607,0.5179874897003174,-0.07966858148574829,0.3077714145183563,0.5022038221359253,-0.03316744416952133,0.418239027261734,0.5242725014686584,-0.05788978189229965,0.4067324101924896,0.5629844665527344,-0.06504660844802856,0.38160160183906555,0.5614758729934692,-0.07193715125322342,0.30910688638687134,0.5624940395355225,-0.04496823996305466,0.41620975732803345,0.5793921947479248,-0.0665191188454628,0.4037352502346039,0.6103242039680481,-0.0639481395483017,0.378587007522583,0.6093063354492188,-0.06293963640928268,0.31970489025115967,0.6260495185852051,-0.058369532227516174,0.40754666924476624,0.6328050494194031,-0.07214857637882233,0.3992481827735901,0.6503141522407532,-0.07194557785987854,0.3737910985946655,0.6496458649635315,-0.07164311408996582
242,0.7176766395568848,0.7474803924560547,-3.536469534992648e-07,0.6898954510688782,0.6565434336662292,-0.01100094337016344,0.6607078909873962,0.5650217533111572,-0.024749217554926872,0.6306155323982239,0.5017670392990112,-0.03716199845075607,0.6200030446052551,0.4773767590522766,-0.045580267906188965,0.7139730453491211,0.5143699049949646,-0.03209094703197479,0.6134485006332397,0.5148865580558777,-0.05857246369123459,0.616291344165802,0.5674376487731934,-0.06680112332105637,0.643488347530365,0.578441321849823,-0.07040935009717941,0.7183079123497009,0.5647011995315552,-0.03980601951479912,0.6046237945556641,0.5749993920326233,-0.06621389836072922,0.6187862157821655,0.6139956712722778,-0.06371317058801651,0.647216796875,0.6163322925567627,-0.06059430167078972,0.7095924019813538,0.6228588223457336,-0.04908318817615509,0.6055619120597839,0.6316394209861755,-0.07118263095617294,0.621203601360321,0.6624149680137634,-0.057515569031238556,0.6505375504493713,0.6617884039878845,-0.04657460004091263,0.6951552629470825,0.6827352643013,-0.059394918382167816,0.610437273979187,0.688479483127594,-0.07529548555612564,0.6249218583106995,0.7067776918411255,-0.0703488364815712,0.6537063717842102,0.7053067684173584,-0.06401856243610382,0.3395760655403137,0.7058254480361938,-3.107332986473921e-07,0.36958155035972595,0.6178420186042786,-0.010563650168478489,0.3867352604866028,0.528662383556366,-0.022612180560827255,0.39476171135902405,0.46852296590805054,-0.03527199104428291,0.3990707993507385,0.4257601201534271,-0.04370129480957985,0.31536534428596497,0.45459479093551636,-0.02697496861219406,0.4037376940250397,0.4642273187637329,-0.058005135506391525,0.40534812211990356,0.514983594417572,-0.07500799745321274,0.37996962666511536,0.5234735012054443,-0.08644965291023254,0.3015688359737396,0.5015207529067993,-0.03759177029132843,0.4093794822692871,0.5169804096221924,-0.06671016663312912,0.40116819739341736,0.5622978210449219,-0.07341080158948898,0.3749154806137085,0.5636401176452637,-0.07886478304862976,0.3033316433429718,0.5618741512298584,-0.050118304789066315,0.40675750374794006,0.5742096304893494,-0.07706403732299805,0.3993549644947052,0.6126465797424316,-0.07376924902200699,0.3758310079574585,0.6126506924629211,-0.0708656758069992,0.3152289390563965,0.6250280737876892,-0.0639636218547821,0.40296047925949097,0.6257264614105225,-0.08081195503473282,0.39515796303749084,0.6499524116516113,-0.07964364439249039,0.36916500329971313,0.651329755783081,-0.07808513194322586
243,0.7160431146621704,0.707988440990448,-3.394003158518899e-07,0.685221791267395,0.6182830333709717,-0.009458879008889198,0.6570731997489929,0.5308862328529358,-0.022999245673418045,0.627432107925415,0.46796929836273193,-0.035027798265218735,0.6129752397537231,0.4331367015838623,-0.04338458925485611,0.7063249945640564,0.46614307165145874,-0.03272206708788872,0.6110543012619019,0.4674549698829651,-0.05298590660095215,0.612261176109314,0.5158764719963074,-0.05618733912706375,0.6383405923843384,0.5274173021316528,-0.05757836997509003,0.7109333276748657,0.5134645700454712,-0.04076462239027023,0.6014995574951172,0.5248931646347046,-0.06120184436440468,0.6130337119102478,0.564732551574707,-0.0562044195830822,0.6406397819519043,0.5678252577781677,-0.053187254816293716,0.7038549184799194,0.5698602199554443,-0.04965773969888687,0.6013965606689453,0.5821952819824219,-0.06706991791725159,0.6151536107063293,0.6155533790588379,-0.05263086035847664,0.6436892151832581,0.6154083013534546,-0.04362751916050911,0.6916128396987915,0.6295021772384644,-0.059571098536252975,0.6065940856933594,0.636380136013031,-0.07543366402387619,0.618843138217926,0.6561247706413269,-0.07135289162397385,0.6457202434539795,0.6549208760261536,-0.06667207926511765,0.3362005352973938,0.7416820526123047,-3.285466050328978e-07,0.3621108829975128,0.6458888053894043,-0.008013250306248665,0.37487879395484924,0.5548354387283325,-0.019670559093356133,0.3801393508911133,0.4949411451816559,-0.03243863955140114,0.3915545642375946,0.45875316858291626,-0.04197121039032936,0.30998581647872925,0.5007152557373047,-0.027611467987298965,0.3926973044872284,0.4909570813179016,-0.057419128715991974,0.40112075209617615,0.5388150811195374,-0.07384166121482849,0.38168808817863464,0.5541027188301086,-0.08438501507043839,0.2995297312736511,0.5469321012496948,-0.039173297584056854,0.40307125449180603,0.5463828444480896,-0.06321103870868683,0.4017699956893921,0.589599072933197,-0.06745162606239319,0.3793375492095947,0.5984553694725037,-0.07148175686597824,0.30246564745903015,0.6048239469528198,-0.05229242146015167,0.40708211064338684,0.6087964773178101,-0.07429179549217224,0.4013943672180176,0.6440009474754333,-0.06936872005462646,0.37820643186569214,0.6495205163955688,-0.06616338342428207,0.3138916790485382,0.6660253405570984,-0.06669623404741287,0.4015190005302429,0.6632546782493591,-0.07978533953428268,0.3973526954650879,0.6885147094726562,-0.07585275918245316,0.37464451789855957,0.6946598291397095,-0.07266831398010254
244,0.7082248330116272,0.6878460049629211,-4.1042900988941255e-07,0.6772273182868958,0.6044727563858032,-0.011163653805851936,0.6531243324279785,0.517265796661377,-0.024410340934991837,0.6274046301841736,0.45250004529953003,-0.03620830178260803,0.6162965893745422,0.4187791347503662,-0.04388495907187462,0.7070342898368835,0.45215344429016113,-0.03390726447105408,0.6104968786239624,0.4556584656238556,-0.05807032808661461,0.6109985113143921,0.5065329074859619,-0.062455300241708755,0.6357155442237854,0.5149107575416565,-0.06340470165014267,0.7127915024757385,0.49774110317230225,-0.04081914946436882,0.6022368669509888,0.5154542326927185,-0.06672268360853195,0.6122109293937683,0.5571602582931519,-0.06159362941980362,0.638664960861206,0.5586586594581604,-0.05638543516397476,0.7058290839195251,0.5536799430847168,-0.049239516258239746,0.601597011089325,0.573185920715332,-0.07213011384010315,0.6143919229507446,0.6075555086135864,-0.05755150318145752,0.6428186297416687,0.6070488691329956,-0.0457405224442482,0.6936355829238892,0.612387478351593,-0.058761801570653915,0.606561005115509,0.6273176670074463,-0.07556402683258057,0.6139865517616272,0.6472578048706055,-0.07174813002347946,0.6378226280212402,0.6443504691123962,-0.0662098377943039,0.3368348181247711,0.7564679384231567,-2.770468938706472e-07,0.3665145933628082,0.6563757061958313,-0.010983297601342201,0.3805656433105469,0.5592718124389648,-0.02227402664721012,0.3845885097980499,0.49681705236434937,-0.03357093408703804,0.3814457356929779,0.4784659743309021,-0.040819697082042694,0.3018731474876404,0.5182696580886841,-0.033474698662757874,0.3998451828956604,0.5249036550521851,-0.06657400727272034,0.3996570408344269,0.5743014216423035,-0.08312828838825226,0.36939123272895813,0.5773228406906128,-0.09447649121284485,0.2869231700897217,0.571415901184082,-0.045191794633865356,0.4050450921058655,0.5811334252357483,-0.07836814969778061,0.39681369066238403,0.6268394589424133,-0.08496376127004623,0.3670600950717926,0.6262733936309814,-0.09011513739824295,0.28817543387413025,0.6354416012763977,-0.05845893174409866,0.40176892280578613,0.6420769691467285,-0.08864714950323105,0.3937593400478363,0.6812055110931396,-0.08532985299825668,0.3674960732460022,0.6806151866912842,-0.0821160078048706,0.3016592264175415,0.7010372281074524,-0.07304815948009491,0.3952963948249817,0.7000539898872375,-0.09338469058275223,0.3897145092487335,0.7212875485420227,-0.09425651282072067,0.3619655966758728,0.7226146459579468,-0.09395553916692734
245,0.7180157899856567,0.7311080098152161,-4.969269866705872e-07,0.6875873804092407,0.6483582854270935,-0.011508039198815823,0.6556447744369507,0.5606369376182556,-0.026381108909845352,0.6253215670585632,0.4949638545513153,-0.03919563814997673,0.6174087524414062,0.4584804177284241,-0.04791213199496269,0.7094467282295227,0.5003811717033386,-0.03944690525531769,0.6124542951583862,0.5031734108924866,-0.06208198145031929,0.6109634041786194,0.5551974773406982,-0.06477104127407074,0.6358728408813477,0.5648743510246277,-0.06525041908025742,0.7151757478713989,0.5486594438552856,-0.0469050370156765,0.6013638377189636,0.560082733631134,-0.0707130953669548,0.6122896671295166,0.601974368095398,-0.06454450637102127,0.640109121799469,0.6051885485649109,-0.059276554733514786,0.7083027958869934,0.6053212285041809,-0.05497444421052933,0.6015311479568481,0.6161593198776245,-0.07492625713348389,0.6170136332511902,0.6509191989898682,-0.05880008265376091,0.6472911834716797,0.6509690284729004,-0.04746076837182045,0.6958822011947632,0.6650683283805847,-0.06409162282943726,0.6094842553138733,0.6743233799934387,-0.0802883580327034,0.6229090690612793,0.6951249241828918,-0.074551522731781,0.6505287885665894,0.6950547695159912,-0.06792708486318588,0.3297291100025177,0.7318918704986572,-2.64173962705172e-07,0.3637877106666565,0.634651780128479,-0.007409508340060711,0.37359121441841125,0.5441277027130127,-0.01663164235651493,0.3734475374221802,0.48924902081489563,-0.027522265911102295,0.379928320646286,0.4444548189640045,-0.035004906356334686,0.30541756749153137,0.4858815371990204,-0.016413751989603043,0.3914644718170166,0.4782034754753113,-0.04402921348810196,0.39354178309440613,0.5224915742874146,-0.06069689244031906,0.3700743317604065,0.5296106934547424,-0.07226308435201645,0.2913249433040619,0.5321962833404541,-0.02718840353190899,0.4000014662742615,0.5312288999557495,-0.05288348346948624,0.39283278584480286,0.5750190019607544,-0.06013064086437225,0.368417352437973,0.5774106383323669,-0.06568600237369537,0.29209989309310913,0.5895129442214966,-0.03994247689843178,0.3989732265472412,0.5883961915969849,-0.062496766448020935,0.3906366229057312,0.6251339912414551,-0.059153277426958084,0.3676773011684418,0.6272016763687134,-0.05679139494895935,0.30268794298171997,0.6487816572189331,-0.054191287606954575,0.39102041721343994,0.6411582827568054,-0.06841186434030533,0.38515549898147583,0.6657436490058899,-0.06730178743600845,0.3613240420818329,0.6712648868560791,-0.06583153456449509
246,0.7179936170578003,0.7488868236541748,-3.5995523717247124e-07,0.6856331825256348,0.654363751411438,-0.010487464256584644,0.6549113988876343,0.5530679821968079,-0.02359328418970108,0.6223406195640564,0.4922132194042206,-0.03581635281443596,0.6076458096504211,0.4911205470561981,-0.04588938131928444,0.706463634967804,0.5159831047058105,-0.033084314316511154,0.6096698045730591,0.5207964777946472,-0.056791238486766815,0.612144947052002,0.5698918104171753,-0.06377765536308289,0.638533890247345,0.5779793858528137,-0.06733936071395874,0.7118335962295532,0.5712321400642395,-0.041493259370326996,0.6016883254051208,0.580951452255249,-0.06559698283672333,0.6128981113433838,0.6175961494445801,-0.0629396066069603,0.6408334970474243,0.6221950054168701,-0.06042654067277908,0.7045125961303711,0.6325991153717041,-0.05096322298049927,0.6010096669197083,0.6398767232894897,-0.06984064728021622,0.6159536242485046,0.6692323684692383,-0.05683435499668121,0.6470052003860474,0.6694050431251526,-0.04727931320667267,0.6917980313301086,0.6929935812950134,-0.061457496136426926,0.605087161064148,0.6952672004699707,-0.07257013767957687,0.6186531186103821,0.7121201157569885,-0.06604428589344025,0.6477673649787903,0.7124201655387878,-0.06007320061326027,0.3387587070465088,0.6939171552658081,-3.003826236636087e-07,0.37153542041778564,0.5984783172607422,-0.0059320880100131035,0.38419777154922485,0.510810375213623,-0.014574246481060982,0.389523983001709,0.45042869448661804,-0.023990517482161522,0.38595330715179443,0.4087331295013428,-0.02928329072892666,0.3113200068473816,0.44852495193481445,-0.025013117119669914,0.4036751985549927,0.4503297507762909,-0.05372101068496704,0.406107634305954,0.4998914897441864,-0.06775378435850143,0.38129475712776184,0.5065725445747375,-0.07659757882356644,0.2970636487007141,0.49534493684768677,-0.03559624031186104,0.40901684761047363,0.5033918023109436,-0.061965856701135635,0.4027077257633209,0.5499164462089539,-0.06598755717277527,0.37718820571899414,0.5510547757148743,-0.06948593258857727,0.29877039790153503,0.5525528788566589,-0.04744485393166542,0.40583616495132446,0.5594151616096497,-0.06991883367300034,0.3984096050262451,0.5972932577133179,-0.06494280695915222,0.37377792596817017,0.5976530313491821,-0.06148671731352806,0.31077027320861816,0.6102525591850281,-0.06031470373272896,0.396110475063324,0.609905481338501,-0.07318615168333054,0.3902362585067749,0.6329881548881531,-0.07112452387809753,0.364460825920105,0.6354253888130188,-0.06913679093122482
247,0.7112630605697632,0.7167148590087891,-3.9631376580473443e-07,0.6840970516204834,0.6270871162414551,-0.0106321657076478,0.6575140357017517,0.5386516451835632,-0.024734830483794212,0.6267926692962646,0.4756629467010498,-0.03695029765367508,0.6148599982261658,0.4400804042816162,-0.04533403366804123,0.7101307511329651,0.4756290316581726,-0.03481467813253403,0.614051878452301,0.4750085175037384,-0.05788647383451462,0.6146466732025146,0.5214139819145203,-0.06227244809269905,0.6387262940406799,0.5336303114891052,-0.06324968487024307,0.715095579624176,0.5219480395317078,-0.04156779125332832,0.6036491990089417,0.5353474617004395,-0.06533267349004745,0.6152523756027222,0.5722169876098633,-0.0609884187579155,0.6422491073608398,0.5746064186096191,-0.05729558318853378,0.7071667313575745,0.5781380534172058,-0.04936599358916283,0.6031041741371155,0.5909975171089172,-0.07108505070209503,0.6176682710647583,0.6217361688613892,-0.05790996178984642,0.6465432047843933,0.6208429932594299,-0.0479842945933342,0.6932495832443237,0.6361453533172607,-0.05788201838731766,0.607607901096344,0.6433835625648499,-0.07585570216178894,0.6175220012664795,0.664007306098938,-0.0724615827202797,0.642694354057312,0.6620771288871765,-0.06738924980163574,0.3398575186729431,0.7234933376312256,-2.944294408280257e-07,0.3689816892147064,0.6342331171035767,-0.0104029830545187,0.3830803334712982,0.5432586669921875,-0.02274412102997303,0.38674789667129517,0.48470303416252136,-0.03553149104118347,0.39308565855026245,0.4477519989013672,-0.04482005536556244,0.3142794966697693,0.47674086689949036,-0.02691541239619255,0.4008547365665436,0.4794461131095886,-0.055428195744752884,0.4039193093776703,0.5255279541015625,-0.07154339551925659,0.3801049590110779,0.5355700254440308,-0.08281795680522919,0.301235169172287,0.5219085812568665,-0.037614185363054276,0.4026944041252136,0.5274685621261597,-0.06345076113939285,0.40084245800971985,0.5694179534912109,-0.06961653381586075,0.3778720200061798,0.5755282640457153,-0.0747314840555191,0.3025551438331604,0.5796492099761963,-0.04986958205699921,0.4020092487335205,0.5829581618309021,-0.0742345005273819,0.40130025148391724,0.6205680966377258,-0.06985367834568024,0.38110896944999695,0.6273137331008911,-0.06631142646074295,0.3136855661869049,0.6406272053718567,-0.06348609179258347,0.3983471989631653,0.6381103992462158,-0.07916144281625748,0.399895578622818,0.6632655262947083,-0.07630375772714615,0.3815009295940399,0.6688070297241211,-0.0732373371720314
248,0.7204601168632507,0.7119077444076538,-3.705367532802484e-07,0.6936081647872925,0.6276710033416748,-0.010766698978841305,0.6625343561172485,0.5366107225418091,-0.025559667497873306,0.6290002465248108,0.47244134545326233,-0.038835309445858,0.6157805919647217,0.44779863953590393,-0.04800039902329445,0.7128440141677856,0.48053911328315735,-0.035921450704336166,0.6145507097244263,0.4757656753063202,-0.060944605618715286,0.6133827567100525,0.5276374816894531,-0.06520181894302368,0.6389694809913635,0.5413740873336792,-0.0662631243467331,0.7168988585472107,0.5282986164093018,-0.04393354058265686,0.6037982106208801,0.5332483053207397,-0.070277139544487,0.6146581172943115,0.5761671662330627,-0.0652177482843399,0.6429764032363892,0.5797535181045532,-0.06027761846780777,0.7075992226600647,0.5843191146850586,-0.053223274648189545,0.6020241379737854,0.5886008739471436,-0.07631510496139526,0.6163536310195923,0.6243582963943481,-0.06107461825013161,0.6464706063270569,0.625012218952179,-0.04924735799431801,0.6928424835205078,0.6421143412590027,-0.06338329613208771,0.6058367490768433,0.6437244415283203,-0.0819353312253952,0.6175817847251892,0.6656039953231812,-0.0777025893330574,0.6450589299201965,0.66612309217453,-0.07181791216135025,0.34165480732917786,0.7229940891265869,-2.4625134642519697e-07,0.36903834342956543,0.6336831450462341,-0.009379178285598755,0.38218557834625244,0.5476071238517761,-0.022001201286911964,0.3869086503982544,0.49000054597854614,-0.03550060838460922,0.39439481496810913,0.44898325204849243,-0.045413896441459656,0.3148276209831238,0.4766727387905121,-0.025341300293803215,0.3985641896724701,0.4750024676322937,-0.05565343424677849,0.4007318615913391,0.5200728178024292,-0.07326342165470123,0.3777135908603668,0.5308790802955627,-0.08502307534217834,0.3011128902435303,0.5202938914299011,-0.03601829707622528,0.4039105474948883,0.526589035987854,-0.06313332170248032,0.40162575244903564,0.5687146186828613,-0.06977495551109314,0.3789801299571991,0.5745708346366882,-0.07501298934221268,0.30220499634742737,0.5776732563972473,-0.048439230769872665,0.4026110768318176,0.584104597568512,-0.07350336760282516,0.4003969430923462,0.6202802658081055,-0.0691719502210617,0.37898117303848267,0.626250147819519,-0.06542497128248215,0.3130340278148651,0.6387825012207031,-0.06212867423892021,0.3966234624385834,0.6371709108352661,-0.07776953279972076,0.3980654180049896,0.6593961715698242,-0.07505031675100327,0.37953105568885803,0.6636130213737488,-0.07189033925533295
249,0.7149192690849304,0.6879947185516357,-3.5361736649974773e-07,0.6906102895736694,0.5946542620658875,-0.005187166854739189,0.6688687205314636,0.49705126881599426,-0.017263978719711304,0.638467013835907,0.4303102493286133,-0.028351159766316414,0.61301589012146,0.41660451889038086,-0.03638667240738869,0.7154484391212463,0.4476132094860077,-0.032864369451999664,0.6140493154525757,0.4508398771286011,-0.05408085510134697,0.6197554469108582,0.4996836185455322,-0.05775842070579529,0.6466901898384094,0.5068097710609436,-0.05902842432260513,0.7182149887084961,0.4926357567310333,-0.0428822785615921,0.603111207485199,0.5041723847389221,-0.06352946162223816,0.6180596351623535,0.5446781516075134,-0.05777294561266899,0.6445935368537903,0.5471275448799133,-0.05399063974618912,0.7102819085121155,0.5485171675682068,-0.05311504751443863,0.6026622653007507,0.5618216395378113,-0.06948020309209824,0.6195994019508362,0.5966944694519043,-0.055187713354825974,0.6485439538955688,0.596409797668457,-0.04619407281279564,0.6973888278007507,0.6076956987380981,-0.06397471576929092,0.6078705787658691,0.62144935131073,-0.0754198282957077,0.620506763458252,0.6409261226654053,-0.07051335275173187,0.6475163698196411,0.6369969248771667,-0.06626381725072861,0.34029945731163025,0.7652559280395508,-3.647602397904848e-07,0.3676474094390869,0.6657682061195374,-0.00932807195931673,0.38403066992759705,0.5617356300354004,-0.01932254433631897,0.3899523615837097,0.49556612968444824,-0.029518771916627884,0.38912326097488403,0.4830561876296997,-0.03640168160200119,0.31338027119636536,0.514166533946991,-0.029581468552350998,0.41840890049934387,0.5314867496490479,-0.05940874665975571,0.41526079177856445,0.579601526260376,-0.075311578810215,0.3815450668334961,0.5830796360969543,-0.08666021376848221,0.30072081089019775,0.5697731971740723,-0.0419095978140831,0.42245203256607056,0.5893081426620483,-0.06969170272350311,0.4102337956428528,0.6331056356430054,-0.0748215988278389,0.37771791219711304,0.6323209404945374,-0.07956860214471817,0.3020065426826477,0.6367040872573853,-0.05557503178715706,0.41622862219810486,0.6504819989204407,-0.08116433769464493,0.4063575267791748,0.685590922832489,-0.07701673358678818,0.3787737190723419,0.6840000748634338,-0.07371111959218979,0.31181275844573975,0.7068044543266296,-0.07069533318281174,0.4057895243167877,0.7118222713470459,-0.08810555189847946,0.4013599157333374,0.7311897277832031,-0.08700684458017349,0.3755365312099457,0.7318995594978333,-0.08525697141885757
250,0.7222080826759338,0.7287319898605347,-5.046763362770434e-07,0.6989074349403381,0.6423953771591187,-0.013696541078388691,0.6686617136001587,0.553406834602356,-0.03015139326453209,0.6355913877487183,0.49067509174346924,-0.04446274787187576,0.6160221099853516,0.4453735649585724,-0.055287424474954605,0.7176828980445862,0.49103865027427673,-0.040709830820560455,0.6207167506217957,0.48787111043930054,-0.06848907470703125,0.6165902614593506,0.5355468988418579,-0.07626959681510925,0.6394327282905579,0.5510948896408081,-0.07912902534008026,0.7219248414039612,0.5363047122955322,-0.0472489632666111,0.6078321933746338,0.5450600385665894,-0.07341272383928299,0.6167296767234802,0.587109386920929,-0.06958988308906555,0.6438090205192566,0.5927538871765137,-0.0658009871840477,0.7125833034515381,0.5907682180404663,-0.055319394916296005,0.6059045791625977,0.6017624139785767,-0.07913258671760559,0.6193345189094543,0.6368297338485718,-0.06605833768844604,0.6484023928642273,0.6381603479385376,-0.05625410005450249,0.6969408988952637,0.6468690037727356,-0.06443968415260315,0.610658586025238,0.65907883644104,-0.0849115177989006,0.6193503141403198,0.6825331449508667,-0.08182123303413391,0.6434474587440491,0.683452844619751,-0.07665962725877762,0.33977097272872925,0.7557696104049683,-2.8684226549557934e-07,0.37249475717544556,0.6633144021034241,-0.004176581744104624,0.38661494851112366,0.5743808150291443,-0.013292535208165646,0.3907160460948944,0.5138425827026367,-0.024882847443223,0.3988446891307831,0.47052285075187683,-0.03328360989689827,0.3236401379108429,0.5067232251167297,-0.017405373975634575,0.406421959400177,0.4983484447002411,-0.04701947048306465,0.4095587730407715,0.5447099804878235,-0.06489047408103943,0.38617682456970215,0.5564923286437988,-0.07654652744531631,0.3093909025192261,0.5510198473930359,-0.030629655346274376,0.41198140382766724,0.5500048398971558,-0.056850168853998184,0.40814661979675293,0.593987762928009,-0.06352623552083969,0.38524356484413147,0.6009069085121155,-0.06846297532320023,0.30809277296066284,0.6082426905632019,-0.04542914405465126,0.4092245101928711,0.6089984774589539,-0.0689992904663086,0.4053654372692108,0.6436178088188171,-0.0631197988986969,0.38422179222106934,0.648835301399231,-0.05845709145069122,0.31457972526550293,0.6703987717628479,-0.06127867102622986,0.3994125425815582,0.6629844307899475,-0.07455868273973465,0.400312215089798,0.6850253343582153,-0.06877423077821732,0.3818834125995636,0.6913702487945557,-0.06353577226400375
251,0.7220187783241272,0.7737880349159241,-3.575978837488947e-07,0.6938974261283875,0.6760842800140381,-0.011774357408285141,0.6607712507247925,0.5735347270965576,-0.026043130084872246,0.6252579689025879,0.5097599029541016,-0.03865770623087883,0.6027280688285828,0.5144955515861511,-0.04811356961727142,0.7088351249694824,0.5464081764221191,-0.033301953226327896,0.6059555411338806,0.5508544445037842,-0.0607827790081501,0.6115228533744812,0.5936931371688843,-0.07029680162668228,0.6395137906074524,0.5946842432022095,-0.07499632239341736,0.7130427360534668,0.598106861114502,-0.04078805819153786,0.597062885761261,0.6075301170349121,-0.06873241811990738,0.611799418926239,0.6397601366043091,-0.06783010810613632,0.6398923397064209,0.6377899646759033,-0.06568918377161026,0.7046894431114197,0.6559094786643982,-0.04963746666908264,0.5962696075439453,0.6628350019454956,-0.07089859247207642,0.6120826601982117,0.6899644136428833,-0.05757937207818031,0.6420948505401611,0.6864569783210754,-0.046943631023168564,0.690848708152771,0.7124933004379272,-0.059803303331136703,0.6014211177825928,0.7178339958190918,-0.07255712151527405,0.6145951151847839,0.7326705455780029,-0.067121222615242,0.6430243849754333,0.7280420064926147,-0.06135404482483864,0.3383391499519348,0.7121281027793884,-2.1608529721106606e-07,0.36913472414016724,0.6127797365188599,-0.006060529500246048,0.3881494700908661,0.5248420834541321,-0.016384588554501534,0.39874738454818726,0.46650367975234985,-0.028076520189642906,0.4043775200843811,0.4286450743675232,-0.03594035655260086,0.32104068994522095,0.45927590131759644,-0.021283231675624847,0.4096057415008545,0.4590039849281311,-0.04760931804776192,0.4109134078025818,0.5056377649307251,-0.0624348446726799,0.38601154088974,0.5121220350265503,-0.07269781827926636,0.30878540873527527,0.503351092338562,-0.03208806365728378,0.41711875796318054,0.5109330415725708,-0.05503753945231438,0.40869465470314026,0.5538278818130493,-0.05982228368520737,0.38238784670829773,0.5538554787635803,-0.06494002044200897,0.31217461824417114,0.560681939125061,-0.04418683424592018,0.4160726070404053,0.5663447976112366,-0.06389031559228897,0.4042161703109741,0.6015468239784241,-0.059122927486896515,0.3780031204223633,0.6010305881500244,-0.05691235139966011,0.32526853680610657,0.6214444041252136,-0.05742460861802101,0.41004958748817444,0.6173869967460632,-0.06850284337997437,0.4003171920776367,0.6381272673606873,-0.06582684814929962,0.3731176555156708,0.6406357288360596,-0.06416118890047073
252,0.7152522802352905,0.7406677007675171,-4.886153419647599e-07,0.6866313219070435,0.6539194583892822,-0.009861933998763561,0.6610705852508545,0.565321683883667,-0.022766191512346268,0.6335665583610535,0.498567670583725,-0.03383892402052879,0.6196486949920654,0.4516238868236542,-0.04115677997469902,0.7155923247337341,0.505042314529419,-0.03637825697660446,0.617152214050293,0.4925905466079712,-0.06192101538181305,0.612342894077301,0.5422924160957336,-0.06684433668851852,0.6345993280410767,0.5622028112411499,-0.0671921968460083,0.7201164364814758,0.5488258600234985,-0.042519550770521164,0.6052412390708923,0.5576422214508057,-0.06915967911481857,0.6149104833602905,0.5959163904190063,-0.06559859216213226,0.6425832509994507,0.6000633835792542,-0.06202268972992897,0.711622953414917,0.6020962595939636,-0.04970357194542885,0.6052241325378418,0.612926185131073,-0.07391496747732162,0.6192241311073303,0.643991231918335,-0.06076505407691002,0.6483116745948792,0.6421571373939514,-0.05051346868276596,0.6968672871589661,0.6569371819496155,-0.057284846901893616,0.6114553809165955,0.6663344502449036,-0.07693430781364441,0.620814323425293,0.6884478330612183,-0.07398885488510132,0.6459001302719116,0.6848393082618713,-0.06895501166582108,0.34500017762184143,0.7131071090698242,-2.5023609850904904e-07,0.3733040988445282,0.6234015822410583,-0.010087561793625355,0.38994163274765015,0.532805860042572,-0.022570498287677765,0.4003991186618805,0.4713359475135803,-0.035851024091243744,0.41517210006713867,0.4285944998264313,-0.04517997056245804,0.3187137544155121,0.46269020438194275,-0.027575088664889336,0.4071614742279053,0.4677986204624176,-0.057291433215141296,0.40827715396881104,0.5144952535629272,-0.07328151166439056,0.38371002674102783,0.5238749384880066,-0.08410052955150604,0.3059534430503845,0.507830798625946,-0.03809012845158577,0.4119560122489929,0.5184279084205627,-0.0659949854016304,0.40566137433052063,0.5605155229568481,-0.07126761227846146,0.3809581995010376,0.564248263835907,-0.07549146562814713,0.3081783950328827,0.5672821998596191,-0.0503917932510376,0.4098930358886719,0.5746347308158875,-0.07627176493406296,0.40513116121292114,0.6099770069122314,-0.07188116014003754,0.38314318656921387,0.6128962635993958,-0.06801772862672806,0.32021844387054443,0.6298242807388306,-0.06397106498479843,0.40621113777160645,0.6265150904655457,-0.07980067282915115,0.4041582942008972,0.6481165885925293,-0.07747623324394226,0.38356664776802063,0.6511303186416626,-0.07485704123973846
253,0.7299902439117432,0.6981140375137329,-3.2826932283569477e-07,0.6982457637786865,0.6025139689445496,-0.004599136300384998,0.67247074842453,0.5082938075065613,-0.016315391287207603,0.6422656774520874,0.4417606592178345,-0.027048420161008835,0.6275315880775452,0.4081679582595825,-0.034016672521829605,0.7271153926849365,0.4458158016204834,-0.025826212018728256,0.6267691254615784,0.4445342421531677,-0.04172208160161972,0.6294167637825012,0.49008607864379883,-0.04344245791435242,0.6555908918380737,0.5013049244880676,-0.04436054825782776,0.7335108518600464,0.4854556918144226,-0.034476570785045624,0.6188356876373291,0.49531465768814087,-0.048932161182165146,0.6328447461128235,0.5330231189727783,-0.0440598763525486,0.6594504714012146,0.5357487201690674,-0.04223598539829254,0.7276127338409424,0.538529634475708,-0.0431809201836586,0.6204012036323547,0.550149142742157,-0.05401217192411423,0.6363624930381775,0.5811907649040222,-0.041170284152030945,0.664476752281189,0.5797026753425598,-0.03498275205492973,0.714899480342865,0.5971681475639343,-0.052515000104904175,0.6258151531219482,0.6043992042541504,-0.06211739778518677,0.6375819444656372,0.6248049139976501,-0.05734793096780777,0.6635285019874573,0.6245083212852478,-0.05347942188382149,0.34009701013565063,0.7547732591629028,-3.63549702342425e-07,0.36871519684791565,0.6578028798103333,-0.010938035324215889,0.3832140266895294,0.5629618763923645,-0.02303217351436615,0.3881039321422577,0.5035104155540466,-0.035765185952186584,0.39426687359809875,0.4758101999759674,-0.045099303126335144,0.31377309560775757,0.5119402408599854,-0.03151480853557587,0.40448859333992004,0.5109850764274597,-0.06255396455526352,0.4068208932876587,0.5602417588233948,-0.08005958050489426,0.3825460374355316,0.571243405342102,-0.09170682728290558,0.3023326098918915,0.5648664236068726,-0.04291853308677673,0.4137302339076996,0.5733693838119507,-0.06877882033586502,0.4047413468360901,0.617731511592865,-0.07343604415655136,0.379865437746048,0.6240537166595459,-0.07760294526815414,0.30482226610183716,0.6281566619873047,-0.05600568279623985,0.4135197103023529,0.636261522769928,-0.07919862121343613,0.40239208936691284,0.6704736351966858,-0.07445520162582397,0.3787384629249573,0.6732578277587891,-0.071024090051651,0.3155675232410431,0.6938723921775818,-0.07086265087127686,0.40705299377441406,0.6953738331794739,-0.08580206334590912,0.3992699682712555,0.7171873450279236,-0.08293256908655167,0.3763453960418701,0.7217106819152832,-0.07998968660831451
254,0.7338956594467163,0.7037973403930664,-4.446532670954184e-07,0.7181023359298706,0.6199011206626892,-0.01704804040491581,0.6899861097335815,0.5306766629219055,-0.035188544541597366,0.6535105109214783,0.4660404324531555,-0.04983626306056976,0.6277413368225098,0.4262104034423828,-0.06130923330783844,0.7310384511947632,0.46701672673225403,-0.05026394873857498,0.6349554657936096,0.45162710547447205,-0.0779370591044426,0.6236135363578796,0.49989283084869385,-0.08197934925556183,0.6422954797744751,0.5241025686264038,-0.08199305087327957,0.7348582744598389,0.5106500387191772,-0.054575759917497635,0.6199337840080261,0.5088450312614441,-0.0826161578297615,0.6221005916595459,0.5570741891860962,-0.076883964240551,0.6463587284088135,0.5681196451187134,-0.0713135153055191,0.724833607673645,0.5641897320747375,-0.06005571410059929,0.6167827844619751,0.5662738084793091,-0.08837345987558365,0.6240277886390686,0.6076792478561401,-0.07493320107460022,0.6503165364265442,0.6142645478248596,-0.06373962014913559,0.7082599401473999,0.6188796162605286,-0.06611964106559753,0.6207490563392639,0.6250806450843811,-0.0921807512640953,0.6237871646881104,0.6555600166320801,-0.09018588811159134,0.6441693902015686,0.6616186499595642,-0.08470804244279861,0.33423423767089844,0.7584326863288879,-3.3325272852380294e-07,0.36908408999443054,0.6624389290809631,-0.009173284284770489,0.3848365247249603,0.5668991208076477,-0.019281573593616486,0.38676536083221436,0.5026336908340454,-0.029886431992053986,0.3843487501144409,0.469421923160553,-0.03692781552672386,0.3138706386089325,0.5055347681045532,-0.025570226833224297,0.4063275158405304,0.517018735408783,-0.05646180734038353,0.4034574627876282,0.5667016506195068,-0.07458829879760742,0.37421977519989014,0.5725104808807373,-0.08668568730354309,0.2997972071170807,0.5554808378219604,-0.03610840439796448,0.41222819685935974,0.5742131471633911,-0.06338708847761154,0.40216001868247986,0.6174826622009277,-0.06955268234014511,0.37540203332901,0.6190674901008606,-0.07467127591371536,0.29928267002105713,0.6162645220756531,-0.04849543794989586,0.4090312719345093,0.6311678290367126,-0.07246623188257217,0.40001389384269714,0.6668780446052551,-0.06822822242975235,0.37706321477890015,0.6685231328010559,-0.0649130642414093,0.3082088530063629,0.6797860264778137,-0.0625041052699089,0.39930957555770874,0.6805942058563232,-0.07756663858890533,0.3943654000759125,0.7024769186973572,-0.07597644627094269,0.37251752614974976,0.7056975960731506,-0.07375138252973557
255,0.729390025138855,0.7607191801071167,-4.771808335135574e-07,0.694297194480896,0.6684008836746216,-0.009899752214550972,0.6528279781341553,0.5749611258506775,-0.02377207763493061,0.6185044050216675,0.5163105726242065,-0.03636808693408966,0.612105667591095,0.5002681016921997,-0.04628826305270195,0.7073004841804504,0.5355571508407593,-0.03389802947640419,0.6053638458251953,0.5488109588623047,-0.05691756680607796,0.6107791662216187,0.5971439480781555,-0.0642116591334343,0.6382789015769958,0.6020678281784058,-0.06854741275310516,0.7140918970108032,0.5908094644546509,-0.043081704527139664,0.5981277227401733,0.6103044748306274,-0.06414192914962769,0.6143009662628174,0.6458300948143005,-0.06164141371846199,0.6437814831733704,0.64471036195755,-0.0605340339243412,0.7093639373779297,0.6524015069007874,-0.05282602459192276,0.6017828583717346,0.6678722500801086,-0.0694970116019249,0.6180447340011597,0.6944041848182678,-0.05612584203481674,0.6477932333946228,0.6911319494247437,-0.04778861999511719,0.6994349360466003,0.714746356010437,-0.06365878134965897,0.6115723252296448,0.7264018058776855,-0.07657652348279953,0.6266500353813171,0.7409730553627014,-0.069674052298069,0.6560273766517639,0.7372655868530273,-0.0632922500371933,0.32736557722091675,0.7163662910461426,-2.984527611715748e-07,0.35615938901901245,0.6147866249084473,-0.006462857127189636,0.3774687945842743,0.5196621417999268,-0.022273294627666473,0.39276620745658875,0.45339709520339966,-0.04024431109428406,0.39641115069389343,0.4152382016181946,-0.05362028256058693,0.3145131468772888,0.4607633650302887,-0.03292599320411682,0.4010550379753113,0.4553046226501465,-0.06687331199645996,0.40607893466949463,0.5052706599235535,-0.08416112512350082,0.38849079608917236,0.5232387781143188,-0.09379313886165619,0.30677300691604614,0.5107588768005371,-0.046529125422239304,0.41153329610824585,0.5106955766677856,-0.07757433503866196,0.40564051270484924,0.5568865537643433,-0.08153394609689713,0.3796887993812561,0.5688506960868835,-0.08352448046207428,0.31195226311683655,0.5683425664901733,-0.06176721677184105,0.41289639472961426,0.5696097612380981,-0.08806610852479935,0.40185749530792236,0.6060728430747986,-0.08033663779497147,0.3745782971382141,0.6097769737243652,-0.07362830638885498,0.325651079416275,0.627601146697998,-0.07784625142812729,0.40851572155952454,0.6244850158691406,-0.09003756195306778,0.40006187558174133,0.6489548683166504,-0.08279099315404892,0.3755614757537842,0.6500763297080994,-0.07751945406198502
256,0.7183464169502258,0.7371403574943542,-4.4414881017473817e-07,0.6926316022872925,0.6532235145568848,-0.015798771753907204,0.6640225052833557,0.5662920475006104,-0.033447783440351486,0.6316590905189514,0.5025357604026794,-0.04729897901415825,0.6156562566757202,0.4558539390563965,-0.057304929941892624,0.7222243547439575,0.513038158416748,-0.05297180637717247,0.6189285516738892,0.5042169094085693,-0.08032677322626114,0.6152095198631287,0.5527368187904358,-0.08311095833778381,0.6364908218383789,0.5720627903938293,-0.08192818611860275,0.7256681323051453,0.5574270486831665,-0.05723174288868904,0.6074985861778259,0.5647910833358765,-0.08676790446043015,0.6165803074836731,0.604209303855896,-0.08166668564081192,0.6432754993438721,0.6083728671073914,-0.07716772705316544,0.7151121497154236,0.6103099584579468,-0.06209033355116844,0.6060338020324707,0.6163753867149353,-0.08958014845848083,0.6198445558547974,0.6487064957618713,-0.07404648512601852,0.6483221054077148,0.6484285593032837,-0.06212268024682999,0.697640061378479,0.6642895936965942,-0.06737136840820312,0.6121267676353455,0.6704813241958618,-0.090997613966465,0.621375560760498,0.6933274269104004,-0.08743073791265488,0.6457672119140625,0.6899185180664062,-0.08168148249387741,0.3500613272190094,0.7123934030532837,-2.3466856191589613e-07,0.37503504753112793,0.6248971223831177,-0.008830506354570389,0.38838449120521545,0.540235698223114,-0.021923189982771873,0.39479026198387146,0.482276052236557,-0.036046989262104034,0.406273752450943,0.44382843375205994,-0.04625426232814789,0.32361671328544617,0.46499282121658325,-0.026932692155241966,0.406086266040802,0.4670962691307068,-0.05630377680063248,0.4099387228488922,0.5147154927253723,-0.07207053154706955,0.3890007734298706,0.5267884731292725,-0.08253510296344757,0.3087822198867798,0.5071350336074829,-0.03776193782687187,0.4087669253349304,0.5172895789146423,-0.06462978571653366,0.4071892499923706,0.560210108757019,-0.06982824206352234,0.38516494631767273,0.565215528011322,-0.07412628084421158,0.30978402495384216,0.564490020275116,-0.050119731575250626,0.4073925018310547,0.5748106241226196,-0.07531357556581497,0.4054388999938965,0.6100808382034302,-0.07087744027376175,0.38291049003601074,0.6130185723304749,-0.06719761341810226,0.3210456073284149,0.6253284811973572,-0.06347202509641647,0.4026201367378235,0.626508355140686,-0.07856816798448563,0.40245717763900757,0.6490365266799927,-0.07556890696287155,0.38134780526161194,0.6514807939529419,-0.07269220799207687
257,0.7275999188423157,0.6971760988235474,-2.8264537377253873e-07,0.7014397978782654,0.6046791672706604,-0.006176454946398735,0.6776660084724426,0.5133342742919922,-0.018895750865340233,0.6480392217636108,0.44924086332321167,-0.029835009947419167,0.6249109506607056,0.4117009937763214,-0.037553150206804276,0.7237048745155334,0.4590345621109009,-0.03420000523328781,0.6225032210350037,0.4572768807411194,-0.05233120173215866,0.6251519918441772,0.5025655627250671,-0.05418536067008972,0.6509876847267151,0.513177752494812,-0.0546182319521904,0.7287116050720215,0.49845001101493835,-0.04188665747642517,0.6151251792907715,0.5049323439598083,-0.05737072229385376,0.6274874806404114,0.5442832112312317,-0.05078871175646782,0.6526728868484497,0.5488209128379822,-0.04762272164225578,0.7215096354484558,0.5518481135368347,-0.04951351508498192,0.6150805950164795,0.5615102648735046,-0.06224391609430313,0.6297568082809448,0.5938846468925476,-0.04975029453635216,0.6573166251182556,0.5950099229812622,-0.0433836430311203,0.7085350751876831,0.6093552708625793,-0.057526975870132446,0.6198715567588806,0.6196797490119934,-0.06925071775913239,0.6303227543830872,0.6390653848648071,-0.06587331742048264,0.6554893255233765,0.6382545232772827,-0.06278260052204132,0.36137279868125916,0.7443087100982666,-3.7894750448685954e-07,0.3883515000343323,0.6558361053466797,-0.011181753128767014,0.4062519371509552,0.5670469403266907,-0.023098008707165718,0.41207173466682434,0.5044699907302856,-0.03476613759994507,0.409640371799469,0.480664998292923,-0.0440240278840065,0.33227941393852234,0.5207538604736328,-0.03730554133653641,0.43501245975494385,0.5489047765731812,-0.0677865520119667,0.430451363325119,0.5929228663444519,-0.08539524674415588,0.40005528926849365,0.5957069396972656,-0.0980924591422081,0.31623291969299316,0.5785861015319824,-0.0478612445294857,0.4358024597167969,0.6071930527687073,-0.07559719681739807,0.42478129267692566,0.6445631980895996,-0.08201153576374054,0.3975783884525299,0.6447299718856812,-0.08880862593650818,0.31695112586021423,0.6457217335700989,-0.05911289528012276,0.42770665884017944,0.6649907231330872,-0.08410830795764923,0.42159244418144226,0.6929028034210205,-0.07963604480028152,0.399181991815567,0.6924082040786743,-0.07689530402421951,0.3259662091732025,0.7138617038726807,-0.07190676033496857,0.41577625274658203,0.7237059473991394,-0.08876211196184158,0.41770419478416443,0.734470009803772,-0.08715438097715378,0.3991338312625885,0.7316238880157471,-0.08545072376728058
258,0.7279568314552307,0.7181410789489746,-4.612915063262335e-07,0.7015341520309448,0.6363481283187866,-0.01434484962373972,0.6746141314506531,0.547144889831543,-0.031363628804683685,0.6447647213935852,0.4817270040512085,-0.0455443300306797,0.6218945980072021,0.4406495690345764,-0.05644554644823074,0.7210245728492737,0.4772319495677948,-0.046553995460271835,0.623188853263855,0.47122615575790405,-0.07262302935123444,0.6184322834014893,0.5251050591468811,-0.07802251726388931,0.6419621109962463,0.5426217913627625,-0.08033887296915054,0.7284293174743652,0.5214165449142456,-0.05274759605526924,0.6119629144668579,0.5292436480522156,-0.07798800617456436,0.6207369565963745,0.5765114426612854,-0.07217579334974289,0.6485047936439514,0.5823878645896912,-0.06797167658805847,0.721052885055542,0.5763673782348633,-0.059927526861429214,0.612069845199585,0.5869389772415161,-0.08222413808107376,0.6250855922698975,0.6263453960418701,-0.06663446873426437,0.6547214388847351,0.628934383392334,-0.0563092865049839,0.7069518566131592,0.6350425481796265,-0.06814941763877869,0.6184903979301453,0.6446243524551392,-0.08991806954145432,0.6291441917419434,0.6700564622879028,-0.08648571372032166,0.6555060148239136,0.6721481680870056,-0.08126402646303177,0.34768614172935486,0.7625994682312012,-2.989942515796429e-07,0.3856535255908966,0.6765491962432861,-0.011030237190425396,0.40369880199432373,0.582955002784729,-0.022768976166844368,0.40846335887908936,0.5216160416603088,-0.03475143387913704,0.4104536473751068,0.4785335063934326,-0.0434267520904541,0.3321593701839447,0.5203179121017456,-0.026701629161834717,0.4282929301261902,0.5113012194633484,-0.05842034891247749,0.4294401705265045,0.5558822751045227,-0.07759787142276764,0.3997866213321686,0.5657041072845459,-0.09074845165014267,0.3185468316078186,0.56379634141922,-0.03676322475075722,0.43196332454681396,0.5621564984321594,-0.06623136252164841,0.4260399341583252,0.6055703163146973,-0.07416729629039764,0.39874687790870667,0.6102488040924072,-0.08072404563426971,0.3195483684539795,0.6204501986503601,-0.04878588020801544,0.4287111759185791,0.6176412105560303,-0.07539645582437515,0.42351993918418884,0.6542094945907593,-0.07129716873168945,0.4002560079097748,0.6605597734451294,-0.06818939000368118,0.32993072271347046,0.6815077066421509,-0.06241416558623314,0.42040497064590454,0.6725397109985352,-0.07990596443414688,0.41855859756469727,0.6941348314285278,-0.07875040918588638,0.3969716429710388,0.7005838751792908,-0.07700265944004059
259,0.7196495532989502,0.7599835991859436,-3.9601604839845095e-07,0.6907742023468018,0.6612599492073059,-0.011692192405462265,0.6617866158485413,0.5580947995185852,-0.02502293698489666,0.6294774413108826,0.49723905324935913,-0.036616966128349304,0.6068448424339294,0.5010955333709717,-0.04533199593424797,0.7132265567779541,0.5232591032981873,-0.031511276960372925,0.6116960644721985,0.533520519733429,-0.05736105144023895,0.6172498464584351,0.5784040689468384,-0.06729262322187424,0.6452020406723022,0.5800806283950806,-0.07259899377822876,0.7193353176116943,0.5738319754600525,-0.03875935077667236,0.6036412715911865,0.5920525193214417,-0.0633256658911705,0.6184272170066833,0.625824511051178,-0.06267377734184265,0.6461594104766846,0.6245071887969971,-0.06158151850104332,0.7132155895233154,0.6322606205940247,-0.04733237624168396,0.6050477027893066,0.6483485102653503,-0.06609868258237839,0.6206074953079224,0.6763565540313721,-0.0552620068192482,0.64986652135849,0.673645555973053,-0.04733526334166527,0.7016652822494507,0.690548837184906,-0.05723964050412178,0.6135555505752563,0.7042149901390076,-0.06861269474029541,0.6265248656272888,0.7207257747650146,-0.0640912726521492,0.6544228792190552,0.7172551155090332,-0.05949673801660538,0.34477925300598145,0.723078727722168,-1.9049275579163805e-07,0.37944942712783813,0.6270476579666138,-0.007900348864495754,0.4000145494937897,0.5407924056053162,-0.01932024024426937,0.4106653928756714,0.4807809293270111,-0.031556177884340286,0.41696470975875854,0.4337506890296936,-0.039885010570287704,0.3304530382156372,0.46903127431869507,-0.023246634751558304,0.4200512170791626,0.469768226146698,-0.05019815266132355,0.42285746335983276,0.5189723968505859,-0.06477748602628708,0.39832139015197754,0.5266258120536804,-0.07477731257677078,0.3156255781650543,0.5102349519729614,-0.03305485099554062,0.4266340434551239,0.5190602540969849,-0.05652932450175285,0.4187082052230835,0.5646620392799377,-0.06078376621007919,0.3920900225639343,0.5663211941719055,-0.06530388444662094,0.3171580135822296,0.5667662620544434,-0.04437456652522087,0.424594521522522,0.5748299956321716,-0.06425334513187408,0.4146149754524231,0.6110926270484924,-0.058844588696956635,0.38915157318115234,0.6104309558868408,-0.05613284558057785,0.3287564814090729,0.6280878782272339,-0.056953784078359604,0.41689231991767883,0.6266704797744751,-0.06773927062749863,0.4086155593395233,0.6477453112602234,-0.0647566094994545,0.3822617530822754,0.6488158702850342,-0.0628654882311821
260,0.7165108919143677,0.7254314422607422,-4.023519011298049e-07,0.6861814856529236,0.6339472532272339,-0.01056434866040945,0.6574264168739319,0.547153890132904,-0.02467014640569687,0.6275292634963989,0.4854275584220886,-0.03704340010881424,0.612371563911438,0.4395807385444641,-0.045476026833057404,0.7097053527832031,0.48242127895355225,-0.032996248453855515,0.6131718754768372,0.48494410514831543,-0.05659782513976097,0.6126739978790283,0.5317391157150269,-0.061628177762031555,0.6373101472854614,0.5453358292579651,-0.06292847543954849,0.7163538336753845,0.5277321934700012,-0.03974468261003494,0.6032866835594177,0.5447902083396912,-0.06337293982505798,0.6144376397132874,0.5835050344467163,-0.05979197099804878,0.6422462463378906,0.5855384469032288,-0.056609928607940674,0.709667444229126,0.5823701024055481,-0.04776211082935333,0.6050546169281006,0.5991748571395874,-0.0693373903632164,0.61968594789505,0.6297363042831421,-0.05705009400844574,0.6482719779014587,0.6279638409614563,-0.04812578484416008,0.6968166828155518,0.6394777297973633,-0.056530650705099106,0.6120142340660095,0.6517929434776306,-0.07577666640281677,0.6205052733421326,0.672309160232544,-0.07373195886611938,0.643757700920105,0.6706234812736511,-0.06942493468523026,0.3471267819404602,0.7247059345245361,-2.7436624350229977e-07,0.3795882761478424,0.6337345838546753,-0.009111346676945686,0.39639657735824585,0.5423360466957092,-0.02109866589307785,0.40408074855804443,0.47955960035324097,-0.034098781645298004,0.4125657081604004,0.4333326518535614,-0.04324202612042427,0.32656431198120117,0.4731488525867462,-0.02556585520505905,0.4144207835197449,0.4755355715751648,-0.055367663502693176,0.4146411716938019,0.5239713788032532,-0.070982925593853,0.39007115364074707,0.5324059724807739,-0.08136020600795746,0.3125549554824829,0.5164293050765991,-0.03676551952958107,0.4182247817516327,0.5254121422767639,-0.06394530087709427,0.4117181897163391,0.5706080198287964,-0.06875453144311905,0.3872382938861847,0.5735801458358765,-0.07264778763055801,0.313530296087265,0.575431227684021,-0.04982958361506462,0.4153119623661041,0.5810356140136719,-0.07519569993019104,0.41043782234191895,0.620087742805481,-0.0696658343076706,0.3883463740348816,0.6234323978424072,-0.06519671529531479,0.32477572560310364,0.638333261013031,-0.0640825480222702,0.4089664816856384,0.6353919506072998,-0.07915698736906052,0.40704065561294556,0.6596835851669312,-0.07556764036417007,0.3864661455154419,0.6628983616828918,-0.07216339558362961
261,0.7207726240158081,0.6913914084434509,-3.4925409408970154e-07,0.6915029883384705,0.6016479134559631,-0.008323241956532001,0.6652213931083679,0.5129641890525818,-0.022250643000006676,0.6339226961135864,0.44592469930648804,-0.03450864925980568,0.6149228811264038,0.4149150848388672,-0.042919550091028214,0.7085152864456177,0.44923821091651917,-0.035046156495809555,0.6099300384521484,0.45406925678253174,-0.0546795129776001,0.612084150314331,0.502366304397583,-0.05582602694630623,0.6378684043884277,0.5123181939125061,-0.05532439425587654,0.7123817205429077,0.4948207139968872,-0.04325263202190399,0.601140558719635,0.5107250213623047,-0.06238062307238579,0.6129061579704285,0.5514230728149414,-0.05453518405556679,0.6392446160316467,0.5540316700935364,-0.049270953983068466,0.7060225605964661,0.5513895750045776,-0.05201950669288635,0.6029725074768066,0.5686740279197693,-0.06716331839561462,0.6164001822471619,0.6014515161514282,-0.05166303366422653,0.6436956524848938,0.6007689833641052,-0.04213758930563927,0.695801317691803,0.6117605566978455,-0.06180092319846153,0.6097472310066223,0.6261159777641296,-0.07404537498950958,0.6198816895484924,0.6433841586112976,-0.06953492015600204,0.6444553732872009,0.6396792531013489,-0.06503378599882126,0.34599047899246216,0.7568231821060181,-3.689463881073607e-07,0.37812164425849915,0.6588683724403381,-0.009688105434179306,0.3953579068183899,0.5635805130004883,-0.020834440365433693,0.40381312370300293,0.4982680380344391,-0.03212714567780495,0.40324822068214417,0.4650782644748688,-0.039379801601171494,0.32813069224357605,0.5047414898872375,-0.03096127323806286,0.42308610677719116,0.515031099319458,-0.06094862520694733,0.42107653617858887,0.562138020992279,-0.07590941339731216,0.39233770966529846,0.5658700466156006,-0.08630166947841644,0.31550419330596924,0.5556774735450745,-0.04275723174214363,0.4279457926750183,0.5725767016410828,-0.071597158908844,0.41761237382888794,0.6149435043334961,-0.07740233838558197,0.3896644115447998,0.6135437488555908,-0.0827232152223587,0.31789374351501465,0.6186191439628601,-0.05593105033040047,0.4258987307548523,0.6282988786697388,-0.0814414843916893,0.41626691818237305,0.6648040413856506,-0.07696051895618439,0.39143234491348267,0.6646785140037537,-0.07385122030973434,0.3311541974544525,0.6841900944709778,-0.07051437348127365,0.4205021858215332,0.6823027729988098,-0.08689924329519272,0.4142579138278961,0.7016748785972595,-0.08552689850330353,0.38870975375175476,0.7024925947189331,-0.0839749127626419
262,0.710537850856781,0.7367993593215942,-5.159469651516702e-07,0.6806327104568481,0.6513030529022217,-0.012159117497503757,0.6527109146118164,0.561008095741272,-0.027258865535259247,0.6238097548484802,0.4979889988899231,-0.04003755375742912,0.6100252866744995,0.4572596549987793,-0.049656376242637634,0.7020062208175659,0.49681147933006287,-0.042503587901592255,0.6081997156143188,0.5029900670051575,-0.0658508688211441,0.6067190766334534,0.5517354011535645,-0.06910651177167892,0.6295245885848999,0.5650440454483032,-0.06951114535331726,0.7089934349060059,0.544342041015625,-0.04972328990697861,0.5970685482025146,0.5597676038742065,-0.07389628142118454,0.6086808443069458,0.600583553314209,-0.06844896078109741,0.6362289190292358,0.6056950688362122,-0.06401709467172623,0.7040435075759888,0.6009485125541687,-0.05754004791378975,0.597720205783844,0.6165504455566406,-0.07859288156032562,0.6142570376396179,0.6494484543800354,-0.06407971680164337,0.6442568898200989,0.6495418548583984,-0.05421645939350128,0.6923273205757141,0.6607678532600403,-0.06617969274520874,0.6063926815986633,0.6745613813400269,-0.08444234728813171,0.6200765371322632,0.6956978440284729,-0.07973012328147888,0.6473326086997986,0.6945692896842957,-0.07402802258729935,0.33820050954818726,0.696419358253479,-3.15189993216336e-07,0.3778858780860901,0.5953994989395142,-0.008570036850869656,0.4022953510284424,0.5039997100830078,-0.02481849305331707,0.41359516978263855,0.4385986328125,-0.042380910366773605,0.42209112644195557,0.4029317796230316,-0.056640345603227615,0.3391816020011902,0.46371474862098694,-0.03214658051729202,0.40756189823150635,0.4559771418571472,-0.06571407616138458,0.4215201735496521,0.501716136932373,-0.0869920402765274,0.4138154685497284,0.5324996113777161,-0.09928719699382782,0.32540398836135864,0.5100095868110657,-0.042992182075977325,0.42168572545051575,0.5205419063568115,-0.07300856709480286,0.41780146956443787,0.5622291564941406,-0.08209199458360672,0.3921111822128296,0.5802268385887146,-0.08847898244857788,0.32507550716400146,0.5663487911224365,-0.05516015738248825,0.4175090193748474,0.5740450620651245,-0.08056589961051941,0.40988847613334656,0.6026119589805603,-0.07686019688844681,0.38543492555618286,0.6106256246566772,-0.07332482933998108,0.3346171975135803,0.6240854263305664,-0.06799476593732834,0.41087329387664795,0.6284534931182861,-0.08073895424604416,0.4084692597389221,0.6470975875854492,-0.07386372983455658,0.388959139585495,0.6516529321670532,-0.06834962964057922
263,0.7183794379234314,0.7467111349105835,-3.9097261606002576e-07,0.6804968118667603,0.658937931060791,-0.010304832831025124,0.6472952365875244,0.5661428570747375,-0.02260378561913967,0.6181156039237976,0.5043409466743469,-0.03365344926714897,0.6051087379455566,0.4832155108451843,-0.04191574454307556,0.6983245611190796,0.5138005614280701,-0.03324604406952858,0.6017483472824097,0.5251970291137695,-0.056130219250917435,0.604130744934082,0.575059175491333,-0.0624651201069355,0.629972517490387,0.5825107097625732,-0.06559345871210098,0.7036126852035522,0.5665732026100159,-0.041118185967206955,0.5931228399276733,0.5870629549026489,-0.06407787650823593,0.6060061454772949,0.6230167746543884,-0.060672614723443985,0.6338140964508057,0.6237226724624634,-0.057943977415561676,0.6969217658042908,0.6263791918754578,-0.050028953701257706,0.5945947170257568,0.6432143449783325,-0.06936164945363998,0.6104189157485962,0.671800434589386,-0.056244879961013794,0.6400792598724365,0.6697888970375061,-0.0468108095228672,0.6850073933601379,0.6869363188743591,-0.05994877964258194,0.6021716594696045,0.6972098350524902,-0.0743945762515068,0.6167255640029907,0.7136593461036682,-0.0694243386387825,0.6449872851371765,0.7105690240859985,-0.0637512281537056,0.3462904691696167,0.687617301940918,-2.317643748028786e-07,0.38349226117134094,0.5997565984725952,-0.013152619823813438,0.4012896418571472,0.5091198682785034,-0.026292651891708374,0.40802350640296936,0.4460119605064392,-0.038741081953048706,0.4001706838607788,0.40661197900772095,-0.046204421669244766,0.3258568048477173,0.43800225853919983,-0.03322002664208412,0.4205663204193115,0.4449538290500641,-0.06379878520965576,0.42245838046073914,0.49565115571022034,-0.0768309161067009,0.3973793089389801,0.500779926776886,-0.08483287692070007,0.31213468313217163,0.4796247184276581,-0.041779160499572754,0.4262017011642456,0.49674269556999207,-0.07134021073579788,0.41862744092941284,0.5445646047592163,-0.0736866444349289,0.3925253450870514,0.543755054473877,-0.07535452395677567,0.31270653009414673,0.5363520383834839,-0.05231801047921181,0.42338696122169495,0.54949551820755,-0.0790245309472084,0.41470661759376526,0.5904431939125061,-0.07205531746149063,0.39025363326072693,0.5893535017967224,-0.06636793911457062,0.3246226906776428,0.5971189737319946,-0.06432894617319107,0.4151572287082672,0.599666178226471,-0.08108493685722351,0.4077223241329193,0.6256758570671082,-0.07862065732479095,0.3810056149959564,0.6277332305908203,-0.07583469897508621
264,0.7114849090576172,0.7039699554443359,-4.2438165337443934e-07,0.6801700592041016,0.6177710890769958,-0.00914629828184843,0.6529296636581421,0.5336637496948242,-0.021936247125267982,0.6255910992622375,0.47227320075035095,-0.03295871242880821,0.6098543405532837,0.4261848032474518,-0.040506478399038315,0.7021157145500183,0.4601472318172455,-0.035304080694913864,0.6075792908668518,0.45748865604400635,-0.055457986891269684,0.6031433343887329,0.505975604057312,-0.05718610808253288,0.6242444515228271,0.5245487093925476,-0.05682217329740524,0.7078083157539368,0.5018694400787354,-0.04205011576414108,0.5964070558547974,0.5164134502410889,-0.06344642490148544,0.6056562662124634,0.5585069060325623,-0.05763664096593857,0.6317775249481201,0.5638967752456665,-0.053666070103645325,0.7016115188598633,0.5550078749656677,-0.04952184110879898,0.5969486832618713,0.5720803737640381,-0.06982319056987762,0.6109827160835266,0.6071805953979492,-0.05529068782925606,0.6393289566040039,0.6078090071678162,-0.04558517038822174,0.6898715496063232,0.6116026043891907,-0.05748424306511879,0.603938102722168,0.6227121949195862,-0.07685847580432892,0.614018440246582,0.6479365825653076,-0.07316292822360992,0.6388827562332153,0.6475645899772644,-0.06815125048160553,0.35058408975601196,0.7187540531158447,-3.7234389083096175e-07,0.38371017575263977,0.6279157996177673,-0.008741590194404125,0.40225961804389954,0.5380274653434753,-0.019606757909059525,0.4100258946418762,0.4768591821193695,-0.030917294323444366,0.40951526165008545,0.44043707847595215,-0.03911609202623367,0.3337053656578064,0.48737597465515137,-0.030993405729532242,0.4155789911746979,0.48404598236083984,-0.05993564799427986,0.4257834851741791,0.5309644937515259,-0.0750802755355835,0.4065898060798645,0.548080563545227,-0.08458933234214783,0.3219822347164154,0.532821536064148,-0.04148678109049797,0.4240352511405945,0.5377629399299622,-0.0658496618270874,0.42178046703338623,0.5811434984207153,-0.07137620449066162,0.3966164290904999,0.5888065099716187,-0.07665938138961792,0.32460734248161316,0.5904467105865479,-0.053031761199235916,0.4241175353527069,0.5960503220558167,-0.07603605091571808,0.4186933636665344,0.6303165555000305,-0.07232154160737991,0.3931633234024048,0.635114312171936,-0.07017882913351059,0.335907518863678,0.6498479843139648,-0.06548445671796799,0.41804325580596924,0.6519259214401245,-0.07987086474895477,0.41371583938598633,0.6750984787940979,-0.07652822136878967,0.3898192346096039,0.6792469620704651,-0.07389087229967117
265,0.710334300994873,0.682258129119873,-3.939116766105144e-07,0.6768956184387207,0.5982076525688171,-0.010929644107818604,0.6519193649291992,0.5096157193183899,-0.02423251047730446,0.6261560320854187,0.4439222812652588,-0.03573903813958168,0.6157009601593018,0.41163086891174316,-0.04268629476428032,0.7077126502990723,0.44076699018478394,-0.032633401453495026,0.6097637414932251,0.4426572322845459,-0.05683845281600952,0.6118397116661072,0.49185433983802795,-0.06124814227223396,0.6375903487205505,0.5030840039253235,-0.0619855634868145,0.7142632007598877,0.4855169951915741,-0.039758339524269104,0.6016855835914612,0.49844372272491455,-0.06511491537094116,0.6132797598838806,0.5409510135650635,-0.06012235954403877,0.6402449607849121,0.543607771396637,-0.055003583431243896,0.7071437835693359,0.5407491326332092,-0.048384252935647964,0.6009045243263245,0.556885302066803,-0.07081460952758789,0.6151662468910217,0.5933098793029785,-0.055818550288677216,0.6438393592834473,0.5922239422798157,-0.04388920217752457,0.6943504214286804,0.5997452735900879,-0.058076463639736176,0.6056569814682007,0.6112000346183777,-0.07450006157159805,0.6160758137702942,0.6344156265258789,-0.06948871910572052,0.6418039798736572,0.6322004795074463,-0.0631527379155159,0.35510849952697754,0.7558084726333618,-3.917040487522172e-07,0.3784087300300598,0.6677838563919067,-0.010408386588096619,0.40174466371536255,0.5790338516235352,-0.02308672107756138,0.4170066714286804,0.5148565769195557,-0.036308031529188156,0.42253074049949646,0.4807411730289459,-0.046627774834632874,0.35204440355300903,0.5266174077987671,-0.03728603571653366,0.4480378329753876,0.5439078211784363,-0.07026554644107819,0.44699805974960327,0.5884649753570557,-0.08672785013914108,0.41692256927490234,0.5941855311393738,-0.0974765419960022,0.337370365858078,0.5795883536338806,-0.049614813178777695,0.4514075219631195,0.6020365953445435,-0.07946330308914185,0.44182777404785156,0.6433925032615662,-0.0852678120136261,0.41316017508506775,0.6433314085006714,-0.0908544510602951,0.33744823932647705,0.6439324021339417,-0.0631578117609024,0.44431614875793457,0.6614723205566406,-0.09065267443656921,0.4359312653541565,0.6951049566268921,-0.08577562868595123,0.4104214310646057,0.6944515109062195,-0.08234485983848572,0.34690701961517334,0.7119011878967285,-0.07808857411146164,0.43428295850753784,0.7166228890419006,-0.09558959305286407,0.4274081289768219,0.7357208132743835,-0.0931815654039383,0.40101373195648193,0.7366958260536194,-0.09116128087043762
266,0.725348711013794,0.735058069229126,-4.844805516768247e-07,0.7006112337112427,0.6500622630119324,-0.014125852845609188,0.6653808355331421,0.5619759559631348,-0.03161902725696564,0.6289328932762146,0.5022456049919128,-0.04664838686585426,0.6101356744766235,0.4737965166568756,-0.05814984068274498,0.7163458466529846,0.5092451572418213,-0.0453510582447052,0.6134597659111023,0.5098669528961182,-0.07231785356998444,0.6130967140197754,0.5613635182380676,-0.07908976823091507,0.638619065284729,0.5745270252227783,-0.08221536129713058,0.7226088643074036,0.5609615445137024,-0.05196905508637428,0.6032878756523132,0.5731717348098755,-0.07802703231573105,0.6171685457229614,0.612808108329773,-0.07446697354316711,0.6461654305458069,0.6153963208198547,-0.07180605828762054,0.7150776386260986,0.6206812858581543,-0.0593738928437233,0.605027973651886,0.6303883790969849,-0.08127840608358383,0.6221011877059937,0.6615484952926636,-0.06656819581985474,0.6532175540924072,0.6605578064918518,-0.056599076837301254,0.7014487981796265,0.6821895241737366,-0.06772493571043015,0.6128928065299988,0.6880776882171631,-0.08688551187515259,0.628810703754425,0.7062481641769409,-0.08192791044712067,0.6599299907684326,0.7045921087265015,-0.07578809559345245,0.34389349818229675,0.730529248714447,-1.4778289880723605e-07,0.37760627269744873,0.6499320268630981,-0.013930246233940125,0.40333291888237,0.5641583800315857,-0.027602314949035645,0.4209378957748413,0.5056795477867126,-0.04033523052930832,0.4300415515899658,0.46483877301216125,-0.0494038462638855,0.33596307039260864,0.5008598566055298,-0.03445877507328987,0.42642590403556824,0.49927812814712524,-0.06193980202078819,0.4306803345680237,0.5458279252052307,-0.07534798234701157,0.40926745533943176,0.5576378107070923,-0.08414770662784576,0.32593002915382385,0.5434823036193848,-0.04202235862612724,0.4318057894706726,0.5492404103279114,-0.06647936999797821,0.4269515872001648,0.5921239852905273,-0.06988362222909927,0.40414199233055115,0.5959687232971191,-0.07319451123476028,0.3292752802371979,0.5989347696304321,-0.05111619830131531,0.4295848309993744,0.6029101610183716,-0.07373575866222382,0.42343148589134216,0.6390758752822876,-0.06762222945690155,0.40236833691596985,0.6413770318031311,-0.06330925226211548,0.34227320551872253,0.6559590697288513,-0.06157471239566803,0.42520391941070557,0.6519168615341187,-0.07500357925891876,0.4200783967971802,0.6761614680290222,-0.0707559883594513,0.39932215213775635,0.6802369356155396,-0.06732041388750076
267,0.7358244061470032,0.7388713359832764,-3.896589646501525e-07,0.7109649777412415,0.6540780067443848,-0.013878594152629375,0.6824246644973755,0.5686418414115906,-0.031851381063461304,0.6488230228424072,0.5068405270576477,-0.04657337814569473,0.6286988854408264,0.45945388078689575,-0.057880982756614685,0.7319808602333069,0.515100359916687,-0.053530097007751465,0.6275333166122437,0.5135727524757385,-0.08003077656030655,0.6300139427185059,0.5595976114273071,-0.08373170346021652,0.6553587913513184,0.5731528997421265,-0.08436033874750137,0.7355032563209534,0.5607535243034363,-0.05992700532078743,0.6157441139221191,0.5689994096755981,-0.08790503442287445,0.628716230392456,0.6045835018157959,-0.08344697207212448,0.6575372815132141,0.6075707077980042,-0.08028428256511688,0.7270863652229309,0.6162182688713074,-0.06644805520772934,0.6154946684837341,0.6224803924560547,-0.09100112318992615,0.6330309510231018,0.6504672169685364,-0.07519024610519409,0.6650593280792236,0.6494385600090027,-0.06456797569990158,0.7119279503822327,0.6739755272865295,-0.07349985837936401,0.6217251420021057,0.6785929203033447,-0.09670580178499222,0.6363363265991211,0.6963105201721191,-0.09313798695802689,0.6674771904945374,0.6928984522819519,-0.08779413253068924,0.32204559445381165,0.7001831531524658,-3.806816266660462e-07,0.35939231514930725,0.6185259819030762,-0.01224609650671482,0.39310142397880554,0.5358277559280396,-0.02976936660706997,0.4159497618675232,0.48077765107154846,-0.04793937876820564,0.42339715361595154,0.4488477408885956,-0.06170032173395157,0.3389170169830322,0.4642471373081207,-0.038566771894693375,0.4261547923088074,0.46781712770462036,-0.07356692105531693,0.4358440339565277,0.5271544456481934,-0.09128616750240326,0.4196244776248932,0.5515775084495544,-0.100899837911129,0.32439255714416504,0.5098875164985657,-0.050310295075178146,0.42767858505249023,0.5205294489860535,-0.08269938826560974,0.42309463024139404,0.576239824295044,-0.08785542100667953,0.3974759578704834,0.5910009741783142,-0.0901983380317688,0.32340139150619507,0.5692596435546875,-0.06378544121980667,0.4252580404281616,0.5825690031051636,-0.09279396384954453,0.41610971093177795,0.6248928308486938,-0.08657616376876831,0.3886980414390564,0.6287491917610168,-0.08033202588558197,0.33236756920814514,0.6312874555587769,-0.07828255742788315,0.41678717732429504,0.6404352188110352,-0.09252798557281494,0.4093950688838959,0.6675158739089966,-0.08492377400398254,0.3848801851272583,0.6687644720077515,-0.07910434901714325
268,0.7291364073753357,0.703960657119751,-2.6967248345499684e-07,0.7054487466812134,0.605941653251648,-0.009881310164928436,0.6841607093811035,0.5077899098396301,-0.024248674511909485,0.6551809906959534,0.44355839490890503,-0.03593459352850914,0.6278601884841919,0.4233454465866089,-0.04495785012841225,0.7287955284118652,0.46395206451416016,-0.040984686464071274,0.6264076232910156,0.4674045443534851,-0.06124117225408554,0.631713330745697,0.510797917842865,-0.06416401267051697,0.6584544777870178,0.517971396446228,-0.06529850512742996,0.7339829206466675,0.5085954070091248,-0.048139788210392,0.6188422441482544,0.5185344815254211,-0.06648845225572586,0.6333202719688416,0.5555065274238586,-0.06122659146785736,0.659699022769928,0.5572474598884583,-0.05875231325626373,0.7284820079803467,0.5649078488349915,-0.05518952012062073,0.6198216676712036,0.5756773948669434,-0.06976471096277237,0.6354786157608032,0.6052989959716797,-0.0568954236805439,0.6645200848579407,0.6045935153961182,-0.049864109605550766,0.716829240322113,0.6244155764579773,-0.0629996731877327,0.624575138092041,0.6342713236808777,-0.07593294978141785,0.6359857320785522,0.6518240571022034,-0.07214359194040298,0.6633875966072083,0.6500216722488403,-0.06857939064502716,0.3219437003135681,0.7342269420623779,-3.026133583716728e-07,0.35228583216667175,0.6538837552070618,-0.01386874821037054,0.39039215445518494,0.5756611824035645,-0.029503392055630684,0.4193926453590393,0.5197162628173828,-0.04443338140845299,0.4260683059692383,0.49514371156692505,-0.05681004747748375,0.34207117557525635,0.5213420987129211,-0.04475105181336403,0.4394955039024353,0.5518173575401306,-0.07468893378973007,0.4375964105129242,0.5977392196655273,-0.08896908164024353,0.4130745530128479,0.6056060194969177,-0.09811805188655853,0.3328748941421509,0.5758047103881836,-0.05460195615887642,0.44331350922584534,0.6042351722717285,-0.08024010062217712,0.432972252368927,0.6433414816856384,-0.08310910314321518,0.4090682566165924,0.6452261209487915,-0.0867081806063652,0.33565017580986023,0.6411798000335693,-0.06498293578624725,0.43699681758880615,0.655879020690918,-0.0888993889093399,0.4274419844150543,0.6876224279403687,-0.08145313709974289,0.4068644642829895,0.6903918981552124,-0.07633240520954132,0.34519246220588684,0.7072986960411072,-0.07660217583179474,0.4275188744068146,0.7142415046691895,-0.09066630154848099,0.42469140887260437,0.7297441959381104,-0.08422912657260895,0.4081793427467346,0.7305741310119629,-0.07939601689577103
269,0.7291110754013062,0.729103147983551,-4.760799754421896e-07,0.7030832171440125,0.6427261233329773,-0.010714235715568066,0.6729942560195923,0.5519967675209045,-0.02603655494749546,0.6417842507362366,0.48683661222457886,-0.03930359333753586,0.622127115726471,0.4412470757961273,-0.04957210272550583,0.7176999449729919,0.4860903322696686,-0.04421021789312363,0.6205160617828369,0.48189011216163635,-0.0673685371875763,0.6175597906112671,0.5336417555809021,-0.07056853175163269,0.6420527100563049,0.5508463978767395,-0.07150370627641678,0.7244640588760376,0.5342705845832825,-0.05220751464366913,0.611539900302887,0.5403704047203064,-0.07512469589710236,0.6202600598335266,0.5835819244384766,-0.06897317618131638,0.6482238173484802,0.5910776853561401,-0.06507653743028641,0.7168489098548889,0.5912836194038391,-0.06060073897242546,0.6101943254470825,0.5987498760223389,-0.08077183365821838,0.6227405071258545,0.6348592638969421,-0.06564760953187943,0.6519902944564819,0.6383650302886963,-0.05633091181516647,0.7024393677711487,0.6501225829124451,-0.06974181532859802,0.6154542565345764,0.6588300466537476,-0.08937572687864304,0.6223006248474121,0.6841577887535095,-0.08566607534885406,0.6444091796875,0.6881780624389648,-0.08092106878757477,0.3531664311885834,0.7447324991226196,-1.7318977540980995e-07,0.3749900162220001,0.6750528812408447,-0.016566237434744835,0.4057363271713257,0.5925846695899963,-0.03646644204854965,0.43275707960128784,0.534493625164032,-0.05452226474881172,0.4432165026664734,0.49687740206718445,-0.06916318088769913,0.34713971614837646,0.5326056480407715,-0.05916472151875496,0.44391942024230957,0.5354664921760559,-0.09413070976734161,0.44412341713905334,0.5843642950057983,-0.10821836441755295,0.4187851548194885,0.5952247381210327,-0.11640189588069916,0.34140294790267944,0.5811592936515808,-0.06859695911407471,0.4530380368232727,0.5888029336929321,-0.09912233054637909,0.4446223974227905,0.6313360333442688,-0.09855837374925613,0.4191134572029114,0.6369496583938599,-0.09895773231983185,0.34721454977989197,0.6406349539756775,-0.07898232340812683,0.45422032475471497,0.6461380124092102,-0.10606563836336136,0.44070667028427124,0.6825151443481445,-0.0947224497795105,0.41464877128601074,0.6864546537399292,-0.08715951442718506,0.3610154688358307,0.7009084820747375,-0.09069600701332092,0.4476046562194824,0.702617883682251,-0.1081494390964508,0.4344214200973511,0.7267100214958191,-0.10224686563014984,0.40650802850723267,0.7296525239944458,-0.09804894030094147
270,0.7293286323547363,0.7520636320114136,-4.807030222764297e-07,0.7010342478752136,0.6681444644927979,-0.016111338511109352,0.6666485071182251,0.5853089690208435,-0.03459092602133751,0.6316974759101868,0.5226843953132629,-0.049487173557281494,0.6140480637550354,0.4729282259941101,-0.06111345812678337,0.7154455780982971,0.531106173992157,-0.05592804029583931,0.6122267842292786,0.5199795961380005,-0.08195532113313675,0.6044471859931946,0.5700117349624634,-0.08449123054742813,0.6248480677604675,0.5909808278083801,-0.08439397066831589,0.7205211520195007,0.5775330066680908,-0.06159079819917679,0.5997200012207031,0.5772638916969299,-0.08875451982021332,0.6044502258300781,0.6205950975418091,-0.08268450200557709,0.630084216594696,0.6307886838912964,-0.07874815165996552,0.711548924446106,0.6326345205307007,-0.06754704564809799,0.5974798202514648,0.6351305842399597,-0.0912296250462532,0.6050933003425598,0.6716746687889099,-0.0734938234090805,0.6307463645935059,0.6779763102531433,-0.06209980696439743,0.6946433782577515,0.689986526966095,-0.0743870958685875,0.6027436852455139,0.6966624855995178,-0.09681494534015656,0.6091297268867493,0.7195891737937927,-0.09184135496616364,0.6327829957008362,0.7212819457054138,-0.08591245114803314,0.35089126229286194,0.7237707376480103,-1.6358721666165366e-07,0.3774053752422333,0.6538439989089966,-0.015108270570635796,0.40415170788764954,0.5735512375831604,-0.0320051871240139,0.42612698674201965,0.5171730518341064,-0.04734764248132706,0.43519115447998047,0.47225841879844666,-0.05930858477950096,0.3460695445537567,0.5187642574310303,-0.04891037568449974,0.4396967887878418,0.5126010179519653,-0.08361836522817612,0.4460652470588684,0.5579429268836975,-0.09939749538898468,0.42161494493484497,0.5685938596725464,-0.10867953300476074,0.3417256474494934,0.559010922908783,-0.058037977665662766,0.4515928030014038,0.5604760646820068,-0.09007871896028519,0.44664663076400757,0.6032146215438843,-0.09337659925222397,0.41867080330848694,0.6062496900558472,-0.09589061141014099,0.3487199544906616,0.6117037534713745,-0.06846118718385696,0.4506828486919403,0.6101011633872986,-0.09790223091840744,0.4429064095020294,0.6481010317802429,-0.08952111005783081,0.4179008901119232,0.652507483959198,-0.08292974531650543,0.36247891187667847,0.6666770577430725,-0.07999683171510696,0.44358721375465393,0.6617011427879333,-0.09959198534488678,0.43606841564178467,0.6867252588272095,-0.09571719914674759,0.4120616316795349,0.6919626593589783,-0.09193608909845352
271,0.7194125652313232,0.7817455530166626,-3.865189626139909e-07,0.6820421814918518,0.6968357563018799,-0.012928465381264687,0.6429705619812012,0.6091822981834412,-0.026385994628071785,0.6112980842590332,0.5442667007446289,-0.03764653950929642,0.6016311645507812,0.5086213946342468,-0.046061042696237564,0.6928660273551941,0.5568835735321045,-0.035948652774095535,0.593094527721405,0.570148766040802,-0.06342144310474396,0.597885251045227,0.6148680448532104,-0.07446705549955368,0.6251101493835449,0.6206504702568054,-0.08041326701641083,0.6979522109031677,0.6044877767562866,-0.04300406947731972,0.587189257144928,0.6251415014266968,-0.06983458995819092,0.5992271900177002,0.6571996212005615,-0.07045789808034897,0.62743079662323,0.6572481989860535,-0.0702650398015976,0.6920135021209717,0.6613907217979431,-0.0513075552880764,0.5877339839935303,0.6797775030136108,-0.07614444196224213,0.6007059216499329,0.7080115079879761,-0.06433012336492538,0.6307790279388428,0.7060524225234985,-0.054765645414590836,0.680131196975708,0.7220091223716736,-0.06054273247718811,0.5937886834144592,0.7361152172088623,-0.08168096095323563,0.607734203338623,0.754096508026123,-0.07763999700546265,0.6380791068077087,0.7501060962677002,-0.07124931365251541,0.35256245732307434,0.6974052786827087,-8.21188184119137e-09,0.36896225810050964,0.6228253841400146,-0.010141207836568356,0.39021721482276917,0.5435472726821899,-0.024634839966893196,0.41091880202293396,0.4881370961666107,-0.039071597158908844,0.42595186829566956,0.4494730234146118,-0.051326021552085876,0.34407997131347656,0.5023277997970581,-0.04109354317188263,0.42328739166259766,0.48080307245254517,-0.0724136233329773,0.43578171730041504,0.5036672949790955,-0.08774124085903168,0.4188181161880493,0.5094289779663086,-0.0970972403883934,0.33921223878860474,0.5352447628974915,-0.0520174503326416,0.4419562518596649,0.5291761159896851,-0.08044563978910446,0.43906331062316895,0.5571572184562683,-0.08284939080476761,0.41126808524131775,0.5623173713684082,-0.08511333912611008,0.3459784984588623,0.5823695659637451,-0.06423807144165039,0.44283750653266907,0.5786688327789307,-0.08950868248939514,0.4301135540008545,0.6025640964508057,-0.08297740668058395,0.3998566269874573,0.6040348410606384,-0.07857667654752731,0.3610997498035431,0.6350985169410706,-0.07742727547883987,0.43481460213661194,0.6287095546722412,-0.09625007212162018,0.4213385581970215,0.6460621356964111,-0.09403035789728165,0.3913242816925049,0.6504449248313904,-0.09157471358776093
272,0.7061660885810852,0.7295321226119995,-3.380418434062449e-07,0.6666072010993958,0.6372405886650085,-0.012684646993875504,0.6401744484901428,0.5502597093582153,-0.027037041261792183,0.6159036755561829,0.483913391828537,-0.03842539340257645,0.6015145182609558,0.42830947041511536,-0.04674655944108963,0.7005350589752197,0.4845948815345764,-0.035559628158807755,0.6034395098686218,0.48989665508270264,-0.059402476996183395,0.6031398773193359,0.5289339423179626,-0.06723042577505112,0.6256750226020813,0.5387749671936035,-0.07078942656517029,0.7077169418334961,0.523578405380249,-0.03976426646113396,0.5932043790817261,0.5404639840126038,-0.06250044703483582,0.6019274592399597,0.572545051574707,-0.061439987272024155,0.6268745064735413,0.5736986994743347,-0.06166555732488632,0.7007547616958618,0.5738403797149658,-0.04508306458592415,0.5924651026725769,0.5893653035163879,-0.06625771522521973,0.6046455502510071,0.6171311736106873,-0.054036546498537064,0.6311619281768799,0.6146975755691528,-0.04621577262878418,0.6862350702285767,0.628548264503479,-0.05104540288448334,0.5975686311721802,0.6423224210739136,-0.07051005214452744,0.6076179146766663,0.6640777587890625,-0.06756807118654251,0.6318251490592957,0.6596638560295105,-0.06335674971342087,0.3612197935581207,0.7131763696670532,-1.532350779598346e-07,0.37570688128471375,0.6425707936286926,-0.013192849233746529,0.39595550298690796,0.5634350180625916,-0.030566221103072166,0.4159344732761383,0.5089598298072815,-0.04691498726606369,0.4247153103351593,0.4755724370479584,-0.060652125626802444,0.33177196979522705,0.5237448215484619,-0.05581554025411606,0.41783514618873596,0.5031693577766418,-0.09133584797382355,0.4300347566604614,0.5433691740036011,-0.10901078581809998,0.40869611501693726,0.5625473260879517,-0.11963043361902237,0.3272625803947449,0.5685765743255615,-0.06676991283893585,0.439119815826416,0.5621387958526611,-0.09691742062568665,0.43586960434913635,0.599319577217102,-0.10001598298549652,0.406640887260437,0.6099212169647217,-0.10380860418081284,0.33645352721214294,0.6261972784996033,-0.07827442139387131,0.44248634576797485,0.6212577223777771,-0.10416292399168015,0.4348272681236267,0.6544293761253357,-0.09549206495285034,0.40837976336479187,0.6632355451583862,-0.09047789126634598,0.35296380519866943,0.686187207698822,-0.09110037237405777,0.4371722340583801,0.6820473074913025,-0.1091616079211235,0.42927929759025574,0.7043427228927612,-0.10455236583948135,0.40400537848472595,0.710844099521637,-0.10121334344148636
273,0.7064164280891418,0.6898068189620972,-3.4108907698282565e-07,0.6774916052818298,0.6019433736801147,-0.007869383320212364,0.650357186794281,0.5142004489898682,-0.02160855382680893,0.6207263469696045,0.45116788148880005,-0.03370329365134239,0.603095293045044,0.41273531317710876,-0.04248213768005371,0.6958776116371155,0.44454866647720337,-0.03652796521782875,0.599708080291748,0.4495885372161865,-0.05515672266483307,0.5987645983695984,0.4976380467414856,-0.05658905953168869,0.6235975027084351,0.5103276371955872,-0.057039014995098114,0.7005903720855713,0.4904671311378479,-0.04519491642713547,0.5895628333091736,0.5049883127212524,-0.06383765488862991,0.5993868708610535,0.5456134080886841,-0.05730781704187393,0.6261531114578247,0.5505556464195251,-0.05395404249429703,0.6935495138168335,0.546698272228241,-0.054079774767160416,0.5890319347381592,0.5632203221321106,-0.0695682242512703,0.6019875407218933,0.5971884727478027,-0.054327283054590225,0.6299002170562744,0.59885573387146,-0.04585647210478783,0.6811299920082092,0.6063873767852783,-0.06380864232778549,0.5949727892875671,0.6186428070068359,-0.07853855937719345,0.6063814759254456,0.6394748091697693,-0.07414694875478745,0.6326967477798462,0.6388001441955566,-0.06981974840164185,0.35659125447273254,0.7008002400398254,-1.5658650909244898e-07,0.3846685588359833,0.6353351473808289,-0.019390080124139786,0.40538355708122253,0.5637913942337036,-0.03567725419998169,0.41915634274482727,0.5107914805412292,-0.04975980147719383,0.42093080282211304,0.4752063751220703,-0.061275336891412735,0.3291686177253723,0.5186134576797485,-0.04479591175913811,0.42602741718292236,0.5138502717018127,-0.07617971301078796,0.43102359771728516,0.5537518858909607,-0.094657301902771,0.4048880636692047,0.5644224882125854,-0.10719525068998337,0.32354438304901123,0.5678569078445435,-0.05026618391275406,0.4353538155555725,0.5676700472831726,-0.07853928208351135,0.42866969108581543,0.6027875542640686,-0.08548733592033386,0.40129950642585754,0.6092942953109741,-0.09243274480104446,0.33033761382102966,0.6240063905715942,-0.05724651366472244,0.43384748697280884,0.6241576671600342,-0.0823732390999794,0.4249759316444397,0.6510456800460815,-0.07839825004339218,0.4000985026359558,0.6553364396095276,-0.07617302983999252,0.3436726927757263,0.6781933903694153,-0.06607315689325333,0.42505261301994324,0.6783118844032288,-0.08352049440145493,0.41932442784309387,0.6945077776908875,-0.0823897272348404,0.3964313864707947,0.6992244720458984,-0.08131644874811172
274,0.704886794090271,0.7468796372413635,-4.830343982575869e-07,0.6714099645614624,0.6584389209747314,-0.010863031260669231,0.6365034580230713,0.5664023756980896,-0.02448568306863308,0.6051083207130432,0.5060297846794128,-0.036311469972133636,0.5935493111610413,0.4770857095718384,-0.04502096399664879,0.685450553894043,0.5156669616699219,-0.03401650860905647,0.5876097083091736,0.5335466861724854,-0.0571872778236866,0.5919713973999023,0.5796919465065002,-0.06387825310230255,0.6175880432128906,0.5838247537612915,-0.06713346391916275,0.6921855807304382,0.5655423402786255,-0.04149790480732918,0.5793234705924988,0.5926498770713806,-0.06349395215511322,0.5954433679580688,0.6254655718803406,-0.061498794704675674,0.623880922794342,0.6247270107269287,-0.0601058155298233,0.6878253817558289,0.6245782375335693,-0.049597397446632385,0.5829306244850159,0.6462756395339966,-0.06819666177034378,0.5996724963188171,0.6720752120018005,-0.055919814854860306,0.6283098459243774,0.6680258512496948,-0.04770064353942871,0.6766441464424133,0.686102032661438,-0.058611784130334854,0.5928471088409424,0.7045958638191223,-0.07369198650121689,0.6087853312492371,0.7199833393096924,-0.0684819221496582,0.6377640962600708,0.7155013084411621,-0.062489259988069534,0.3496755063533783,0.7231910824775696,-3.044168579435791e-07,0.3718627393245697,0.6146582365036011,-0.009620451368391514,0.3852421045303345,0.5262923240661621,-0.027893496677279472,0.3965164124965668,0.465264230966568,-0.04776908457279205,0.40891221165657043,0.43766480684280396,-0.06417487561702728,0.33063584566116333,0.4612407684326172,-0.03794494643807411,0.4115653336048126,0.4505344033241272,-0.06988255679607391,0.41559475660324097,0.4970036745071411,-0.08796381205320358,0.39824631810188293,0.5162495374679565,-0.10026069730520248,0.32396426796913147,0.5102096199989319,-0.05051172152161598,0.4281104803085327,0.5157675743103027,-0.07829492539167404,0.41788795590400696,0.5519911646842957,-0.08373013138771057,0.3914875090122223,0.562083899974823,-0.08965826779603958,0.32939741015434265,0.5706632733345032,-0.06442288309335709,0.43204283714294434,0.5806063413619995,-0.08797436952590942,0.4153456687927246,0.6057225465774536,-0.08433832228183746,0.387688547372818,0.6084625124931335,-0.08291168510913849,0.3425273895263672,0.6324514150619507,-0.0796784907579422,0.42578956484794617,0.6363024711608887,-0.09341304004192352,0.4135146141052246,0.651719331741333,-0.09103213250637054,0.38760897517204285,0.6522005796432495,-0.08987369388341904
275,0.6947141885757446,0.7296103239059448,-3.9288556763494853e-07,0.6674523949623108,0.6448264122009277,-0.012088802643120289,0.637989342212677,0.5568457245826721,-0.02621907740831375,0.6042666435241699,0.49470606446266174,-0.03828015923500061,0.5841852426528931,0.4670810401439667,-0.04714234173297882,0.6802000999450684,0.5020004510879517,-0.038162749260663986,0.5828965306282043,0.5028005838394165,-0.06331539154052734,0.5831196308135986,0.5496750473976135,-0.06792732328176498,0.6067435145378113,0.5627334117889404,-0.06861412525177002,0.6861858367919922,0.547531247138977,-0.044029973447322845,0.5750543475151062,0.5650238394737244,-0.06978736072778702,0.5870168209075928,0.6019756197929382,-0.06549456715583801,0.6137571334838867,0.6036556959152222,-0.061460744589567184,0.6801905632019043,0.6020580530166626,-0.05108727514743805,0.576930582523346,0.6183153986930847,-0.07395227253437042,0.5913910865783691,0.6485300064086914,-0.05986400693655014,0.6193773746490479,0.6480278968811035,-0.04908318817615509,0.6681402325630188,0.6592087149620056,-0.05896223708987236,0.583666980266571,0.6711059808731079,-0.07796011865139008,0.5948731899261475,0.691179633140564,-0.07421691715717316,0.6202921271324158,0.6901416778564453,-0.06862697750329971,0.3388800024986267,0.7327513098716736,-2.637164584484708e-07,0.3679737448692322,0.6378377676010132,-0.006455709226429462,0.38589972257614136,0.5474411249160767,-0.02047063410282135,0.39449357986450195,0.485118567943573,-0.036168355494737625,0.40246373414993286,0.4507395327091217,-0.048326361924409866,0.3186309039592743,0.4877309799194336,-0.031878381967544556,0.40377551317214966,0.46270036697387695,-0.06520416587591171,0.41793110966682434,0.5182633399963379,-0.08182115107774734,0.40048331022262573,0.5399451851844788,-0.09155969321727753,0.30908286571502686,0.528092086315155,-0.045854613184928894,0.4161071479320526,0.5172300338745117,-0.07372980564832687,0.41931289434432983,0.5690200328826904,-0.07750771194696426,0.3964943587779999,0.5793914198875427,-0.08046048879623413,0.313056081533432,0.584022045135498,-0.06116411089897156,0.4177583158016205,0.5789438486099243,-0.08751720935106277,0.4152301847934723,0.6223964095115662,-0.0804717093706131,0.3912118375301361,0.6293633580207825,-0.07484328001737595,0.32639580965042114,0.6450116634368896,-0.07712407410144806,0.4113709032535553,0.6365721821784973,-0.09194467961788177,0.41114071011543274,0.6654390692710876,-0.08510839939117432,0.39060088992118835,0.6724485158920288,-0.07941135764122009
276,0.6980844736099243,0.6871197819709778,-2.8734490342685604e-07,0.6616191267967224,0.5958513021469116,-0.008475752547383308,0.6335031986236572,0.5054816007614136,-0.022742656990885735,0.6035982966423035,0.4416466951370239,-0.03555702418088913,0.5806770920753479,0.4103732109069824,-0.0453728586435318,0.6779052019119263,0.44394874572753906,-0.03464771807193756,0.5750352144241333,0.4573284983634949,-0.05561719834804535,0.5811230540275574,0.503832221031189,-0.060270972549915314,0.6078852415084839,0.5099141001701355,-0.06270355731248856,0.683724045753479,0.4868166744709015,-0.04288136959075928,0.5683267712593079,0.5105636715888977,-0.06271284073591232,0.5839419960975647,0.5486326217651367,-0.057922132313251495,0.6110519170761108,0.5485228300094604,-0.055685993283987045,0.679002046585083,0.5429776906967163,-0.05166063830256462,0.57159823179245,0.5671318769454956,-0.06733451038599014,0.5878630876541138,0.5978260636329651,-0.05346415936946869,0.6163558959960938,0.5957435965538025,-0.04563990235328674,0.669033944606781,0.603913426399231,-0.061429087072610855,0.578929603099823,0.6245856285095215,-0.07472779601812363,0.5909484624862671,0.6408862471580505,-0.07091888785362244,0.6175965070724487,0.6349450945854187,-0.06730549037456512,0.3421478867530823,0.7714334726333618,-3.663190568659047e-07,0.3651205897331238,0.6812067627906799,-0.012146774679422379,0.3799748122692108,0.582446813583374,-0.024991212412714958,0.39059653878211975,0.5098046660423279,-0.03740455210208893,0.39923006296157837,0.4583393931388855,-0.045705076307058334,0.31050774455070496,0.5292811393737793,-0.041781287640333176,0.4058391749858856,0.5242473483085632,-0.07344299554824829,0.4123517870903015,0.5788620710372925,-0.08686555176973343,0.3870122730731964,0.5922706723213196,-0.09498802572488785,0.3010976016521454,0.5830685496330261,-0.052425503730773926,0.4149340093135834,0.5865905284881592,-0.0803980901837349,0.40918195247650146,0.6356463432312012,-0.08264034241437912,0.3828912079334259,0.6408547163009644,-0.08518633246421814,0.30687424540519714,0.6491833925247192,-0.06421508640050888,0.4170131981372833,0.6517494916915894,-0.0910223126411438,0.40865468978881836,0.6914167404174805,-0.08419390022754669,0.3845643103122711,0.6947335004806519,-0.07902457565069199,0.32092052698135376,0.7172026634216309,-0.07710027694702148,0.41288718581199646,0.7139034271240234,-0.09413553029298782,0.40594297647476196,0.7368068099021912,-0.09032410383224487,0.38152965903282166,0.7413417100906372,-0.08666858822107315
277,0.6981796026229858,0.699917197227478,-4.47986025164937e-07,0.6673578023910522,0.6144624352455139,-0.010262753814458847,0.6392544507980347,0.5276069641113281,-0.02610660158097744,0.6087881922721863,0.46463829278945923,-0.040525782853364944,0.5871401429176331,0.42186057567596436,-0.05160745233297348,0.6790626645088196,0.45632004737854004,-0.04267280921339989,0.5788202881813049,0.45844119787216187,-0.07028473913669586,0.5826449394226074,0.509655773639679,-0.07599278539419174,0.6090226769447327,0.5250533223152161,-0.07740169018507004,0.6866787075996399,0.500572919845581,-0.051227156072854996,0.5711288452148438,0.521289050579071,-0.07808787375688553,0.5869427919387817,0.56315678358078,-0.07364944368600845,0.6155622601509094,0.5661680102348328,-0.07018131762742996,0.6812865734100342,0.5572482347488403,-0.06069184094667435,0.5726736783981323,0.5799748301506042,-0.0834665447473526,0.5911334156990051,0.6154036521911621,-0.06852959096431732,0.6210203170776367,0.6145706176757812,-0.0585394948720932,0.6694261431694031,0.6179777383804321,-0.0709274560213089,0.5808152556419373,0.6373356580734253,-0.09042301028966904,0.5945595502853394,0.6587257385253906,-0.08649144321680069,0.621554434299469,0.6549341678619385,-0.08135013282299042,0.33273905515670776,0.7904447913169861,-3.9403968798978894e-07,0.3680244982242584,0.699555516242981,-0.008548617362976074,0.38500338792800903,0.6034992337226868,-0.018378395587205887,0.391169935464859,0.5356302857398987,-0.028712475672364235,0.39297839999198914,0.4788578748703003,-0.03515630587935448,0.3099305331707001,0.538769543170929,-0.02878173068165779,0.4111218750476837,0.5506702661514282,-0.061344731599092484,0.4099944233894348,0.6030744314193726,-0.07842063903808594,0.3773455023765564,0.6079809665679932,-0.08986781537532806,0.2946905493736267,0.58977210521698,-0.041016586124897,0.4139792025089264,0.6046792268753052,-0.07079994678497314,0.40511924028396606,0.6533069014549255,-0.07749010622501373,0.3766806721687317,0.6525235176086426,-0.08339667320251465,0.2961045205593109,0.6538906097412109,-0.054893359541893005,0.4107232689857483,0.6655119061470032,-0.08324871957302094,0.40272006392478943,0.7085318565368652,-0.0794619470834732,0.37664559483528137,0.7092881798744202,-0.076522596180439,0.30772730708122253,0.7217442989349365,-0.06992319971323013,0.40364009141921997,0.7272328734397888,-0.08962240815162659,0.3971095681190491,0.7532223463058472,-0.08986055105924606,0.3692830801010132,0.754413366317749,-0.08900631219148636
278,0.6963892579078674,0.7429826259613037,-5.099250870443939e-07,0.669630229473114,0.6558760404586792,-0.007550601381808519,0.6433446407318115,0.565277099609375,-0.019988568499684334,0.6111119985580444,0.5001810789108276,-0.03167889267206192,0.5935436487197876,0.4657798409461975,-0.040405213832855225,0.6822623014450073,0.5029276609420776,-0.03385945037007332,0.5888383984565735,0.5030651688575745,-0.05629074200987816,0.5893195867538452,0.5503765940666199,-0.060222260653972626,0.6119221448898315,0.5627033114433289,-0.06130604445934296,0.6886935830116272,0.5473434329032898,-0.0428026020526886,0.578660249710083,0.5656630396842957,-0.06579869985580444,0.5916164517402649,0.6036861538887024,-0.06179424002766609,0.6180855631828308,0.6070670485496521,-0.0584443174302578,0.683413565158844,0.6047728061676025,-0.05216140300035477,0.5787574648857117,0.6262363195419312,-0.07215853035449982,0.5950145721435547,0.6581868529319763,-0.059101421386003494,0.6245536208152771,0.6565636992454529,-0.05008774623274803,0.671948254108429,0.6670966744422913,-0.06207765266299248,0.5855032801628113,0.6886754035949707,-0.0780077800154686,0.59991055727005,0.7077571153640747,-0.07349460572004318,0.6278730630874634,0.7038649320602417,-0.06822310388088226,0.3221856355667114,0.7667514085769653,-3.0442814136222296e-07,0.35415834188461304,0.6722211837768555,-0.0067223752848804,0.37308990955352783,0.5785101056098938,-0.01718265563249588,0.383083701133728,0.5125191807746887,-0.029017090797424316,0.3975943326950073,0.46122854948043823,-0.03717738017439842,0.3101942539215088,0.5068566203117371,-0.024595899507403374,0.41291025280952454,0.5142028331756592,-0.05352149158716202,0.40801310539245605,0.5633820295333862,-0.07030332833528519,0.3771831691265106,0.5684939026832581,-0.08209091424942017,0.29960155487060547,0.5589049458503723,-0.03684159740805626,0.4203101098537445,0.5723269581794739,-0.06181376054883003,0.40410956740379333,0.6168617606163025,-0.06712464988231659,0.3774270713329315,0.6179553270339966,-0.07265288382768631,0.3028276860713959,0.6225095987319946,-0.050535548478364944,0.4181779623031616,0.6337874531745911,-0.07200703769922256,0.40007105469703674,0.6683659553527832,-0.06783147901296616,0.3742515444755554,0.6684391498565674,-0.06579963862895966,0.3139842748641968,0.6889845728874207,-0.06567324697971344,0.4081084132194519,0.6904186606407166,-0.0783853754401207,0.39386674761772156,0.7099285125732422,-0.0769885778427124,0.3657324016094208,0.7121114134788513,-0.07597554475069046
279,0.6883272528648376,0.7618696689605713,-3.43675822023215e-07,0.660935640335083,0.6599206328392029,-0.013718508183956146,0.633173942565918,0.5582174062728882,-0.029979335144162178,0.6008706092834473,0.4972003698348999,-0.04381556063890457,0.5767424702644348,0.5026944279670715,-0.05544380843639374,0.6852717399597168,0.5338801145553589,-0.04562442749738693,0.5817985534667969,0.5414817929267883,-0.06942934542894363,0.584230899810791,0.5860422253608704,-0.0732559934258461,0.6095412373542786,0.5925610661506653,-0.074518583714962,0.6897996664047241,0.5896165370941162,-0.05292186886072159,0.5748364329338074,0.6000868082046509,-0.07794426381587982,0.5857632160186768,0.6345846652984619,-0.07307247817516327,0.6135991215705872,0.6375235319137573,-0.06940519064664841,0.681613028049469,0.6501321196556091,-0.06076571345329285,0.5736236572265625,0.6585299968719482,-0.08120013028383255,0.5866445899009705,0.6853251457214355,-0.06799303740262985,0.6164098978042603,0.685041606426239,-0.0586024634540081,0.6669448614120483,0.7090292572975159,-0.06971339136362076,0.5788332223892212,0.7168769836425781,-0.08354496955871582,0.5890687108039856,0.7294937372207642,-0.07890156656503677,0.615680992603302,0.7242991924285889,-0.07451456785202026,0.3316713571548462,0.7170565724372864,-3.6891651689074934e-07,0.3555595576763153,0.632820188999176,-0.015697283670306206,0.37582680583000183,0.5430181622505188,-0.03284703567624092,0.3936479091644287,0.4780176281929016,-0.049985285848379135,0.40863287448883057,0.43540114164352417,-0.06267637759447098,0.32035741209983826,0.47192516922950745,-0.04335533455014229,0.4144640266895294,0.48103976249694824,-0.07959301024675369,0.4170020520687103,0.5325944423675537,-0.09671530872583389,0.3973308205604553,0.5439419150352478,-0.10670842975378036,0.30983054637908936,0.5232639312744141,-0.053636204451322556,0.4224254786968231,0.5426524877548218,-0.08703026175498962,0.41128286719322205,0.5868126749992371,-0.09147411584854126,0.3851909041404724,0.590888261795044,-0.09435608237981796,0.31128689646720886,0.5870980620384216,-0.06605659425258636,0.4179591238498688,0.6070112586021423,-0.09619830548763275,0.40369901061058044,0.6412359476089478,-0.0918053537607193,0.377673864364624,0.639306366443634,-0.08724411576986313,0.32057899236679077,0.6528047919273376,-0.0799245536327362,0.4072345495223999,0.6641703844070435,-0.09763748198747635,0.396914541721344,0.6827038526535034,-0.09537819027900696,0.3721999526023865,0.679510235786438,-0.09294916689395905
280,0.6834807395935059,0.7476053237915039,-3.6558751048687554e-07,0.6533503532409668,0.6500710844993591,-0.010214230976998806,0.6219332218170166,0.5599650144577026,-0.02480187453329563,0.5867851972579956,0.5007665753364563,-0.03837252035737038,0.5604984760284424,0.47637641429901123,-0.04838952422142029,0.6698797345161438,0.5072615742683411,-0.0320461131632328,0.5670864582061768,0.5067650079727173,-0.06018313765525818,0.5748961567878723,0.5564610362052917,-0.07048975676298141,0.6032318472862244,0.5651844143867493,-0.07531731575727463,0.6738089323043823,0.5566558241844177,-0.040976978838443756,0.5592484474182129,0.569277822971344,-0.0676456019282341,0.5771245360374451,0.6061240434646606,-0.0666264146566391,0.6061660051345825,0.6079580783843994,-0.06526407599449158,0.6669521927833557,0.6149662137031555,-0.051462892442941666,0.5629062652587891,0.6284616589546204,-0.07366712391376495,0.580791711807251,0.6569640636444092,-0.061007577925920486,0.6104027628898621,0.6559211611747742,-0.05147217959165573,0.6555087566375732,0.67538982629776,-0.06298921257257462,0.5716666579246521,0.6834081411361694,-0.07909953594207764,0.5874403715133667,0.6998802423477173,-0.07378944754600525,0.6161822080612183,0.6977320909500122,-0.06754721701145172,0.30756694078445435,0.7354180812835693,-3.3034999091796635e-07,0.3396669626235962,0.6454060673713684,-0.01226496510207653,0.3639097511768341,0.5492514967918396,-0.025509297847747803,0.37819889187812805,0.48649007081985474,-0.03936178609728813,0.3980911374092102,0.45312198996543884,-0.04877668619155884,0.3047129511833191,0.48306238651275635,-0.03041188046336174,0.4061276614665985,0.4871838092803955,-0.06460202485322952,0.404487669467926,0.5408166646957397,-0.08201033622026443,0.3747101128101349,0.5470001101493835,-0.09330389648675919,0.29538580775260925,0.5301143527030945,-0.042025741189718246,0.4131762385368347,0.5434257984161377,-0.07352741062641144,0.39967453479766846,0.5922475457191467,-0.07788355648517609,0.370162695646286,0.5926470756530762,-0.08077312260866165,0.29890576004981995,0.5905835032463074,-0.05625448003411293,0.4106438457965851,0.6035192608833313,-0.08392473310232162,0.3968428671360016,0.6428599953651428,-0.07868825644254684,0.3708670139312744,0.6420435309410095,-0.07402276992797852,0.31151509284973145,0.6554210186004639,-0.07224418222904205,0.4042496979236603,0.6566939353942871,-0.08814866840839386,0.39045268297195435,0.6811297535896301,-0.08612357079982758,0.3620187044143677,0.6836878657341003,-0.08403330296278
281,0.6750147342681885,0.6992485523223877,-3.064186273604719e-07,0.6341050863265991,0.6044542789459229,-0.00572718633338809,0.604047417640686,0.5196892619132996,-0.020341642200946808,0.5728887915611267,0.4584130644798279,-0.03404628857970238,0.5537112355232239,0.4263831377029419,-0.0438232347369194,0.6513332724571228,0.44498464465141296,-0.031383782625198364,0.5504734516143799,0.4579719305038452,-0.05019918456673622,0.5563313961029053,0.5074676275253296,-0.05213295668363571,0.5843442678451538,0.5170246362686157,-0.05291064828634262,0.661462664604187,0.48612940311431885,-0.04165208712220192,0.5470666289329529,0.5129122734069824,-0.059541087597608566,0.5629633665084839,0.5520516037940979,-0.053617414087057114,0.5905941128730774,0.5522021651268005,-0.050645437091588974,0.6592368483543396,0.541735053062439,-0.05225341022014618,0.5529801845550537,0.5708552598953247,-0.06729163974523544,0.5704472064971924,0.603463888168335,-0.05328292399644852,0.5992575883865356,0.5995678901672363,-0.04552888870239258,0.6514388918876648,0.6031792163848877,-0.06355136632919312,0.563946545124054,0.6285836100578308,-0.07719146460294724,0.576448917388916,0.647249698638916,-0.07326079159975052,0.6018452644348145,0.6419232487678528,-0.06942594796419144,0.3003503680229187,0.7597463130950928,-2.955833622309001e-07,0.3238629400730133,0.6733176112174988,-0.009767517447471619,0.3428287208080292,0.5751485824584961,-0.022098002955317497,0.3555386960506439,0.5060988068580627,-0.0347137488424778,0.36445894837379456,0.45899060368537903,-0.042686622589826584,0.28297388553619385,0.5191426873207092,-0.0398993082344532,0.3810531497001648,0.5123084187507629,-0.07061688601970673,0.38530683517456055,0.5677704215049744,-0.08072338253259659,0.3629794716835022,0.5816810131072998,-0.086452417075634,0.27681753039360046,0.5694079399108887,-0.0515669584274292,0.39164385199546814,0.5745464563369751,-0.08128953725099564,0.384448766708374,0.6216688752174377,-0.08257392048835754,0.3608989417552948,0.6255092620849609,-0.08397942781448364,0.284668892621994,0.6326572895050049,-0.06420733779668808,0.39289504289627075,0.6372027397155762,-0.09106417000293732,0.3821040689945221,0.6763092875480652,-0.08358094841241837,0.35867905616760254,0.677710771560669,-0.07798316329717636,0.3014601171016693,0.6972085237503052,-0.07768695056438446,0.39201927185058594,0.6969481110572815,-0.09348610043525696,0.3820248246192932,0.7214411497116089,-0.08976700901985168,0.3559668958187103,0.7243047952651978,-0.08667658269405365
282,0.6713616251945496,0.6808364987373352,-3.8573895722038287e-07,0.6360793709754944,0.5943649411201477,-0.008990251459181309,0.604769766330719,0.5097857713699341,-0.023689841851592064,0.5707482099533081,0.44946855306625366,-0.037379972636699677,0.5562738180160522,0.4279671907424927,-0.046954311430454254,0.6513017416000366,0.43843233585357666,-0.032585520297288895,0.5506988763809204,0.458243191242218,-0.057039011269807816,0.5552182197570801,0.5071558356285095,-0.06152167171239853,0.5822879672050476,0.5118822455406189,-0.06227697432041168,0.66034996509552,0.4836848974227905,-0.04125694930553436,0.548395037651062,0.5181111097335815,-0.06625974923372269,0.5614831447601318,0.5566297769546509,-0.061388906091451645,0.588243305683136,0.5550755858421326,-0.05669079348444939,0.6572948098182678,0.5397555828094482,-0.05114844813942909,0.5529948472976685,0.5729779601097107,-0.07223742455244064,0.5680990815162659,0.6038274168968201,-0.05791040137410164,0.5957286953926086,0.5999487638473511,-0.0469987578690052,0.6490690112113953,0.5990530848503113,-0.06207110360264778,0.5641045570373535,0.6259459257125854,-0.07672438025474548,0.5759621858596802,0.645186722278595,-0.07208330929279327,0.6013503670692444,0.6405161619186401,-0.06634010374546051,0.29422727227211,0.762136697769165,-3.013458353962051e-07,0.32090142369270325,0.6734600067138672,-0.012166500091552734,0.341625452041626,0.5742070078849792,-0.025040702894330025,0.35366934537887573,0.5055226683616638,-0.03748719021677971,0.36070314049720764,0.464529812335968,-0.04509150981903076,0.2798421382904053,0.5162101984024048,-0.040134329348802567,0.3864578604698181,0.5180566310882568,-0.07381746917963028,0.3855246305465698,0.5714682340621948,-0.08696537464857101,0.3564118444919586,0.5787005424499512,-0.09475621581077576,0.2719300389289856,0.5708798766136169,-0.051005538552999496,0.39635780453681946,0.5789315700531006,-0.08433692157268524,0.3828994631767273,0.6270262002944946,-0.08650634437799454,0.3573675751686096,0.6286817193031311,-0.08781196922063828,0.2790519893169403,0.6359054446220398,-0.06344497948884964,0.39661094546318054,0.6421144604682922,-0.09205137193202972,0.380376935005188,0.6804640293121338,-0.08469782024621964,0.3558269441127777,0.6798129677772522,-0.07874191552400589,0.2951873242855072,0.701608419418335,-0.07733074575662613,0.39279264211654663,0.6970305442810059,-0.09484415501356125,0.37741968035697937,0.7207626104354858,-0.09290029108524323,0.34795698523521423,0.723569393157959,-0.09070267528295517
283,0.6752548813819885,0.6827355623245239,-3.8499644006151357e-07,0.6407666802406311,0.6001571416854858,-0.009989910759031773,0.6116825938224792,0.5118111371994019,-0.025470586493611336,0.5815137028694153,0.45078861713409424,-0.03912581875920296,0.5614619255065918,0.4274420142173767,-0.049256954342126846,0.6589093208312988,0.44204142689704895,-0.04181525483727455,0.5596163272857666,0.456066757440567,-0.06688106060028076,0.5671926140785217,0.5064154863357544,-0.07143642008304596,0.5951515436172485,0.5147051811218262,-0.07295884937047958,0.6708406805992126,0.48905694484710693,-0.05099231004714966,0.5572320222854614,0.5153694748878479,-0.07613176852464676,0.5754973888397217,0.5552148222923279,-0.07125250995159149,0.6047613620758057,0.5550379157066345,-0.06741708517074585,0.6696354746818542,0.547913134098053,-0.060798171907663345,0.5630207061767578,0.5756118893623352,-0.08133409917354584,0.5830650925636292,0.607282280921936,-0.06628566235303879,0.6133691072463989,0.6025111079216003,-0.05604350566864014,0.6615539789199829,0.6098229289054871,-0.07145269960165024,0.5730336904525757,0.628670334815979,-0.0872652679681778,0.5875503420829773,0.6484596729278564,-0.08158281445503235,0.6150384545326233,0.6440820693969727,-0.07566200941801071,0.2964131534099579,0.7172719240188599,-3.5728291436498694e-07,0.317404180765152,0.6303061246871948,-0.015459981746971607,0.34168726205825806,0.5378090143203735,-0.030454425141215324,0.36262983083724976,0.4750656485557556,-0.04505851864814758,0.3845776319503784,0.43858352303504944,-0.05577423423528671,0.28929823637008667,0.5015889406204224,-0.04092914238572121,0.39304518699645996,0.5069124698638916,-0.07033279538154602,0.3931668996810913,0.5568314790725708,-0.08321192115545273,0.37004217505455017,0.5705544948577881,-0.09081865847110748,0.2812894880771637,0.559869647026062,-0.04904579371213913,0.40037205815315247,0.571879506111145,-0.07422173023223877,0.38857871294021606,0.6143925786018372,-0.07553895562887192,0.3624878525733948,0.6241499185562134,-0.07773695886135101,0.28771868348121643,0.623840868473053,-0.05877776816487312,0.39916613698005676,0.634713888168335,-0.07974746823310852,0.386238157749176,0.6665946841239929,-0.07243812829256058,0.3602544069290161,0.6697387099266052,-0.06803784519433975,0.3018070161342621,0.6837766170501709,-0.07024312764406204,0.38929393887519836,0.6949864625930786,-0.08001463860273361,0.38018834590911865,0.7133826017379761,-0.07395193725824356,0.3559534251689911,0.7139275074005127,-0.07052509486675262
284,0.6728883981704712,0.7318028807640076,-4.62134607914777e-07,0.6463291049003601,0.6376631855964661,-0.011446318589150906,0.6228550672531128,0.5418696999549866,-0.02707001380622387,0.5951760411262512,0.4817439615726471,-0.040705110877752304,0.5713219046592712,0.4751383066177368,-0.05169018730521202,0.6783244013786316,0.5021361112594604,-0.04051379859447479,0.578211784362793,0.5142850875854492,-0.06517214328050613,0.5817384719848633,0.5610024333000183,-0.07084834575653076,0.6074702143669128,0.5646368861198425,-0.07286945730447769,0.6862013936042786,0.5541443824768066,-0.04852638766169548,0.5719935894012451,0.5722097158432007,-0.07199843972921371,0.5854625701904297,0.6087279319763184,-0.06744861602783203,0.6115558743476868,0.6069647073745728,-0.06374624371528625,0.6813244223594666,0.6131986379623413,-0.05711500719189644,0.5715452432632446,0.6287391185760498,-0.07619187235832214,0.586364209651947,0.6575247049331665,-0.06234431639313698,0.61476069688797,0.6554703116416931,-0.05256547033786774,0.6693680286407471,0.6728429198265076,-0.06677135080099106,0.5766769647598267,0.6828767657279968,-0.07916516065597534,0.5867660045623779,0.698769211769104,-0.07227480411529541,0.6130498051643372,0.6951634287834167,-0.06594189256429672,0.29858624935150146,0.7179818153381348,-3.000381525453122e-07,0.32383260130882263,0.6336349844932556,-0.010141684673726559,0.35569843649864197,0.5421886444091797,-0.02520173229277134,0.3811759352684021,0.48032042384147644,-0.040321458131074905,0.39860278367996216,0.4513866603374481,-0.05194444954395294,0.3117615580558777,0.4796300232410431,-0.039549026638269424,0.4088565409183502,0.48386263847351074,-0.07304137945175171,0.41671308875083923,0.5375685691833496,-0.08753994107246399,0.3948993682861328,0.5517295598983765,-0.09601348638534546,0.3024366796016693,0.5273061394691467,-0.05154713988304138,0.4158210754394531,0.5387645363807678,-0.08187299221754074,0.41527101397514343,0.589697539806366,-0.08458757400512695,0.39226722717285156,0.595175564289093,-0.0862218588590622,0.30534836649894714,0.587474524974823,-0.06491920351982117,0.4143620729446411,0.5996888875961304,-0.09242623299360275,0.41050708293914795,0.6395242810249329,-0.08656670153141022,0.3861995041370392,0.6420658826828003,-0.08129240572452545,0.3185403347015381,0.6509213447570801,-0.07915013283491135,0.4076407551765442,0.6559973955154419,-0.0942499041557312,0.4009498357772827,0.6815117597579956,-0.09045889973640442,0.37473905086517334,0.6843799948692322,-0.08717690408229828
285,0.6776320934295654,0.7389140129089355,-3.750193400264834e-07,0.647178590297699,0.6425608992576599,-0.01128777302801609,0.6248988509178162,0.5421130061149597,-0.025670289993286133,0.5999253392219543,0.4783310890197754,-0.03778543323278427,0.5755020380020142,0.4663999080657959,-0.046854168176651,0.6802157759666443,0.5056328177452087,-0.041607946157455444,0.579632580280304,0.5068122744560242,-0.0660729929804802,0.5811432600021362,0.5570944547653198,-0.07186859101057053,0.6071318984031677,0.5659781694412231,-0.07446318119764328,0.6865944266319275,0.5578935146331787,-0.04973485693335533,0.5717769861221313,0.5679588913917542,-0.07235033810138702,0.5829929113388062,0.6073734760284424,-0.06728456169366837,0.6107074022293091,0.6100655794143677,-0.06390872597694397,0.6787636280059814,0.6178639531135559,-0.05857473611831665,0.5714132189750671,0.6257919669151306,-0.07637228816747665,0.5835654139518738,0.6571126580238342,-0.06321051716804504,0.6127705574035645,0.6575750708580017,-0.054711829870939255,0.6650034189224243,0.6771088242530823,-0.068452849984169,0.5757413506507874,0.6852538585662842,-0.08098311722278595,0.5842007398605347,0.702968418598175,-0.07630612701177597,0.6097973585128784,0.7005433440208435,-0.07196953147649765,0.3011341392993927,0.7109799385070801,-1.6129779112361575e-07,0.3192431926727295,0.6233946681022644,-0.014830177649855614,0.3519372344017029,0.5332443118095398,-0.03369344770908356,0.388114869594574,0.473423033952713,-0.05179133266210556,0.41646552085876465,0.451247900724411,-0.06600914895534515,0.3083462119102478,0.4775538146495819,-0.046705394983291626,0.411141961812973,0.4824713170528412,-0.08222982287406921,0.4139394462108612,0.5353516340255737,-0.09735585749149323,0.38803595304489136,0.5460346937179565,-0.10601718723773956,0.30218976736068726,0.5274444222450256,-0.05742155760526657,0.4172019362449646,0.540185809135437,-0.09005849808454514,0.4131971597671509,0.590175449848175,-0.09216811507940292,0.38758033514022827,0.5937808752059937,-0.09288014471530914,0.30721747875213623,0.5877567529678345,-0.06968384981155396,0.41536667943000793,0.598179817199707,-0.09855125099420547,0.406981498003006,0.6384787559509277,-0.09021148085594177,0.38024747371673584,0.638698935508728,-0.08273395895957947,0.32148241996765137,0.650306224822998,-0.08311640471220016,0.4069673418998718,0.6523299813270569,-0.09859304130077362,0.3981124460697174,0.6795179843902588,-0.09201277047395706,0.37237828969955444,0.6817834377288818,-0.08632417768239975
286,0.6648281216621399,0.7102906703948975,-3.699230717302271e-07,0.6321280002593994,0.6187049150466919,-0.011029371060431004,0.6068116426467896,0.53184574842453,-0.02758793719112873,0.5799909234046936,0.47251877188682556,-0.042167313396930695,0.5574747323989868,0.43707066774368286,-0.053263481706380844,0.6638868451118469,0.4662948250770569,-0.04428775981068611,0.5624479055404663,0.46520280838012695,-0.0686211884021759,0.5610778331756592,0.5138556957244873,-0.07265263050794601,0.5867700576782227,0.5288013815879822,-0.07308658212423325,0.6748232245445251,0.5162309408187866,-0.05200832709670067,0.5593903660774231,0.5324347019195557,-0.07545334845781326,0.5721535086631775,0.5698053240776062,-0.0709865540266037,0.600842297077179,0.5748525261878967,-0.06796596944332123,0.671542763710022,0.5749813914299011,-0.06008753180503845,0.563554048538208,0.5899041891098022,-0.07961232960224152,0.5793497562408447,0.618598997592926,-0.06654731184244156,0.608407199382782,0.6201798915863037,-0.05797022581100464,0.6607577800750732,0.6357853412628174,-0.0688682422041893,0.5743454098701477,0.6401941776275635,-0.08460153639316559,0.584441065788269,0.658178448677063,-0.07953406125307083,0.6100236177444458,0.659931480884552,-0.07377707213163376,0.2932068705558777,0.7253455519676208,-2.602000961360318e-07,0.3099556267261505,0.6492146253585815,-0.013795343227684498,0.34154659509658813,0.5662656426429749,-0.031860437244176865,0.37535029649734497,0.5077781677246094,-0.048849817365407944,0.3994041085243225,0.4689992070198059,-0.06295281648635864,0.2969478666782379,0.510466456413269,-0.055606160312891006,0.3986489176750183,0.5126705169677734,-0.08980806171894073,0.40322354435920715,0.5640422701835632,-0.1052512601017952,0.3785896897315979,0.5788583755493164,-0.11397088319063187,0.2919119596481323,0.5646035075187683,-0.06563358008861542,0.4092101752758026,0.5738806128501892,-0.09443482011556625,0.40315333008766174,0.6173005700111389,-0.09534826129674911,0.3773144781589508,0.6266190409660339,-0.0970829576253891,0.2987841069698334,0.6279222369194031,-0.07620719820261002,0.40909579396247864,0.6327930688858032,-0.10089559108018875,0.39861488342285156,0.6679351925849915,-0.09154047071933746,0.3734855651855469,0.675673246383667,-0.08528295159339905,0.313566654920578,0.6913241744041443,-0.08784940093755722,0.40249165892601013,0.6887644529342651,-0.10174493491649628,0.39250004291534424,0.7108477354049683,-0.09489907324314117,0.36770012974739075,0.7176189422607422,-0.09001093357801437
287,0.6657092571258545,0.6750873923301697,-3.4315920061089855e-07,0.6254031658172607,0.5831320881843567,-0.009599851444363594,0.6025239825248718,0.49231016635894775,-0.025995245203375816,0.5758252143859863,0.42624467611312866,-0.03994811698794365,0.5458534955978394,0.4034179151058197,-0.05063948035240173,0.6572345495223999,0.4287804365158081,-0.0442592054605484,0.5601653456687927,0.4402254819869995,-0.0628240555524826,0.5595957636833191,0.48920002579689026,-0.0632205381989479,0.5841219425201416,0.4997212886810303,-0.06293516606092453,0.6683645248413086,0.47363659739494324,-0.053063128143548965,0.5578169226646423,0.49920156598091125,-0.0693231076002121,0.567169725894928,0.5401754379272461,-0.06083423271775246,0.5934018492698669,0.545431911945343,-0.05676046758890152,0.6670001149177551,0.5319397449493408,-0.06160743162035942,0.5636211037635803,0.5584638118743896,-0.07417910546064377,0.5744435787200928,0.5894750356674194,-0.05899757146835327,0.6006430983543396,0.5899554491043091,-0.051540691405534744,0.6590185761451721,0.592643678188324,-0.07107044011354446,0.5736256241798401,0.6136006116867065,-0.0808277353644371,0.5815010070800781,0.6314772367477417,-0.07449651509523392,0.6053679585456848,0.6285713315010071,-0.07013997435569763,0.28220146894454956,0.7405873537063599,-2.347989465079081e-07,0.3042825758457184,0.660970151424408,-0.02035948447883129,0.3445620834827423,0.5739864706993103,-0.04008360952138901,0.37983617186546326,0.5160950422286987,-0.05774066597223282,0.3991652727127075,0.4958852529525757,-0.07211967557668686,0.31613099575042725,0.5360991358757019,-0.0575970895588398,0.423586905002594,0.5498175621032715,-0.09410025179386139,0.41803476214408875,0.5991123914718628,-0.10930801928043365,0.38769349455833435,0.6072818040847778,-0.11824217438697815,0.3119095265865326,0.5942794680595398,-0.06619580090045929,0.43243175745010376,0.6066845059394836,-0.09940542280673981,0.41620761156082153,0.6517702341079712,-0.10107385367155075,0.38833919167518616,0.6569489240646362,-0.10217677801847458,0.3161565959453583,0.6598053574562073,-0.0760425478219986,0.42644941806793213,0.6672645807266235,-0.10327323526144028,0.40838634967803955,0.7019374370574951,-0.09321477264165878,0.3825782537460327,0.7053338289260864,-0.08548254519701004,0.3273538649082184,0.7242403626441956,-0.0878472551703453,0.41345083713531494,0.7289068698883057,-0.10283022373914719,0.3966677784919739,0.748572826385498,-0.09619992226362228,0.3680853247642517,0.7515716552734375,-0.09117360413074493
288,0.6614052057266235,0.7051016092300415,-4.960339765602839e-07,0.63315349817276,0.6188638210296631,-0.01016201265156269,0.606911838054657,0.5354126691818237,-0.024062523618340492,0.5809603333473206,0.4790312349796295,-0.036564912647008896,0.559477686882019,0.4354003369808197,-0.04588941112160683,0.6601092219352722,0.4650852382183075,-0.038893964141607285,0.5659358501434326,0.4705524444580078,-0.06530356407165527,0.566750168800354,0.5189154148101807,-0.073977991938591,0.5906257033348083,0.5319874882698059,-0.07766906172037125,0.6696138978004456,0.5120561122894287,-0.04697054252028465,0.5604075193405151,0.530391275882721,-0.07158402353525162,0.5744286775588989,0.5672553181648254,-0.06952142715454102,0.6017769575119019,0.5712860822677612,-0.06767334043979645,0.6667596101760864,0.5691710114479065,-0.055923931300640106,0.5637430548667908,0.5883714556694031,-0.07766924798488617,0.581046462059021,0.617857813835144,-0.06622470170259476,0.6105931401252747,0.616609513759613,-0.0580754354596138,0.6575315594673157,0.6293100118637085,-0.06551109254360199,0.5733287334442139,0.6418167352676392,-0.08318872004747391,0.5855417251586914,0.661080539226532,-0.078565314412117,0.6116109490394592,0.6614708304405212,-0.07274621725082397,0.3050413727760315,0.7484147548675537,-1.1792336351845734e-07,0.3098374009132385,0.6699103116989136,-0.0033940954599529505,0.33655479550361633,0.5917355418205261,-0.020495587959885597,0.3685091733932495,0.5418239235877991,-0.03893855959177017,0.38915783166885376,0.5205375552177429,-0.05493127554655075,0.3187515139579773,0.5385058522224426,-0.043720416724681854,0.4098333716392517,0.5282917618751526,-0.0768241211771965,0.41077882051467896,0.5665575265884399,-0.09344065934419632,0.38620349764823914,0.5793327689170837,-0.10247529298067093,0.3176957964897156,0.5797873139381409,-0.05843932554125786,0.4238145351409912,0.5814304351806641,-0.08368739485740662,0.4156906008720398,0.6142386794090271,-0.0837191492319107,0.386776864528656,0.6213964223861694,-0.084770567715168,0.3242015242576599,0.6326360702514648,-0.07345697283744812,0.42274582386016846,0.6343573331832886,-0.09246263653039932,0.41043034195899963,0.662993848323822,-0.08030911535024643,0.38292166590690613,0.6672154664993286,-0.07315462082624435,0.3358641266822815,0.690712034702301,-0.08906122297048569,0.4152112901210785,0.6862887740135193,-0.09734076261520386,0.40521150827407837,0.7078543901443481,-0.08625547587871552,0.38096603751182556,0.7131344079971313,-0.07925458252429962
289,0.6514232158660889,0.7388034462928772,-4.398385726744891e-07,0.6153391599655151,0.644307017326355,-0.015250422060489655,0.5896409749984741,0.5549726486206055,-0.03296877443790436,0.5667846202850342,0.5000252723693848,-0.048172153532505035,0.5548467040061951,0.4908255934715271,-0.05993511900305748,0.6621209979057312,0.5114793181419373,-0.04379080981016159,0.5636562705039978,0.5282688140869141,-0.06909776479005814,0.5642672777175903,0.5779651403427124,-0.07547815889120102,0.5900365114212036,0.5838221907615662,-0.07852853834629059,0.6706371903419495,0.567471981048584,-0.051590465009212494,0.5561187267303467,0.588901937007904,-0.0762372836470604,0.5653759241104126,0.6250686049461365,-0.0728205069899559,0.5915966033935547,0.6260556578636169,-0.07022185623645782,0.6644629836082458,0.6298535466194153,-0.060399483889341354,0.5567340850830078,0.6490718126296997,-0.08079266548156738,0.5681792497634888,0.6755421757698059,-0.06764007359743118,0.5957759022712708,0.673198938369751,-0.05832219123840332,0.6521322727203369,0.6906365752220154,-0.07066214829683304,0.5639911890029907,0.7050628662109375,-0.08410798758268356,0.5723955035209656,0.7194257378578186,-0.07793767750263214,0.5978959798812866,0.713830828666687,-0.0720488652586937,0.3002343773841858,0.7145483493804932,-8.282850672003406e-08,0.3103766143321991,0.6355009078979492,-0.011877990327775478,0.3380647599697113,0.5506810545921326,-0.027168409898877144,0.3590187728404999,0.4883415699005127,-0.04129941761493683,0.3604719340801239,0.4418413043022156,-0.051997553557157516,0.3156924545764923,0.4844769239425659,-0.04655403643846512,0.41406315565109253,0.48602718114852905,-0.07828527688980103,0.41595497727394104,0.5303031206130981,-0.08996520191431046,0.39127421379089355,0.5385116338729858,-0.09605635702610016,0.3104683458805084,0.5214496850967407,-0.055806197226047516,0.4247203767299652,0.5305485725402832,-0.08305300772190094,0.41784191131591797,0.5739185214042664,-0.08227802813053131,0.3907727003097534,0.579479455947876,-0.0816425085067749,0.3150401711463928,0.5758861303329468,-0.065962053835392,0.4235256612300873,0.5840941667556763,-0.0902383029460907,0.4123583436012268,0.6221036911010742,-0.08105816692113876,0.3846186101436615,0.6251435279846191,-0.07384397834539413,0.327358603477478,0.6364461183547974,-0.07688252627849579,0.4132535457611084,0.638857364654541,-0.09141025692224503,0.4026491940021515,0.6628100872039795,-0.08608045428991318,0.37582048773765564,0.666080117225647,-0.08133533596992493
290,0.6557316780090332,0.7119072079658508,-3.126876322312455e-07,0.6218518018722534,0.6276251077651978,-0.010609384626150131,0.5961832404136658,0.5444197058677673,-0.025337645784020424,0.5699405074119568,0.4874982535839081,-0.038061704486608505,0.5446214079856873,0.45917272567749023,-0.04745546728372574,0.6512809991836548,0.47735780477523804,-0.035868898034095764,0.5563651323318481,0.4855898916721344,-0.057266611605882645,0.5558953285217285,0.5335050821304321,-0.062316253781318665,0.581278383731842,0.5472160577774048,-0.06424324214458466,0.6624748110771179,0.5239031910896301,-0.04267418757081032,0.5538486242294312,0.5435754060745239,-0.061369072645902634,0.5632195472717285,0.5810718536376953,-0.057581424713134766,0.5888952016830444,0.5874713659286499,-0.05541234090924263,0.6591259241104126,0.5816684365272522,-0.050187576562166214,0.5566511154174805,0.6004202961921692,-0.06759286671876907,0.567866325378418,0.6296111941337585,-0.05726485326886177,0.5944153070449829,0.6328918933868408,-0.050437163561582565,0.6480153203010559,0.6413137316703796,-0.05829892307519913,0.5634301900863647,0.6500645279884338,-0.07307793945074081,0.5698598027229309,0.6686151623725891,-0.06962773203849792,0.592703640460968,0.6716099977493286,-0.06510621309280396,0.29587095975875854,0.7129660248756409,-1.9222616742808896e-07,0.3101823329925537,0.6402263641357422,-0.006055840291082859,0.34314537048339844,0.5585222244262695,-0.020873090252280235,0.37921202182769775,0.5017277002334595,-0.036493152379989624,0.4045032858848572,0.47337549924850464,-0.04879090562462807,0.303307443857193,0.49782347679138184,-0.03946579992771149,0.3974469304084778,0.4867696166038513,-0.07179588824510574,0.4017534852027893,0.5326200127601624,-0.08607649803161621,0.38001176714897156,0.5455985069274902,-0.09396036714315414,0.29869747161865234,0.5376545786857605,-0.05302579328417778,0.41100192070007324,0.5404137969017029,-0.07886457443237305,0.40587472915649414,0.5826722383499146,-0.07857020199298859,0.38151654601097107,0.5887085795402527,-0.07923459261655807,0.3049788773059845,0.5907854437828064,-0.06757090240716934,0.4125581979751587,0.5961658954620361,-0.09005113691091537,0.40233534574508667,0.632840633392334,-0.08004701882600784,0.3764946162700653,0.6369062066078186,-0.07356926798820496,0.3194909691810608,0.6487221717834473,-0.08283085376024246,0.40390291810035706,0.6508883833885193,-0.0936986580491066,0.3935854136943817,0.6775826215744019,-0.08564634621143341,0.3686780035495758,0.682060718536377,-0.08047031611204147
291,0.6503088474273682,0.6697096228599548,-2.6720098844634776e-07,0.6128860116004944,0.5776987075805664,-0.005945270881056786,0.5906088948249817,0.4921434223651886,-0.020659569650888443,0.5647727251052856,0.43201878666877747,-0.0336853563785553,0.5376366376876831,0.40734216570854187,-0.043685466051101685,0.6379191279411316,0.42405688762664795,-0.03422200679779053,0.5456256866455078,0.4427877962589264,-0.049389369785785675,0.5491223335266113,0.4865354299545288,-0.05012601613998413,0.5746684670448303,0.496709406375885,-0.05037743225693703,0.6508563756942749,0.46411657333374023,-0.04311038926243782,0.5445809364318848,0.49216437339782715,-0.05445369705557823,0.5579397678375244,0.5267382860183716,-0.04755936563014984,0.5832915902137756,0.529962420463562,-0.04509508237242699,0.6514468789100647,0.5184126496315002,-0.05155360698699951,0.551301121711731,0.5452940464019775,-0.06023433059453964,0.5656110048294067,0.5715299844741821,-0.04800649732351303,0.5909680724143982,0.5707541704177856,-0.04293873533606529,0.6454054713249207,0.5780625343322754,-0.060600195080041885,0.5635755062103271,0.5967770218849182,-0.06965649127960205,0.5726466774940491,0.6129397749900818,-0.06513611972332001,0.5945272445678711,0.6131061315536499,-0.061622634530067444,0.27125921845436096,0.7287666201591492,-2.7205408059671754e-07,0.292763888835907,0.6528887152671814,-0.015752257779240608,0.33283910155296326,0.572648823261261,-0.033506471663713455,0.37021806836128235,0.5168930888175964,-0.04980192705988884,0.38666677474975586,0.48266738653182983,-0.06309118121862411,0.2950742542743683,0.5173841714859009,-0.05421457812190056,0.4042655825614929,0.5305579900741577,-0.0881502702832222,0.40488874912261963,0.5800231099128723,-0.10317952930927277,0.37506234645843506,0.5880308747291565,-0.1121557354927063,0.2938942313194275,0.5730195045471191,-0.0642283633351326,0.4132944643497467,0.5883880257606506,-0.09303661435842514,0.402060866355896,0.6303330063819885,-0.09483293443918228,0.37113696336746216,0.6341556310653687,-0.09741442650556564,0.3011961579322815,0.6384725570678711,-0.07505179196596146,0.4122704863548279,0.6467041969299316,-0.1002129465341568,0.3991921544075012,0.680992603302002,-0.09160201996564865,0.3711029589176178,0.6851540803909302,-0.08585203438997269,0.3148666024208069,0.7040007710456848,-0.08721661567687988,0.4039987325668335,0.7061796188354492,-0.10185948014259338,0.3919292092323303,0.7267364263534546,-0.09568478912115097,0.3641282618045807,0.7320284843444824,-0.09131234884262085
292,0.6578676104545593,0.6771705150604248,-4.699908799921104e-07,0.6262909770011902,0.5941509008407593,-0.009190659038722515,0.5990689396858215,0.5098500847816467,-0.023083070293068886,0.5685299038887024,0.45334964990615845,-0.03489970415830612,0.5417851805686951,0.41548454761505127,-0.043013062328100204,0.6466020941734314,0.43693602085113525,-0.03864700347185135,0.5554929375648499,0.4475878179073334,-0.0596144013106823,0.5526414513587952,0.49792060256004333,-0.06231267377734184,0.5724442005157471,0.5153425335884094,-0.0629318356513977,0.6567502021789551,0.4805428087711334,-0.046565499156713486,0.5464657545089722,0.5036468505859375,-0.06806230545043945,0.5596970915794373,0.5437722206115723,-0.0630473718047142,0.5859804153442383,0.5476504564285278,-0.05986984446644783,0.6539444923400879,0.5349521636962891,-0.05487320199608803,0.5512917637825012,0.5577195286750793,-0.07397214323282242,0.5665279626846313,0.5897468328475952,-0.06086219847202301,0.5926563739776611,0.5875585675239563,-0.052658144384622574,0.6438117027282715,0.5924394130706787,-0.06371427327394485,0.5614808201789856,0.6082082390785217,-0.08106683939695358,0.5696220397949219,0.6295332908630371,-0.07722470164299011,0.5900424122810364,0.6281546950340271,-0.07252755016088486,0.29508158564567566,0.7456705570220947,-1.5582546097903105e-07,0.3050839900970459,0.6722311973571777,-0.011161128990352154,0.33652761578559875,0.5951578617095947,-0.030523473396897316,0.37018850445747375,0.5449379682540894,-0.04959236830472946,0.3909023702144623,0.5245345234870911,-0.0659184679389,0.3093983232975006,0.5340033769607544,-0.05257786810398102,0.4075104892253876,0.5392113924026489,-0.08742418885231018,0.4055314064025879,0.5848472714424133,-0.10363689064979553,0.3781745731830597,0.5933848023414612,-0.11324111372232437,0.30776622891426086,0.5825923085212708,-0.065198615193367,0.418643981218338,0.5919022560119629,-0.09374699741601944,0.4098545014858246,0.6306082606315613,-0.09428301453590393,0.38111594319343567,0.6348318457603455,-0.09551770985126495,0.3139924705028534,0.6420343518257141,-0.07853051275014877,0.4194394648075104,0.6467049717903137,-0.10339216142892838,0.40612637996673584,0.6803696751594543,-0.0928315818309784,0.37713539600372314,0.6837491393089294,-0.0856420174241066,0.325775146484375,0.7043789029121399,-0.09277691692113876,0.4110635817050934,0.704427182674408,-0.10733004659414291,0.4015224575996399,0.7273520231246948,-0.09933150559663773,0.37575116753578186,0.7317987084388733,-0.0935952365398407
293,0.6478438973426819,0.7163013815879822,-3.383910325283068e-07,0.6108489632606506,0.6227914690971375,-0.012947317212820053,0.576274037361145,0.529399573802948,-0.028288356959819794,0.5445370674133301,0.4867847263813019,-0.041244253516197205,0.5287759900093079,0.5061357021331787,-0.051521074026823044,0.6362500786781311,0.497647762298584,-0.03600660338997841,0.5377969741821289,0.5352771282196045,-0.058978382498025894,0.5467116832733154,0.5743236541748047,-0.06927736103534698,0.5747384428977966,0.5706518888473511,-0.07561933249235153,0.6500484347343445,0.5538387298583984,-0.042961485683918,0.5378551483154297,0.5969566702842712,-0.06048676371574402,0.556688129901886,0.6177289485931396,-0.05986325815320015,0.5840379595756531,0.6076304316520691,-0.0610702708363533,0.65102618932724,0.6182664632797241,-0.05069573596119881,0.5458060503005981,0.6527267694473267,-0.06337454169988632,0.5636423826217651,0.6658872961997986,-0.054135363548994064,0.590989351272583,0.6569443941116333,-0.049090802669525146,0.6449712514877319,0.6812074184417725,-0.059794336557388306,0.5610910058021545,0.7035413980484009,-0.06800517439842224,0.5758821368217468,0.7096015810966492,-0.06246671453118324,0.6035027503967285,0.7016991376876831,-0.058034881949424744,0.3018186390399933,0.7089784145355225,1.7241312377791473e-08,0.31186315417289734,0.6327309608459473,-0.005937555804848671,0.3384307324886322,0.5547680258750916,-0.02139468304812908,0.36940497159957886,0.5054413676261902,-0.037617385387420654,0.3901500701904297,0.4755217134952545,-0.05163910612463951,0.3054302930831909,0.5046283006668091,-0.04111989215016365,0.3903188705444336,0.4850902557373047,-0.07456281781196594,0.39807215332984924,0.5223780870437622,-0.0900239571928978,0.37969574332237244,0.5357446074485779,-0.09847312420606613,0.3024139404296875,0.5366939306259155,-0.05507112666964531,0.40751105546951294,0.523531436920166,-0.0841597244143486,0.40519267320632935,0.5602558851242065,-0.08561031520366669,0.3775296211242676,0.5696873068809509,-0.08574216067790985,0.3088161051273346,0.5835403203964233,-0.06997408717870712,0.4079895615577698,0.5734627842903137,-0.09478891640901566,0.4020794928073883,0.6107407808303833,-0.08493056893348694,0.37645217776298523,0.6183497309684753,-0.07712435722351074,0.3228498697280884,0.6391945481300354,-0.08541183173656464,0.3994629681110382,0.6323725581169128,-0.10073202103376389,0.3930729627609253,0.6588002443313599,-0.09388098865747452,0.37005090713500977,0.6665992736816406,-0.08803415298461914
294,0.6445205211639404,0.7108831405639648,-3.577150380351668e-07,0.6093301177024841,0.6309382915496826,-0.009921963326632977,0.5792405009269714,0.5498204231262207,-0.023561779409646988,0.5521844029426575,0.4949733316898346,-0.035568851977586746,0.5347867012023926,0.4582596719264984,-0.04339722916483879,0.6298037767410278,0.4832422137260437,-0.03522845357656479,0.535495936870575,0.5042376518249512,-0.05851876363158226,0.5422366857528687,0.5511563420295715,-0.06453761458396912,0.5693151354789734,0.5580416321754456,-0.06697625666856766,0.6413163542747498,0.5294058322906494,-0.04355093091726303,0.5336481928825378,0.5596761703491211,-0.06596043705940247,0.5516796112060547,0.593525767326355,-0.06274908781051636,0.5791500806808472,0.5919705033302307,-0.06022194027900696,0.6410003304481506,0.5855745673179626,-0.052784692496061325,0.5409607291221619,0.6114704012870789,-0.07249195128679276,0.5603792667388916,0.6362962126731873,-0.06009681895375252,0.5878998637199402,0.6316213607788086,-0.05121474340558052,0.6347450017929077,0.6452165842056274,-0.0628129094839096,0.5564850568771362,0.6600738167762756,-0.07911498099565506,0.5709657669067383,0.6744855046272278,-0.07457484304904938,0.5961824059486389,0.6705608367919922,-0.06869720667600632,0.2938584089279175,0.6922783255577087,-8.007887686289905e-08,0.29591912031173706,0.6204491853713989,-0.00721814576536417,0.318367063999176,0.5479722619056702,-0.025870835408568382,0.3438754379749298,0.49915486574172974,-0.045005906373262405,0.35847008228302,0.46886876225471497,-0.061864305287599564,0.29645127058029175,0.48790812492370605,-0.04833310469985008,0.3903414011001587,0.4682300388813019,-0.08317776024341583,0.39712315797805786,0.5070163607597351,-0.10037428140640259,0.3727266490459442,0.5225160717964172,-0.11068930476903915,0.29621422290802,0.5259878039360046,-0.06245483085513115,0.4059942960739136,0.5194032788276672,-0.09168663620948792,0.4004083275794983,0.5538051724433899,-0.09447339177131653,0.36927980184555054,0.5616673827171326,-0.09786739200353622,0.306438148021698,0.5770452618598938,-0.07701044529676437,0.4101053476333618,0.5727589726448059,-0.10170824080705643,0.39959287643432617,0.607049286365509,-0.09201885759830475,0.36949819326400757,0.6151429414749146,-0.08632458746433258,0.3226686716079712,0.6329734325408936,-0.09228236228227615,0.40439918637275696,0.6316460967063904,-0.1074884757399559,0.3958946466445923,0.6566742658615112,-0.10085997730493546,0.3700544536113739,0.6639195680618286,-0.09624437987804413
295,0.6517357230186462,0.6698712110519409,-2.9298215054041066e-07,0.613297164440155,0.5823294520378113,-0.004813812673091888,0.5833294987678528,0.5026015043258667,-0.018360715359449387,0.5507649779319763,0.44898587465286255,-0.03008160926401615,0.521112322807312,0.419076144695282,-0.03903031721711159,0.6229386329650879,0.43473467230796814,-0.0356050543487072,0.532490074634552,0.44991305470466614,-0.047967713326215744,0.5357978940010071,0.49269747734069824,-0.046032991260290146,0.5594544410705566,0.5058373808860779,-0.04464316740632057,0.6367862820625305,0.47048261761665344,-0.043594181537628174,0.5320067405700684,0.49845123291015625,-0.05309668555855751,0.5466445088386536,0.5333178639411926,-0.04524966701865196,0.5713555216789246,0.5377878546714783,-0.04248395189642906,0.6396785378456116,0.5205895900726318,-0.05053584277629852,0.5406977534294128,0.5510255694389343,-0.0572064034640789,0.5578494071960449,0.5773084759712219,-0.04436912015080452,0.5835200548171997,0.5750194191932678,-0.03982541710138321,0.6361084580421448,0.5773143768310547,-0.05765770003199577,0.5533708333969116,0.5981841087341309,-0.06560089439153671,0.5660029649734497,0.6156205534934998,-0.059667740017175674,0.5895668268203735,0.6158764958381653,-0.05564146116375923,0.2720082402229309,0.7222955822944641,-2.952913291665027e-07,0.29952847957611084,0.6521017551422119,-0.016150634735822678,0.3423744738101959,0.5740907788276672,-0.033781975507736206,0.37995457649230957,0.5188524127006531,-0.04981648921966553,0.3936282694339752,0.4880770146846771,-0.06299591064453125,0.2944667339324951,0.5205836892127991,-0.0535997599363327,0.3976115882396698,0.5301948189735413,-0.08855125308036804,0.3953736126422882,0.5763832330703735,-0.10562578588724136,0.36540794372558594,0.5839868187904358,-0.11599936336278915,0.290116548538208,0.5728969573974609,-0.0636993795633316,0.4084908664226532,0.586066484451294,-0.09384310245513916,0.3943052589893341,0.6252509951591492,-0.0972706750035286,0.3643104135990143,0.6297106146812439,-0.10047290474176407,0.29628193378448486,0.6349451541900635,-0.07467121630907059,0.40771013498306274,0.6446484327316284,-0.10065706819295883,0.39161887764930725,0.6774640083312988,-0.0928255096077919,0.3643360733985901,0.6807358264923096,-0.0872933641076088,0.3093481957912445,0.6979767680168152,-0.08716843277215958,0.3984124958515167,0.7056242227554321,-0.1019115075469017,0.3848855197429657,0.7259178757667542,-0.0960671529173851,0.35885703563690186,0.7283192873001099,-0.09198679029941559
296,0.6456510424613953,0.6471416354179382,-3.6135529057901294e-07,0.6107522249221802,0.5663958191871643,-0.007392384111881256,0.5836547017097473,0.4892422556877136,-0.023042738437652588,0.5518710613250732,0.43849605321884155,-0.03673502802848816,0.5227551460266113,0.4121953845024109,-0.04702681303024292,0.6218175888061523,0.41405779123306274,-0.04306748881936073,0.5293471217155457,0.43565526604652405,-0.0625961646437645,0.5347010493278503,0.48185479640960693,-0.06248398497700691,0.5607075691223145,0.4887894093990326,-0.06126173585653305,0.6366610527038574,0.45469361543655396,-0.05222996324300766,0.53107750415802,0.4934968650341034,-0.07191172987222672,0.5465865731239319,0.5289762020111084,-0.0653224065899849,0.5733107924461365,0.5285823345184326,-0.06168394908308983,0.6399602890014648,0.5092381238937378,-0.060881949961185455,0.5393484830856323,0.5479074716567993,-0.07627690583467484,0.5561742186546326,0.5777276754379272,-0.06110912561416626,0.583240270614624,0.5736071467399597,-0.052757229655981064,0.636728823184967,0.5681549906730652,-0.07001716643571854,0.551399827003479,0.5964962244033813,-0.08303443342447281,0.5633519887924194,0.6161240339279175,-0.07667955011129379,0.5882947444915771,0.6126471757888794,-0.07112172991037369,0.2865826487541199,0.7387396693229675,-1.4785760527047387e-07,0.30222395062446594,0.6652864217758179,-0.014197825454175472,0.33689257502555847,0.5866103172302246,-0.03416544198989868,0.3710295557975769,0.5320140719413757,-0.05290840193629265,0.3870376646518707,0.5147098302841187,-0.06826061755418777,0.2954125702381134,0.5295876860618591,-0.05560097470879555,0.39628082513809204,0.5370595455169678,-0.09103824198246002,0.39520761370658875,0.584735095500946,-0.10514236241579056,0.3681318461894989,0.5913651585578918,-0.11299634724855423,0.2942270040512085,0.5797565579414368,-0.06771237403154373,0.40885406732559204,0.5872259140014648,-0.09777683019638062,0.3989642560482025,0.6305122375488281,-0.09621496498584747,0.36933183670043945,0.6332720518112183,-0.09524174779653549,0.30114907026290894,0.6410539746284485,-0.08080536127090454,0.41076716780662537,0.6448363661766052,-0.10789591819047928,0.3968091309070587,0.6825397610664368,-0.09564784169197083,0.36704713106155396,0.6859037280082703,-0.08657106757164001,0.31455129384994507,0.7055806517601013,-0.09498050063848495,0.40181034803390503,0.704487681388855,-0.11119216680526733,0.39044564962387085,0.7303264141082764,-0.10259867459535599,0.36218175292015076,0.7357695698738098,-0.09603440016508102
297,0.6588841080665588,0.7766156196594238,-7.559061145911983e-07,0.6220468282699585,0.6675730347633362,-0.001401545014232397,0.5926833748817444,0.5639289617538452,-0.020625054836273193,0.5620215535163879,0.4992194175720215,-0.041479453444480896,0.5390276312828064,0.468553751707077,-0.06230471283197403,0.637050211429596,0.4883497953414917,-0.04565740376710892,0.5424016714096069,0.5047740340232849,-0.07505282759666443,0.5515824556350708,0.5466957092285156,-0.08754335343837738,0.5721011161804199,0.5494751930236816,-0.09476690739393234,0.6481316089630127,0.5391967296600342,-0.061648715287446976,0.5398741364479065,0.5663493871688843,-0.08920501917600632,0.5557342171669006,0.5962991714477539,-0.08871553838253021,0.5847439169883728,0.5987387299537659,-0.09028063714504242,0.6465179920196533,0.600195586681366,-0.07688074558973312,0.544457197189331,0.6258741617202759,-0.0999755784869194,0.5638758540153503,0.6524488925933838,-0.08613920956850052,0.594706654548645,0.650458037853241,-0.07804783433675766,0.6367322206497192,0.659227192401886,-0.0922141745686531,0.5559091567993164,0.6742255091667175,-0.10733627527952194,0.5714407563209534,0.6940345764160156,-0.09753868728876114,0.5989128947257996,0.6939471960067749,-0.09008346498012543,0.2934069335460663,0.7073718905448914,-1.3615491845087035e-08,0.3030519187450409,0.6395124197006226,-0.008924317546188831,0.336060106754303,0.5624014735221863,-0.025095483288168907,0.3722916841506958,0.5116406679153442,-0.04088164120912552,0.3874124586582184,0.48095226287841797,-0.05458935350179672,0.2960803508758545,0.5107957124710083,-0.04811208322644234,0.38849273324012756,0.49452775716781616,-0.08084294199943542,0.3961067795753479,0.5311246514320374,-0.09524685144424438,0.3754386007785797,0.5444165468215942,-0.10327675938606262,0.2931949496269226,0.5471293330192566,-0.05992990732192993,0.40415051579475403,0.541308581829071,-0.08716554194688797,0.40197306871414185,0.5750824809074402,-0.08643264323472977,0.3742157220840454,0.5834679007530212,-0.08694490045309067,0.3011097311973572,0.5961532592773438,-0.07259786128997803,0.4058031737804413,0.5894359946250916,-0.0955229178071022,0.3989558815956116,0.6230015754699707,-0.08380846679210663,0.3721637427806854,0.6303474307060242,-0.0764666497707367,0.3161300718784332,0.6508486270904541,-0.086128830909729,0.39940616488456726,0.6438549160957336,-0.0999811515212059,0.3931136727333069,0.6682657599449158,-0.09250390529632568,0.3692147135734558,0.6754825711250305,-0.08738355338573456
298,0.648391604423523,0.7377700209617615,-4.323048301557719e-07,0.6111180782318115,0.6434071063995361,-0.0068053132854402065,0.5810083746910095,0.5538350343704224,-0.019036928191781044,0.5500454306602478,0.49103713035583496,-0.03055761568248272,0.5288006067276001,0.4515829086303711,-0.039197348058223724,0.622106671333313,0.4886228144168854,-0.03133917599916458,0.5313673615455627,0.49468177556991577,-0.05220211669802666,0.531126856803894,0.5417356491088867,-0.055936746299266815,0.5518588423728943,0.5586757063865662,-0.056769371032714844,0.632845401763916,0.5345238447189331,-0.040103133767843246,0.5284260511398315,0.5577718615531921,-0.061890654265880585,0.540617823600769,0.5958994030952454,-0.05818427726626396,0.5669837594032288,0.599269449710846,-0.05547862872481346,0.6322593092918396,0.5903350114822388,-0.04945933073759079,0.5360639691352844,0.6124760508537292,-0.06964726746082306,0.5517023801803589,0.6416389346122742,-0.05710374563932419,0.5783570408821106,0.6403569579124451,-0.04815814271569252,0.6256069540977478,0.6475087404251099,-0.05919177830219269,0.5502756834030151,0.6619063019752502,-0.07581961899995804,0.5608090758323669,0.6824196577072144,-0.07114370912313461,0.583016037940979,0.6815870404243469,-0.06532206386327744,0.2933545708656311,0.6906968355178833,-1.0043340381571397e-07,0.3081217408180237,0.6251430511474609,-0.012521160766482353,0.34151867032051086,0.5486525893211365,-0.03169716149568558,0.37779679894447327,0.49459725618362427,-0.04989153891801834,0.39027586579322815,0.464042603969574,-0.06557631492614746,0.2919331192970276,0.49778902530670166,-0.05418608710169792,0.38536596298217773,0.4813760817050934,-0.08950112015008926,0.39308273792266846,0.528099536895752,-0.10458981245756149,0.3723243176937103,0.543685257434845,-0.11292378604412079,0.28666067123413086,0.5372463464736938,-0.06518400460481644,0.4009259343147278,0.5342830419540405,-0.09610580652952194,0.3994809687137604,0.5783833861351013,-0.09713537245988846,0.37366440892219543,0.5860111117362976,-0.09821023792028427,0.2942911982536316,0.5883961319923401,-0.07693329453468323,0.4029090702533722,0.5844714045524597,-0.10363876074552536,0.39682629704475403,0.6245373487472534,-0.09289983659982681,0.3712342083454132,0.6310743689537048,-0.08539081364870071,0.31005650758743286,0.6425047516822815,-0.08959934860467911,0.3965185582637787,0.6383861303329468,-0.10466895252466202,0.3898789584636688,0.667705237865448,-0.0971766859292984,0.3657541573047638,0.6747894287109375,-0.09189014881849289
299,0.6433134078979492,0.6806046962738037,-3.0991671451374714e-07,0.6000072360038757,0.5853056907653809,-0.003331414656713605,0.5722461938858032,0.502043604850769,-0.014153783209621906,0.5451495051383972,0.44235724210739136,-0.024638082832098007,0.5225567817687988,0.40507185459136963,-0.03201569244265556,0.6142117381095886,0.42604637145996094,-0.02223401702940464,0.5223785638809204,0.43997499346733093,-0.039381399750709534,0.5270934104919434,0.47944778203964233,-0.04339081048965454,0.5514004230499268,0.4878128170967102,-0.04489865154027939,0.6253202557563782,0.4620828926563263,-0.03062995709478855,0.5203874111175537,0.49537163972854614,-0.04521229490637779,0.5347391366958618,0.5265602469444275,-0.042115468531847,0.559188723564148,0.5263315439224243,-0.04156153276562691,0.6248353719711304,0.512348473072052,-0.03943084552884102,0.5263487100601196,0.5456652641296387,-0.051083970814943314,0.5419507026672363,0.5706315636634827,-0.040027111768722534,0.566516101360321,0.5662721395492554,-0.03463044762611389,0.6179460287094116,0.5685567259788513,-0.04879074543714523,0.5368977785110474,0.5923981070518494,-0.0588870570063591,0.547904372215271,0.6110984086990356,-0.05471566319465637,0.569799542427063,0.6086758375167847,-0.05084608495235443,0.28794345259666443,0.8462481498718262,-4.394300390231365e-07,0.2885250151157379,0.7262015342712402,-0.004652165342122316,0.3065345287322998,0.6258530020713806,-0.0212824996560812,0.3267010450363159,0.5589236617088318,-0.04107491299510002,0.3453138768672943,0.5312166810035706,-0.05766458436846733,0.31343087553977966,0.5565948486328125,-0.036084894090890884,0.4048490524291992,0.5436147451400757,-0.06983181089162827,0.3912804126739502,0.5885501503944397,-0.0893382653594017,0.36330747604370117,0.6032406687736511,-0.10249097645282745,0.31133905053138733,0.6115550398826599,-0.053008440881967545,0.4260551333427429,0.6089021563529968,-0.08073067665100098,0.40067529678344727,0.6430767774581909,-0.084596648812294,0.36869508028030396,0.65409916639328,-0.08889710158109665,0.3154104948043823,0.6774581074714661,-0.0708116888999939,0.42434990406036377,0.6841885447502136,-0.09104950726032257,0.39781057834625244,0.7076302766799927,-0.0819660946726799,0.36708736419677734,0.7134597897529602,-0.0771961435675621,0.32311952114105225,0.7470273375511169,-0.0901748463511467,0.41102853417396545,0.745881974697113,-0.09857657551765442,0.3914957344532013,0.7615025639533997,-0.08890675008296967,0.362591952085495,0.7651349306106567,-0.08290199935436249
300,0.6311846971511841,0.6603275537490845,-4.0911803012022574e-07,0.5938035845756531,0.578761875629425,-0.009122135117650032,0.5657157301902771,0.5001857876777649,-0.024077607318758965,0.539402425289154,0.4444274306297302,-0.038290273398160934,0.5253667831420898,0.4083980321884155,-0.04827361926436424,0.6171665191650391,0.4203168749809265,-0.03115922026336193,0.5238281488418579,0.42956826090812683,-0.060310713946819305,0.5240659117698669,0.47566646337509155,-0.06931596994400024,0.5473885536193848,0.48743653297424316,-0.0720524787902832,0.6290295720100403,0.4598318338394165,-0.03966181352734566,0.5209676623344421,0.49360933899879456,-0.06735318899154663,0.5337232947349548,0.5311402678489685,-0.06489351391792297,0.5606745481491089,0.5281953811645508,-0.0613095685839653,0.6275305151939392,0.512786865234375,-0.05009108781814575,0.5264543294906616,0.548985481262207,-0.07399722188711166,0.5412774682044983,0.5788916945457458,-0.06054750457406044,0.5680828094482422,0.5715574026107788,-0.0498298741877079,0.6186772584915161,0.5698806643486023,-0.06143097206950188,0.5367714166641235,0.5972751379013062,-0.07909147441387177,0.5466092228889465,0.6188369989395142,-0.07437600195407867,0.5694955587387085,0.6125425100326538,-0.06795031577348709,0.2676258683204651,0.8039348721504211,-3.475575383049545e-08,0.2832394540309906,0.6938784718513489,4.73081054224167e-05,0.31673526763916016,0.6072114706039429,-0.01600581780076027,0.3541620373725891,0.5588782429695129,-0.03441762179136276,0.38203439116477966,0.5507659316062927,-0.05076799914240837,0.30235546827316284,0.5492896437644958,-0.035734809935092926,0.38987505435943604,0.5254837274551392,-0.06589959561824799,0.39991387724876404,0.5619922280311584,-0.08410505205392838,0.3801521956920624,0.5872147083282471,-0.09499165415763855,0.30261701345443726,0.5997357368469238,-0.051787614822387695,0.41064929962158203,0.5967031717300415,-0.07176040858030319,0.40797486901283264,0.6255081295967102,-0.07447118312120438,0.38037025928497314,0.6406687498092651,-0.07902465760707855,0.30982911586761475,0.6631840467453003,-0.06763157993555069,0.411504328250885,0.6690261363983154,-0.07970311492681503,0.4017774164676666,0.6859239339828491,-0.06940191239118576,0.37382733821868896,0.6907930374145508,-0.06525015085935593,0.32192516326904297,0.7303235530853271,-0.08425397425889969,0.40076228976249695,0.7340394258499146,-0.08549380302429199,0.39399170875549316,0.7452560663223267,-0.07212046533823013,0.3704756498336792,0.7480559945106506,-0.06422747671604156
301,0.6480594277381897,0.705651044845581,-3.5112492469124845e-07,0.6098828911781311,0.6184510588645935,-0.014394564554095268,0.5668059587478638,0.5289924144744873,-0.030506575480103493,0.5284058451652527,0.4801546335220337,-0.043513815850019455,0.5117074251174927,0.4757964313030243,-0.0539105162024498,0.6148231625556946,0.49090683460235596,-0.04442259296774864,0.5161652565002441,0.525753915309906,-0.06569516658782959,0.5255832672119141,0.5658351182937622,-0.07126382738351822,0.5530520081520081,0.5670464038848877,-0.07442186772823334,0.6252986788749695,0.5467180609703064,-0.050405774265527725,0.517016589641571,0.5853089094161987,-0.06900781393051147,0.5363538265228271,0.6087769269943237,-0.06669317930936813,0.5647829174995422,0.6025442481040955,-0.06653385609388351,0.6258634924888611,0.6100577712059021,-0.05625253915786743,0.5258009433746338,0.638714611530304,-0.07082117348909378,0.5438568592071533,0.6557161211967468,-0.05978571996092796,0.5714680552482605,0.6497547626495361,-0.05357867479324341,0.6204933524131775,0.6728659272193909,-0.06335712224245071,0.5440434217453003,0.693450927734375,-0.074727863073349,0.5584595203399658,0.7017318606376648,-0.0691458061337471,0.5842288732528687,0.6951683759689331,-0.06412728875875473,0.2775709331035614,0.7474727630615234,-3.670412951350954e-08,0.3018569052219391,0.641428530216217,0.0023544610012322664,0.32455646991729736,0.556635320186615,-0.012566370889544487,0.3444051742553711,0.5026550889015198,-0.03132229670882225,0.3602710962295532,0.4844142198562622,-0.04723930358886719,0.29371368885040283,0.482990026473999,-0.022710703313350677,0.3801990747451782,0.4690486192703247,-0.05143303424119949,0.3850420415401459,0.5155184268951416,-0.06744945049285889,0.3656145930290222,0.5376879572868347,-0.07696840912103653,0.2872343957424164,0.5203731060028076,-0.03969987854361534,0.39557039737701416,0.5256443619728088,-0.06090299412608147,0.3901458978652954,0.5694636106491089,-0.06286922842264175,0.3606659471988678,0.5806605815887451,-0.06541594117879868,0.2900295853614807,0.5715821981430054,-0.05743919685482979,0.3956219553947449,0.5819424390792847,-0.07431335002183914,0.3854816257953644,0.6184321641921997,-0.06480921059846878,0.3551703989505768,0.6236210465431213,-0.059148553758859634,0.3003542125225067,0.6306593418121338,-0.0755016878247261,0.384585976600647,0.6348022818565369,-0.08215203136205673,0.3783186078071594,0.6644173860549927,-0.07135017216205597,0.3535008728504181,0.6696736216545105,-0.06396856158971786
302,0.6384928822517395,0.7124119997024536,-4.211627242511895e-07,0.6072627305984497,0.6299556493759155,-0.010637707076966763,0.5769824385643005,0.5460200905799866,-0.025138458237051964,0.5458628535270691,0.48756474256515503,-0.03755250945687294,0.5308573246002197,0.44332826137542725,-0.04673011228442192,0.623662531375885,0.48512375354766846,-0.03881793096661568,0.5312569737434387,0.5000025629997253,-0.06392611563205719,0.5377529263496399,0.5402266979217529,-0.0692637488245964,0.5619427561759949,0.5458223819732666,-0.07031803578138351,0.6321132779121399,0.5281703472137451,-0.04545608535408974,0.5261077880859375,0.5516508221626282,-0.07123281061649323,0.5417793989181519,0.5829004049301147,-0.06812623888254166,0.5678825974464417,0.5811511874198914,-0.06519147753715515,0.6290441751480103,0.5800102353096008,-0.05286623165011406,0.5297672748565674,0.6002318859100342,-0.0765894278883934,0.5483624935150146,0.6255722641944885,-0.06365452706813812,0.5748959183692932,0.6204482316970825,-0.053714897483587265,0.6190972328186035,0.6344277262687683,-0.06067487224936485,0.541563868522644,0.6487324833869934,-0.07930527627468109,0.5545870065689087,0.6662952899932861,-0.07479622215032578,0.5773549675941467,0.6609973907470703,-0.06895145028829575,0.28542980551719666,0.7437300682067871,-1.4991125851793186e-07,0.2901339530944824,0.6523690819740295,-0.004790671169757843,0.30806976556777954,0.564308762550354,-0.021814698353409767,0.3311155140399933,0.5034146308898926,-0.04100394621491432,0.35527634620666504,0.4881688952445984,-0.05751226842403412,0.2846292555332184,0.5136973857879639,-0.03556311875581741,0.36720097064971924,0.47833362221717834,-0.07009202241897583,0.377321720123291,0.5174575448036194,-0.08925370872020721,0.36035794019699097,0.5391205549240112,-0.10020630806684494,0.28504273295402527,0.5564430356025696,-0.05038854479789734,0.38539016246795654,0.5339867472648621,-0.07851465046405792,0.3853958249092102,0.5711615681648254,-0.0829445943236351,0.3612150251865387,0.5856108665466309,-0.08617790043354034,0.2955780327320099,0.6078331470489502,-0.06618361175060272,0.39038535952568054,0.5959305763244629,-0.08914372324943542,0.3825255036354065,0.6270556449890137,-0.08179658651351929,0.35525041818618774,0.6358909010887146,-0.07666163146495819,0.31382352113723755,0.6635643243789673,-0.08266837149858475,0.39042913913726807,0.6529413461685181,-0.09374534338712692,0.38294076919555664,0.6798586845397949,-0.08499907702207565,0.3586113750934601,0.6900709271430969,-0.07869778573513031
303,0.6433565616607666,0.6658707857131958,-2.9353313379942847e-07,0.6053614020347595,0.5781276226043701,-0.006811660714447498,0.5777764320373535,0.49745234847068787,-0.020487679168581963,0.548633873462677,0.43933549523353577,-0.0322839692234993,0.5285373330116272,0.4041292071342468,-0.040971387177705765,0.6234487295150757,0.4313517212867737,-0.03570612147450447,0.5295833349227905,0.44290927052497864,-0.05152945592999458,0.5302407145500183,0.4859820604324341,-0.0511355847120285,0.5532712936401367,0.4963325262069702,-0.05042227357625961,0.6333147883415222,0.4694337248802185,-0.042992960661649704,0.525743842124939,0.4901426434516907,-0.05743123218417168,0.534660279750824,0.526716947555542,-0.0505729503929615,0.5576168298721313,0.5298898220062256,-0.04768125340342522,0.6312031149864197,0.5216374397277832,-0.04999709129333496,0.5299167037010193,0.5450101494789124,-0.0618114173412323,0.5404866337776184,0.5742266178131104,-0.04866548255085945,0.5647160410881042,0.5725002288818359,-0.042327631264925,0.6230528950691223,0.5786753296852112,-0.057443659752607346,0.5390556454658508,0.597599983215332,-0.0687766969203949,0.5457009077072144,0.614447295665741,-0.06500247865915298,0.5667499303817749,0.6111882925033569,-0.06189897283911705,0.28474363684654236,0.7906183004379272,-3.7324784329939575e-07,0.310090571641922,0.7009161114692688,-0.012823744677007198,0.3396012485027313,0.6042767763137817,-0.028978873044252396,0.36291375756263733,0.5344600081443787,-0.045029036700725555,0.3787207305431366,0.4942459166049957,-0.057692497968673706,0.28848159313201904,0.5405775904655457,-0.04693065211176872,0.39086949825286865,0.549944281578064,-0.08259550482034683,0.39170747995376587,0.6001397967338562,-0.099782295525074,0.36290279030799866,0.6105630993843079,-0.10981693863868713,0.2802816331386566,0.5971196889877319,-0.058760736137628555,0.39739280939102173,0.6137123703956604,-0.08892937749624252,0.3883046805858612,0.6574927568435669,-0.09162247180938721,0.3591112494468689,0.6632829308509827,-0.09425362199544907,0.2843051552772522,0.6664338111877441,-0.07170949876308441,0.3955060839653015,0.6796391606330872,-0.09898059070110321,0.38257887959480286,0.7140363454818726,-0.09179466962814331,0.3548380732536316,0.718092143535614,-0.08619386702775955,0.29642564058303833,0.7379007935523987,-0.0858285129070282,0.38521313667297363,0.7430658340454102,-0.10184165090322495,0.3736117482185364,0.7615694403648376,-0.09683962166309357,0.3461400270462036,0.7641894817352295,-0.09254668653011322
304,0.6589977145195007,0.657348096370697,-3.802812500453001e-07,0.6306576132774353,0.5789515376091003,-0.012616435997188091,0.5953872799873352,0.5006110072135925,-0.030157938599586487,0.559313952922821,0.4446883201599121,-0.04525677487254143,0.5365509390830994,0.4088793694972992,-0.056577377021312714,0.6378957033157349,0.43254324793815613,-0.04427170008420944,0.5436227321624756,0.43835383653640747,-0.07084960490465164,0.539010763168335,0.482564240694046,-0.07413319498300552,0.5590799450874329,0.5012529492378235,-0.07320301234722137,0.6461185812950134,0.47908177971839905,-0.05055348575115204,0.5348798036575317,0.5000520348548889,-0.07791049033403397,0.5462207198143005,0.5391643047332764,-0.07240290939807892,0.5733105540275574,0.5412677526473999,-0.06679343432188034,0.6417120695114136,0.5343804955482483,-0.05789164826273918,0.5392818450927734,0.5586109161376953,-0.08402855694293976,0.5558882355690002,0.587715744972229,-0.07004018872976303,0.5846794247627258,0.5835126638412476,-0.05845797061920166,0.630862295627594,0.5891838669776917,-0.06572559475898743,0.5466589331626892,0.6057353019714355,-0.08779969066381454,0.5561051964759827,0.6275829672813416,-0.08454413712024689,0.5794730186462402,0.6241010427474976,-0.07870031893253326,0.2869656980037689,0.7680743336677551,-9.465072992043133e-08,0.30861377716064453,0.6858715415000916,-0.006987410597503185,0.33452242612838745,0.5952026844024658,-0.023352527990937233,0.3579586148262024,0.5298824906349182,-0.0403330996632576,0.3742888867855072,0.4825645089149475,-0.05450825393199921,0.2763601541519165,0.5417020320892334,-0.04747926443815231,0.36015716195106506,0.505756139755249,-0.08130577951669693,0.3732272684574127,0.5531975030899048,-0.09591195732355118,0.3567391037940979,0.576569139957428,-0.10332974046468735,0.27017441391944885,0.5868945717811584,-0.0608818382024765,0.37789860367774963,0.5642439723014832,-0.08649490773677826,0.3828063905239105,0.6091313362121582,-0.08652698993682861,0.36191657185554504,0.6235502362251282,-0.08769257366657257,0.27865859866142273,0.6437785029411316,-0.074590764939785,0.3853827714920044,0.6296970248222351,-0.09648198634386063,0.38295605778694153,0.6685346364974976,-0.08501997590065002,0.35983479022979736,0.6793830990791321,-0.07819586992263794,0.2966742515563965,0.703893780708313,-0.08892020583152771,0.3835863173007965,0.6929342746734619,-0.09984039515256882,0.38089507818222046,0.7225330471992493,-0.089649997651577,0.360400527715683,0.7333077192306519,-0.08287735283374786
305,0.6651903390884399,0.7096946239471436,-3.611189356433897e-07,0.6340249180793762,0.6134284734725952,-0.014486290514469147,0.5945702195167542,0.5179468989372253,-0.02904426120221615,0.556618332862854,0.47362691164016724,-0.04099903255701065,0.54054194688797,0.4983052909374237,-0.05064981430768967,0.6475891470909119,0.4996059834957123,-0.03859644755721092,0.5465282797813416,0.5257773995399475,-0.06167766824364662,0.5561335682868958,0.5668662786483765,-0.06847749650478363,0.5838126540184021,0.5677044987678528,-0.07175563275814056,0.6549516320228577,0.5599666237831116,-0.04451525956392288,0.5420969128608704,0.5882267355918884,-0.06605544686317444,0.560447096824646,0.6138707995414734,-0.06402105838060379,0.5888286232948303,0.6096495985984802,-0.06268806755542755,0.6508472561836243,0.6241976022720337,-0.05110407620668411,0.5464652180671692,0.644492506980896,-0.06818016618490219,0.5639585852622986,0.6622806191444397,-0.057169824838638306,0.5927793383598328,0.6559070944786072,-0.04929162934422493,0.6412115097045898,0.6856100559234619,-0.058949097990989685,0.5573135018348694,0.697340726852417,-0.06979221850633621,0.5732641220092773,0.7052537202835083,-0.06368497014045715,0.6027694940567017,0.6994792222976685,-0.05799189209938049,0.3041631579399109,0.7279826402664185,-2.5814190962591965e-07,0.3438466489315033,0.6312906742095947,-0.007750953547656536,0.36744916439056396,0.5358853936195374,-0.01888636127114296,0.3773413300514221,0.47210168838500977,-0.031155075877904892,0.3778553903102875,0.4334144592285156,-0.03916759788990021,0.30364683270454407,0.4749745726585388,-0.028590833768248558,0.3976530432701111,0.4745948314666748,-0.058818478137254715,0.39960265159606934,0.5286913514137268,-0.07210543751716614,0.37674278020858765,0.5367520451545715,-0.08045607805252075,0.2897433638572693,0.5225567817687988,-0.040325362235307693,0.40471509099006653,0.5327091813087463,-0.0683775469660759,0.3968292474746704,0.5812726616859436,-0.07161614298820496,0.37228742241859436,0.5808959603309631,-0.07456081360578537,0.2911874055862427,0.5831513404846191,-0.05356620252132416,0.40178608894348145,0.5904389023780823,-0.07785361260175705,0.39107537269592285,0.6292837858200073,-0.07155569642782211,0.36599934101104736,0.6268349885940552,-0.06721767783164978,0.3036566972732544,0.6443408131599426,-0.06776858866214752,0.3942621648311615,0.6403607130050659,-0.08069907873868942,0.38405871391296387,0.6655324101448059,-0.07666125893592834,0.3563685119152069,0.6672275066375732,-0.07377348095178604
306,0.6637259721755981,0.6796104907989502,-4.025482098768407e-07,0.6368646621704102,0.6020282506942749,-0.0167853906750679,0.6025463342666626,0.5207353234291077,-0.03564843162894249,0.5681707859039307,0.4610063433647156,-0.05100545659661293,0.5498709082603455,0.4178388714790344,-0.06258131563663483,0.6497406959533691,0.45322930812835693,-0.047798074781894684,0.5583597421646118,0.4473748803138733,-0.07813026010990143,0.5468970537185669,0.4941236972808838,-0.08524861931800842,0.5646997690200806,0.5178274512290955,-0.08679822087287903,0.6585180759429932,0.49607953429222107,-0.05187365040183067,0.5447095632553101,0.5138746500015259,-0.08183562010526657,0.5506064295768738,0.5560292601585388,-0.07872853428125381,0.5774654746055603,0.5604262351989746,-0.07485172152519226,0.6527093052864075,0.5496888756752014,-0.0575362965464592,0.5451577305793762,0.5719884037971497,-0.08671756833791733,0.5562114119529724,0.6068321466445923,-0.07335445284843445,0.5841849446296692,0.605030357837677,-0.061940260231494904,0.6383858323097229,0.6036016345024109,-0.06381150335073471,0.5505062937736511,0.6228829026222229,-0.08983923494815826,0.555724561214447,0.6501352787017822,-0.087773397564888,0.5770620703697205,0.64878249168396,-0.0820751041173935,0.307426780462265,0.7391204833984375,-2.9351440389291383e-07,0.33603352308273315,0.6632854342460632,-0.0074052815325558186,0.36282557249069214,0.5769132971763611,-0.02029816433787346,0.38425129652023315,0.5179351568222046,-0.03432440012693405,0.3975922763347626,0.4764658808708191,-0.04494661092758179,0.3034520149230957,0.5149825811386108,-0.03161809220910072,0.3808582127094269,0.49053955078125,-0.06390048563480377,0.3906669020652771,0.5380789637565613,-0.08092658221721649,0.3755752742290497,0.560498058795929,-0.09045534580945969,0.2921476662158966,0.5550122857093811,-0.04359204322099686,0.3943021595478058,0.5464928150177002,-0.07154006510972977,0.39187437295913696,0.589396595954895,-0.07733066380023956,0.36933234333992004,0.6006464958190918,-0.08111535757780075,0.29576337337493896,0.6093485951423645,-0.056883830577135086,0.39690762758255005,0.6074567437171936,-0.08019968867301941,0.3900493085384369,0.6403859853744507,-0.07541380822658539,0.3650816082954407,0.6449006795883179,-0.07196857035160065,0.30989497900009155,0.6670259237289429,-0.07108539342880249,0.39416152238845825,0.6646826267242432,-0.08289080113172531,0.38660454750061035,0.6893489360809326,-0.0776694267988205,0.3614838123321533,0.6922019124031067,-0.0740244910120964
307,0.6718792915344238,0.6489877104759216,-3.0777218285038543e-07,0.6459312438964844,0.5570866465568542,-0.005910100881010294,0.6180552840232849,0.4614027142524719,-0.019388550892472267,0.5800473093986511,0.39778369665145874,-0.03094996139407158,0.5574358701705933,0.3856823444366455,-0.039273060858249664,0.6632457971572876,0.40825194120407104,-0.036003295332193375,0.5573418140411377,0.4157198965549469,-0.05200374871492386,0.5612627863883972,0.46380287408828735,-0.050881847739219666,0.5871401429176331,0.46832603216171265,-0.04995780065655708,0.6661843061447144,0.44930288195610046,-0.04397270455956459,0.5475561022758484,0.4683091342449188,-0.06039004400372505,0.5613983273506165,0.5092520713806152,-0.05236257612705231,0.5870726108551025,0.5096728205680847,-0.048238467425107956,0.6576036810874939,0.5025938749313354,-0.05133606866002083,0.5480599403381348,0.5235763788223267,-0.06281375885009766,0.5641330480575562,0.5584408044815063,-0.04797404631972313,0.5924023985862732,0.5567522048950195,-0.040484871715307236,0.643584132194519,0.559137761592865,-0.059432294219732285,0.555026113986969,0.5801666975021362,-0.06898804754018784,0.5667612552642822,0.602515697479248,-0.06482893228530884,0.5915470719337463,0.5993409156799316,-0.06192632019519806,0.3030160665512085,0.7724276185035706,-3.7994718127265514e-07,0.3387017846107483,0.6878069043159485,-0.015536057762801647,0.37560030817985535,0.6011112928390503,-0.031242968514561653,0.400224506855011,0.5367215275764465,-0.04642202705144882,0.408047080039978,0.49439042806625366,-0.05829678103327751,0.3272286057472229,0.5455219745635986,-0.047352008521556854,0.4297739863395691,0.5676711797714233,-0.08386917412281036,0.4276145100593567,0.6172298192977905,-0.10030559450387955,0.3983602821826935,0.6224984526634216,-0.11034120619297028,0.31001046299934387,0.6002570390701294,-0.058067891746759415,0.43410059809684753,0.6276808977127075,-0.09188035130500793,0.42212459444999695,0.6750386357307434,-0.0961538627743721,0.3938193619251251,0.6748584508895874,-0.09972482919692993,0.3082374632358551,0.6673150658607483,-0.07018540799617767,0.4250217080116272,0.689397931098938,-0.10096286982297897,0.4139705002307892,0.7239962220191956,-0.09317848086357117,0.387698769569397,0.723360002040863,-0.08696542680263519,0.31592079997062683,0.7367833256721497,-0.08392909914255142,0.4088354706764221,0.7499160766601562,-0.10399693995714188,0.4033792018890381,0.7663787603378296,-0.10035426914691925,0.37898144125938416,0.7632843852043152,-0.0967809408903122
308,0.0,0.0,0.0,0.0,0.0,0.0,0.0,0.0,0.0,0.0,0.0,0.0,0.0,0.0,0.0,0.0,0.0,0.0,0.0,0.0,0.0,0.0,0.0,0.0,0.0,0.0,0.0,0.0,0.0,0.0,0.0,0.0,0.0,0.0,0.0,0.0,0.0,0.0,0.0,0.0,0.0,0.0,0.0,0.0,0.0,0.0,0.0,0.0,0.0,0.0,0.0,0.0,0.0,0.0,0.0,0.0,0.0,0.0,0.0,0.0,0.0,0.0,0.0,0.32248300313949585,0.7544361352920532,-1.0715942977412851e-07,0.36616671085357666,0.6756056547164917,-0.016656864434480667,0.39262592792510986,0.5893041491508484,-0.0326031818985939,0.40404438972473145,0.5277290344238281,-0.04685524106025696,0.4104726314544678,0.478943407535553,-0.05656518414616585,0.3117549419403076,0.5144059658050537,-0.047182999551296234,0.4072935879230499,0.5134247541427612,-0.07756983488798141,0.41050204634666443,0.5661192536354065,-0.08892245590686798,0.3890840411186218,0.5788712501525879,-0.09529504179954529,0.2973967492580414,0.5557478666305542,-0.05383330583572388,0.41171687841415405,0.5714392066001892,-0.07990345358848572,0.4064265191555023,0.6184418797492981,-0.07868652790784836,0.3837991952896118,0.6234896779060364,-0.07889765501022339,0.29904794692993164,0.6157745718955994,-0.06198415160179138,0.4094921052455902,0.6285748481750488,-0.08685394376516342,0.39994800090789795,0.6673258543014526,-0.07745003700256348,0.3765586316585541,0.6705102324485779,-0.07122164964675903,0.3123566806316376,0.6794577836990356,-0.07147350907325745,0.4034954011440277,0.6832240223884583,-0.08770965784788132,0.3947676718235016,0.7091246843338013,-0.08305488526821136,0.3701796233654022,0.7135027647018433,-0.07940179109573364
309,0.7074620723724365,0.7971583604812622,-5.738439767810632e-07,0.6734159588813782,0.6835860013961792,0.0018151055555790663,0.6367518305778503,0.5815078020095825,-0.011946440674364567,0.6004689335823059,0.5160332918167114,-0.027957748621702194,0.5759409070014954,0.48159676790237427,-0.042398784309625626,0.6745281219482422,0.511696994304657,-0.02822023630142212,0.5721130967140198,0.5130323767662048,-0.053891316056251526,0.5796471238136292,0.562092661857605,-0.06492763757705688,0.6057379841804504,0.573799729347229,-0.07070192694664001,0.6750656366348267,0.5629838109016418,-0.04327861964702606,0.5638312101364136,0.5810533761978149,-0.06816903501749039,0.5769047737121582,0.6175642609596252,-0.06814350932836533,0.6080433130264282,0.6240260004997253,-0.06868267804384232,0.6659655570983887,0.6245005130767822,-0.05805787444114685,0.563384473323822,0.6351250410079956,-0.08081497251987457,0.5782419443130493,0.666976809501648,-0.06707689166069031,0.6093863248825073,0.6712865829467773,-0.05695712938904762,0.6515833735466003,0.6861956715583801,-0.07248399406671524,0.5718816518783569,0.6871016621589661,-0.08807247877120972,0.5835176706314087,0.7112556099891663,-0.0782243013381958,0.6105588674545288,0.7160601019859314,-0.06872823089361191,0.33108747005462646,0.7310934066772461,-3.19109233259951e-07,0.3709449768066406,0.6437630653381348,-0.008043564856052399,0.39761075377464294,0.5535582304000854,-0.018000714480876923,0.40814831852912903,0.4860113859176636,-0.028103254735469818,0.4001997709274292,0.4352591037750244,-0.03419911116361618,0.3255276083946228,0.4796164631843567,-0.029505161568522453,0.4213729798793793,0.49705570936203003,-0.05980929732322693,0.4178256392478943,0.5473107099533081,-0.0760490745306015,0.38886648416519165,0.5510217547416687,-0.08679423481225967,0.3080660104751587,0.5280125737190247,-0.04002812132239342,0.4226469397544861,0.5547539591789246,-0.06740598380565643,0.41064268350601196,0.5985665917396545,-0.07362395524978638,0.38493284583091736,0.5958722233772278,-0.07971688359975815,0.3067501485347748,0.5911366939544678,-0.051739808171987534,0.4174586534500122,0.611556887626648,-0.07655409723520279,0.40483447909355164,0.6481391787528992,-0.07303569465875626,0.38005295395851135,0.6464611291885376,-0.0709904134273529,0.31671643257141113,0.6579164266586304,-0.06446149945259094,0.40883970260620117,0.666494607925415,-0.0803162157535553,0.3976970911026001,0.6891971826553345,-0.0798267275094986,0.36873194575309753,0.6909353137016296,-0.07905029505491257
310,0.7112342715263367,0.6816442012786865,-6.375761927301937e-07,0.6969267129898071,0.5776612758636475,-0.007748177275061607,0.6706428527832031,0.48334112763404846,-0.026811741292476654,0.6276800632476807,0.4251216948032379,-0.04534386098384857,0.5955065488815308,0.4068710207939148,-0.062166471034288406,0.7018932104110718,0.4192771315574646,-0.04212207347154617,0.5988335609436035,0.4059378504753113,-0.07139963656663895,0.5955817699432373,0.4606092870235443,-0.08235640078783035,0.617497444152832,0.47690802812576294,-0.08810381591320038,0.7038570642471313,0.4641581177711487,-0.05193152651190758,0.5903328061103821,0.4709942042827606,-0.0811183974146843,0.5993525981903076,0.5146781802177429,-0.07993629574775696,0.6282077431678772,0.5218189358711243,-0.07902779430150986,0.6933161020278931,0.5197656154632568,-0.06197701022028923,0.5885790586471558,0.5314738750457764,-0.08725085109472275,0.6021028161048889,0.5654950141906738,-0.07333479821681976,0.6321565508842468,0.5665189623832703,-0.06318750977516174,0.6761701107025146,0.5740697383880615,-0.07220231741666794,0.5926563143730164,0.5836615562438965,-0.08915463835000992,0.6053603291511536,0.6086989045143127,-0.08101991564035416,0.6326674222946167,0.608939528465271,-0.07361108064651489,0.32875609397888184,0.770642876625061,-4.136345808092301e-07,0.36971962451934814,0.677868664264679,-0.00864058081060648,0.4023343026638031,0.5873288512229919,-0.018893759697675705,0.4166572093963623,0.5227779150009155,-0.029918279498815536,0.4152786135673523,0.4901655912399292,-0.038279253989458084,0.3449871838092804,0.5216286182403564,-0.02916961908340454,0.44348761439323425,0.559432864189148,-0.05935849994421005,0.4360952377319336,0.6053484082221985,-0.07693346589803696,0.4061953127384186,0.60612952709198,-0.0894056186079979,0.3265533149242401,0.5745477080345154,-0.041745543479919434,0.442641019821167,0.617222249507904,-0.06827086955308914,0.42849037051200867,0.6582716703414917,-0.07499177008867264,0.40126994252204895,0.6568700075149536,-0.08151913434267044,0.3215937316417694,0.6418717503547668,-0.05537347495555878,0.43228158354759216,0.6755814552307129,-0.08004913479089737,0.42101168632507324,0.7082271575927734,-0.075941301882267,0.397696852684021,0.7077065706253052,-0.07323609292507172,0.32474905252456665,0.714614987373352,-0.07045149058103561,0.4170384705066681,0.7363021969795227,-0.08723648637533188,0.4146876037120819,0.7510076761245728,-0.08514367789030075,0.39503154158592224,0.7483721375465393,-0.08270406723022461
311,0.7116536498069763,0.6636113524436951,-4.0446141724714835e-07,0.6932818293571472,0.5719207525253296,-0.008068020455539227,0.6673707962036133,0.48170721530914307,-0.025932027027010918,0.6289979219436646,0.41868916153907776,-0.042408790439367294,0.6011488437652588,0.39755013585090637,-0.05557567998766899,0.7065746188163757,0.40903472900390625,-0.04202244058251381,0.6042789220809937,0.40030425786972046,-0.06666494905948639,0.6039304137229919,0.4536055326461792,-0.07042344659566879,0.6291787028312683,0.4671027958393097,-0.0714203342795372,0.7113295197486877,0.44923654198646545,-0.051555879414081573,0.5938698053359985,0.4584490656852722,-0.07591324299573898,0.6049666404724121,0.5031857490539551,-0.06950819492340088,0.6334728002548218,0.5085591077804565,-0.06504809856414795,0.7009817361831665,0.5031221508979797,-0.0613863542675972,0.5916540622711182,0.5205164551734924,-0.07992313802242279,0.6060326099395752,0.5578270554542542,-0.06455863267183304,0.6355891823768616,0.5577456951141357,-0.05535850673913956,0.6835278868675232,0.5593933463096619,-0.07206600904464722,0.5957006216049194,0.5781574845314026,-0.086565300822258,0.6057910323143005,0.604489803314209,-0.08159279078245163,0.6301923990249634,0.603834867477417,-0.07698213309049606,0.35334667563438416,0.7464169859886169,-2.1252769499824353e-07,0.3923632800579071,0.6670612096786499,-0.01249095518141985,0.41239699721336365,0.5806005001068115,-0.028323926031589508,0.421491414308548,0.5156710147857666,-0.04338645935058594,0.42426371574401855,0.47456130385398865,-0.05539799854159355,0.34160709381103516,0.5200932621955872,-0.04189210385084152,0.4291784167289734,0.5128592252731323,-0.07557069510221481,0.43426111340522766,0.5648374557495117,-0.0934695228934288,0.41019344329833984,0.5813351273536682,-0.10418766736984253,0.32777753472328186,0.5587021708488464,-0.05093808099627495,0.430822491645813,0.5665821433067322,-0.07694549113512039,0.4277506172657013,0.6106162667274475,-0.07968863844871521,0.400233656167984,0.6185712218284607,-0.08345429599285126,0.3268250823020935,0.610002338886261,-0.06146020442247391,0.42601507902145386,0.6210836172103882,-0.08457040786743164,0.41983968019485474,0.6554863452911377,-0.07619824260473251,0.39266282320022583,0.661766529083252,-0.07156525552272797,0.33336350321769714,0.6635338664054871,-0.07322683185338974,0.40882086753845215,0.6698806285858154,-0.0888219103217125,0.4051358997821808,0.6975222229957581,-0.08312121033668518,0.38134515285491943,0.70602947473526,-0.07872352749109268
312,0.6910006403923035,0.7121212482452393,-5.30587897173973e-07,0.6542444229125977,0.6223310232162476,-0.011700153350830078,0.6202254891395569,0.5340602993965149,-0.027603166177868843,0.5933434963226318,0.47660109400749207,-0.04196108505129814,0.588886022567749,0.4410605728626251,-0.052895862609148026,0.6796942353248596,0.4771009385585785,-0.03694361820816994,0.5841530561447144,0.49606016278266907,-0.06283082067966461,0.5895047187805176,0.5474888682365417,-0.07254908233880997,0.6159433126449585,0.5498592853546143,-0.07818015664815903,0.6877199411392212,0.5290639400482178,-0.04593941196799278,0.5766983032226562,0.5556022524833679,-0.06975584477186203,0.5921664237976074,0.5914276242256165,-0.0681801438331604,0.6210490465164185,0.5901732444763184,-0.06742677092552185,0.6835291981697083,0.5896695256233215,-0.05597960576415062,0.5817874670028687,0.6133077144622803,-0.07572206109762192,0.5967982411384583,0.6385893821716309,-0.06386242061853409,0.625039279460907,0.6337177753448486,-0.056068867444992065,0.6735157370567322,0.6499576568603516,-0.06721416115760803,0.5924363136291504,0.6692641973495483,-0.08301049470901489,0.605741024017334,0.6822600960731506,-0.07868985831737518,0.6328184604644775,0.6762292385101318,-0.07356702536344528,0.33554738759994507,0.6992723345756531,-2.874378992601123e-07,0.3948829770088196,0.5911698341369629,-0.013213993981480598,0.4283544421195984,0.4974062442779541,-0.033540837466716766,0.44832244515419006,0.4302874803543091,-0.05549188703298569,0.466413289308548,0.39822885394096375,-0.07226495444774628,0.34537947177886963,0.4212776720523834,-0.04007505252957344,0.4276833236217499,0.4133453369140625,-0.07957123219966888,0.4313834011554718,0.4697238504886627,-0.10108230262994766,0.4140984117984772,0.49290814995765686,-0.1137337014079094,0.32619816064834595,0.46520504355430603,-0.05210677906870842,0.4350994825363159,0.4746973514556885,-0.08998149633407593,0.4239352345466614,0.5254417657852173,-0.0977194756269455,0.39302733540534973,0.5374957323074341,-0.1021324172616005,0.3221849203109741,0.5234856605529785,-0.06667732447385788,0.4298038184642792,0.5441157817840576,-0.09907006472349167,0.41194549202919006,0.5776787400245667,-0.09401944279670715,0.378683865070343,0.5766476988792419,-0.08875221759080887,0.32788676023483276,0.5868305563926697,-0.08279921859502792,0.4191601872444153,0.6026281714439392,-0.0998448058962822,0.40724819898605347,0.6236340403556824,-0.09491956979036331,0.3758757710456848,0.6202563047409058,-0.09118406474590302
313,0.6938701272010803,0.683179497718811,-3.392732992324454e-07,0.6730983257293701,0.606298565864563,-0.018846062943339348,0.6398786306381226,0.5203646421432495,-0.03753570094704628,0.6027047634124756,0.4587303400039673,-0.05196975916624069,0.5792867541313171,0.417752206325531,-0.06243361160159111,0.6804430484771729,0.4537907838821411,-0.04875651001930237,0.5847905874252319,0.4480869770050049,-0.07670607417821884,0.5750661492347717,0.49675098061561584,-0.08093557506799698,0.5940019488334656,0.5187353491783142,-0.08106977492570877,0.6865993142127991,0.49786505103111267,-0.052198052406311035,0.57175213098526,0.5021806359291077,-0.08174722641706467,0.5785644054412842,0.5500320792198181,-0.07670224457979202,0.6048752665519714,0.5590274333953857,-0.07096052169799805,0.6798455715179443,0.5518243908882141,-0.057201117277145386,0.5734293460845947,0.5611931681632996,-0.08646968007087708,0.5865013003349304,0.6014819145202637,-0.0712435245513916,0.6150285601615906,0.6045932769775391,-0.05834410339593887,0.6664903163909912,0.6061601638793945,-0.06296484172344208,0.5823102593421936,0.6171698570251465,-0.09013479202985764,0.5903440117835999,0.6474215984344482,-0.08749420195817947,0.6127269268035889,0.6507803201675415,-0.08107955753803253,0.34269025921821594,0.700226902961731,-3.5415041566011496e-07,0.38172250986099243,0.6123713254928589,-0.004170271568000317,0.39717036485671997,0.5184682607650757,-0.01497440505772829,0.4006417393684387,0.45076680183410645,-0.027973638847470284,0.40057581663131714,0.40802282094955444,-0.0375233069062233,0.331342488527298,0.45989322662353516,-0.022300103679299355,0.3973066806793213,0.4321020543575287,-0.055703967809677124,0.4124264717102051,0.4850770831108093,-0.07506614923477173,0.4019472599029541,0.5105610489845276,-0.08565084636211395,0.3195544481277466,0.49505120515823364,-0.03523601219058037,0.41972923278808594,0.4881639778614044,-0.06490816175937653,0.42010682821273804,0.541721522808075,-0.07153664529323578,0.3941757380962372,0.559403121471405,-0.07473771274089813,0.3207302987575531,0.543783962726593,-0.04999421909451485,0.4220443367958069,0.5433818101882935,-0.0761089101433754,0.4158138930797577,0.5859814286231995,-0.07082664966583252,0.3873634934425354,0.5962540507316589,-0.06570270657539368,0.33119285106658936,0.5960873365402222,-0.06518489122390747,0.4128839373588562,0.5929257273674011,-0.07995159924030304,0.4092417061328888,0.6256478428840637,-0.07376807183027267,0.3853137791156769,0.633941113948822,-0.06785178929567337
314,0.6930390000343323,0.6457496881484985,-2.8040813049301505e-07,0.6623426079750061,0.5514667630195618,-0.006987847853451967,0.6349668502807617,0.45741021633148193,-0.020733948796987534,0.6008502244949341,0.3966146409511566,-0.032703038305044174,0.581176221370697,0.37906044721603394,-0.04112430661916733,0.6840612292289734,0.40057289600372314,-0.03263307735323906,0.5808863043785095,0.40722066164016724,-0.05234955623745918,0.5877304673194885,0.45434480905532837,-0.05649684742093086,0.6138583421707153,0.4595766067504883,-0.05904441326856613,0.689461350440979,0.43990418314933777,-0.0409366749227047,0.5744153261184692,0.45798569917678833,-0.05944477766752243,0.5906177163124084,0.4976915419101715,-0.05481512472033501,0.6172728538513184,0.4971984624862671,-0.05280843749642372,0.6841316819190979,0.49363046884536743,-0.04932700842618942,0.5774030089378357,0.5144672989845276,-0.06305205821990967,0.5926573872566223,0.5486478805541992,-0.04933745786547661,0.6206147074699402,0.546332061290741,-0.0419483482837677,0.6726125478744507,0.5525360703468323,-0.05857018008828163,0.5821738243103027,0.5709580183029175,-0.07003875076770782,0.5940993428230286,0.5920508503913879,-0.065432608127594,0.6208594441413879,0.5887967348098755,-0.06158468872308731,0.31783732771873474,0.7431076169013977,-4.4413653199626424e-07,0.34620794653892517,0.6553034782409668,-0.0107803950086236,0.3803187906742096,0.5637215971946716,-0.023095326498150826,0.4045026898384094,0.4978547990322113,-0.03562157228589058,0.4228077530860901,0.4568478763103485,-0.046171847730875015,0.33624258637428284,0.5150589346885681,-0.038293901830911636,0.43676483631134033,0.541586697101593,-0.06853307783603668,0.43416741490364075,0.5898283123970032,-0.08575896918773651,0.40589186549186707,0.5955756306648254,-0.09752600640058517,0.3245983123779297,0.5762876272201538,-0.05009306222200394,0.4412972927093506,0.6022327542304993,-0.07458057254552841,0.4300723671913147,0.6439850330352783,-0.08019345253705978,0.4032139778137207,0.6459967494010925,-0.08705436438322067,0.32604408264160156,0.6450936794281006,-0.0625547543168068,0.4348754584789276,0.6617156267166138,-0.085211843252182,0.42491471767425537,0.6923328042030334,-0.08000586926937103,0.39968153834342957,0.6950106024742126,-0.07742354273796082,0.33304595947265625,0.7132918834686279,-0.07632572203874588,0.4216117560863495,0.7233708500862122,-0.08909539133310318,0.4185793995857239,0.7401798367500305,-0.0831233561038971,0.3977039158344269,0.7431908845901489,-0.07916944473981857
315,0.7052009701728821,0.6770899295806885,-4.652912366509554e-07,0.6833356618881226,0.5964415669441223,-0.015833865851163864,0.6517550945281982,0.5104169249534607,-0.03452674299478531,0.614433765411377,0.44824737310409546,-0.05023228004574776,0.5781857371330261,0.4072871208190918,-0.06307677179574966,0.6864994764328003,0.4446660280227661,-0.048954833298921585,0.5864470601081848,0.43621623516082764,-0.0802653506398201,0.5818561911582947,0.4878467321395874,-0.09024761617183685,0.6039975881576538,0.508475661277771,-0.09448791295289993,0.6920658349990845,0.48660486936569214,-0.05484018847346306,0.5755478143692017,0.49074795842170715,-0.08365084230899811,0.5842530727386475,0.5387647747993469,-0.080387182533741,0.6108115911483765,0.5491145849227905,-0.07719457894563675,0.6852445602416992,0.5407717823982239,-0.06202099099755287,0.5769283175468445,0.555038332939148,-0.0869336947798729,0.5898302793502808,0.5945356488227844,-0.07177568227052689,0.6180611252784729,0.5979000926017761,-0.061121948063373566,0.672539472579956,0.5975373983383179,-0.07033707946538925,0.5852622985839844,0.6145868897438049,-0.09173451364040375,0.5961981415748596,0.640771210193634,-0.08691824972629547,0.6213563084602356,0.6415888667106628,-0.08082424849271774,0.3479069173336029,0.7518991231918335,-2.2715845204857033e-07,0.3649786710739136,0.6679677963256836,-0.010138365440070629,0.3901975452899933,0.5797808766365051,-0.026288947090506554,0.41362568736076355,0.5197356939315796,-0.04293271154165268,0.4283255636692047,0.4908773601055145,-0.056279268115758896,0.3366500437259674,0.5219709873199463,-0.041771844029426575,0.4284060299396515,0.5163022875785828,-0.07507802546024323,0.4279148280620575,0.563723087310791,-0.09196478873491287,0.4026830196380615,0.5753691792488098,-0.10249778628349304,0.3320253789424896,0.572554886341095,-0.054348815232515335,0.4377719759941101,0.5741037726402283,-0.08213228732347488,0.4292631149291992,0.6131751537322998,-0.08432671427726746,0.4043223559856415,0.6187371611595154,-0.08694352209568024,0.3387746810913086,0.632582426071167,-0.06822312623262405,0.4397122859954834,0.6320433020591736,-0.09283091127872467,0.4264684319496155,0.6651128530502319,-0.08376789838075638,0.4012940526008606,0.668442964553833,-0.07777906209230423,0.3534786105155945,0.6950747966766357,-0.08326200395822525,0.4371073544025421,0.6895261406898499,-0.09739472717046738,0.4254242777824402,0.7113476395606995,-0.09067407995462418,0.4006676971912384,0.7149257659912109,-0.0859486535191536
316,0.6984700560569763,0.7231977581977844,-5.056204486209026e-07,0.6716703772544861,0.6378369331359863,-0.014706012792885303,0.6436817049980164,0.547970175743103,-0.03133338689804077,0.6114488244056702,0.4847458302974701,-0.044689975678920746,0.5787671208381653,0.44328853487968445,-0.05502544716000557,0.6848334074020386,0.4844456613063812,-0.049783866852521896,0.5855492949485779,0.4939380884170532,-0.07801510393619537,0.5887975096702576,0.5429648160934448,-0.0854274332523346,0.6135892868041992,0.5565152168273926,-0.08823500573635101,0.6936213970184326,0.5283213257789612,-0.05581066012382507,0.5788086652755737,0.5539202094078064,-0.08296998590230942,0.5930361747741699,0.5945308804512024,-0.07962390035390854,0.6211575269699097,0.5991877317428589,-0.07711289077997208,0.6899760365486145,0.5846101641654968,-0.06253088265657425,0.5838661789894104,0.609272837638855,-0.08614383637905121,0.5999283790588379,0.6417914032936096,-0.07134347409009933,0.628726601600647,0.6419484615325928,-0.061289556324481964,0.6799503564834595,0.6447262167930603,-0.07019014656543732,0.5957862138748169,0.6672504544258118,-0.09048736840486526,0.6080904006958008,0.6880010962486267,-0.0855383574962616,0.6342766880989075,0.6855167150497437,-0.07946442812681198,0.32371068000793457,0.7415469288825989,-5.293915705806285e-07,0.3402256667613983,0.6251659393310547,-0.014890945516526699,0.36135098338127136,0.5279340744018555,-0.04359655827283859,0.3835255205631256,0.45690250396728516,-0.07273151725530624,0.41048574447631836,0.4220641553401947,-0.09843731671571732,0.34001070261001587,0.47948911786079407,-0.06661412864923477,0.4179154336452484,0.4502529799938202,-0.11470749229192734,0.42903292179107666,0.5061278343200684,-0.1432362198829651,0.41729438304901123,0.5414568185806274,-0.16032208502292633,0.3360276520252228,0.5371160507202148,-0.08015818148851395,0.44686225056648254,0.5331084132194519,-0.12086690217256546,0.43758025765419006,0.5808631181716919,-0.12883992493152618,0.40851402282714844,0.6061687469482422,-0.13606692850589752,0.34332767128944397,0.6018558740615845,-0.09471628069877625,0.4510997235774994,0.6086810827255249,-0.12479165196418762,0.43327224254608154,0.6393106579780579,-0.11648961901664734,0.40095633268356323,0.6529384255409241,-0.11222811788320541,0.35754701495170593,0.6674861907958984,-0.11103657633066177,0.44353535771369934,0.670759379863739,-0.12621764838695526,0.42774054408073425,0.6925990581512451,-0.11761107295751572,0.3962121903896332,0.7040187120437622,-0.11237192898988724
317,0.7014965415000916,0.6816155314445496,-3.560251116141444e-07,0.6672362685203552,0.599321186542511,-0.01389217097312212,0.6389134526252747,0.5153569579124451,-0.03018975630402565,0.6122764945030212,0.45456892251968384,-0.04348107427358627,0.5874043703079224,0.40662068128585815,-0.0534665584564209,0.6894876956939697,0.4468643069267273,-0.042309001088142395,0.5961288809776306,0.4458690285682678,-0.0677778422832489,0.5908600091934204,0.4898860454559326,-0.07386413216590881,0.6114051938056946,0.5098406672477722,-0.07569761574268341,0.6990902423858643,0.4888451397418976,-0.04751800373196602,0.586349368095398,0.502317488193512,-0.07095237076282501,0.5949864387512207,0.5411311388015747,-0.06714268773794174,0.6209222674369812,0.5463687181472778,-0.06480629742145538,0.695955753326416,0.5426777005195618,-0.053948044776916504,0.5914425849914551,0.5584380030632019,-0.07624193280935287,0.6045078635215759,0.5896114110946655,-0.0627559944987297,0.6313604712486267,0.5882546305656433,-0.05393534526228905,0.6859708428382874,0.5987859964370728,-0.061092134565114975,0.6012867093086243,0.609573483467102,-0.08165236562490463,0.6095858216285706,0.6334337592124939,-0.07789219915866852,0.6320828199386597,0.6334624886512756,-0.0729583203792572,0.3207907974720001,0.7661844491958618,-3.160382391342864e-07,0.3474385738372803,0.6692619323730469,-0.008545229211449623,0.38134336471557617,0.576143205165863,-0.026415826752781868,0.4106700122356415,0.5169742107391357,-0.0444832518696785,0.4226242005825043,0.49322444200515747,-0.060020238161087036,0.3395345211029053,0.5237159132957458,-0.048040568828582764,0.43562281131744385,0.5134919881820679,-0.08129213750362396,0.4404737055301666,0.5588013529777527,-0.10153789818286896,0.4146595895290375,0.5783502459526062,-0.11423695087432861,0.3364037275314331,0.5794431567192078,-0.06065414845943451,0.4465698003768921,0.5839089155197144,-0.08512719720602036,0.43881434202194214,0.617834210395813,-0.08880605548620224,0.40683960914611816,0.6289802193641663,-0.09457391500473022,0.3422137200832367,0.6432989239692688,-0.07351952791213989,0.4444183111190796,0.64501953125,-0.0918893814086914,0.43376046419143677,0.6706152558326721,-0.08319510519504547,0.40458565950393677,0.6775888204574585,-0.07975701242685318,0.35466617345809937,0.706720232963562,-0.08759468048810959,0.4370272159576416,0.7015126347541809,-0.09564462304115295,0.4286658465862274,0.7223191261291504,-0.08580263704061508,0.40354856848716736,0.7303048372268677,-0.08039620518684387
318,0.6970987915992737,0.6482068300247192,-3.3608583294153505e-07,0.6660342216491699,0.5612087249755859,-0.006164615508168936,0.6386312246322632,0.47825634479522705,-0.020589331164956093,0.6070486903190613,0.42112046480178833,-0.03323979675769806,0.5823944211006165,0.3840537667274475,-0.043002836406230927,0.6821710467338562,0.41158702969551086,-0.03848779574036598,0.5864936709403992,0.41911906003952026,-0.055966008454561234,0.5868627429008484,0.4639524817466736,-0.056732989847660065,0.610783040523529,0.4757096469402313,-0.056428369134664536,0.6889163851737976,0.45326197147369385,-0.046779803931713104,0.5802158117294312,0.47469189763069153,-0.062372416257858276,0.5906437039375305,0.5117765069007874,-0.05561047047376633,0.6156860589981079,0.5159624814987183,-0.05280263349413872,0.6843439936637878,0.5067873001098633,-0.054603490978479385,0.5837074518203735,0.5297732949256897,-0.06541997939348221,0.5956931710243225,0.5603750944137573,-0.05127265304327011,0.6211230158805847,0.5606192350387573,-0.04491999000310898,0.6743946671485901,0.5638769865036011,-0.06306826323270798,0.5919969081878662,0.5836875438690186,-0.07340549677610397,0.6018220782279968,0.6017467975616455,-0.06872081756591797,0.6250571012496948,0.5989760160446167,-0.06519503146409988,0.3349703550338745,0.7701734304428101,-1.5826867638679687e-07,0.3555559515953064,0.6841945052146912,-0.005382873583585024,0.38578423857688904,0.5965686440467834,-0.021650632843375206,0.4144171476364136,0.537212610244751,-0.038627028465270996,0.42433664202690125,0.5027222037315369,-0.05309578403830528,0.3334830105304718,0.5374665856361389,-0.04462391883134842,0.42816388607025146,0.5314339399337769,-0.07806973159313202,0.43626365065574646,0.5749130845069885,-0.09623780101537704,0.41530680656433105,0.5969255566596985,-0.10651866346597672,0.328853964805603,0.5849320888519287,-0.0586576983332634,0.4411035180091858,0.589736819267273,-0.08332647383213043,0.43765875697135925,0.6233652830123901,-0.08563751727342606,0.41085273027420044,0.6368165612220764,-0.08905062079429626,0.3336217999458313,0.6450121998786926,-0.07292554527521133,0.43665602803230286,0.6451764106750488,-0.09336297959089279,0.43080413341522217,0.6753472685813904,-0.08353836834430695,0.40810325741767883,0.6844946146011353,-0.07772863656282425,0.3449458181858063,0.7082592248916626,-0.08792994171380997,0.42874473333358765,0.7036142349243164,-0.09899204224348068,0.42785772681236267,0.7241068482398987,-0.08988305926322937,0.41084790229797363,0.7312509417533875,-0.08359522372484207
319,0.6979910135269165,0.7519041895866394,-6.943537300685421e-07,0.6783779263496399,0.6268278956413269,-0.003661668160930276,0.6469702124595642,0.5161119103431702,-0.025734927505254745,0.6075865626335144,0.4614187479019165,-0.050054993480443954,0.5774632692337036,0.4682459235191345,-0.07510880380868912,0.6868974566459656,0.4359455108642578,-0.04336783289909363,0.5841966867446899,0.41308945417404175,-0.08152234554290771,0.5758165717124939,0.4650192856788635,-0.10344764590263367,0.5938572287559509,0.4862099289894104,-0.11645836383104324,0.6901829242706299,0.48035553097724915,-0.06011081859469414,0.5755316615104675,0.4716366231441498,-0.09415003657341003,0.5742220878601074,0.5184065103530884,-0.10091044753789902,0.5993989706039429,0.5395119190216064,-0.10520149767398834,0.6805934309959412,0.5431501865386963,-0.07688074558973312,0.5718714594841003,0.5509793162345886,-0.10335783660411835,0.5747586488723755,0.5889874696731567,-0.09396407008171082,0.6002340912818909,0.6001430153846741,-0.08742036670446396,0.6618362069129944,0.6061567664146423,-0.09390716254711151,0.5713381767272949,0.6222487092018127,-0.10973574221134186,0.5755207538604736,0.6510853171348572,-0.10064028948545456,0.5979177951812744,0.6580802202224731,-0.09318649768829346,0.328096479177475,0.7329016923904419,5.038231520870795e-08,0.34156155586242676,0.6546478867530823,-0.004892581608146429,0.36752817034721375,0.5745379328727722,-0.01922539994120598,0.39403122663497925,0.5189085602760315,-0.03436443582177162,0.4095478355884552,0.481383740901947,-0.04765867814421654,0.32599079608917236,0.5281740427017212,-0.03519602119922638,0.4028686285018921,0.498533695936203,-0.066556915640831,0.41946089267730713,0.5164096355438232,-0.0860523134469986,0.4076593518257141,0.5292458534240723,-0.0973634198307991,0.32617267966270447,0.5649340152740479,-0.0479627326130867,0.42025628685951233,0.5519213080406189,-0.07229325920343399,0.42214253544807434,0.5703956484794617,-0.07811632007360458,0.3962128460407257,0.5783230066299438,-0.08348602801561356,0.33610260486602783,0.6141347289085388,-0.06130214408040047,0.4257059097290039,0.6048659086227417,-0.08081970363855362,0.42278042435646057,0.6211487054824829,-0.07387078553438187,0.39692237973213196,0.6252895593643188,-0.06979794800281525,0.3507044017314911,0.6674109101295471,-0.07537387311458588,0.41998204588890076,0.6619670391082764,-0.08661391586065292,0.42331671714782715,0.6726992130279541,-0.07937029004096985,0.40697163343429565,0.6762669086456299,-0.0737750455737114
320,0.6941612958908081,0.7802111506462097,-6.117182920206687e-07,0.6612085700035095,0.6722118854522705,-0.004818768706172705,0.6302038431167603,0.571392834186554,-0.0188447255641222,0.5925501585006714,0.503021240234375,-0.03363147750496864,0.563514232635498,0.4602333903312683,-0.0459548644721508,0.6758055090904236,0.5001684427261353,-0.027476996183395386,0.5761733055114746,0.5047017335891724,-0.056263912469148636,0.5829178094863892,0.5538548231124878,-0.07091012597084045,0.6091578006744385,0.5685616135597229,-0.07915599644184113,0.6771326661109924,0.5502453446388245,-0.040229421108961105,0.5594426393508911,0.5658631920814514,-0.07006248086690903,0.5775879621505737,0.6018735766410828,-0.07398830354213715,0.610155463218689,0.6077499985694885,-0.0759548544883728,0.6688817143440247,0.6096060276031494,-0.05377402529120445,0.5623823404312134,0.619551956653595,-0.08069781213998795,0.5817067623138428,0.6499138474464417,-0.06989670544862747,0.6138318181037903,0.650555431842804,-0.06066128984093666,0.6551699638366699,0.6690556406974792,-0.06782731413841248,0.5746878385543823,0.6727981567382812,-0.08716541528701782,0.5880653858184814,0.694064199924469,-0.0808713287115097,0.616004228591919,0.6948140263557434,-0.07303664833307266,0.3266706168651581,0.6951541900634766,-5.993548768401524e-08,0.3557950258255005,0.6200042963027954,-0.015320811420679092,0.38246437907218933,0.5336264967918396,-0.03115624189376831,0.4017072021961212,0.4725073277950287,-0.045617107301950455,0.40517568588256836,0.4337189793586731,-0.05656808614730835,0.3190900385379791,0.4659131169319153,-0.04268614947795868,0.40639930963516235,0.4585587978363037,-0.07543300092220306,0.4124561548233032,0.5038870573043823,-0.08957984298467636,0.39352765679359436,0.5168578624725342,-0.09725355356931686,0.3105519711971283,0.5027448534965515,-0.05073357746005058,0.41685959696769714,0.5014349818229675,-0.07945425063371658,0.4150564968585968,0.5445285439491272,-0.0802144929766655,0.3925115466117859,0.5525947213172913,-0.07990314811468124,0.3143046498298645,0.5552973747253418,-0.06075550243258476,0.4175959825515747,0.5542944669723511,-0.08759656548500061,0.41173890233039856,0.5932730436325073,-0.0795808658003807,0.3889395296573639,0.5987876057624817,-0.07251719385385513,0.3279111981391907,0.6140462756156921,-0.07202187180519104,0.4113035202026367,0.6114310622215271,-0.08944039791822433,0.4047042727470398,0.6392263174057007,-0.08557163178920746,0.3823978900909424,0.6452873945236206,-0.08138753473758698
321,0.6889165043830872,0.7142590284347534,-2.8847006205978687e-07,0.6524028778076172,0.608860433101654,-0.0023711950052529573,0.6283904314041138,0.51836097240448,-0.015237019397318363,0.6007189750671387,0.4560055732727051,-0.028274167329072952,0.5729630589485168,0.4174589514732361,-0.03871137648820877,0.6678173542022705,0.4357600212097168,-0.02449548803269863,0.5666075944900513,0.44422411918640137,-0.04292277246713638,0.5728048086166382,0.4847610592842102,-0.049493204802274704,0.5996795892715454,0.4910805821418762,-0.05326876416802406,0.6754889488220215,0.47191765904426575,-0.034407805651426315,0.5618519186973572,0.4988096356391907,-0.04909050092101097,0.577363908290863,0.5305070877075195,-0.04727690666913986,0.6040176153182983,0.5302873849868774,-0.0486704520881176,0.6718758344650269,0.5233370065689087,-0.044344477355480194,0.5646726489067078,0.5497428774833679,-0.05429438129067421,0.5819754600524902,0.5766685605049133,-0.0422157384455204,0.6099417209625244,0.5730428099632263,-0.03768178075551987,0.661400318145752,0.5818764567375183,-0.05499640107154846,0.5735384821891785,0.5986994504928589,-0.06391763687133789,0.5879477262496948,0.6194428205490112,-0.05763552337884903,0.6148805022239685,0.6189238429069519,-0.05299501493573189,0.3234511613845825,0.710563600063324,-1.4119279967417242e-07,0.3309185206890106,0.6251271963119507,-0.00803486630320549,0.3500141203403473,0.5505693554878235,-0.024451809003949165,0.3698366582393646,0.5041792392730713,-0.04105738550424576,0.38184240460395813,0.4902303218841553,-0.056750889867544174,0.3126557171344757,0.5281299948692322,-0.050111621618270874,0.3995838463306427,0.5013203024864197,-0.07840487360954285,0.40986910462379456,0.5266559720039368,-0.09361067414283752,0.38670584559440613,0.5440374612808228,-0.1031384989619255,0.31697818636894226,0.582890510559082,-0.06251180917024612,0.42028868198394775,0.5699201226234436,-0.0836978629231453,0.4150366187095642,0.5906615853309631,-0.08489494025707245,0.38243499398231506,0.6020368337631226,-0.08847997337579727,0.33084002137184143,0.6444634795188904,-0.07436423748731613,0.4249998927116394,0.6301239132881165,-0.0913647711277008,0.41586580872535706,0.6441149115562439,-0.0830521285533905,0.3857943117618561,0.650873601436615,-0.07954667508602142,0.34933531284332275,0.7032293081283569,-0.08720064163208008,0.42138245701789856,0.6978496313095093,-0.0993562787771225,0.4164055585861206,0.7060959935188293,-0.09239780157804489,0.3933617174625397,0.712151050567627,-0.08762121200561523
322,0.6862098574638367,0.6720457077026367,-3.635244638644508e-07,0.6547732949256897,0.5742082595825195,-0.0022582346573472023,0.6300451159477234,0.4870665669441223,-0.018123088404536247,0.5981339812278748,0.42738693952560425,-0.034032389521598816,0.5661389827728271,0.3999156355857849,-0.046762220561504364,0.6691573262214661,0.4151805639266968,-0.036583784967660904,0.5683340430259705,0.4237767457962036,-0.057549864053726196,0.5734071731567383,0.4698542654514313,-0.06037012115120888,0.5985192656517029,0.4771135747432709,-0.061302345246076584,0.6768282055854797,0.45852670073509216,-0.04935014247894287,0.5633928179740906,0.4863954782485962,-0.06956641376018524,0.5795721411705017,0.5227549076080322,-0.06349768489599228,0.6077077388763428,0.5224685668945312,-0.06073557212948799,0.6728948950767517,0.515117347240448,-0.06179529428482056,0.5666548013687134,0.541863203048706,-0.07609084248542786,0.5836904644966125,0.572415292263031,-0.06060623377561569,0.6121931672096252,0.5690178871154785,-0.052792541682720184,0.6633043885231018,0.5743774771690369,-0.07487346976995468,0.577655553817749,0.5963084697723389,-0.08635412901639938,0.5888647437095642,0.6161107420921326,-0.08057304471731186,0.6126920580863953,0.6115188598632812,-0.07618574798107147,0.2932949960231781,0.7216668128967285,-8.667689854746641e-08,0.3197612166404724,0.6513465642929077,-0.019686849787831306,0.3567608594894409,0.566838264465332,-0.03693608194589615,0.38555335998535156,0.507664680480957,-0.05223000794649124,0.4068611264228821,0.46751001477241516,-0.06483197957277298,0.3232935965061188,0.5171814560890198,-0.05235605686903,0.4268597662448883,0.5413510203361511,-0.08837827295064926,0.43568840622901917,0.585311770439148,-0.10304337739944458,0.41639411449432373,0.5995064377784729,-0.11029625684022903,0.311098575592041,0.5706616640090942,-0.05942283943295479,0.4270629584789276,0.5905619859695435,-0.09165385365486145,0.42986658215522766,0.6331412196159363,-0.09252001345157623,0.41300836205482483,0.6426969766616821,-0.09237176924943924,0.30990636348724365,0.6342188715934753,-0.06841839849948883,0.4199334979057312,0.6495782136917114,-0.09736375510692596,0.42405444383621216,0.6789556741714478,-0.08860952407121658,0.40961721539497375,0.6833053231239319,-0.08065012097358704,0.31591278314590454,0.7017146348953247,-0.0790732279419899,0.40803584456443787,0.7131823301315308,-0.09692637622356415,0.4171096384525299,0.7237856388092041,-0.09230852872133255,0.40836143493652344,0.7215386033058167,-0.08746863901615143
323,0.7096648216247559,0.7208638191223145,-4.5396345171866415e-07,0.6723082661628723,0.6302253007888794,-0.008799406699836254,0.6240655183792114,0.540712833404541,-0.0222504623234272,0.5807204246520996,0.49148693680763245,-0.03418440744280815,0.5616735219955444,0.5017274022102356,-0.044096555560827255,0.6713472604751587,0.5125553607940674,-0.036611467599868774,0.5648812055587769,0.5384092926979065,-0.05556441843509674,0.5753453373908997,0.5859546661376953,-0.059302981942892075,0.6054384708404541,0.5883674621582031,-0.06209797412157059,0.6813080310821533,0.5728945136070251,-0.04601182043552399,0.5620993971824646,0.600371241569519,-0.06290295720100403,0.5826641917228699,0.6319324970245361,-0.05780918151140213,0.6143707633018494,0.6279991865158081,-0.05641302466392517,0.6806992292404175,0.6376630067825317,-0.05528328940272331,0.5704902410507202,0.6613419055938721,-0.06574171036481857,0.5877755284309387,0.6849052906036377,-0.05114002898335457,0.6176659464836121,0.6787000298500061,-0.04438778758049011,0.6753247976303101,0.7017046213150024,-0.06582897156476974,0.5844829082489014,0.7239730358123779,-0.07320326566696167,0.5989101529121399,0.7339446544647217,-0.06566036492586136,0.6273072361946106,0.7260873317718506,-0.06096667796373367,0.3243289589881897,0.6930125951766968,1.0530582983392378e-07,0.3479979932308197,0.6068311929702759,-0.017979711294174194,0.3653779625892639,0.5260648131370544,-0.036757320165634155,0.37933000922203064,0.4645312428474426,-0.054117389023303986,0.3866308927536011,0.41949373483657837,-0.06804972887039185,0.30422550439834595,0.4581093490123749,-0.04548938199877739,0.39203131198883057,0.454894095659256,-0.07984396070241928,0.3951273262500763,0.4929918348789215,-0.09667260944843292,0.3742619752883911,0.49941033124923706,-0.10673221200704575,0.29490989446640015,0.48922425508499146,-0.05254513770341873,0.4007822275161743,0.49719002842903137,-0.08214011043310165,0.3979027271270752,0.5338112115859985,-0.08414101600646973,0.37144702672958374,0.5377766489982605,-0.0856933519244194,0.2967959940433502,0.5410727262496948,-0.06185618042945862,0.3988458514213562,0.5470878481864929,-0.09002269804477692,0.3908608853816986,0.5804564356803894,-0.08230943232774734,0.363618403673172,0.5820948481559753,-0.07602537423372269,0.3062261939048767,0.6017160415649414,-0.07254413515329361,0.38837310671806335,0.6028704643249512,-0.09258251637220383,0.38272422552108765,0.6250398755073547,-0.08902575820684433,0.35764428973197937,0.6288563013076782,-0.08509031683206558
324,0.6867209672927856,0.7473483681678772,-4.866905101152952e-07,0.6541991829872131,0.6623853445053101,-0.01504703238606453,0.6241194605827332,0.5741914510726929,-0.032567430287599564,0.5922608375549316,0.5113407373428345,-0.04682742431759834,0.5700522661209106,0.47199881076812744,-0.05857286974787712,0.6783652901649475,0.5194426774978638,-0.05519700422883034,0.5741756558418274,0.518478512763977,-0.08272963017225266,0.5738927721977234,0.5660525560379028,-0.08782920241355896,0.5958569049835205,0.58183354139328,-0.08902003616094589,0.6850239634513855,0.5654473900794983,-0.06054602190852165,0.5663900971412659,0.5806318521499634,-0.09005124121904373,0.5761538147926331,0.6166691780090332,-0.08640415966510773,0.6036726832389832,0.6210646629333496,-0.08379156142473221,0.6789302825927734,0.620894193649292,-0.06611081957817078,0.5690420269966125,0.6322622895240784,-0.09380622208118439,0.5812585949897766,0.6634503602981567,-0.0786370187997818,0.6097627878189087,0.6654041409492493,-0.06720967590808868,0.6656700968742371,0.67777419090271,-0.0720195397734642,0.5806078910827637,0.6864947080612183,-0.09551341831684113,0.5897021889686584,0.7073078155517578,-0.09081541001796722,0.6150251626968384,0.7043277025222778,-0.08458355069160461,0.31495431065559387,0.6823239326477051,-2.370452705235948e-07,0.34817445278167725,0.6022487878799438,-0.014174126088619232,0.3714178800582886,0.5147897005081177,-0.028625965118408203,0.384657621383667,0.45380115509033203,-0.042276278138160706,0.3874540328979492,0.41950723528862,-0.0516783744096756,0.29997700452804565,0.43484270572662354,-0.03463141992688179,0.39614975452423096,0.4423772692680359,-0.06691896915435791,0.4014424681663513,0.4934075176715851,-0.0826796367764473,0.37648874521255493,0.50301593542099,-0.09228833019733429,0.2869461476802826,0.47930216789245605,-0.0431838296353817,0.40234288573265076,0.49714919924736023,-0.07233899086713791,0.39791688323020935,0.5420249104499817,-0.07617165148258209,0.3731527328491211,0.5427790284156799,-0.0792027935385704,0.28879407048225403,0.5389944911003113,-0.053915757685899734,0.40026721358299255,0.5555904507637024,-0.0806151032447815,0.3927457928657532,0.5926071405410767,-0.07616310566663742,0.36866939067840576,0.5927690863609314,-0.07224727421998978,0.3010423481464386,0.6025127172470093,-0.06628385186195374,0.3931054472923279,0.610691487789154,-0.08341909199953079,0.38633954524993896,0.6347430944442749,-0.08303291350603104,0.36126241087913513,0.6377907991409302,-0.0816722959280014
325,0.6930314898490906,0.6946889162063599,-2.681668433979212e-07,0.6572803258895874,0.6013918519020081,-0.00475023640319705,0.6292015910148621,0.5164527297019958,-0.01578277349472046,0.6010141968727112,0.45533302426338196,-0.025852523744106293,0.5818364024162292,0.40285998582839966,-0.03303159400820732,0.6745094656944275,0.4514894187450409,-0.024332046508789062,0.5787689685821533,0.4586140215396881,-0.040070854127407074,0.5829842686653137,0.4966989755630493,-0.0428706556558609,0.6082859039306641,0.5034076571464539,-0.043962620198726654,0.6828149557113647,0.48777151107788086,-0.03118964470922947,0.572638750076294,0.5039274096488953,-0.04399970918893814,0.5850327610969543,0.5362635254859924,-0.0398610420525074,0.6088090538978577,0.5383591055870056,-0.03896932303905487,0.6795417666435242,0.5369507670402527,-0.038139816373586655,0.5750944018363953,0.555473268032074,-0.048302654176950455,0.5891596078872681,0.5836213827133179,-0.035813841968774796,0.6143639087677002,0.5840131640434265,-0.030042318627238274,0.6700674295425415,0.5919509530067444,-0.04560563340783119,0.5828765630722046,0.6063491106033325,-0.055385541170835495,0.5954943299293518,0.6257502436637878,-0.05048619955778122,0.6206252574920654,0.6254007816314697,-0.04636169970035553,0.32883548736572266,0.7035296559333801,-3.2485465339959774e-07,0.3607933819293976,0.6240909099578857,-0.01434219628572464,0.38971787691116333,0.5469449162483215,-0.03022831864655018,0.4048191010951996,0.49414387345314026,-0.04588528722524643,0.4090678095817566,0.47840559482574463,-0.06094218045473099,0.32972922921180725,0.5022679567337036,-0.04324476048350334,0.42178207635879517,0.5233165621757507,-0.07548639178276062,0.4236290156841278,0.5592643022537231,-0.09700112789869308,0.3988786041736603,0.5654003620147705,-0.11162862181663513,0.314012736082077,0.5594703555107117,-0.052950505167245865,0.42395979166030884,0.5842403769493103,-0.07902288436889648,0.4190909266471863,0.6175220012664795,-0.08645043522119522,0.3946729302406311,0.622351884841919,-0.0943412110209465,0.3136979043483734,0.6243240833282471,-0.06343729048967361,0.4169026017189026,0.6437428593635559,-0.08681197464466095,0.41232383251190186,0.6669161915779114,-0.08302325755357742,0.3899848759174347,0.669964075088501,-0.08103756606578827,0.3219451606273651,0.6865300536155701,-0.07565099745988846,0.4062232971191406,0.7001550197601318,-0.08927618712186813,0.4065439701080322,0.7128302454948425,-0.08439911901950836,0.38843071460723877,0.7168217897415161,-0.08117944002151489
326,0.6944813132286072,0.7658536434173584,-7.762819222989492e-07,0.6790851354598999,0.6439144611358643,0.0015613543801009655,0.649744987487793,0.53632652759552,-0.016691792756319046,0.6103960275650024,0.46901971101760864,-0.03833290562033653,0.5769128799438477,0.44471532106399536,-0.059217419475317,0.6873989701271057,0.45271381735801697,-0.02763175033032894,0.6018051505088806,0.4346301853656769,-0.06522921472787857,0.5940635800361633,0.48392656445503235,-0.08805110305547714,0.6093196868896484,0.5063024163246155,-0.10136763751506805,0.6866644620895386,0.49776482582092285,-0.04672229290008545,0.5797092914581299,0.49800726771354675,-0.08114662021398544,0.5851922631263733,0.5434091091156006,-0.08710365742444992,0.6129786968231201,0.5616512298583984,-0.09014910459518433,0.6750858426094055,0.559657871723175,-0.06665780395269394,0.5755820870399475,0.5721517205238342,-0.09429948031902313,0.5874249935150146,0.6093314290046692,-0.08190569281578064,0.6165763139724731,0.6161646842956543,-0.07254868000745773,0.6588518619537354,0.6210542917251587,-0.08688528835773468,0.5818426012992859,0.6374984383583069,-0.10369113087654114,0.592197060585022,0.6660371422767639,-0.09381161630153656,0.6165817379951477,0.668720543384552,-0.0848693698644638,0.0,0.0,0.0,0.0,0.0,0.0,0.0,0.0,0.0,0.0,0.0,0.0,0.0,0.0,0.0,0.0,0.0,0.0,0.0,0.0,0.0,0.0,0.0,0.0,0.0,0.0,0.0,0.0,0.0,0.0,0.0,0.0,0.0,0.0,0.0,0.0,0.0,0.0,0.0,0.0,0.0,0.0,0.0,0.0,0.0,0.0,0.0,0.0,0.0,0.0,0.0,0.0,0.0,0.0,0.0,0.0,0.0,0.0,0.0,0.0,0.0,0.0,0.0
327,0.684391975402832,0.786022961139679,-4.7267903369174746e-07,0.6565235257148743,0.6641063094139099,-0.006869422271847725,0.6303817629814148,0.5596612691879272,-0.023428738117218018,0.5940195322036743,0.4984251856803894,-0.04007064178586006,0.5627238154411316,0.4937550127506256,-0.05420736223459244,0.6770216226577759,0.5089449882507324,-0.035563599318265915,0.573887825012207,0.5185292959213257,-0.061927199363708496,0.5836294889450073,0.5649648904800415,-0.07311701029539108,0.6093277335166931,0.5676338076591492,-0.080023393034935,0.6807324290275574,0.5641672611236572,-0.04813060536980629,0.5616292357444763,0.5855203866958618,-0.07503581792116165,0.5849674344062805,0.6184048652648926,-0.07543496042490005,0.6175349354743958,0.6169180870056152,-0.07626881450414658,0.6757819056510925,0.6266302466392517,-0.06096620857715607,0.5669892430305481,0.6439545750617981,-0.0823092982172966,0.5895376205444336,0.6693964004516602,-0.06921258568763733,0.6223158836364746,0.6653631329536438,-0.06025795266032219,0.6648640632629395,0.6897107362747192,-0.07481053471565247,0.5817612409591675,0.698063313961029,-0.0875169187784195,0.5997645258903503,0.7146048545837402,-0.07893115282058716,0.6302925944328308,0.7126297950744629,-0.07152467966079712,0.3271988034248352,0.69575035572052,-3.1703729064247455e-07,0.35377320647239685,0.5811872482299805,-0.006994485855102539,0.36660662293434143,0.4906262159347534,-0.023099998012185097,0.37294867634773254,0.4268800914287567,-0.041709426790475845,0.38211700320243835,0.4057745039463043,-0.05694432184100151,0.3154524862766266,0.41529685258865356,-0.02843541093170643,0.3974904417991638,0.4107005298137665,-0.058143384754657745,0.39968690276145935,0.4563594162464142,-0.07578986883163452,0.38335996866226196,0.47240084409713745,-0.08820147812366486,0.3062395453453064,0.46443071961402893,-0.04205627739429474,0.41424933075904846,0.4744549095630646,-0.06904850900173187,0.40145206451416016,0.5131431221961975,-0.07534117251634598,0.37242820858955383,0.5243439078330994,-0.0814252495765686,0.30800044536590576,0.5257126688957214,-0.05716659873723984,0.41670942306518555,0.5372006893157959,-0.0807655081152916,0.3967582881450653,0.5642043948173523,-0.07965970784425735,0.36421552300453186,0.5689791440963745,-0.0792606920003891,0.3170345723628998,0.5883612036705017,-0.07343871891498566,0.40264883637428284,0.5954113602638245,-0.0876895934343338,0.3900344669818878,0.6119070053100586,-0.08711115270853043,0.36085256934165955,0.6141651272773743,-0.08658624440431595
328,0.6923869848251343,0.721969723701477,-2.944221648704115e-07,0.6659575700759888,0.6178950071334839,-0.007382937707006931,0.637529194355011,0.5289191007614136,-0.02300301380455494,0.6006293296813965,0.46895283460617065,-0.037996549159288406,0.5661031603813171,0.4408414959907532,-0.050261639058589935,0.6712945103645325,0.4540580213069916,-0.03224000334739685,0.5707520842552185,0.4492289423942566,-0.057224925607442856,0.5730758309364319,0.4981521666049957,-0.06615297496318817,0.5988065004348755,0.5159396529197693,-0.07046928256750107,0.6765967011451721,0.4967544674873352,-0.041465919464826584,0.5613641738891602,0.5082212090492249,-0.06396745145320892,0.576384961605072,0.5494167804718018,-0.0625067949295044,0.6054471731185913,0.5559045672416687,-0.06177569925785065,0.6711274981498718,0.5524739623069763,-0.05153400078415871,0.5667296648025513,0.570329487323761,-0.07040916383266449,0.5845155119895935,0.6018623113632202,-0.058321695774793625,0.6143597364425659,0.6012022495269775,-0.05089312046766281,0.6595003604888916,0.6120014190673828,-0.06226837635040283,0.5751423239707947,0.6232303380966187,-0.07739303261041641,0.5885173678398132,0.6455076336860657,-0.07186636328697205,0.6140860915184021,0.6462128162384033,-0.066207654774189,0.3276505470275879,0.7065141797065735,-2.6192384439127636e-07,0.34408023953437805,0.6177651882171631,-0.0026314943097531796,0.35353606939315796,0.5298033356666565,-0.017499009147286415,0.3664020597934723,0.46703657507896423,-0.03535263612866402,0.38121894001960754,0.42465940117836,-0.050389740616083145,0.29952338337898254,0.48415303230285645,-0.03223031014204025,0.35259538888931274,0.4256533682346344,-0.06673163920640945,0.3759618103504181,0.46728554368019104,-0.08692666888237,0.37143176794052124,0.49448052048683167,-0.09829265624284744,0.2953920364379883,0.5244282484054565,-0.04809608682990074,0.3869905173778534,0.48842692375183105,-0.07822399586439133,0.3939740061759949,0.5338910818099976,-0.08541040122509003,0.37147682905197144,0.5561226606369019,-0.08964905142784119,0.3047439455986023,0.5745549201965332,-0.06485263258218765,0.40203577280044556,0.5558201670646667,-0.08749106526374817,0.3983466625213623,0.5901291370391846,-0.08111876249313354,0.3708585798740387,0.6022046804428101,-0.07690732926130295,0.3230403959751129,0.6272122263908386,-0.08239617943763733,0.4015517830848694,0.6142733693122864,-0.09293297678232193,0.3981074094772339,0.6410600543022156,-0.0851912572979927,0.3752034604549408,0.6508817076683044,-0.07983694970607758
329,0.6816627383232117,0.6699960231781006,-3.082854505009891e-07,0.655644953250885,0.5664293169975281,-0.0037701381370425224,0.6301708221435547,0.4729275405406952,-0.018462786450982094,0.5924870371818542,0.41262876987457275,-0.03303125128149986,0.5618652105331421,0.39024367928504944,-0.044916849583387375,0.6661412715911865,0.4008826017379761,-0.029359567910432816,0.5591724514961243,0.40622958540916443,-0.0516856424510479,0.5683398842811584,0.45318564772605896,-0.05897810310125351,0.5966582894325256,0.4601672887802124,-0.06288966536521912,0.6714041233062744,0.4409638047218323,-0.03996218740940094,0.5535654425621033,0.46411043405532837,-0.05953723564743996,0.5727449655532837,0.5018085241317749,-0.05729527771472931,0.6023387312889099,0.5023509860038757,-0.057242829352617264,0.665890097618103,0.4955838918685913,-0.05071457475423813,0.557449221611023,0.5192473530769348,-0.06564273685216904,0.5765379071235657,0.5528666377067566,-0.053168755024671555,0.6067836284637451,0.5509090423583984,-0.046780236065387726,0.6536721587181091,0.5552864670753479,-0.06206755340099335,0.564179539680481,0.5729932188987732,-0.07415679842233658,0.5796868801116943,0.5955496430397034,-0.0686665028333664,0.6079307794570923,0.5936788320541382,-0.06398710608482361,0.32628461718559265,0.7511100769042969,-4.435111122802482e-07,0.3493761420249939,0.6573994159698486,-0.01239224523305893,0.3707417845726013,0.5676199793815613,-0.02707567624747753,0.3875972032546997,0.5047968626022339,-0.042388200759887695,0.40456873178482056,0.4683721661567688,-0.05552205815911293,0.31244444847106934,0.5148019790649414,-0.03999258577823639,0.41704192757606506,0.5347131490707397,-0.07332021743059158,0.4183328449726105,0.5870532989501953,-0.092095747590065,0.3909371495246887,0.5955939888954163,-0.10463383793830872,0.29880088567733765,0.5777407288551331,-0.051696475595235825,0.4202689528465271,0.6009503602981567,-0.0797966718673706,0.4138989746570587,0.646018922328949,-0.0859341248869896,0.38800641894340515,0.6497170925140381,-0.09261039644479752,0.3005428910255432,0.6488465666770935,-0.06448468565940857,0.41348472237586975,0.6626718044281006,-0.09000024944543839,0.408832848072052,0.6948487162590027,-0.0852251946926117,0.38367319107055664,0.6984550356864929,-0.08218756318092346,0.30973389744758606,0.718684732913971,-0.07876862585544586,0.39921510219573975,0.7242714166641235,-0.09387321025133133,0.4017084538936615,0.7377170324325562,-0.08928707242012024,0.3816993832588196,0.7379802465438843,-0.08567527681589127
330,0.6766946315765381,0.6868593096733093,-4.6546452381335257e-07,0.6521254181861877,0.5956936478614807,-0.013214361853897572,0.6200529932975769,0.5085775852203369,-0.03027290850877762,0.5823129415512085,0.4512627124786377,-0.04554399102926254,0.5565765500068665,0.4251420795917511,-0.05768156796693802,0.6612765192985535,0.43904316425323486,-0.04063498601317406,0.5679655075073242,0.43107175827026367,-0.06959045678377151,0.5597085952758789,0.48023268580436707,-0.078248530626297,0.5780303478240967,0.5025314092636108,-0.08186371624469757,0.6684041619300842,0.484266996383667,-0.048166949301958084,0.555593729019165,0.49533334374427795,-0.0764971673488617,0.561154305934906,0.540852963924408,-0.07399053126573563,0.5868925452232361,0.5479722023010254,-0.07087848335504532,0.6619372963905334,0.5418418645858765,-0.05718011036515236,0.5569249987602234,0.5577922463417053,-0.08428528904914856,0.5673386454582214,0.5942444801330566,-0.07113929837942123,0.5942685604095459,0.5949969291687012,-0.06038258969783783,0.6485161185264587,0.6014428734779358,-0.0668615773320198,0.5648104548454285,0.6134691834449768,-0.08939938247203827,0.571379542350769,0.6392409801483154,-0.08458402752876282,0.5919106602668762,0.6395813226699829,-0.07771019637584686,0.3158818185329437,0.7498591542243958,-2.2520640641232603e-07,0.34213265776634216,0.6661882996559143,-0.011857327073812485,0.365991473197937,0.5766599774360657,-0.02568662166595459,0.3823223114013672,0.513937771320343,-0.03930692747235298,0.392278790473938,0.48158085346221924,-0.04952448233962059,0.3020297884941101,0.5186545252799988,-0.03843996673822403,0.4034244418144226,0.509986162185669,-0.07172180712223053,0.40762531757354736,0.5590769648551941,-0.08831007033586502,0.38220077753067017,0.5714988112449646,-0.09832745045423508,0.2949320673942566,0.5651679635047913,-0.04889393225312233,0.4118076264858246,0.5623695254325867,-0.07801217585802078,0.4060020446777344,0.6060038208961487,-0.08119196444749832,0.3820425271987915,0.611689567565918,-0.08368213474750519,0.30011144280433655,0.623274028301239,-0.06084204465150833,0.40999695658683777,0.6207206845283508,-0.08734661340713501,0.40088555216789246,0.6564747095108032,-0.08125588297843933,0.3777316212654114,0.661937952041626,-0.07596559077501297,0.3137780427932739,0.6840353012084961,-0.07405583560466766,0.40308696031570435,0.6748164296150208,-0.08975772559642792,0.398278146982193,0.6955562233924866,-0.08596058189868927,0.3775913119316101,0.7018842697143555,-0.08212773501873016
331,0.6825052499771118,0.7397481799125671,-5.071141231383081e-07,0.6462010145187378,0.6486344933509827,-0.011638381518423557,0.6083059310913086,0.5584546327590942,-0.028941277414560318,0.5723008513450623,0.4995880424976349,-0.0442131832242012,0.5545781254768372,0.48245134949684143,-0.05620371550321579,0.6585625410079956,0.5076866745948792,-0.045820947736501694,0.552699863910675,0.528167724609375,-0.07271061092615128,0.5612419843673706,0.5826298594474792,-0.07954564690589905,0.5898749232292175,0.5872697234153748,-0.0829484611749649,0.6678329706192017,0.5640169382095337,-0.0550190806388855,0.5479421019554138,0.5956573486328125,-0.0803336426615715,0.5677847266197205,0.634231686592102,-0.07544209063053131,0.5986054539680481,0.6311358213424683,-0.07225872576236725,0.6645932793617249,0.6293301582336426,-0.06460762023925781,0.5558039546012878,0.6559628844261169,-0.0839940756559372,0.5733543634414673,0.6840755343437195,-0.06822754442691803,0.6033638715744019,0.6774610280990601,-0.05812646821141243,0.6558437943458557,0.6949276328086853,-0.07533983886241913,0.5688943862915039,0.7166363000869751,-0.08975861966609955,0.584266722202301,0.7300150990486145,-0.08308515697717667,0.6129446029663086,0.7213380336761475,-0.0767829567193985,0.3164827227592468,0.7103995680809021,-7.822813330449208e-08,0.3463594317436218,0.6248028874397278,-0.012276824563741684,0.3722728192806244,0.5403595566749573,-0.029114332050085068,0.3992285430431366,0.4841155707836151,-0.04662366211414337,0.42075252532958984,0.4435538053512573,-0.06167377904057503,0.3023998737335205,0.4768728017807007,-0.040099311619997025,0.39550894498825073,0.4658578038215637,-0.07368772476911545,0.4035610854625702,0.5092092156410217,-0.09328947961330414,0.38022223114967346,0.5219687819480896,-0.10655824840068817,0.2933032512664795,0.5210203528404236,-0.05160408094525337,0.4068416953086853,0.5189443230628967,-0.08079070597887039,0.4050135016441345,0.5589050054550171,-0.08632771670818329,0.3774019181728363,0.5659086108207703,-0.09193762391805649,0.29840004444122314,0.5797469019889832,-0.06473668664693832,0.40802422165870667,0.5773540735244751,-0.09116032719612122,0.4011894464492798,0.6116787195205688,-0.08566895872354507,0.37291261553764343,0.6175417304039001,-0.08227945864200592,0.31341826915740967,0.6419283747673035,-0.07920394092798233,0.40275225043296814,0.6352823376655579,-0.09665658324956894,0.3949289321899414,0.6570519208908081,-0.09374841302633286,0.36695408821105957,0.6639488339424133,-0.09147320687770844
332,0.6784747838973999,0.7498887777328491,-3.7201567693045945e-07,0.6371402740478516,0.6529067158699036,-0.011589854955673218,0.6040742993354797,0.5576559901237488,-0.026468880474567413,0.5692132711410522,0.49749839305877686,-0.039924707263708115,0.5553746223449707,0.4972679316997528,-0.05110985413193703,0.6540767550468445,0.5107906460762024,-0.03826015442609787,0.5554512739181519,0.5317592024803162,-0.06289799511432648,0.5619308352470398,0.5815190076828003,-0.07017061114311218,0.5883822441101074,0.5859829783439636,-0.07407399266958237,0.6645538210868835,0.5671079158782959,-0.04685106873512268,0.5531060695648193,0.5969911813735962,-0.07170962542295456,0.5671404600143433,0.6311527490615845,-0.06925256550312042,0.5948307514190674,0.6317545771598816,-0.06761259585618973,0.6619270443916321,0.6314703226089478,-0.05620099604129791,0.5574676394462585,0.6563396453857422,-0.07580647617578506,0.5728707313537598,0.6828780174255371,-0.06169111281633377,0.6021612286567688,0.6793142557144165,-0.05179543420672417,0.6529130339622498,0.6953620314598083,-0.06666777282953262,0.5660486817359924,0.7107031941413879,-0.07905523478984833,0.5806615352630615,0.7256631851196289,-0.07180889695882797,0.609074592590332,0.7218363285064697,-0.06522438675165176,0.3232267498970032,0.6970710754394531,-1.9056129474392947e-07,0.35023999214172363,0.619333028793335,-0.01171086635440588,0.3745327889919281,0.5334423780441284,-0.027891281992197037,0.39860349893569946,0.47495919466018677,-0.04482361301779747,0.41839599609375,0.4338941276073456,-0.05839124694466591,0.305320680141449,0.46526771783828735,-0.03770558536052704,0.3991943597793579,0.4583454728126526,-0.07360780984163284,0.40620267391204834,0.5079745054244995,-0.09363152086734772,0.3815073072910309,0.5219513177871704,-0.1062508225440979,0.2944985628128052,0.5128821730613708,-0.04971785843372345,0.40670642256736755,0.5162685513496399,-0.08124446123838425,0.40530750155448914,0.5580853223800659,-0.08715957403182983,0.3802974224090576,0.5625328421592712,-0.0921458750963211,0.2969551980495453,0.5734548568725586,-0.06376723200082779,0.4054800570011139,0.5760884881019592,-0.0927208811044693,0.4010927379131317,0.6102661490440369,-0.08768077939748764,0.3767036199569702,0.6142240166664124,-0.08355958759784698,0.3093242645263672,0.6367272138595581,-0.07907946407794952,0.39873117208480835,0.6334960460662842,-0.09682776033878326,0.39431920647621155,0.6542743444442749,-0.09391963481903076,0.3703676462173462,0.6593800783157349,-0.09114831686019897
333,0.6794637441635132,0.7502989172935486,-3.804788377692603e-07,0.6444485783576965,0.6532383561134338,-0.008127307519316673,0.6125150322914124,0.5589956045150757,-0.02217388153076172,0.5776456594467163,0.4985561966896057,-0.035918377339839935,0.5594202876091003,0.48813626170158386,-0.04686206579208374,0.6596669554710388,0.5071165561676025,-0.03306399658322334,0.5586627721786499,0.518069863319397,-0.05953611806035042,0.5658641457557678,0.567816436290741,-0.06862658262252808,0.5925020575523376,0.5755467414855957,-0.07321441173553467,0.66606605052948,0.5590689182281494,-0.04365308955311775,0.5537107586860657,0.5832796096801758,-0.07014821469783783,0.5704153776168823,0.6171767711639404,-0.06908091902732849,0.5990204215049744,0.617293119430542,-0.06782912462949753,0.6613019108772278,0.6207192540168762,-0.0552368126809597,0.5563602447509766,0.6411523818969727,-0.07841474562883377,0.5737148523330688,0.669320821762085,-0.06643408536911011,0.6044226884841919,0.6662189364433289,-0.05711722746491432,0.6507214903831482,0.6837663650512695,-0.06741714477539062,0.5650961995124817,0.6994497776031494,-0.08382222056388855,0.5809126496315002,0.7158442139625549,-0.07879404723644257,0.6109639406204224,0.711321234703064,-0.07292675971984863,0.31072667241096497,0.7020701766014099,-2.798717844143539e-07,0.3378029465675354,0.619735062122345,-0.012401662766933441,0.3627740144729614,0.5295954346656799,-0.026786884292960167,0.3817591965198517,0.46719491481781006,-0.041404999792575836,0.39696255326271057,0.4232359826564789,-0.05218061804771423,0.2984541654586792,0.46479368209838867,-0.03547660633921623,0.399569571018219,0.46695441007614136,-0.07167375087738037,0.40010151267051697,0.5147773027420044,-0.09151878207921982,0.36924275755882263,0.5212010741233826,-0.10420486330986023,0.2899249196052551,0.5127240419387817,-0.04682369530200958,0.4064841568470001,0.5203583836555481,-0.07943415641784668,0.39638519287109375,0.562017560005188,-0.08543585240840912,0.36881205439567566,0.5626423358917236,-0.09005504846572876,0.29502999782562256,0.5725836753845215,-0.060465920716524124,0.40635961294174194,0.581386148929596,-0.0889124944806099,0.39305055141448975,0.6162376999855042,-0.08454324305057526,0.3662899434566498,0.6164157390594482,-0.08100764453411102,0.309673935174942,0.6359185576438904,-0.0758141353726387,0.40188145637512207,0.6393136382102966,-0.09353668987751007,0.3873823285102844,0.6628327965736389,-0.09313766658306122,0.357481449842453,0.6667560338973999,-0.09233027696609497
334,0.6723440289497375,0.6966578364372253,-3.647024868769222e-07,0.630428671836853,0.6049468517303467,-0.005755747202783823,0.5969535112380981,0.5259060263633728,-0.01916114054620266,0.5649422407150269,0.46842995285987854,-0.031763944774866104,0.5504487752914429,0.43000951409339905,-0.040910083800554276,0.6431185603141785,0.4518338441848755,-0.03183850646018982,0.5490023493766785,0.4709571599960327,-0.04992823675274849,0.5539159178733826,0.5184131860733032,-0.05186399072408676,0.5791515707969666,0.5285978317260742,-0.05256151035428047,0.652225136756897,0.49850040674209595,-0.041612282395362854,0.5425950288772583,0.529900074005127,-0.05968661233782768,0.5570371150970459,0.5656312108039856,-0.0540725402534008,0.5846132040023804,0.5654049515724182,-0.051396243274211884,0.6504639983177185,0.5559424161911011,-0.051511526107788086,0.5480703115463257,0.5847650766372681,-0.06691007316112518,0.5635685920715332,0.6126409769058228,-0.051962170749902725,0.591429591178894,0.6088153719902039,-0.043466825038194656,0.643988847732544,0.6166332960128784,-0.06204277649521828,0.5586802363395691,0.6371551752090454,-0.07696101814508438,0.5713490843772888,0.6535630822181702,-0.07213779538869858,0.5969799757003784,0.6485282778739929,-0.06718999147415161,0.32395055890083313,0.7267187237739563,-2.696173737604113e-07,0.34281089901924133,0.6407945156097412,-0.01240172516554594,0.35850343108177185,0.5486024022102356,-0.02649441920220852,0.36771225929260254,0.483859658241272,-0.040651835501194,0.38143765926361084,0.43663597106933594,-0.05102115869522095,0.2941805422306061,0.497322142124176,-0.03943413123488426,0.39411216974258423,0.49233588576316833,-0.07290549576282501,0.3934701681137085,0.5390585064888,-0.09029941260814667,0.3632018566131592,0.5479823350906372,-0.10162566602230072,0.2854606509208679,0.5483425855636597,-0.0502612367272377,0.4013403654098511,0.550144374370575,-0.07937490940093994,0.3902033865451813,0.5932298302650452,-0.08361291140317917,0.3628818094730377,0.5979514122009277,-0.08764122426509857,0.2920578420162201,0.6112246513366699,-0.06255559623241425,0.40283867716789246,0.6103912591934204,-0.089126355946064,0.3902042806148529,0.6468733549118042,-0.08277279883623123,0.3651605546474457,0.6518549919128418,-0.078280009329319,0.30839401483535767,0.676603376865387,-0.0762443020939827,0.40066105127334595,0.6728852391242981,-0.09332817047834396,0.3890516459941864,0.6954029202461243,-0.09018435329198837,0.3624727427959442,0.7011696100234985,-0.08738213032484055
335,0.6712844371795654,0.6629651784896851,-3.049546819511306e-07,0.6359492540359497,0.5700711607933044,-0.008516097441315651,0.603038489818573,0.4775126576423645,-0.023059234023094177,0.5654059648513794,0.4178636968135834,-0.03569910675287247,0.543323814868927,0.4088840186595917,-0.04517637565732002,0.6479352116584778,0.4224357604980469,-0.03723675012588501,0.5457184314727783,0.44280239939689636,-0.05650784820318222,0.5526278018951416,0.4880324900150299,-0.0583764873445034,0.5788679718971252,0.49081486463546753,-0.05896563082933426,0.6556974053382874,0.4682903587818146,-0.04560057073831558,0.5398361682891846,0.5001890063285828,-0.06462860107421875,0.55581134557724,0.5362424850463867,-0.05820285156369209,0.5829899907112122,0.5340490341186523,-0.05456024408340454,0.6528131365776062,0.526100754737854,-0.05417851358652115,0.5451861023902893,0.5567355751991272,-0.06884845346212387,0.5622466802597046,0.5850815773010254,-0.05539415404200554,0.5912866592407227,0.5796773433685303,-0.04772784933447838,0.6446155905723572,0.5869730114936829,-0.06371850520372391,0.5555869340896606,0.6134704351425171,-0.0759245827794075,0.566821813583374,0.6295141577720642,-0.07289237529039383,0.5921358466148376,0.6222971677780151,-0.07001665979623795,0.3181007504463196,0.7528478503227234,-3.0448927645920776e-07,0.34056738018989563,0.6569530963897705,-0.015693778172135353,0.35774537920951843,0.5613805651664734,-0.03183953836560249,0.36987465620040894,0.4971364140510559,-0.04764176160097122,0.38548699021339417,0.4671913981437683,-0.06045510247349739,0.3046833574771881,0.5190892219543457,-0.044227100908756256,0.4107376039028168,0.5258213877677917,-0.07989917695522308,0.41499125957489014,0.5766570568084717,-0.09742198139429092,0.38310691714286804,0.586574912071228,-0.10891661047935486,0.29509401321411133,0.5780963897705078,-0.05535123124718666,0.41773974895477295,0.5860155820846558,-0.08875662833452225,0.41248971223831177,0.6337035298347473,-0.09487373381853104,0.3830389678478241,0.6361041069030762,-0.09998756647109985,0.3010435998439789,0.6459124684333801,-0.0679132416844368,0.4151666760444641,0.6485573649406433,-0.09873776882886887,0.40815359354019165,0.686332643032074,-0.09331177175045013,0.3804510831832886,0.688501238822937,-0.08860834687948227,0.31602802872657776,0.7136250734329224,-0.08208967000246048,0.4090460538864136,0.7068370580673218,-0.10197565704584122,0.4026983380317688,0.7288053631782532,-0.09893215447664261,0.3753513693809509,0.7337105870246887,-0.09578552842140198
336,0.6746261119842529,0.6993489861488342,-5.164480398889282e-07,0.637446939945221,0.6135399341583252,-0.011805511079728603,0.6011371612548828,0.5324488282203674,-0.02791505865752697,0.5662475228309631,0.475815087556839,-0.04209434986114502,0.5517878532409668,0.4303302764892578,-0.05241933837532997,0.6528832912445068,0.4602930247783661,-0.040046073496341705,0.5563899874687195,0.4757648706436157,-0.06502122431993484,0.5599033236503601,0.5233758091926575,-0.0710470899939537,0.5844327807426453,0.5327181220054626,-0.07348138839006424,0.662085771560669,0.5057762861251831,-0.04757876321673393,0.5498217344284058,0.5368078351020813,-0.07200992107391357,0.563862681388855,0.5727910995483398,-0.06865580379962921,0.5911531448364258,0.572331428527832,-0.06619571894407272,0.6580696105957031,0.5635817646980286,-0.056051384657621384,0.5528264045715332,0.5948050022125244,-0.07808384299278259,0.5704598426818848,0.6239690184593201,-0.06591147929430008,0.6000436544418335,0.6183390617370605,-0.05755319073796272,0.6474607586860657,0.6240898370742798,-0.06536070257425308,0.5627394914627075,0.6513906717300415,-0.08477170765399933,0.5743204951286316,0.6701705455780029,-0.08230819553136826,0.598688542842865,0.6640499830245972,-0.07813934236764908,0.32629576325416565,0.7393525242805481,-2.0464965189148643e-07,0.3571797013282776,0.6553010940551758,-0.01030941866338253,0.3771361708641052,0.5680769681930542,-0.02377808839082718,0.38603389263153076,0.5053277611732483,-0.037477344274520874,0.3910309970378876,0.4669816792011261,-0.04789874702692032,0.30469921231269836,0.5026782751083374,-0.03647014871239662,0.39712515473365784,0.49157994985580444,-0.06743144989013672,0.4046177566051483,0.5406468510627747,-0.08370480686426163,0.38182491064071655,0.5551573634147644,-0.0940796360373497,0.29397866129875183,0.5481632947921753,-0.04722157493233681,0.4074353873729706,0.5475679636001587,-0.07306008040904999,0.40581366419792175,0.5914976596832275,-0.07658666372299194,0.383253276348114,0.5981568098068237,-0.08052301406860352,0.2978254556655884,0.6075595617294312,-0.05914498120546341,0.40799957513809204,0.6066985726356506,-0.0840795636177063,0.4030419588088989,0.6425698399543762,-0.0786057636141777,0.3821455240249634,0.6491029262542725,-0.07469331473112106,0.31109869480133057,0.6703834533691406,-0.07199382036924362,0.40141552686691284,0.6653329133987427,-0.08782195299863815,0.4006437659263611,0.6861145496368408,-0.0841718316078186,0.38322713971138,0.6928657293319702,-0.08077866584062576
337,0.679481565952301,0.7269521951675415,-3.848797973660112e-07,0.6537429690361023,0.6393918991088867,-0.011103530414402485,0.6174128651618958,0.5491321682929993,-0.026460127905011177,0.5762957334518433,0.49333226680755615,-0.04012202471494675,0.5575578212738037,0.4921102821826935,-0.05126862972974777,0.6600841283798218,0.4993841052055359,-0.04196970537304878,0.5662329792976379,0.51142817735672,-0.06378202140331268,0.5686061978340149,0.5577892661094666,-0.06570634990930557,0.5922041535377502,0.5666993856430054,-0.06629692018032074,0.6675549149513245,0.549982488155365,-0.050355032086372375,0.5568963885307312,0.5697600245475769,-0.07451920956373215,0.5692600011825562,0.6074005365371704,-0.06937386840581894,0.5958986282348633,0.6087996363639832,-0.06535793095827103,0.662382185459137,0.6095959544181824,-0.0589846707880497,0.5559946894645691,0.625717282295227,-0.07926997542381287,0.572242021560669,0.6554455757141113,-0.06463927030563354,0.6023322939872742,0.652409553527832,-0.05450727418065071,0.6511325836181641,0.6702526807785034,-0.06833630055189133,0.5626524686813354,0.6840559840202332,-0.08457096666097641,0.5774970054626465,0.700878918170929,-0.07942105084657669,0.6059029698371887,0.6977357268333435,-0.07407386600971222,0.3130262494087219,0.7205211520195007,-2.25365582195991e-07,0.34544292092323303,0.6338584423065186,-0.00833490677177906,0.36682426929473877,0.5421038269996643,-0.01951277256011963,0.3763163685798645,0.4822467863559723,-0.03156493231654167,0.386414110660553,0.4460529088973999,-0.04069720208644867,0.3002505898475647,0.4780128598213196,-0.02690085954964161,0.39348459243774414,0.4759168028831482,-0.05573216453194618,0.39501887559890747,0.5215780138969421,-0.07268841564655304,0.36881428956985474,0.5302550792694092,-0.08442752808332443,0.28855472803115845,0.5251696109771729,-0.038145020604133606,0.4009435474872589,0.5299438238143921,-0.06334107369184494,0.39407894015312195,0.5734664797782898,-0.06898527592420578,0.36998653411865234,0.5762466788291931,-0.0742264911532402,0.29152318835258484,0.5849243998527527,-0.050782665610313416,0.40037745237350464,0.5873608589172363,-0.07431013137102127,0.3919074535369873,0.6234627962112427,-0.07072332501411438,0.3687603175640106,0.6262752413749695,-0.06826034188270569,0.304548054933548,0.6470170617103577,-0.06451785564422607,0.3971213698387146,0.6424033045768738,-0.07882200181484222,0.38923221826553345,0.6669708490371704,-0.07652940601110458,0.36422085762023926,0.673093318939209,-0.07457464933395386
338,0.6738749146461487,0.6869510412216187,-3.947192226405605e-07,0.6357138156890869,0.6020361185073853,-0.007168998476117849,0.6034353971481323,0.5219483971595764,-0.02098689414560795,0.573043704032898,0.46368399262428284,-0.033320073038339615,0.559097409248352,0.4134039878845215,-0.04178428649902344,0.6541088819503784,0.44222575426101685,-0.03571400046348572,0.5577205419540405,0.45994144678115845,-0.05313362553715706,0.5595530867576599,0.5087490081787109,-0.0533311665058136,0.5842189192771912,0.5188108086585999,-0.05313916504383087,0.6634935736656189,0.4836440682411194,-0.04449007660150528,0.5513297319412231,0.5152462720870972,-0.061491724103689194,0.5634951591491699,0.5551643371582031,-0.05402841046452522,0.590288519859314,0.5548868775367737,-0.05066179484128952,0.6609932780265808,0.5387328267097473,-0.05347517132759094,0.5549952387809753,0.5691622495651245,-0.06871252506971359,0.5696919560432434,0.6032593250274658,-0.05244046449661255,0.597269594669342,0.6002019643783569,-0.04367264360189438,0.6527717113494873,0.598131000995636,-0.06321006268262863,0.5654934644699097,0.6203161478042603,-0.07918225973844528,0.5740407109260559,0.6426078677177429,-0.07491420209407806,0.5969634652137756,0.6397349238395691,-0.0706419125199318,0.3115527331829071,0.7504895925521851,-3.211649755030521e-07,0.3344583511352539,0.6648719906806946,-0.014456762000918388,0.3566707968711853,0.5753885507583618,-0.03024766594171524,0.3700840175151825,0.5088565945625305,-0.04491392895579338,0.3817442059516907,0.4631212055683136,-0.05678428336977959,0.2990266978740692,0.5236769914627075,-0.049325354397296906,0.40641430020332336,0.5285604596138,-0.0835181325674057,0.4069746136665344,0.5745729207992554,-0.10144997388124466,0.37511953711509705,0.5861522555351257,-0.11317183077335358,0.2934010922908783,0.5793366432189941,-0.05920755863189697,0.41324305534362793,0.585499107837677,-0.08761641383171082,0.40438708662986755,0.6261434555053711,-0.09129155427217484,0.37595048546791077,0.634906530380249,-0.0959557443857193,0.30084753036499023,0.6459442377090454,-0.0699012279510498,0.41194990277290344,0.6475751399993896,-0.09607332199811935,0.4023914933204651,0.679963231086731,-0.08902888745069504,0.3776180148124695,0.6893489360809326,-0.08448866009712219,0.31530076265335083,0.7140074968338013,-0.08192227780818939,0.403583824634552,0.7136707305908203,-0.09923884272575378,0.3974432647228241,0.7298744916915894,-0.09519351273775101,0.37458503246307373,0.7363933324813843,-0.09183454513549805
339,0.6799755692481995,0.6661271452903748,-3.2154642326531757e-07,0.6494413614273071,0.5772279500961304,-0.006855546962469816,0.6182434558868408,0.48406079411506653,-0.021588502451777458,0.5820958614349365,0.4211958348751068,-0.035002145916223526,0.5661473870277405,0.4099896550178528,-0.04437074437737465,0.6645596027374268,0.422881156206131,-0.03541930764913559,0.5630785226821899,0.4328896403312683,-0.05690939351916313,0.5690785646438599,0.48193037509918213,-0.058710962533950806,0.5970672965049744,0.4874711036682129,-0.05876229703426361,0.6729738712310791,0.4673106372356415,-0.04502200707793236,0.558684766292572,0.49224916100502014,-0.06713175028562546,0.5754397511482239,0.5324114561080933,-0.060533925890922546,0.6033012866973877,0.5293817520141602,-0.05541444942355156,0.6691015362739563,0.5245030522346497,-0.054892078042030334,0.5614913105964661,0.5525379776954651,-0.07143674790859222,0.5808669924736023,0.5850123763084412,-0.05561362951993942,0.6111777424812317,0.5781317353248596,-0.04539598524570465,0.6590079069137573,0.5847975015640259,-0.06559064984321594,0.5683861374855042,0.6076316833496094,-0.07701241225004196,0.5838746428489685,0.6282481551170349,-0.07088525593280792,0.6122429370880127,0.6227671504020691,-0.0653739795088768,0.323787659406662,0.761396586894989,-2.85190708382288e-07,0.3491712212562561,0.6812304258346558,-0.01488901674747467,0.3729409873485565,0.5858895182609558,-0.02857121080160141,0.3893031179904938,0.5175624489784241,-0.0411565788090229,0.401032418012619,0.466364324092865,-0.05048214644193649,0.3149508237838745,0.5316731929779053,-0.04087745398283005,0.414242148399353,0.5469049215316772,-0.07376781105995178,0.4106677770614624,0.5904807448387146,-0.09154072403907776,0.37949368357658386,0.5940195322036743,-0.10332629084587097,0.3077515661716461,0.586829423904419,-0.05006689578294754,0.4196769595146179,0.6014129519462585,-0.08053136616945267,0.4073375165462494,0.6375902891159058,-0.08691202849149704,0.3784672021865845,0.6378747820854187,-0.09261306375265121,0.31196853518486023,0.651623547077179,-0.06068330258131027,0.4170417785644531,0.6601866483688354,-0.08871535956859589,0.4051642119884491,0.6911303997039795,-0.08317598700523376,0.37982192635536194,0.693151593208313,-0.07883474975824356,0.3235418200492859,0.718015730381012,-0.07271698862314224,0.4100649356842041,0.716345489025116,-0.09136741608381271,0.4013180732727051,0.7335304021835327,-0.08856955915689468,0.3761011064052582,0.7366094589233398,-0.08560212701559067
340,0.682500958442688,0.7158923149108887,-5.135219680596492e-07,0.6621122360229492,0.6315413117408752,-0.015678351745009422,0.6276394724845886,0.5427190065383911,-0.03564596548676491,0.588394284248352,0.48359623551368713,-0.05226115137338638,0.5651805996894836,0.45983001589775085,-0.06561830639839172,0.676291286945343,0.4947551190853119,-0.056459277868270874,0.5726433992385864,0.49398449063301086,-0.08188588172197342,0.5707074999809265,0.5464751124382019,-0.08403946459293365,0.5925519466400146,0.5599321126937866,-0.08406544476747513,0.6812321543693542,0.5444096326828003,-0.062038570642471313,0.561904788017273,0.557599663734436,-0.08819596469402313,0.5741093754768372,0.5997373461723328,-0.08087668567895889,0.6009925603866577,0.6034289598464966,-0.0759594589471817,0.6728453636169434,0.6018855571746826,-0.06769362837076187,0.5632169246673584,0.6149291396141052,-0.08909883350133896,0.5772402286529541,0.6473406553268433,-0.07263433933258057,0.6050364971160889,0.648250937461853,-0.062235962599515915,0.6576637625694275,0.6579620838165283,-0.07429555058479309,0.5715529918670654,0.6708595156669617,-0.09279026091098785,0.5827463865280151,0.6907891631126404,-0.08794016391038895,0.6086854934692383,0.6900319457054138,-0.08285917341709137,0.3215251564979553,0.7307661771774292,-1.3127699105552892e-07,0.3553926944732666,0.646051287651062,-0.013217592611908913,0.3798344135284424,0.5549584031105042,-0.027772828936576843,0.3913176357746124,0.48989319801330566,-0.0417623408138752,0.3984314203262329,0.44709932804107666,-0.052345532923936844,0.313476026058197,0.4895247220993042,-0.038391634821891785,0.40781497955322266,0.4852980375289917,-0.06922505050897598,0.4127981960773468,0.5337625741958618,-0.08324693888425827,0.3902888000011444,0.5434495210647583,-0.0920012816786766,0.3012062609195709,0.5323202013969421,-0.047224972397089005,0.4133422076702118,0.5367590188980103,-0.07473410665988922,0.4112248718738556,0.583383321762085,-0.07662596553564072,0.3891470432281494,0.5872830748558044,-0.0783601626753807,0.30441907048225403,0.5901955366134644,-0.057644084095954895,0.4129975438117981,0.5911797285079956,-0.08416049182415009,0.4071778953075409,0.6312987804412842,-0.07706817239522934,0.38445258140563965,0.6358708739280701,-0.07133238762617111,0.3189127743244171,0.6510592699050903,-0.06909686326980591,0.40904921293258667,0.645622730255127,-0.08590981364250183,0.40351513028144836,0.672492265701294,-0.08241713792085648,0.38063177466392517,0.6780973672866821,-0.07884768396615982
341,0.6789337396621704,0.746709942817688,-3.207472047961346e-07,0.6489152312278748,0.6525276899337769,-0.01136242225766182,0.6153395175933838,0.5527113080024719,-0.02556060440838337,0.5791093111038208,0.4947219491004944,-0.03818332403898239,0.5584671497344971,0.5040930509567261,-0.047921717166900635,0.6634644269943237,0.5191131234169006,-0.034926336258649826,0.5631740689277649,0.5331237316131592,-0.05884689465165138,0.5696670413017273,0.5786632895469666,-0.06598613411188126,0.5973904728889465,0.5810157656669617,-0.0701209083199501,0.6698848009109497,0.5730563402175903,-0.04321950301527977,0.5559468269348145,0.5911558866500854,-0.06734142452478409,0.5719482898712158,0.6247808933258057,-0.06552284210920334,0.600332498550415,0.6235017776489258,-0.06388909369707108,0.663946270942688,0.6338433027267456,-0.052411410957574844,0.557735025882721,0.6493259072303772,-0.06963924318552017,0.5757265090942383,0.6763781309127808,-0.05650889873504639,0.6064483523368835,0.6718041300773621,-0.04765534773468971,0.6527671217918396,0.6942011117935181,-0.06296242773532867,0.5669328570365906,0.7069655656814575,-0.07421619445085526,0.5839337110519409,0.7231228947639465,-0.06867486238479614,0.6137333512306213,0.7197409868240356,-0.0636187270283699,0.31486746668815613,0.7015251517295837,-1.854054403338523e-07,0.347358375787735,0.6164905428886414,-0.012985741719603539,0.3732414245605469,0.5249724984169006,-0.02721758373081684,0.3899117708206177,0.4633312225341797,-0.04178241267800331,0.40183258056640625,0.4259805977344513,-0.052450068295001984,0.3107282221317291,0.45575541257858276,-0.03236265107989311,0.4051649868488312,0.4542193114757538,-0.06388506293296814,0.40915971994400024,0.5045639276504517,-0.07906977087259293,0.3864583969116211,0.5148530602455139,-0.08882223069667816,0.29766517877578735,0.5042643547058105,-0.042487677186727524,0.4113289713859558,0.5126714110374451,-0.07111772894859314,0.40300822257995605,0.558102011680603,-0.07490234076976776,0.37800928950309753,0.5589982271194458,-0.07808507233858109,0.29918187856674194,0.5652881860733032,-0.05484986677765846,0.40959277749061584,0.5724507570266724,-0.08108018338680267,0.39720702171325684,0.609245240688324,-0.07643008232116699,0.371794193983078,0.6072131395339966,-0.072799451649189,0.3119261860847473,0.6283113360404968,-0.0686655268073082,0.40509501099586487,0.6280461549758911,-0.08473873138427734,0.3909415602684021,0.6521705389022827,-0.08293966203927994,0.36102405190467834,0.6554210782051086,-0.08114583790302277
342,0.6738945841789246,0.6997299194335938,-3.937883832350053e-07,0.6430583000183105,0.6100962162017822,-0.010095029138028622,0.607511043548584,0.5307979583740234,-0.025027908384799957,0.570061206817627,0.47425881028175354,-0.038129061460494995,0.5521482825279236,0.4320467710494995,-0.04732315614819527,0.6542604565620422,0.46135860681533813,-0.038033705204725266,0.5575655102729797,0.46569573879241943,-0.05819172039628029,0.5562926530838013,0.5148458480834961,-0.05877495929598808,0.5784411430358887,0.5301274061203003,-0.057849153876304626,0.6608871817588806,0.5044340491294861,-0.04474664479494095,0.5478650331497192,0.5248956680297852,-0.06661443412303925,0.5583285689353943,0.5668447613716125,-0.06021907925605774,0.5840001702308655,0.5708714723587036,-0.05564827099442482,0.655333399772644,0.559127926826477,-0.05191320553421974,0.5502609014511108,0.5810829401016235,-0.0728379338979721,0.5640665888786316,0.6158583760261536,-0.05849963426589966,0.5907718539237976,0.6168875694274902,-0.04854689538478851,0.6446790099143982,0.616367518901825,-0.059645675122737885,0.5610010027885437,0.6366046667098999,-0.08074967563152313,0.5681794881820679,0.6589952111244202,-0.07898460328578949,0.5877727270126343,0.6583439707756042,-0.07473837584257126,0.3237798511981964,0.7272526025772095,-2.6367126793047646e-07,0.3545743525028229,0.6400740742683411,-0.012049537152051926,0.3738437294960022,0.5525171160697937,-0.02420130930840969,0.38284528255462646,0.48962897062301636,-0.03617391362786293,0.3915427625179291,0.44864392280578613,-0.044892482459545135,0.29968947172164917,0.5049077868461609,-0.03563833236694336,0.38977617025375366,0.4964471161365509,-0.06453370302915573,0.3942352533340454,0.5396469235420227,-0.08102434128522873,0.37000879645347595,0.5540440082550049,-0.09160912036895752,0.2905576229095459,0.5560905337333679,-0.04457356780767441,0.4006017744541168,0.5595727562904358,-0.06653544306755066,0.39220577478408813,0.5967171788215637,-0.07001113891601562,0.36584821343421936,0.6053264737129211,-0.0747494027018547,0.2962084412574768,0.6189056038856506,-0.05472597852349281,0.4032495617866516,0.6231847405433655,-0.07474550604820251,0.3911728858947754,0.6522875428199768,-0.0689159631729126,0.3660554587841034,0.6581372618675232,-0.06616875529289246,0.310657262802124,0.6827934980392456,-0.0663423240184784,0.3983156979084015,0.6851888298988342,-0.0788319855928421,0.387281209230423,0.7049587965011597,-0.07404971122741699,0.36172884702682495,0.7113940715789795,-0.07086186856031418
343,0.6762216687202454,0.6660775542259216,-3.023979786576092e-07,0.6466693878173828,0.5717057585716248,-0.005082329269498587,0.6183711290359497,0.4744127094745636,-0.01919269934296608,0.5816940665245056,0.4110493063926697,-0.032025717198848724,0.5564970374107361,0.40361738204956055,-0.04168793559074402,0.6597071886062622,0.4232839345932007,-0.03600778430700302,0.5578615069389343,0.43544942140579224,-0.05391872674226761,0.5651842951774597,0.4815130829811096,-0.05377334728837013,0.5919673442840576,0.4857151508331299,-0.05307035893201828,0.6661952137947083,0.469076007604599,-0.046236518770456314,0.5514942407608032,0.4929598569869995,-0.06388802081346512,0.5693919062614441,0.529525876045227,-0.056228961795568466,0.5966606736183167,0.5274381637573242,-0.05194951966404915,0.6624370813369751,0.5264264941215515,-0.05612762272357941,0.5552303194999695,0.5503871440887451,-0.06847457587718964,0.5748594999313354,0.5807639956474304,-0.05273648351430893,0.6043210625648499,0.5752242803573608,-0.04422765225172043,0.6530375480651855,0.5864933729171753,-0.0666998103260994,0.563681960105896,0.6059289574623108,-0.07539162039756775,0.578514039516449,0.6243139505386353,-0.06909196823835373,0.6055928468704224,0.618537425994873,-0.0646388903260231,0.3293513357639313,0.7427722811698914,-2.9771672416245565e-07,0.3565343916416168,0.655188262462616,-0.01707112416625023,0.37949997186660767,0.5654727816581726,-0.0329524427652359,0.3946698307991028,0.5045642256736755,-0.04813394322991371,0.41115158796310425,0.47202780842781067,-0.060044579207897186,0.3212581276893616,0.5134866237640381,-0.0423884317278862,0.425770103931427,0.5308231711387634,-0.07974983006715775,0.424769788980484,0.5784802436828613,-0.10050607472658157,0.3933623731136322,0.5823548436164856,-0.1143222525715828,0.3100869953632355,0.5707915425300598,-0.05259552597999573,0.4302468001842499,0.5856837034225464,-0.08842678368091583,0.4215046763420105,0.6293992400169373,-0.09643182903528214,0.39261287450790405,0.6321588754653931,-0.10208406299352646,0.3129223585128784,0.637721061706543,-0.06470879912376404,0.42321184277534485,0.6478074789047241,-0.09756375104188919,0.41715002059936523,0.6815899014472961,-0.09288037568330765,0.39338189363479614,0.6832513809204102,-0.08785773068666458,0.3253510594367981,0.7071527242660522,-0.07855655997991562,0.4153969883918762,0.709368109703064,-0.09964267909526825,0.4126065969467163,0.7260819673538208,-0.09723185002803802,0.3902292251586914,0.7270534038543701,-0.0940588042140007
344,0.6803412437438965,0.7145794630050659,-5.121293611409783e-07,0.6694120764732361,0.6266265511512756,-0.016556397080421448,0.6387071013450623,0.5383003950119019,-0.03786081075668335,0.5950393080711365,0.4824914336204529,-0.05574026331305504,0.5630571246147156,0.4693814814090729,-0.07130646705627441,0.6798943281173706,0.5010003447532654,-0.06036722660064697,0.5777300000190735,0.48227572441101074,-0.09212463349103928,0.5705191493034363,0.5319095849990845,-0.09923022985458374,0.5894118547439575,0.5492857694625854,-0.10166780650615692,0.6850833892822266,0.5507265329360962,-0.06609887629747391,0.5621334314346313,0.5496025085449219,-0.09874055534601212,0.5705264806747437,0.5921983122825623,-0.09425771236419678,0.5978477001190186,0.5966940522193909,-0.09002207219600677,0.6754896640777588,0.6075993180274963,-0.07224331051111221,0.5622513890266418,0.6105339527130127,-0.1002296656370163,0.5729525089263916,0.6441059708595276,-0.08418914675712585,0.6004763245582581,0.644331157207489,-0.07223177701234818,0.6564338207244873,0.6609925627708435,-0.07901807129383087,0.5637450814247131,0.6690561771392822,-0.10113518685102463,0.5693545341491699,0.6932389736175537,-0.09544312208890915,0.5920517444610596,0.6935009956359863,-0.08908089250326157,0.3183102011680603,0.7076225280761719,-1.6583682338477956e-07,0.3325413465499878,0.6326462030410767,-0.01094772107899189,0.35854044556617737,0.5491862297058105,-0.02545907348394394,0.38768431544303894,0.49340832233428955,-0.040237464010715485,0.4126487076282501,0.459780752658844,-0.05206604674458504,0.3207169473171234,0.49621865153312683,-0.03338516876101494,0.4087277948856354,0.47937390208244324,-0.06530000269412994,0.41293907165527344,0.5182600617408752,-0.08268942683935165,0.39027082920074463,0.5286052227020264,-0.09338101744651794,0.318381667137146,0.5345405340194702,-0.04352272301912308,0.4209505319595337,0.5283150672912598,-0.07114677131175995,0.41568100452423096,0.566987931728363,-0.0758863165974617,0.39126116037368774,0.5715243220329285,-0.07938941568136215,0.3261275589466095,0.5819492936134338,-0.055487118661403656,0.4222974479198456,0.5781463384628296,-0.07837994396686554,0.41323122382164,0.6108145713806152,-0.07225498557090759,0.38843467831611633,0.6146990060806274,-0.0679284930229187,0.34110334515571594,0.6324503421783447,-0.06897254288196564,0.41823095083236694,0.6250980496406555,-0.08097448199987411,0.40814271569252014,0.6492969393730164,-0.0763280987739563,0.3837299346923828,0.6561883687973022,-0.07303512841463089
345,0.6800827383995056,0.7493096590042114,-3.072085519306711e-07,0.6538953185081482,0.6575122475624084,-0.01128950621932745,0.6214986443519592,0.5592318177223206,-0.026443976908922195,0.5857590436935425,0.49994075298309326,-0.039759449660778046,0.5601911544799805,0.49995261430740356,-0.05056093633174896,0.6696110963821411,0.5240172743797302,-0.039146538823843,0.5661486387252808,0.5322011709213257,-0.06336923688650131,0.5710915327072144,0.5786045789718628,-0.0704217255115509,0.5987946391105652,0.5841843485832214,-0.0743771567940712,0.6743439435958862,0.5782493948936462,-0.04721462354063988,0.55902099609375,0.5897518992424011,-0.07142113149166107,0.5730834603309631,0.6237941384315491,-0.06957649439573288,0.6014800667762756,0.6249784827232361,-0.06828305870294571,0.6663061380386353,0.6389271020889282,-0.05574612691998482,0.5597509741783142,0.6454808712005615,-0.07301779836416245,0.5757650136947632,0.6721293926239014,-0.05954639986157417,0.6065855622291565,0.6700958013534546,-0.050968896597623825,0.6531199812889099,0.699176549911499,-0.06532633304595947,0.5675064325332642,0.7023727893829346,-0.0785173550248146,0.5843480229377747,0.7191479802131653,-0.07276126742362976,0.6153460741043091,0.7187092304229736,-0.06723093241453171,0.32435283064842224,0.6828758120536804,-1.204531940857123e-07,0.3402136266231537,0.6096921563148499,-0.010255051776766777,0.36406776309013367,0.5253936648368835,-0.026202209293842316,0.38840559124946594,0.4684969186782837,-0.042540472000837326,0.40914079546928406,0.435932993888855,-0.05568762123584747,0.3257601261138916,0.45816880464553833,-0.03614726662635803,0.41025564074516296,0.4509071111679077,-0.06834398210048676,0.41505610942840576,0.49467891454696655,-0.0836520716547966,0.39377787709236145,0.5098322033882141,-0.0927063375711441,0.319123774766922,0.4938148260116577,-0.046939998865127563,0.4219375252723694,0.5001623034477234,-0.07469788938760757,0.41924530267715454,0.5430377125740051,-0.07678791135549545,0.3954915404319763,0.5502023696899414,-0.07857048511505127,0.32385873794555664,0.544744074344635,-0.05950525775551796,0.4237479269504547,0.5497690439224243,-0.08472342789173126,0.41650867462158203,0.5873235464096069,-0.07693725824356079,0.39108723402023315,0.592264711856842,-0.07118530571460724,0.3371492326259613,0.6024481654167175,-0.07304804027080536,0.41966623067855835,0.6014720797538757,-0.08824260532855988,0.4100436270236969,0.6296482682228088,-0.08307848870754242,0.3832520544528961,0.635724663734436,-0.07884975522756577
346,0.6784228086471558,0.6983442902565002,-3.379382746970805e-07,0.6526153087615967,0.6027127504348755,-0.009856176562607288,0.6191917061805725,0.5199821591377258,-0.026015659794211388,0.5835995078086853,0.46049439907073975,-0.040311288088560104,0.5663776993751526,0.4135815501213074,-0.05104801431298256,0.6684924960136414,0.4494730830192566,-0.03567464277148247,0.5691220760345459,0.44804173707962036,-0.05825139582157135,0.5663149356842041,0.4934377074241638,-0.06264451891183853,0.5894950032234192,0.5078153014183044,-0.06408616155385971,0.6741281151771545,0.49076879024505615,-0.04261987656354904,0.5591428279876709,0.5040459036827087,-0.06522219628095627,0.569484293460846,0.5436795353889465,-0.061827484518289566,0.5961945056915283,0.548342227935791,-0.05959252640604973,0.6670580506324768,0.5435043573379517,-0.05024150386452675,0.5596133470535278,0.5590468049049377,-0.0728355422616005,0.5749945640563965,0.59244304895401,-0.06009962782263756,0.6036022305488586,0.5933550596237183,-0.051011573523283005,0.6537082195281982,0.5994488596916199,-0.058130137622356415,0.5658077001571655,0.6110876798629761,-0.0794968530535698,0.5761102437973022,0.6361900568008423,-0.07641549408435822,0.6009160876274109,0.6379030346870422,-0.07111281901597977,0.3509058654308319,0.7158862948417664,-1.2817065453418763e-07,0.37360307574272156,0.6427962183952332,-0.008058753795921803,0.391439288854599,0.5641900300979614,-0.017316589131951332,0.3994303047657013,0.5057123303413391,-0.026747427880764008,0.4017601013183594,0.4725372791290283,-0.03428858891129494,0.33237236738204956,0.532440185546875,-0.02821422554552555,0.37256932258605957,0.4934593737125397,-0.04994458705186844,0.3928355574607849,0.519600510597229,-0.06252699345350266,0.3916691839694977,0.5441484451293945,-0.06956665217876434,0.325992226600647,0.5762122869491577,-0.034947916865348816,0.38683366775512695,0.5488200187683105,-0.04847780242562294,0.39779314398765564,0.5737309455871582,-0.05110867694020271,0.3873423933982849,0.589521050453186,-0.055351532995700836,0.3317296504974365,0.6294482350349426,-0.04218955338001251,0.3999637961387634,0.6107662916183472,-0.05621375888586044,0.4036006033420563,0.6272363662719727,-0.0517292246222496,0.38975417613983154,0.6393613815307617,-0.05010579153895378,0.34648752212524414,0.684834361076355,-0.04993077367544174,0.4038063883781433,0.6774485111236572,-0.058432094752788544,0.4095366895198822,0.6890233159065247,-0.052215129137039185,0.39966705441474915,0.6976038813591003,-0.048029325902462006
347,0.6769795417785645,0.6703214645385742,-3.2146201078830927e-07,0.6501588225364685,0.578466534614563,-0.008080151863396168,0.6223077774047852,0.4915405511856079,-0.02528642676770687,0.587844729423523,0.43343156576156616,-0.04127548262476921,0.5725703239440918,0.41324731707572937,-0.05353669077157974,0.6705338954925537,0.42092418670654297,-0.0402621291577816,0.5705683827400208,0.42324715852737427,-0.06354261934757233,0.5731319189071655,0.4717203676700592,-0.06647654622793198,0.6009302139282227,0.48340117931365967,-0.06712136417627335,0.6786194443702698,0.4656018018722534,-0.05003408342599869,0.5654159784317017,0.4842756688594818,-0.07393928617238998,0.5792589783668518,0.5248783230781555,-0.06874938309192657,0.6082237362861633,0.5273319482803345,-0.06493613868951797,0.6730793118476868,0.5230261087417603,-0.059981569647789,0.5653752088546753,0.5432183742523193,-0.07921633869409561,0.5825135707855225,0.5767276287078857,-0.06427505612373352,0.6130989789962769,0.5751132369041443,-0.05470118671655655,0.6609772443771362,0.5832235813140869,-0.0706762745976448,0.5724209547042847,0.5987262725830078,-0.0863344669342041,0.5849695205688477,0.6206761002540588,-0.08127649873495102,0.6118860840797424,0.6188378930091858,-0.07592637836933136,0.3285422921180725,0.7253021001815796,-1.2399266324791824e-07,0.3347485363483429,0.6545551419258118,-0.007536489982157946,0.35403695702552795,0.5844895243644714,-0.02368760295212269,0.37358012795448303,0.5348917245864868,-0.04039466008543968,0.39240366220474243,0.5043487548828125,-0.05557608604431152,0.31899529695510864,0.5438127517700195,-0.044617824256420135,0.3994552791118622,0.5097693204879761,-0.07637413591146469,0.4111756682395935,0.5373018980026245,-0.09414556622505188,0.39313703775405884,0.5564785599708557,-0.10537604242563248,0.32492902874946594,0.588222861289978,-0.05763653293251991,0.42263221740722656,0.5624205470085144,-0.08329103142023087,0.4212353229522705,0.5900433659553528,-0.08791745454072952,0.39330101013183594,0.6061728596687317,-0.09309681504964828,0.3400583267211914,0.6409170627593994,-0.07076182961463928,0.42992764711380005,0.6213655471801758,-0.09237842261791229,0.42684707045555115,0.644741415977478,-0.08539991825819016,0.4013769030570984,0.6588443517684937,-0.08184051513671875,0.35848480463027954,0.6938283443450928,-0.0847373828291893,0.4300442934036255,0.6885803937911987,-0.09912456572055817,0.4292783737182617,0.7031399607658386,-0.09312918782234192,0.40876859426498413,0.7132986783981323,-0.08874644339084625
348,0.6813600659370422,0.7215056419372559,-5.317689897310629e-07,0.6540724039077759,0.6384045481681824,-0.011153931729495525,0.6202170252799988,0.5523744821548462,-0.0278641264885664,0.588416337966919,0.4926106929779053,-0.04241258651018143,0.5710586309432983,0.46049991250038147,-0.053568679839372635,0.6733905673027039,0.49947023391723633,-0.04659615084528923,0.567642867565155,0.5077162384986877,-0.07140623778104782,0.5711216926574707,0.5620660781860352,-0.07687419652938843,0.5976734757423401,0.5699530839920044,-0.07978542894124985,0.6787270307540894,0.552001953125,-0.05509134382009506,0.5608497858047485,0.5724926590919495,-0.0783441811800003,0.5766839981079102,0.6106307506561279,-0.07353817671537399,0.6052631735801697,0.6115266680717468,-0.0710715651512146,0.6722240447998047,0.6128349900245667,-0.06354109197854996,0.5652554631233215,0.6304191946983337,-0.08110306411981583,0.5801665782928467,0.6589717864990234,-0.06500284373760223,0.6086157560348511,0.6572087407112122,-0.05560518801212311,0.6609117984771729,0.6747008562088013,-0.07306350767612457,0.57607102394104,0.6902301907539368,-0.08820080757141113,0.5903418064117432,0.7053259015083313,-0.0817224308848381,0.6189948320388794,0.702030599117279,-0.07552050799131393,0.32978615164756775,0.689414381980896,-5.187075657886453e-08,0.3473452627658844,0.6120278239250183,-0.011724824085831642,0.37519392371177673,0.5318096280097961,-0.02736043371260166,0.40269702672958374,0.480794221162796,-0.043001580983400345,0.41994360089302063,0.4505457878112793,-0.05582571402192116,0.3311062753200531,0.4679071009159088,-0.03722885251045227,0.4210849106311798,0.4665611982345581,-0.06829598546028137,0.4236018657684326,0.5096561312675476,-0.0829700157046318,0.40025678277015686,0.5211762189865112,-0.09211770445108414,0.3221675753593445,0.5011255145072937,-0.047011472284793854,0.42948758602142334,0.5085277557373047,-0.07331497222185135,0.42323362827301025,0.5497315526008606,-0.07456646859645844,0.39644768834114075,0.5526626110076904,-0.0760245993733406,0.3249378502368927,0.5515539050102234,-0.05867437645792961,0.42743492126464844,0.5584351420402527,-0.08276227116584778,0.4189096987247467,0.5951551198959351,-0.07532346993684769,0.3926304578781128,0.5971735119819641,-0.06997411698102951,0.3366433382034302,0.6101484894752502,-0.07156425714492798,0.41987884044647217,0.6107681393623352,-0.08667021244764328,0.41071972250938416,0.6356966495513916,-0.08258476108312607,0.38512638211250305,0.6400141716003418,-0.07915127277374268
349,0.687635600566864,0.7016501426696777,-3.163862629662617e-07,0.665965735912323,0.6243254542350769,-0.014512532390654087,0.6351376175880432,0.5406879782676697,-0.03253341093659401,0.6002152562141418,0.48129162192344666,-0.047584619373083115,0.5739358067512512,0.4479331970214844,-0.059670690447092056,0.6730858087539673,0.48518162965774536,-0.05190233141183853,0.5738236308097839,0.48373910784721375,-0.07841639965772629,0.5740132331848145,0.5331525802612305,-0.0829683467745781,0.5993772745132446,0.5458062887191772,-0.08422069996595383,0.6769644021987915,0.5313297510147095,-0.05763823166489601,0.5647504329681396,0.5430043339729309,-0.08422722667455673,0.5760251879692078,0.5826941728591919,-0.07857339084148407,0.6040965914726257,0.586937665939331,-0.07433943450450897,0.6701029539108276,0.5862285494804382,-0.063901387155056,0.5661399364471436,0.5958934426307678,-0.08772370964288712,0.5795696377754211,0.6283411383628845,-0.07147353142499924,0.6091669201850891,0.6318444609642029,-0.06002866104245186,0.6578345894813538,0.6424793601036072,-0.070896677672863,0.5735365748405457,0.6482251882553101,-0.09218324720859528,0.5846995711326599,0.6695423126220703,-0.08716966956853867,0.6126762628555298,0.6723223924636841,-0.08075360953807831,0.3252112865447998,0.6859321594238281,-1.7714940270252555e-07,0.33191171288490295,0.6176544427871704,-0.00425048777833581,0.35705745220184326,0.5403223633766174,-0.0197564959526062,0.38893136382102966,0.4870518445968628,-0.03633349761366844,0.41058194637298584,0.45138847827911377,-0.050682105123996735,0.32089105248451233,0.5009678602218628,-0.04117971286177635,0.39899182319641113,0.4698163866996765,-0.07547353208065033,0.4126693606376648,0.5055644512176514,-0.0938490629196167,0.39538609981536865,0.522361695766449,-0.10443513840436935,0.32108327746391296,0.5380276441574097,-0.055615294724702835,0.4199323058128357,0.5219542384147644,-0.08470278978347778,0.41959503293037415,0.5581035614013672,-0.08908890932798386,0.3920452296733856,0.5669362545013428,-0.09308671206235886,0.3322138786315918,0.5846360921859741,-0.07054171711206436,0.4255216121673584,0.5757559537887573,-0.09366271644830704,0.4193841814994812,0.6060307025909424,-0.08521718531847,0.391140878200531,0.6123417019844055,-0.08032405376434326,0.3496484160423279,0.6337049007415771,-0.08599187433719635,0.422220915555954,0.6261700987815857,-0.0977945327758789,0.4152495861053467,0.6490081548690796,-0.0901380106806755,0.3896600008010864,0.6550535559654236,-0.08545275032520294
350,0.660019040107727,0.783893346786499,-6.988317409195588e-07,0.6652824282646179,0.6652734279632568,0.003922690637409687,0.6636011600494385,0.5677865147590637,-0.017671965062618256,0.6435089707374573,0.509212076663971,-0.042969029396772385,0.6146770119667053,0.5073439478874207,-0.0694659873843193,0.6757826209068298,0.4847501516342163,-0.04735410585999489,0.5731071829795837,0.4645789861679077,-0.07321714609861374,0.5718308687210083,0.5106234550476074,-0.08219803124666214,0.5921326279640198,0.526387095451355,-0.08790554851293564,0.6793422698974609,0.5312472581863403,-0.0667683556675911,0.5658048391342163,0.5373479723930359,-0.09017238765954971,0.5776007771492004,0.5723641514778137,-0.08737780153751373,0.607327401638031,0.5825206637382507,-0.08863228559494019,0.6692125797271729,0.5924520492553711,-0.08434808999300003,0.5657875537872314,0.6005489230155945,-0.10013226419687271,0.5842770338058472,0.627678394317627,-0.08584444224834442,0.617023229598999,0.6303303837776184,-0.08031600713729858,0.6526184678077698,0.6502251029014587,-0.10201970487833023,0.5737741589546204,0.6500244140625,-0.11131192743778229,0.5889217257499695,0.6709035634994507,-0.10063007473945618,0.6180964112281799,0.676302433013916,-0.09434472024440765,0.3336143493652344,0.6790293455123901,-1.1093813867546487e-07,0.33614853024482727,0.6108739376068115,-0.0014367393450811505,0.3571420907974243,0.5388997793197632,-0.017513878643512726,0.38586893677711487,0.4895860552787781,-0.03500692546367645,0.40870368480682373,0.4563579559326172,-0.05080519989132881,0.3226928114891052,0.504534900188446,-0.042290642857551575,0.3912511169910431,0.46776872873306274,-0.07599829882383347,0.40848201513290405,0.49858808517456055,-0.09444712847471237,0.39625415205955505,0.5171551704406738,-0.10529140383005142,0.3237569332122803,0.540061354637146,-0.05825318396091461,0.4148292541503906,0.5182953476905823,-0.087792307138443,0.4184545874595642,0.5506582856178284,-0.09318764507770538,0.39418306946754456,0.5606199502944946,-0.09809156507253647,0.33613982796669006,0.5859479308128357,-0.07400394976139069,0.4233992397785187,0.5720938444137573,-0.09731052815914154,0.41974905133247375,0.5990278720855713,-0.08868899196386337,0.3924424946308136,0.605399489402771,-0.0839172825217247,0.3544251322746277,0.6345536112785339,-0.0898047685623169,0.4211353063583374,0.6235350370407104,-0.10236246883869171,0.41675713658332825,0.6437864303588867,-0.09413645416498184,0.39197808504104614,0.6491936445236206,-0.08910582214593887
351,0.6788767576217651,0.671009361743927,-6.463958470703801e-07,0.6550754904747009,0.5738329887390137,-0.00648889783769846,0.6311556100845337,0.4787518382072449,-0.024885904043912888,0.5991214513778687,0.41861283779144287,-0.04290641099214554,0.5802798271179199,0.393125981092453,-0.05991969257593155,0.6747515201568604,0.41490638256073,-0.05009661987423897,0.5726363062858582,0.4144514799118042,-0.0757206454873085,0.5717850923538208,0.463952898979187,-0.07940230518579483,0.5923413038253784,0.4762509763240814,-0.07948508858680725,0.6843400001525879,0.46171557903289795,-0.060643550008535385,0.5695138573646545,0.4795718491077423,-0.08602695167064667,0.5813624262809753,0.5188299417495728,-0.0787229835987091,0.6083535552024841,0.5187009572982788,-0.07389818131923676,0.680105984210968,0.5175471305847168,-0.07070861756801605,0.5691258311271667,0.5359370708465576,-0.09302037954330444,0.5849841833114624,0.5670181512832642,-0.07674794644117355,0.6147456169128418,0.5655791163444519,-0.06565617024898529,0.6650852560997009,0.5755292773246765,-0.08077224344015121,0.5742844343185425,0.5865808129310608,-0.09792604297399521,0.5879809260368347,0.6057489514350891,-0.09049426764249802,0.6167848110198975,0.6024215817451477,-0.08373414725065231,0.31119605898857117,0.7040884494781494,-2.444355970965262e-07,0.3347315788269043,0.6351659297943115,-0.018259959295392036,0.3697439432144165,0.5593545436859131,-0.03582169488072395,0.40363043546676636,0.5039492249488831,-0.05152606591582298,0.4255380630493164,0.4622512459754944,-0.06519770622253418,0.32941630482673645,0.5144820809364319,-0.05263135954737663,0.43260473012924194,0.5324488282203674,-0.08732873946428299,0.4360342025756836,0.5748535394668579,-0.1047428697347641,0.4088568091392517,0.5850457549095154,-0.11539650708436966,0.31986334919929504,0.5677196383476257,-0.061375249177217484,0.43953052163124084,0.5882139801979065,-0.09307531267404556,0.4294678270816803,0.6293607950210571,-0.09824754297733307,0.39848142862319946,0.6377524733543396,-0.10231031477451324,0.3219549357891083,0.630084753036499,-0.07126612961292267,0.43257105350494385,0.6446968913078308,-0.10060140490531921,0.42028823494911194,0.6765791177749634,-0.09435846656560898,0.3913939893245697,0.6811566948890686,-0.08881008625030518,0.3318782150745392,0.6922411322593689,-0.08263184130191803,0.4165315628051758,0.7046176195144653,-0.1026497408747673,0.4087114632129669,0.7252289652824402,-0.09855061769485474,0.38472428917884827,0.7304214835166931,-0.09416532516479492
352,0.6876811981201172,0.6780259013175964,-3.8858325979163055e-07,0.6735091805458069,0.5930975675582886,-0.013252540491521358,0.6476448774337769,0.5068786144256592,-0.03359216824173927,0.6092610955238342,0.443189799785614,-0.0512099526822567,0.5704606175422668,0.4060468077659607,-0.06609703600406647,0.6769101619720459,0.4430396556854248,-0.0578770637512207,0.5751614570617676,0.4265982508659363,-0.085443876683712,0.5703608989715576,0.47781434655189514,-0.08768251538276672,0.5918244123458862,0.4989571273326874,-0.08688870817422867,0.6811422109603882,0.4865363836288452,-0.06516092270612717,0.5651944875717163,0.4835640490055084,-0.09146636724472046,0.5724273324012756,0.5312440991401672,-0.08259741216897964,0.5972136855125427,0.5417317152023315,-0.07627425342798233,0.6719262599945068,0.5409790277481079,-0.07265029847621918,0.5651825666427612,0.5469226837158203,-0.09507357329130173,0.5773943066596985,0.5851982831954956,-0.0777684673666954,0.6044561266899109,0.5902175903320312,-0.06680070608854294,0.6564893126487732,0.5966182947158813,-0.08077133446931839,0.5731683373451233,0.6052531599998474,-0.10038211196660995,0.58344566822052,0.6283435821533203,-0.09519392997026443,0.6071939468383789,0.6294952630996704,-0.08965171128511429,0.33953657746315,0.6899141669273376,3.796670711153638e-08,0.3441677689552307,0.6301025152206421,-0.008259391412138939,0.3652021884918213,0.5571037530899048,-0.025945648550987244,0.39363768696784973,0.5046363472938538,-0.04350082576274872,0.4165898859500885,0.4671204686164856,-0.05848587676882744,0.31778615713119507,0.5197669267654419,-0.04860540106892586,0.3809366524219513,0.47407206892967224,-0.08426329493522644,0.39493536949157715,0.5003594756126404,-0.10223665088415146,0.38437649607658386,0.5193802714347839,-0.11090020835399628,0.3197318911552429,0.5522019267082214,-0.06047555059194565,0.4091377258300781,0.5190953612327576,-0.09093659371137619,0.4120137691497803,0.5478067398071289,-0.09389015287160873,0.3885589838027954,0.5604618787765503,-0.09532960504293442,0.3331400752067566,0.5938421487808228,-0.07288262993097305,0.4214889109134674,0.571128785610199,-0.09673462063074112,0.41587865352630615,0.5975974202156067,-0.08590546995401382,0.38934755325317383,0.6054943799972534,-0.07841949164867401,0.3502209782600403,0.6396633386611938,-0.08597112447023392,0.42174527049064636,0.6239092350006104,-0.09905163943767548,0.41727781295776367,0.6455207467079163,-0.08982652425765991,0.3943139910697937,0.6541434526443481,-0.08314449340105057
353,0.6742557883262634,0.7276315689086914,-4.3404014604675467e-07,0.6433954834938049,0.6279585361480713,-0.013220817781984806,0.6100497245788574,0.5303491950035095,-0.03018401563167572,0.5733330249786377,0.4738524556159973,-0.04504993557929993,0.5525122284889221,0.47771018743515015,-0.056972015649080276,0.6630412340164185,0.49528172612190247,-0.04008966311812401,0.562314510345459,0.5129644870758057,-0.06662271916866302,0.570899486541748,0.5607749223709106,-0.07431817799806595,0.5992956757545471,0.5625908374786377,-0.07790108025074005,0.6696962714195251,0.5506958365440369,-0.04823468253016472,0.5553184151649475,0.5734042525291443,-0.0739106610417366,0.5736796259880066,0.607395589351654,-0.07118251174688339,0.6031325459480286,0.6066093444824219,-0.06892489641904831,0.6642296314239502,0.6124335527420044,-0.05736871808767319,0.5579041242599487,0.6296479105949402,-0.0790204405784607,0.5753978490829468,0.656368613243103,-0.0672261118888855,0.6056568622589111,0.6530826091766357,-0.05837352201342583,0.6526914834976196,0.672896146774292,-0.06760998070240021,0.56563800573349,0.6855478882789612,-0.0819321870803833,0.5800647139549255,0.6992001533508301,-0.07693696022033691,0.6093676686286926,0.6942756772041321,-0.07176674902439117,0.33296334743499756,0.7072261571884155,-2.2328897841816797e-07,0.36088860034942627,0.5945905447006226,-0.006461719982326031,0.3771480321884155,0.5063259601593018,-0.02157958783209324,0.3866271674633026,0.4483332335948944,-0.03952683135867119,0.3985890746116638,0.43273988366127014,-0.053603220731019974,0.3315756916999817,0.42039579153060913,-0.023085884749889374,0.4129568040370941,0.4183952212333679,-0.051258694380521774,0.4133576452732086,0.4615399241447449,-0.0675678625702858,0.3938179910182953,0.47790732979774475,-0.0784778743982315,0.32290706038475037,0.4653286933898926,-0.03633410483598709,0.4353620409965515,0.4795321226119995,-0.062306348234415054,0.4207512140274048,0.5177057385444641,-0.06817331165075302,0.3882981836795807,0.5289455652236938,-0.07269378006458282,0.3240950107574463,0.5234366059303284,-0.051198121160268784,0.43615439534187317,0.5366412401199341,-0.07532656192779541,0.41441231966018677,0.5649218559265137,-0.0738709345459938,0.3790469467639923,0.5710141062736511,-0.07172841578722,0.33301299810409546,0.5859978795051575,-0.06713707000017166,0.42449507117271423,0.5920231342315674,-0.08245992660522461,0.41188475489616394,0.6101646423339844,-0.08097725361585617,0.3809603750705719,0.6139442324638367,-0.07846639305353165
354,0.6727194786071777,0.683341383934021,-3.3357972029079974e-07,0.6493135094642639,0.5896767377853394,-0.0065914480946958065,0.6257462501525879,0.5062742233276367,-0.023185301572084427,0.5940250754356384,0.45061588287353516,-0.03907531499862671,0.5682371258735657,0.41803932189941406,-0.052430279552936554,0.6621266007423401,0.43678969144821167,-0.04254931956529617,0.5668020844459534,0.4462150037288666,-0.06271841377019882,0.5674865245819092,0.49154311418533325,-0.06364680826663971,0.5914919376373291,0.5052018761634827,-0.06349565833806992,0.6689333915710449,0.48133227229118347,-0.053371671587228775,0.5566537976264954,0.5037041306495667,-0.0732719674706459,0.5695415139198303,0.5430638790130615,-0.06635531038045883,0.5974187850952148,0.5477545261383057,-0.06309231370687485,0.6644260287284851,0.5377034544944763,-0.06407026201486588,0.5565614700317383,0.558774471282959,-0.07998161762952805,0.5732117891311646,0.591481626033783,-0.06431272625923157,0.6026849746704102,0.5927708148956299,-0.05640944465994835,0.6545024514198303,0.5971019268035889,-0.07552038878202438,0.5660601854324341,0.6131424903869629,-0.09109222143888474,0.5776158571243286,0.6344623565673828,-0.08613419532775879,0.6033680438995361,0.6347061395645142,-0.08186191320419312,0.3394624590873718,0.7193217277526855,-1.764100261425483e-07,0.3458672761917114,0.6293220520019531,-0.003821266582235694,0.3658638596534729,0.5394697189331055,-0.023959411308169365,0.3893452286720276,0.4754607081413269,-0.04596501961350441,0.40654921531677246,0.4379459023475647,-0.06597154587507248,0.32210028171539307,0.5024691820144653,-0.051541998982429504,0.38901448249816895,0.4533393681049347,-0.09122717380523682,0.4142928421497345,0.4881055951118469,-0.11428514122962952,0.40715572237968445,0.5164258480072021,-0.12748369574546814,0.3221452534198761,0.5469257831573486,-0.06851495802402496,0.4222342073917389,0.5183539986610413,-0.10138280689716339,0.43069693446159363,0.557545006275177,-0.10851829499006271,0.40498071908950806,0.5785467028617859,-0.11475417017936707,0.3347567915916443,0.6014650464057922,-0.08526749908924103,0.4309462308883667,0.5831859707832336,-0.11030040681362152,0.43205299973487854,0.6143345236778259,-0.10155285149812698,0.4050326645374298,0.6286121606826782,-0.09695003926753998,0.3553905785083771,0.6575459837913513,-0.10253771394491196,0.4335518181324005,0.6461358070373535,-0.115043506026268,0.43645936250686646,0.6691581606864929,-0.10492489486932755,0.4162331521511078,0.6810977458953857,-0.0984153226017952
355,0.6789811849594116,0.7032036781311035,-4.465637175599113e-07,0.6545445322990417,0.6215720772743225,-0.013648932799696922,0.6214107871055603,0.5405957102775574,-0.03093988262116909,0.5861626267433167,0.481056809425354,-0.04562297463417053,0.5632588863372803,0.43363529443740845,-0.05686450004577637,0.6642400026321411,0.4757678508758545,-0.04649985581636429,0.5666561126708984,0.47165438532829285,-0.07351215928792953,0.565500020980835,0.5211950540542603,-0.07980073243379593,0.5878022909164429,0.5389981865882874,-0.08217604458332062,0.6692385077476501,0.5190622210502625,-0.05292913317680359,0.5552850961685181,0.5263094305992126,-0.07969442009925842,0.5663920044898987,0.5695391893386841,-0.07540997117757797,0.5929637551307678,0.5761993527412415,-0.07209872454404831,0.662649929523468,0.5721818208694458,-0.06017625331878662,0.5583568811416626,0.5809545516967773,-0.08403395861387253,0.5721887350082397,0.6165730953216553,-0.06768258661031723,0.5990504026412964,0.6193891167640686,-0.05633421614766121,0.6505324840545654,0.6282746195793152,-0.06829021871089935,0.5689814686775208,0.6359777450561523,-0.0899384394288063,0.5817620158195496,0.6582578420639038,-0.08478163182735443,0.6069656610488892,0.6583046913146973,-0.07815668731927872,0.3401062786579132,0.7300429344177246,-3.1332089633906435e-07,0.36059874296188354,0.6435836553573608,-0.007230048533529043,0.3881494104862213,0.5555904507637024,-0.02287454716861248,0.41316699981689453,0.49313387274742126,-0.0393371544778347,0.4231306314468384,0.4570000171661377,-0.05344681814312935,0.3351861834526062,0.5038257837295532,-0.04242448881268501,0.4189338684082031,0.48096930980682373,-0.07590017467737198,0.43166208267211914,0.5283988118171692,-0.09465625137090683,0.4127606451511383,0.5464523434638977,-0.10638956725597382,0.3320579528808594,0.5504717826843262,-0.05593392252922058,0.43678298592567444,0.5442346930503845,-0.08198485523462296,0.4392634332180023,0.5858201384544373,-0.08648742735385895,0.41343313455581665,0.5950474739074707,-0.09196875244379044,0.33941227197647095,0.607241153717041,-0.06989222764968872,0.43970787525177,0.5998457670211792,-0.09207069128751755,0.4368997812271118,0.6340615749359131,-0.08344215899705887,0.4105082154273987,0.6442885994911194,-0.07890716940164566,0.3531821668148041,0.6646634936332703,-0.08480988442897797,0.4329017400741577,0.6556115746498108,-0.097604900598526,0.4334160089492798,0.6788789629936218,-0.08962394297122955,0.4128952622413635,0.6884981393814087,-0.08398308604955673
356,0.685718834400177,0.7047408819198608,-3.788235289903241e-07,0.6601417660713196,0.6240798234939575,-0.016823075711727142,0.6262344121932983,0.5429642200469971,-0.03683316335082054,0.5888707637786865,0.4868677258491516,-0.052853766828775406,0.5621141195297241,0.44795846939086914,-0.06542207300662994,0.6690188646316528,0.47677040100097656,-0.05855552479624748,0.5691283941268921,0.4864142835140228,-0.08570234477519989,0.5730358958244324,0.536632239818573,-0.09019191563129425,0.5981001853942871,0.5480204820632935,-0.09191039949655533,0.6755025386810303,0.5228172540664673,-0.06387988477945328,0.560192883014679,0.543039858341217,-0.0916358157992363,0.5738242268562317,0.5839722156524658,-0.0860881581902504,0.6009138226509094,0.5867010951042175,-0.08256560564041138,0.6691742539405823,0.5783776640892029,-0.06950162351131439,0.5623549818992615,0.596070408821106,-0.09318520128726959,0.5772039890289307,0.62945556640625,-0.0757681354880333,0.6051476001739502,0.631005585193634,-0.06449154764413834,0.6567853689193726,0.6357381343841553,-0.0761282742023468,0.5711413621902466,0.6492398977279663,-0.09863773733377457,0.5828717947006226,0.6705069541931152,-0.0939456969499588,0.6088821291923523,0.6700160503387451,-0.08803508430719376,0.32985448837280273,0.6910967230796814,-1.2346087885362067e-07,0.34471753239631653,0.5986409783363342,-0.012755733914673328,0.36786165833473206,0.5084138512611389,-0.02945542521774769,0.38890060782432556,0.44626522064208984,-0.045430272817611694,0.4045093059539795,0.42219996452331543,-0.057696111500263214,0.32607805728912354,0.4468608498573303,-0.04406949505209923,0.42746469378471375,0.4460883140563965,-0.07569626718759537,0.4267162084579468,0.4954295754432678,-0.0873720720410347,0.40017250180244446,0.5026319026947021,-0.09425592422485352,0.31810131669044495,0.48869046568870544,-0.05378399416804314,0.4379396438598633,0.49724525213241577,-0.08325836807489395,0.4278010129928589,0.5434272885322571,-0.08330997079610825,0.39819765090942383,0.5486297011375427,-0.08308485150337219,0.3234015703201294,0.545733630657196,-0.06464149802923203,0.43749651312828064,0.5510814189910889,-0.09111134707927704,0.42447808384895325,0.5904582142829895,-0.08340906351804733,0.3953706622123718,0.5953841805458069,-0.07677867263555527,0.3386853039264679,0.6065446734428406,-0.07648991793394089,0.42890462279319763,0.6035407781600952,-0.0929187685251236,0.41850215196609497,0.6291022896766663,-0.08952935039997101,0.39061227440834045,0.6351279020309448,-0.08573616296052933
357,0.6889320611953735,0.6679601669311523,-3.4267497994733276e-07,0.6589190363883972,0.5784200429916382,-0.00833712425082922,0.6374449729919434,0.49431687593460083,-0.023927945643663406,0.6139594316482544,0.43377265334129333,-0.03762049973011017,0.5946686863899231,0.3863069713115692,-0.04828803613781929,0.6922200918197632,0.4283372759819031,-0.03855035454034805,0.5956494808197021,0.43059641122817993,-0.059493593871593475,0.5976532101631165,0.46948009729385376,-0.06255222856998444,0.6212500929832458,0.4806128442287445,-0.06364258378744125,0.7028307914733887,0.46575602889060974,-0.046839457005262375,0.5892056822776794,0.47991546988487244,-0.06614906340837479,0.6011117100715637,0.5152768492698669,-0.06160730496048927,0.6261550784111023,0.5184796452522278,-0.05999184772372246,0.6996618509292603,0.5169978737831116,-0.05540722981095314,0.5906004905700684,0.5321679711341858,-0.07211869210004807,0.6066398024559021,0.5628692507743835,-0.05809132009744644,0.6353177428245544,0.5619903802871704,-0.05080077424645424,0.6893453598022461,0.5735309720039368,-0.06447868794202805,0.597015917301178,0.587264358997345,-0.08168143033981323,0.6086951494216919,0.610238790512085,-0.07800403982400894,0.6353475451469421,0.6083542108535767,-0.07431832700967789,0.33916401863098145,0.7285904288291931,-3.62295565992099e-07,0.3467608690261841,0.649089515209198,-0.011424679309129715,0.3776072561740875,0.5703529119491577,-0.03053445555269718,0.41347312927246094,0.5279351472854614,-0.05054282024502754,0.4398632347583771,0.5201103091239929,-0.06832366436719894,0.3724397122859955,0.5063744783401489,-0.04936658963561058,0.4755646884441376,0.5207827091217041,-0.08698645234107971,0.47403380274772644,0.5708844065666199,-0.10639128088951111,0.4476970434188843,0.582684338092804,-0.11859612911939621,0.3678671717643738,0.5556812882423401,-0.06301475316286087,0.4853878319263458,0.574273407459259,-0.09513949602842331,0.4736151099205017,0.6235367059707642,-0.0978594422340393,0.44648870825767517,0.6322556734085083,-0.09961574524641037,0.37221258878707886,0.6184005737304688,-0.07784023880958557,0.48094382882118225,0.634390652179718,-0.1031889095902443,0.470126211643219,0.6736992597579956,-0.09503127634525299,0.444558322429657,0.6801658868789673,-0.08860452473163605,0.3828178644180298,0.6852492094039917,-0.09442972391843796,0.4716947376728058,0.695562481880188,-0.10689485818147659,0.4635363817214966,0.715173065662384,-0.10050435364246368,0.4411948323249817,0.7187358736991882,-0.09588482975959778
358,0.0,0.0,0.0,0.0,0.0,0.0,0.0,0.0,0.0,0.0,0.0,0.0,0.0,0.0,0.0,0.0,0.0,0.0,0.0,0.0,0.0,0.0,0.0,0.0,0.0,0.0,0.0,0.0,0.0,0.0,0.0,0.0,0.0,0.0,0.0,0.0,0.0,0.0,0.0,0.0,0.0,0.0,0.0,0.0,0.0,0.0,0.0,0.0,0.0,0.0,0.0,0.0,0.0,0.0,0.0,0.0,0.0,0.0,0.0,0.0,0.0,0.0,0.0,0.3052313029766083,0.7969987392425537,-1.2378634437482106e-06,0.23365536332130432,0.7449532747268677,-0.02313099056482315,0.20708048343658447,0.707933783531189,-0.05702611431479454,0.2417764514684677,0.7153204679489136,-0.08799616247415543,0.2855144143104553,0.7356894016265869,-0.12404412031173706,0.23964959383010864,0.6268534660339355,-0.09924132376909256,0.21535317599773407,0.7697967886924744,-0.1436767578125,0.19226202368736267,0.8686974048614502,-0.17240624129772186,0.16702251136302948,0.9387282133102417,-0.18886516988277435,0.30149587988853455,0.6376405954360962,-0.10812153667211533,0.24804198741912842,0.8157215118408203,-0.1457032561302185,0.21054399013519287,0.9233738780021667,-0.1638127714395523,0.1774575263261795,0.986059308052063,-0.17936114966869354,0.35758116841316223,0.6662331819534302,-0.1130143254995346,0.30337095260620117,0.830066442489624,-0.14614711701869965,0.26961779594421387,0.9204672574996948,-0.1509634107351303,0.23736946284770966,0.9749668836593628,-0.15425464510917664,0.40306776762008667,0.7046704292297363,-0.11863583326339722,0.3699541985988617,0.8218729496002197,-0.14063243567943573,0.3402896821498871,0.887995719909668,-0.13294851779937744,0.31305795907974243,0.9290499091148376,-0.12518906593322754
359,0.7149891257286072,0.789994478225708,-5.180719426789437e-07,0.683047890663147,0.6832035779953003,-0.004424674436450005,0.6537964940071106,0.5803823471069336,-0.019038069993257523,0.6172776818275452,0.5226178169250488,-0.03389808535575867,0.5943486094474792,0.5143306851387024,-0.04687238484621048,0.7029283046722412,0.536740243434906,-0.03387276455760002,0.6001551151275635,0.5414059162139893,-0.06184728816151619,0.6099876761436462,0.5829616785049438,-0.07269775122404099,0.6336442828178406,0.5852210521697998,-0.07766560465097427,0.7078263163566589,0.5935333967208862,-0.04639454185962677,0.595596194267273,0.6052695512771606,-0.07436144351959229,0.6127687692642212,0.6328228712081909,-0.07287873327732086,0.6426262855529785,0.6339431405067444,-0.07117132842540741,0.701950192451477,0.6551758050918579,-0.059234630316495895,0.5966077446937561,0.6638974547386169,-0.08369610458612442,0.6141496896743774,0.6872347593307495,-0.06976726651191711,0.6445409655570984,0.6864468455314636,-0.0583990179002285,0.6897717714309692,0.7162938714027405,-0.0722721666097641,0.6054539680480957,0.7170305252075195,-0.08755501359701157,0.6201626658439636,0.7332059741020203,-0.0787946879863739,0.6477972269058228,0.7311872839927673,-0.07043515145778656,0.3284265995025635,0.7827414274215698,-1.9673160522870603e-07,0.3781125545501709,0.6727654337882996,-0.005542927887290716,0.40075933933258057,0.5868369936943054,-0.02025545947253704,0.40527278184890747,0.5251646637916565,-0.03982209041714668,0.4056133031845093,0.4909087121486664,-0.055313751101493835,0.3420206308364868,0.4759511649608612,-0.010568232275545597,0.43375396728515625,0.4665401577949524,-0.04583248496055603,0.42830511927604675,0.5196264982223511,-0.06842250376939774,0.4036792516708374,0.5352119207382202,-0.08213726431131363,0.32588890194892883,0.5047529935836792,-0.025209272280335426,0.4454960823059082,0.5164589285850525,-0.054259441792964935,0.43102091550827026,0.5642343759536743,-0.059693798422813416,0.40156805515289307,0.576323390007019,-0.06218406930565834,0.32144537568092346,0.554074764251709,-0.04350249469280243,0.4422813951969147,0.570698082447052,-0.06789997220039368,0.42576175928115845,0.6128789782524109,-0.06093795970082283,0.3959982991218567,0.6241115927696228,-0.05464155599474907,0.3270311951637268,0.6141271591186523,-0.06380844116210938,0.4305570721626282,0.6276271343231201,-0.07547298818826675,0.42139729857444763,0.6581963300704956,-0.0687762051820755,0.3941481113433838,0.6656603217124939,-0.06254197657108307
360,0.0,0.0,0.0,0.0,0.0,0.0,0.0,0.0,0.0,0.0,0.0,0.0,0.0,0.0,0.0,0.0,0.0,0.0,0.0,0.0,0.0,0.0,0.0,0.0,0.0,0.0,0.0,0.0,0.0,0.0,0.0,0.0,0.0,0.0,0.0,0.0,0.0,0.0,0.0,0.0,0.0,0.0,0.0,0.0,0.0,0.0,0.0,0.0,0.0,0.0,0.0,0.0,0.0,0.0,0.0,0.0,0.0,0.0,0.0,0.0,0.0,0.0,0.0,0.0,0.0,0.0,0.0,0.0,0.0,0.0,0.0,0.0,0.0,0.0,0.0,0.0,0.0,0.0,0.0,0.0,0.0,0.0,0.0,0.0,0.0,0.0,0.0,0.0,0.0,0.0,0.0,0.0,0.0,0.0,0.0,0.0,0.0,0.0,0.0,0.0,0.0,0.0,0.0,0.0,0.0,0.0,0.0,0.0,0.0,0.0,0.0,0.0,0.0,0.0,0.0,0.0,0.0,0.0,0.0,0.0,0.0,0.0,0.0,0.0,0.0,0.0
361,0.0,0.0,0.0,0.0,0.0,0.0,0.0,0.0,0.0,0.0,0.0,0.0,0.0,0.0,0.0,0.0,0.0,0.0,0.0,0.0,0.0,0.0,0.0,0.0,0.0,0.0,0.0,0.0,0.0,0.0,0.0,0.0,0.0,0.0,0.0,0.0,0.0,0.0,0.0,0.0,0.0,0.0,0.0,0.0,0.0,0.0,0.0,0.0,0.0,0.0,0.0,0.0,0.0,0.0,0.0,0.0,0.0,0.0,0.0,0.0,0.0,0.0,0.0,0.0,0.0,0.0,0.0,0.0,0.0,0.0,0.0,0.0,0.0,0.0,0.0,0.0,0.0,0.0,0.0,0.0,0.0,0.0,0.0,0.0,0.0,0.0,0.0,0.0,0.0,0.0,0.0,0.0,0.0,0.0,0.0,0.0,0.0,0.0,0.0,0.0,0.0,0.0,0.0,0.0,0.0,0.0,0.0,0.0,0.0,0.0,0.0,0.0,0.0,0.0,0.0,0.0,0.0,0.0,0.0,0.0,0.0,0.0,0.0,0.0,0.0,0.0
362,0.0,0.0,0.0,0.0,0.0,0.0,0.0,0.0,0.0,0.0,0.0,0.0,0.0,0.0,0.0,0.0,0.0,0.0,0.0,0.0,0.0,0.0,0.0,0.0,0.0,0.0,0.0,0.0,0.0,0.0,0.0,0.0,0.0,0.0,0.0,0.0,0.0,0.0,0.0,0.0,0.0,0.0,0.0,0.0,0.0,0.0,0.0,0.0,0.0,0.0,0.0,0.0,0.0,0.0,0.0,0.0,0.0,0.0,0.0,0.0,0.0,0.0,0.0,0.0,0.0,0.0,0.0,0.0,0.0,0.0,0.0,0.0,0.0,0.0,0.0,0.0,0.0,0.0,0.0,0.0,0.0,0.0,0.0,0.0,0.0,0.0,0.0,0.0,0.0,0.0,0.0,0.0,0.0,0.0,0.0,0.0,0.0,0.0,0.0,0.0,0.0,0.0,0.0,0.0,0.0,0.0,0.0,0.0,0.0,0.0,0.0,0.0,0.0,0.0,0.0,0.0,0.0,0.0,0.0,0.0,0.0,0.0,0.0,0.0,0.0,0.0
363,0.0,0.0,0.0,0.0,0.0,0.0,0.0,0.0,0.0,0.0,0.0,0.0,0.0,0.0,0.0,0.0,0.0,0.0,0.0,0.0,0.0,0.0,0.0,0.0,0.0,0.0,0.0,0.0,0.0,0.0,0.0,0.0,0.0,0.0,0.0,0.0,0.0,0.0,0.0,0.0,0.0,0.0,0.0,0.0,0.0,0.0,0.0,0.0,0.0,0.0,0.0,0.0,0.0,0.0,0.0,0.0,0.0,0.0,0.0,0.0,0.0,0.0,0.0,0.0,0.0,0.0,0.0,0.0,0.0,0.0,0.0,0.0,0.0,0.0,0.0,0.0,0.0,0.0,0.0,0.0,0.0,0.0,0.0,0.0,0.0,0.0,0.0,0.0,0.0,0.0,0.0,0.0,0.0,0.0,0.0,0.0,0.0,0.0,0.0,0.0,0.0,0.0,0.0,0.0,0.0,0.0,0.0,0.0,0.0,0.0,0.0,0.0,0.0,0.0,0.0,0.0,0.0,0.0,0.0,0.0,0.0,0.0,0.0,0.0,0.0,0.0
