frame_index,0,1,2,3,4,5,6,7,8,9,10,11,12,13,14,15,16,17,18,19,20,21,22,23,24,25,26,27,28,29,30,31,32,33,34,35,36,37,38,39,40,41,42,43,44,45,46,47,48,49,50,51,52,53,54,55,56,57,58,59,60,61,62,63,64,65,66,67,68,69,70,71,72,73,74,75,76,77,78,79,80,81,82,83,84,85,86,87,88,89,90,91,92,93,94,95,96,97,98,99,100,101,102,103,104,105,106,107,108,109,110,111,112,113,114,115,116,117,118,119,120,121,122,123,124,125
0,0.808198094367981,0.5312148928642273,-4.237379016558407e-07,0.7500320672988892,0.4872889518737793,0.04373554140329361,0.6855674386024475,0.4217010736465454,0.05439673736691475,0.6286889314651489,0.4034287929534912,0.04848551005125046,0.5832523107528687,0.39549386501312256,0.039471425116062164,0.7677618265151978,0.193048894405365,0.08479626476764679,0.6957209706306458,0.06999589502811432,0.10023760795593262,0.6421019434928894,0.030204012989997864,0.09684131294488907,0.5969616174697876,0.009536013007164001,0.08961894363164902,0.7673928141593933,0.17150649428367615,0.049315907061100006,0.6828964352607727,0.04956549406051636,0.07142387330532074,0.6211358904838562,0.014623746275901794,0.06404910981655121,0.5755704641342163,0.004185318946838379,0.05150296911597252,0.7537472248077393,0.16885343194007874,0.012042287737131119,0.6762511134147644,0.04689610004425049,0.03488577902317047,0.615841805934906,0.01702280342578888,0.034178122878074646,0.5662457346916199,0.005967855453491211,0.023876644670963287,0.7287041544914246,0.18284937739372253,-0.024470506235957146,0.6743776202201843,0.08605487644672394,-0.010283447802066803,0.6280564665794373,0.051587581634521484,-0.0051729981787502766,0.5814419984817505,0.03701549768447876,-0.006232588551938534,0.0,0.0,0.0,0.0,0.0,0.0,0.0,0.0,0.0,0.0,0.0,0.0,0.0,0.0,0.0,0.0,0.0,0.0,0.0,0.0,0.0,0.0,0.0,0.0,0.0,0.0,0.0,0.0,0.0,0.0,0.0,0.0,0.0,0.0,0.0,0.0,0.0,0.0,0.0,0.0,0.0,0.0,0.0,0.0,0.0,0.0,0.0,0.0,0.0,0.0,0.0,0.0,0.0,0.0,0.0,0.0,0.0,0.0,0.0,0.0,0.0,0.0,0.0
1,0.8041344285011292,0.4622555077075958,-4.809778602066217e-07,0.7924336791038513,0.3495537340641022,0.07131730020046234,0.7558616399765015,0.23475293815135956,0.10029857605695724,0.7272477746009827,0.1534900665283203,0.11028482019901276,0.6930450201034546,0.10430185496807098,0.11614663153886795,0.77508145570755,0.12468282133340836,0.08701249212026596,0.7117434740066528,0.004093468189239502,0.09689704328775406,0.6618923544883728,-0.04062087833881378,0.0955917090177536,0.625874400138855,-0.06734170019626617,0.09206999093294144,0.769909143447876,0.12448559701442719,0.04323718324303627,0.6794007420539856,0.014163881540298462,0.0580427311360836,0.623855710029602,-0.028118565678596497,0.05561633035540581,0.5869351029396057,-0.047671690583229065,0.04829729348421097,0.7511636018753052,0.14596128463745117,0.0010309136705473065,0.6652997732162476,0.03968369960784912,0.016284309327602386,0.609115719795227,-0.003052249550819397,0.019951291382312775,0.56760573387146,-0.031487807631492615,0.01427261158823967,0.7242778539657593,0.18157172203063965,-0.03707951307296753,0.6603313088417053,0.08920672535896301,-0.030730722472071648,0.6185323596000671,0.04434460401535034,-0.026382651180028915,0.5816594958305359,0.008098393678665161,-0.026493115350604057,0.0,0.0,0.0,0.0,0.0,0.0,0.0,0.0,0.0,0.0,0.0,0.0,0.0,0.0,0.0,0.0,0.0,0.0,0.0,0.0,0.0,0.0,0.0,0.0,0.0,0.0,0.0,0.0,0.0,0.0,0.0,0.0,0.0,0.0,0.0,0.0,0.0,0.0,0.0,0.0,0.0,0.0,0.0,0.0,0.0,0.0,0.0,0.0,0.0,0.0,0.0,0.0,0.0,0.0,0.0,0.0,0.0,0.0,0.0,0.0,0.0,0.0,0.0
2,0.7999348044395447,0.43744421005249023,-4.6757594418522785e-07,0.7942145466804504,0.3217684030532837,0.056804120540618896,0.7623456120491028,0.22678638994693756,0.07929384708404541,0.7284069657325745,0.1600569784641266,0.08573150634765625,0.6873149275779724,0.12689098715782166,0.08838178217411041,0.772629976272583,0.13438108563423157,0.06985633820295334,0.7110955715179443,0.031285449862480164,0.07424557209014893,0.6658570766448975,-0.016217917203903198,0.07282807677984238,0.631986677646637,-0.0538618266582489,0.06892397999763489,0.7661409378051758,0.13158638775348663,0.03430398181080818,0.6789625287055969,0.04133906960487366,0.039935119450092316,0.6230014562606812,0.012371882796287537,0.0369119755923748,0.5852261781692505,-0.006092488765716553,0.030288739129900932,0.7476608157157898,0.15046802163124084,-0.0005209891824051738,0.6634718179702759,0.06274031102657318,0.0019234877545386553,0.6046659350395203,0.03876712918281555,0.0013078959891572595,0.5608925819396973,0.023025602102279663,-0.00401755515486002,0.7184368371963501,0.1816745400428772,-0.031623777002096176,0.6622558236122131,0.09939656406641006,-0.03602580353617668,0.6168254017829895,0.06507463753223419,-0.03789403662085533,0.5738630890846252,0.039022743701934814,-0.04114681854844093,0.0,0.0,0.0,0.0,0.0,0.0,0.0,0.0,0.0,0.0,0.0,0.0,0.0,0.0,0.0,0.0,0.0,0.0,0.0,0.0,0.0,0.0,0.0,0.0,0.0,0.0,0.0,0.0,0.0,0.0,0.0,0.0,0.0,0.0,0.0,0.0,0.0,0.0,0.0,0.0,0.0,0.0,0.0,0.0,0.0,0.0,0.0,0.0,0.0,0.0,0.0,0.0,0.0,0.0,0.0,0.0,0.0,0.0,0.0,0.0,0.0,0.0,0.0
3,0.7863895297050476,0.40456339716911316,-4.604783896411391e-07,0.7795947790145874,0.29525476694107056,0.057465873658657074,0.7560262084007263,0.21373212337493896,0.07695761322975159,0.7280110120773315,0.16379135847091675,0.08149444311857224,0.694645345211029,0.13950152695178986,0.08092277497053146,0.7571684718132019,0.1298520267009735,0.048212870955467224,0.6981740593910217,0.03264982998371124,0.049186114221811295,0.6658764481544495,-0.004224807024002075,0.04929179325699806,0.6429303884506226,-0.03404209017753601,0.04826323315501213,0.7512662410736084,0.13954941928386688,0.012583794072270393,0.6550511121749878,0.08396555483341217,0.013308272697031498,0.5980561375617981,0.06994393467903137,0.009300450794398785,0.5606896281242371,0.060710981488227844,0.002833230886608362,0.7359222769737244,0.16885213553905487,-0.020195987075567245,0.6448009610176086,0.10548972338438034,-0.021894583478569984,0.5883914828300476,0.08973164856433868,-0.022843459621071815,0.5495668649673462,0.07612862437963486,-0.02698698826134205,0.71234530210495,0.20484071969985962,-0.048259638249874115,0.6541898846626282,0.12498202919960022,-0.056996703147888184,0.6121651530265808,0.08814560621976852,-0.05987126752734184,0.5747653841972351,0.05861873924732208,-0.06200976297259331,0.0,0.0,0.0,0.0,0.0,0.0,0.0,0.0,0.0,0.0,0.0,0.0,0.0,0.0,0.0,0.0,0.0,0.0,0.0,0.0,0.0,0.0,0.0,0.0,0.0,0.0,0.0,0.0,0.0,0.0,0.0,0.0,0.0,0.0,0.0,0.0,0.0,0.0,0.0,0.0,0.0,0.0,0.0,0.0,0.0,0.0,0.0,0.0,0.0,0.0,0.0,0.0,0.0,0.0,0.0,0.0,0.0,0.0,0.0,0.0,0.0,0.0,0.0
4,0.7837154269218445,0.42220455408096313,-4.6938879449953674e-07,0.7714696526527405,0.31656351685523987,0.050898533314466476,0.7439002990722656,0.23520436882972717,0.06646540015935898,0.7142767906188965,0.1873730570077896,0.06801439821720123,0.6781837940216064,0.16645193099975586,0.06528457999229431,0.7521429061889648,0.16416537761688232,0.04475890100002289,0.6948323249816895,0.0728512853384018,0.045692332088947296,0.656744658946991,0.024700671434402466,0.044771742075681686,0.6244814991950989,-0.02112901210784912,0.0397481694817543,0.7487118244171143,0.16594617068767548,0.009264004416763783,0.655994176864624,0.11477639526128769,0.007814476266503334,0.5977810025215149,0.09977284073829651,0.0033168753143399954,0.5571032762527466,0.08386185020208359,-0.005445807706564665,0.7325626015663147,0.18810395896434784,-0.024372519925236702,0.6485636234283447,0.12357249855995178,-0.027397602796554565,0.5888178944587708,0.09717757254838943,-0.029897714033722878,0.5440643429756165,0.0743882805109024,-0.037260133773088455,0.7063219547271729,0.21789436042308807,-0.054422181099653244,0.6568225622177124,0.14489933848381042,-0.06406934559345245,0.6163769960403442,0.1076570376753807,-0.06892742961645126,0.5793396830558777,0.07784831523895264,-0.07479976117610931,0.0,0.0,0.0,0.0,0.0,0.0,0.0,0.0,0.0,0.0,0.0,0.0,0.0,0.0,0.0,0.0,0.0,0.0,0.0,0.0,0.0,0.0,0.0,0.0,0.0,0.0,0.0,0.0,0.0,0.0,0.0,0.0,0.0,0.0,0.0,0.0,0.0,0.0,0.0,0.0,0.0,0.0,0.0,0.0,0.0,0.0,0.0,0.0,0.0,0.0,0.0,0.0,0.0,0.0,0.0,0.0,0.0,0.0,0.0,0.0,0.0,0.0,0.0
5,0.7751792669296265,0.45648813247680664,-5.232784587860806e-07,0.7714048027992249,0.35142961144447327,0.04076362028717995,0.750075101852417,0.2719521224498749,0.049318816512823105,0.7238075733184814,0.22859114408493042,0.04595775529742241,0.6906957030296326,0.21049469709396362,0.038386207073926926,0.7511218786239624,0.20599626004695892,0.019332535564899445,0.6890408992767334,0.11826082319021225,0.012659383937716484,0.6519434452056885,0.07430115342140198,0.009137132205069065,0.6213791370391846,0.03053148090839386,0.003653548890724778,0.7451525330543518,0.21821913123130798,-0.012463298626244068,0.6476891040802002,0.18788494169712067,-0.02540692314505577,0.5948140025138855,0.19873584806919098,-0.0325743742287159,0.5618991851806641,0.2007162719964981,-0.040842749178409576,0.7297733426094055,0.25000888109207153,-0.04148517921566963,0.6415620446205139,0.2069787085056305,-0.05461098253726959,0.5882154703140259,0.2157159298658371,-0.056229349225759506,0.5529501438140869,0.2213054597377777,-0.05973346158862114,0.709505021572113,0.2849820852279663,-0.06718701124191284,0.6635230183601379,0.2133110612630844,-0.08318352699279785,0.6276530027389526,0.17895455658435822,-0.08923174440860748,0.5953888297080994,0.15452276170253754,-0.09396684914827347,0.0,0.0,0.0,0.0,0.0,0.0,0.0,0.0,0.0,0.0,0.0,0.0,0.0,0.0,0.0,0.0,0.0,0.0,0.0,0.0,0.0,0.0,0.0,0.0,0.0,0.0,0.0,0.0,0.0,0.0,0.0,0.0,0.0,0.0,0.0,0.0,0.0,0.0,0.0,0.0,0.0,0.0,0.0,0.0,0.0,0.0,0.0,0.0,0.0,0.0,0.0,0.0,0.0,0.0,0.0,0.0,0.0,0.0,0.0,0.0,0.0,0.0,0.0
6,0.7816175818443298,0.4923784136772156,-4.900554699815984e-07,0.7731388807296753,0.38991278409957886,0.04216499999165535,0.7454400062561035,0.3098744750022888,0.05183440074324608,0.7113251686096191,0.2635260820388794,0.049620650708675385,0.6726987957954407,0.24073532223701477,0.04342152550816536,0.7559700608253479,0.24019159376621246,0.02175053022801876,0.693082332611084,0.1481337994337082,0.018444623798131943,0.6541739106178284,0.10269184410572052,0.01906835101544857,0.6231876015663147,0.0614132285118103,0.01698884554207325,0.7525209188461304,0.2551523745059967,-0.009581190533936024,0.6482844948768616,0.21133938431739807,-0.017398785799741745,0.590350329875946,0.21206021308898926,-0.019274167716503143,0.5529382228851318,0.20830154418945312,-0.023814082145690918,0.737910807132721,0.287244588136673,-0.038304150104522705,0.6403043866157532,0.22929728031158447,-0.048956066370010376,0.5835186839103699,0.22934973239898682,-0.04659774899482727,0.5458674430847168,0.2311256229877472,-0.04715682938694954,0.7162107825279236,0.32487842440605164,-0.0636080950498581,0.6614672541618347,0.24510429799556732,-0.08019444346427917,0.6213942170143127,0.2082425355911255,-0.0850321352481842,0.5872299075126648,0.18519699573516846,-0.08812183886766434,0.0,0.0,0.0,0.0,0.0,0.0,0.0,0.0,0.0,0.0,0.0,0.0,0.0,0.0,0.0,0.0,0.0,0.0,0.0,0.0,0.0,0.0,0.0,0.0,0.0,0.0,0.0,0.0,0.0,0.0,0.0,0.0,0.0,0.0,0.0,0.0,0.0,0.0,0.0,0.0,0.0,0.0,0.0,0.0,0.0,0.0,0.0,0.0,0.0,0.0,0.0,0.0,0.0,0.0,0.0,0.0,0.0,0.0,0.0,0.0,0.0,0.0,0.0
7,0.7797124981880188,0.5220624208450317,-4.598604164129938e-07,0.7722911834716797,0.4208559989929199,0.034230343997478485,0.7519057393074036,0.3345191180706024,0.04183657839894295,0.728603720664978,0.2825157344341278,0.039638880640268326,0.697862446308136,0.25343531370162964,0.03439252823591232,0.7540034055709839,0.2650914192199707,0.017543042078614235,0.6929562091827393,0.17717766761779785,0.01077212393283844,0.6552549004554749,0.13164004683494568,0.0067304158583283424,0.6238518357276917,0.08852140605449677,0.0011736351298168302,0.7519364953041077,0.2781505882740021,-0.009692927822470665,0.6545865535736084,0.24588142335414886,-0.021161718294024467,0.6017661690711975,0.2413310706615448,-0.027874425053596497,0.5655528903007507,0.23160412907600403,-0.0362774133682251,0.738693356513977,0.3087918758392334,-0.035170916467905045,0.649260938167572,0.2646118700504303,-0.04841633886098862,0.5991787314414978,0.26090481877326965,-0.05080677196383476,0.5640901327133179,0.2563580274581909,-0.05473139509558678,0.7194758057594299,0.34324368834495544,-0.05787181854248047,0.6703709959983826,0.2750403583049774,-0.07337245345115662,0.6349899172782898,0.24167558550834656,-0.07920288294553757,0.6027270555496216,0.21697737276554108,-0.08386938273906708,0.0,0.0,0.0,0.0,0.0,0.0,0.0,0.0,0.0,0.0,0.0,0.0,0.0,0.0,0.0,0.0,0.0,0.0,0.0,0.0,0.0,0.0,0.0,0.0,0.0,0.0,0.0,0.0,0.0,0.0,0.0,0.0,0.0,0.0,0.0,0.0,0.0,0.0,0.0,0.0,0.0,0.0,0.0,0.0,0.0,0.0,0.0,0.0,0.0,0.0,0.0,0.0,0.0,0.0,0.0,0.0,0.0,0.0,0.0,0.0,0.0,0.0,0.0
8,0.7733152508735657,0.542407751083374,-4.7313920958913513e-07,0.7660280466079712,0.43886303901672363,0.035744111984968185,0.7419766783714294,0.35054174065589905,0.044983334839344025,0.7134221792221069,0.2995503544807434,0.044115692377090454,0.6785249710083008,0.2745969891548157,0.04009763151407242,0.7513306140899658,0.2790601849555969,0.02265203185379505,0.6871797442436218,0.19156041741371155,0.01749596744775772,0.6475364565849304,0.14473576843738556,0.015352509915828705,0.6172530651092529,0.10415893793106079,0.012146005406975746,0.7467750906944275,0.28915661573410034,-0.004752758424729109,0.6494058966636658,0.25452589988708496,-0.013587400317192078,0.60325688123703,0.2636195719242096,-0.01818229816854,0.5761858224868774,0.26657819747924805,-0.02371986024081707,0.7310871481895447,0.3178477883338928,-0.030292510986328125,0.640592634677887,0.2729683816432953,-0.04182816669344902,0.592940628528595,0.27753159403800964,-0.04264780133962631,0.5630232095718384,0.27632415294647217,-0.04454401507973671,0.7088194489479065,0.3525947630405426,-0.052795618772506714,0.6527974009513855,0.27569282054901123,-0.06616649776697159,0.6137018203735352,0.23775841295719147,-0.06968643516302109,0.5805127620697021,0.20943543314933777,-0.07202216982841492,0.0,0.0,0.0,0.0,0.0,0.0,0.0,0.0,0.0,0.0,0.0,0.0,0.0,0.0,0.0,0.0,0.0,0.0,0.0,0.0,0.0,0.0,0.0,0.0,0.0,0.0,0.0,0.0,0.0,0.0,0.0,0.0,0.0,0.0,0.0,0.0,0.0,0.0,0.0,0.0,0.0,0.0,0.0,0.0,0.0,0.0,0.0,0.0,0.0,0.0,0.0,0.0,0.0,0.0,0.0,0.0,0.0,0.0,0.0,0.0,0.0,0.0,0.0
9,0.7641680836677551,0.5612424612045288,-4.3842015884365537e-07,0.7473430633544922,0.46487152576446533,0.04602542892098427,0.7220564484596252,0.38277825713157654,0.05958803370594978,0.6963849663734436,0.33077242970466614,0.06028340756893158,0.6663098335266113,0.29858723282814026,0.05720386281609535,0.7337728142738342,0.30324238538742065,0.03794659674167633,0.6752100586891174,0.2112990915775299,0.036762598901987076,0.6384766101837158,0.16463539004325867,0.034998197108507156,0.6082727909088135,0.12389145791530609,0.031727537512779236,0.7350447773933411,0.3094996511936188,0.00529407849535346,0.6351979970932007,0.2612149715423584,0.00042346102418377995,0.5755175948143005,0.25236037373542786,-0.006499357055872679,0.5327461957931519,0.24974897503852844,-0.01402136217802763,0.7230339646339417,0.33287739753723145,-0.02497810684144497,0.629623293876648,0.27643150091171265,-0.02966095693409443,0.5707837343215942,0.26109710335731506,-0.031994204968214035,0.527175784111023,0.24982264637947083,-0.03652967885136604,0.7023724317550659,0.362561970949173,-0.051775068044662476,0.6431213021278381,0.2883114218711853,-0.0587039589881897,0.604175329208374,0.25515687465667725,-0.05977919325232506,0.5702171325683594,0.23241451382637024,-0.06105317920446396,0.0,0.0,0.0,0.0,0.0,0.0,0.0,0.0,0.0,0.0,0.0,0.0,0.0,0.0,0.0,0.0,0.0,0.0,0.0,0.0,0.0,0.0,0.0,0.0,0.0,0.0,0.0,0.0,0.0,0.0,0.0,0.0,0.0,0.0,0.0,0.0,0.0,0.0,0.0,0.0,0.0,0.0,0.0,0.0,0.0,0.0,0.0,0.0,0.0,0.0,0.0,0.0,0.0,0.0,0.0,0.0,0.0,0.0,0.0,0.0,0.0,0.0,0.0
10,0.7047127485275269,0.5522830486297607,-1.6142531933382998e-07,0.6592750549316406,0.4996546506881714,0.0072460169903934,0.6077717542648315,0.45513981580734253,-0.012516255490481853,0.5574065446853638,0.4567883312702179,-0.03641195595264435,0.516059935092926,0.45432794094085693,-0.06181659922003746,0.691800057888031,0.3082936406135559,-0.019988076761364937,0.6246643662452698,0.234880730509758,-0.034539077430963516,0.5826858878135681,0.2105199098587036,-0.04842720925807953,0.541796863079071,0.19607406854629517,-0.05970519408583641,0.6955129504203796,0.3098355829715729,-0.03600357472896576,0.6103124022483826,0.24482955038547516,-0.056154780089855194,0.5573449730873108,0.239068865776062,-0.07042662054300308,0.515891969203949,0.24190975725650787,-0.08106985688209534,0.6922500133514404,0.3267711102962494,-0.05011531338095665,0.64338219165802,0.21792711317539215,-0.05773494765162468,0.6061331629753113,0.15972554683685303,-0.06434112787246704,0.5768316388130188,0.1184939444065094,-0.0732041597366333,0.6772826910018921,0.35227352380752563,-0.06263288855552673,0.6520204544067383,0.2815186381340027,-0.0640120804309845,0.6281431317329407,0.2392910122871399,-0.06294460594654083,0.6043478846549988,0.20391353964805603,-0.0651681050658226,0.0,0.0,0.0,0.0,0.0,0.0,0.0,0.0,0.0,0.0,0.0,0.0,0.0,0.0,0.0,0.0,0.0,0.0,0.0,0.0,0.0,0.0,0.0,0.0,0.0,0.0,0.0,0.0,0.0,0.0,0.0,0.0,0.0,0.0,0.0,0.0,0.0,0.0,0.0,0.0,0.0,0.0,0.0,0.0,0.0,0.0,0.0,0.0,0.0,0.0,0.0,0.0,0.0,0.0,0.0,0.0,0.0,0.0,0.0,0.0,0.0,0.0,0.0
11,0.7122857570648193,0.5110620260238647,-3.755548618755711e-07,0.7094004154205322,0.42250514030456543,0.03447502478957176,0.6925435662269592,0.3401171863079071,0.040240366011857986,0.6732267737388611,0.2893518805503845,0.036186765879392624,0.6478164792060852,0.25744593143463135,0.02860341966152191,0.7044986486434937,0.27953067421913147,0.014799277298152447,0.6460170745849609,0.19988906383514404,0.008791545405983925,0.6105130910873413,0.1653793454170227,0.004361639730632305,0.5823753476142883,0.13101311028003693,-0.0009161093039438128,0.7040433287620544,0.2888791859149933,-0.01289111003279686,0.6121891736984253,0.22919359803199768,-0.025114186108112335,0.5606203675270081,0.20644184947013855,-0.030617188662290573,0.5246461033821106,0.18862581253051758,-0.03562235087156296,0.6928392052650452,0.3130623698234558,-0.03872404620051384,0.6196927428245544,0.23624971508979797,-0.04889480397105217,0.5774083137512207,0.1884928196668625,-0.051912348717451096,0.5471230149269104,0.14889447391033173,-0.0563962459564209,0.6767614483833313,0.340300589799881,-0.06152992695569992,0.646773636341095,0.2692476809024811,-0.07154123485088348,0.6242337822914124,0.2297496795654297,-0.0739487037062645,0.6017536520957947,0.1971740424633026,-0.07694679498672485,0.0,0.0,0.0,0.0,0.0,0.0,0.0,0.0,0.0,0.0,0.0,0.0,0.0,0.0,0.0,0.0,0.0,0.0,0.0,0.0,0.0,0.0,0.0,0.0,0.0,0.0,0.0,0.0,0.0,0.0,0.0,0.0,0.0,0.0,0.0,0.0,0.0,0.0,0.0,0.0,0.0,0.0,0.0,0.0,0.0,0.0,0.0,0.0,0.0,0.0,0.0,0.0,0.0,0.0,0.0,0.0,0.0,0.0,0.0,0.0,0.0,0.0,0.0
12,0.7003883719444275,0.5010833144187927,-4.179833865691762e-07,0.6832887530326843,0.42195361852645874,0.04165024310350418,0.6678813099861145,0.35091522336006165,0.05281480401754379,0.6543242931365967,0.30144619941711426,0.05334571376442909,0.6362284421920776,0.26977983117103577,0.05019092559814453,0.6935245394706726,0.28904348611831665,0.023721205070614815,0.6428651809692383,0.21463927626609802,0.018633097410202026,0.6098043918609619,0.17409326136112213,0.013772656209766865,0.5822486281394958,0.13522569835186005,0.007099031936377287,0.6938653588294983,0.29262053966522217,-0.006378707475960255,0.6117466688156128,0.231386199593544,-0.01424273569136858,0.5593882203102112,0.20832736790180206,-0.020441655069589615,0.52137291431427,0.18962818384170532,-0.029218241572380066,0.6827511787414551,0.3116949200630188,-0.034335196018218994,0.6098392009735107,0.24303270876407623,-0.043116454035043716,0.5588846206665039,0.2076929807662964,-0.04812514781951904,0.5214993953704834,0.1775389313697815,-0.05626366287469864,0.6633642911911011,0.3344461917877197,-0.05898377671837807,0.6328660845756531,0.2709585130214691,-0.07224910706281662,0.6061738729476929,0.2344568818807602,-0.0803898274898529,0.5817215442657471,0.2028159499168396,-0.08886650204658508,0.0,0.0,0.0,0.0,0.0,0.0,0.0,0.0,0.0,0.0,0.0,0.0,0.0,0.0,0.0,0.0,0.0,0.0,0.0,0.0,0.0,0.0,0.0,0.0,0.0,0.0,0.0,0.0,0.0,0.0,0.0,0.0,0.0,0.0,0.0,0.0,0.0,0.0,0.0,0.0,0.0,0.0,0.0,0.0,0.0,0.0,0.0,0.0,0.0,0.0,0.0,0.0,0.0,0.0,0.0,0.0,0.0,0.0,0.0,0.0,0.0,0.0,0.0
13,0.6990952491760254,0.4967695474624634,-4.609750021700165e-07,0.6836772561073303,0.41518327593803406,0.04564352333545685,0.6700803637504578,0.3435803949832916,0.05568342283368111,0.6540823578834534,0.2991430163383484,0.05490269884467125,0.6321719884872437,0.2666459083557129,0.049671173095703125,0.6946463584899902,0.29133734107017517,0.014343260787427425,0.6421929597854614,0.21661528944969177,0.006638357415795326,0.6104699969291687,0.17720328271389008,0.0024626320227980614,0.5832636952400208,0.14094668626785278,-0.0024515348486602306,0.6958360075950623,0.30295243859291077,-0.019310181960463524,0.6104297041893005,0.23687157034873962,-0.03494594991207123,0.555005669593811,0.21848680078983307,-0.04065648466348648,0.5120798349380493,0.2078925520181656,-0.04559926688671112,0.6863102912902832,0.3284173011779785,-0.04967603087425232,0.6184611320495605,0.2452234923839569,-0.06299185007810593,0.5719451904296875,0.2034354954957962,-0.06770448386669159,0.5375321507453918,0.16870079934597015,-0.07328706234693527,0.6698769330978394,0.3570035696029663,-0.07562659680843353,0.6452909111976624,0.28360670804977417,-0.0914657935500145,0.6255068778991699,0.2381945252418518,-0.09987033158540726,0.6070535778999329,0.19834578037261963,-0.10717222094535828,0.0,0.0,0.0,0.0,0.0,0.0,0.0,0.0,0.0,0.0,0.0,0.0,0.0,0.0,0.0,0.0,0.0,0.0,0.0,0.0,0.0,0.0,0.0,0.0,0.0,0.0,0.0,0.0,0.0,0.0,0.0,0.0,0.0,0.0,0.0,0.0,0.0,0.0,0.0,0.0,0.0,0.0,0.0,0.0,0.0,0.0,0.0,0.0,0.0,0.0,0.0,0.0,0.0,0.0,0.0,0.0,0.0,0.0,0.0,0.0,0.0,0.0,0.0
14,0.7007853984832764,0.5085835456848145,-4.5479055188479833e-07,0.6822608709335327,0.4324953258037567,0.03972546383738518,0.6678115129470825,0.35938766598701477,0.048499349504709244,0.6536736488342285,0.3102630376815796,0.04771333932876587,0.6306800246238708,0.2765685021877289,0.043052420020103455,0.6913960576057434,0.30513396859169006,0.010171840898692608,0.6436668038368225,0.22925399243831635,0.0009042859892360866,0.6147465705871582,0.18605172634124756,-0.0048005832359194756,0.5885676741600037,0.14657160639762878,-0.011300476267933846,0.6952523589134216,0.31439417600631714,-0.020505134016275406,0.6104701161384583,0.2489696443080902,-0.03845583647489548,0.5569078326225281,0.2303023487329483,-0.04587165266275406,0.5145542025566101,0.22144374251365662,-0.052244316786527634,0.6873949766159058,0.3391365110874176,-0.04846251383423805,0.6195063591003418,0.2562979459762573,-0.06523220986127853,0.5705705285072327,0.2182038128376007,-0.07252459973096848,0.5322902202606201,0.18941660225391388,-0.07961010187864304,0.6712332367897034,0.3687341809272766,-0.0724361389875412,0.6498491168022156,0.2989049553871155,-0.09387224912643433,0.6299453377723694,0.2554750442504883,-0.10714122653007507,0.6097881197929382,0.2181393802165985,-0.11754792928695679,0.0,0.0,0.0,0.0,0.0,0.0,0.0,0.0,0.0,0.0,0.0,0.0,0.0,0.0,0.0,0.0,0.0,0.0,0.0,0.0,0.0,0.0,0.0,0.0,0.0,0.0,0.0,0.0,0.0,0.0,0.0,0.0,0.0,0.0,0.0,0.0,0.0,0.0,0.0,0.0,0.0,0.0,0.0,0.0,0.0,0.0,0.0,0.0,0.0,0.0,0.0,0.0,0.0,0.0,0.0,0.0,0.0,0.0,0.0,0.0,0.0,0.0,0.0
15,0.6974238753318787,0.5099166631698608,-4.921678851133038e-07,0.6799976825714111,0.433409184217453,0.042100124061107635,0.6688392162322998,0.35965776443481445,0.05143485963344574,0.6586525440216064,0.3139151930809021,0.050563909113407135,0.6421639323234558,0.2800697386264801,0.04591745510697365,0.6938331127166748,0.3051261305809021,0.014870253391563892,0.6439100503921509,0.23227275907993317,0.007954513654112816,0.6134824156761169,0.19261619448661804,0.0039610969834029675,0.5875527858734131,0.1546245962381363,-0.0019097015028819442,0.6980579495429993,0.3145161271095276,-0.017729811370372772,0.6108601689338684,0.257176011800766,-0.03691403940320015,0.5575268864631653,0.2485780566930771,-0.044071365147829056,0.5179319381713867,0.2488027662038803,-0.04890866577625275,0.6900879740715027,0.34046924114227295,-0.04771715775132179,0.6233619451522827,0.2609714865684509,-0.06409913301467896,0.5792801380157471,0.21719661355018616,-0.07104767858982086,0.5463595390319824,0.18186421692371368,-0.07802076637744904,0.673354983329773,0.37108558416366577,-0.07353650033473969,0.6512519121170044,0.304331511259079,-0.0943160429596901,0.6330732107162476,0.2585870921611786,-0.10708324611186981,0.615101158618927,0.2170954942703247,-0.11737985163927078,0.0,0.0,0.0,0.0,0.0,0.0,0.0,0.0,0.0,0.0,0.0,0.0,0.0,0.0,0.0,0.0,0.0,0.0,0.0,0.0,0.0,0.0,0.0,0.0,0.0,0.0,0.0,0.0,0.0,0.0,0.0,0.0,0.0,0.0,0.0,0.0,0.0,0.0,0.0,0.0,0.0,0.0,0.0,0.0,0.0,0.0,0.0,0.0,0.0,0.0,0.0,0.0,0.0,0.0,0.0,0.0,0.0,0.0,0.0,0.0,0.0,0.0,0.0
16,0.699160635471344,0.5106781721115112,-5.020082198825548e-07,0.6848785281181335,0.43306484818458557,0.04429374635219574,0.6730906367301941,0.3620806932449341,0.053564030677080154,0.6594797968864441,0.31866294145584106,0.05205225199460983,0.6382642388343811,0.2868398129940033,0.046313684433698654,0.6952674984931946,0.3028584122657776,0.015682565048336983,0.6429498791694641,0.23253896832466125,0.00559757836163044,0.6119745373725891,0.19750197231769562,-0.0021930127404630184,0.5855931043624878,0.16660334169864655,-0.009018901735544205,0.6976852416992188,0.315951943397522,-0.0175626203417778,0.6136131286621094,0.25726833939552307,-0.03624678775668144,0.558376133441925,0.24195468425750732,-0.04445458576083183,0.5150757431983948,0.23671001195907593,-0.05016206577420235,0.6882813572883606,0.3429420590400696,-0.04787809029221535,0.6252332329750061,0.25975725054740906,-0.062814861536026,0.5792886018753052,0.21743568778038025,-0.06835108250379562,0.5438058972358704,0.1862957924604416,-0.07376249134540558,0.6706256866455078,0.3721924424171448,-0.07389969378709793,0.6506595015525818,0.29932641983032227,-0.0907202884554863,0.634171724319458,0.25066760182380676,-0.09967409819364548,0.6176573038101196,0.20755107700824738,-0.10684618353843689,0.0,0.0,0.0,0.0,0.0,0.0,0.0,0.0,0.0,0.0,0.0,0.0,0.0,0.0,0.0,0.0,0.0,0.0,0.0,0.0,0.0,0.0,0.0,0.0,0.0,0.0,0.0,0.0,0.0,0.0,0.0,0.0,0.0,0.0,0.0,0.0,0.0,0.0,0.0,0.0,0.0,0.0,0.0,0.0,0.0,0.0,0.0,0.0,0.0,0.0,0.0,0.0,0.0,0.0,0.0,0.0,0.0,0.0,0.0,0.0,0.0,0.0,0.0
17,0.7002919912338257,0.5132436752319336,-4.6734908210055437e-07,0.6826610565185547,0.4370344579219818,0.04116244986653328,0.6715492010116577,0.3649981617927551,0.05049290135502815,0.6591264009475708,0.3201298713684082,0.049798812717199326,0.6400964260101318,0.2873004078865051,0.04546806588768959,0.6976239085197449,0.3067084848880768,0.014669147320091724,0.6471274495124817,0.23648646473884583,0.006175757385790348,0.6164771318435669,0.1974039226770401,0.0004608657618518919,0.5903875231742859,0.16098374128341675,-0.005795651581138372,0.700768768787384,0.316557914018631,-0.01625380478799343,0.6176308989524841,0.2534659802913666,-0.033879585564136505,0.5639106035232544,0.24144640564918518,-0.0412205271422863,0.5226444005966187,0.2362913191318512,-0.0468098409473896,0.6928247809410095,0.34102514386177063,-0.044468555599451065,0.62482088804245,0.26370716094970703,-0.05969760939478874,0.5743764638900757,0.23342403769493103,-0.06480800360441208,0.5364174842834473,0.21034161746501923,-0.07000424712896347,0.6766892075538635,0.3687964677810669,-0.06888515502214432,0.6577666401863098,0.3018636703491211,-0.08784458786249161,0.6395485997200012,0.25687259435653687,-0.09943637251853943,0.6215946674346924,0.2162717878818512,-0.10856831818819046,0.0,0.0,0.0,0.0,0.0,0.0,0.0,0.0,0.0,0.0,0.0,0.0,0.0,0.0,0.0,0.0,0.0,0.0,0.0,0.0,0.0,0.0,0.0,0.0,0.0,0.0,0.0,0.0,0.0,0.0,0.0,0.0,0.0,0.0,0.0,0.0,0.0,0.0,0.0,0.0,0.0,0.0,0.0,0.0,0.0,0.0,0.0,0.0,0.0,0.0,0.0,0.0,0.0,0.0,0.0,0.0,0.0,0.0,0.0,0.0,0.0,0.0,0.0
18,0.7055076956748962,0.5147004127502441,-5.716108830711164e-07,0.6972058415412903,0.43725138902664185,0.049169108271598816,0.6905579566955566,0.369491308927536,0.06168495491147041,0.6817939877510071,0.3288819491863251,0.06256750971078873,0.6666175127029419,0.2969554662704468,0.05953362211585045,0.6986928582191467,0.3055728077888489,0.022846410050988197,0.6413202285766602,0.2441837191581726,0.014366724528372288,0.5999480485916138,0.22486570477485657,0.00792324636131525,0.5681622624397278,0.21492868661880493,0.002198464935645461,0.700751781463623,0.3162935972213745,-0.012300016358494759,0.6253767013549805,0.24706292152404785,-0.0243255402892828,0.5793911814689636,0.2183920294046402,-0.029448090121150017,0.5424382090568542,0.20227797329425812,-0.03532600775361061,0.6928118467330933,0.3415035903453827,-0.044897254556417465,0.6375635862350464,0.2505282461643219,-0.055661462247371674,0.5985679626464844,0.20542073249816895,-0.06021534278988838,0.566663384437561,0.17299695312976837,-0.06684239208698273,0.6778966784477234,0.3690704107284546,-0.07301495224237442,0.6602025032043457,0.29836195707321167,-0.09075987339019775,0.6441437602043152,0.24952182173728943,-0.10230237245559692,0.6250455379486084,0.20740161836147308,-0.11223189532756805,0.0,0.0,0.0,0.0,0.0,0.0,0.0,0.0,0.0,0.0,0.0,0.0,0.0,0.0,0.0,0.0,0.0,0.0,0.0,0.0,0.0,0.0,0.0,0.0,0.0,0.0,0.0,0.0,0.0,0.0,0.0,0.0,0.0,0.0,0.0,0.0,0.0,0.0,0.0,0.0,0.0,0.0,0.0,0.0,0.0,0.0,0.0,0.0,0.0,0.0,0.0,0.0,0.0,0.0,0.0,0.0,0.0,0.0,0.0,0.0,0.0,0.0,0.0
19,0.7039114832878113,0.5073508024215698,-5.604380817203491e-07,0.6902728080749512,0.4370267987251282,0.04601752758026123,0.6852350831031799,0.36807191371917725,0.0566219687461853,0.678658664226532,0.32649850845336914,0.056301407516002655,0.6622728109359741,0.2932225167751312,0.05182921886444092,0.6977941393852234,0.30656057596206665,0.022220676764845848,0.6462726593017578,0.23381245136260986,0.015148170292377472,0.6177340745925903,0.20307235419750214,0.00853164866566658,0.5947483777999878,0.17892763018608093,0.0015838101971894503,0.7027434706687927,0.31605106592178345,-0.011576391756534576,0.615654706954956,0.2650563418865204,-0.03136426955461502,0.5641460418701172,0.2691078186035156,-0.039848197251558304,0.5261009335517883,0.28469613194465637,-0.044651590287685394,0.6959079504013062,0.3398141860961914,-0.042833514511585236,0.6380221247673035,0.2506662607192993,-0.05594626069068909,0.5983940958976746,0.20313039422035217,-0.06280957162380219,0.5673245787620544,0.16981986165046692,-0.07045005261898041,0.6810545921325684,0.36570966243743896,-0.06972887367010117,0.6627782583236694,0.2998548448085785,-0.08768704533576965,0.6461154818534851,0.2514078617095947,-0.09983617067337036,0.6283008456230164,0.20719385147094727,-0.11006660014390945,0.0,0.0,0.0,0.0,0.0,0.0,0.0,0.0,0.0,0.0,0.0,0.0,0.0,0.0,0.0,0.0,0.0,0.0,0.0,0.0,0.0,0.0,0.0,0.0,0.0,0.0,0.0,0.0,0.0,0.0,0.0,0.0,0.0,0.0,0.0,0.0,0.0,0.0,0.0,0.0,0.0,0.0,0.0,0.0,0.0,0.0,0.0,0.0,0.0,0.0,0.0,0.0,0.0,0.0,0.0,0.0,0.0,0.0,0.0,0.0,0.0,0.0,0.0
20,0.7075250148773193,0.5199319124221802,-6.49269281893794e-07,0.6841981410980225,0.4443178176879883,0.036217011511325836,0.6737055778503418,0.37236031889915466,0.041609201580286026,0.6625815629959106,0.3247619867324829,0.037731751799583435,0.6412909030914307,0.28516054153442383,0.03097071498632431,0.698376476764679,0.3112241327762604,0.008576273918151855,0.6187562942504883,0.2638761103153229,-0.00486878352239728,0.5681127309799194,0.27719178795814514,-0.016233807429671288,0.5339220762252808,0.29513636231422424,-0.024846114218235016,0.7040255665779114,0.31837326288223267,-0.021208632737398148,0.6203070282936096,0.25539982318878174,-0.03729969263076782,0.5741263031959534,0.24096597731113434,-0.0472886748611927,0.5385500192642212,0.23840931057929993,-0.056138474494218826,0.6993532776832581,0.3420049846172333,-0.04884759336709976,0.6453970670700073,0.24718675017356873,-0.06221931427717209,0.611186146736145,0.1988958716392517,-0.07226639240980148,0.5841964483261108,0.16516076028347015,-0.08281787484884262,0.6849852204322815,0.3702719211578369,-0.07261359691619873,0.6722367405891418,0.3045264780521393,-0.09152352809906006,0.6579504013061523,0.25487181544303894,-0.10452830046415329,0.6404749751091003,0.21209073066711426,-0.11556455492973328,0.0,0.0,0.0,0.0,0.0,0.0,0.0,0.0,0.0,0.0,0.0,0.0,0.0,0.0,0.0,0.0,0.0,0.0,0.0,0.0,0.0,0.0,0.0,0.0,0.0,0.0,0.0,0.0,0.0,0.0,0.0,0.0,0.0,0.0,0.0,0.0,0.0,0.0,0.0,0.0,0.0,0.0,0.0,0.0,0.0,0.0,0.0,0.0,0.0,0.0,0.0,0.0,0.0,0.0,0.0,0.0,0.0,0.0,0.0,0.0,0.0,0.0,0.0
21,0.7128729820251465,0.521685004234314,-4.992945719095587e-07,0.681725025177002,0.44223904609680176,0.039858173578977585,0.676199197769165,0.372141569852829,0.04676329344511032,0.6702114939689636,0.32682308554649353,0.043365102261304855,0.6566498279571533,0.28826871514320374,0.03696274384856224,0.7006010413169861,0.3121911585330963,0.01232259813696146,0.6242930293083191,0.2683475911617279,-0.0014168419875204563,0.5750510692596436,0.2780798077583313,-0.012802468612790108,0.5415511131286621,0.2933862805366516,-0.02147059701383114,0.707216739654541,0.3203449249267578,-0.019926976412534714,0.6283683776855469,0.25298890471458435,-0.033971257507801056,0.5830132961273193,0.22150422632694244,-0.043806202709674835,0.547196090221405,0.20525512099266052,-0.054241571575403214,0.702305257320404,0.34577885270118713,-0.0500691682100296,0.6450074911117554,0.2530580163002014,-0.0628780871629715,0.6060652732849121,0.20449255406856537,-0.07007869333028793,0.576808512210846,0.16912369430065155,-0.07937133312225342,0.686923623085022,0.37526294589042664,-0.07644455134868622,0.6735877990722656,0.3086407482624054,-0.09529542177915573,0.6617379188537598,0.25840336084365845,-0.1072840765118599,0.6469343304634094,0.21455350518226624,-0.11820732802152634,0.0,0.0,0.0,0.0,0.0,0.0,0.0,0.0,0.0,0.0,0.0,0.0,0.0,0.0,0.0,0.0,0.0,0.0,0.0,0.0,0.0,0.0,0.0,0.0,0.0,0.0,0.0,0.0,0.0,0.0,0.0,0.0,0.0,0.0,0.0,0.0,0.0,0.0,0.0,0.0,0.0,0.0,0.0,0.0,0.0,0.0,0.0,0.0,0.0,0.0,0.0,0.0,0.0,0.0,0.0,0.0,0.0,0.0,0.0,0.0,0.0,0.0,0.0
22,0.7102519273757935,0.5185579061508179,-7.198230491667346e-07,0.683297872543335,0.4454558193683624,0.0459446907043457,0.6724488735198975,0.37856289744377136,0.0565585121512413,0.6604607701301575,0.336559921503067,0.05663742497563362,0.6393128037452698,0.3026394546031952,0.05321802943944931,0.700808048248291,0.3147594928741455,0.01886601373553276,0.6223495602607727,0.2711877226829529,0.009600906632840633,0.5740607380867004,0.28184306621551514,0.000738743576221168,0.5409116744995117,0.2956712543964386,-0.006773723755031824,0.7071442008018494,0.3219328224658966,-0.014313450083136559,0.6156450510025024,0.27370673418045044,-0.03013741783797741,0.5712761878967285,0.2702082395553589,-0.039311304688453674,0.5403366088867188,0.28017693758010864,-0.04655258357524872,0.7017285227775574,0.3440568447113037,-0.04469268023967743,0.6419870853424072,0.2545451521873474,-0.057677026838064194,0.6075390577316284,0.2031537890434265,-0.06742190569639206,0.5830565690994263,0.16732650995254517,-0.07745541632175446,0.6862987279891968,0.3682585656642914,-0.07017691433429718,0.672548234462738,0.30379337072372437,-0.09017936140298843,0.6608378887176514,0.2533162534236908,-0.10415149480104446,0.6475062966346741,0.20913438498973846,-0.11560872942209244,0.0,0.0,0.0,0.0,0.0,0.0,0.0,0.0,0.0,0.0,0.0,0.0,0.0,0.0,0.0,0.0,0.0,0.0,0.0,0.0,0.0,0.0,0.0,0.0,0.0,0.0,0.0,0.0,0.0,0.0,0.0,0.0,0.0,0.0,0.0,0.0,0.0,0.0,0.0,0.0,0.0,0.0,0.0,0.0,0.0,0.0,0.0,0.0,0.0,0.0,0.0,0.0,0.0,0.0,0.0,0.0,0.0,0.0,0.0,0.0,0.0,0.0,0.0
23,0.7042130827903748,0.5182701349258423,-5.074590490039554e-07,0.6831035614013672,0.4492816627025604,0.03906334936618805,0.679857075214386,0.37691304087638855,0.05060679838061333,0.6802128553390503,0.3289778232574463,0.052814144641160965,0.6681179404258728,0.29150301218032837,0.05289703607559204,0.6908979415893555,0.31787410378456116,0.020432312041521072,0.6155412793159485,0.28542560338974,0.008776627480983734,0.5669327974319458,0.30272459983825684,-0.003014452988281846,0.5365137457847595,0.3228408098220825,-0.01091704796999693,0.6967296600341797,0.31951379776000977,-0.007981511764228344,0.6232802271842957,0.2518475353717804,-0.011119600385427475,0.5877251029014587,0.20853964984416962,-0.014024296775460243,0.5612449645996094,0.1794452667236328,-0.020996827632188797,0.69371098279953,0.3389551341533661,-0.03551628068089485,0.6413374543190002,0.24926075339317322,-0.040834732353687286,0.611112117767334,0.199579656124115,-0.043758824467659,0.5890994668006897,0.16398388147354126,-0.050769560039043427,0.68357914686203,0.36175209283828735,-0.059970252215862274,0.6697455644607544,0.30158501863479614,-0.07589410990476608,0.6590272188186646,0.25402775406837463,-0.08565594255924225,0.6452306509017944,0.21226255595684052,-0.09433649480342865,0.0,0.0,0.0,0.0,0.0,0.0,0.0,0.0,0.0,0.0,0.0,0.0,0.0,0.0,0.0,0.0,0.0,0.0,0.0,0.0,0.0,0.0,0.0,0.0,0.0,0.0,0.0,0.0,0.0,0.0,0.0,0.0,0.0,0.0,0.0,0.0,0.0,0.0,0.0,0.0,0.0,0.0,0.0,0.0,0.0,0.0,0.0,0.0,0.0,0.0,0.0,0.0,0.0,0.0,0.0,0.0,0.0,0.0,0.0,0.0,0.0,0.0,0.0
24,0.7069681286811829,0.5194690227508545,-4.725536371097405e-07,0.6724093556404114,0.45517978072166443,0.026903755962848663,0.6661444306373596,0.3846362233161926,0.032779302448034286,0.6648960113525391,0.33788633346557617,0.030665557831525803,0.6538100242614746,0.2994731664657593,0.02675868198275566,0.689555287361145,0.31827986240386963,0.016683373600244522,0.6134593486785889,0.284396767616272,0.0030748534481972456,0.5652797818183899,0.30522340536117554,-0.011126916855573654,0.5359510183334351,0.3262515962123871,-0.020549025386571884,0.697009265422821,0.316649466753006,-0.006684901192784309,0.6207345724105835,0.25448963046073914,-0.014718453399837017,0.5826650857925415,0.21942724287509918,-0.021433286368846893,0.5556236505508423,0.19557121396064758,-0.02892073057591915,0.6956613659858704,0.33392030000686646,-0.03035159409046173,0.6393744945526123,0.24443697929382324,-0.040056012570858,0.6085713505744934,0.191868394613266,-0.04715092107653618,0.588198184967041,0.1517297476530075,-0.05513940006494522,0.6856122612953186,0.35721248388290405,-0.05191009119153023,0.6714397668838501,0.2985653877258301,-0.06765971332788467,0.6593780517578125,0.250733882188797,-0.07752033323049545,0.645370602607727,0.20802544057369232,-0.08572041243314743,0.0,0.0,0.0,0.0,0.0,0.0,0.0,0.0,0.0,0.0,0.0,0.0,0.0,0.0,0.0,0.0,0.0,0.0,0.0,0.0,0.0,0.0,0.0,0.0,0.0,0.0,0.0,0.0,0.0,0.0,0.0,0.0,0.0,0.0,0.0,0.0,0.0,0.0,0.0,0.0,0.0,0.0,0.0,0.0,0.0,0.0,0.0,0.0,0.0,0.0,0.0,0.0,0.0,0.0,0.0,0.0,0.0,0.0,0.0,0.0,0.0,0.0,0.0
25,0.7056888937950134,0.5235396027565002,-5.521384878193203e-07,0.6734291911125183,0.4579276740550995,0.027297301217913628,0.6661074161529541,0.3861463665962219,0.031018676236271858,0.6629151701927185,0.335504412651062,0.026743607595562935,0.6493639945983887,0.29254117608070374,0.020333964377641678,0.6931692957878113,0.31361865997314453,0.012016762048006058,0.6147081851959229,0.2743486166000366,-0.00010485722305020317,0.5685632228851318,0.29854872822761536,-0.011502505280077457,0.5405082702636719,0.3214079737663269,-0.019495664164423943,0.7006123065948486,0.31477126479148865,-0.01177598163485527,0.616584062576294,0.2616250216960907,-0.024942319840192795,0.5756926536560059,0.2424972504377365,-0.03377733752131462,0.5463892221450806,0.23026669025421143,-0.04132625833153725,0.6980763673782349,0.3343794047832489,-0.03487984836101532,0.6363710761070251,0.25071224570274353,-0.046635836362838745,0.6047830581665039,0.19840916991233826,-0.05488637462258339,0.5826841592788696,0.15626345574855804,-0.06353934109210968,0.6860679984092712,0.35943493247032166,-0.05529385432600975,0.6686242818832397,0.30060285329818726,-0.07126934081315994,0.6572265625,0.2532850503921509,-0.0811639055609703,0.6439878940582275,0.20930862426757812,-0.08945528417825699,0.0,0.0,0.0,0.0,0.0,0.0,0.0,0.0,0.0,0.0,0.0,0.0,0.0,0.0,0.0,0.0,0.0,0.0,0.0,0.0,0.0,0.0,0.0,0.0,0.0,0.0,0.0,0.0,0.0,0.0,0.0,0.0,0.0,0.0,0.0,0.0,0.0,0.0,0.0,0.0,0.0,0.0,0.0,0.0,0.0,0.0,0.0,0.0,0.0,0.0,0.0,0.0,0.0,0.0,0.0,0.0,0.0,0.0,0.0,0.0,0.0,0.0,0.0
26,0.7038217782974243,0.5161968469619751,-5.554798008233774e-07,0.6700254678726196,0.44698232412338257,0.03744297847151756,0.6626264452934265,0.3753308653831482,0.04746127873659134,0.660733699798584,0.3283352553844452,0.047172535210847855,0.6480724811553955,0.2894132733345032,0.04455311596393585,0.6873837113380432,0.3139181435108185,0.0268454197794199,0.6113951802253723,0.2780379056930542,0.020304005593061447,0.5634689927101135,0.3027017414569855,0.013369915075600147,0.5369321703910828,0.3254164159297943,0.00860261544585228,0.6951600909233093,0.3093370497226715,-0.0010529864812269807,0.6140663027763367,0.2565460801124573,-0.003517389064654708,0.5764585733413696,0.23181888461112976,-0.0034767240285873413,0.5527117848396301,0.21486148238182068,-0.005764541681855917,0.6937160491943359,0.3232493996620178,-0.028657374903559685,0.6341903805732727,0.2440807819366455,-0.03366158530116081,0.6045039892196655,0.19131575524806976,-0.03585638105869293,0.585562527179718,0.1511402279138565,-0.0408979132771492,0.6845861673355103,0.3412552773952484,-0.05342791974544525,0.6669360399246216,0.2858152389526367,-0.0665007084608078,0.6554917693138123,0.23952287435531616,-0.07368281483650208,0.641269326210022,0.19865703582763672,-0.0798405110836029,0.0,0.0,0.0,0.0,0.0,0.0,0.0,0.0,0.0,0.0,0.0,0.0,0.0,0.0,0.0,0.0,0.0,0.0,0.0,0.0,0.0,0.0,0.0,0.0,0.0,0.0,0.0,0.0,0.0,0.0,0.0,0.0,0.0,0.0,0.0,0.0,0.0,0.0,0.0,0.0,0.0,0.0,0.0,0.0,0.0,0.0,0.0,0.0,0.0,0.0,0.0,0.0,0.0,0.0,0.0,0.0,0.0,0.0,0.0,0.0,0.0,0.0,0.0
27,0.7042208313941956,0.5165114402770996,-5.721605589315004e-07,0.6758968234062195,0.4534582495689392,0.02716772072017193,0.6688634753227234,0.38192689418792725,0.03158498927950859,0.6668634414672852,0.3341200053691864,0.028019128367304802,0.6570724248886108,0.29224395751953125,0.022334659472107887,0.6897305250167847,0.30982956290245056,0.015417247079312801,0.6188485622406006,0.2636905312538147,0.006860928609967232,0.579475462436676,0.2839376926422119,-0.0018468740163370967,0.5579812526702881,0.3048708736896515,-0.008483297191560268,0.6959971785545349,0.30983036756515503,-0.007512365467846394,0.614456832408905,0.2652043104171753,-0.021046627312898636,0.5771850347518921,0.26298606395721436,-0.029139524325728416,0.5534465312957764,0.26931750774383545,-0.03436513617634773,0.6934343576431274,0.3275326192378998,-0.02979685366153717,0.6343815326690674,0.24705982208251953,-0.041143592447042465,0.6042031049728394,0.19282718002796173,-0.05007324367761612,0.5837311148643494,0.15143026411533356,-0.05857664346694946,0.6821290254592896,0.3502742648124695,-0.04916047677397728,0.6651439666748047,0.2917596697807312,-0.0645103007555008,0.6545042991638184,0.2452753186225891,-0.07437796890735626,0.6422533988952637,0.20334984362125397,-0.0822063609957695,0.0,0.0,0.0,0.0,0.0,0.0,0.0,0.0,0.0,0.0,0.0,0.0,0.0,0.0,0.0,0.0,0.0,0.0,0.0,0.0,0.0,0.0,0.0,0.0,0.0,0.0,0.0,0.0,0.0,0.0,0.0,0.0,0.0,0.0,0.0,0.0,0.0,0.0,0.0,0.0,0.0,0.0,0.0,0.0,0.0,0.0,0.0,0.0,0.0,0.0,0.0,0.0,0.0,0.0,0.0,0.0,0.0,0.0,0.0,0.0,0.0,0.0,0.0
28,0.705557644367218,0.5163653492927551,-4.791541527993104e-07,0.6734004020690918,0.45573729276657104,0.03026299551129341,0.6668260097503662,0.38803020119667053,0.03730897977948189,0.6650521755218506,0.34083789587020874,0.035657551139593124,0.6548477411270142,0.30137398838996887,0.03232217952609062,0.6885558366775513,0.3191955089569092,0.018933143466711044,0.6123073697090149,0.28347817063331604,0.008928931318223476,0.5652304887771606,0.3070865571498871,-0.0008884980925358832,0.5382400155067444,0.3304104208946228,-0.007524286396801472,0.6956304311752319,0.3141166567802429,-0.005981661844998598,0.6186806559562683,0.24828806519508362,-0.010008581914007664,0.5803247690200806,0.21400892734527588,-0.011920571327209473,0.5533143281936646,0.1918533444404602,-0.016403203830122948,0.6938319206237793,0.3296479284763336,-0.030991658568382263,0.6374543309211731,0.24008305370807648,-0.03787994757294655,0.6069628000259399,0.1889961063861847,-0.040941618382930756,0.585837185382843,0.15060998499393463,-0.046854205429553986,0.6835964322090149,0.35033345222473145,-0.053723275661468506,0.6698280572891235,0.2930114269256592,-0.06944642961025238,0.6585820317268372,0.24560415744781494,-0.07846765220165253,0.6437649726867676,0.20345787703990936,-0.08606693893671036,0.0,0.0,0.0,0.0,0.0,0.0,0.0,0.0,0.0,0.0,0.0,0.0,0.0,0.0,0.0,0.0,0.0,0.0,0.0,0.0,0.0,0.0,0.0,0.0,0.0,0.0,0.0,0.0,0.0,0.0,0.0,0.0,0.0,0.0,0.0,0.0,0.0,0.0,0.0,0.0,0.0,0.0,0.0,0.0,0.0,0.0,0.0,0.0,0.0,0.0,0.0,0.0,0.0,0.0,0.0,0.0,0.0,0.0,0.0,0.0,0.0,0.0,0.0
29,0.7038593292236328,0.5194447040557861,-5.463168122332718e-07,0.6726078391075134,0.45643022656440735,0.03159112483263016,0.666361927986145,0.3887585997581482,0.038358502089977264,0.6619725227355957,0.3420669734477997,0.036230381578207016,0.6491476893424988,0.3018105626106262,0.032539576292037964,0.6906229257583618,0.3194633424282074,0.018790462985634804,0.614581823348999,0.2763631343841553,0.010336276143789291,0.5693783760070801,0.3036614954471588,0.003728240728378296,0.5455591678619385,0.33073124289512634,-0.0001570400345372036,0.6975444555282593,0.31357234716415405,-0.006006064359098673,0.6164591908454895,0.25231775641441345,-0.010071521624922752,0.5758852958679199,0.22309176623821259,-0.010878854431211948,0.5482354164123535,0.20442622900009155,-0.013764855451881886,0.6960800886154175,0.32790759205818176,-0.03055931255221367,0.6368405222892761,0.2404191792011261,-0.036669425666332245,0.6054163575172424,0.18650323152542114,-0.03902212157845497,0.5843490362167358,0.1463170349597931,-0.044147223234176636,0.685764729976654,0.3469226360321045,-0.05251052975654602,0.667212188243866,0.2900928854942322,-0.06753669679164886,0.6547678709030151,0.2428533434867859,-0.07588336616754532,0.6396411657333374,0.20147804915905,-0.08236244320869446,0.0,0.0,0.0,0.0,0.0,0.0,0.0,0.0,0.0,0.0,0.0,0.0,0.0,0.0,0.0,0.0,0.0,0.0,0.0,0.0,0.0,0.0,0.0,0.0,0.0,0.0,0.0,0.0,0.0,0.0,0.0,0.0,0.0,0.0,0.0,0.0,0.0,0.0,0.0,0.0,0.0,0.0,0.0,0.0,0.0,0.0,0.0,0.0,0.0,0.0,0.0,0.0,0.0,0.0,0.0,0.0,0.0,0.0,0.0,0.0,0.0,0.0,0.0
30,0.7064133286476135,0.5210446715354919,-4.3485320588843024e-07,0.6799870133399963,0.46091023087501526,0.02296832948923111,0.6771629452705383,0.3909047842025757,0.027777232229709625,0.6797708868980408,0.3379221558570862,0.025952475145459175,0.6711368560791016,0.29597848653793335,0.02321462705731392,0.6909095644950867,0.31717804074287415,0.010577109642326832,0.6131707429885864,0.2792329788208008,-0.001133974059484899,0.5666313767433167,0.3027228116989136,-0.01159866712987423,0.5413655042648315,0.3294565975666046,-0.017901720479130745,0.6959311366081238,0.3145855665206909,-0.008944393135607243,0.6209695339202881,0.24432480335235596,-0.012843450531363487,0.5833709836006165,0.20609690248966217,-0.014903848990797997,0.5562947392463684,0.18225519359111786,-0.020205378532409668,0.6922973990440369,0.3319551944732666,-0.02882113680243492,0.6394879817962646,0.24350224435329437,-0.03416137397289276,0.6089043617248535,0.19463905692100525,-0.03592211380600929,0.5859951972961426,0.1595751792192459,-0.041410528123378754,0.6804244518280029,0.3536202907562256,-0.0470886267721653,0.6670694947242737,0.29637330770492554,-0.0613192543387413,0.6569505333900452,0.25172942876815796,-0.0694391131401062,0.6419996619224548,0.21203725039958954,-0.07647358626127243,0.0,0.0,0.0,0.0,0.0,0.0,0.0,0.0,0.0,0.0,0.0,0.0,0.0,0.0,0.0,0.0,0.0,0.0,0.0,0.0,0.0,0.0,0.0,0.0,0.0,0.0,0.0,0.0,0.0,0.0,0.0,0.0,0.0,0.0,0.0,0.0,0.0,0.0,0.0,0.0,0.0,0.0,0.0,0.0,0.0,0.0,0.0,0.0,0.0,0.0,0.0,0.0,0.0,0.0,0.0,0.0,0.0,0.0,0.0,0.0,0.0,0.0,0.0
31,0.7067639231681824,0.521651029586792,-6.302286692516645e-07,0.6759137511253357,0.45400089025497437,0.03076063096523285,0.6717220544815063,0.3811701834201813,0.036717213690280914,0.6728097796440125,0.33102062344551086,0.034220799803733826,0.6608005166053772,0.2878439128398895,0.02955353632569313,0.6879963278770447,0.31185346841812134,0.012489602901041508,0.6109209060668945,0.2709680497646332,0.0005771134747192264,0.5673869252204895,0.301477313041687,-0.008998088538646698,0.5435910820960999,0.3320842683315277,-0.015289295464754105,0.6964767575263977,0.31288567185401917,-0.012838992290198803,0.6123595833778381,0.2609463036060333,-0.025845995172858238,0.5712057948112488,0.24790602922439575,-0.032569874078035355,0.5429709553718567,0.24564024806022644,-0.03813789784908295,0.6953388452529907,0.3330976068973541,-0.03741352632641792,0.6367796659469604,0.2462559938430786,-0.04872697591781616,0.605818510055542,0.1937801092863083,-0.055767498910427094,0.5845143795013428,0.15378572046756744,-0.06354370713233948,0.6852667331695557,0.3583703935146332,-0.05893004313111305,0.6700887680053711,0.2975276708602905,-0.07683601975440979,0.6583045125007629,0.24809329211711884,-0.08804003149271011,0.643986701965332,0.2030671387910843,-0.09689777344465256,0.0,0.0,0.0,0.0,0.0,0.0,0.0,0.0,0.0,0.0,0.0,0.0,0.0,0.0,0.0,0.0,0.0,0.0,0.0,0.0,0.0,0.0,0.0,0.0,0.0,0.0,0.0,0.0,0.0,0.0,0.0,0.0,0.0,0.0,0.0,0.0,0.0,0.0,0.0,0.0,0.0,0.0,0.0,0.0,0.0,0.0,0.0,0.0,0.0,0.0,0.0,0.0,0.0,0.0,0.0,0.0,0.0,0.0,0.0,0.0,0.0,0.0,0.0
32,0.7056060433387756,0.5185226798057556,-5.400809186539846e-07,0.6722387075424194,0.4514734148979187,0.03413911163806915,0.6679742336273193,0.38177406787872314,0.0415644608438015,0.6696823835372925,0.3350723683834076,0.039657484740018845,0.6620545983314514,0.2957088351249695,0.03544921800494194,0.6900955438613892,0.3156612515449524,0.01775529235601425,0.6114389300346375,0.27883410453796387,0.007897209376096725,0.5658205151557922,0.307007759809494,-0.0011369488202035427,0.5407894253730774,0.3329305350780487,-0.007419169414788485,0.6974131464958191,0.3136940002441406,-0.009010525420308113,0.6149877309799194,0.2535334825515747,-0.015411941334605217,0.5751191973686218,0.22470198571681976,-0.019128257408738136,0.5485216379165649,0.20606350898742676,-0.02478623017668724,0.6950458884239197,0.3304189145565033,-0.03510892018675804,0.6357545852661133,0.2412986010313034,-0.043015044182538986,0.6061044335365295,0.18671679496765137,-0.0484246201813221,0.5875571966171265,0.14532658457756042,-0.05624404549598694,0.6835812926292419,0.3513787090778351,-0.05824360251426697,0.6678828001022339,0.29252496361732483,-0.0746331661939621,0.657150387763977,0.24305403232574463,-0.08515956997871399,0.643941342830658,0.19913479685783386,-0.09418706595897675,0.0,0.0,0.0,0.0,0.0,0.0,0.0,0.0,0.0,0.0,0.0,0.0,0.0,0.0,0.0,0.0,0.0,0.0,0.0,0.0,0.0,0.0,0.0,0.0,0.0,0.0,0.0,0.0,0.0,0.0,0.0,0.0,0.0,0.0,0.0,0.0,0.0,0.0,0.0,0.0,0.0,0.0,0.0,0.0,0.0,0.0,0.0,0.0,0.0,0.0,0.0,0.0,0.0,0.0,0.0,0.0,0.0,0.0,0.0,0.0,0.0,0.0,0.0
33,0.7034856677055359,0.5219821929931641,-5.233329147813492e-07,0.6815523505210876,0.4566652178764343,0.031310658901929855,0.6822094321250916,0.38296931982040405,0.03900487348437309,0.6895841360092163,0.331277996301651,0.03799177333712578,0.6830699443817139,0.28845763206481934,0.03546024113893509,0.6824185252189636,0.3178914785385132,0.01724768616259098,0.6100996732711792,0.2790520191192627,0.007896214723587036,0.5656893253326416,0.30441564321517944,0.0007338705472648144,0.5414317846298218,0.33071887493133545,-0.003836835967376828,0.6881735920906067,0.3152385652065277,-0.008140675723552704,0.6128996014595032,0.2526548504829407,-0.012211494147777557,0.5765999555587769,0.21840451657772064,-0.012262810952961445,0.5508503317832947,0.1965520828962326,-0.0158377755433321,0.6873468160629272,0.3314794898033142,-0.03381241858005524,0.6367441415786743,0.2447456270456314,-0.041302215307950974,0.6090915203094482,0.189898282289505,-0.04506751149892807,0.588560163974762,0.15119247138500214,-0.05171097815036774,0.6805695295333862,0.3518199324607849,-0.05698017030954361,0.6684711575508118,0.29056447744369507,-0.07409602403640747,0.658042311668396,0.2416175901889801,-0.08481130003929138,0.6426434516906738,0.20004083216190338,-0.09394358098506927,0.0,0.0,0.0,0.0,0.0,0.0,0.0,0.0,0.0,0.0,0.0,0.0,0.0,0.0,0.0,0.0,0.0,0.0,0.0,0.0,0.0,0.0,0.0,0.0,0.0,0.0,0.0,0.0,0.0,0.0,0.0,0.0,0.0,0.0,0.0,0.0,0.0,0.0,0.0,0.0,0.0,0.0,0.0,0.0,0.0,0.0,0.0,0.0,0.0,0.0,0.0,0.0,0.0,0.0,0.0,0.0,0.0,0.0,0.0,0.0,0.0,0.0,0.0
34,0.7003917694091797,0.5219153165817261,-6.041654501132143e-07,0.6729485988616943,0.45776402950286865,0.03694964572787285,0.6722747087478638,0.3885418474674225,0.046813223510980606,0.6786646246910095,0.3403148055076599,0.047089070081710815,0.6758543252944946,0.2955312728881836,0.0450209304690361,0.6802759766578674,0.3175513744354248,0.022448383271694183,0.607491672039032,0.27871623635292053,0.014919186010956764,0.562757134437561,0.3030892014503479,0.0073493048548698425,0.5377814769744873,0.3253142833709717,0.001509041991084814,0.6892982125282288,0.3149210512638092,-0.005343937315046787,0.6104390621185303,0.26033130288124084,-0.009953358210623264,0.5703849792480469,0.23123401403427124,-0.013497912324965,0.5433169603347778,0.2131064087152481,-0.01997276209294796,0.6894701719284058,0.3321834206581116,-0.032535821199417114,0.6365357041358948,0.24539345502853394,-0.041203904896974564,0.6085072159767151,0.18924595415592194,-0.048696257174015045,0.5893241763114929,0.14848579466342926,-0.05818413943052292,0.6812517642974854,0.3527265191078186,-0.05617213994264603,0.6676605343818665,0.29048413038253784,-0.07551512867212296,0.6572374701499939,0.2398546040058136,-0.08896613121032715,0.6429799199104309,0.19555029273033142,-0.1001104786992073,0.0,0.0,0.0,0.0,0.0,0.0,0.0,0.0,0.0,0.0,0.0,0.0,0.0,0.0,0.0,0.0,0.0,0.0,0.0,0.0,0.0,0.0,0.0,0.0,0.0,0.0,0.0,0.0,0.0,0.0,0.0,0.0,0.0,0.0,0.0,0.0,0.0,0.0,0.0,0.0,0.0,0.0,0.0,0.0,0.0,0.0,0.0,0.0,0.0,0.0,0.0,0.0,0.0,0.0,0.0,0.0,0.0,0.0,0.0,0.0,0.0,0.0,0.0
35,0.6929332613945007,0.5210865139961243,-6.490652708635025e-07,0.6673291921615601,0.46156778931617737,0.029727591201663017,0.6681314706802368,0.39185041189193726,0.03615942224860191,0.678722083568573,0.3434523940086365,0.03360394015908241,0.6797823309898376,0.2963982820510864,0.02895531617105007,0.6690986156463623,0.32041823863983154,0.022597091272473335,0.6039519906044006,0.27713754773139954,0.015120013616979122,0.5620298385620117,0.2985304594039917,0.006240376736968756,0.5373792052268982,0.3171447515487671,-0.0007762887980788946,0.6776291131973267,0.3157726228237152,-0.002200472867116332,0.6024911403656006,0.27946773171424866,-0.013781207613646984,0.5666365623474121,0.2756313681602478,-0.02270415984094143,0.5444256067276001,0.2785606384277344,-0.029429160058498383,0.6803472638130188,0.3287929594516754,-0.026729736477136612,0.6324250102043152,0.2526753544807434,-0.03761414438486099,0.6093555092811584,0.19666023552417755,-0.048795416951179504,0.5928370356559753,0.15520009398460388,-0.0592518225312233,0.6779783964157104,0.3458995819091797,-0.04822065308690071,0.6682933568954468,0.28642308712005615,-0.06403716653585434,0.6617016792297363,0.23849408328533173,-0.07513187825679779,0.6506521105766296,0.19510047137737274,-0.08428295701742172,0.0,0.0,0.0,0.0,0.0,0.0,0.0,0.0,0.0,0.0,0.0,0.0,0.0,0.0,0.0,0.0,0.0,0.0,0.0,0.0,0.0,0.0,0.0,0.0,0.0,0.0,0.0,0.0,0.0,0.0,0.0,0.0,0.0,0.0,0.0,0.0,0.0,0.0,0.0,0.0,0.0,0.0,0.0,0.0,0.0,0.0,0.0,0.0,0.0,0.0,0.0,0.0,0.0,0.0,0.0,0.0,0.0,0.0,0.0,0.0,0.0,0.0,0.0
36,0.6874319911003113,0.516564130783081,-3.956186276354856e-07,0.6479635834693909,0.4592106342315674,0.026890655979514122,0.6445925831794739,0.3948863446712494,0.03448348492383957,0.6496226787567139,0.35547176003456116,0.03374611213803291,0.6457880139350891,0.31679388880729675,0.031831663101911545,0.6605264544487,0.32349681854248047,0.026229092851281166,0.6035166382789612,0.2909485101699829,0.013286801055073738,0.561185896396637,0.3088299334049225,-0.002436273032799363,0.5340163707733154,0.3287471532821655,-0.01273792702704668,0.6708020567893982,0.31709229946136475,0.0029907883144915104,0.6183517575263977,0.2508106231689453,-0.0005890009924769402,0.5903921127319336,0.2084227353334427,-0.008426330983638763,0.5713502168655396,0.17609335482120514,-0.018294231966137886,0.6771097779273987,0.33020293712615967,-0.021513717249035835,0.6405395269393921,0.24459722638130188,-0.029523314908146858,0.6162803769111633,0.19053825736045837,-0.040729254484176636,0.5994689464569092,0.14971208572387695,-0.052605040371418,0.678808867931366,0.3478917181491852,-0.044078487902879715,0.6721403002738953,0.2892708480358124,-0.05939465016126633,0.6645715236663818,0.24157220125198364,-0.07104051858186722,0.6525818109512329,0.19909493625164032,-0.08153237402439117,0.0,0.0,0.0,0.0,0.0,0.0,0.0,0.0,0.0,0.0,0.0,0.0,0.0,0.0,0.0,0.0,0.0,0.0,0.0,0.0,0.0,0.0,0.0,0.0,0.0,0.0,0.0,0.0,0.0,0.0,0.0,0.0,0.0,0.0,0.0,0.0,0.0,0.0,0.0,0.0,0.0,0.0,0.0,0.0,0.0,0.0,0.0,0.0,0.0,0.0,0.0,0.0,0.0,0.0,0.0,0.0,0.0,0.0,0.0,0.0,0.0,0.0,0.0
37,0.6856455206871033,0.6671503782272339,-1.1118148535160799e-07,0.6150721311569214,0.6099902391433716,0.04044828191399574,0.5583022236824036,0.5345281958580017,0.059717077761888504,0.5270701050758362,0.4828327000141144,0.06315607577562332,0.5146300792694092,0.44454702734947205,0.06437906622886658,0.6468653082847595,0.37660372257232666,0.1061653271317482,0.6199665665626526,0.28526777029037476,0.1352652609348297,0.5924737453460693,0.23646679520606995,0.14458219707012177,0.5714101791381836,0.2026556432247162,0.14638440310955048,0.6652207374572754,0.361747682094574,0.07801836729049683,0.6314292550086975,0.2529701888561249,0.11007244139909744,0.5981891751289368,0.20302626490592957,0.11758790910243988,0.5770085453987122,0.16769671440124512,0.11873262375593185,0.6761865019798279,0.35630637407302856,0.04580572992563248,0.6493015289306641,0.24436911940574646,0.07377249002456665,0.6185857653617859,0.19127053022384644,0.08201330155134201,0.5950053334236145,0.15469145774841309,0.08043958246707916,0.6812588572502136,0.35912036895751953,0.013229751959443092,0.6659374237060547,0.2642812132835388,0.03148583695292473,0.6469594836235046,0.2141733467578888,0.04052039235830307,0.6277254223823547,0.1766318380832672,0.043287307024002075,0.0,0.0,0.0,0.0,0.0,0.0,0.0,0.0,0.0,0.0,0.0,0.0,0.0,0.0,0.0,0.0,0.0,0.0,0.0,0.0,0.0,0.0,0.0,0.0,0.0,0.0,0.0,0.0,0.0,0.0,0.0,0.0,0.0,0.0,0.0,0.0,0.0,0.0,0.0,0.0,0.0,0.0,0.0,0.0,0.0,0.0,0.0,0.0,0.0,0.0,0.0,0.0,0.0,0.0,0.0,0.0,0.0,0.0,0.0,0.0,0.0,0.0,0.0
38,0.6938486695289612,0.6201192736625671,-2.4949423504949664e-07,0.6307799220085144,0.565918505191803,0.03391202911734581,0.5958173274993896,0.5030988454818726,0.041665032505989075,0.5736917853355408,0.46327605843544006,0.03777358680963516,0.5572704076766968,0.4312039911746979,0.03127191215753555,0.6541754007339478,0.3653552532196045,0.06000514328479767,0.6154401898384094,0.2846829295158386,0.06729632616043091,0.5845943689346313,0.2521889805793762,0.06020588055253029,0.5645825862884521,0.2276754379272461,0.0511925183236599,0.6660542488098145,0.3590959906578064,0.03512336686253548,0.6135937571525574,0.26680508255958557,0.045804522931575775,0.579340398311615,0.2243945151567459,0.03823205828666687,0.5550827383995056,0.18590688705444336,0.02678150311112404,0.6740716099739075,0.3627370595932007,0.009088360704481602,0.6418601274490356,0.25684648752212524,0.021395383402705193,0.6156949400901794,0.1969635933637619,0.01912534609436989,0.5951183438301086,0.1490401029586792,0.008229058235883713,0.6824485659599304,0.37339743971824646,-0.015815695747733116,0.6770276427268982,0.3012468218803406,-0.00810141209512949,0.6678294539451599,0.252930223941803,-0.006711298134177923,0.6540395021438599,0.20526669919490814,-0.011330245062708855,0.0,0.0,0.0,0.0,0.0,0.0,0.0,0.0,0.0,0.0,0.0,0.0,0.0,0.0,0.0,0.0,0.0,0.0,0.0,0.0,0.0,0.0,0.0,0.0,0.0,0.0,0.0,0.0,0.0,0.0,0.0,0.0,0.0,0.0,0.0,0.0,0.0,0.0,0.0,0.0,0.0,0.0,0.0,0.0,0.0,0.0,0.0,0.0,0.0,0.0,0.0,0.0,0.0,0.0,0.0,0.0,0.0,0.0,0.0,0.0,0.0,0.0,0.0
39,0.6844319701194763,0.5923040509223938,-8.162573976733256e-07,0.644528329372406,0.5016545653343201,0.06929117441177368,0.6402115225791931,0.4307802617549896,0.09029333293437958,0.6329106092453003,0.39594972133636475,0.09362827241420746,0.6156299114227295,0.3572257459163666,0.09261670708656311,0.6761811971664429,0.35507094860076904,0.07061780244112015,0.6133614182472229,0.2814103364944458,0.0722513198852539,0.5663597583770752,0.28729403018951416,0.06632586568593979,0.5386456251144409,0.3015107214450836,0.060336820781230927,0.6869162321090698,0.35137930512428284,0.028133250772953033,0.6056750416755676,0.2864575982093811,0.026023222133517265,0.5595921277999878,0.28562241792678833,0.01881459727883339,0.5335134863853455,0.2982828915119171,0.012911823578178883,0.688759446144104,0.3626968264579773,-0.012124155648052692,0.6398998498916626,0.25677230954170227,-0.008474615402519703,0.6123598217964172,0.1943330615758896,-0.012738142162561417,0.5945923328399658,0.14686429500579834,-0.022113677114248276,0.6821982264518738,0.3762054145336151,-0.04676279425621033,0.6776060461997986,0.3071509301662445,-0.05192342773079872,0.6703985333442688,0.25464993715286255,-0.057575974613428116,0.6586291790008545,0.20501801371574402,-0.06457892060279846,0.0,0.0,0.0,0.0,0.0,0.0,0.0,0.0,0.0,0.0,0.0,0.0,0.0,0.0,0.0,0.0,0.0,0.0,0.0,0.0,0.0,0.0,0.0,0.0,0.0,0.0,0.0,0.0,0.0,0.0,0.0,0.0,0.0,0.0,0.0,0.0,0.0,0.0,0.0,0.0,0.0,0.0,0.0,0.0,0.0,0.0,0.0,0.0,0.0,0.0,0.0,0.0,0.0,0.0,0.0,0.0,0.0,0.0,0.0,0.0,0.0,0.0,0.0
40,0.6801965832710266,0.6061009764671326,-6.176950932967884e-07,0.6465668082237244,0.5097426176071167,0.051078204065561295,0.6550375819206238,0.43819117546081543,0.061459027230739594,0.6618423461914062,0.39309626817703247,0.05882658809423447,0.6588918566703796,0.3393470048904419,0.05357559397816658,0.6899689435958862,0.36704060435295105,0.027301115915179253,0.615827202796936,0.3076282739639282,0.014484896324574947,0.5600386261940002,0.32570987939834595,0.0007592016481794417,0.5299808382987976,0.35385704040527344,-0.00978645496070385,0.6994010210037231,0.3697480857372284,-0.01031676959246397,0.6288807988166809,0.2810198664665222,-0.015395115129649639,0.5937927961349487,0.2262093722820282,-0.022898858413100243,0.572799801826477,0.18911349773406982,-0.035909444093704224,0.6975102424621582,0.3910232484340668,-0.04634765163064003,0.6525610685348511,0.2813950777053833,-0.05222403258085251,0.6239447593688965,0.21509580314159393,-0.059185441583395004,0.605793297290802,0.1667221635580063,-0.07260977476835251,0.6884694695472717,0.41351330280303955,-0.07813891023397446,0.6874534487724304,0.3422248065471649,-0.09494247287511826,0.681571364402771,0.28553318977355957,-0.10705530643463135,0.6705966591835022,0.2342030555009842,-0.1203269213438034,0.0,0.0,0.0,0.0,0.0,0.0,0.0,0.0,0.0,0.0,0.0,0.0,0.0,0.0,0.0,0.0,0.0,0.0,0.0,0.0,0.0,0.0,0.0,0.0,0.0,0.0,0.0,0.0,0.0,0.0,0.0,0.0,0.0,0.0,0.0,0.0,0.0,0.0,0.0,0.0,0.0,0.0,0.0,0.0,0.0,0.0,0.0,0.0,0.0,0.0,0.0,0.0,0.0,0.0,0.0,0.0,0.0,0.0,0.0,0.0,0.0,0.0,0.0
41,0.6962532997131348,0.6082600355148315,-2.839852015767974e-07,0.6547333002090454,0.5200252532958984,0.02856730856001377,0.6525899171829224,0.4405162036418915,0.033613502979278564,0.6506726145744324,0.3856619894504547,0.028745271265506744,0.644233763217926,0.33063575625419617,0.022793229669332504,0.6883468627929688,0.37384483218193054,0.020462095737457275,0.6313164234161377,0.30771806836128235,0.007943006232380867,0.5859044790267944,0.29984232783317566,-0.0055139255709946156,0.5579780340194702,0.29711759090423584,-0.016664739698171616,0.6991764307022095,0.3687804937362671,-0.007714879233390093,0.6515154242515564,0.2786024510860443,-0.016006214544177055,0.6258974671363831,0.2192460149526596,-0.025464581325650215,0.6075983047485352,0.17257270216941833,-0.037207283079624176,0.7058457136154175,0.38610395789146423,-0.036574434489011765,0.6644742488861084,0.2894710898399353,-0.0493633933365345,0.6336657404899597,0.22326065599918365,-0.0617682971060276,0.6099616289138794,0.17318536341190338,-0.07543531060218811,0.7088367342948914,0.4122491478919983,-0.06343363970518112,0.7099423408508301,0.3478142321109772,-0.08244600892066956,0.7029618620872498,0.29100295901298523,-0.09625139087438583,0.6900975704193115,0.24052569270133972,-0.10945803672075272,0.0,0.0,0.0,0.0,0.0,0.0,0.0,0.0,0.0,0.0,0.0,0.0,0.0,0.0,0.0,0.0,0.0,0.0,0.0,0.0,0.0,0.0,0.0,0.0,0.0,0.0,0.0,0.0,0.0,0.0,0.0,0.0,0.0,0.0,0.0,0.0,0.0,0.0,0.0,0.0,0.0,0.0,0.0,0.0,0.0,0.0,0.0,0.0,0.0,0.0,0.0,0.0,0.0,0.0,0.0,0.0,0.0,0.0,0.0,0.0,0.0,0.0,0.0
42,0.7053319215774536,0.6098670959472656,-3.540394004630798e-07,0.6708470582962036,0.5170783400535583,0.03824815899133682,0.6804763078689575,0.4402239918708801,0.04767061769962311,0.6953917145729065,0.3890199661254883,0.046731822192668915,0.7009326219558716,0.3354877233505249,0.044002119451761246,0.6958494186401367,0.37710994482040405,0.02087813802063465,0.6354029178619385,0.3141235411167145,0.004441630095243454,0.5837788581848145,0.3200998604297638,-0.010428338311612606,0.5501681566238403,0.33299577236175537,-0.020783139392733574,0.7063465118408203,0.3732626438140869,-0.011247034184634686,0.6614925265312195,0.2705382704734802,-0.020607396960258484,0.6349255442619324,0.20728377997875214,-0.028923962265253067,0.6168369650840759,0.16105583310127258,-0.03993956744670868,0.7114109396934509,0.3938468098640442,-0.04325582832098007,0.6818463206291199,0.2826034426689148,-0.05746244266629219,0.6572099328041077,0.2117702215909958,-0.0691310316324234,0.6391712427139282,0.1610078066587448,-0.08194746822118759,0.7153850197792053,0.42084160447120667,-0.07178573310375214,0.7202433943748474,0.34574270248413086,-0.09433957189321518,0.7157739400863647,0.28498342633247375,-0.10961857438087463,0.7055287957191467,0.23313091695308685,-0.12324447929859161,0.0,0.0,0.0,0.0,0.0,0.0,0.0,0.0,0.0,0.0,0.0,0.0,0.0,0.0,0.0,0.0,0.0,0.0,0.0,0.0,0.0,0.0,0.0,0.0,0.0,0.0,0.0,0.0,0.0,0.0,0.0,0.0,0.0,0.0,0.0,0.0,0.0,0.0,0.0,0.0,0.0,0.0,0.0,0.0,0.0,0.0,0.0,0.0,0.0,0.0,0.0,0.0,0.0,0.0,0.0,0.0,0.0,0.0,0.0,0.0,0.0,0.0,0.0
43,0.7226265072822571,0.6417779922485352,-4.324673739120044e-07,0.675055205821991,0.5487439632415771,0.027596868574619293,0.678514838218689,0.45512640476226807,0.031296174973249435,0.6880019903182983,0.39690157771110535,0.02736067958176136,0.6841251254081726,0.3456418812274933,0.02124626748263836,0.7063189744949341,0.39772653579711914,-0.00019376563432160765,0.636542797088623,0.3210895359516144,-0.02205786667764187,0.581817090511322,0.3019839823246002,-0.03882917761802673,0.5444473624229431,0.2962380051612854,-0.050667278468608856,0.7168495059013367,0.40008345246315,-0.027904530987143517,0.6484562754631042,0.299742728471756,-0.04820086807012558,0.606755256652832,0.24433445930480957,-0.06246316432952881,0.5767776966094971,0.20283076167106628,-0.07622996717691422,0.7202293276786804,0.4219030439853668,-0.05506649985909462,0.6789613962173462,0.3042345941066742,-0.07680940628051758,0.6481372117996216,0.23088626563549042,-0.09398511052131653,0.6266202926635742,0.17552781105041504,-0.10963621735572815,0.7168727517127991,0.44998881220817566,-0.07901114225387573,0.7212143540382385,0.37329980731010437,-0.10499352216720581,0.714895486831665,0.3120405375957489,-0.12450752407312393,0.7044183611869812,0.258938729763031,-0.14122945070266724,0.0,0.0,0.0,0.0,0.0,0.0,0.0,0.0,0.0,0.0,0.0,0.0,0.0,0.0,0.0,0.0,0.0,0.0,0.0,0.0,0.0,0.0,0.0,0.0,0.0,0.0,0.0,0.0,0.0,0.0,0.0,0.0,0.0,0.0,0.0,0.0,0.0,0.0,0.0,0.0,0.0,0.0,0.0,0.0,0.0,0.0,0.0,0.0,0.0,0.0,0.0,0.0,0.0,0.0,0.0,0.0,0.0,0.0,0.0,0.0,0.0,0.0,0.0
44,0.7201750874519348,0.6693649888038635,-2.6685697207540215e-07,0.6632119417190552,0.5841314792633057,0.024720672518014908,0.6582847833633423,0.4943496882915497,0.028162049129605293,0.6596996188163757,0.44150426983833313,0.02353844605386257,0.6545093059539795,0.39425235986709595,0.01676689088344574,0.6875925660133362,0.43030497431755066,0.007908605970442295,0.6295710206031799,0.34603631496429443,-0.012866801582276821,0.577467679977417,0.3123277723789215,-0.030052203685045242,0.5367532968521118,0.2911875247955322,-0.042553629726171494,0.7023138999938965,0.42598679661750793,-0.020181644707918167,0.6519219279289246,0.31817200779914856,-0.03669409081339836,0.6166567206382751,0.25265413522720337,-0.05142558366060257,0.5901357531547546,0.1979503184556961,-0.06567557901144028,0.7122734785079956,0.4448387622833252,-0.04877104610204697,0.6830319166183472,0.3204384446144104,-0.06866864114999771,0.6553221940994263,0.24390147626399994,-0.08713032305240631,0.6348565816879272,0.18156445026397705,-0.10402458906173706,0.7169950604438782,0.4739185869693756,-0.07480276376008987,0.72281414270401,0.40206268429756165,-0.10043896734714508,0.7153328657150269,0.34086987376213074,-0.11947157979011536,0.7048739194869995,0.2845393717288971,-0.13580340147018433,0.0,0.0,0.0,0.0,0.0,0.0,0.0,0.0,0.0,0.0,0.0,0.0,0.0,0.0,0.0,0.0,0.0,0.0,0.0,0.0,0.0,0.0,0.0,0.0,0.0,0.0,0.0,0.0,0.0,0.0,0.0,0.0,0.0,0.0,0.0,0.0,0.0,0.0,0.0,0.0,0.0,0.0,0.0,0.0,0.0,0.0,0.0,0.0,0.0,0.0,0.0,0.0,0.0,0.0,0.0,0.0,0.0,0.0,0.0,0.0,0.0,0.0,0.0
45,0.7084101438522339,0.6784014105796814,-4.110548275093606e-07,0.6592212319374084,0.5808716416358948,0.037102147936820984,0.6623198390007019,0.48486071825027466,0.044500868767499924,0.6694682836532593,0.42974913120269775,0.04238169640302658,0.6652066707611084,0.38275662064552307,0.037213318049907684,0.6933140754699707,0.4283207654953003,0.015887947753071785,0.6251407861709595,0.3529849648475647,0.001284815021790564,0.5701615214347839,0.3368576467037201,-0.012407580390572548,0.5305901169776917,0.32430410385131836,-0.023578619584441185,0.7063858509063721,0.4261362850666046,-0.01619468443095684,0.6379483938217163,0.32344111800193787,-0.026181228458881378,0.596489429473877,0.2686436176300049,-0.0357838049530983,0.5677727460861206,0.22445547580718994,-0.04754471406340599,0.7136067152023315,0.44907185435295105,-0.04745632782578468,0.6782307624816895,0.3169081211090088,-0.061253879219293594,0.65276038646698,0.23671559989452362,-0.07662754505872726,0.6363335251808167,0.1713424026966095,-0.0931820422410965,0.7131041288375854,0.48265692591667175,-0.07482587546110153,0.7143487334251404,0.40851446986198425,-0.09820021688938141,0.7037349939346313,0.34601932764053345,-0.11565015465021133,0.6892997026443481,0.2872925400733948,-0.1313505470752716,0.0,0.0,0.0,0.0,0.0,0.0,0.0,0.0,0.0,0.0,0.0,0.0,0.0,0.0,0.0,0.0,0.0,0.0,0.0,0.0,0.0,0.0,0.0,0.0,0.0,0.0,0.0,0.0,0.0,0.0,0.0,0.0,0.0,0.0,0.0,0.0,0.0,0.0,0.0,0.0,0.0,0.0,0.0,0.0,0.0,0.0,0.0,0.0,0.0,0.0,0.0,0.0,0.0,0.0,0.0,0.0,0.0,0.0,0.0,0.0,0.0,0.0,0.0
46,0.7185912132263184,0.6972256302833557,-8.323969495904748e-07,0.6659830212593079,0.5916581749916077,0.05464421212673187,0.6631425023078918,0.4975615441799164,0.06330700218677521,0.6604405045509338,0.4472046196460724,0.05845208466053009,0.6472293734550476,0.3956165015697479,0.05001058056950569,0.706522524356842,0.41755300760269165,0.023006832227110863,0.6199779510498047,0.3493218421936035,0.008465241640806198,0.5656464099884033,0.36937886476516724,-0.005323607474565506,0.5322846174240112,0.38826873898506165,-0.016228126361966133,0.7208441495895386,0.4274578392505646,-0.018541065976023674,0.6188703775405884,0.35319218039512634,-0.04148148000240326,0.5608628988265991,0.3465927243232727,-0.05462254583835602,0.5245020389556885,0.35821598768234253,-0.06348283588886261,0.7195417284965515,0.45978468656539917,-0.05705798789858818,0.6645615100860596,0.33379244804382324,-0.07315783947706223,0.6301811337471008,0.2558847665786743,-0.08422533422708511,0.6099286079406738,0.19883257150650024,-0.09620451927185059,0.7047882676124573,0.49464210867881775,-0.08975639194250107,0.7027140259742737,0.41812509298324585,-0.11335976421833038,0.6938856840133667,0.35146522521972656,-0.12878933548927307,0.6830735206604004,0.28862208127975464,-0.14138691127300262,0.0,0.0,0.0,0.0,0.0,0.0,0.0,0.0,0.0,0.0,0.0,0.0,0.0,0.0,0.0,0.0,0.0,0.0,0.0,0.0,0.0,0.0,0.0,0.0,0.0,0.0,0.0,0.0,0.0,0.0,0.0,0.0,0.0,0.0,0.0,0.0,0.0,0.0,0.0,0.0,0.0,0.0,0.0,0.0,0.0,0.0,0.0,0.0,0.0,0.0,0.0,0.0,0.0,0.0,0.0,0.0,0.0,0.0,0.0,0.0,0.0,0.0,0.0
47,0.7055577039718628,0.685453474521637,-2.2567884627733292e-07,0.6521881222724915,0.5781829357147217,0.04932272061705589,0.6553964018821716,0.47881436347961426,0.061580825597047806,0.6534306406974792,0.419127494096756,0.061320748180150986,0.6441301107406616,0.36526185274124146,0.05831349268555641,0.7026620507240295,0.4110912084579468,0.02511848509311676,0.6211952567100525,0.3472548723220825,0.01659248024225235,0.5672739148139954,0.3350560963153839,0.008694382384419441,0.5337387323379517,0.32087022066116333,0.0002500452974345535,0.7162351012229919,0.41625040769577026,-0.014138012193143368,0.6478918790817261,0.3091832995414734,-0.023570889607071877,0.6168578267097473,0.23471719026565552,-0.03072327747941017,0.5965316295623779,0.1782667636871338,-0.0408845916390419,0.7155557870864868,0.44830384850502014,-0.051495976746082306,0.6632111668586731,0.32464128732681274,-0.06487961113452911,0.6278660297393799,0.25424638390541077,-0.0721958577632904,0.6053689122200012,0.19810742139816284,-0.08250277489423752,0.7050033211708069,0.48507463932037354,-0.08458922803401947,0.6984139084815979,0.4101438522338867,-0.11062109470367432,0.6917846202850342,0.34669923782348633,-0.12771442532539368,0.6824943423271179,0.28577494621276855,-0.14207027852535248,0.0,0.0,0.0,0.0,0.0,0.0,0.0,0.0,0.0,0.0,0.0,0.0,0.0,0.0,0.0,0.0,0.0,0.0,0.0,0.0,0.0,0.0,0.0,0.0,0.0,0.0,0.0,0.0,0.0,0.0,0.0,0.0,0.0,0.0,0.0,0.0,0.0,0.0,0.0,0.0,0.0,0.0,0.0,0.0,0.0,0.0,0.0,0.0,0.0,0.0,0.0,0.0,0.0,0.0,0.0,0.0,0.0,0.0,0.0,0.0,0.0,0.0,0.0
48,0.7187177538871765,0.7002115249633789,-6.62747083879367e-07,0.6647767424583435,0.5963597893714905,0.04677091911435127,0.6517305374145508,0.49657943844795227,0.05333591625094414,0.6382245421409607,0.43937432765960693,0.04683729633688927,0.6177706122398376,0.3844611644744873,0.03725472837686539,0.7098701000213623,0.41757461428642273,0.026645731180906296,0.6277079582214355,0.33081305027008057,0.013650543987751007,0.5729414224624634,0.3310019373893738,0.0009238990605808794,0.5382664799690247,0.3384820222854614,-0.00834514107555151,0.7224820852279663,0.4239517152309418,-0.011094186455011368,0.6248671412467957,0.3254149854183197,-0.026912154629826546,0.5681791305541992,0.2987220585346222,-0.0351707749068737,0.5304358005523682,0.29141902923583984,-0.04053741320967674,0.7203889489173889,0.4538876712322235,-0.04724333435297012,0.665109395980835,0.31968486309051514,-0.057385314255952835,0.6336160898208618,0.2397974580526352,-0.0621805265545845,0.614508867263794,0.17937031388282776,-0.06950163841247559,0.7043917179107666,0.4905049502849579,-0.07930827140808105,0.6989548206329346,0.4166511595249176,-0.095967136323452,0.6881516575813293,0.34936240315437317,-0.10487060993909836,0.6755087375640869,0.28708916902542114,-0.11244071274995804,0.0,0.0,0.0,0.0,0.0,0.0,0.0,0.0,0.0,0.0,0.0,0.0,0.0,0.0,0.0,0.0,0.0,0.0,0.0,0.0,0.0,0.0,0.0,0.0,0.0,0.0,0.0,0.0,0.0,0.0,0.0,0.0,0.0,0.0,0.0,0.0,0.0,0.0,0.0,0.0,0.0,0.0,0.0,0.0,0.0,0.0,0.0,0.0,0.0,0.0,0.0,0.0,0.0,0.0,0.0,0.0,0.0,0.0,0.0,0.0,0.0,0.0,0.0
49,0.7160537242889404,0.6859734654426575,-4.810881364392117e-07,0.6641894578933716,0.5798775553703308,0.0372314415872097,0.6595306396484375,0.47912541031837463,0.04284190014004707,0.6562741994857788,0.41463491320610046,0.03852066770195961,0.638373851776123,0.3598102629184723,0.03139952942728996,0.7128772735595703,0.4007676839828491,0.015073461458086967,0.6163656115531921,0.3338264226913452,0.00807587243616581,0.5585508346557617,0.3474201261997223,-0.0009043844765983522,0.5229865312576294,0.3584407866001129,-0.009479285217821598,0.7241749167442322,0.4135442078113556,-0.014155342243611813,0.623278796672821,0.3262462019920349,-0.025528550148010254,0.5723769068717957,0.2938290238380432,-0.03515418618917465,0.5374837517738342,0.27549099922180176,-0.04533422365784645,0.7207875847816467,0.4499382972717285,-0.0412445105612278,0.6538448929786682,0.32987433671951294,-0.049090396612882614,0.6120652556419373,0.25977861881256104,-0.05654797703027725,0.5846970081329346,0.2061637043952942,-0.06774614751338959,0.7039293050765991,0.4881993234157562,-0.06471024453639984,0.6991217136383057,0.41389456391334534,-0.08210713416337967,0.6934614181518555,0.3473389446735382,-0.09627043455839157,0.6833928823471069,0.2837192416191101,-0.10908468812704086,0.0,0.0,0.0,0.0,0.0,0.0,0.0,0.0,0.0,0.0,0.0,0.0,0.0,0.0,0.0,0.0,0.0,0.0,0.0,0.0,0.0,0.0,0.0,0.0,0.0,0.0,0.0,0.0,0.0,0.0,0.0,0.0,0.0,0.0,0.0,0.0,0.0,0.0,0.0,0.0,0.0,0.0,0.0,0.0,0.0,0.0,0.0,0.0,0.0,0.0,0.0,0.0,0.0,0.0,0.0,0.0,0.0,0.0,0.0,0.0,0.0,0.0,0.0
50,0.7174531817436218,0.6880793571472168,-1.5990379154118273e-07,0.6978651881217957,0.5904726386070251,0.038688018918037415,0.7019678354263306,0.49365103244781494,0.049484770745038986,0.7060226202011108,0.43225526809692383,0.05013502016663551,0.6957712173461914,0.3828578591346741,0.04877759888768196,0.7084675431251526,0.4109799861907959,0.023938532918691635,0.6272880434989929,0.34155702590942383,0.017714371904730797,0.5722326040267944,0.30765050649642944,0.011172076687216759,0.535805344581604,0.27582913637161255,0.0033155360724776983,0.715121865272522,0.41525667905807495,-0.00860439520329237,0.6440518498420715,0.31036972999572754,-0.016279565170407295,0.6118590235710144,0.2348349392414093,-0.02226926013827324,0.5884785652160645,0.17800363898277283,-0.03131668269634247,0.7113118171691895,0.44693708419799805,-0.04034315049648285,0.6550886034965515,0.3280394673347473,-0.053309228271245956,0.6155036687850952,0.25710630416870117,-0.06307472288608551,0.5865499973297119,0.20462504029273987,-0.07438059151172638,0.7008991241455078,0.4881267547607422,-0.0686497613787651,0.6928195357322693,0.4091743528842926,-0.09326288849115372,0.6850939989089966,0.34372448921203613,-0.1105988547205925,0.673876166343689,0.28422385454177856,-0.12487707287073135,0.0,0.0,0.0,0.0,0.0,0.0,0.0,0.0,0.0,0.0,0.0,0.0,0.0,0.0,0.0,0.0,0.0,0.0,0.0,0.0,0.0,0.0,0.0,0.0,0.0,0.0,0.0,0.0,0.0,0.0,0.0,0.0,0.0,0.0,0.0,0.0,0.0,0.0,0.0,0.0,0.0,0.0,0.0,0.0,0.0,0.0,0.0,0.0,0.0,0.0,0.0,0.0,0.0,0.0,0.0,0.0,0.0,0.0,0.0,0.0,0.0,0.0,0.0
51,0.7142350673675537,0.6664385795593262,-5.050364393355267e-07,0.6730675101280212,0.5699718594551086,0.050817206501960754,0.6711657047271729,0.46940693259239197,0.06090916693210602,0.6719222068786621,0.4093577563762665,0.05809003859758377,0.6581373810768127,0.35733675956726074,0.05055513605475426,0.7164784073829651,0.3893580138683319,0.03522651270031929,0.6515630483627319,0.2907602787017822,0.03840768709778786,0.6123625040054321,0.2450587898492813,0.037349600344896317,0.5818163156509399,0.2009032964706421,0.0321294367313385,0.7278693318367004,0.3985966742038727,-0.001013030530884862,0.6142090559005737,0.3324519395828247,-0.01767289638519287,0.5487538576126099,0.33880260586738586,-0.026836568489670753,0.5066163539886475,0.3626931309700012,-0.03064391203224659,0.7239614725112915,0.42557281255722046,-0.03383861109614372,0.6519700288772583,0.3169388771057129,-0.039149120450019836,0.6132547855377197,0.24347218871116638,-0.04440786689519882,0.5892695784568787,0.19212347269058228,-0.052747856825590134,0.7094336152076721,0.4573248624801636,-0.06226431578397751,0.6976945400238037,0.383012592792511,-0.07294200360774994,0.6867554783821106,0.31664738059043884,-0.08205147832632065,0.6753328442573547,0.25618845224380493,-0.0907326340675354,0.0,0.0,0.0,0.0,0.0,0.0,0.0,0.0,0.0,0.0,0.0,0.0,0.0,0.0,0.0,0.0,0.0,0.0,0.0,0.0,0.0,0.0,0.0,0.0,0.0,0.0,0.0,0.0,0.0,0.0,0.0,0.0,0.0,0.0,0.0,0.0,0.0,0.0,0.0,0.0,0.0,0.0,0.0,0.0,0.0,0.0,0.0,0.0,0.0,0.0,0.0,0.0,0.0,0.0,0.0,0.0,0.0,0.0,0.0,0.0,0.0,0.0,0.0
52,0.7146758437156677,0.6743703484535217,-5.133527452017006e-07,0.6707257032394409,0.5761047601699829,0.033843547105789185,0.6752031445503235,0.4817524254322052,0.03823313117027283,0.6866666674613953,0.42136821150779724,0.03237224370241165,0.6866325736045837,0.36733439564704895,0.02311919443309307,0.6973632574081421,0.41023126244544983,0.01085092406719923,0.6185836791992188,0.33229121565818787,-0.009934532456099987,0.5582785606384277,0.3167167901992798,-0.02886149473488331,0.5145167708396912,0.31449681520462036,-0.04220554232597351,0.7090580463409424,0.41181808710098267,-0.02140919305384159,0.6335827112197876,0.3075558543205261,-0.03845548629760742,0.5847256183624268,0.251141220331192,-0.051740262657403946,0.54549241065979,0.2115783393383026,-0.06474669277667999,0.7122688889503479,0.439359188079834,-0.0532822348177433,0.666610836982727,0.31232792139053345,-0.07008308172225952,0.6350584626197815,0.23550385236740112,-0.08316485583782196,0.611488938331604,0.1763603389263153,-0.09734749794006348,0.7071723937988281,0.4756079912185669,-0.0820123627781868,0.7037684321403503,0.3995262384414673,-0.10534977912902832,0.694526195526123,0.33628392219543457,-0.12094990164041519,0.6806129813194275,0.27817022800445557,-0.13489419221878052,0.0,0.0,0.0,0.0,0.0,0.0,0.0,0.0,0.0,0.0,0.0,0.0,0.0,0.0,0.0,0.0,0.0,0.0,0.0,0.0,0.0,0.0,0.0,0.0,0.0,0.0,0.0,0.0,0.0,0.0,0.0,0.0,0.0,0.0,0.0,0.0,0.0,0.0,0.0,0.0,0.0,0.0,0.0,0.0,0.0,0.0,0.0,0.0,0.0,0.0,0.0,0.0,0.0,0.0,0.0,0.0,0.0,0.0,0.0,0.0,0.0,0.0,0.0
53,0.7066357731819153,0.6758245229721069,-3.329795390527579e-07,0.657338559627533,0.58851158618927,0.020571179687976837,0.6645975112915039,0.4906768798828125,0.021739058196544647,0.6901780366897583,0.43696627020835876,0.01506949681788683,0.7077252864837646,0.38858047127723694,0.006300838198512793,0.6776490211486816,0.419464647769928,0.012825982645154,0.6127474904060364,0.3409394919872284,-0.006102755665779114,0.5572249293327332,0.31429025530815125,-0.024068515747785568,0.515159010887146,0.29593122005462646,-0.037858784198760986,0.6938531398773193,0.4116201102733612,-0.012794341892004013,0.632856547832489,0.3062282204627991,-0.03095392882823944,0.5926876068115234,0.25236162543296814,-0.048032067716121674,0.5608511567115784,0.21010634303092957,-0.062139082700014114,0.7052592039108276,0.429776132106781,-0.03920407220721245,0.668015718460083,0.3013298511505127,-0.05940034240484238,0.6407425999641418,0.2223260998725891,-0.07968220114707947,0.6188263893127441,0.1580018401145935,-0.09695065766572952,0.710726261138916,0.46129661798477173,-0.06344041228294373,0.7089332342147827,0.38729166984558105,-0.08748605847358704,0.6962977051734924,0.32584455609321594,-0.10539074242115021,0.6784330010414124,0.26987531781196594,-0.12067874521017075,0.0,0.0,0.0,0.0,0.0,0.0,0.0,0.0,0.0,0.0,0.0,0.0,0.0,0.0,0.0,0.0,0.0,0.0,0.0,0.0,0.0,0.0,0.0,0.0,0.0,0.0,0.0,0.0,0.0,0.0,0.0,0.0,0.0,0.0,0.0,0.0,0.0,0.0,0.0,0.0,0.0,0.0,0.0,0.0,0.0,0.0,0.0,0.0,0.0,0.0,0.0,0.0,0.0,0.0,0.0,0.0,0.0,0.0,0.0,0.0,0.0,0.0,0.0
54,0.70307856798172,0.6746941804885864,-4.4503786966743064e-07,0.6506715416908264,0.5776636600494385,0.028817037120461464,0.6513045430183411,0.4754292070865631,0.03258665278553963,0.6632449626922607,0.41586631536483765,0.026887131854891777,0.6668267846107483,0.3666630983352661,0.01873442344367504,0.6849222183227539,0.41630294919013977,0.019267326220870018,0.6137509942054749,0.3387395143508911,0.004051086958497763,0.5578629970550537,0.32129183411598206,-0.011263268999755383,0.5167046785354614,0.3085222840309143,-0.02323545515537262,0.6978640556335449,0.4086400270462036,-0.009770830161869526,0.6268582344055176,0.30805572867393494,-0.023504652082920074,0.5822769999504089,0.26255741715431213,-0.03658222407102585,0.5478819012641907,0.22898529469966888,-0.048127979040145874,0.7066222429275513,0.4257941246032715,-0.0390782430768013,0.6643068194389343,0.30222606658935547,-0.05312540754675865,0.6371067762374878,0.22444190084934235,-0.06963109970092773,0.6163128614425659,0.16106948256492615,-0.08562909811735153,0.7099540829658508,0.4543896019458771,-0.06583340466022491,0.7082623243331909,0.3844504654407501,-0.08427616208791733,0.6959788799285889,0.32509973645210266,-0.09912984818220139,0.6784502267837524,0.2704063653945923,-0.11286451667547226,0.0,0.0,0.0,0.0,0.0,0.0,0.0,0.0,0.0,0.0,0.0,0.0,0.0,0.0,0.0,0.0,0.0,0.0,0.0,0.0,0.0,0.0,0.0,0.0,0.0,0.0,0.0,0.0,0.0,0.0,0.0,0.0,0.0,0.0,0.0,0.0,0.0,0.0,0.0,0.0,0.0,0.0,0.0,0.0,0.0,0.0,0.0,0.0,0.0,0.0,0.0,0.0,0.0,0.0,0.0,0.0,0.0,0.0,0.0,0.0,0.0,0.0,0.0
55,0.703316867351532,0.6878179311752319,-3.833658865914913e-07,0.6505782604217529,0.6021580100059509,0.021229365840554237,0.64496910572052,0.49201908707618713,0.022664539515972137,0.6510937213897705,0.4283469617366791,0.014413643628358841,0.6505950093269348,0.3696500062942505,0.0039025619626045227,0.6853736639022827,0.42158243060112,0.013874842785298824,0.6586807370185852,0.3090258836746216,0.0010954554891213775,0.6345683336257935,0.24642108380794525,-0.009155712090432644,0.6163443326950073,0.1876416802406311,-0.020679185166954994,0.6973615884780884,0.42991361021995544,-0.01555754616856575,0.6181271076202393,0.3617132306098938,-0.06019140034914017,0.5556018352508545,0.3832533359527588,-0.08251939713954926,0.5176346302032471,0.4137457311153412,-0.08905235677957535,0.7040615677833557,0.45350146293640137,-0.04537707567214966,0.6555745601654053,0.34692955017089844,-0.07731553912162781,0.6150404214859009,0.27466803789138794,-0.09698401391506195,0.5880942344665527,0.2166983187198639,-0.10893779247999191,0.7063116431236267,0.4874710440635681,-0.07304690778255463,0.7106402516365051,0.4101279079914093,-0.09729713201522827,0.6995304822921753,0.34973612427711487,-0.11320361495018005,0.686928927898407,0.2932295799255371,-0.12533074617385864,0.0,0.0,0.0,0.0,0.0,0.0,0.0,0.0,0.0,0.0,0.0,0.0,0.0,0.0,0.0,0.0,0.0,0.0,0.0,0.0,0.0,0.0,0.0,0.0,0.0,0.0,0.0,0.0,0.0,0.0,0.0,0.0,0.0,0.0,0.0,0.0,0.0,0.0,0.0,0.0,0.0,0.0,0.0,0.0,0.0,0.0,0.0,0.0,0.0,0.0,0.0,0.0,0.0,0.0,0.0,0.0,0.0,0.0,0.0,0.0,0.0,0.0,0.0
56,0.701393723487854,0.6951665878295898,-5.830219720337482e-07,0.6496711373329163,0.5973621606826782,0.035052016377449036,0.6453061699867249,0.48920056223869324,0.039958421140909195,0.6507915258407593,0.4295002818107605,0.03203899413347244,0.651685893535614,0.3720136284828186,0.021665232256054878,0.6897911429405212,0.4178552031517029,0.02879776991903782,0.6470609307289124,0.3205675482749939,0.016391247510910034,0.6102011799812317,0.27622687816619873,0.004834949038922787,0.5835999846458435,0.23718658089637756,-0.006683838088065386,0.7032190561294556,0.4234970510005951,-0.007024236023426056,0.6153720617294312,0.36138713359832764,-0.04285258427262306,0.5514913201332092,0.37473297119140625,-0.06184469163417816,0.5119876265525818,0.39822453260421753,-0.06887451559305191,0.7105971574783325,0.4456678032875061,-0.04291651397943497,0.6558343172073364,0.3440031409263611,-0.06644438952207565,0.6188399791717529,0.2731829583644867,-0.08111553639173508,0.5955830216407776,0.2169708013534546,-0.0920146107673645,0.7126045823097229,0.477785587310791,-0.07626056671142578,0.709605872631073,0.4048523008823395,-0.0952388122677803,0.6956844329833984,0.34532415866851807,-0.10760751366615295,0.6808921694755554,0.28932708501815796,-0.11797980219125748,0.0,0.0,0.0,0.0,0.0,0.0,0.0,0.0,0.0,0.0,0.0,0.0,0.0,0.0,0.0,0.0,0.0,0.0,0.0,0.0,0.0,0.0,0.0,0.0,0.0,0.0,0.0,0.0,0.0,0.0,0.0,0.0,0.0,0.0,0.0,0.0,0.0,0.0,0.0,0.0,0.0,0.0,0.0,0.0,0.0,0.0,0.0,0.0,0.0,0.0,0.0,0.0,0.0,0.0,0.0,0.0,0.0,0.0,0.0,0.0,0.0,0.0,0.0
57,0.713110625743866,0.6909911632537842,-4.819889340978989e-07,0.6592281460762024,0.5859248638153076,0.030292754992842674,0.6555874943733215,0.4829487204551697,0.034686021506786346,0.6611550450325012,0.4203750789165497,0.029033297672867775,0.6573445796966553,0.3666541576385498,0.02103625051677227,0.6932194232940674,0.42060479521751404,0.016909107565879822,0.6106836795806885,0.3516464829444885,0.001310996594838798,0.5529799461364746,0.3534124493598938,-0.014181441627442837,0.5155657529830933,0.35959577560424805,-0.026059674099087715,0.7064595818519592,0.41967570781707764,-0.012327039614319801,0.6301295757293701,0.32433873414993286,-0.027098283171653748,0.5850096940994263,0.28390103578567505,-0.04026847705245018,0.5509242415428162,0.25218403339385986,-0.05240101367235184,0.7143430113792419,0.4441821277141571,-0.04173986613750458,0.6656112670898438,0.33004915714263916,-0.058012720197439194,0.6317585110664368,0.25698792934417725,-0.07601208239793777,0.6070688366889954,0.1980663537979126,-0.09317026287317276,0.7143777012825012,0.48005977272987366,-0.06829898059368134,0.7175001502037048,0.4126221537590027,-0.08862105756998062,0.7073900699615479,0.3521593511104584,-0.10662547498941422,0.6914021968841553,0.29640084505081177,-0.12321467697620392,0.0,0.0,0.0,0.0,0.0,0.0,0.0,0.0,0.0,0.0,0.0,0.0,0.0,0.0,0.0,0.0,0.0,0.0,0.0,0.0,0.0,0.0,0.0,0.0,0.0,0.0,0.0,0.0,0.0,0.0,0.0,0.0,0.0,0.0,0.0,0.0,0.0,0.0,0.0,0.0,0.0,0.0,0.0,0.0,0.0,0.0,0.0,0.0,0.0,0.0,0.0,0.0,0.0,0.0,0.0,0.0,0.0,0.0,0.0,0.0,0.0,0.0,0.0
58,0.7076202034950256,0.6861233711242676,-5.64366359867563e-07,0.6550623774528503,0.5868736505508423,0.03325848653912544,0.6525636911392212,0.4816949963569641,0.03799783065915108,0.6596699953079224,0.4209543764591217,0.031627923250198364,0.6612746715545654,0.36640697717666626,0.02277473174035549,0.6788391470909119,0.4220138490200043,0.02052343264222145,0.6140800714492798,0.3412156105041504,0.0012928855139762163,0.5595899224281311,0.33060866594314575,-0.016668114811182022,0.520923376083374,0.3251893222332001,-0.030577179044485092,0.6925857067108154,0.42023706436157227,-0.014424684457480907,0.6273030042648315,0.32517409324645996,-0.03796163573861122,0.5777117013931274,0.29194167256355286,-0.05652356892824173,0.5420390963554382,0.2714976668357849,-0.0695742592215538,0.7046326398849487,0.44274845719337463,-0.04970403388142586,0.673549234867096,0.3202630281448364,-0.07069682329893112,0.6463753581047058,0.24062642455101013,-0.09212192893028259,0.6264320611953735,0.17626529932022095,-0.11057760566473007,0.7138461470603943,0.47850802540779114,-0.08176902681589127,0.7189580202102661,0.4091099500656128,-0.10564020276069641,0.7069997787475586,0.34753239154815674,-0.12465690821409225,0.6905660033226013,0.29039251804351807,-0.14128349721431732,0.0,0.0,0.0,0.0,0.0,0.0,0.0,0.0,0.0,0.0,0.0,0.0,0.0,0.0,0.0,0.0,0.0,0.0,0.0,0.0,0.0,0.0,0.0,0.0,0.0,0.0,0.0,0.0,0.0,0.0,0.0,0.0,0.0,0.0,0.0,0.0,0.0,0.0,0.0,0.0,0.0,0.0,0.0,0.0,0.0,0.0,0.0,0.0,0.0,0.0,0.0,0.0,0.0,0.0,0.0,0.0,0.0,0.0,0.0,0.0,0.0,0.0,0.0
59,0.7045674324035645,0.6880083084106445,-7.727007300672994e-07,0.6625561118125916,0.5896966457366943,0.03943465277552605,0.6616976857185364,0.48705121874809265,0.04253677651286125,0.6685338020324707,0.4294869303703308,0.03303489834070206,0.664749026298523,0.3755418360233307,0.02022724039852619,0.6978349685668945,0.41876929998397827,0.02260211668908596,0.609605073928833,0.3628065884113312,0.007188922725617886,0.5529024004936218,0.38661327958106995,-0.008792079985141754,0.5143061876296997,0.4046618938446045,-0.020703496411442757,0.7111188769340515,0.4135294556617737,-0.012916259467601776,0.6126336455345154,0.3492676913738251,-0.03336549550294876,0.5592471957206726,0.3483286499977112,-0.047730013728141785,0.5235233902931213,0.3537578582763672,-0.056762006133794785,0.7178053855895996,0.4366261661052704,-0.04728895053267479,0.6587303876876831,0.3235703706741333,-0.061361540108919144,0.6236534714698792,0.254392147064209,-0.07449430227279663,0.5985183119773865,0.19963839650154114,-0.08737058192491531,0.7157255411148071,0.4719557464122772,-0.077999047935009,0.7126041650772095,0.40532544255256653,-0.09376519918441772,0.701869785785675,0.34316131472587585,-0.10512775927782059,0.68598872423172,0.28322768211364746,-0.11576936393976212,0.0,0.0,0.0,0.0,0.0,0.0,0.0,0.0,0.0,0.0,0.0,0.0,0.0,0.0,0.0,0.0,0.0,0.0,0.0,0.0,0.0,0.0,0.0,0.0,0.0,0.0,0.0,0.0,0.0,0.0,0.0,0.0,0.0,0.0,0.0,0.0,0.0,0.0,0.0,0.0,0.0,0.0,0.0,0.0,0.0,0.0,0.0,0.0,0.0,0.0,0.0,0.0,0.0,0.0,0.0,0.0,0.0,0.0,0.0,0.0,0.0,0.0,0.0
60,0.7072892189025879,0.6790260076522827,-4.033643961065536e-07,0.6679235696792603,0.5879606008529663,0.024136248975992203,0.6740613579750061,0.49221038818359375,0.026320848613977432,0.6911159157752991,0.43138644099235535,0.020500531420111656,0.7002978920936584,0.3783837854862213,0.012892873026430607,0.6900715231895447,0.42065221071243286,0.009800042025744915,0.6129063367843628,0.34194839000701904,-0.006941588129848242,0.5544919967651367,0.3301699161529541,-0.021624905988574028,0.5131726861000061,0.32410728931427,-0.032362036406993866,0.7014936208724976,0.4149343967437744,-0.015642909333109856,0.6284083127975464,0.3166848421096802,-0.029917409643530846,0.5848498344421387,0.27045679092407227,-0.04246030002832413,0.5502544641494751,0.23490484058856964,-0.054344069212675095,0.7082080841064453,0.4354757070541382,-0.04119899868965149,0.6580696702003479,0.3197123408317566,-0.05801596865057945,0.6211626529693604,0.253129243850708,-0.07422605156898499,0.5915229916572571,0.20169055461883545,-0.08958146721124649,0.7089041471481323,0.4678286015987396,-0.0642583817243576,0.7062945365905762,0.4003143310546875,-0.08617109060287476,0.6974977850914001,0.34139981865882874,-0.1035957932472229,0.6830899715423584,0.2874338626861572,-0.11887945979833603,0.0,0.0,0.0,0.0,0.0,0.0,0.0,0.0,0.0,0.0,0.0,0.0,0.0,0.0,0.0,0.0,0.0,0.0,0.0,0.0,0.0,0.0,0.0,0.0,0.0,0.0,0.0,0.0,0.0,0.0,0.0,0.0,0.0,0.0,0.0,0.0,0.0,0.0,0.0,0.0,0.0,0.0,0.0,0.0,0.0,0.0,0.0,0.0,0.0,0.0,0.0,0.0,0.0,0.0,0.0,0.0,0.0,0.0,0.0,0.0,0.0,0.0,0.0
61,0.709078848361969,0.6701291799545288,-6.948366149117646e-07,0.6655905246734619,0.5723464488983154,0.033412620425224304,0.6691865921020508,0.4729304313659668,0.03711441904306412,0.68414306640625,0.41179654002189636,0.02996492013335228,0.6870959401130676,0.3532112240791321,0.019764523953199387,0.6947324275970459,0.4076851010322571,0.01404640544205904,0.6092919111251831,0.3503858745098114,-0.004117390140891075,0.5497357845306396,0.3814076781272888,-0.020903827622532845,0.5134145617485046,0.4122331738471985,-0.0326407328248024,0.7069800496101379,0.4059487581253052,-0.017985301092267036,0.621150016784668,0.3285400867462158,-0.034924641251564026,0.5723380446434021,0.3044911026954651,-0.046751342713832855,0.5385796427726746,0.28991979360580444,-0.05653593689203262,0.71437668800354,0.4315320551395416,-0.049851592630147934,0.6595892310142517,0.314971387386322,-0.06578286737203598,0.6258028745651245,0.2438138872385025,-0.07885408401489258,0.6028504967689514,0.1886293888092041,-0.09216941893100739,0.714495837688446,0.4686240255832672,-0.07854703068733215,0.7095811367034912,0.3999461531639099,-0.09930653125047684,0.6986321210861206,0.33758917450904846,-0.11356958001852036,0.6830443739891052,0.2797923982143402,-0.12640230357646942,0.0,0.0,0.0,0.0,0.0,0.0,0.0,0.0,0.0,0.0,0.0,0.0,0.0,0.0,0.0,0.0,0.0,0.0,0.0,0.0,0.0,0.0,0.0,0.0,0.0,0.0,0.0,0.0,0.0,0.0,0.0,0.0,0.0,0.0,0.0,0.0,0.0,0.0,0.0,0.0,0.0,0.0,0.0,0.0,0.0,0.0,0.0,0.0,0.0,0.0,0.0,0.0,0.0,0.0,0.0,0.0,0.0,0.0,0.0,0.0,0.0,0.0,0.0
62,0.7077063322067261,0.6626200675964355,-5.068970381216786e-07,0.6658461093902588,0.5688634514808655,0.030129190534353256,0.6676145792007446,0.46844184398651123,0.035424038767814636,0.6780974268913269,0.4088243842124939,0.03180254250764847,0.6803386211395264,0.3574623167514801,0.02593877725303173,0.7015476226806641,0.39928188920021057,0.01014857366681099,0.6363856196403503,0.3207728862762451,-0.0005087597528472543,0.589726448059082,0.302910178899765,-0.007978765293955803,0.5616185069084167,0.2875322103500366,-0.015949182212352753,0.7112278342247009,0.4010786712169647,-0.019187329337000847,0.6230009198188782,0.3304312825202942,-0.03751986101269722,0.5726156830787659,0.30683571100234985,-0.045461904257535934,0.5388338565826416,0.2893907427787781,-0.05192849040031433,0.7156848311424255,0.4277177155017853,-0.04801316186785698,0.6526386141777039,0.3263014554977417,-0.06654973328113556,0.6145264506340027,0.2609342038631439,-0.07796565443277359,0.588880181312561,0.20728546380996704,-0.08971784263849258,0.7124468684196472,0.4639098644256592,-0.07399549335241318,0.7080130577087402,0.39849889278411865,-0.09854407608509064,0.696217954158783,0.3396340012550354,-0.11605417728424072,0.68207186460495,0.28318309783935547,-0.13074804842472076,0.0,0.0,0.0,0.0,0.0,0.0,0.0,0.0,0.0,0.0,0.0,0.0,0.0,0.0,0.0,0.0,0.0,0.0,0.0,0.0,0.0,0.0,0.0,0.0,0.0,0.0,0.0,0.0,0.0,0.0,0.0,0.0,0.0,0.0,0.0,0.0,0.0,0.0,0.0,0.0,0.0,0.0,0.0,0.0,0.0,0.0,0.0,0.0,0.0,0.0,0.0,0.0,0.0,0.0,0.0,0.0,0.0,0.0,0.0,0.0,0.0,0.0,0.0
63,0.7113972306251526,0.6700278520584106,-4.5844200258216006e-07,0.6568415760993958,0.575767993927002,0.025566821917891502,0.655005156993866,0.4756360352039337,0.027541901916265488,0.6625502109527588,0.41530388593673706,0.02027345448732376,0.6611945629119873,0.363633394241333,0.010801276192069054,0.6896870732307434,0.4155881702899933,0.012326517142355442,0.622971773147583,0.3382413983345032,-0.004218568559736013,0.5702617764472961,0.32976919412612915,-0.01969127543270588,0.5339474678039551,0.32353675365448,-0.03231107071042061,0.7027173042297363,0.41240519285202026,-0.016651267185807228,0.6264604330062866,0.32632917165756226,-0.03522750362753868,0.577761709690094,0.2895420789718628,-0.04907099902629852,0.5415138602256775,0.26072943210601807,-0.060806918889284134,0.7114905714988708,0.43514081835746765,-0.04603637754917145,0.6609576940536499,0.3224445879459381,-0.06466630101203918,0.6242755651473999,0.2528783082962036,-0.07967324554920197,0.5973086953163147,0.1963992714881897,-0.0939587727189064,0.7132468223571777,0.4697384238243103,-0.07331743091344833,0.7094346284866333,0.4011722505092621,-0.0955737978219986,0.695751965045929,0.3388335704803467,-0.11181310564279556,0.6786529421806335,0.28069353103637695,-0.12627530097961426,0.0,0.0,0.0,0.0,0.0,0.0,0.0,0.0,0.0,0.0,0.0,0.0,0.0,0.0,0.0,0.0,0.0,0.0,0.0,0.0,0.0,0.0,0.0,0.0,0.0,0.0,0.0,0.0,0.0,0.0,0.0,0.0,0.0,0.0,0.0,0.0,0.0,0.0,0.0,0.0,0.0,0.0,0.0,0.0,0.0,0.0,0.0,0.0,0.0,0.0,0.0,0.0,0.0,0.0,0.0,0.0,0.0,0.0,0.0,0.0,0.0,0.0,0.0
64,0.7095490097999573,0.6630433797836304,-4.0590495586911857e-07,0.6589444875717163,0.5741747617721558,0.023125628009438515,0.6623203754425049,0.4729039669036865,0.026793623343110085,0.6804652214050293,0.4131923317909241,0.022153230383992195,0.6886856555938721,0.36094292998313904,0.015226717106997967,0.6809012293815613,0.41107577085494995,0.01388776395469904,0.6123718023300171,0.3369652330875397,-0.00407183263450861,0.5533148646354675,0.32293790578842163,-0.020775476470589638,0.5097743272781372,0.31623443961143494,-0.03326980397105217,0.6953678727149963,0.4056070148944855,-0.012610914185643196,0.624618411064148,0.3181452751159668,-0.030051616951823235,0.5782881379127502,0.2768416404724121,-0.046325623989105225,0.5433540940284729,0.24337486922740936,-0.05985615402460098,0.706183671951294,0.4268636405467987,-0.03987528756260872,0.6566994190216064,0.3167140781879425,-0.05897053703665733,0.6218254566192627,0.2472383826971054,-0.07810266315937042,0.595730185508728,0.18965724110603333,-0.09502599388360977,0.711596667766571,0.46040216088294983,-0.06493104994297028,0.7057464718818665,0.3918023407459259,-0.08864405006170273,0.6941305994987488,0.3325824737548828,-0.10732779651880264,0.6796040534973145,0.2765032649040222,-0.12351085245609283,0.0,0.0,0.0,0.0,0.0,0.0,0.0,0.0,0.0,0.0,0.0,0.0,0.0,0.0,0.0,0.0,0.0,0.0,0.0,0.0,0.0,0.0,0.0,0.0,0.0,0.0,0.0,0.0,0.0,0.0,0.0,0.0,0.0,0.0,0.0,0.0,0.0,0.0,0.0,0.0,0.0,0.0,0.0,0.0,0.0,0.0,0.0,0.0,0.0,0.0,0.0,0.0,0.0,0.0,0.0,0.0,0.0,0.0,0.0,0.0,0.0,0.0,0.0
65,0.7089535593986511,0.6625563502311707,-7.308956355700502e-07,0.6572254300117493,0.57203209400177,0.03769862651824951,0.6525720357894897,0.47042253613471985,0.039969660341739655,0.6597003936767578,0.4146847128868103,0.030481623485684395,0.6574320197105408,0.3590778410434723,0.01788647286593914,0.6889858245849609,0.40288108587265015,0.016583917662501335,0.6207445859909058,0.3120661973953247,0.003799890400841832,0.5733363628387451,0.29866406321525574,-0.005976387299597263,0.5430253148078918,0.2929583787918091,-0.015675652772188187,0.7035706639289856,0.4077444076538086,-0.01944938488304615,0.6036900281906128,0.35907843708992004,-0.05405991151928902,0.5424095392227173,0.39291080832481384,-0.06907336413860321,0.5060043334960938,0.4335242509841919,-0.0746682733297348,0.7111510634422302,0.43366312980651855,-0.05449868366122246,0.6520726680755615,0.3267754316329956,-0.07609947770833969,0.6131109595298767,0.260001003742218,-0.08905140310525894,0.5878575444221497,0.209311380982399,-0.10121380537748337,0.7094801068305969,0.46700385212898254,-0.08585261553525925,0.7043516039848328,0.3980247974395752,-0.10786627978086472,0.6905645728111267,0.33564063906669617,-0.12322089821100235,0.6751794219017029,0.27369093894958496,-0.13680337369441986,0.0,0.0,0.0,0.0,0.0,0.0,0.0,0.0,0.0,0.0,0.0,0.0,0.0,0.0,0.0,0.0,0.0,0.0,0.0,0.0,0.0,0.0,0.0,0.0,0.0,0.0,0.0,0.0,0.0,0.0,0.0,0.0,0.0,0.0,0.0,0.0,0.0,0.0,0.0,0.0,0.0,0.0,0.0,0.0,0.0,0.0,0.0,0.0,0.0,0.0,0.0,0.0,0.0,0.0,0.0,0.0,0.0,0.0,0.0,0.0,0.0,0.0,0.0
66,0.6998507380485535,0.6695764064788818,-6.181606408972584e-07,0.6497176289558411,0.5757676362991333,0.027378583326935768,0.65006023645401,0.46996352076530457,0.030791189521551132,0.6634641289710999,0.4033666253089905,0.024356093257665634,0.665046215057373,0.3434751033782959,0.015409666113555431,0.6748141050338745,0.4144871234893799,0.0161492507904768,0.6024633646011353,0.34088099002838135,-0.0022332160733640194,0.5459479093551636,0.34462714195251465,-0.01957269012928009,0.5072195529937744,0.3549768924713135,-0.03242361918091774,0.6904433965682983,0.4082646369934082,-0.014137407764792442,0.6135182976722717,0.32420629262924194,-0.03526722639799118,0.5577064156532288,0.3016684055328369,-0.05252442881464958,0.5162255167961121,0.29022252559661865,-0.06490598618984222,0.7023488879203796,0.4293205738067627,-0.0448712557554245,0.6582186222076416,0.31399834156036377,-0.0631997361779213,0.6241664886474609,0.24292351305484772,-0.08118143677711487,0.5989589691162109,0.1865566074848175,-0.09750808775424957,0.7079706788063049,0.4637407064437866,-0.07313056290149689,0.7086111307144165,0.39526692032814026,-0.0939330905675888,0.6967625617980957,0.33411580324172974,-0.1103404089808464,0.6806455254554749,0.27700749039649963,-0.12530803680419922,0.0,0.0,0.0,0.0,0.0,0.0,0.0,0.0,0.0,0.0,0.0,0.0,0.0,0.0,0.0,0.0,0.0,0.0,0.0,0.0,0.0,0.0,0.0,0.0,0.0,0.0,0.0,0.0,0.0,0.0,0.0,0.0,0.0,0.0,0.0,0.0,0.0,0.0,0.0,0.0,0.0,0.0,0.0,0.0,0.0,0.0,0.0,0.0,0.0,0.0,0.0,0.0,0.0,0.0,0.0,0.0,0.0,0.0,0.0,0.0,0.0,0.0,0.0
67,0.7067018151283264,0.6625168919563293,-3.894907365520339e-07,0.6843843460083008,0.5759620666503906,0.030284103006124496,0.694328784942627,0.47788557410240173,0.028690852224826813,0.7130071520805359,0.42416879534721375,0.016556190326809883,0.7263761162757874,0.37128669023513794,0.0012937808642163873,0.6962567567825317,0.4039618968963623,0.007697302382439375,0.6455035209655762,0.297651082277298,-0.002340822946280241,0.6057466864585876,0.2487509548664093,-0.008326389826834202,0.5758136510848999,0.20026755332946777,-0.01754910685122013,0.6999261379241943,0.4101565182209015,-0.02557959035038948,0.6097400784492493,0.35335230827331543,-0.05822094529867172,0.5556342005729675,0.36219945549964905,-0.07069338113069534,0.5220649242401123,0.3760598301887512,-0.0766315683722496,0.6990838646888733,0.4371858537197113,-0.05795088782906532,0.6377692818641663,0.33178362250328064,-0.0799715667963028,0.5965993404388428,0.26208314299583435,-0.09072243422269821,0.5670661926269531,0.2068425416946411,-0.10233147442340851,0.6945056915283203,0.4709677994251251,-0.08769293129444122,0.690942108631134,0.39946043491363525,-0.1104426234960556,0.6802911758422852,0.33472803235054016,-0.12614473700523376,0.6661311984062195,0.27079710364341736,-0.14068952202796936,0.0,0.0,0.0,0.0,0.0,0.0,0.0,0.0,0.0,0.0,0.0,0.0,0.0,0.0,0.0,0.0,0.0,0.0,0.0,0.0,0.0,0.0,0.0,0.0,0.0,0.0,0.0,0.0,0.0,0.0,0.0,0.0,0.0,0.0,0.0,0.0,0.0,0.0,0.0,0.0,0.0,0.0,0.0,0.0,0.0,0.0,0.0,0.0,0.0,0.0,0.0,0.0,0.0,0.0,0.0,0.0,0.0,0.0,0.0,0.0,0.0,0.0,0.0
68,0.7049648761749268,0.6627461314201355,-2.488107497811143e-07,0.6534362435340881,0.5799421072006226,0.024297336116433144,0.6535146236419678,0.4799247086048126,0.027110205963253975,0.6707196831703186,0.42510300874710083,0.02047913894057274,0.6859616041183472,0.3770650029182434,0.011851433664560318,0.6768051385879517,0.40901440382003784,0.016939951106905937,0.6376309990882874,0.30798059701919556,0.007012331858277321,0.6069575548171997,0.25015294551849365,-0.001849975436925888,0.5830944180488586,0.19470620155334473,-0.012379647232592106,0.6896204948425293,0.40504294633865356,-0.011605336330831051,0.6162890791893005,0.3204672336578369,-0.03194129839539528,0.5677839517593384,0.28010404109954834,-0.044587984681129456,0.533236026763916,0.24850903451442719,-0.05412657931447029,0.7004823088645935,0.4225069582462311,-0.040760498493909836,0.6494218111038208,0.31150782108306885,-0.06019856780767441,0.6164333820343018,0.23878180980682373,-0.07327044010162354,0.5921628475189209,0.17733949422836304,-0.08572341501712799,0.7080720663070679,0.4503667652606964,-0.06831321865320206,0.7037342190742493,0.37911880016326904,-0.09053505957126617,0.6896818280220032,0.321008563041687,-0.10552539676427841,0.6732233762741089,0.2664363384246826,-0.11875282227993011,0.0,0.0,0.0,0.0,0.0,0.0,0.0,0.0,0.0,0.0,0.0,0.0,0.0,0.0,0.0,0.0,0.0,0.0,0.0,0.0,0.0,0.0,0.0,0.0,0.0,0.0,0.0,0.0,0.0,0.0,0.0,0.0,0.0,0.0,0.0,0.0,0.0,0.0,0.0,0.0,0.0,0.0,0.0,0.0,0.0,0.0,0.0,0.0,0.0,0.0,0.0,0.0,0.0,0.0,0.0,0.0,0.0,0.0,0.0,0.0,0.0,0.0,0.0
69,0.6967337131500244,0.6576036214828491,-1.9797660399945016e-07,0.6398791074752808,0.5632330775260925,0.029813937842845917,0.6352968215942383,0.4671650230884552,0.03459157794713974,0.6409128308296204,0.41115134954452515,0.02899026870727539,0.6404079794883728,0.3584632873535156,0.021975737065076828,0.6710189580917358,0.4018714725971222,0.021688353270292282,0.6065376996994019,0.3375565707683563,0.0066442727111279964,0.554396390914917,0.34875917434692383,-0.008751044981181622,0.5232943892478943,0.36284375190734863,-0.020755784586071968,0.6874492168426514,0.3933778405189514,-0.008227210491895676,0.63746577501297,0.2928398847579956,-0.016738681122660637,0.6080037355422974,0.22559867799282074,-0.027734830975532532,0.5875412821769714,0.16921907663345337,-0.0414893738925457,0.6996860504150391,0.41501539945602417,-0.039121948182582855,0.6531327962875366,0.3034168481826782,-0.053762421011924744,0.6114510893821716,0.23803842067718506,-0.0680280476808548,0.5803484320640564,0.18747371435165405,-0.0833880677819252,0.7067136764526367,0.44927164912223816,-0.06781087815761566,0.7013049125671387,0.3729463815689087,-0.09047769755125046,0.6874339580535889,0.3098641037940979,-0.10706498473882675,0.6683921217918396,0.2535000443458557,-0.12250553071498871,0.0,0.0,0.0,0.0,0.0,0.0,0.0,0.0,0.0,0.0,0.0,0.0,0.0,0.0,0.0,0.0,0.0,0.0,0.0,0.0,0.0,0.0,0.0,0.0,0.0,0.0,0.0,0.0,0.0,0.0,0.0,0.0,0.0,0.0,0.0,0.0,0.0,0.0,0.0,0.0,0.0,0.0,0.0,0.0,0.0,0.0,0.0,0.0,0.0,0.0,0.0,0.0,0.0,0.0,0.0,0.0,0.0,0.0,0.0,0.0,0.0,0.0,0.0
70,0.698190450668335,0.6626495122909546,-8.05049637619959e-07,0.6521186232566833,0.5764052867889404,0.040347449481487274,0.6514865159988403,0.4720362722873688,0.043889474123716354,0.6657983660697937,0.42006030678749084,0.034664422273635864,0.6722667217254639,0.3710888624191284,0.021446865051984787,0.6798670291900635,0.3923746347427368,0.025639522820711136,0.6131154298782349,0.3123941719532013,0.017060495913028717,0.5680045485496521,0.30015629529953003,0.006761218886822462,0.5366935133934021,0.2830246686935425,-0.005782771855592728,0.6960141658782959,0.39385515451431274,-0.01221685390919447,0.5967550277709961,0.3477427065372467,-0.046371493488550186,0.5400102138519287,0.3805523216724396,-0.0642852708697319,0.5066128969192505,0.4179162085056305,-0.07212016731500626,0.7045800685882568,0.41749924421310425,-0.04887338727712631,0.6445345878601074,0.3069281578063965,-0.07169800251722336,0.6069976687431335,0.23399393260478973,-0.08842317014932632,0.5817166566848755,0.17736726999282837,-0.1028883159160614,0.705349862575531,0.44954830408096313,-0.08147114515304565,0.6981359720230103,0.37768450379371643,-0.10329268127679825,0.6842352151870728,0.3162645697593689,-0.11880587041378021,0.6681548953056335,0.2558463215827942,-0.13277830183506012,0.0,0.0,0.0,0.0,0.0,0.0,0.0,0.0,0.0,0.0,0.0,0.0,0.0,0.0,0.0,0.0,0.0,0.0,0.0,0.0,0.0,0.0,0.0,0.0,0.0,0.0,0.0,0.0,0.0,0.0,0.0,0.0,0.0,0.0,0.0,0.0,0.0,0.0,0.0,0.0,0.0,0.0,0.0,0.0,0.0,0.0,0.0,0.0,0.0,0.0,0.0,0.0,0.0,0.0,0.0,0.0,0.0,0.0,0.0,0.0,0.0,0.0,0.0
71,0.6995963454246521,0.6493345499038696,-1.6879394593161123e-07,0.6582740545272827,0.5597100853919983,0.028851771727204323,0.6623250246047974,0.4622863531112671,0.03454526886343956,0.6741220355033875,0.4023551046848297,0.03161775693297386,0.6789359450340271,0.3486657440662384,0.02704569697380066,0.6823054552078247,0.39145538210868835,0.012877828441560268,0.6225032210350037,0.31646251678466797,0.003729583928361535,0.5730842351913452,0.28977248072624207,-0.003540548961609602,0.5403380990028381,0.26460230350494385,-0.012009627185761929,0.6916221380233765,0.38661324977874756,-0.015637656673789024,0.6323559284210205,0.29188311100006104,-0.028067460283637047,0.5995063185691833,0.22613297402858734,-0.03781672567129135,0.5752286314964294,0.1705108880996704,-0.04896458983421326,0.6972932815551758,0.40842679142951965,-0.04367699474096298,0.6419726014137268,0.3035082221031189,-0.06267523765563965,0.5996223092079163,0.23799994587898254,-0.07868923246860504,0.5689629912376404,0.18574115633964539,-0.09373615682125092,0.6992411017417908,0.44248294830322266,-0.06881175935268402,0.6936808228492737,0.37159791588783264,-0.09468330442905426,0.6817033290863037,0.3116535544395447,-0.11448431760072708,0.6666820645332336,0.25724613666534424,-0.13157744705677032,0.0,0.0,0.0,0.0,0.0,0.0,0.0,0.0,0.0,0.0,0.0,0.0,0.0,0.0,0.0,0.0,0.0,0.0,0.0,0.0,0.0,0.0,0.0,0.0,0.0,0.0,0.0,0.0,0.0,0.0,0.0,0.0,0.0,0.0,0.0,0.0,0.0,0.0,0.0,0.0,0.0,0.0,0.0,0.0,0.0,0.0,0.0,0.0,0.0,0.0,0.0,0.0,0.0,0.0,0.0,0.0,0.0,0.0,0.0,0.0,0.0,0.0,0.0
72,0.703865110874176,0.6485633850097656,-2.7458008844405413e-07,0.6472196578979492,0.5628067255020142,0.02202775329351425,0.643876850605011,0.4614033102989197,0.02302832342684269,0.6566181182861328,0.3974017798900604,0.01502370834350586,0.6604883670806885,0.3406027555465698,0.005377898458391428,0.6624378561973572,0.39831945300102234,0.00979449599981308,0.5951461791992188,0.3269972503185272,-0.008050689473748207,0.5409709215164185,0.3287366032600403,-0.02519516833126545,0.503719687461853,0.33597588539123535,-0.038420047610998154,0.6786559820175171,0.38930264115333557,-0.016892343759536743,0.6172938942909241,0.2946132719516754,-0.0293258149176836,0.5813608169555664,0.2359863817691803,-0.04383207857608795,0.5543519258499146,0.18661119043827057,-0.06000163406133652,0.6944059133529663,0.40820980072021484,-0.04471529647707939,0.6482580304145813,0.2998936176300049,-0.06174757331609726,0.6095451712608337,0.23331664502620697,-0.08039984852075577,0.5794394612312317,0.18121114373207092,-0.09911379218101501,0.7078325152397156,0.440970242023468,-0.07074394822120667,0.7087398171424866,0.36952173709869385,-0.09184090793132782,0.697611391544342,0.30888938903808594,-0.10980347543954849,0.6798164248466492,0.2547377943992615,-0.12743563950061798,0.0,0.0,0.0,0.0,0.0,0.0,0.0,0.0,0.0,0.0,0.0,0.0,0.0,0.0,0.0,0.0,0.0,0.0,0.0,0.0,0.0,0.0,0.0,0.0,0.0,0.0,0.0,0.0,0.0,0.0,0.0,0.0,0.0,0.0,0.0,0.0,0.0,0.0,0.0,0.0,0.0,0.0,0.0,0.0,0.0,0.0,0.0,0.0,0.0,0.0,0.0,0.0,0.0,0.0,0.0,0.0,0.0,0.0,0.0,0.0,0.0,0.0,0.0
73,0.6975849270820618,0.6574814319610596,-2.3246973057666764e-07,0.6408140659332275,0.569977879524231,0.025072705000638962,0.6339263319969177,0.4680818021297455,0.030123921111226082,0.6393352746963501,0.4068284332752228,0.025922680273652077,0.6401123404502869,0.35441944003105164,0.019810540601611137,0.6647241115570068,0.40560510754585266,0.017334552481770515,0.5952968001365662,0.3397442102432251,-0.000998560804873705,0.5397948622703552,0.3334815204143524,-0.01902487315237522,0.4995487630367279,0.33264151215553284,-0.032295435667037964,0.6829729676246643,0.3932439088821411,-0.010756129398941994,0.6346277594566345,0.28921395540237427,-0.0226626917719841,0.6010816693305969,0.22562067210674286,-0.03722434118390083,0.573373556137085,0.1719086766242981,-0.051663368940353394,0.6981728076934814,0.4097978472709656,-0.03995709866285324,0.6596304178237915,0.2904595136642456,-0.05835272744297981,0.6256338953971863,0.21870741248130798,-0.07844148576259613,0.5978592038154602,0.15931415557861328,-0.09656845778226852,0.7093167304992676,0.44046908617019653,-0.0668485015630722,0.7105357646942139,0.3693910837173462,-0.09102095663547516,0.6965786814689636,0.30842435359954834,-0.10984159260988235,0.6760022640228271,0.25270789861679077,-0.12633828818798065,0.0,0.0,0.0,0.0,0.0,0.0,0.0,0.0,0.0,0.0,0.0,0.0,0.0,0.0,0.0,0.0,0.0,0.0,0.0,0.0,0.0,0.0,0.0,0.0,0.0,0.0,0.0,0.0,0.0,0.0,0.0,0.0,0.0,0.0,0.0,0.0,0.0,0.0,0.0,0.0,0.0,0.0,0.0,0.0,0.0,0.0,0.0,0.0,0.0,0.0,0.0,0.0,0.0,0.0,0.0,0.0,0.0,0.0,0.0,0.0,0.0,0.0,0.0
74,0.710642397403717,0.6550836563110352,-1.40581320806632e-07,0.650227427482605,0.5692750215530396,0.01992535963654518,0.6456353664398193,0.47032079100608826,0.020162392407655716,0.6586485505104065,0.4053276777267456,0.012966902926564217,0.6642902493476868,0.3495411276817322,0.004256723914295435,0.672315776348114,0.406574547290802,0.0007163058035075665,0.5980258584022522,0.33635568618774414,-0.021340005099773407,0.5423097610473633,0.32661759853363037,-0.04013271629810333,0.5022850632667542,0.32173773646354675,-0.05378852039575577,0.6898386478424072,0.3987061083316803,-0.024496614933013916,0.6400982141494751,0.2833745777606964,-0.03994133695960045,0.609265923500061,0.21490125358104706,-0.05439021438360214,0.5851048231124878,0.15836259722709656,-0.06981103122234344,0.7012486457824707,0.41799041628837585,-0.05037231370806694,0.6589310765266418,0.2936154901981354,-0.07050104439258575,0.6222918033599854,0.2254350334405899,-0.08962949365377426,0.5936829447746277,0.1719236969947815,-0.10774009674787521,0.7069870233535767,0.44885337352752686,-0.07423249632120132,0.7098627090454102,0.3731587827205658,-0.10021695494651794,0.6987364888191223,0.3108513355255127,-0.12125222384929657,0.6808099150657654,0.25425565242767334,-0.1401788592338562,0.0,0.0,0.0,0.0,0.0,0.0,0.0,0.0,0.0,0.0,0.0,0.0,0.0,0.0,0.0,0.0,0.0,0.0,0.0,0.0,0.0,0.0,0.0,0.0,0.0,0.0,0.0,0.0,0.0,0.0,0.0,0.0,0.0,0.0,0.0,0.0,0.0,0.0,0.0,0.0,0.0,0.0,0.0,0.0,0.0,0.0,0.0,0.0,0.0,0.0,0.0,0.0,0.0,0.0,0.0,0.0,0.0,0.0,0.0,0.0,0.0,0.0,0.0
75,0.6925544738769531,0.6609183549880981,-1.553783874896908e-07,0.6349468231201172,0.5632622838020325,0.024491947144269943,0.634519636631012,0.4579888880252838,0.027510961517691612,0.645908534526825,0.39256584644317627,0.021453486755490303,0.6470703482627869,0.33742448687553406,0.013546151109039783,0.6658176779747009,0.4013087749481201,0.013293124735355377,0.5925227403640747,0.3351116180419922,-0.005959227681159973,0.5375825762748718,0.3222144544124603,-0.02391946315765381,0.4974895119667053,0.3121173083782196,-0.03791046515107155,0.6841982007026672,0.39391112327575684,-0.015132062137126923,0.6311478614807129,0.2861752212047577,-0.02993762120604515,0.5979638695716858,0.2188120186328888,-0.04619891941547394,0.5709174871444702,0.1607062816619873,-0.06290727853775024,0.6975424289703369,0.41454169154167175,-0.04453447088599205,0.6542404890060425,0.2931859493255615,-0.06547035276889801,0.6156952381134033,0.22681587934494019,-0.08562583476305008,0.5850516557693481,0.17333930730819702,-0.10401231050491333,0.7045469284057617,0.44774129986763,-0.07167314738035202,0.706725537776947,0.3711070418357849,-0.09821285307407379,0.6959401965141296,0.3081784248352051,-0.11928612738847733,0.678540050983429,0.25020331144332886,-0.13792359828948975,0.0,0.0,0.0,0.0,0.0,0.0,0.0,0.0,0.0,0.0,0.0,0.0,0.0,0.0,0.0,0.0,0.0,0.0,0.0,0.0,0.0,0.0,0.0,0.0,0.0,0.0,0.0,0.0,0.0,0.0,0.0,0.0,0.0,0.0,0.0,0.0,0.0,0.0,0.0,0.0,0.0,0.0,0.0,0.0,0.0,0.0,0.0,0.0,0.0,0.0,0.0,0.0,0.0,0.0,0.0,0.0,0.0,0.0,0.0,0.0,0.0,0.0,0.0
76,0.6729324460029602,0.6722161769866943,-6.487415475930902e-07,0.6251599788665771,0.5744329690933228,0.03527214378118515,0.6311551332473755,0.465972900390625,0.04134330525994301,0.6466934680938721,0.40915995836257935,0.03602629527449608,0.6557400822639465,0.35603460669517517,0.027720192447304726,0.6605880856513977,0.39232271909713745,0.023027833551168442,0.5920548439025879,0.32223114371299744,0.005528612993657589,0.5347416996955872,0.3180321753025055,-0.011295954696834087,0.4962628185749054,0.3205781579017639,-0.02454196847975254,0.6746879816055298,0.39333274960517883,-0.011584174819290638,0.5952385067939758,0.31488969922065735,-0.03470810875296593,0.5418671369552612,0.28940415382385254,-0.054088231176137924,0.5051344633102417,0.27149659395217896,-0.06821464747190475,0.6862961053848267,0.41865718364715576,-0.04609580710530281,0.634343683719635,0.30153799057006836,-0.06980569660663605,0.5940138697624207,0.22977302968502045,-0.09223475307226181,0.56495201587677,0.17375752329826355,-0.11057969182729721,0.6928171515464783,0.4540524184703827,-0.07683955132961273,0.6966531872749329,0.37500110268592834,-0.10315985232591629,0.6862061619758606,0.3112437129020691,-0.12389861792325974,0.671469509601593,0.2524620294570923,-0.14124257862567902,0.0,0.0,0.0,0.0,0.0,0.0,0.0,0.0,0.0,0.0,0.0,0.0,0.0,0.0,0.0,0.0,0.0,0.0,0.0,0.0,0.0,0.0,0.0,0.0,0.0,0.0,0.0,0.0,0.0,0.0,0.0,0.0,0.0,0.0,0.0,0.0,0.0,0.0,0.0,0.0,0.0,0.0,0.0,0.0,0.0,0.0,0.0,0.0,0.0,0.0,0.0,0.0,0.0,0.0,0.0,0.0,0.0,0.0,0.0,0.0,0.0,0.0,0.0
77,0.6570845246315002,0.6705063581466675,-1.8687282477003464e-07,0.6059401631355286,0.5744328498840332,0.0209026075899601,0.6111094951629639,0.468067467212677,0.02374788373708725,0.6205282211303711,0.4031343162059784,0.017707692459225655,0.6215779781341553,0.348086416721344,0.00985167920589447,0.6418212056159973,0.40718361735343933,0.016324102878570557,0.6010806560516357,0.32327160239219666,0.000766201235819608,0.5565615296363831,0.2787582576274872,-0.01378947589546442,0.5239239931106567,0.24165885150432587,-0.02669519931077957,0.6533797383308411,0.40558862686157227,-0.01196337305009365,0.6080394983291626,0.3090723752975464,-0.031196407973766327,0.5664169192314148,0.24389274418354034,-0.0482504777610302,0.5325969457626343,0.1880212426185608,-0.06243157386779785,0.6666266918182373,0.4266316592693329,-0.0414605475962162,0.6371181607246399,0.31096842885017395,-0.0657089427113533,0.6034941077232361,0.23315894603729248,-0.0855536237359047,0.5760585069656372,0.16814565658569336,-0.10162487626075745,0.6782765984535217,0.4597391188144684,-0.06917424499988556,0.6909921169281006,0.38500672578811646,-0.09457513689994812,0.6832995414733887,0.3208533525466919,-0.11242475360631943,0.6700891256332397,0.26157844066619873,-0.12758326530456543,0.0,0.0,0.0,0.0,0.0,0.0,0.0,0.0,0.0,0.0,0.0,0.0,0.0,0.0,0.0,0.0,0.0,0.0,0.0,0.0,0.0,0.0,0.0,0.0,0.0,0.0,0.0,0.0,0.0,0.0,0.0,0.0,0.0,0.0,0.0,0.0,0.0,0.0,0.0,0.0,0.0,0.0,0.0,0.0,0.0,0.0,0.0,0.0,0.0,0.0,0.0,0.0,0.0,0.0,0.0,0.0,0.0,0.0,0.0,0.0,0.0,0.0,0.0
78,0.642416775226593,0.6814357042312622,-1.9001639373072976e-07,0.5915636420249939,0.6031914949417114,0.000733198132365942,0.5889632701873779,0.4976517856121063,-0.0029703883919864893,0.60771644115448,0.42815497517585754,-0.012691047973930836,0.6160828471183777,0.3703228533267975,-0.023871658369898796,0.6105567216873169,0.4308866560459137,0.000627885339781642,0.5544863939285278,0.3524470329284668,-0.02907029539346695,0.4974150061607361,0.3395681381225586,-0.057345177978277206,0.4533534646034241,0.33918964862823486,-0.07534144818782806,0.6304900646209717,0.4228515028953552,-0.01802157424390316,0.5943911671638489,0.3202642500400543,-0.042232196778059006,0.555976390838623,0.25470757484436035,-0.0675007775425911,0.5236655473709106,0.19827866554260254,-0.08591204136610031,0.6520513892173767,0.440138578414917,-0.03982103615999222,0.6318004131317139,0.3150635361671448,-0.06622573733329773,0.6017067432403564,0.2320200502872467,-0.09121043235063553,0.5760603547096252,0.1647016704082489,-0.10877768695354462,0.6718548536300659,0.47316300868988037,-0.061431847512722015,0.6817302107810974,0.3882637917995453,-0.08428630232810974,0.6746015548706055,0.3202475309371948,-0.09867292642593384,0.6621885895729065,0.26236024498939514,-0.1099892109632492,0.0,0.0,0.0,0.0,0.0,0.0,0.0,0.0,0.0,0.0,0.0,0.0,0.0,0.0,0.0,0.0,0.0,0.0,0.0,0.0,0.0,0.0,0.0,0.0,0.0,0.0,0.0,0.0,0.0,0.0,0.0,0.0,0.0,0.0,0.0,0.0,0.0,0.0,0.0,0.0,0.0,0.0,0.0,0.0,0.0,0.0,0.0,0.0,0.0,0.0,0.0,0.0,0.0,0.0,0.0,0.0,0.0,0.0,0.0,0.0,0.0,0.0,0.0
79,0.6228548288345337,0.6872860193252563,-1.7214169645285438e-07,0.5770686268806458,0.6184189915657043,-0.001467702561058104,0.5704710483551025,0.5186701416969299,-0.005497984122484922,0.583942174911499,0.45235058665275574,-0.01505892351269722,0.5825483798980713,0.39364272356033325,-0.026013119146227837,0.5928873419761658,0.42467623949050903,0.004898629151284695,0.5415297150611877,0.356423556804657,-0.026269355788826942,0.48721733689308167,0.3388265371322632,-0.05704060569405556,0.44112229347229004,0.33394137024879456,-0.0766427144408226,0.614271342754364,0.41339898109436035,-0.013225588016211987,0.5821014046669006,0.3105032444000244,-0.03736637905240059,0.5443282723426819,0.2523932456970215,-0.06498946994543076,0.5101697444915771,0.20162111520767212,-0.08447092026472092,0.6395238637924194,0.4317637085914612,-0.03503325581550598,0.6225557327270508,0.31039711833000183,-0.06229618936777115,0.5929731130599976,0.23362459242343903,-0.08949770778417587,0.5652726888656616,0.16746708750724792,-0.10844022035598755,0.6633623242378235,0.47064507007598877,-0.05679261311888695,0.6769825220108032,0.3914773762226105,-0.08180925250053406,0.6733149886131287,0.32645177841186523,-0.0984797328710556,0.6635818481445312,0.26648473739624023,-0.11090324819087982,0.0,0.0,0.0,0.0,0.0,0.0,0.0,0.0,0.0,0.0,0.0,0.0,0.0,0.0,0.0,0.0,0.0,0.0,0.0,0.0,0.0,0.0,0.0,0.0,0.0,0.0,0.0,0.0,0.0,0.0,0.0,0.0,0.0,0.0,0.0,0.0,0.0,0.0,0.0,0.0,0.0,0.0,0.0,0.0,0.0,0.0,0.0,0.0,0.0,0.0,0.0,0.0,0.0,0.0,0.0,0.0,0.0,0.0,0.0,0.0,0.0,0.0,0.0
80,0.6157495379447937,0.6971701383590698,-3.0019617724974523e-07,0.5738012194633484,0.6105082035064697,0.0015345750143751502,0.5730204582214355,0.5035490393638611,-0.0034463410265743732,0.5881417393684387,0.43460169434547424,-0.016011113300919533,0.5899739265441895,0.3706981837749481,-0.030105486512184143,0.5927073955535889,0.4312549829483032,0.007498298306018114,0.534702479839325,0.38144028186798096,-0.02598671428859234,0.47898727655410767,0.3989197611808777,-0.059453412890434265,0.435303270816803,0.42005491256713867,-0.08029018342494965,0.6117194294929504,0.42216190695762634,-0.01394619606435299,0.5724661946296692,0.324714720249176,-0.03950992971658707,0.5323431491851807,0.2629268169403076,-0.06922762095928192,0.4971317946910858,0.2052459418773651,-0.09098648279905319,0.6362279057502747,0.44130346179008484,-0.039106179028749466,0.6117675304412842,0.32069629430770874,-0.06855031847953796,0.5792343616485596,0.24402156472206116,-0.09643778949975967,0.5499662160873413,0.17883121967315674,-0.11544252932071686,0.6599357724189758,0.47922584414482117,-0.06399045884609222,0.669283390045166,0.3935704231262207,-0.08692313730716705,0.6638432741165161,0.32570815086364746,-0.1001632809638977,0.6515368819236755,0.2657908797264099,-0.11058413237333298,0.0,0.0,0.0,0.0,0.0,0.0,0.0,0.0,0.0,0.0,0.0,0.0,0.0,0.0,0.0,0.0,0.0,0.0,0.0,0.0,0.0,0.0,0.0,0.0,0.0,0.0,0.0,0.0,0.0,0.0,0.0,0.0,0.0,0.0,0.0,0.0,0.0,0.0,0.0,0.0,0.0,0.0,0.0,0.0,0.0,0.0,0.0,0.0,0.0,0.0,0.0,0.0,0.0,0.0,0.0,0.0,0.0,0.0,0.0,0.0,0.0,0.0,0.0
81,0.6163913607597351,0.6965060234069824,-2.3027713780265913e-07,0.5701457262039185,0.6139609217643738,0.0033214392606168985,0.5679675340652466,0.5087956190109253,0.001308982027694583,0.5845537781715393,0.44115346670150757,-0.007101481780409813,0.5879799723625183,0.38173413276672363,-0.016429834067821503,0.5848652124404907,0.42724180221557617,0.0075664217583835125,0.5307480096817017,0.3565545976161957,-0.026530012488365173,0.4757123291492462,0.34055858850479126,-0.06006056070327759,0.4294087290763855,0.3394566476345062,-0.08100798726081848,0.6046525239944458,0.4186066687107086,-0.012142697349190712,0.5715160965919495,0.31251513957977295,-0.03519560769200325,0.536686897277832,0.2493559718132019,-0.06158462166786194,0.5062377452850342,0.19403132796287537,-0.08137743175029755,0.6299822330474854,0.4391041100025177,-0.035643432289361954,0.610325038433075,0.3166036903858185,-0.061331890523433685,0.5814279913902283,0.24050848186016083,-0.08668764680624008,0.5561472773551941,0.1750759780406952,-0.10534864664077759,0.6557364463806152,0.47881826758384705,-0.05910296365618706,0.6677165031433105,0.40223729610443115,-0.08295036107301712,0.6623461246490479,0.3392326831817627,-0.09894897043704987,0.6517495512962341,0.2807946801185608,-0.11159365624189377,0.0,0.0,0.0,0.0,0.0,0.0,0.0,0.0,0.0,0.0,0.0,0.0,0.0,0.0,0.0,0.0,0.0,0.0,0.0,0.0,0.0,0.0,0.0,0.0,0.0,0.0,0.0,0.0,0.0,0.0,0.0,0.0,0.0,0.0,0.0,0.0,0.0,0.0,0.0,0.0,0.0,0.0,0.0,0.0,0.0,0.0,0.0,0.0,0.0,0.0,0.0,0.0,0.0,0.0,0.0,0.0,0.0,0.0,0.0,0.0,0.0,0.0,0.0
82,0.6187489628791809,0.7029473781585693,7.857661898924562e-08,0.5674406290054321,0.6271950006484985,-0.0018301676027476788,0.5580198168754578,0.5255354046821594,-0.0060814861208200455,0.5637897849082947,0.4624107778072357,-0.016237635165452957,0.5619289875030518,0.409064918756485,-0.027127843350172043,0.5971270203590393,0.4343237280845642,0.0031054483260959387,0.570393443107605,0.34550487995147705,-0.020180102437734604,0.5366799235343933,0.29815739393234253,-0.040606316179037094,0.5096645951271057,0.2604027986526489,-0.05544719845056534,0.6106879115104675,0.4305156469345093,-0.016037240624427795,0.5810791254043579,0.31768885254859924,-0.04071243107318878,0.5470393896102905,0.24598725140094757,-0.06367282569408417,0.5179533362388611,0.18065616488456726,-0.07941212505102158,0.6317897439002991,0.4514385759830475,-0.03823477774858475,0.6004682183265686,0.3327390253543854,-0.06854350864887238,0.5645530223846436,0.2611757218837738,-0.09189808368682861,0.5356075167655945,0.19751852750778198,-0.1067817211151123,0.6534386277198792,0.48822954297065735,-0.06079142168164253,0.6646279096603394,0.4020492434501648,-0.08766333758831024,0.6597437262535095,0.33754679560661316,-0.10434038192033768,0.6524385213851929,0.2766354978084564,-0.1163693219423294,0.0,0.0,0.0,0.0,0.0,0.0,0.0,0.0,0.0,0.0,0.0,0.0,0.0,0.0,0.0,0.0,0.0,0.0,0.0,0.0,0.0,0.0,0.0,0.0,0.0,0.0,0.0,0.0,0.0,0.0,0.0,0.0,0.0,0.0,0.0,0.0,0.0,0.0,0.0,0.0,0.0,0.0,0.0,0.0,0.0,0.0,0.0,0.0,0.0,0.0,0.0,0.0,0.0,0.0,0.0,0.0,0.0,0.0,0.0,0.0,0.0,0.0,0.0
83,0.6203926801681519,0.7035233974456787,-1.9663862360630446e-07,0.5696612596511841,0.6233137249946594,-0.0009272224851883948,0.5652317404747009,0.5161200761795044,-0.00708504393696785,0.5787308812141418,0.44755128026008606,-0.019430700689554214,0.5814439654350281,0.3859717845916748,-0.03296181187033653,0.5905535817146301,0.4306938946247101,0.000876904814504087,0.5496644973754883,0.36174583435058594,-0.029488377273082733,0.5077693462371826,0.3502216339111328,-0.05754539370536804,0.47650042176246643,0.3413299322128296,-0.0766519084572792,0.6055750250816345,0.42674416303634644,-0.01962459832429886,0.5675007104873657,0.3294121026992798,-0.04870939254760742,0.5266225934028625,0.2714758515357971,-0.07580925524234772,0.4920712411403656,0.21558839082717896,-0.0948052927851677,0.6275835633277893,0.4483802318572998,-0.04362798482179642,0.602709949016571,0.3300374150276184,-0.07635364681482315,0.5726514458656311,0.2547226548194885,-0.10294501483440399,0.5469162464141846,0.18708866834640503,-0.12067575752735138,0.6494469046592712,0.48755699396133423,-0.06756395101547241,0.6625196933746338,0.40389639139175415,-0.09497549384832382,0.6584659814834595,0.33829015493392944,-0.11218768358230591,0.6495838761329651,0.27706199884414673,-0.12528957426548004,0.0,0.0,0.0,0.0,0.0,0.0,0.0,0.0,0.0,0.0,0.0,0.0,0.0,0.0,0.0,0.0,0.0,0.0,0.0,0.0,0.0,0.0,0.0,0.0,0.0,0.0,0.0,0.0,0.0,0.0,0.0,0.0,0.0,0.0,0.0,0.0,0.0,0.0,0.0,0.0,0.0,0.0,0.0,0.0,0.0,0.0,0.0,0.0,0.0,0.0,0.0,0.0,0.0,0.0,0.0,0.0,0.0,0.0,0.0,0.0,0.0,0.0,0.0
84,0.6066204309463501,0.6991169452667236,-1.3424380540527636e-07,0.5646181702613831,0.6179184913635254,-0.0014874176122248173,0.5637345314025879,0.5112816095352173,-0.005949842277914286,0.5816088914871216,0.44271743297576904,-0.016311148181557655,0.588138222694397,0.3840987980365753,-0.027832208201289177,0.5800642967224121,0.42756402492523193,0.006488613784313202,0.5270270109176636,0.3625187873840332,-0.027499809861183167,0.4712226390838623,0.34676551818847656,-0.060533419251441956,0.4242714047431946,0.3435683846473694,-0.0808362290263176,0.5998503565788269,0.4191945195198059,-0.011718629859387875,0.5673850774765015,0.31514087319374084,-0.03630254790186882,0.5310865044593811,0.25302308797836304,-0.06373850256204605,0.4994196891784668,0.19862785935401917,-0.08311618864536285,0.6249094009399414,0.4402976930141449,-0.03412551060318947,0.6066837310791016,0.322042852640152,-0.061300333589315414,0.5779572129249573,0.2465652972459793,-0.08738067746162415,0.5515135526657104,0.18216469883918762,-0.10531684011220932,0.6489920020103455,0.48161372542381287,-0.056835662573575974,0.6615236401557922,0.4017336368560791,-0.08037251234054565,0.6579004526138306,0.3368900418281555,-0.09568936377763748,0.6482089757919312,0.2773939371109009,-0.10724759101867676,0.0,0.0,0.0,0.0,0.0,0.0,0.0,0.0,0.0,0.0,0.0,0.0,0.0,0.0,0.0,0.0,0.0,0.0,0.0,0.0,0.0,0.0,0.0,0.0,0.0,0.0,0.0,0.0,0.0,0.0,0.0,0.0,0.0,0.0,0.0,0.0,0.0,0.0,0.0,0.0,0.0,0.0,0.0,0.0,0.0,0.0,0.0,0.0,0.0,0.0,0.0,0.0,0.0,0.0,0.0,0.0,0.0,0.0,0.0,0.0,0.0,0.0,0.0
85,0.6140965819358826,0.7023882865905762,-1.0552166429533827e-07,0.5654025673866272,0.6194362044334412,-3.642461888375692e-05,0.5612853169441223,0.5160139799118042,-0.004767574369907379,0.5766274929046631,0.4496668577194214,-0.015734456479549408,0.581352949142456,0.3917258381843567,-0.028214111924171448,0.5815702676773071,0.43333131074905396,-0.000499980931635946,0.5267543196678162,0.3618161082267761,-0.033421870321035385,0.47140055894851685,0.34488967061042786,-0.06392379850149155,0.42701971530914307,0.34134262800216675,-0.08340470492839813,0.6019667387008667,0.4252314567565918,-0.020239468663930893,0.5730201601982117,0.31322428584098816,-0.0436902791261673,0.5406289100646973,0.2427082061767578,-0.0700468197464943,0.5135331153869629,0.17983052134513855,-0.0907510295510292,0.6260370016098022,0.448216050863266,-0.04348410293459892,0.6041295528411865,0.3262477517127991,-0.07245409488677979,0.5728542804718018,0.2477799952030182,-0.10126673430204391,0.5466722846031189,0.18119916319847107,-0.12221341580152512,0.6492747664451599,0.49052488803863525,-0.06646538525819778,0.6629185676574707,0.40555405616760254,-0.09323464334011078,0.6590866446495056,0.33768755197525024,-0.1122945174574852,0.64986252784729,0.2765606939792633,-0.12764345109462738,0.0,0.0,0.0,0.0,0.0,0.0,0.0,0.0,0.0,0.0,0.0,0.0,0.0,0.0,0.0,0.0,0.0,0.0,0.0,0.0,0.0,0.0,0.0,0.0,0.0,0.0,0.0,0.0,0.0,0.0,0.0,0.0,0.0,0.0,0.0,0.0,0.0,0.0,0.0,0.0,0.0,0.0,0.0,0.0,0.0,0.0,0.0,0.0,0.0,0.0,0.0,0.0,0.0,0.0,0.0,0.0,0.0,0.0,0.0,0.0,0.0,0.0,0.0
86,0.618644654750824,0.7177244424819946,-1.7579411348833673e-07,0.5628989934921265,0.6404576897621155,0.0034637213684618473,0.5501428842544556,0.5455209612846375,-0.0012298281071707606,0.5524419546127319,0.487284392118454,-0.014475731179118156,0.5493557453155518,0.4368410110473633,-0.02920588105916977,0.586675763130188,0.44798392057418823,0.010195626877248287,0.5450250506401062,0.381521075963974,-0.021499933674931526,0.5030763745307922,0.37725353240966797,-0.05131600797176361,0.47294917702674866,0.38025763630867004,-0.0706193670630455,0.6019445657730103,0.4392887055873871,-0.013053600676357746,0.5692224502563477,0.33153852820396423,-0.03859654814004898,0.536170482635498,0.2635858654975891,-0.06556997448205948,0.5081974267959595,0.1988232135772705,-0.08592404425144196,0.6237013936042786,0.4572241008281708,-0.04025876894593239,0.6005733609199524,0.3390271067619324,-0.07077549397945404,0.5698144435882568,0.26473724842071533,-0.09758039563894272,0.5425640940666199,0.19918030500411987,-0.11598284542560577,0.6457371711730957,0.49268922209739685,-0.06741102784872055,0.657808244228363,0.4037010371685028,-0.09354311972856522,0.651185929775238,0.3348504602909088,-0.11059530079364777,0.6389082670211792,0.27170997858047485,-0.12376756966114044,0.0,0.0,0.0,0.0,0.0,0.0,0.0,0.0,0.0,0.0,0.0,0.0,0.0,0.0,0.0,0.0,0.0,0.0,0.0,0.0,0.0,0.0,0.0,0.0,0.0,0.0,0.0,0.0,0.0,0.0,0.0,0.0,0.0,0.0,0.0,0.0,0.0,0.0,0.0,0.0,0.0,0.0,0.0,0.0,0.0,0.0,0.0,0.0,0.0,0.0,0.0,0.0,0.0,0.0,0.0,0.0,0.0,0.0,0.0,0.0,0.0,0.0,0.0
87,0.6141331791877747,0.7098678350448608,-1.716403943419209e-07,0.5636425614356995,0.6178058385848999,0.002166860504075885,0.5630654692649841,0.5028452277183533,-0.0005743370857089758,0.5838643908500671,0.4281417727470398,-0.010327444411814213,0.590233325958252,0.3639572262763977,-0.022044029086828232,0.5762518644332886,0.4375663995742798,0.00920869130641222,0.5228112936019897,0.37081319093704224,-0.0241021029651165,0.4662519097328186,0.3552118241786957,-0.0569465197622776,0.41720789670944214,0.3517311215400696,-0.07788174599409103,0.5968080759048462,0.42929765582084656,-0.01159062422811985,0.5623393058776855,0.32964158058166504,-0.036960095167160034,0.5240969061851501,0.2659386992454529,-0.06720532476902008,0.4897255301475525,0.20641177892684937,-0.08978737890720367,0.6216430068016052,0.4493968188762665,-0.036265600472688675,0.5992103219032288,0.3330721855163574,-0.0655885860323906,0.5667333006858826,0.2530210316181183,-0.09551450610160828,0.5373006463050842,0.1825888454914093,-0.11689957976341248,0.6454381346702576,0.4869499206542969,-0.060707658529281616,0.6550378799438477,0.40500086545944214,-0.08580123633146286,0.6497219204902649,0.3381243348121643,-0.10336294025182724,0.6384021639823914,0.2771739363670349,-0.11766607314348221,0.0,0.0,0.0,0.0,0.0,0.0,0.0,0.0,0.0,0.0,0.0,0.0,0.0,0.0,0.0,0.0,0.0,0.0,0.0,0.0,0.0,0.0,0.0,0.0,0.0,0.0,0.0,0.0,0.0,0.0,0.0,0.0,0.0,0.0,0.0,0.0,0.0,0.0,0.0,0.0,0.0,0.0,0.0,0.0,0.0,0.0,0.0,0.0,0.0,0.0,0.0,0.0,0.0,0.0,0.0,0.0,0.0,0.0,0.0,0.0,0.0,0.0,0.0
88,0.6188769340515137,0.7006821632385254,-2.934133931375982e-07,0.5610520243644714,0.6223374009132385,0.010663284920156002,0.5456700325012207,0.5284215807914734,0.0063894372433424,0.5428888201713562,0.4748278260231018,-0.007255316246300936,0.5296804904937744,0.4246942698955536,-0.023292647674679756,0.5864632725715637,0.43034452199935913,0.00964458379894495,0.5223778486251831,0.3868764638900757,-0.02189600095152855,0.471538245677948,0.4177643656730652,-0.0532836951315403,0.435547411441803,0.44695043563842773,-0.07382886111736298,0.6029453277587891,0.4260729253292084,-0.01753716543316841,0.5569221377372742,0.32227227091789246,-0.041976939886808395,0.5174195766448975,0.2650558352470398,-0.06926743686199188,0.4824453592300415,0.20966947078704834,-0.09012725204229355,0.6246614456176758,0.44905421137809753,-0.04757709428668022,0.5952425599098206,0.32475680112838745,-0.07697225362062454,0.5617888569831848,0.24591748416423798,-0.10588596016168594,0.5316525101661682,0.17581728100776672,-0.12685652077198029,0.6447374820709229,0.4891742467880249,-0.07624594867229462,0.6527237892150879,0.4069141149520874,-0.1019960343837738,0.6436101794242859,0.3415555953979492,-0.11851418018341064,0.626724898815155,0.28064435720443726,-0.13200250267982483,0.0,0.0,0.0,0.0,0.0,0.0,0.0,0.0,0.0,0.0,0.0,0.0,0.0,0.0,0.0,0.0,0.0,0.0,0.0,0.0,0.0,0.0,0.0,0.0,0.0,0.0,0.0,0.0,0.0,0.0,0.0,0.0,0.0,0.0,0.0,0.0,0.0,0.0,0.0,0.0,0.0,0.0,0.0,0.0,0.0,0.0,0.0,0.0,0.0,0.0,0.0,0.0,0.0,0.0,0.0,0.0,0.0,0.0,0.0,0.0,0.0,0.0,0.0
89,0.6187229156494141,0.705219030380249,-3.0492972769025073e-07,0.5688127279281616,0.6209454536437988,0.010079007595777512,0.5708581805229187,0.5151824355125427,0.005620226263999939,0.5857396721839905,0.44478273391723633,-0.006554514169692993,0.5844767093658447,0.3828473389148712,-0.0212476197630167,0.5980173349380493,0.442150741815567,0.00324996723793447,0.5354935526847839,0.36769020557403564,-0.029878567904233932,0.4782211184501648,0.35171085596084595,-0.06161930039525032,0.4304399788379669,0.3501508831977844,-0.08258647471666336,0.6135607957839966,0.43465280532836914,-0.02319597266614437,0.5662186741828918,0.32186996936798096,-0.0497237890958786,0.5222382545471191,0.26306092739105225,-0.0768728256225586,0.48324859142303467,0.21637070178985596,-0.09718325734138489,0.6309775114059448,0.45497891306877136,-0.05209357663989067,0.6071161031723022,0.32121819257736206,-0.07992814481258392,0.5776640176773071,0.23797647655010223,-0.10549041628837585,0.5506572127342224,0.16720229387283325,-0.1251736581325531,0.6449922323226929,0.49447137117385864,-0.07989973574876785,0.652743935585022,0.4150576591491699,-0.10598102957010269,0.6405277252197266,0.34840694069862366,-0.12218714505434036,0.6206402778625488,0.28518667817115784,-0.1358664333820343,0.0,0.0,0.0,0.0,0.0,0.0,0.0,0.0,0.0,0.0,0.0,0.0,0.0,0.0,0.0,0.0,0.0,0.0,0.0,0.0,0.0,0.0,0.0,0.0,0.0,0.0,0.0,0.0,0.0,0.0,0.0,0.0,0.0,0.0,0.0,0.0,0.0,0.0,0.0,0.0,0.0,0.0,0.0,0.0,0.0,0.0,0.0,0.0,0.0,0.0,0.0,0.0,0.0,0.0,0.0,0.0,0.0,0.0,0.0,0.0,0.0,0.0,0.0
90,0.6233258247375488,0.6953326463699341,-2.3615322675141215e-07,0.5656624436378479,0.6224653124809265,0.010166797786951065,0.557702362537384,0.538137674331665,0.004962823819369078,0.5623209476470947,0.48911580443382263,-0.009810234420001507,0.5565955638885498,0.4410216510295868,-0.02638019248843193,0.5930712819099426,0.4331999123096466,0.01574374921619892,0.5317186713218689,0.3655892312526703,-0.012806901708245277,0.47445085644721985,0.3739343583583832,-0.04417629539966583,0.4321883022785187,0.39080947637557983,-0.06469479948282242,0.6113729476928711,0.42272400856018066,-0.009380096569657326,0.5694712400436401,0.31519240140914917,-0.02647288329899311,0.5321544408798218,0.2508474588394165,-0.05081469193100929,0.5013099908828735,0.19232186675071716,-0.07137471437454224,0.6286300420761108,0.43988651037216187,-0.03771620988845825,0.5967288613319397,0.31467103958129883,-0.057544004172086716,0.562146782875061,0.2377750426530838,-0.07991731911897659,0.5328977108001709,0.17102399468421936,-0.09860650449991226,0.6419950127601624,0.47296345233917236,-0.06578141450881958,0.6393592953681946,0.3922562897205353,-0.08361966162919998,0.6258495450019836,0.32857567071914673,-0.09428699314594269,0.606519341468811,0.26896822452545166,-0.10460513830184937,0.0,0.0,0.0,0.0,0.0,0.0,0.0,0.0,0.0,0.0,0.0,0.0,0.0,0.0,0.0,0.0,0.0,0.0,0.0,0.0,0.0,0.0,0.0,0.0,0.0,0.0,0.0,0.0,0.0,0.0,0.0,0.0,0.0,0.0,0.0,0.0,0.0,0.0,0.0,0.0,0.0,0.0,0.0,0.0,0.0,0.0,0.0,0.0,0.0,0.0,0.0,0.0,0.0,0.0,0.0,0.0,0.0,0.0,0.0,0.0,0.0,0.0,0.0
91,0.61865234375,0.6859514713287354,-5.761071975030063e-07,0.5709332227706909,0.5918785333633423,0.02927982620894909,0.5809271335601807,0.487115740776062,0.03638141602277756,0.5951268076896667,0.420223206281662,0.03332372382283211,0.5915124416351318,0.3597220778465271,0.027770474553108215,0.6148395538330078,0.4112578332424164,0.030488746240735054,0.5448541641235352,0.34051328897476196,0.01067927572876215,0.48558059334754944,0.32607901096343994,-0.011457236483693123,0.4422558546066284,0.322144091129303,-0.026900675147771835,0.6297097206115723,0.40070289373397827,-0.00041596044320613146,0.556760311126709,0.3054425120353699,-0.015562807209789753,0.5052562952041626,0.2624017298221588,-0.03295512497425079,0.46703171730041504,0.23072196543216705,-0.04716313257813454,0.641142725944519,0.4202268123626709,-0.03286072239279747,0.6000726222991943,0.2936793267726898,-0.049946077167987823,0.5690218806266785,0.21706148982048035,-0.0675734281539917,0.5462608337402344,0.15196651220321655,-0.08375425636768341,0.6457432508468628,0.45623886585235596,-0.0630546510219574,0.6400464177131653,0.38572320342063904,-0.08459911495447159,0.6249504089355469,0.3228936791419983,-0.09896411001682281,0.605943500995636,0.2611328065395355,-0.11166411638259888,0.6148651242256165,0.7043411731719971,-6.885097718623001e-07,0.5681121349334717,0.6009334325790405,0.03396449238061905,0.5740967392921448,0.5029780268669128,0.03853505104780197,0.5842052698135376,0.44222500920295715,0.030129550024867058,0.5808644890785217,0.3867317736148834,0.01827380061149597,0.6149619221687317,0.42153698205947876,0.03394618257880211,0.5476473569869995,0.3448507785797119,0.008910425938665867,0.4872013032436371,0.3237285017967224,-0.01656883955001831,0.44187331199645996,0.31637850403785706,-0.034501560032367706,0.6286859512329102,0.41233259439468384,-0.0026131754275411367,0.5589228868484497,0.31209561228752136,-0.02308705262839794,0.508768618106842,0.2669418156147003,-0.042592864483594894,0.46972429752349854,0.2322421818971634,-0.058215949684381485,0.6412274241447449,0.4295967221260071,-0.04110633581876755,0.5984975099563599,0.29822325706481934,-0.060554929077625275,0.5692079067230225,0.22676187753677368,-0.07556387037038803,0.5474588871002197,0.1660272181034088,-0.09011036902666092,0.6473299264907837,0.4609336256980896,-0.07770449668169022,0.6422660946846008,0.38685116171836853,-0.1006762683391571,0.6311575174331665,0.3259928524494171,-0.11409058421850204,0.6161942481994629,0.2663419842720032,-0.12611524760723114
92,0.6327988505363464,0.6928566098213196,-3.2958718065856374e-07,0.5807982087135315,0.6089472770690918,0.024065719917416573,0.585536777973175,0.5222287178039551,0.027997953817248344,0.5990584492683411,0.4669937789440155,0.021506886929273605,0.6046772003173828,0.4151257872581482,0.012532682158052921,0.6062930822372437,0.42451557517051697,0.029428929090499878,0.5610100626945496,0.34083232283592224,0.015715591609477997,0.519832193851471,0.30027908086776733,-0.0002208837104262784,0.4913537800312042,0.26426488161087036,-0.013803242705762386,0.621951699256897,0.4147133529186249,-0.0008740047924220562,0.5690432190895081,0.3050614595413208,-0.013600651174783707,0.5331646203994751,0.2370602935552597,-0.027403300628066063,0.5070714950561523,0.18002253770828247,-0.04009672999382019,0.6352982521057129,0.43168050050735474,-0.033074673265218735,0.5989611148834229,0.30440330505371094,-0.04916560649871826,0.57132488489151,0.226094052195549,-0.0629151463508606,0.550878643989563,0.16020643711090088,-0.07641451060771942,0.6446928381919861,0.46159395575523376,-0.06408616155385971,0.63738614320755,0.38307350873947144,-0.084341861307621,0.6249494552612305,0.32017797231674194,-0.09641954302787781,0.6093463897705078,0.2613656520843506,-0.10755537450313568,0.0,0.0,0.0,0.0,0.0,0.0,0.0,0.0,0.0,0.0,0.0,0.0,0.0,0.0,0.0,0.0,0.0,0.0,0.0,0.0,0.0,0.0,0.0,0.0,0.0,0.0,0.0,0.0,0.0,0.0,0.0,0.0,0.0,0.0,0.0,0.0,0.0,0.0,0.0,0.0,0.0,0.0,0.0,0.0,0.0,0.0,0.0,0.0,0.0,0.0,0.0,0.0,0.0,0.0,0.0,0.0,0.0,0.0,0.0,0.0,0.0,0.0,0.0
93,0.6236346960067749,0.6877397298812866,-3.6123927316111804e-07,0.5672908425331116,0.6052528619766235,0.021353842690587044,0.5728704333305359,0.5091386437416077,0.024903399869799614,0.5920699834823608,0.44967809319496155,0.019030127674341202,0.5996606945991516,0.39705690741539,0.010646662674844265,0.5937096476554871,0.4180310070514679,0.029513243585824966,0.5393534302711487,0.34281909465789795,0.0130360908806324,0.48845258355140686,0.31398066878318787,-0.006698211655020714,0.45057421922683716,0.2913683354854584,-0.022122882306575775,0.6103062629699707,0.40526890754699707,0.0026694610714912415,0.5515987873077393,0.30753540992736816,-0.012050481513142586,0.5091127753257751,0.25341174006462097,-0.029961111024022102,0.47674521803855896,0.20884326100349426,-0.04463488608598709,0.6267022490501404,0.41888171434402466,-0.026153797283768654,0.59050053358078,0.29460597038269043,-0.04328040033578873,0.5632562041282654,0.21992461383342743,-0.06074519455432892,0.5420618057250977,0.15766319632530212,-0.07578132301568985,0.6392321586608887,0.4460534453392029,-0.053743038326501846,0.6303471326828003,0.3718108534812927,-0.07329084724187851,0.6142328381538391,0.31240323185920715,-0.08601798117160797,0.5938138365745544,0.2574731111526489,-0.09709440916776657,0.0,0.0,0.0,0.0,0.0,0.0,0.0,0.0,0.0,0.0,0.0,0.0,0.0,0.0,0.0,0.0,0.0,0.0,0.0,0.0,0.0,0.0,0.0,0.0,0.0,0.0,0.0,0.0,0.0,0.0,0.0,0.0,0.0,0.0,0.0,0.0,0.0,0.0,0.0,0.0,0.0,0.0,0.0,0.0,0.0,0.0,0.0,0.0,0.0,0.0,0.0,0.0,0.0,0.0,0.0,0.0,0.0,0.0,0.0,0.0,0.0,0.0,0.0
94,0.6172296404838562,0.69139164686203,-3.6394266089700977e-07,0.572475790977478,0.6048516035079956,0.020442206412553787,0.5819075703620911,0.5112693309783936,0.02186967246234417,0.6087036728858948,0.4489735960960388,0.013210206292569637,0.6219893097877502,0.39183539152145386,0.0021279354114085436,0.5939273834228516,0.42553430795669556,0.029778631404042244,0.5371193289756775,0.3542044758796692,0.009690548293292522,0.4842741787433624,0.34046709537506104,-0.014006968587636948,0.4452376961708069,0.33171215653419495,-0.031308576464653015,0.6093316078186035,0.41179487109184265,0.0017353919101879,0.5548774003982544,0.30563294887542725,-0.008947690948843956,0.5158295631408691,0.24409648776054382,-0.02617601305246353,0.48544538021087646,0.19429749250411987,-0.043287355452775955,0.6237887144088745,0.42751404643058777,-0.02936781756579876,0.5888488292694092,0.3014504313468933,-0.04388980567455292,0.5599174499511719,0.2274220883846283,-0.061049237847328186,0.5361452102661133,0.1676895022392273,-0.07826799899339676,0.636077344417572,0.4577587842941284,-0.05964507535099983,0.6279391050338745,0.37919238209724426,-0.07799588143825531,0.6119609475135803,0.31700870394706726,-0.09086818993091583,0.5903316140174866,0.2600855231285095,-0.10379940271377563,0.0,0.0,0.0,0.0,0.0,0.0,0.0,0.0,0.0,0.0,0.0,0.0,0.0,0.0,0.0,0.0,0.0,0.0,0.0,0.0,0.0,0.0,0.0,0.0,0.0,0.0,0.0,0.0,0.0,0.0,0.0,0.0,0.0,0.0,0.0,0.0,0.0,0.0,0.0,0.0,0.0,0.0,0.0,0.0,0.0,0.0,0.0,0.0,0.0,0.0,0.0,0.0,0.0,0.0,0.0,0.0,0.0,0.0,0.0,0.0,0.0,0.0,0.0
95,0.6142058372497559,0.6815223693847656,-3.4364791190455435e-07,0.5625812411308289,0.6118884086608887,0.007009392138570547,0.5655608177185059,0.5253848433494568,0.004927387461066246,0.587192714214325,0.46650731563568115,-0.00413321889936924,0.595258355140686,0.41359591484069824,-0.014514951966702938,0.5801528692245483,0.4290357530117035,0.015818985179066658,0.5201047658920288,0.349257230758667,-0.00921153649687767,0.46346789598464966,0.32488158345222473,-0.03601740300655365,0.41935425996780396,0.3130016624927521,-0.05421696975827217,0.5974146723747253,0.4125797152519226,-0.004339969251304865,0.5457789897918701,0.3067723512649536,-0.020695682615041733,0.5056037902832031,0.24687257409095764,-0.042304061353206635,0.4733503758907318,0.19862395524978638,-0.060404252260923386,0.615156352519989,0.42266759276390076,-0.02798277512192726,0.5849841833114624,0.29817962646484375,-0.04672086611390114,0.5555016994476318,0.21988485753536224,-0.06873355805873871,0.5300611853599548,0.15625378489494324,-0.08698002994060516,0.6307238340377808,0.44823071360588074,-0.051538143306970596,0.6260727047920227,0.3716985285282135,-0.0716700404882431,0.6088811159133911,0.31019532680511475,-0.08642800897359848,0.5849528908729553,0.25506114959716797,-0.09925790131092072,0.0,0.0,0.0,0.0,0.0,0.0,0.0,0.0,0.0,0.0,0.0,0.0,0.0,0.0,0.0,0.0,0.0,0.0,0.0,0.0,0.0,0.0,0.0,0.0,0.0,0.0,0.0,0.0,0.0,0.0,0.0,0.0,0.0,0.0,0.0,0.0,0.0,0.0,0.0,0.0,0.0,0.0,0.0,0.0,0.0,0.0,0.0,0.0,0.0,0.0,0.0,0.0,0.0,0.0,0.0,0.0,0.0,0.0,0.0,0.0,0.0,0.0,0.0
96,0.6057405471801758,0.684645414352417,-4.301322462652024e-07,0.5530027151107788,0.6037644147872925,0.0199054554104805,0.5556043386459351,0.5120881795883179,0.023292571306228638,0.5729634165763855,0.45500490069389343,0.016757657751441002,0.5805128812789917,0.40371304750442505,0.008399555459618568,0.5779474377632141,0.4226892292499542,0.031072717159986496,0.5217418670654297,0.3558875322341919,0.01047554798424244,0.4698045551776886,0.3582775294780731,-0.013856690376996994,0.43180009722709656,0.3689361810684204,-0.030554363504052162,0.5972390174865723,0.4097965955734253,0.0037483694031834602,0.5446320176124573,0.3070887625217438,-0.007356348913162947,0.5045178532600403,0.25053277611732483,-0.02609536610543728,0.47105687856674194,0.20542864501476288,-0.04344291239976883,0.615253210067749,0.42430222034454346,-0.026767458766698837,0.5825886130332947,0.30038338899612427,-0.04211590066552162,0.5519624352455139,0.22595790028572083,-0.06243712827563286,0.5260086059570312,0.16529139876365662,-0.0808987095952034,0.6284977197647095,0.45222780108451843,-0.056292399764060974,0.6227942109107971,0.373177707195282,-0.07442476600408554,0.6075130701065063,0.31104570627212524,-0.08818879723548889,0.5864239931106567,0.25660768151283264,-0.10133083164691925,0.0,0.0,0.0,0.0,0.0,0.0,0.0,0.0,0.0,0.0,0.0,0.0,0.0,0.0,0.0,0.0,0.0,0.0,0.0,0.0,0.0,0.0,0.0,0.0,0.0,0.0,0.0,0.0,0.0,0.0,0.0,0.0,0.0,0.0,0.0,0.0,0.0,0.0,0.0,0.0,0.0,0.0,0.0,0.0,0.0,0.0,0.0,0.0,0.0,0.0,0.0,0.0,0.0,0.0,0.0,0.0,0.0,0.0,0.0,0.0,0.0,0.0,0.0
97,0.6026439666748047,0.6951062083244324,-4.888873377240088e-07,0.5492764115333557,0.616888165473938,0.012268808670341969,0.5474827885627747,0.5205312371253967,0.010131975635886192,0.5631544589996338,0.4615136981010437,-0.0016451462870463729,0.5676813721656799,0.4050300419330597,-0.015560674481093884,0.564609944820404,0.4314132630825043,0.0205637626349926,0.502692461013794,0.36373382806777954,-0.00846315547823906,0.44617584347724915,0.3688640594482422,-0.039686381816864014,0.40384790301322937,0.38301387429237366,-0.06055404618382454,0.5828076601028442,0.42016395926475525,-0.005674352869391441,0.529662549495697,0.3228294253349304,-0.029912281781435013,0.4830292761325836,0.27660828828811646,-0.05797353386878967,0.445343554019928,0.23801657557487488,-0.0785205066204071,0.6033304929733276,0.43646466732025146,-0.03523188829421997,0.5751094818115234,0.3098878860473633,-0.060624223202466965,0.5439227223396301,0.23537097871303558,-0.08664531260728836,0.517621636390686,0.1728993058204651,-0.10606043040752411,0.621427595615387,0.47071680426597595,-0.06391647458076477,0.6219164729118347,0.3912862241268158,-0.0874367207288742,0.6081355214118958,0.3279600739479065,-0.10248757898807526,0.5882284641265869,0.26982882618904114,-0.11478725075721741,0.0,0.0,0.0,0.0,0.0,0.0,0.0,0.0,0.0,0.0,0.0,0.0,0.0,0.0,0.0,0.0,0.0,0.0,0.0,0.0,0.0,0.0,0.0,0.0,0.0,0.0,0.0,0.0,0.0,0.0,0.0,0.0,0.0,0.0,0.0,0.0,0.0,0.0,0.0,0.0,0.0,0.0,0.0,0.0,0.0,0.0,0.0,0.0,0.0,0.0,0.0,0.0,0.0,0.0,0.0,0.0,0.0,0.0,0.0,0.0,0.0,0.0,0.0
98,0.6032240986824036,0.7058359384536743,-2.680386046449712e-07,0.5428432822227478,0.6263731718063354,0.007906694896519184,0.5389519333839417,0.5261935591697693,0.0062721832655370235,0.5525766015052795,0.46301841735839844,-0.002833919133991003,0.55545973777771,0.4047665596008301,-0.014026828110218048,0.5647737979888916,0.4436553418636322,0.007717543747276068,0.5047647953033447,0.37109851837158203,-0.02221924625337124,0.4485495984554291,0.3543514609336853,-0.05128280445933342,0.4037212133407593,0.35115107893943787,-0.0713086873292923,0.5840674638748169,0.4350687563419342,-0.016230501234531403,0.54172283411026,0.32532817125320435,-0.04108693078160286,0.5023607611656189,0.2673383355140686,-0.0695740282535553,0.46842488646507263,0.21475708484649658,-0.09184139966964722,0.6041783094406128,0.4529697299003601,-0.0429704524576664,0.578544020652771,0.3301156163215637,-0.07205674052238464,0.5456907749176025,0.2519490122795105,-0.10281451046466827,0.5168967843055725,0.18386602401733398,-0.12621504068374634,0.6201375126838684,0.4879630506038666,-0.06868575513362885,0.6300361156463623,0.4097718596458435,-0.09733220189809799,0.6194517016410828,0.3427232503890991,-0.1194010004401207,0.6020975112915039,0.2799318730831146,-0.13779757916927338,0.0,0.0,0.0,0.0,0.0,0.0,0.0,0.0,0.0,0.0,0.0,0.0,0.0,0.0,0.0,0.0,0.0,0.0,0.0,0.0,0.0,0.0,0.0,0.0,0.0,0.0,0.0,0.0,0.0,0.0,0.0,0.0,0.0,0.0,0.0,0.0,0.0,0.0,0.0,0.0,0.0,0.0,0.0,0.0,0.0,0.0,0.0,0.0,0.0,0.0,0.0,0.0,0.0,0.0,0.0,0.0,0.0,0.0,0.0,0.0,0.0,0.0,0.0
99,0.5905924439430237,0.7105954885482788,-3.6984758366997994e-08,0.5360949635505676,0.6328380703926086,0.0058947717770934105,0.519209086894989,0.5405455231666565,-0.00010759235010482371,0.5137765407562256,0.4834986925125122,-0.013532573357224464,0.4973200857639313,0.4301835298538208,-0.028666283935308456,0.5587682127952576,0.45074528455734253,-0.003047407139092684,0.49642282724380493,0.4047278165817261,-0.03960558772087097,0.4416440725326538,0.4116194546222687,-0.0717029720544815,0.40062469244003296,0.4247351288795471,-0.09143954515457153,0.5774138569831848,0.4451551139354706,-0.0270388126373291,0.5468349456787109,0.3302910625934601,-0.054655879735946655,0.5183630585670471,0.25534486770629883,-0.08141127973794937,0.49460041522979736,0.18405812978744507,-0.10248330980539322,0.5986160039901733,0.46674585342407227,-0.053971268236637115,0.5661875009536743,0.3550094664096832,-0.08776354789733887,0.5225673317909241,0.2913329005241394,-0.11502610146999359,0.48680728673934937,0.2360992431640625,-0.13386932015419006,0.6169325113296509,0.5056794881820679,-0.07982292026281357,0.624860405921936,0.42057979106903076,-0.11148718744516373,0.6161348819732666,0.35501062870025635,-0.1305568367242813,0.6021915674209595,0.29310011863708496,-0.14515119791030884,0.0,0.0,0.0,0.0,0.0,0.0,0.0,0.0,0.0,0.0,0.0,0.0,0.0,0.0,0.0,0.0,0.0,0.0,0.0,0.0,0.0,0.0,0.0,0.0,0.0,0.0,0.0,0.0,0.0,0.0,0.0,0.0,0.0,0.0,0.0,0.0,0.0,0.0,0.0,0.0,0.0,0.0,0.0,0.0,0.0,0.0,0.0,0.0,0.0,0.0,0.0,0.0,0.0,0.0,0.0,0.0,0.0,0.0,0.0,0.0,0.0,0.0,0.0
100,0.5624136924743652,0.735787034034729,-3.806938480011013e-07,0.5138427019119263,0.6515536308288574,0.007602253928780556,0.5084952712059021,0.5501599311828613,0.002698880387470126,0.5181072950363159,0.49318641424179077,-0.010585766285657883,0.5175868272781372,0.43842771649360657,-0.027080250903964043,0.5425737500190735,0.46016448736190796,0.0037652752362191677,0.48296231031417847,0.39874500036239624,-0.030406735837459564,0.4225994944572449,0.3935047388076782,-0.06345516443252563,0.3745977282524109,0.39882588386535645,-0.08504621684551239,0.5610214471817017,0.4576547145843506,-0.021680021658539772,0.5161893367767334,0.36025360226631165,-0.054116230458021164,0.4689822196960449,0.31323641538619995,-0.08632447570562363,0.4298586845397949,0.2740379571914673,-0.10796675831079483,0.5838057994842529,0.481584370136261,-0.0496848002076149,0.5610920190811157,0.35623180866241455,-0.08353379368782043,0.527946949005127,0.27523255348205566,-0.11402052640914917,0.5001509785652161,0.20625874400138855,-0.13445603847503662,0.6042771339416504,0.5238617062568665,-0.07632137835025787,0.6224141120910645,0.43625515699386597,-0.1053476333618164,0.6166022419929504,0.365665078163147,-0.12402341514825821,0.6044581532478333,0.30139946937561035,-0.13815774023532867,0.0,0.0,0.0,0.0,0.0,0.0,0.0,0.0,0.0,0.0,0.0,0.0,0.0,0.0,0.0,0.0,0.0,0.0,0.0,0.0,0.0,0.0,0.0,0.0,0.0,0.0,0.0,0.0,0.0,0.0,0.0,0.0,0.0,0.0,0.0,0.0,0.0,0.0,0.0,0.0,0.0,0.0,0.0,0.0,0.0,0.0,0.0,0.0,0.0,0.0,0.0,0.0,0.0,0.0,0.0,0.0,0.0,0.0,0.0,0.0,0.0,0.0,0.0
101,0.5432703495025635,0.7430619597434998,-6.457160850459331e-08,0.49866193532943726,0.6706116199493408,-0.0025643473491072655,0.49473679065704346,0.5834172964096069,-0.015543290413916111,0.501459002494812,0.535508930683136,-0.035645898431539536,0.4946178197860718,0.4842577874660492,-0.05743037536740303,0.5322730541229248,0.46882349252700806,-0.0085942717269063,0.4830259680747986,0.3977764844894409,-0.04813997820019722,0.4282025992870331,0.396285742521286,-0.08505627512931824,0.382872611284256,0.40488147735595703,-0.10831696540117264,0.5505275130271912,0.46487367153167725,-0.03036762960255146,0.5250734686851501,0.3534712791442871,-0.05874359607696533,0.49453651905059814,0.28217053413391113,-0.0891558974981308,0.4673866033554077,0.21574494242668152,-0.1130111813545227,0.5727109313011169,0.49061256647109985,-0.055745817720890045,0.5553700923919678,0.36738908290863037,-0.08694752305746078,0.5228601694107056,0.29256367683410645,-0.11435038596391678,0.49317947030067444,0.22658953070640564,-0.13426092267036438,0.594718337059021,0.5354129672050476,-0.08125130087137222,0.6141510009765625,0.44905030727386475,-0.10779262334108353,0.6107001304626465,0.3801741600036621,-0.12390508502721786,0.5997133255004883,0.31501197814941406,-0.13697071373462677,0.0,0.0,0.0,0.0,0.0,0.0,0.0,0.0,0.0,0.0,0.0,0.0,0.0,0.0,0.0,0.0,0.0,0.0,0.0,0.0,0.0,0.0,0.0,0.0,0.0,0.0,0.0,0.0,0.0,0.0,0.0,0.0,0.0,0.0,0.0,0.0,0.0,0.0,0.0,0.0,0.0,0.0,0.0,0.0,0.0,0.0,0.0,0.0,0.0,0.0,0.0,0.0,0.0,0.0,0.0,0.0,0.0,0.0,0.0,0.0,0.0,0.0,0.0
102,0.5503081679344177,0.7450500726699829,-8.013994090561027e-08,0.5001052618026733,0.6638438701629639,0.00313441245816648,0.4892914891242981,0.5663384199142456,-0.005001417361199856,0.4886779487133026,0.5125981569290161,-0.020900819450616837,0.4792681038379669,0.4554373025894165,-0.03841359168291092,0.5365286469459534,0.46539920568466187,-0.004497786983847618,0.4851382076740265,0.3970162868499756,-0.04082604497671127,0.4281125068664551,0.400763601064682,-0.07424935698509216,0.38395339250564575,0.4139132499694824,-0.09539736062288284,0.5537233948707581,0.4649612307548523,-0.028135644271969795,0.5297719240188599,0.3504438102245331,-0.05594665929675102,0.5010318160057068,0.2726370096206665,-0.08526410162448883,0.47786423563957214,0.1987442672252655,-0.10883202403783798,0.5737478137016296,0.49316877126693726,-0.054821860045194626,0.5540710687637329,0.36731085181236267,-0.08824211359024048,0.5169424414634705,0.29469770193099976,-0.11678312718868256,0.48531362414360046,0.23285871744155884,-0.13698230683803558,0.592822253704071,0.5385623574256897,-0.0807654932141304,0.613054633140564,0.4474826157093048,-0.11081478744745255,0.6117200255393982,0.3775652050971985,-0.12950140237808228,0.6031776666641235,0.3117244243621826,-0.14424292743206024,0.0,0.0,0.0,0.0,0.0,0.0,0.0,0.0,0.0,0.0,0.0,0.0,0.0,0.0,0.0,0.0,0.0,0.0,0.0,0.0,0.0,0.0,0.0,0.0,0.0,0.0,0.0,0.0,0.0,0.0,0.0,0.0,0.0,0.0,0.0,0.0,0.0,0.0,0.0,0.0,0.0,0.0,0.0,0.0,0.0,0.0,0.0,0.0,0.0,0.0,0.0,0.0,0.0,0.0,0.0,0.0,0.0,0.0,0.0,0.0,0.0,0.0,0.0
103,0.5443764925003052,0.726300835609436,-7.220378961392271e-08,0.5014276504516602,0.6318871974945068,0.006629043258726597,0.5022669434547424,0.5199070572853088,0.004573109094053507,0.5141638517379761,0.44978639483451843,-0.005206934176385403,0.5141259431838989,0.3844388723373413,-0.01619352027773857,0.5374394655227661,0.442525714635849,0.007115810178220272,0.49081388115882874,0.3728777766227722,-0.024472175166010857,0.4356168210506439,0.3717357814311981,-0.05409252643585205,0.39065152406692505,0.3798188269138336,-0.07236465066671371,0.5544660687446594,0.4399217963218689,-0.016075776889920235,0.530190646648407,0.33067408204078674,-0.03849424421787262,0.5009998679161072,0.2549002170562744,-0.06362391263246536,0.47533395886421204,0.1874833106994629,-0.08411221951246262,0.5758771896362305,0.46639540791511536,-0.04280049353837967,0.5598974227905273,0.35273855924606323,-0.07048486918210983,0.5287536978721619,0.27688708901405334,-0.0957527831196785,0.5034127235412598,0.21250006556510925,-0.11456068605184555,0.5964685678482056,0.5082564949989319,-0.06918830424547195,0.6216437220573425,0.4227958917617798,-0.09463271498680115,0.6318942308425903,0.35533273220062256,-0.11090248823165894,0.637470006942749,0.2927219271659851,-0.12440888583660126,0.0,0.0,0.0,0.0,0.0,0.0,0.0,0.0,0.0,0.0,0.0,0.0,0.0,0.0,0.0,0.0,0.0,0.0,0.0,0.0,0.0,0.0,0.0,0.0,0.0,0.0,0.0,0.0,0.0,0.0,0.0,0.0,0.0,0.0,0.0,0.0,0.0,0.0,0.0,0.0,0.0,0.0,0.0,0.0,0.0,0.0,0.0,0.0,0.0,0.0,0.0,0.0,0.0,0.0,0.0,0.0,0.0,0.0,0.0,0.0,0.0,0.0,0.0
104,0.543311595916748,0.7152718305587769,-1.1326154236712682e-07,0.49851110577583313,0.6249905228614807,0.0035217455588281155,0.49418988823890686,0.5155068039894104,0.0006392945069819689,0.5025423169136047,0.4492778778076172,-0.009431350976228714,0.5023653507232666,0.3888774812221527,-0.019638998433947563,0.5339809656143188,0.43739408254623413,0.005493754521012306,0.4886937737464905,0.36627569794654846,-0.026388010010123253,0.43304795026779175,0.3731343150138855,-0.05678560212254524,0.3891499638557434,0.390228807926178,-0.0753779411315918,0.5514484643936157,0.433401882648468,-0.015533186495304108,0.5267033576965332,0.32118821144104004,-0.036817558109760284,0.5006179213523865,0.24236352741718292,-0.06027437746524811,0.47816359996795654,0.17234307527542114,-0.07916348427534103,0.5739932656288147,0.45845627784729004,-0.040459536015987396,0.5549353361129761,0.33949989080429077,-0.06639471650123596,0.526206374168396,0.2613025903701782,-0.08891312777996063,0.5014177560806274,0.19632813334465027,-0.10550186038017273,0.5971410274505615,0.500331699848175,-0.06557963788509369,0.6213537454605103,0.4148361384868622,-0.08922326564788818,0.6285359859466553,0.34579092264175415,-0.10308771580457687,0.6290082931518555,0.28294241428375244,-0.11452276259660721,0.0,0.0,0.0,0.0,0.0,0.0,0.0,0.0,0.0,0.0,0.0,0.0,0.0,0.0,0.0,0.0,0.0,0.0,0.0,0.0,0.0,0.0,0.0,0.0,0.0,0.0,0.0,0.0,0.0,0.0,0.0,0.0,0.0,0.0,0.0,0.0,0.0,0.0,0.0,0.0,0.0,0.0,0.0,0.0,0.0,0.0,0.0,0.0,0.0,0.0,0.0,0.0,0.0,0.0,0.0,0.0,0.0,0.0,0.0,0.0,0.0,0.0,0.0
105,0.5414777398109436,0.7062377333641052,-5.657564727812314e-08,0.4935756325721741,0.6146080493927002,0.005300238262861967,0.4822653532028198,0.5038346648216248,0.0019738199189305305,0.4820203483104706,0.4386272132396698,-0.009151460602879524,0.47873586416244507,0.3818606436252594,-0.021709725260734558,0.5228538513183594,0.42633455991744995,0.006700904108583927,0.4814717769622803,0.3465597629547119,-0.021996986120939255,0.4307478964328766,0.33752793073654175,-0.048820946365594864,0.39221227169036865,0.3382597267627716,-0.06585020571947098,0.5415295362472534,0.42248836159706116,-0.015526993200182915,0.5145547389984131,0.3128628730773926,-0.03761738911271095,0.4851526618003845,0.23906289041042328,-0.06260688602924347,0.46430131793022156,0.17248225212097168,-0.08257023245096207,0.5647206902503967,0.44695255160331726,-0.041010934859514236,0.5466637015342712,0.32633787393569946,-0.06911829859018326,0.5158409476280212,0.250397264957428,-0.09513887763023376,0.4919835925102234,0.18750286102294922,-0.11402073502540588,0.5880084037780762,0.4882899820804596,-0.06592626869678497,0.6128140687942505,0.4004586338996887,-0.09023039042949677,0.6205984950065613,0.3335508704185486,-0.10636360198259354,0.6236848831176758,0.2726110517978668,-0.11984429508447647,0.0,0.0,0.0,0.0,0.0,0.0,0.0,0.0,0.0,0.0,0.0,0.0,0.0,0.0,0.0,0.0,0.0,0.0,0.0,0.0,0.0,0.0,0.0,0.0,0.0,0.0,0.0,0.0,0.0,0.0,0.0,0.0,0.0,0.0,0.0,0.0,0.0,0.0,0.0,0.0,0.0,0.0,0.0,0.0,0.0,0.0,0.0,0.0,0.0,0.0,0.0,0.0,0.0,0.0,0.0,0.0,0.0,0.0,0.0,0.0,0.0,0.0,0.0
106,0.5325272679328918,0.7015858888626099,-1.1689442658280313e-07,0.488098680973053,0.6130881309509277,0.0023162695579230785,0.4791627526283264,0.5115585327148438,-0.0024948501959443092,0.48201918601989746,0.4478778541088104,-0.014790044166147709,0.4795267879962921,0.39151740074157715,-0.02766815386712551,0.5164933204650879,0.4329642057418823,0.006739599630236626,0.46787309646606445,0.3675720691680908,-0.029494108632206917,0.4110528826713562,0.3756049871444702,-0.06491643190383911,0.36641013622283936,0.3922090232372284,-0.08574394881725311,0.535496711730957,0.4259076714515686,-0.012683701701462269,0.5130784511566162,0.31671199202537537,-0.034772809594869614,0.488669753074646,0.24021871387958527,-0.05894782021641731,0.4673708379268646,0.17196759581565857,-0.07731422036886215,0.5593563318252563,0.44566431641578674,-0.036322642117738724,0.5478402376174927,0.3272339701652527,-0.060868509113788605,0.5248139500617981,0.2517787218093872,-0.08113661408424377,0.5026505589485168,0.18952760100364685,-0.0949556976556778,0.5834898352622986,0.48323148488998413,-0.060440752655267715,0.6060570478439331,0.3977394104003906,-0.08083399385213852,0.6101323962211609,0.3293323814868927,-0.09056459367275238,0.6064360737800598,0.2678989768028259,-0.09776777029037476,0.0,0.0,0.0,0.0,0.0,0.0,0.0,0.0,0.0,0.0,0.0,0.0,0.0,0.0,0.0,0.0,0.0,0.0,0.0,0.0,0.0,0.0,0.0,0.0,0.0,0.0,0.0,0.0,0.0,0.0,0.0,0.0,0.0,0.0,0.0,0.0,0.0,0.0,0.0,0.0,0.0,0.0,0.0,0.0,0.0,0.0,0.0,0.0,0.0,0.0,0.0,0.0,0.0,0.0,0.0,0.0,0.0,0.0,0.0,0.0,0.0,0.0,0.0
107,0.5288965106010437,0.7041279077529907,6.126609886081269e-09,0.48004212975502014,0.6256210207939148,-0.0005335747264325619,0.4670608639717102,0.5242029428482056,-0.007364080287516117,0.4680529832839966,0.46260491013526917,-0.020723573863506317,0.4661795198917389,0.4065118730068207,-0.03545252978801727,0.5019201040267944,0.4390261769294739,-0.005408084951341152,0.4552902281284332,0.36096301674842834,-0.04006417468190193,0.40210849046707153,0.34714850783348083,-0.0707305371761322,0.35841643810272217,0.34569936990737915,-0.08909011632204056,0.5244222283363342,0.432605117559433,-0.025673730298876762,0.5058799982070923,0.3159182369709015,-0.0505252480506897,0.48007479310035706,0.235647514462471,-0.07706225663423538,0.45635586977005005,0.16401579976081848,-0.09761014580726624,0.549787700176239,0.45469221472740173,-0.04933175817131996,0.5328012108802795,0.3344872295856476,-0.07818951457738876,0.501598060131073,0.2583065629005432,-0.10478807985782623,0.4733032286167145,0.1958428919315338,-0.12352079153060913,0.5744704604148865,0.4944552183151245,-0.07292453944683075,0.5979068279266357,0.40313199162483215,-0.09789800643920898,0.6036067605018616,0.33351510763168335,-0.11456403136253357,0.6027874946594238,0.27032652497291565,-0.12796062231063843,0.0,0.0,0.0,0.0,0.0,0.0,0.0,0.0,0.0,0.0,0.0,0.0,0.0,0.0,0.0,0.0,0.0,0.0,0.0,0.0,0.0,0.0,0.0,0.0,0.0,0.0,0.0,0.0,0.0,0.0,0.0,0.0,0.0,0.0,0.0,0.0,0.0,0.0,0.0,0.0,0.0,0.0,0.0,0.0,0.0,0.0,0.0,0.0,0.0,0.0,0.0,0.0,0.0,0.0,0.0,0.0,0.0,0.0,0.0,0.0,0.0,0.0,0.0
108,0.5347438454627991,0.6847445368766785,1.142360019912303e-07,0.4855773150920868,0.605235755443573,0.01384942140430212,0.48358649015426636,0.5046345591545105,0.018689578399062157,0.4861111044883728,0.4398975372314453,0.01741044409573078,0.48195505142211914,0.3869228959083557,0.014252987690269947,0.5167393684387207,0.4554469585418701,0.01515333540737629,0.49132901430130005,0.38914039731025696,0.005021051969379187,0.4523800015449524,0.34758859872817993,-0.007365299854427576,0.41461384296417236,0.30837899446487427,-0.019153263419866562,0.5357104539871216,0.45142361521720886,-0.00807396974414587,0.5006791949272156,0.3834744691848755,-0.02316308580338955,0.4517197012901306,0.3523939251899719,-0.03904327005147934,0.41380923986434937,0.335537314414978,-0.051084138453006744,0.5599033236503601,0.46211808919906616,-0.03233051672577858,0.5545405745506287,0.3719629645347595,-0.04960517957806587,0.5267723202705383,0.3017022907733917,-0.06731690466403961,0.5060498714447021,0.2517465054988861,-0.0812632292509079,0.5846877098083496,0.48320305347442627,-0.0555758997797966,0.6110493540763855,0.39844411611557007,-0.07163648307323456,0.6117898225784302,0.334123820066452,-0.08196622878313065,0.6102670431137085,0.27700090408325195,-0.09110400825738907,0.0,0.0,0.0,0.0,0.0,0.0,0.0,0.0,0.0,0.0,0.0,0.0,0.0,0.0,0.0,0.0,0.0,0.0,0.0,0.0,0.0,0.0,0.0,0.0,0.0,0.0,0.0,0.0,0.0,0.0,0.0,0.0,0.0,0.0,0.0,0.0,0.0,0.0,0.0,0.0,0.0,0.0,0.0,0.0,0.0,0.0,0.0,0.0,0.0,0.0,0.0,0.0,0.0,0.0,0.0,0.0,0.0,0.0,0.0,0.0,0.0,0.0,0.0
109,0.5242291688919067,0.658388614654541,-7.767280862935877e-08,0.49317023158073425,0.5971016883850098,0.0009493749239481986,0.489281564950943,0.5044589638710022,-0.0027811028994619846,0.4933359920978546,0.4480086863040924,-0.012294716201722622,0.4900640547275543,0.40154093503952026,-0.023430053144693375,0.5250333547592163,0.42998161911964417,-0.0032568657770752907,0.48397380113601685,0.3674856722354889,-0.03078438527882099,0.4348732531070709,0.369191974401474,-0.05593820661306381,0.3953157663345337,0.3787864148616791,-0.07197607308626175,0.5422919392585754,0.41994839906692505,-0.02176801860332489,0.5120628476142883,0.318969190120697,-0.04441387206315994,0.4764169454574585,0.25126880407333374,-0.06959787011146545,0.4474151134490967,0.19059541821479797,-0.08886004984378815,0.5636352300643921,0.4383218288421631,-0.04208895564079285,0.5451237559318542,0.3298912048339844,-0.06953661888837814,0.5125328898429871,0.2589554786682129,-0.09375482052564621,0.4839291274547577,0.20204490423202515,-0.11076299846172333,0.5849796533584595,0.47497621178627014,-0.0618523433804512,0.6040089130401611,0.3928799033164978,-0.08623234182596207,0.6040787696838379,0.3262852430343628,-0.10075660794973373,0.597334086894989,0.2677707076072693,-0.11213802546262741,0.0,0.0,0.0,0.0,0.0,0.0,0.0,0.0,0.0,0.0,0.0,0.0,0.0,0.0,0.0,0.0,0.0,0.0,0.0,0.0,0.0,0.0,0.0,0.0,0.0,0.0,0.0,0.0,0.0,0.0,0.0,0.0,0.0,0.0,0.0,0.0,0.0,0.0,0.0,0.0,0.0,0.0,0.0,0.0,0.0,0.0,0.0,0.0,0.0,0.0,0.0,0.0,0.0,0.0,0.0,0.0,0.0,0.0,0.0,0.0,0.0,0.0,0.0
110,0.5517438054084778,0.6643761396408081,9.948892198963222e-08,0.512043833732605,0.5782850980758667,0.01148648839443922,0.5246082544326782,0.477456659078598,0.01499281544238329,0.5374739170074463,0.4140872359275818,0.011972911655902863,0.5330713987350464,0.35534989833831787,0.007246933411806822,0.5560106039047241,0.41865870356559753,0.011505485512316227,0.5210573077201843,0.3530161380767822,-0.00014612312952522188,0.4745331108570099,0.31152433156967163,-0.012809734791517258,0.4360126852989197,0.27522188425064087,-0.02490261197090149,0.5694410800933838,0.41678720712661743,-0.01157989539206028,0.5326830744743347,0.33315378427505493,-0.026965158060193062,0.4862334728240967,0.28326892852783203,-0.046343084424734116,0.4520540237426758,0.2449532449245453,-0.06270995736122131,0.5843052864074707,0.4351772665977478,-0.03553783893585205,0.5655652284622192,0.3471699357032776,-0.054037872701883316,0.5302844047546387,0.28024664521217346,-0.07423801720142365,0.5051986575126648,0.23393571376800537,-0.09070484340190887,0.5967281460762024,0.46709591150283813,-0.0588560588657856,0.6193599700927734,0.38779929280281067,-0.07656913995742798,0.616666853427887,0.3206685781478882,-0.09064438194036484,0.6109980940818787,0.26493436098098755,-0.10358449816703796,0.0,0.0,0.0,0.0,0.0,0.0,0.0,0.0,0.0,0.0,0.0,0.0,0.0,0.0,0.0,0.0,0.0,0.0,0.0,0.0,0.0,0.0,0.0,0.0,0.0,0.0,0.0,0.0,0.0,0.0,0.0,0.0,0.0,0.0,0.0,0.0,0.0,0.0,0.0,0.0,0.0,0.0,0.0,0.0,0.0,0.0,0.0,0.0,0.0,0.0,0.0,0.0,0.0,0.0,0.0,0.0,0.0,0.0,0.0,0.0,0.0,0.0,0.0
111,0.5389878749847412,0.6286891102790833,-5.631443400488934e-07,0.5061668157577515,0.5518710017204285,0.01084921509027481,0.5078325867652893,0.4512844681739807,0.009858661331236362,0.517632007598877,0.39138534665107727,0.0007562126265838742,0.5147038698196411,0.3322256803512573,-0.009953527711331844,0.5396385192871094,0.3906506299972534,0.010334243066608906,0.49954894185066223,0.31594061851501465,-0.013694938272237778,0.45392608642578125,0.31957340240478516,-0.034922435879707336,0.4192243814468384,0.3359682559967041,-0.04825292155146599,0.5575412511825562,0.38990509510040283,-0.011297664605081081,0.4981410801410675,0.32682859897613525,-0.04830782115459442,0.44141948223114014,0.33413323760032654,-0.07181352376937866,0.40157607197761536,0.3460274040699005,-0.08128006756305695,0.5765867829322815,0.40740567445755005,-0.0349651575088501,0.5478736758232117,0.3029271364212036,-0.06598321348428726,0.5102930665016174,0.23878906667232513,-0.08706066012382507,0.47798076272010803,0.18713971972465515,-0.09847455471754074,0.5945864319801331,0.4377421736717224,-0.05714548006653786,0.6152740716934204,0.3644304871559143,-0.07990169525146484,0.6126182675361633,0.30531570315361023,-0.09335608780384064,0.6026540994644165,0.24849443137645721,-0.1021740585565567,0.0,0.0,0.0,0.0,0.0,0.0,0.0,0.0,0.0,0.0,0.0,0.0,0.0,0.0,0.0,0.0,0.0,0.0,0.0,0.0,0.0,0.0,0.0,0.0,0.0,0.0,0.0,0.0,0.0,0.0,0.0,0.0,0.0,0.0,0.0,0.0,0.0,0.0,0.0,0.0,0.0,0.0,0.0,0.0,0.0,0.0,0.0,0.0,0.0,0.0,0.0,0.0,0.0,0.0,0.0,0.0,0.0,0.0,0.0,0.0,0.0,0.0,0.0
112,0.5475741624832153,0.6322917938232422,-5.575673185376218e-07,0.5094056725502014,0.5590307712554932,0.008389407768845558,0.5088013410568237,0.4587424099445343,0.00597126130014658,0.5191216468811035,0.3995787501335144,-0.004041594918817282,0.5184487104415894,0.3443804085254669,-0.015073291026055813,0.5397284030914307,0.3870890140533447,0.009015887044370174,0.496391236782074,0.31394121050834656,-0.016925126314163208,0.4490959048271179,0.3210851848125458,-0.03981655836105347,0.4145633578300476,0.33718255162239075,-0.054352473467588425,0.5585591197013855,0.38717469573020935,-0.012456221505999565,0.5023931264877319,0.31656453013420105,-0.0508432574570179,0.4479464888572693,0.3134469985961914,-0.07711780816316605,0.4082135558128357,0.31613895297050476,-0.08864443749189377,0.5796005129814148,0.4069000482559204,-0.035873111337423325,0.5491990447044373,0.30087029933929443,-0.06914900988340378,0.5097634792327881,0.23562628030776978,-0.09154145419597626,0.4773421287536621,0.18210920691490173,-0.10339999198913574,0.5986837148666382,0.43825340270996094,-0.057957373559474945,0.6175175905227661,0.36346036195755005,-0.08192019164562225,0.6171957850456238,0.3031521439552307,-0.09578919410705566,0.611884593963623,0.2456437349319458,-0.10469214618206024,0.0,0.0,0.0,0.0,0.0,0.0,0.0,0.0,0.0,0.0,0.0,0.0,0.0,0.0,0.0,0.0,0.0,0.0,0.0,0.0,0.0,0.0,0.0,0.0,0.0,0.0,0.0,0.0,0.0,0.0,0.0,0.0,0.0,0.0,0.0,0.0,0.0,0.0,0.0,0.0,0.0,0.0,0.0,0.0,0.0,0.0,0.0,0.0,0.0,0.0,0.0,0.0,0.0,0.0,0.0,0.0,0.0,0.0,0.0,0.0,0.0,0.0,0.0
113,0.5608748197555542,0.6223336458206177,-4.479401809476258e-07,0.5238442420959473,0.5581371784210205,0.002163807861506939,0.5257258415222168,0.45900142192840576,-0.0015311652095988393,0.5440541505813599,0.39838725328445435,-0.01111516822129488,0.5523554086685181,0.34602051973342896,-0.022693131119012833,0.5471653938293457,0.38714033365249634,0.005074349697679281,0.5054012537002563,0.31327441334724426,-0.022339707240462303,0.45444783568382263,0.29205864667892456,-0.047838106751441956,0.409351110458374,0.2806263267993927,-0.0643438771367073,0.5670342445373535,0.38109785318374634,-0.0144544318318367,0.5188968777656555,0.29996025562286377,-0.05055025592446327,0.4598102569580078,0.2841149568557739,-0.07780398428440094,0.4136156439781189,0.27950596809387207,-0.09101077914237976,0.5886240601539612,0.39939090609550476,-0.036624759435653687,0.571483314037323,0.29320597648620605,-0.0675094723701477,0.5371847748756409,0.22552193701267242,-0.09079838544130325,0.5077703595161438,0.17007145285606384,-0.1044861450791359,0.608063817024231,0.433404803276062,-0.05826704949140549,0.6302010416984558,0.3616071343421936,-0.08134476840496063,0.630280077457428,0.3039140999317169,-0.09513674676418304,0.6239182353019714,0.24941636621952057,-0.10496693104505539,0.0,0.0,0.0,0.0,0.0,0.0,0.0,0.0,0.0,0.0,0.0,0.0,0.0,0.0,0.0,0.0,0.0,0.0,0.0,0.0,0.0,0.0,0.0,0.0,0.0,0.0,0.0,0.0,0.0,0.0,0.0,0.0,0.0,0.0,0.0,0.0,0.0,0.0,0.0,0.0,0.0,0.0,0.0,0.0,0.0,0.0,0.0,0.0,0.0,0.0,0.0,0.0,0.0,0.0,0.0,0.0,0.0,0.0,0.0,0.0,0.0,0.0,0.0
114,0.5638830065727234,0.5991856455802917,-3.0564422104362166e-07,0.5259516835212708,0.5324552655220032,0.005911282729357481,0.5327540636062622,0.4417203664779663,0.0038730651140213013,0.553396999835968,0.3883124589920044,-0.0057101319544017315,0.562168300151825,0.33676373958587646,-0.016500335186719894,0.5556654930114746,0.36266425251960754,0.012185784988105297,0.5087783932685852,0.3062469959259033,-0.012842044234275818,0.4564693570137024,0.31433403491973877,-0.03863813728094101,0.41589590907096863,0.330598920583725,-0.055278293788433075,0.5734304189682007,0.3545103073120117,-0.007590163964778185,0.5357405543327332,0.2741212248802185,-0.02866014465689659,0.4973664879798889,0.22395844757556915,-0.05287322402000427,0.4636739492416382,0.1801348626613617,-0.07078096270561218,0.5951496362686157,0.3718058466911316,-0.030246635898947716,0.571610689163208,0.27087172865867615,-0.05480794981122017,0.539192259311676,0.20445819199085236,-0.07804717123508453,0.5096076130867004,0.14973390102386475,-0.09441851824522018,0.6167739629745483,0.40419697761535645,-0.05249657481908798,0.6322398781776428,0.32600289583206177,-0.07353949546813965,0.6304463744163513,0.266473650932312,-0.08736103773117065,0.6193181872367859,0.21379335224628448,-0.09839553385972977,0.0,0.0,0.0,0.0,0.0,0.0,0.0,0.0,0.0,0.0,0.0,0.0,0.0,0.0,0.0,0.0,0.0,0.0,0.0,0.0,0.0,0.0,0.0,0.0,0.0,0.0,0.0,0.0,0.0,0.0,0.0,0.0,0.0,0.0,0.0,0.0,0.0,0.0,0.0,0.0,0.0,0.0,0.0,0.0,0.0,0.0,0.0,0.0,0.0,0.0,0.0,0.0,0.0,0.0,0.0,0.0,0.0,0.0,0.0,0.0,0.0,0.0,0.0
115,0.5672367811203003,0.5780349969863892,-1.810008427582943e-07,0.5247580409049988,0.509064257144928,0.0011706878431141376,0.5331862568855286,0.41830241680145264,-0.0007633997593075037,0.5572890639305115,0.3614598214626312,-0.008736456744372845,0.5696071982383728,0.30918827652931213,-0.017315788194537163,0.5536705851554871,0.34567803144454956,0.010180996730923653,0.5133305788040161,0.2776869833469391,-0.01584339328110218,0.4634888768196106,0.26165372133255005,-0.040853746235370636,0.42082375288009644,0.254686176776886,-0.05655539780855179,0.5721094012260437,0.33572787046432495,-0.005909928120672703,0.5420166850090027,0.24520519375801086,-0.02600969560444355,0.5095645189285278,0.18640488386154175,-0.048589251935482025,0.4803159534931183,0.1344146430492401,-0.06589525938034058,0.5919932723045349,0.34994450211524963,-0.025683460757136345,0.5703446865081787,0.24825426936149597,-0.04941805824637413,0.5392438173294067,0.18410933017730713,-0.07245856523513794,0.5109007358551025,0.13226690888404846,-0.08888329565525055,0.6112427115440369,0.37861472368240356,-0.045669253915548325,0.6239851117134094,0.30349433422088623,-0.06597115844488144,0.620891809463501,0.2457127720117569,-0.08156705647706985,0.6097760200500488,0.19425711035728455,-0.09446925669908524,0.0,0.0,0.0,0.0,0.0,0.0,0.0,0.0,0.0,0.0,0.0,0.0,0.0,0.0,0.0,0.0,0.0,0.0,0.0,0.0,0.0,0.0,0.0,0.0,0.0,0.0,0.0,0.0,0.0,0.0,0.0,0.0,0.0,0.0,0.0,0.0,0.0,0.0,0.0,0.0,0.0,0.0,0.0,0.0,0.0,0.0,0.0,0.0,0.0,0.0,0.0,0.0,0.0,0.0,0.0,0.0,0.0,0.0,0.0,0.0,0.0,0.0,0.0
116,0.5655115842819214,0.5665528774261475,-2.955089826173207e-07,0.5232630968093872,0.5145033001899719,-0.0012445686152204871,0.52564537525177,0.44176697731018066,-0.004893621429800987,0.5423315167427063,0.39379778504371643,-0.013823790475726128,0.5502132773399353,0.344553142786026,-0.022349976003170013,0.5481628775596619,0.34074318408966064,0.01245281845331192,0.5054491758346558,0.2844974994659424,-0.011245783418416977,0.45912832021713257,0.29034334421157837,-0.03672501817345619,0.42680343985557556,0.304207444190979,-0.05257461592555046,0.5634850859642029,0.32854363322257996,-0.001041100244037807,0.527941882610321,0.2446928322315216,-0.014224776066839695,0.49853575229644775,0.18941941857337952,-0.0328589491546154,0.47619935870170593,0.13848960399627686,-0.048764344304800034,0.5825284719467163,0.33712026476860046,-0.018648019060492516,0.5548551082611084,0.24221540987491608,-0.035679832100868225,0.5258309245109558,0.18035463988780975,-0.05389047786593437,0.5010322332382202,0.12870025634765625,-0.06782332807779312,0.603114664554596,0.3580557703971863,-0.03712034225463867,0.6057347059249878,0.28116121888160706,-0.05174889415502548,0.5987700819969177,0.22680369019508362,-0.06127111613750458,0.5843459963798523,0.17906014621257782,-0.06963036209344864,0.0,0.0,0.0,0.0,0.0,0.0,0.0,0.0,0.0,0.0,0.0,0.0,0.0,0.0,0.0,0.0,0.0,0.0,0.0,0.0,0.0,0.0,0.0,0.0,0.0,0.0,0.0,0.0,0.0,0.0,0.0,0.0,0.0,0.0,0.0,0.0,0.0,0.0,0.0,0.0,0.0,0.0,0.0,0.0,0.0,0.0,0.0,0.0,0.0,0.0,0.0,0.0,0.0,0.0,0.0,0.0,0.0,0.0,0.0,0.0,0.0,0.0,0.0
117,0.5684293508529663,0.5560957193374634,-2.136239061201195e-07,0.5240381360054016,0.5043109059333801,-0.0016960258362814784,0.5282080173492432,0.43163686990737915,-0.004574206657707691,0.5481611490249634,0.38359493017196655,-0.01229237113147974,0.5506982207298279,0.33533045649528503,-0.02005842886865139,0.5456165671348572,0.33220040798187256,0.015336161479353905,0.5038760900497437,0.2714855670928955,-0.006757585797458887,0.458315908908844,0.25251588225364685,-0.03218979388475418,0.42176446318626404,0.24367201328277588,-0.048721589148044586,0.5627222657203674,0.3206070065498352,0.002397670177742839,0.5288947820663452,0.23540890216827393,-0.011092607863247395,0.5000267624855042,0.1840374767780304,-0.03143462911248207,0.47605615854263306,0.13748565316200256,-0.048094309866428375,0.5806999802589417,0.33003106713294983,-0.014600505121052265,0.5592095851898193,0.23399275541305542,-0.030386535450816154,0.535824179649353,0.17366600036621094,-0.049244191497564316,0.5145199298858643,0.12218616902828217,-0.06398404389619827,0.5994029641151428,0.3525804579257965,-0.0326509103178978,0.6011655926704407,0.2809903621673584,-0.04558061435818672,0.5940676927566528,0.2291555106639862,-0.05563687905669212,0.5808405876159668,0.18165943026542664,-0.0647910088300705,0.0,0.0,0.0,0.0,0.0,0.0,0.0,0.0,0.0,0.0,0.0,0.0,0.0,0.0,0.0,0.0,0.0,0.0,0.0,0.0,0.0,0.0,0.0,0.0,0.0,0.0,0.0,0.0,0.0,0.0,0.0,0.0,0.0,0.0,0.0,0.0,0.0,0.0,0.0,0.0,0.0,0.0,0.0,0.0,0.0,0.0,0.0,0.0,0.0,0.0,0.0,0.0,0.0,0.0,0.0,0.0,0.0,0.0,0.0,0.0,0.0,0.0,0.0
118,0.561159074306488,0.5482710599899292,-3.835130257812125e-07,0.5256351232528687,0.48441022634506226,0.009571041911840439,0.5367453098297119,0.41000527143478394,0.011894496157765388,0.5572895407676697,0.36013999581336975,0.007893476635217667,0.56135094165802,0.3109476566314697,0.0037009376101195812,0.551458477973938,0.3332342803478241,0.022499963641166687,0.508610188961029,0.2804727554321289,-0.00102768256329,0.46140962839126587,0.28387826681137085,-0.029044151306152344,0.42490172386169434,0.29632604122161865,-0.04644843935966492,0.5653237700462341,0.32240545749664307,0.006173968780785799,0.5320794582366943,0.23957403004169464,-0.004770633764564991,0.5033077597618103,0.18936368823051453,-0.022642411291599274,0.4783044159412384,0.14686162769794464,-0.03787323087453842,0.5811008810997009,0.3312445282936096,-0.013613489456474781,0.5626450777053833,0.23310475051403046,-0.025906195864081383,0.5413660407066345,0.1702800691127777,-0.0414152555167675,0.522291362285614,0.1186642199754715,-0.054433152079582214,0.5963824987411499,0.35073423385620117,-0.033526476472616196,0.5968337059020996,0.28177380561828613,-0.04529363289475441,0.5882458686828613,0.22920700907707214,-0.052742160856723785,0.5732458829879761,0.18113891780376434,-0.05975181609392166,0.0,0.0,0.0,0.0,0.0,0.0,0.0,0.0,0.0,0.0,0.0,0.0,0.0,0.0,0.0,0.0,0.0,0.0,0.0,0.0,0.0,0.0,0.0,0.0,0.0,0.0,0.0,0.0,0.0,0.0,0.0,0.0,0.0,0.0,0.0,0.0,0.0,0.0,0.0,0.0,0.0,0.0,0.0,0.0,0.0,0.0,0.0,0.0,0.0,0.0,0.0,0.0,0.0,0.0,0.0,0.0,0.0,0.0,0.0,0.0,0.0,0.0,0.0
119,0.5652720928192139,0.548427164554596,-3.194076327872608e-07,0.5205767750740051,0.48833534121513367,0.010130091570317745,0.530387818813324,0.4191049635410309,0.012788021937012672,0.5490818023681641,0.369876891374588,0.008860449306666851,0.5494277477264404,0.3185960650444031,0.0043317354284226894,0.544326663017273,0.3318481743335724,0.02527160570025444,0.5053427219390869,0.2650209367275238,0.007290959823876619,0.4612061679363251,0.2532426416873932,-0.014352221973240376,0.4285554885864258,0.25341546535491943,-0.02834251895546913,0.5612250566482544,0.3197285830974579,0.008068219758570194,0.5275793075561523,0.23305253684520721,-0.001811280963011086,0.49874553084373474,0.18127399682998657,-0.017684541642665863,0.47555869817733765,0.13717953860759735,-0.03149643912911415,0.577520489692688,0.3285180926322937,-0.012507366947829723,0.5589280128479004,0.2294117957353592,-0.024995705112814903,0.537916898727417,0.1663697063922882,-0.039670154452323914,0.5202435851097107,0.11332076787948608,-0.05204885080456734,0.592343807220459,0.3478262722492218,-0.03316931053996086,0.5907847881317139,0.2745680809020996,-0.04606376215815544,0.5812267065048218,0.2209046185016632,-0.05471627414226532,0.5663069486618042,0.17267273366451263,-0.06271211802959442,0.0,0.0,0.0,0.0,0.0,0.0,0.0,0.0,0.0,0.0,0.0,0.0,0.0,0.0,0.0,0.0,0.0,0.0,0.0,0.0,0.0,0.0,0.0,0.0,0.0,0.0,0.0,0.0,0.0,0.0,0.0,0.0,0.0,0.0,0.0,0.0,0.0,0.0,0.0,0.0,0.0,0.0,0.0,0.0,0.0,0.0,0.0,0.0,0.0,0.0,0.0,0.0,0.0,0.0,0.0,0.0,0.0,0.0,0.0,0.0,0.0,0.0,0.0
120,0.5579726696014404,0.5501243472099304,-3.9430688048014417e-07,0.5189387798309326,0.4853380024433136,0.018709581345319748,0.5281417965888977,0.4193922281265259,0.02415657974779606,0.5447137355804443,0.37378138303756714,0.021068915724754333,0.5463181734085083,0.32371360063552856,0.017583675682544708,0.5483341813087463,0.3348224461078644,0.035032156854867935,0.509498655796051,0.2794876992702484,0.01706928014755249,0.4670182466506958,0.2862682044506073,-0.005376705899834633,0.43742382526397705,0.30064260959625244,-0.019216414541006088,0.5621334314346313,0.3250386714935303,0.013836916536092758,0.5281661152839661,0.23799888789653778,0.006340316496789455,0.49858319759368896,0.18668490648269653,-0.008578778244554996,0.47465449571609497,0.1425238847732544,-0.0221993587911129,0.5758858919143677,0.3341239094734192,-0.010511545464396477,0.5545759201049805,0.23456628620624542,-0.020352723076939583,0.5304285883903503,0.17404113709926605,-0.033673543483018875,0.510354220867157,0.1245603859424591,-0.0455375611782074,0.5874561667442322,0.35049477219581604,-0.034363891929388046,0.5846602916717529,0.2759937644004822,-0.0446736142039299,0.575125515460968,0.22147780656814575,-0.05152065306901932,0.5606249570846558,0.17240840196609497,-0.05839034914970398,0.0,0.0,0.0,0.0,0.0,0.0,0.0,0.0,0.0,0.0,0.0,0.0,0.0,0.0,0.0,0.0,0.0,0.0,0.0,0.0,0.0,0.0,0.0,0.0,0.0,0.0,0.0,0.0,0.0,0.0,0.0,0.0,0.0,0.0,0.0,0.0,0.0,0.0,0.0,0.0,0.0,0.0,0.0,0.0,0.0,0.0,0.0,0.0,0.0,0.0,0.0,0.0,0.0,0.0,0.0,0.0,0.0,0.0,0.0,0.0,0.0,0.0,0.0
121,0.5509452819824219,0.554326057434082,-4.191855111912446e-07,0.5134627819061279,0.48604899644851685,0.01987100951373577,0.5239956974983215,0.4183945953845978,0.02422403171658516,0.5433279275894165,0.37580978870391846,0.019371915608644485,0.5513817071914673,0.32939836382865906,0.013972221873700619,0.5440866351127625,0.34013640880584717,0.03405347093939781,0.5096732378005981,0.2790311276912689,0.01739162765443325,0.4718318283557892,0.2849082946777344,-0.002298276871442795,0.4479275345802307,0.3022565245628357,-0.014745953492820263,0.5579939484596252,0.33017098903656006,0.01113048754632473,0.5213866233825684,0.24495217204093933,0.0016386115457862616,0.48974254727363586,0.1952933520078659,-0.013545219786465168,0.4642394781112671,0.15618737041950226,-0.027238162234425545,0.570286214351654,0.33872759342193604,-0.01473477017134428,0.5514459609985352,0.23841062188148499,-0.027272995561361313,0.5277538299560547,0.17674411833286285,-0.04239382594823837,0.5070861577987671,0.12794694304466248,-0.05542435124516487,0.5798259377479553,0.35612666606903076,-0.03961465135216713,0.5832004547119141,0.2828371226787567,-0.05239054560661316,0.5756852626800537,0.22804762423038483,-0.061478231102228165,0.5612655878067017,0.18030691146850586,-0.07018566131591797,0.0,0.0,0.0,0.0,0.0,0.0,0.0,0.0,0.0,0.0,0.0,0.0,0.0,0.0,0.0,0.0,0.0,0.0,0.0,0.0,0.0,0.0,0.0,0.0,0.0,0.0,0.0,0.0,0.0,0.0,0.0,0.0,0.0,0.0,0.0,0.0,0.0,0.0,0.0,0.0,0.0,0.0,0.0,0.0,0.0,0.0,0.0,0.0,0.0,0.0,0.0,0.0,0.0,0.0,0.0,0.0,0.0,0.0,0.0,0.0,0.0,0.0,0.0
122,0.5513486266136169,0.555182695388794,-3.9873359014563903e-07,0.5089502930641174,0.499325692653656,0.009715106338262558,0.5137989521026611,0.4340832531452179,0.01142880879342556,0.5321028828620911,0.3896980583667755,0.0062880623154342175,0.5403565168380737,0.3426790237426758,0.0007506920373998582,0.5323036313056946,0.33891183137893677,0.024482309818267822,0.4905172288417816,0.27575957775115967,0.00521091977134347,0.44496655464172363,0.2699373960494995,-0.018324188888072968,0.4107459485530853,0.2758912444114685,-0.03367870673537254,0.5478919744491577,0.327273428440094,0.007082792930305004,0.5140841603279114,0.2434738427400589,-0.0041550276800990105,0.48398154973983765,0.19477514922618866,-0.021950842812657356,0.45856836438179016,0.15329857170581818,-0.03704828396439552,0.5639597773551941,0.33524462580680847,-0.013525168411433697,0.5450182557106018,0.2371365875005722,-0.02692410722374916,0.5229692459106445,0.1774834841489792,-0.04237543046474457,0.5026066899299622,0.12868595123291016,-0.0550558902323246,0.5806373953819275,0.35431450605392456,-0.03417564928531647,0.5796011090278625,0.28167960047721863,-0.04732927680015564,0.570454478263855,0.22996126115322113,-0.05572911724448204,0.5548214912414551,0.1833941787481308,-0.06332871317863464,0.0,0.0,0.0,0.0,0.0,0.0,0.0,0.0,0.0,0.0,0.0,0.0,0.0,0.0,0.0,0.0,0.0,0.0,0.0,0.0,0.0,0.0,0.0,0.0,0.0,0.0,0.0,0.0,0.0,0.0,0.0,0.0,0.0,0.0,0.0,0.0,0.0,0.0,0.0,0.0,0.0,0.0,0.0,0.0,0.0,0.0,0.0,0.0,0.0,0.0,0.0,0.0,0.0,0.0,0.0,0.0,0.0,0.0,0.0,0.0,0.0,0.0,0.0
123,0.5552152395248413,0.558722198009491,-4.932443857796898e-07,0.5169662833213806,0.4849821925163269,0.02011522650718689,0.5287941694259644,0.4161693751811981,0.02476918138563633,0.5502687692642212,0.3688865303993225,0.020403018221259117,0.5569120049476624,0.3145180940628052,0.01612095534801483,0.5482923984527588,0.3336237072944641,0.03425963222980499,0.4998916983604431,0.2854762375354767,0.012525476515293121,0.45641976594924927,0.3077411651611328,-0.013122588396072388,0.429513156414032,0.3356403410434723,-0.02868075668811798,0.5627936720848083,0.327883780002594,0.012261281721293926,0.5250413417816162,0.24488098919391632,0.0034257019869983196,0.4921872019767761,0.1974196881055832,-0.013520045205950737,0.46421289443969727,0.15962441265583038,-0.02939976193010807,0.5766204595565796,0.340193510055542,-0.012990958988666534,0.5561580061912537,0.24251161515712738,-0.02310103550553322,0.5295782685279846,0.1846785992383957,-0.0382595993578434,0.5056723952293396,0.14126408100128174,-0.0524439662694931,0.5853015780448914,0.3571522831916809,-0.037546418607234955,0.5866580605506897,0.28907960653305054,-0.048172734677791595,0.5758199691772461,0.23673300445079803,-0.05705744028091431,0.5572222471237183,0.19054056704044342,-0.06604425609111786,0.0,0.0,0.0,0.0,0.0,0.0,0.0,0.0,0.0,0.0,0.0,0.0,0.0,0.0,0.0,0.0,0.0,0.0,0.0,0.0,0.0,0.0,0.0,0.0,0.0,0.0,0.0,0.0,0.0,0.0,0.0,0.0,0.0,0.0,0.0,0.0,0.0,0.0,0.0,0.0,0.0,0.0,0.0,0.0,0.0,0.0,0.0,0.0,0.0,0.0,0.0,0.0,0.0,0.0,0.0,0.0,0.0,0.0,0.0,0.0,0.0,0.0,0.0
124,0.5566156506538391,0.5426914691925049,-4.3539822058846767e-07,0.5159314870834351,0.48423469066619873,0.018675582483410835,0.5264602303504944,0.4241933822631836,0.022088970988988876,0.5436358451843262,0.38466256856918335,0.016307059675455093,0.5461965203285217,0.3408443033695221,0.00866916123777628,0.5484544634819031,0.3371243178844452,0.03199562057852745,0.4990309476852417,0.28448349237442017,0.011392485350370407,0.4501793086528778,0.27332139015197754,-0.013647818006575108,0.41248029470443726,0.26852890849113464,-0.030631722882390022,0.5641741156578064,0.32622087001800537,0.007245104294270277,0.5237215757369995,0.24357128143310547,-0.004956282675266266,0.4926649034023285,0.19952765107154846,-0.026141641661524773,0.46881070733070374,0.16084614396095276,-0.04418783262372017,0.5784446597099304,0.3356971740722656,-0.020218443125486374,0.5542633533477783,0.23326538503170013,-0.0371493361890316,0.5290793180465698,0.1759803593158722,-0.056506820023059845,0.5081943273544312,0.1279992312192917,-0.07166989892721176,0.5913971662521362,0.35631364583969116,-0.04659323766827583,0.5869025588035583,0.27633288502693176,-0.06382430344820023,0.5747318267822266,0.22650112211704254,-0.07479780912399292,0.5574871301651001,0.1833956241607666,-0.08410607278347015,0.0,0.0,0.0,0.0,0.0,0.0,0.0,0.0,0.0,0.0,0.0,0.0,0.0,0.0,0.0,0.0,0.0,0.0,0.0,0.0,0.0,0.0,0.0,0.0,0.0,0.0,0.0,0.0,0.0,0.0,0.0,0.0,0.0,0.0,0.0,0.0,0.0,0.0,0.0,0.0,0.0,0.0,0.0,0.0,0.0,0.0,0.0,0.0,0.0,0.0,0.0,0.0,0.0,0.0,0.0,0.0,0.0,0.0,0.0,0.0,0.0,0.0,0.0
125,0.5668155550956726,0.559335470199585,-6.418555358322919e-07,0.526087760925293,0.48757821321487427,0.029786869883537292,0.5343947410583496,0.426410973072052,0.0363871306180954,0.5486932992935181,0.3865201771259308,0.031482432037591934,0.5530999302864075,0.335204154253006,0.025489458814263344,0.5522914528846741,0.3469209671020508,0.03968139365315437,0.506690502166748,0.28514838218688965,0.02140021324157715,0.4614841341972351,0.30434471368789673,-0.0005585346953012049,0.43460962176322937,0.3331950604915619,-0.014253053814172745,0.5670733451843262,0.3392547369003296,0.011991459876298904,0.5205301642417908,0.2604045271873474,0.00300038349814713,0.48546019196510315,0.2153659164905548,-0.014027474448084831,0.4585004150867462,0.1797371506690979,-0.030275236815214157,0.5803111791610718,0.3474388122558594,-0.01795136369764805,0.5562889575958252,0.244363933801651,-0.0283314548432827,0.5344031453132629,0.18270453810691833,-0.04428040236234665,0.5156029462814331,0.136631041765213,-0.059490688145160675,0.5901951789855957,0.3594186305999756,-0.04607118293642998,0.5885816216468811,0.2838485836982727,-0.05863132327795029,0.5789541602134705,0.23015791177749634,-0.06859724223613739,0.5616089701652527,0.18354250490665436,-0.07859428226947784,0.0,0.0,0.0,0.0,0.0,0.0,0.0,0.0,0.0,0.0,0.0,0.0,0.0,0.0,0.0,0.0,0.0,0.0,0.0,0.0,0.0,0.0,0.0,0.0,0.0,0.0,0.0,0.0,0.0,0.0,0.0,0.0,0.0,0.0,0.0,0.0,0.0,0.0,0.0,0.0,0.0,0.0,0.0,0.0,0.0,0.0,0.0,0.0,0.0,0.0,0.0,0.0,0.0,0.0,0.0,0.0,0.0,0.0,0.0,0.0,0.0,0.0,0.0
126,0.5656272768974304,0.5549106001853943,-3.85714201911469e-07,0.5241450071334839,0.49685174226760864,0.015227635391056538,0.5312527418136597,0.4309130907058716,0.02245943434536457,0.5467713475227356,0.3865375518798828,0.02186092920601368,0.5505325198173523,0.3421887755393982,0.02030273526906967,0.5464138984680176,0.34249016642570496,0.03592770919203758,0.5034106969833374,0.286718487739563,0.019682373851537704,0.45952534675598145,0.26556381583213806,-0.0019330675713717937,0.42543697357177734,0.2552891969680786,-0.016280150040984154,0.56156986951828,0.3282654881477356,0.016454599797725677,0.5281243920326233,0.24526715278625488,0.006551648490130901,0.49848735332489014,0.1966717392206192,-0.010813862085342407,0.474093496799469,0.15476582944393158,-0.02513030730187893,0.5775619745254517,0.3328227996826172,-0.006268250290304422,0.5600371360778809,0.2377939522266388,-0.019182058051228523,0.538181722164154,0.1797308325767517,-0.0352177619934082,0.5187462568283081,0.1324453204870224,-0.04752471670508385,0.5935012698173523,0.3496105670928955,-0.028748249635100365,0.5902567505836487,0.2735939621925354,-0.04143841564655304,0.5786216855049133,0.22258314490318298,-0.05037766695022583,0.5612055063247681,0.17842131853103638,-0.05805373191833496,0.0,0.0,0.0,0.0,0.0,0.0,0.0,0.0,0.0,0.0,0.0,0.0,0.0,0.0,0.0,0.0,0.0,0.0,0.0,0.0,0.0,0.0,0.0,0.0,0.0,0.0,0.0,0.0,0.0,0.0,0.0,0.0,0.0,0.0,0.0,0.0,0.0,0.0,0.0,0.0,0.0,0.0,0.0,0.0,0.0,0.0,0.0,0.0,0.0,0.0,0.0,0.0,0.0,0.0,0.0,0.0,0.0,0.0,0.0,0.0,0.0,0.0,0.0
127,0.5638002753257751,0.5537869930267334,-4.518408616149827e-07,0.5253440737724304,0.494814932346344,0.01609184592962265,0.5315680503845215,0.4335079491138458,0.02188274823129177,0.5454933047294617,0.38983094692230225,0.019171036779880524,0.5473511815071106,0.34237486124038696,0.016368446871638298,0.5487992763519287,0.3454916477203369,0.03991004452109337,0.5078319907188416,0.2949760854244232,0.01953280344605446,0.462973415851593,0.2983333170413971,-0.007827375084161758,0.42836302518844604,0.30903929471969604,-0.024530595168471336,0.5639330148696899,0.3326014280319214,0.020543966442346573,0.533449113368988,0.24948358535766602,0.012098560109734535,0.5037804245948792,0.2013174146413803,-0.006506952457129955,0.4776085317134857,0.16047674417495728,-0.02216225676238537,0.5802069902420044,0.3355105519294739,-0.00272284890525043,0.5643287897109985,0.2413526177406311,-0.010869653895497322,0.5453699231147766,0.1853753626346588,-0.0249213594943285,0.5270355939865112,0.13964343070983887,-0.03700456768274307,0.5949418544769287,0.34726572036743164,-0.02616165205836296,0.5906813144683838,0.2760741114616394,-0.03268393129110336,0.5799086689949036,0.22751496732234955,-0.037306491285562515,0.5629467964172363,0.18278813362121582,-0.04242624714970589,0.0,0.0,0.0,0.0,0.0,0.0,0.0,0.0,0.0,0.0,0.0,0.0,0.0,0.0,0.0,0.0,0.0,0.0,0.0,0.0,0.0,0.0,0.0,0.0,0.0,0.0,0.0,0.0,0.0,0.0,0.0,0.0,0.0,0.0,0.0,0.0,0.0,0.0,0.0,0.0,0.0,0.0,0.0,0.0,0.0,0.0,0.0,0.0,0.0,0.0,0.0,0.0,0.0,0.0,0.0,0.0,0.0,0.0,0.0,0.0,0.0,0.0,0.0
128,0.566254198551178,0.5522662401199341,-3.90752802559291e-07,0.5261693000793457,0.4976252317428589,0.010083726607263088,0.533499538898468,0.4361420273780823,0.012566580437123775,0.5485989451408386,0.3911556601524353,0.0077766417525708675,0.5501255989074707,0.3451400399208069,0.0025297091342508793,0.5520180463790894,0.34711435437202454,0.03127162531018257,0.5116753578186035,0.2896045744419098,0.012500321492552757,0.46817389130592346,0.2842307984828949,-0.01194319874048233,0.43572598695755005,0.2893848717212677,-0.027241693809628487,0.5679420828819275,0.3317067325115204,0.014460176229476929,0.5353063941001892,0.24852930009365082,0.005217301659286022,0.5044618248939514,0.20118609070777893,-0.012623115442693233,0.478908509016037,0.16191793978214264,-0.027639416977763176,0.5833349227905273,0.3347659111022949,-0.006070158910006285,0.5666930675506592,0.24062080681324005,-0.016406934708356857,0.5459985733032227,0.1844189614057541,-0.031065236777067184,0.5277056694030762,0.1394474059343338,-0.04299994185566902,0.5964426398277283,0.34795746207237244,-0.026987845078110695,0.5915952324867249,0.27330029010772705,-0.035801444202661514,0.5793681144714355,0.22359734773635864,-0.04169878736138344,0.5615038275718689,0.18036068975925446,-0.047314517199993134,0.0,0.0,0.0,0.0,0.0,0.0,0.0,0.0,0.0,0.0,0.0,0.0,0.0,0.0,0.0,0.0,0.0,0.0,0.0,0.0,0.0,0.0,0.0,0.0,0.0,0.0,0.0,0.0,0.0,0.0,0.0,0.0,0.0,0.0,0.0,0.0,0.0,0.0,0.0,0.0,0.0,0.0,0.0,0.0,0.0,0.0,0.0,0.0,0.0,0.0,0.0,0.0,0.0,0.0,0.0,0.0,0.0,0.0,0.0,0.0,0.0,0.0,0.0
129,0.5666363835334778,0.5499857664108276,-4.433773597156687e-07,0.5288096070289612,0.4875818192958832,0.018737582489848137,0.5362830758094788,0.4250660836696625,0.024027204141020775,0.5516760945320129,0.38169023394584656,0.02003929764032364,0.554140031337738,0.33369559049606323,0.015150773338973522,0.5546422004699707,0.3459567129611969,0.03771965950727463,0.5148630738258362,0.2910339832305908,0.018905693665146828,0.4700053632259369,0.29400965571403503,-0.005861575715243816,0.4374440312385559,0.30655544996261597,-0.021199574694037437,0.5694410800933838,0.33431583642959595,0.01606050506234169,0.5361844301223755,0.25196319818496704,0.007565322332084179,0.5045926570892334,0.20310375094413757,-0.010494382120668888,0.4792397916316986,0.1619986742734909,-0.026363922283053398,0.5828300714492798,0.3388209342956543,-0.00898677296936512,0.5668382048606873,0.243181049823761,-0.018698079511523247,0.5457898378372192,0.1846335083246231,-0.03427433595061302,0.5282633900642395,0.13900281488895416,-0.047612011432647705,0.5932191014289856,0.3504115343093872,-0.03360762819647789,0.5911918878555298,0.2749047875404358,-0.04227083548903465,0.580325186252594,0.22389322519302368,-0.04849531129002571,0.5639393329620361,0.1798456460237503,-0.05505473166704178,0.0,0.0,0.0,0.0,0.0,0.0,0.0,0.0,0.0,0.0,0.0,0.0,0.0,0.0,0.0,0.0,0.0,0.0,0.0,0.0,0.0,0.0,0.0,0.0,0.0,0.0,0.0,0.0,0.0,0.0,0.0,0.0,0.0,0.0,0.0,0.0,0.0,0.0,0.0,0.0,0.0,0.0,0.0,0.0,0.0,0.0,0.0,0.0,0.0,0.0,0.0,0.0,0.0,0.0,0.0,0.0,0.0,0.0,0.0,0.0,0.0,0.0,0.0
130,0.5731807947158813,0.5459170341491699,-3.337904956879356e-07,0.5318676829338074,0.4939717650413513,0.009487159550189972,0.5387217998504639,0.43143945932388306,0.01197300385683775,0.5538009405136108,0.38757655024528503,0.00721692806109786,0.5560121536254883,0.34321507811546326,0.0015332468319684267,0.5539244413375854,0.34428611397743225,0.02889287658035755,0.5114345550537109,0.2848063111305237,0.012280174531042576,0.4684387743473053,0.26441216468811035,-0.008731822483241558,0.4350961744785309,0.25372010469436646,-0.02258763276040554,0.5707210302352905,0.3290989398956299,0.011405939236283302,0.535507321357727,0.24720115959644318,0.0015940609155222774,0.5042617917060852,0.1987663209438324,-0.015285915695130825,0.47842320799827576,0.15811429917812347,-0.02968435361981392,0.5856656432151794,0.3336411416530609,-0.009606077335774899,0.5679329037666321,0.24041962623596191,-0.02193712629377842,0.5453009605407715,0.18252557516098022,-0.03774988278746605,0.5249172449111938,0.13644340634346008,-0.050356313586235046,0.5971632599830627,0.3488306999206543,-0.030868204310536385,0.5942512154579163,0.2727545201778412,-0.042699381709098816,0.5819974541664124,0.22108440101146698,-0.05144563689827919,0.5632990598678589,0.17721083760261536,-0.059270694851875305,0.0,0.0,0.0,0.0,0.0,0.0,0.0,0.0,0.0,0.0,0.0,0.0,0.0,0.0,0.0,0.0,0.0,0.0,0.0,0.0,0.0,0.0,0.0,0.0,0.0,0.0,0.0,0.0,0.0,0.0,0.0,0.0,0.0,0.0,0.0,0.0,0.0,0.0,0.0,0.0,0.0,0.0,0.0,0.0,0.0,0.0,0.0,0.0,0.0,0.0,0.0,0.0,0.0,0.0,0.0,0.0,0.0,0.0,0.0,0.0,0.0,0.0,0.0
131,0.5749657154083252,0.5470049381256104,-4.573922751660575e-07,0.5345717668533325,0.48190897703170776,0.02399921976029873,0.5427260398864746,0.42531463503837585,0.027623699977993965,0.5537300705909729,0.38773313164711,0.020603688433766365,0.5527068376541138,0.3401077091693878,0.01187045406550169,0.5688625574111938,0.34233418107032776,0.0364871472120285,0.5193417072296143,0.2903672456741333,0.01693654991686344,0.47225648164749146,0.29774758219718933,-0.008205138146877289,0.4387052059173584,0.3123939335346222,-0.024101780727505684,0.5841095447540283,0.33208167552948,0.010820695199072361,0.5413061380386353,0.24958083033561707,0.0017643257742747664,0.505281388759613,0.20247882604599,-0.01708964817225933,0.4771391749382019,0.16505661606788635,-0.03429960086941719,0.5944899916648865,0.33915966749191284,-0.017386550083756447,0.5710267424583435,0.24061867594718933,-0.02670297399163246,0.5476402640342712,0.18237152695655823,-0.0419454388320446,0.5305045247077942,0.1380932629108429,-0.056017544120550156,0.5973266363143921,0.35132911801338196,-0.04461013525724411,0.5901898145675659,0.2753007411956787,-0.05438469350337982,0.5784318447113037,0.222906693816185,-0.06142953783273697,0.5628610253334045,0.17697812616825104,-0.06885475665330887,0.0,0.0,0.0,0.0,0.0,0.0,0.0,0.0,0.0,0.0,0.0,0.0,0.0,0.0,0.0,0.0,0.0,0.0,0.0,0.0,0.0,0.0,0.0,0.0,0.0,0.0,0.0,0.0,0.0,0.0,0.0,0.0,0.0,0.0,0.0,0.0,0.0,0.0,0.0,0.0,0.0,0.0,0.0,0.0,0.0,0.0,0.0,0.0,0.0,0.0,0.0,0.0,0.0,0.0,0.0,0.0,0.0,0.0,0.0,0.0,0.0,0.0,0.0
132,0.5828417539596558,0.5484347343444824,-4.2777051589837356e-07,0.5380319356918335,0.49309974908828735,0.009771371260285378,0.544361412525177,0.4288181662559509,0.009971417486667633,0.5585789084434509,0.38269349932670593,0.0028162396047264338,0.5597290992736816,0.3344491720199585,-0.005288966931402683,0.5651796460151672,0.344806045293808,0.02525210753083229,0.516342282295227,0.2813778817653656,0.008945479057729244,0.47172901034355164,0.2599707841873169,-0.01066859532147646,0.43833863735198975,0.2482793629169464,-0.024184545502066612,0.5839225649833679,0.33075815439224243,0.006313951686024666,0.5330829620361328,0.24979057908058167,-0.004910296760499477,0.4964050054550171,0.20634527504444122,-0.020775748416781425,0.4672583043575287,0.17232365906238556,-0.03450286388397217,0.5968684554100037,0.3352530300617218,-0.015828853473067284,0.5690112113952637,0.23781980574131012,-0.029313355684280396,0.5435431599617004,0.1797943115234375,-0.04275700822472572,0.521605908870697,0.1330501288175583,-0.05389811471104622,0.6030150055885315,0.3491264581680298,-0.03812209889292717,0.5950767397880554,0.2728045880794525,-0.051649175584316254,0.580083429813385,0.21936456859111786,-0.05982905626296997,0.5592067241668701,0.1732775866985321,-0.06708700209856033,0.0,0.0,0.0,0.0,0.0,0.0,0.0,0.0,0.0,0.0,0.0,0.0,0.0,0.0,0.0,0.0,0.0,0.0,0.0,0.0,0.0,0.0,0.0,0.0,0.0,0.0,0.0,0.0,0.0,0.0,0.0,0.0,0.0,0.0,0.0,0.0,0.0,0.0,0.0,0.0,0.0,0.0,0.0,0.0,0.0,0.0,0.0,0.0,0.0,0.0,0.0,0.0,0.0,0.0,0.0,0.0,0.0,0.0,0.0,0.0,0.0,0.0,0.0
133,0.575637698173523,0.5475353598594666,-4.652197276300285e-07,0.5330984592437744,0.4853472113609314,0.017637552693486214,0.5415028929710388,0.42178279161453247,0.02112758904695511,0.5567649006843567,0.377236932516098,0.014885527081787586,0.5585021376609802,0.32843127846717834,0.007500851526856422,0.5636059045791626,0.3444877564907074,0.03691190853714943,0.5164586901664734,0.2933539152145386,0.019311878830194473,0.46970614790916443,0.2978243827819824,-0.003322684671729803,0.43745917081832886,0.31018200516700745,-0.01775987632572651,0.5817023515701294,0.33138129115104675,0.013798519968986511,0.5386824011802673,0.25214672088623047,0.004656597971916199,0.5041902661323547,0.2052614986896515,-0.012375840917229652,0.47644513845443726,0.1680171936750412,-0.027481788769364357,0.5946687459945679,0.3363615870475769,-0.012939449399709702,0.5714040994644165,0.24338072538375854,-0.0238338615745306,0.5489447116851807,0.18416531383991241,-0.03830032795667648,0.5293859243392944,0.13802464306354523,-0.0508054681122303,0.6005779504776001,0.3500514328479767,-0.03944386914372444,0.5915138721466064,0.27561357617378235,-0.05012410506606102,0.5766531825065613,0.2221883088350296,-0.057166848331689835,0.5559840202331543,0.17585475742816925,-0.06421586871147156,0.5685509443283081,0.5332280993461609,-6.472214977293334e-07,0.5370974540710449,0.46673041582107544,0.03720824420452118,0.5441222786903381,0.4116065502166748,0.04552283510565758,0.5492980480194092,0.37894880771636963,0.04250122234225273,0.5473828315734863,0.3365733027458191,0.03682970628142357,0.5684613585472107,0.3366577923297882,0.024135924875736237,0.5205748081207275,0.27786120772361755,0.004745846148580313,0.4759809374809265,0.2930770218372345,-0.014440296217799187,0.4456418752670288,0.31340792775154114,-0.026905974373221397,0.5806813836097717,0.3334618806838989,-0.008586951531469822,0.5379318594932556,0.24759677052497864,-0.02442496083676815,0.5040990114212036,0.20270948112010956,-0.04189988598227501,0.47881606221199036,0.16767819225788116,-0.05724138766527176,0.5891459584236145,0.3457711637020111,-0.04078356549143791,0.5699023008346558,0.2474108785390854,-0.056615620851516724,0.5469977855682373,0.18727879226207733,-0.0716952458024025,0.5309621095657349,0.14095373451709747,-0.08486052602529526,0.5964911580085754,0.3627188205718994,-0.06969740241765976,0.5962439775466919,0.2828010022640228,-0.08735489100217819,0.5847601294517517,0.23175624012947083,-0.09765808284282684,0.5701612234115601,0.19075340032577515,-0.10666544735431671
134,0.5804937481880188,0.5452404618263245,-3.657599449979898e-07,0.5391920804977417,0.4971027970314026,0.005532714072614908,0.5444641709327698,0.435863733291626,0.004424028564244509,0.5587331652641296,0.3926803469657898,-0.0035149662289768457,0.5619335770606995,0.3477325141429901,-0.012224443256855011,0.5589987635612488,0.3436514735221863,0.02381153777241707,0.5180932879447937,0.2823672890663147,0.006176091730594635,0.47679054737091064,0.26667797565460205,-0.015298539772629738,0.44615352153778076,0.2614735960960388,-0.029556145891547203,0.5765758156776428,0.32815122604370117,0.007162824273109436,0.537813663482666,0.24719606339931488,-0.003285973332822323,0.5038203001022339,0.20272283256053925,-0.020255841314792633,0.47615909576416016,0.1672595590353012,-0.0347602479159832,0.5917798280715942,0.33224523067474365,-0.013149094767868519,0.5716640949249268,0.238856703042984,-0.02538817562162876,0.5472198128700256,0.1816483736038208,-0.040014054626226425,0.5256912112236023,0.13553322851657867,-0.05206027254462242,0.6029854416847229,0.34694209694862366,-0.034116264432668686,0.5975566506385803,0.2723865509033203,-0.04533332958817482,0.5823438763618469,0.22063438594341278,-0.05262614041566849,0.561417818069458,0.17692843079566956,-0.05945747718214989,0.0,0.0,0.0,0.0,0.0,0.0,0.0,0.0,0.0,0.0,0.0,0.0,0.0,0.0,0.0,0.0,0.0,0.0,0.0,0.0,0.0,0.0,0.0,0.0,0.0,0.0,0.0,0.0,0.0,0.0,0.0,0.0,0.0,0.0,0.0,0.0,0.0,0.0,0.0,0.0,0.0,0.0,0.0,0.0,0.0,0.0,0.0,0.0,0.0,0.0,0.0,0.0,0.0,0.0,0.0,0.0,0.0,0.0,0.0,0.0,0.0,0.0,0.0
135,0.579867422580719,0.548306941986084,-5.548446893044456e-07,0.5371114611625671,0.4842439889907837,0.02620723657310009,0.5477543473243713,0.41667765378952026,0.034732505679130554,0.5612152218818665,0.37172752618789673,0.032824914902448654,0.5618796348571777,0.32406482100486755,0.029487229883670807,0.5709437131881714,0.34253591299057007,0.04150885343551636,0.5285958647727966,0.2830500304698944,0.02782207727432251,0.4878017008304596,0.28681084513664246,0.009832143783569336,0.46188879013061523,0.30148398876190186,-0.001725890557281673,0.5879408121109009,0.3307139575481415,0.015553665347397327,0.5404317378997803,0.2509818375110626,0.008063950575888157,0.5018720626831055,0.2091231644153595,-0.00673339469358325,0.4728364050388336,0.17782090604305267,-0.02045828104019165,0.5998644232749939,0.3376578688621521,-0.012993455864489079,0.5727118849754333,0.23910734057426453,-0.02422548085451126,0.5451309084892273,0.18128307163715363,-0.03891565278172493,0.5244134664535522,0.1363959163427353,-0.05160757526755333,0.604922354221344,0.3515653908252716,-0.04010863974690437,0.596508264541626,0.271640807390213,-0.05391213670372963,0.5797784328460693,0.21633172035217285,-0.06390934437513351,0.5589866638183594,0.17019489407539368,-0.07287150621414185,0.0,0.0,0.0,0.0,0.0,0.0,0.0,0.0,0.0,0.0,0.0,0.0,0.0,0.0,0.0,0.0,0.0,0.0,0.0,0.0,0.0,0.0,0.0,0.0,0.0,0.0,0.0,0.0,0.0,0.0,0.0,0.0,0.0,0.0,0.0,0.0,0.0,0.0,0.0,0.0,0.0,0.0,0.0,0.0,0.0,0.0,0.0,0.0,0.0,0.0,0.0,0.0,0.0,0.0,0.0,0.0,0.0,0.0,0.0,0.0,0.0,0.0,0.0
136,0.5817017555236816,0.5478284955024719,-4.0091981645673513e-07,0.5400100946426392,0.49855107069015503,0.00776660954579711,0.5448569059371948,0.44085612893104553,0.007435650564730167,0.5599285960197449,0.4007932245731354,-0.00023260980378836393,0.563023030757904,0.355165034532547,-0.00862072966992855,0.5607327818870544,0.34163323044776917,0.02585083805024624,0.5218959450721741,0.28972622752189636,0.007131638936698437,0.48755550384521484,0.2957625091075897,-0.014351043850183487,0.4664665460586548,0.30999770760536194,-0.027835387736558914,0.5779364109039307,0.3284788131713867,0.007697612047195435,0.5423446893692017,0.24563665688037872,-0.004753965884447098,0.5112480521202087,0.20114979147911072,-0.0222153402864933,0.48441749811172485,0.16414384543895721,-0.03658793121576309,0.5939510464668274,0.3328619599342346,-0.014178987592458725,0.5736035704612732,0.2378368228673935,-0.029564715921878815,0.5516947507858276,0.18226410448551178,-0.045319799333810806,0.5306909084320068,0.13722418248653412,-0.05694202706217766,0.6079025864601135,0.34880518913269043,-0.03619223088026047,0.602948009967804,0.2690262794494629,-0.04856447875499725,0.5907845497131348,0.2173396199941635,-0.05567535385489464,0.5719816088676453,0.17409099638462067,-0.06182672455906868,0.0,0.0,0.0,0.0,0.0,0.0,0.0,0.0,0.0,0.0,0.0,0.0,0.0,0.0,0.0,0.0,0.0,0.0,0.0,0.0,0.0,0.0,0.0,0.0,0.0,0.0,0.0,0.0,0.0,0.0,0.0,0.0,0.0,0.0,0.0,0.0,0.0,0.0,0.0,0.0,0.0,0.0,0.0,0.0,0.0,0.0,0.0,0.0,0.0,0.0,0.0,0.0,0.0,0.0,0.0,0.0,0.0,0.0,0.0,0.0,0.0,0.0,0.0
137,0.5812656283378601,0.5451484322547913,-4.493797121085663e-07,0.5409491658210754,0.48801952600479126,0.01789073832333088,0.5473580956459045,0.4258154630661011,0.024373428896069527,0.5593242049217224,0.3833264410495758,0.022170433774590492,0.5616216659545898,0.33886194229125977,0.019321534782648087,0.5663069486618042,0.3442915380001068,0.03678490221500397,0.5298402905464172,0.2902899980545044,0.020499031990766525,0.49329906702041626,0.2936428189277649,0.0007604103302583098,0.46930819749832153,0.3072108328342438,-0.011091561056673527,0.5808291435241699,0.33197420835494995,0.01600567437708378,0.5464924573898315,0.2479064166545868,0.00561822485178709,0.515712320804596,0.20168599486351013,-0.009953148663043976,0.4891502261161804,0.1632067859172821,-0.022563382983207703,0.5956701636314392,0.33545881509780884,-0.007998790591955185,0.5759590864181519,0.2393960952758789,-0.021348198875784874,0.5533246994018555,0.18292847275733948,-0.035978205502033234,0.5317491888999939,0.13781100511550903,-0.04674862325191498,0.6091598868370056,0.3467669188976288,-0.03129211813211441,0.6042552590370178,0.26844197511672974,-0.04256518930196762,0.5922043919563293,0.2174595296382904,-0.04954909533262253,0.5732874870300293,0.1755894422531128,-0.05561365187168121,0.0,0.0,0.0,0.0,0.0,0.0,0.0,0.0,0.0,0.0,0.0,0.0,0.0,0.0,0.0,0.0,0.0,0.0,0.0,0.0,0.0,0.0,0.0,0.0,0.0,0.0,0.0,0.0,0.0,0.0,0.0,0.0,0.0,0.0,0.0,0.0,0.0,0.0,0.0,0.0,0.0,0.0,0.0,0.0,0.0,0.0,0.0,0.0,0.0,0.0,0.0,0.0,0.0,0.0,0.0,0.0,0.0,0.0,0.0,0.0,0.0,0.0,0.0
138,0.5846339464187622,0.5432904362678528,-4.298607620967232e-07,0.5417886972427368,0.49318957328796387,0.010903868824243546,0.5481449365615845,0.4302082061767578,0.013897286728024483,0.5621843338012695,0.38803642988204956,0.00940203107893467,0.5655624270439148,0.34328389167785645,0.004430163651704788,0.5678392648696899,0.3407421410083771,0.030439995229244232,0.5307430028915405,0.2787334620952606,0.016381485387682915,0.49423953890800476,0.27628177404403687,-0.001697152154520154,0.47024455666542053,0.28320592641830444,-0.013738361187279224,0.5846368670463562,0.32922565937042236,0.012233355082571507,0.5458977818489075,0.25028297305107117,0.0026638852432370186,0.5129173994064331,0.20819561183452606,-0.013536752201616764,0.485497385263443,0.17345121502876282,-0.02712760493159294,0.5998101234436035,0.3346538841724396,-0.009251358918845654,0.5773960947990417,0.23969250917434692,-0.022060971707105637,0.5539122223854065,0.18382686376571655,-0.037077657878398895,0.5328769087791443,0.13794247806072235,-0.048775870352983475,0.6121211051940918,0.3484151065349579,-0.03064870461821556,0.6073429584503174,0.27130126953125,-0.04317592829465866,0.5947738885879517,0.21932929754257202,-0.05157581344246864,0.576409637928009,0.17455819249153137,-0.058794956654310226,0.0,0.0,0.0,0.0,0.0,0.0,0.0,0.0,0.0,0.0,0.0,0.0,0.0,0.0,0.0,0.0,0.0,0.0,0.0,0.0,0.0,0.0,0.0,0.0,0.0,0.0,0.0,0.0,0.0,0.0,0.0,0.0,0.0,0.0,0.0,0.0,0.0,0.0,0.0,0.0,0.0,0.0,0.0,0.0,0.0,0.0,0.0,0.0,0.0,0.0,0.0,0.0,0.0,0.0,0.0,0.0,0.0,0.0,0.0,0.0,0.0,0.0,0.0
139,0.5851784944534302,0.5415195226669312,-4.0798309441925085e-07,0.5427333116531372,0.48989278078079224,0.012174047529697418,0.5501677393913269,0.4290272295475006,0.014596386812627316,0.5634790658950806,0.38914954662323,0.00877576507627964,0.5652254819869995,0.3448285162448883,0.002248294884338975,0.5706474184989929,0.3417257070541382,0.031757768243551254,0.5376040935516357,0.2842021584510803,0.015915868803858757,0.506625235080719,0.2916187345981598,-0.002817936008796096,0.4889810085296631,0.3093191981315613,-0.014605694450438023,0.5857114195823669,0.32954680919647217,0.01203056052327156,0.5501838326454163,0.24921248853206635,0.0005140677094459534,0.5167811512947083,0.20648863911628723,-0.01682434417307377,0.48916998505592346,0.1716921627521515,-0.03104657121002674,0.5993573069572449,0.335083931684494,-0.01123608835041523,0.5808627605438232,0.24027594923973083,-0.026600109413266182,0.5577569603919983,0.1838885098695755,-0.04362677410244942,0.5374637246131897,0.13954105973243713,-0.05613180622458458,0.6091638803482056,0.3488747775554657,-0.03409717604517937,0.6063470244407654,0.2699682116508484,-0.04767648130655289,0.5939292311668396,0.21752026677131653,-0.056781258434057236,0.5759134292602539,0.17384286224842072,-0.06449843943119049,0.0,0.0,0.0,0.0,0.0,0.0,0.0,0.0,0.0,0.0,0.0,0.0,0.0,0.0,0.0,0.0,0.0,0.0,0.0,0.0,0.0,0.0,0.0,0.0,0.0,0.0,0.0,0.0,0.0,0.0,0.0,0.0,0.0,0.0,0.0,0.0,0.0,0.0,0.0,0.0,0.0,0.0,0.0,0.0,0.0,0.0,0.0,0.0,0.0,0.0,0.0,0.0,0.0,0.0,0.0,0.0,0.0,0.0,0.0,0.0,0.0,0.0,0.0
140,0.5872962474822998,0.5426371693611145,-4.6778825435467297e-07,0.5432431101799011,0.4861835241317749,0.015300579369068146,0.5517956614494324,0.4198707044124603,0.02138558216392994,0.5651344656944275,0.37468552589416504,0.020356761291623116,0.5652077794075012,0.3293716311454773,0.01852322742342949,0.5727245807647705,0.3431924283504486,0.029715068638324738,0.5339520573616028,0.2818313539028168,0.016436180099844933,0.4951228201389313,0.27230536937713623,0.00012425778550095856,0.46832001209259033,0.2721356153488159,-0.010751865804195404,0.5907953977584839,0.33160626888275146,0.010974961332976818,0.5474473834037781,0.25181394815444946,0.0006874209502711892,0.5122764110565186,0.20910456776618958,-0.013999095186591148,0.4844749867916107,0.1728503406047821,-0.026314983144402504,0.6041997671127319,0.3370307981967926,-0.01034520473331213,0.5797536373138428,0.24203179776668549,-0.024741359055042267,0.5556315183639526,0.18570201098918915,-0.039598122239112854,0.5357815027236938,0.14012835919857025,-0.05061783641576767,0.611172080039978,0.34986770153045654,-0.03084389679133892,0.604091465473175,0.2731208801269531,-0.045646585524082184,0.5887782573699951,0.22196856141090393,-0.05547339841723442,0.5689170360565186,0.17953521013259888,-0.06337476521730423,0.0,0.0,0.0,0.0,0.0,0.0,0.0,0.0,0.0,0.0,0.0,0.0,0.0,0.0,0.0,0.0,0.0,0.0,0.0,0.0,0.0,0.0,0.0,0.0,0.0,0.0,0.0,0.0,0.0,0.0,0.0,0.0,0.0,0.0,0.0,0.0,0.0,0.0,0.0,0.0,0.0,0.0,0.0,0.0,0.0,0.0,0.0,0.0,0.0,0.0,0.0,0.0,0.0,0.0,0.0,0.0,0.0,0.0,0.0,0.0,0.0,0.0,0.0
141,0.5829325318336487,0.5463026762008667,-4.99477835091966e-07,0.5417687296867371,0.48983073234558105,0.01715441606938839,0.549699068069458,0.42527028918266296,0.02125290408730507,0.5608726739883423,0.38246726989746094,0.016970615833997726,0.5595524311065674,0.33485087752342224,0.01219405047595501,0.5703077912330627,0.3461238443851471,0.030197300016880035,0.5314280390739441,0.2875840961933136,0.01474124938249588,0.4953291714191437,0.30074846744537354,-0.0032107201404869556,0.47446078062057495,0.322851300239563,-0.014332287013530731,0.5880668759346008,0.33404579758644104,0.009416885673999786,0.5478439927101135,0.25437501072883606,-0.0001573585905134678,0.5125201940536499,0.21180827915668488,-0.014680732041597366,0.48321473598480225,0.17682799696922302,-0.027718426659703255,0.6020664572715759,0.33994776010513306,-0.01412197481840849,0.5821776390075684,0.24449670314788818,-0.026379408314824104,0.5573280453681946,0.18894889950752258,-0.03996722027659416,0.5354450345039368,0.14542244374752045,-0.05128835141658783,0.6095751523971558,0.3528350591659546,-0.03688950836658478,0.6056835055351257,0.27662351727485657,-0.04844268411397934,0.5916754007339478,0.22551171481609344,-0.05595427751541138,0.5715665817260742,0.1840546429157257,-0.06302070617675781,0.0,0.0,0.0,0.0,0.0,0.0,0.0,0.0,0.0,0.0,0.0,0.0,0.0,0.0,0.0,0.0,0.0,0.0,0.0,0.0,0.0,0.0,0.0,0.0,0.0,0.0,0.0,0.0,0.0,0.0,0.0,0.0,0.0,0.0,0.0,0.0,0.0,0.0,0.0,0.0,0.0,0.0,0.0,0.0,0.0,0.0,0.0,0.0,0.0,0.0,0.0,0.0,0.0,0.0,0.0,0.0,0.0,0.0,0.0,0.0,0.0,0.0,0.0
142,0.5786906480789185,0.5505988001823425,-4.993898983229883e-07,0.5386621356010437,0.4935992956161499,0.011597450822591782,0.5483748912811279,0.4264317750930786,0.014316929504275322,0.5631556510925293,0.37996140122413635,0.009818332269787788,0.5624518990516663,0.3330605626106262,0.0045944880694150925,0.5691820979118347,0.3530944883823395,0.02524627558887005,0.5312618613243103,0.29113659262657166,0.007452002260833979,0.4901055097579956,0.28844547271728516,-0.013424763455986977,0.4591648578643799,0.29749560356140137,-0.026570387184619904,0.5861034393310547,0.34195539355278015,0.0073073431849479675,0.5449188947677612,0.26213496923446655,-0.005361064802855253,0.5079488754272461,0.2202558070421219,-0.022530699148774147,0.4762631952762604,0.1861572414636612,-0.03634848818182945,0.5994709730148315,0.3467312753200531,-0.013555134646594524,0.5774020552635193,0.24969711899757385,-0.027915146201848984,0.5520282983779907,0.19301500916481018,-0.04275107383728027,0.5285477638244629,0.14880487322807312,-0.05383402854204178,0.6081306338310242,0.35942575335502625,-0.034148626029491425,0.6040676236152649,0.28206509351730347,-0.04650365188717842,0.5888234376907349,0.2308683842420578,-0.053896594792604446,0.5671707391738892,0.189681276679039,-0.06017056480050087,0.0,0.0,0.0,0.0,0.0,0.0,0.0,0.0,0.0,0.0,0.0,0.0,0.0,0.0,0.0,0.0,0.0,0.0,0.0,0.0,0.0,0.0,0.0,0.0,0.0,0.0,0.0,0.0,0.0,0.0,0.0,0.0,0.0,0.0,0.0,0.0,0.0,0.0,0.0,0.0,0.0,0.0,0.0,0.0,0.0,0.0,0.0,0.0,0.0,0.0,0.0,0.0,0.0,0.0,0.0,0.0,0.0,0.0,0.0,0.0,0.0,0.0,0.0
143,0.5815733075141907,0.5523187518119812,-3.645918980055285e-07,0.5362061262130737,0.49144500494003296,0.016436956822872162,0.546037495136261,0.42208999395370483,0.02381431870162487,0.5573396682739258,0.37590622901916504,0.0239330492913723,0.554366946220398,0.33062225580215454,0.022811414673924446,0.5683637857437134,0.34682318568229675,0.030495066195726395,0.5408704876899719,0.28217020630836487,0.02116595022380352,0.5101913213729858,0.2557472884654999,0.009005537256598473,0.4874696731567383,0.237045019865036,-0.0006876667030155659,0.5839982628822327,0.33921435475349426,0.010739545337855816,0.5441109538078308,0.259427011013031,-0.0015892423689365387,0.5097525715827942,0.21437467634677887,-0.016639823094010353,0.4812062978744507,0.17634350061416626,-0.028399093076586723,0.5969181656837463,0.3474299907684326,-0.01103941909968853,0.5688735842704773,0.25268933176994324,-0.02873256430029869,0.5414446592330933,0.1965857595205307,-0.04486766457557678,0.5176863074302673,0.1515868604183197,-0.05595902353525162,0.6054558157920837,0.3630482256412506,-0.031702205538749695,0.6025202870368958,0.2857084274291992,-0.04963206499814987,0.5900705456733704,0.23345528542995453,-0.06192564591765404,0.5725026726722717,0.18941400945186615,-0.07138372957706451,0.0,0.0,0.0,0.0,0.0,0.0,0.0,0.0,0.0,0.0,0.0,0.0,0.0,0.0,0.0,0.0,0.0,0.0,0.0,0.0,0.0,0.0,0.0,0.0,0.0,0.0,0.0,0.0,0.0,0.0,0.0,0.0,0.0,0.0,0.0,0.0,0.0,0.0,0.0,0.0,0.0,0.0,0.0,0.0,0.0,0.0,0.0,0.0,0.0,0.0,0.0,0.0,0.0,0.0,0.0,0.0,0.0,0.0,0.0,0.0,0.0,0.0,0.0
144,0.5817644000053406,0.5575860142707825,-5.139261247677496e-07,0.533775806427002,0.4983755946159363,0.027342140674591064,0.5437465906143188,0.4375016391277313,0.036550123244524,0.553425133228302,0.39792323112487793,0.035881467163562775,0.5550060868263245,0.35121145844459534,0.03397032245993614,0.5740746855735779,0.34668564796447754,0.04078954830765724,0.5392884612083435,0.2866381108760834,0.03279153257608414,0.5069931149482727,0.28588953614234924,0.021302124485373497,0.4882151484489441,0.2925910949707031,0.01239872071892023,0.5904929041862488,0.33769091963768005,0.014579283073544502,0.5416759848594666,0.2621716856956482,0.007141027133911848,0.5035919547080994,0.22170543670654297,-0.005489482078701258,0.47359946370124817,0.18952563405036926,-0.017352420836687088,0.6017742156982422,0.34740909934043884,-0.013530663214623928,0.5668001770973206,0.2540074586868286,-0.026582645252346992,0.5358506441116333,0.19903908669948578,-0.04062146320939064,0.5116642713546753,0.15376661717891693,-0.052692532539367676,0.6065115928649902,0.36346715688705444,-0.03984406590461731,0.6004457473754883,0.2895222306251526,-0.05709056556224823,0.5867274403572083,0.236485093832016,-0.070114366710186,0.5683535933494568,0.19031041860580444,-0.08117756992578506,0.0,0.0,0.0,0.0,0.0,0.0,0.0,0.0,0.0,0.0,0.0,0.0,0.0,0.0,0.0,0.0,0.0,0.0,0.0,0.0,0.0,0.0,0.0,0.0,0.0,0.0,0.0,0.0,0.0,0.0,0.0,0.0,0.0,0.0,0.0,0.0,0.0,0.0,0.0,0.0,0.0,0.0,0.0,0.0,0.0,0.0,0.0,0.0,0.0,0.0,0.0,0.0,0.0,0.0,0.0,0.0,0.0,0.0,0.0,0.0,0.0,0.0,0.0
145,0.581405520439148,0.5523502230644226,-4.2733498162306205e-07,0.5354043841362,0.49912524223327637,0.008764681406319141,0.5425966382026672,0.43544065952301025,0.011852558702230453,0.5565680861473083,0.3932357430458069,0.00884257908910513,0.5582947134971619,0.3489057719707489,0.005585008766502142,0.5625383257865906,0.34313592314720154,0.025702398270368576,0.5239086151123047,0.2836882472038269,0.009812971577048302,0.48252296447753906,0.2769228219985962,-0.00939274113625288,0.4533456563949585,0.2817577123641968,-0.02174035832285881,0.5812105536460876,0.33306267857551575,0.010208344087004662,0.5413222312927246,0.2554078698158264,0.0003244474937673658,0.5068494081497192,0.21399541199207306,-0.01464391965419054,0.4786263108253479,0.17993362247943878,-0.027334274724125862,0.5974846482276917,0.3417403995990753,-0.008562319912016392,0.5727561116218567,0.250698059797287,-0.021646598353981972,0.5474061965942383,0.19566401839256287,-0.03565622866153717,0.525331437587738,0.15075376629829407,-0.04644804820418358,0.6094892621040344,0.3597879111766815,-0.027430104091763496,0.6061388254165649,0.2882413864135742,-0.040163975208997726,0.5930085778236389,0.2376607060432434,-0.048855893313884735,0.5738183856010437,0.19469566643238068,-0.056171584874391556,0.0,0.0,0.0,0.0,0.0,0.0,0.0,0.0,0.0,0.0,0.0,0.0,0.0,0.0,0.0,0.0,0.0,0.0,0.0,0.0,0.0,0.0,0.0,0.0,0.0,0.0,0.0,0.0,0.0,0.0,0.0,0.0,0.0,0.0,0.0,0.0,0.0,0.0,0.0,0.0,0.0,0.0,0.0,0.0,0.0,0.0,0.0,0.0,0.0,0.0,0.0,0.0,0.0,0.0,0.0,0.0,0.0,0.0,0.0,0.0,0.0,0.0,0.0
146,0.5797527432441711,0.5579416751861572,-4.6995256752779824e-07,0.5357003808021545,0.4987776279449463,0.016580021008849144,0.5459069609642029,0.43613794445991516,0.021607300266623497,0.5577824711799622,0.3930467665195465,0.018727725371718407,0.556656002998352,0.34827542304992676,0.014412159100174904,0.5688914060592651,0.35926926136016846,0.02924250066280365,0.5283751487731934,0.3021962344646454,0.015040082857012749,0.48880213499069214,0.2967034876346588,-0.002436995506286621,0.4611775577068329,0.29875048995018005,-0.014537632465362549,0.5859159231185913,0.3475630581378937,0.008643676526844501,0.5424929261207581,0.26741930842399597,-0.0030575364362448454,0.5069376826286316,0.22540581226348877,-0.019690167158842087,0.4776681959629059,0.1900302767753601,-0.03396191447973251,0.5990003943443298,0.35320061445236206,-0.014318100176751614,0.5750592350959778,0.2576988637447357,-0.03050997480750084,0.552438497543335,0.20191164314746857,-0.04716847464442253,0.5324698686599731,0.15880689024925232,-0.05960676074028015,0.6059181690216064,0.3671558201313019,-0.036155276000499725,0.6014177203178406,0.2884473204612732,-0.05248948559165001,0.5883309841156006,0.2349461317062378,-0.06369691342115402,0.569528341293335,0.1909937709569931,-0.0729006752371788,0.0,0.0,0.0,0.0,0.0,0.0,0.0,0.0,0.0,0.0,0.0,0.0,0.0,0.0,0.0,0.0,0.0,0.0,0.0,0.0,0.0,0.0,0.0,0.0,0.0,0.0,0.0,0.0,0.0,0.0,0.0,0.0,0.0,0.0,0.0,0.0,0.0,0.0,0.0,0.0,0.0,0.0,0.0,0.0,0.0,0.0,0.0,0.0,0.0,0.0,0.0,0.0,0.0,0.0,0.0,0.0,0.0,0.0,0.0,0.0,0.0,0.0,0.0
147,0.5845485925674438,0.554709792137146,-4.56036872265031e-07,0.5360115766525269,0.4934878349304199,0.02195875160396099,0.5443321466445923,0.4292922914028168,0.03121214546263218,0.5557150840759277,0.38569000363349915,0.03201873227953911,0.5535603761672974,0.34262561798095703,0.03195283189415932,0.567513108253479,0.345354288816452,0.037051934748888016,0.5336329936981201,0.2856072187423706,0.02794679068028927,0.5036689043045044,0.2787145972251892,0.015637438744306564,0.48648515343666077,0.2794286012649536,0.006169117521494627,0.5852892398834229,0.3372442424297333,0.014720230363309383,0.5406073331832886,0.259804368019104,0.005651922430843115,0.5084905028343201,0.21752788126468658,-0.006964882370084524,0.4837943911552429,0.183266744017601,-0.01805148832499981,0.5989792943000793,0.347690224647522,-0.009939542040228844,0.5664265751838684,0.25363242626190186,-0.025284362956881523,0.5392798781394958,0.19876116514205933,-0.040093258023262024,0.5176189541816711,0.15316729247570038,-0.051604341715574265,0.6074090600013733,0.3658924102783203,-0.033154599368572235,0.6016048789024353,0.29266688227653503,-0.05229642614722252,0.5873730182647705,0.24195100367069244,-0.06601881235837936,0.5683066844940186,0.19731789827346802,-0.07688525319099426,0.0,0.0,0.0,0.0,0.0,0.0,0.0,0.0,0.0,0.0,0.0,0.0,0.0,0.0,0.0,0.0,0.0,0.0,0.0,0.0,0.0,0.0,0.0,0.0,0.0,0.0,0.0,0.0,0.0,0.0,0.0,0.0,0.0,0.0,0.0,0.0,0.0,0.0,0.0,0.0,0.0,0.0,0.0,0.0,0.0,0.0,0.0,0.0,0.0,0.0,0.0,0.0,0.0,0.0,0.0,0.0,0.0,0.0,0.0,0.0,0.0,0.0,0.0
148,0.5830236673355103,0.5564360022544861,-4.036502616600046e-07,0.5370993614196777,0.4928567111492157,0.02017318084836006,0.5475997924804688,0.43066513538360596,0.02627987042069435,0.5586310625076294,0.39081597328186035,0.024126777425408363,0.5631754994392395,0.3467100262641907,0.020894326269626617,0.5743844509124756,0.3515559136867523,0.03247545287013054,0.5412596464157104,0.2834091782569885,0.023280929774045944,0.5078599452972412,0.2643948197364807,0.011566990986466408,0.4838421642780304,0.2520555257797241,0.002183829201385379,0.5905443429946899,0.3430330753326416,0.010786524042487144,0.5441678762435913,0.2638965845108032,6.209838466020301e-05,0.5082088112831116,0.22246773540973663,-0.01308833435177803,0.4794459342956543,0.1869947761297226,-0.02435280941426754,0.6014852523803711,0.3524547517299652,-0.012867721728980541,0.571973443031311,0.25734204053878784,-0.027694854885339737,0.5481396317481995,0.2004248946905136,-0.04121186584234238,0.5287574529647827,0.1530875563621521,-0.05197528377175331,0.6050394177436829,0.36674121022224426,-0.0352553054690361,0.600480318069458,0.2939584255218506,-0.05291243642568588,0.587722897529602,0.24178561568260193,-0.06528490036725998,0.5704212784767151,0.19626331329345703,-0.07529023289680481,0.0,0.0,0.0,0.0,0.0,0.0,0.0,0.0,0.0,0.0,0.0,0.0,0.0,0.0,0.0,0.0,0.0,0.0,0.0,0.0,0.0,0.0,0.0,0.0,0.0,0.0,0.0,0.0,0.0,0.0,0.0,0.0,0.0,0.0,0.0,0.0,0.0,0.0,0.0,0.0,0.0,0.0,0.0,0.0,0.0,0.0,0.0,0.0,0.0,0.0,0.0,0.0,0.0,0.0,0.0,0.0,0.0,0.0,0.0,0.0,0.0,0.0,0.0
149,0.5876919031143188,0.5549436211585999,-4.442515546543291e-07,0.5397345423698425,0.5024306774139404,0.01126421894878149,0.5465066432952881,0.43994325399398804,0.014939060434699059,0.559046745300293,0.3967905640602112,0.012101092375814915,0.5585411190986633,0.34857767820358276,0.008653546683490276,0.5671312808990479,0.34832262992858887,0.027172178030014038,0.5261998772621155,0.2842958867549896,0.012538928538560867,0.48327818512916565,0.27494582533836365,-0.005587362218648195,0.4525001645088196,0.27780959010124207,-0.01758893020451069,0.5868375897407532,0.3377518951892853,0.009972849860787392,0.5431217551231384,0.26004183292388916,0.001023803954012692,0.5074838399887085,0.21907611191272736,-0.014384460635483265,0.47736722230911255,0.18583719432353973,-0.027976632118225098,0.6020451188087463,0.3456195294857025,-0.010133138857781887,0.5752792358398438,0.2554013133049011,-0.022106103599071503,0.5496777296066284,0.20094963908195496,-0.03604847937822342,0.526741623878479,0.15575143694877625,-0.04755484685301781,0.6114286780357361,0.3615768849849701,-0.030110163614153862,0.6054926514625549,0.29028594493865967,-0.04287668317556381,0.5925006866455078,0.24013079702854156,-0.05192641541361809,0.5732734799385071,0.19608286023139954,-0.05991470813751221,0.0,0.0,0.0,0.0,0.0,0.0,0.0,0.0,0.0,0.0,0.0,0.0,0.0,0.0,0.0,0.0,0.0,0.0,0.0,0.0,0.0,0.0,0.0,0.0,0.0,0.0,0.0,0.0,0.0,0.0,0.0,0.0,0.0,0.0,0.0,0.0,0.0,0.0,0.0,0.0,0.0,0.0,0.0,0.0,0.0,0.0,0.0,0.0,0.0,0.0,0.0,0.0,0.0,0.0,0.0,0.0,0.0,0.0,0.0,0.0,0.0,0.0,0.0
150,0.5847757458686829,0.5562660098075867,-5.774105602540658e-07,0.5410377979278564,0.4956156611442566,0.023066559806466103,0.5502894520759583,0.43634524941444397,0.028460286557674408,0.5589785575866699,0.39671486616134644,0.024740975350141525,0.5586772561073303,0.3529457747936249,0.01961158961057663,0.5801786184310913,0.35706040263175964,0.02940305322408676,0.5320205688476562,0.3011413812637329,0.01446861308068037,0.49014756083488464,0.31601229310035706,-0.003239631187170744,0.4649510979652405,0.3391927182674408,-0.01476062461733818,0.5961605310440063,0.3481973707675934,0.006256720516830683,0.5434503555297852,0.2719987630844116,-0.003754048841074109,0.5045677423477173,0.23223139345645905,-0.019114738330245018,0.4737491309642792,0.19966639578342438,-0.03353312611579895,0.6062703132629395,0.3562735915184021,-0.018587039783596992,0.5742301344871521,0.26048168540000916,-0.032138075679540634,0.548795223236084,0.20335440337657928,-0.048006393015384674,0.5280834436416626,0.1580946445465088,-0.06166177615523338,0.6075430512428284,0.3693844676017761,-0.041622575372457504,0.5999919772148132,0.29469209909439087,-0.05721065029501915,0.5877522826194763,0.24224461615085602,-0.06871434301137924,0.5697725415229797,0.19629251956939697,-0.07899820059537888,0.0,0.0,0.0,0.0,0.0,0.0,0.0,0.0,0.0,0.0,0.0,0.0,0.0,0.0,0.0,0.0,0.0,0.0,0.0,0.0,0.0,0.0,0.0,0.0,0.0,0.0,0.0,0.0,0.0,0.0,0.0,0.0,0.0,0.0,0.0,0.0,0.0,0.0,0.0,0.0,0.0,0.0,0.0,0.0,0.0,0.0,0.0,0.0,0.0,0.0,0.0,0.0,0.0,0.0,0.0,0.0,0.0,0.0,0.0,0.0,0.0,0.0,0.0
151,0.5876224040985107,0.5511212348937988,-5.069280177849578e-07,0.5395548343658447,0.5031150579452515,0.00735634146258235,0.5457670092582703,0.4397083520889282,0.007995100691914558,0.5614805817604065,0.3962446451187134,0.002435377100482583,0.5617985129356384,0.34911632537841797,-0.003711823606863618,0.5678916573524475,0.34374910593032837,0.022106187418103218,0.522731602191925,0.28136199712753296,0.005096547305583954,0.478614866733551,0.2749272584915161,-0.015356576070189476,0.44627243280410767,0.2795259952545166,-0.02900763414800167,0.5885552167892456,0.33352530002593994,0.005810042377561331,0.5365660190582275,0.26158368587493896,-0.006773006170988083,0.49792996048927307,0.2295401245355606,-0.023978987708687782,0.4669906795024872,0.20508526265621185,-0.03773479908704758,0.603461503982544,0.3420249819755554,-0.013621753081679344,0.5712016224861145,0.25135567784309387,-0.027629896998405457,0.5442145466804504,0.19715486466884613,-0.04218580201268196,0.5221443772315979,0.15269431471824646,-0.05374046415090561,0.6123692989349365,0.3600651025772095,-0.03319603577256203,0.6047317981719971,0.2886885404586792,-0.04784628748893738,0.589725136756897,0.23893919587135315,-0.05724934861063957,0.5691072940826416,0.1953808069229126,-0.06497526168823242,0.0,0.0,0.0,0.0,0.0,0.0,0.0,0.0,0.0,0.0,0.0,0.0,0.0,0.0,0.0,0.0,0.0,0.0,0.0,0.0,0.0,0.0,0.0,0.0,0.0,0.0,0.0,0.0,0.0,0.0,0.0,0.0,0.0,0.0,0.0,0.0,0.0,0.0,0.0,0.0,0.0,0.0,0.0,0.0,0.0,0.0,0.0,0.0,0.0,0.0,0.0,0.0,0.0,0.0,0.0,0.0,0.0,0.0,0.0,0.0,0.0,0.0,0.0
152,0.5850548148155212,0.5557448863983154,-5.557959639190813e-07,0.5406346917152405,0.50056391954422,0.019895732402801514,0.5475404262542725,0.4427716135978699,0.023872340098023415,0.5577807426452637,0.4027041792869568,0.01863384060561657,0.556817352771759,0.35628610849380493,0.012392677366733551,0.5713133215904236,0.3563557267189026,0.03221231698989868,0.5239335298538208,0.30436158180236816,0.01632978394627571,0.4818536043167114,0.3214419186115265,-0.003194964025169611,0.455642431974411,0.344474732875824,-0.015616980381309986,0.5894461274147034,0.3453414738178253,0.00946047343313694,0.540272057056427,0.26926279067993164,4.640387123799883e-05,0.5022149085998535,0.2292850911617279,-0.016125913709402084,0.4710821509361267,0.19690188765525818,-0.0308065302670002,0.6025885343551636,0.3506506681442261,-0.015789290890097618,0.5741479992866516,0.2570447325706482,-0.02749428153038025,0.55050128698349,0.20107097923755646,-0.04233965650200844,0.5303031206130981,0.1567620187997818,-0.05519147217273712,0.6082335114479065,0.36316126585006714,-0.0400201641023159,0.6001430153846741,0.2892605662345886,-0.051716361194849014,0.5874202847480774,0.2384985387325287,-0.05986500903964043,0.5685901045799255,0.19460907578468323,-0.06779393553733826,0.0,0.0,0.0,0.0,0.0,0.0,0.0,0.0,0.0,0.0,0.0,0.0,0.0,0.0,0.0,0.0,0.0,0.0,0.0,0.0,0.0,0.0,0.0,0.0,0.0,0.0,0.0,0.0,0.0,0.0,0.0,0.0,0.0,0.0,0.0,0.0,0.0,0.0,0.0,0.0,0.0,0.0,0.0,0.0,0.0,0.0,0.0,0.0,0.0,0.0,0.0,0.0,0.0,0.0,0.0,0.0,0.0,0.0,0.0,0.0,0.0,0.0,0.0
153,0.5876758694648743,0.5535731315612793,-5.637353410747892e-07,0.5420612692832947,0.4974479377269745,0.020254693925380707,0.5494303107261658,0.4325304627418518,0.027171161025762558,0.5593889951705933,0.3887960910797119,0.025441328063607216,0.5554258227348328,0.3426695764064789,0.0224421676248312,0.5756515860557556,0.345160573720932,0.03533877432346344,0.5266502499580383,0.28561198711395264,0.020316235721111298,0.4808143377304077,0.2723144292831421,0.0010095834732055664,0.44649434089660645,0.27031442523002625,-0.01197248138487339,0.5939503312110901,0.3351511061191559,0.013036361895501614,0.538112223148346,0.2631893754005432,0.0018053472740575671,0.49748003482818604,0.22984720766544342,-0.014487040229141712,0.4658467769622803,0.20494915544986725,-0.027678262442350388,0.6060112714767456,0.34242284297943115,-0.011719529516994953,0.5706813931465149,0.24990564584732056,-0.024895358830690384,0.5419152975082397,0.19673597812652588,-0.038018956780433655,0.5196092128753662,0.15266408026218414,-0.0486840084195137,0.6112250685691833,0.3582630753517151,-0.03563584387302399,0.6018878221511841,0.2867354154586792,-0.05065689608454704,0.5874179005622864,0.23630279302597046,-0.060139548033475876,0.568407416343689,0.190727099776268,-0.06789030879735947,0.0,0.0,0.0,0.0,0.0,0.0,0.0,0.0,0.0,0.0,0.0,0.0,0.0,0.0,0.0,0.0,0.0,0.0,0.0,0.0,0.0,0.0,0.0,0.0,0.0,0.0,0.0,0.0,0.0,0.0,0.0,0.0,0.0,0.0,0.0,0.0,0.0,0.0,0.0,0.0,0.0,0.0,0.0,0.0,0.0,0.0,0.0,0.0,0.0,0.0,0.0,0.0,0.0,0.0,0.0,0.0,0.0,0.0,0.0,0.0,0.0,0.0,0.0
154,0.587679922580719,0.5616263151168823,-5.83764062866976e-07,0.54232257604599,0.4997318983078003,0.02010076679289341,0.5478927493095398,0.4367205798625946,0.02398720383644104,0.5576624274253845,0.3961331844329834,0.018417956307530403,0.5579347610473633,0.34923210740089417,0.011964647099375725,0.5756241083145142,0.3561064302921295,0.030970335006713867,0.5211365222930908,0.3024965226650238,0.013518068008124828,0.4722694754600525,0.31884288787841797,-0.007234557066112757,0.43872180581092834,0.34197938442230225,-0.020414317026734352,0.5924032330513,0.34834882616996765,0.008071196265518665,0.5365565419197083,0.2779861390590668,-0.005389448255300522,0.49534842371940613,0.2392197847366333,-0.02310430258512497,0.4617345929145813,0.21009409427642822,-0.03733156621456146,0.6031009554862976,0.355676531791687,-0.017200089991092682,0.5717686414718628,0.2613831162452698,-0.03173992410302162,0.547253429889679,0.20252197980880737,-0.04675964266061783,0.526473879814148,0.1590295284986496,-0.05841022729873657,0.6049538850784302,0.36895298957824707,-0.04131745174527168,0.6009713411331177,0.29657188057899475,-0.055728938430547714,0.5897494554519653,0.24357040226459503,-0.06466080993413925,0.5720176696777344,0.1985919177532196,-0.0720551535487175,0.0,0.0,0.0,0.0,0.0,0.0,0.0,0.0,0.0,0.0,0.0,0.0,0.0,0.0,0.0,0.0,0.0,0.0,0.0,0.0,0.0,0.0,0.0,0.0,0.0,0.0,0.0,0.0,0.0,0.0,0.0,0.0,0.0,0.0,0.0,0.0,0.0,0.0,0.0,0.0,0.0,0.0,0.0,0.0,0.0,0.0,0.0,0.0,0.0,0.0,0.0,0.0,0.0,0.0,0.0,0.0,0.0,0.0,0.0,0.0,0.0,0.0,0.0
155,0.5902639627456665,0.558102011680603,-6.175202997837914e-07,0.5415634512901306,0.5012959241867065,0.030240707099437714,0.5504037141799927,0.4432278275489807,0.04060603678226471,0.560236930847168,0.4004860520362854,0.04067395254969597,0.5581877827644348,0.3509063720703125,0.039065781980752945,0.5796186327934265,0.35023224353790283,0.04335546866059303,0.5293937921524048,0.2880757749080658,0.03357671573758125,0.4846530258655548,0.28391173481941223,0.01906779780983925,0.4567379355430603,0.2923176884651184,0.008709759451448917,0.5990655422210693,0.3399195969104767,0.016450487077236176,0.5394929647445679,0.263766348361969,0.011617100797593594,0.4973900020122528,0.22800149023532867,-0.0002420227392576635,0.46700409054756165,0.20363961160182953,-0.012770636938512325,0.6092602610588074,0.347868412733078,-0.012320446781814098,0.5699647068977356,0.2512144148349762,-0.021809864789247513,0.5366093516349792,0.19919922947883606,-0.03329840302467346,0.5123145580291748,0.15852411091327667,-0.04503289610147476,0.6110521554946899,0.3617989718914032,-0.039291080087423325,0.6002607941627502,0.2881242036819458,-0.05524730682373047,0.5842651724815369,0.23611627519130707,-0.0668587014079094,0.5642426013946533,0.19068902730941772,-0.07718845456838608,0.0,0.0,0.0,0.0,0.0,0.0,0.0,0.0,0.0,0.0,0.0,0.0,0.0,0.0,0.0,0.0,0.0,0.0,0.0,0.0,0.0,0.0,0.0,0.0,0.0,0.0,0.0,0.0,0.0,0.0,0.0,0.0,0.0,0.0,0.0,0.0,0.0,0.0,0.0,0.0,0.0,0.0,0.0,0.0,0.0,0.0,0.0,0.0,0.0,0.0,0.0,0.0,0.0,0.0,0.0,0.0,0.0,0.0,0.0,0.0,0.0,0.0,0.0
156,0.5854910016059875,0.5614984035491943,-5.47383024240844e-07,0.5398083925247192,0.5011894702911377,0.019896699115633965,0.5461120009422302,0.4403733015060425,0.025281893089413643,0.5565729141235352,0.39820393919944763,0.021927792578935623,0.5575584769248962,0.35299399495124817,0.017763391137123108,0.5731528401374817,0.35634124279022217,0.03330136463046074,0.5266732573509216,0.3048180341720581,0.017426297068595886,0.4839756488800049,0.31234461069107056,-0.0017910829046741128,0.4550330638885498,0.327553927898407,-0.013966262340545654,0.5910914540290833,0.34573426842689514,0.011638565920293331,0.5436557531356812,0.2687417268753052,0.0021704763639718294,0.5081887245178223,0.22620528936386108,-0.012010126374661922,0.47830644249916077,0.1907646805047989,-0.025043809786438942,0.6039367914199829,0.35137054324150085,-0.012779130600392818,0.5740929245948792,0.25861161947250366,-0.0251227505505085,0.5490175485610962,0.20481283962726593,-0.03831969574093819,0.5266237258911133,0.16245970129966736,-0.049611739814281464,0.6099826693534851,0.36443835496902466,-0.03636525198817253,0.6033191084861755,0.2930544316768646,-0.049249861389398575,0.5914072394371033,0.24279122054576874,-0.058237988501787186,0.5729361176490784,0.19955796003341675,-0.06649798154830933,0.0,0.0,0.0,0.0,0.0,0.0,0.0,0.0,0.0,0.0,0.0,0.0,0.0,0.0,0.0,0.0,0.0,0.0,0.0,0.0,0.0,0.0,0.0,0.0,0.0,0.0,0.0,0.0,0.0,0.0,0.0,0.0,0.0,0.0,0.0,0.0,0.0,0.0,0.0,0.0,0.0,0.0,0.0,0.0,0.0,0.0,0.0,0.0,0.0,0.0,0.0,0.0,0.0,0.0,0.0,0.0,0.0,0.0,0.0,0.0,0.0,0.0,0.0
157,0.5865383744239807,0.5556508302688599,-4.767128416460764e-07,0.5383883714675903,0.5032351613044739,0.010771228931844234,0.542789101600647,0.44360587000846863,0.013390577398240566,0.557491660118103,0.402446985244751,0.00913495197892189,0.5586530566215515,0.35582852363586426,0.00419955886900425,0.5606268644332886,0.35016027092933655,0.024325918406248093,0.5180380940437317,0.28635090589523315,0.007867627777159214,0.4765642285346985,0.28919413685798645,-0.011434216983616352,0.45004576444625854,0.3044279217720032,-0.02430630661547184,0.580865204334259,0.33971652388572693,0.006629391107708216,0.5364598631858826,0.2619398236274719,-0.00505657447502017,0.5016046762466431,0.2246745079755783,-0.021847572177648544,0.4744470715522766,0.19421052932739258,-0.03610163927078247,0.5973707437515259,0.34778302907943726,-0.014101376757025719,0.570050835609436,0.25235408544540405,-0.029507581144571304,0.5446737408638,0.1973944902420044,-0.046464964747428894,0.5238820314407349,0.15203426778316498,-0.059832945466041565,0.6093398928642273,0.36542344093322754,-0.034341417253017426,0.6044312119483948,0.2927037477493286,-0.05181830748915672,0.5905389785766602,0.24144130945205688,-0.0640731230378151,0.570626437664032,0.19654858112335205,-0.07404295355081558,0.0,0.0,0.0,0.0,0.0,0.0,0.0,0.0,0.0,0.0,0.0,0.0,0.0,0.0,0.0,0.0,0.0,0.0,0.0,0.0,0.0,0.0,0.0,0.0,0.0,0.0,0.0,0.0,0.0,0.0,0.0,0.0,0.0,0.0,0.0,0.0,0.0,0.0,0.0,0.0,0.0,0.0,0.0,0.0,0.0,0.0,0.0,0.0,0.0,0.0,0.0,0.0,0.0,0.0,0.0,0.0,0.0,0.0,0.0,0.0,0.0,0.0,0.0
158,0.5878434181213379,0.5528936386108398,-3.77430382059174e-07,0.5412479639053345,0.4961654841899872,0.026564946398139,0.5478658676147461,0.43728959560394287,0.03640008717775345,0.5591553449630737,0.3958674371242523,0.03625541925430298,0.5625338554382324,0.35235774517059326,0.03443111106753349,0.5709500908851624,0.3502514660358429,0.046347856521606445,0.5368888974189758,0.2917718291282654,0.03938666731119156,0.5060727000236511,0.2731855511665344,0.027028145268559456,0.48583081364631653,0.2604738771915436,0.017357151955366135,0.5884335041046143,0.33668404817581177,0.02135290950536728,0.5476462841033936,0.2575016915798187,0.016091477125883102,0.5164598226547241,0.21059906482696533,0.004012050107121468,0.49198225140571594,0.1713179498910904,-0.007470522075891495,0.6020970940589905,0.3417174816131592,-0.005845175590366125,0.5758469104766846,0.24946191906929016,-0.016567261889576912,0.550649106502533,0.19453507661819458,-0.02866205759346485,0.5297354459762573,0.1494969129562378,-0.03884144499897957,0.6109079718589783,0.35500383377075195,-0.031622763723134995,0.6017904877662659,0.2788371741771698,-0.04448945075273514,0.5877848267555237,0.2282923012971878,-0.05286111310124397,0.5696533918380737,0.18441322445869446,-0.06029362231492996,0.0,0.0,0.0,0.0,0.0,0.0,0.0,0.0,0.0,0.0,0.0,0.0,0.0,0.0,0.0,0.0,0.0,0.0,0.0,0.0,0.0,0.0,0.0,0.0,0.0,0.0,0.0,0.0,0.0,0.0,0.0,0.0,0.0,0.0,0.0,0.0,0.0,0.0,0.0,0.0,0.0,0.0,0.0,0.0,0.0,0.0,0.0,0.0,0.0,0.0,0.0,0.0,0.0,0.0,0.0,0.0,0.0,0.0,0.0,0.0,0.0,0.0,0.0
159,0.5866695642471313,0.5553642511367798,-5.93381457747455e-07,0.5416440963745117,0.4955253005027771,0.026307735592126846,0.5489049553871155,0.4327913522720337,0.03264898434281349,0.5586997270584106,0.39097514748573303,0.02892739698290825,0.5606759786605835,0.3441455066204071,0.024145711213350296,0.5822003483772278,0.34596896171569824,0.03519492968916893,0.5255395174026489,0.30043458938598633,0.021843278780579567,0.47780826687812805,0.3204134702682495,0.004347836133092642,0.44781866669654846,0.34357839822769165,-0.007288736756891012,0.5979428291320801,0.33760780096054077,0.00983778852969408,0.537699282169342,0.2700892388820648,0.0019306386820971966,0.4963035583496094,0.2306564897298813,-0.011908579617738724,0.46319615840911865,0.20075704157352448,-0.02511485293507576,0.607464611530304,0.3459993898868561,-0.017259912565350533,0.5643918514251709,0.2551264762878418,-0.02710070088505745,0.5323616862297058,0.19902199506759644,-0.039516888558864594,0.5065854787826538,0.15650391578674316,-0.0515499971807003,0.6088947057723999,0.3594721555709839,-0.042968254536390305,0.6001105308532715,0.2902338206768036,-0.055252619087696075,0.5887532830238342,0.23567472398281097,-0.06487265974283218,0.5712103247642517,0.18784986436367035,-0.07414984703063965,0.0,0.0,0.0,0.0,0.0,0.0,0.0,0.0,0.0,0.0,0.0,0.0,0.0,0.0,0.0,0.0,0.0,0.0,0.0,0.0,0.0,0.0,0.0,0.0,0.0,0.0,0.0,0.0,0.0,0.0,0.0,0.0,0.0,0.0,0.0,0.0,0.0,0.0,0.0,0.0,0.0,0.0,0.0,0.0,0.0,0.0,0.0,0.0,0.0,0.0,0.0,0.0,0.0,0.0,0.0,0.0,0.0,0.0,0.0,0.0,0.0,0.0,0.0
160,0.5889636278152466,0.5481142401695251,-5.478023581417801e-07,0.5457351803779602,0.4993897080421448,0.013958661817014217,0.5522031784057617,0.4383438527584076,0.018077921122312546,0.5644509792327881,0.39446142315864563,0.014216852374374866,0.5630328059196472,0.3466247618198395,0.009233790449798107,0.571688175201416,0.3454054892063141,0.032896582037210464,0.5260806083679199,0.2849805951118469,0.01713690534234047,0.4806554913520813,0.2727036476135254,-0.003245395142585039,0.4473884105682373,0.2743883728981018,-0.016795417293906212,0.5894385576248169,0.3320181667804718,0.013399485498666763,0.5377674698829651,0.25910547375679016,0.0023294223938137293,0.49816060066223145,0.2264290153980255,-0.014859423041343689,0.4671563506126404,0.20237863063812256,-0.028683830052614212,0.6035571694374084,0.33596912026405334,-0.009176424704492092,0.571290910243988,0.24385879933834076,-0.02287721261382103,0.5421638488769531,0.19118991494178772,-0.03717922419309616,0.5182785391807556,0.14852352440357208,-0.048308756202459335,0.6138693690299988,0.3488452732563019,-0.0314733125269413,0.6050660610198975,0.2744675874710083,-0.04549463093280792,0.5894696116447449,0.226064071059227,-0.054042793810367584,0.5679222941398621,0.18398642539978027,-0.061054229736328125,0.0,0.0,0.0,0.0,0.0,0.0,0.0,0.0,0.0,0.0,0.0,0.0,0.0,0.0,0.0,0.0,0.0,0.0,0.0,0.0,0.0,0.0,0.0,0.0,0.0,0.0,0.0,0.0,0.0,0.0,0.0,0.0,0.0,0.0,0.0,0.0,0.0,0.0,0.0,0.0,0.0,0.0,0.0,0.0,0.0,0.0,0.0,0.0,0.0,0.0,0.0,0.0,0.0,0.0,0.0,0.0,0.0,0.0,0.0,0.0,0.0,0.0,0.0
161,0.5926734805107117,0.5479745864868164,-6.459350174736755e-07,0.5475062131881714,0.4897073805332184,0.0209500752389431,0.552959144115448,0.42653071880340576,0.025225741788744926,0.5641454458236694,0.38615548610687256,0.019485214725136757,0.564064621925354,0.3402794599533081,0.012379472143948078,0.5767096281051636,0.34337228536605835,0.03490492329001427,0.5252792835235596,0.29251909255981445,0.018282100558280945,0.48067259788513184,0.3084898293018341,-0.0020825553219765425,0.45228320360183716,0.3304247260093689,-0.01517941802740097,0.5936354994773865,0.33425623178482056,0.01144459005445242,0.5345981121063232,0.27275270223617554,-0.004443817306309938,0.4925946891307831,0.24745987355709076,-0.024765372276306152,0.4615119695663452,0.22690990567207336,-0.03935627266764641,0.6076018214225769,0.33847591280937195,-0.014114156365394592,0.5703402161598206,0.24693496525287628,-0.03009141981601715,0.5433146953582764,0.18992777168750763,-0.04733198508620262,0.5223761796951294,0.14472272992134094,-0.059629473835229874,0.6158644556999207,0.34894251823425293,-0.03823120892047882,0.6043300628662109,0.27270781993865967,-0.05132337287068367,0.590392529964447,0.22128641605377197,-0.05900495871901512,0.5716629028320312,0.17570120096206665,-0.0652427226305008,0.0,0.0,0.0,0.0,0.0,0.0,0.0,0.0,0.0,0.0,0.0,0.0,0.0,0.0,0.0,0.0,0.0,0.0,0.0,0.0,0.0,0.0,0.0,0.0,0.0,0.0,0.0,0.0,0.0,0.0,0.0,0.0,0.0,0.0,0.0,0.0,0.0,0.0,0.0,0.0,0.0,0.0,0.0,0.0,0.0,0.0,0.0,0.0,0.0,0.0,0.0,0.0,0.0,0.0,0.0,0.0,0.0,0.0,0.0,0.0,0.0,0.0,0.0
162,0.5903486609458923,0.5473440885543823,-4.711090468845214e-07,0.5458586812019348,0.487650603055954,0.01721339300274849,0.5532590746879578,0.421856164932251,0.025663180276751518,0.564063549041748,0.37588953971862793,0.026673970744013786,0.5598306059837341,0.33079463243484497,0.026807190850377083,0.57032710313797,0.35179567337036133,0.03549513593316078,0.53046715259552,0.2905218303203583,0.02162383310496807,0.4899970293045044,0.26501625776290894,0.003939216956496239,0.45805975794792175,0.2515699863433838,-0.007657730020582676,0.5870634317398071,0.33974310755729675,0.016679098829627037,0.5445213317871094,0.26208171248435974,0.004370572045445442,0.5077678561210632,0.2210363745689392,-0.0127651896327734,0.4772421717643738,0.1885327845811844,-0.02549724653363228,0.6019506454467773,0.3417777717113495,-0.004547024145722389,0.5787225961685181,0.2476387619972229,-0.01972046308219433,0.5530498027801514,0.192737877368927,-0.03509899228811264,0.5307178497314453,0.14844954013824463,-0.04541214928030968,0.6138540506362915,0.3523816764354706,-0.024877192452549934,0.6092537641525269,0.27517738938331604,-0.039054855704307556,0.5944129824638367,0.22515957057476044,-0.048040721565485,0.5740227699279785,0.18288752436637878,-0.05465876683592796,0.0,0.0,0.0,0.0,0.0,0.0,0.0,0.0,0.0,0.0,0.0,0.0,0.0,0.0,0.0,0.0,0.0,0.0,0.0,0.0,0.0,0.0,0.0,0.0,0.0,0.0,0.0,0.0,0.0,0.0,0.0,0.0,0.0,0.0,0.0,0.0,0.0,0.0,0.0,0.0,0.0,0.0,0.0,0.0,0.0,0.0,0.0,0.0,0.0,0.0,0.0,0.0,0.0,0.0,0.0,0.0,0.0,0.0,0.0,0.0,0.0,0.0,0.0
163,0.5849674344062805,0.5461270809173584,-4.977417233931192e-07,0.5436282157897949,0.49007439613342285,0.016654718667268753,0.5508936643600464,0.4293438792228699,0.020838133990764618,0.5603007674217224,0.3906345069408417,0.017180658876895905,0.5621466636657715,0.3488309383392334,0.012782931327819824,0.5754897594451904,0.3444674015045166,0.027378175407648087,0.5329498052597046,0.2898884415626526,0.012457756325602531,0.4945114552974701,0.30219849944114685,-0.004603528883308172,0.4703926742076874,0.32083070278167725,-0.01558720227330923,0.5895272493362427,0.33455538749694824,0.007714163977652788,0.5414972305297852,0.2618356943130493,-0.0030460585840046406,0.5055903792381287,0.22478261590003967,-0.017518384382128716,0.4776492118835449,0.1927206665277481,-0.030134402215480804,0.6015444993972778,0.34178784489631653,-0.014427771791815758,0.5698973536491394,0.2481883466243744,-0.029956316575407982,0.5438736081123352,0.1929931789636612,-0.04546451196074486,0.5238221883773804,0.14874684810638428,-0.057235486805438995,0.607611358165741,0.3548303544521332,-0.03543739393353462,0.6010597944259644,0.2805516719818115,-0.052602190524339676,0.5876994132995605,0.22807539999485016,-0.06444542855024338,0.5695224404335022,0.1838008612394333,-0.07380879670381546,0.0,0.0,0.0,0.0,0.0,0.0,0.0,0.0,0.0,0.0,0.0,0.0,0.0,0.0,0.0,0.0,0.0,0.0,0.0,0.0,0.0,0.0,0.0,0.0,0.0,0.0,0.0,0.0,0.0,0.0,0.0,0.0,0.0,0.0,0.0,0.0,0.0,0.0,0.0,0.0,0.0,0.0,0.0,0.0,0.0,0.0,0.0,0.0,0.0,0.0,0.0,0.0,0.0,0.0,0.0,0.0,0.0,0.0,0.0,0.0,0.0,0.0,0.0
164,0.5877920985221863,0.5450032949447632,-4.3589176357272663e-07,0.5384289622306824,0.4922275245189667,0.01010521687567234,0.5428944826126099,0.4314901828765869,0.012692405842244625,0.5547904968261719,0.38811203837394714,0.008724409155547619,0.5534955859184265,0.34188762307167053,0.0038856000173836946,0.5659165382385254,0.34365856647491455,0.025311598554253578,0.521120011806488,0.2859801650047302,0.008943213149905205,0.4781681001186371,0.27592775225639343,-0.01032710075378418,0.4479314684867859,0.2781272232532501,-0.022699512541294098,0.5850192904472351,0.3330794870853424,0.008164712227880955,0.5371229648590088,0.255374014377594,-0.0029616542160511017,0.49932220578193665,0.21655656397342682,-0.018884124234318733,0.46878090500831604,0.1863996684551239,-0.03216000273823738,0.5991613268852234,0.33920538425445557,-0.012012978084385395,0.5648556351661682,0.24807606637477875,-0.025951558724045753,0.5342729091644287,0.1969655454158783,-0.03976712375879288,0.5096407532691956,0.1577829271554947,-0.05022476613521576,0.6077268719673157,0.3540635406970978,-0.032178882509469986,0.5967584848403931,0.2781125009059906,-0.045717909932136536,0.5802818536758423,0.22709566354751587,-0.054572734981775284,0.559912919998169,0.18501119315624237,-0.06188769266009331,0.0,0.0,0.0,0.0,0.0,0.0,0.0,0.0,0.0,0.0,0.0,0.0,0.0,0.0,0.0,0.0,0.0,0.0,0.0,0.0,0.0,0.0,0.0,0.0,0.0,0.0,0.0,0.0,0.0,0.0,0.0,0.0,0.0,0.0,0.0,0.0,0.0,0.0,0.0,0.0,0.0,0.0,0.0,0.0,0.0,0.0,0.0,0.0,0.0,0.0,0.0,0.0,0.0,0.0,0.0,0.0,0.0,0.0,0.0,0.0,0.0,0.0,0.0
165,0.5861167907714844,0.5518203973770142,-4.5590400077344384e-07,0.5392460823059082,0.4978990852832794,0.01728384755551815,0.5444536805152893,0.4372614324092865,0.01949067786335945,0.5548050999641418,0.39808130264282227,0.012553056702017784,0.5536262392997742,0.3524237871170044,0.004496296402066946,0.5716552138328552,0.3491864502429962,0.03155875205993652,0.5314602851867676,0.29289692640304565,0.01735018566250801,0.49799060821533203,0.30361640453338623,-0.00019941441132687032,0.4801202714443207,0.3226185739040375,-0.012236196547746658,0.5886023640632629,0.3373895585536957,0.008868899196386337,0.5400263667106628,0.2613118886947632,-0.0005572011577896774,0.5030819177627563,0.22154501080513,-0.01693532057106495,0.4741401970386505,0.18926014006137848,-0.032043952494859695,0.6018166542053223,0.34459978342056274,-0.016542812809348106,0.5693957209587097,0.25058087706565857,-0.03054741397500038,0.54081130027771,0.1969694346189499,-0.04618579149246216,0.5175365805625916,0.1540607064962387,-0.05932188406586647,0.6083958148956299,0.359586238861084,-0.041067514568567276,0.5977111458778381,0.282779723405838,-0.05580400303006172,0.5813170671463013,0.23176312446594238,-0.06596700847148895,0.5604920983314514,0.18763191998004913,-0.07513130456209183,0.0,0.0,0.0,0.0,0.0,0.0,0.0,0.0,0.0,0.0,0.0,0.0,0.0,0.0,0.0,0.0,0.0,0.0,0.0,0.0,0.0,0.0,0.0,0.0,0.0,0.0,0.0,0.0,0.0,0.0,0.0,0.0,0.0,0.0,0.0,0.0,0.0,0.0,0.0,0.0,0.0,0.0,0.0,0.0,0.0,0.0,0.0,0.0,0.0,0.0,0.0,0.0,0.0,0.0,0.0,0.0,0.0,0.0,0.0,0.0,0.0,0.0,0.0
166,0.5908676981925964,0.5512455701828003,-4.7348717657769157e-07,0.5426971912384033,0.4970623254776001,0.01845150627195835,0.5474092364311218,0.43517157435417175,0.02248329296708107,0.5557442307472229,0.3955102860927582,0.01819511689245701,0.555980384349823,0.3523574769496918,0.013120408169925213,0.5782333016395569,0.34541749954223633,0.029512347653508186,0.540001630783081,0.28731203079223633,0.015984825789928436,0.5079779624938965,0.29555004835128784,0.0003431186487432569,0.4906940460205078,0.3144514560699463,-0.01006797794252634,0.5930421352386475,0.3370230197906494,0.008229994215071201,0.5431805849075317,0.2611551284790039,-0.002087521133944392,0.5067231059074402,0.22038918733596802,-0.016629645600914955,0.47789689898490906,0.18848536908626556,-0.029623068869113922,0.6040545701980591,0.34578436613082886,-0.015353799797594547,0.5667495727539062,0.25271278619766235,-0.03009326197206974,0.5366527438163757,0.19961857795715332,-0.04453347995877266,0.512413740158081,0.15795376896858215,-0.05612633749842644,0.6079111099243164,0.3610151708126068,-0.03781012445688248,0.5976368188858032,0.28564947843551636,-0.05284605175256729,0.5826114416122437,0.23593974113464355,-0.06332918256521225,0.5635899305343628,0.19327481091022491,-0.07246053963899612,0.0,0.0,0.0,0.0,0.0,0.0,0.0,0.0,0.0,0.0,0.0,0.0,0.0,0.0,0.0,0.0,0.0,0.0,0.0,0.0,0.0,0.0,0.0,0.0,0.0,0.0,0.0,0.0,0.0,0.0,0.0,0.0,0.0,0.0,0.0,0.0,0.0,0.0,0.0,0.0,0.0,0.0,0.0,0.0,0.0,0.0,0.0,0.0,0.0,0.0,0.0,0.0,0.0,0.0,0.0,0.0,0.0,0.0,0.0,0.0,0.0,0.0,0.0
167,0.5887596607208252,0.549439549446106,-3.026231922831357e-07,0.5400756001472473,0.48897796869277954,0.016533885151147842,0.5457199215888977,0.4213589131832123,0.022365769371390343,0.555203914642334,0.3762458562850952,0.0207432359457016,0.555830180644989,0.3304562568664551,0.017638634890317917,0.5767127275466919,0.33902058005332947,0.03145398944616318,0.546086847782135,0.27390217781066895,0.0253585334867239,0.5142836570739746,0.23594023287296295,0.01517348550260067,0.4878668189048767,0.20250043272972107,0.005572858266532421,0.5930488705635071,0.3323981463909149,0.011003881692886353,0.5470998287200928,0.2572082281112671,0.0019338005222380161,0.5094084143638611,0.21573905646800995,-0.010940941981971264,0.4783121943473816,0.18254345655441284,-0.02209082804620266,0.6035570502281189,0.34184518456459045,-0.011239434592425823,0.5684564709663391,0.2536189556121826,-0.0243676844984293,0.5374953150749207,0.2040438950061798,-0.0357946939766407,0.5122854709625244,0.16541004180908203,-0.04495876654982567,0.6069956421852112,0.3575919270515442,-0.03299960866570473,0.5966390371322632,0.28471243381500244,-0.04768642410635948,0.5807140469551086,0.23572035133838654,-0.05722248554229736,0.56241375207901,0.19429315626621246,-0.06509967893362045,0.0,0.0,0.0,0.0,0.0,0.0,0.0,0.0,0.0,0.0,0.0,0.0,0.0,0.0,0.0,0.0,0.0,0.0,0.0,0.0,0.0,0.0,0.0,0.0,0.0,0.0,0.0,0.0,0.0,0.0,0.0,0.0,0.0,0.0,0.0,0.0,0.0,0.0,0.0,0.0,0.0,0.0,0.0,0.0,0.0,0.0,0.0,0.0,0.0,0.0,0.0,0.0,0.0,0.0,0.0,0.0,0.0,0.0,0.0,0.0,0.0,0.0,0.0
168,0.5875571966171265,0.5506070852279663,-2.708359261305304e-07,0.5405551791191101,0.4952039122581482,0.011714535765349865,0.5468318462371826,0.4282960891723633,0.017129501327872276,0.5580037832260132,0.3848510980606079,0.016117077320814133,0.5598241090774536,0.34076452255249023,0.01399322971701622,0.5732538104057312,0.34032773971557617,0.027839485555887222,0.5464162230491638,0.27526843547821045,0.020612306892871857,0.5166350603103638,0.23683954775333405,0.010099564678966999,0.49219489097595215,0.20292426645755768,0.000589449075050652,0.5905652642250061,0.33296942710876465,0.009982192888855934,0.5509734153747559,0.25675714015960693,-0.0009880345314741135,0.5177911520004272,0.21286959946155548,-0.01460654940456152,0.4898338317871094,0.17553824186325073,-0.02532978542149067,0.6038249135017395,0.34245556592941284,-0.009991558268666267,0.5725535154342651,0.25581300258636475,-0.025232961401343346,0.5438967347145081,0.20486794412136078,-0.037864863872528076,0.5192954540252686,0.16344822943210602,-0.04666201397776604,0.6118754744529724,0.3597966730594635,-0.029820822179317474,0.6022726893424988,0.28809627890586853,-0.045395657420158386,0.5860126614570618,0.23889301717281342,-0.05544587969779968,0.5664162635803223,0.19659385085105896,-0.06313320249319077,0.0,0.0,0.0,0.0,0.0,0.0,0.0,0.0,0.0,0.0,0.0,0.0,0.0,0.0,0.0,0.0,0.0,0.0,0.0,0.0,0.0,0.0,0.0,0.0,0.0,0.0,0.0,0.0,0.0,0.0,0.0,0.0,0.0,0.0,0.0,0.0,0.0,0.0,0.0,0.0,0.0,0.0,0.0,0.0,0.0,0.0,0.0,0.0,0.0,0.0,0.0,0.0,0.0,0.0,0.0,0.0,0.0,0.0,0.0,0.0,0.0,0.0,0.0
169,0.5862909555435181,0.5521101951599121,-4.1579852450013277e-07,0.5397769212722778,0.48751091957092285,0.026725677773356438,0.548340380191803,0.42363500595092773,0.036813534796237946,0.5541141033172607,0.3815937042236328,0.03773805871605873,0.5523831248283386,0.3371163308620453,0.03651156648993492,0.5902186036109924,0.34335389733314514,0.0387202650308609,0.5550277233123779,0.27889156341552734,0.03362191095948219,0.5198599100112915,0.2429417073726654,0.02476031892001629,0.4928380846977234,0.2123262882232666,0.01609235443174839,0.6045182347297668,0.3371531367301941,0.013583342544734478,0.5504351854324341,0.26267629861831665,0.004917638376355171,0.509170651435852,0.22017662227153778,-0.006907739210873842,0.4779268503189087,0.18475419282913208,-0.01762419566512108,0.6107625961303711,0.34693852066993713,-0.012694989331066608,0.5709074139595032,0.25717592239379883,-0.026421556249260902,0.5391752123832703,0.20443859696388245,-0.037362225353717804,0.5158524513244629,0.16143786907196045,-0.04642850160598755,0.6085005402565002,0.36181825399398804,-0.037428632378578186,0.5982333421707153,0.28877589106559753,-0.05487789213657379,0.5825958847999573,0.23707754909992218,-0.06608602404594421,0.5651718378067017,0.19202011823654175,-0.07502222061157227,0.0,0.0,0.0,0.0,0.0,0.0,0.0,0.0,0.0,0.0,0.0,0.0,0.0,0.0,0.0,0.0,0.0,0.0,0.0,0.0,0.0,0.0,0.0,0.0,0.0,0.0,0.0,0.0,0.0,0.0,0.0,0.0,0.0,0.0,0.0,0.0,0.0,0.0,0.0,0.0,0.0,0.0,0.0,0.0,0.0,0.0,0.0,0.0,0.0,0.0,0.0,0.0,0.0,0.0,0.0,0.0,0.0,0.0,0.0,0.0,0.0,0.0,0.0
170,0.5884457230567932,0.5487873554229736,-4.285672616788361e-07,0.541813313961029,0.48508182168006897,0.027741199359297752,0.5473262071609497,0.4164372980594635,0.03846175968647003,0.5539026856422424,0.37182193994522095,0.040264710783958435,0.5526259541511536,0.3304365873336792,0.03993247076869011,0.5881699323654175,0.33950895071029663,0.035625021904706955,0.5530526638031006,0.27171212434768677,0.030579878017306328,0.5209137797355652,0.23383207619190216,0.022777864709496498,0.4964844584465027,0.20185835659503937,0.014968066476285458,0.6042065620422363,0.33546626567840576,0.010525059886276722,0.5500074625015259,0.25600665807724,0.0027676753234118223,0.5112364888191223,0.21311677992343903,-0.0065526594407856464,0.48209184408187866,0.17904341220855713,-0.015739209949970245,0.6107949614524841,0.3460637331008911,-0.015544992871582508,0.5684095025062561,0.25436776876449585,-0.02902795933187008,0.5325706601142883,0.20369255542755127,-0.038107745349407196,0.5058438181877136,0.16343234479427338,-0.04610003903508186,0.608765721321106,0.36011162400245667,-0.03988663852214813,0.5975316166877747,0.28367844223976135,-0.058359693735837936,0.5817193388938904,0.23378287255764008,-0.0696101114153862,0.5640330910682678,0.19040191173553467,-0.07863064110279083,0.0,0.0,0.0,0.0,0.0,0.0,0.0,0.0,0.0,0.0,0.0,0.0,0.0,0.0,0.0,0.0,0.0,0.0,0.0,0.0,0.0,0.0,0.0,0.0,0.0,0.0,0.0,0.0,0.0,0.0,0.0,0.0,0.0,0.0,0.0,0.0,0.0,0.0,0.0,0.0,0.0,0.0,0.0,0.0,0.0,0.0,0.0,0.0,0.0,0.0,0.0,0.0,0.0,0.0,0.0,0.0,0.0,0.0,0.0,0.0,0.0,0.0,0.0
171,0.5875056982040405,0.5508652925491333,-4.7393930913131044e-07,0.5369993448257446,0.4965206980705261,0.027468400076031685,0.5421614050865173,0.429557204246521,0.03943803533911705,0.5480809211730957,0.38751283288002014,0.04223880171775818,0.5450635552406311,0.3448266386985779,0.042598508298397064,0.5836986303329468,0.3417752683162689,0.03992762044072151,0.5496982932090759,0.27716511487960815,0.03669864311814308,0.5181069374084473,0.24155855178833008,0.028699297457933426,0.49284762144088745,0.2105807363986969,0.0204621572047472,0.5996337532997131,0.33499205112457275,0.014805717393755913,0.5434961915016174,0.2629842162132263,0.007532260846346617,0.501214325428009,0.22385570406913757,-0.0033785654231905937,0.4690267741680145,0.19341136515140533,-0.01296268217265606,0.6068635582923889,0.3428769111633301,-0.011396353133022785,0.5659714937210083,0.25360745191574097,-0.023043636232614517,0.534061849117279,0.20025207102298737,-0.03276875987648964,0.5111348628997803,0.15671350061893463,-0.04126308858394623,0.6057112812995911,0.35478639602661133,-0.03607269376516342,0.5916764736175537,0.2836079001426697,-0.05191203951835632,0.5765910744667053,0.2347402423620224,-0.06151153892278671,0.5607365965843201,0.1913631707429886,-0.06926718354225159,0.0,0.0,0.0,0.0,0.0,0.0,0.0,0.0,0.0,0.0,0.0,0.0,0.0,0.0,0.0,0.0,0.0,0.0,0.0,0.0,0.0,0.0,0.0,0.0,0.0,0.0,0.0,0.0,0.0,0.0,0.0,0.0,0.0,0.0,0.0,0.0,0.0,0.0,0.0,0.0,0.0,0.0,0.0,0.0,0.0,0.0,0.0,0.0,0.0,0.0,0.0,0.0,0.0,0.0,0.0,0.0,0.0,0.0,0.0,0.0,0.0,0.0,0.0
172,0.5919033885002136,0.5523421168327332,-5.11962866767135e-07,0.5412148833274841,0.49795466661453247,0.019581865519285202,0.5472590327262878,0.4299326241016388,0.02612728625535965,0.5554657578468323,0.38352957367897034,0.024727508425712585,0.5553463101387024,0.33959314227104187,0.02132171206176281,0.5896759629249573,0.3468090295791626,0.030386267229914665,0.5395798683166504,0.2891896367073059,0.019949300214648247,0.4965653419494629,0.2687262296676636,0.00589262880384922,0.46508437395095825,0.25468745827674866,-0.004807438235729933,0.606256365776062,0.337208092212677,0.00821587536484003,0.5488405823707581,0.2600790560245514,1.088152657757746e-05,0.5062625408172607,0.2204308956861496,-0.012305086478590965,0.47267961502075195,0.19016008079051971,-0.023866791278123856,0.612546980381012,0.3447491526603699,-0.015773477032780647,0.5714268684387207,0.252765029668808,-0.027843862771987915,0.5380924344062805,0.2017587423324585,-0.0381103940308094,0.5131943821907043,0.16190634667873383,-0.04727904871106148,0.6077789068222046,0.35825014114379883,-0.03898165002465248,0.5940767526626587,0.28292495012283325,-0.05427102372050285,0.5786914229393005,0.23113718628883362,-0.06384573131799698,0.5614780187606812,0.18703539669513702,-0.07191170006990433,0.0,0.0,0.0,0.0,0.0,0.0,0.0,0.0,0.0,0.0,0.0,0.0,0.0,0.0,0.0,0.0,0.0,0.0,0.0,0.0,0.0,0.0,0.0,0.0,0.0,0.0,0.0,0.0,0.0,0.0,0.0,0.0,0.0,0.0,0.0,0.0,0.0,0.0,0.0,0.0,0.0,0.0,0.0,0.0,0.0,0.0,0.0,0.0,0.0,0.0,0.0,0.0,0.0,0.0,0.0,0.0,0.0,0.0,0.0,0.0,0.0,0.0,0.0
173,0.5910246968269348,0.5510085821151733,-5.428834128906601e-07,0.5384795069694519,0.4886188805103302,0.0302641149610281,0.5442877411842346,0.42410606145858765,0.04075675085186958,0.5494104027748108,0.38228392601013184,0.04126342386007309,0.550778865814209,0.33994510769844055,0.03937091678380966,0.588451623916626,0.34148305654525757,0.04020920395851135,0.5477975606918335,0.27868950366973877,0.03460465371608734,0.5100400447845459,0.2642151415348053,0.0248855073004961,0.48390573263168335,0.2552289068698883,0.016481613740324974,0.6042699813842773,0.33429527282714844,0.013526651076972485,0.5452460646629333,0.25943875312805176,0.006969573441892862,0.499952107667923,0.22215133905410767,-0.003525457112118602,0.4661010503768921,0.1945505142211914,-0.013876276090741158,0.6103205680847168,0.3444052040576935,-0.014281314797699451,0.5675227642059326,0.251505583524704,-0.024496611207723618,0.5333503484725952,0.1997957080602646,-0.033497732132673264,0.5101609826087952,0.15936005115509033,-0.042729295790195465,0.6058375239372253,0.35788866877555847,-0.04030362516641617,0.5929470062255859,0.2845175266265869,-0.05503067001700401,0.5784130096435547,0.23360638320446014,-0.06444118916988373,0.5627699494361877,0.18961238861083984,-0.07303445041179657,0.0,0.0,0.0,0.0,0.0,0.0,0.0,0.0,0.0,0.0,0.0,0.0,0.0,0.0,0.0,0.0,0.0,0.0,0.0,0.0,0.0,0.0,0.0,0.0,0.0,0.0,0.0,0.0,0.0,0.0,0.0,0.0,0.0,0.0,0.0,0.0,0.0,0.0,0.0,0.0,0.0,0.0,0.0,0.0,0.0,0.0,0.0,0.0,0.0,0.0,0.0,0.0,0.0,0.0,0.0,0.0,0.0,0.0,0.0,0.0,0.0,0.0,0.0
174,0.5919716358184814,0.5502886772155762,-4.600084082539979e-07,0.5423918962478638,0.4880126118659973,0.029721321538090706,0.5482909083366394,0.4207794964313507,0.040899429470300674,0.5535344481468201,0.3783003091812134,0.042337190359830856,0.5526332259178162,0.33479243516921997,0.041306644678115845,0.5934842824935913,0.33538633584976196,0.040031254291534424,0.5567472577095032,0.2690249979496002,0.03648858517408371,0.5220876932144165,0.23448097705841064,0.02904573827981949,0.49537527561187744,0.20419156551361084,0.021276583895087242,0.608983039855957,0.3311735689640045,0.013166948221623898,0.5504385232925415,0.2557043433189392,0.0063077714294195175,0.5070089101791382,0.21485863626003265,-0.00351742678321898,0.47482627630233765,0.1833995133638382,-0.013052388094365597,0.6139309406280518,0.3423599600791931,-0.014662588946521282,0.5673048496246338,0.2536737322807312,-0.026188816875219345,0.5314059257507324,0.20423376560211182,-0.034080833196640015,0.5068128705024719,0.16420869529247284,-0.04160521924495697,0.6087803244590759,0.35644230246543884,-0.04086136445403099,0.5915375351905823,0.2804322838783264,-0.0569116547703743,0.5744961500167847,0.23005276918411255,-0.06594738364219666,0.5581611394882202,0.18594370782375336,-0.07347539067268372,0.0,0.0,0.0,0.0,0.0,0.0,0.0,0.0,0.0,0.0,0.0,0.0,0.0,0.0,0.0,0.0,0.0,0.0,0.0,0.0,0.0,0.0,0.0,0.0,0.0,0.0,0.0,0.0,0.0,0.0,0.0,0.0,0.0,0.0,0.0,0.0,0.0,0.0,0.0,0.0,0.0,0.0,0.0,0.0,0.0,0.0,0.0,0.0,0.0,0.0,0.0,0.0,0.0,0.0,0.0,0.0,0.0,0.0,0.0,0.0,0.0,0.0,0.0
175,0.5843809247016907,0.5505924224853516,-4.630700800589693e-07,0.5355880260467529,0.488656610250473,0.02333597093820572,0.5411621332168579,0.4189613461494446,0.03180013597011566,0.5473838448524475,0.3778368830680847,0.031099995598196983,0.5475865006446838,0.337078720331192,0.028438549488782883,0.5799500346183777,0.3392687141895294,0.03760514780879021,0.5427324771881104,0.28077664971351624,0.02984311804175377,0.5068955421447754,0.25899773836135864,0.017464540898799896,0.4790336489677429,0.24116195738315582,0.00741204060614109,0.5961132049560547,0.3332466185092926,0.01354893483221531,0.5438442230224609,0.262817919254303,0.00488097732886672,0.5025174617767334,0.22382624447345734,-0.008005504496395588,0.46878892183303833,0.19318583607673645,-0.01879504695534706,0.6058323383331299,0.3444817066192627,-0.012189939618110657,0.568869411945343,0.25571075081825256,-0.02377980202436447,0.5389026999473572,0.2034468799829483,-0.03373270481824875,0.515918493270874,0.16138340532779694,-0.042214538902044296,0.6072602272033691,0.36106374859809875,-0.036935802549123764,0.5955586433410645,0.2930396497249603,-0.05047883465886116,0.5831353068351746,0.24432013928890228,-0.05810043588280678,0.5685899257659912,0.20072311162948608,-0.06461165845394135,0.0,0.0,0.0,0.0,0.0,0.0,0.0,0.0,0.0,0.0,0.0,0.0,0.0,0.0,0.0,0.0,0.0,0.0,0.0,0.0,0.0,0.0,0.0,0.0,0.0,0.0,0.0,0.0,0.0,0.0,0.0,0.0,0.0,0.0,0.0,0.0,0.0,0.0,0.0,0.0,0.0,0.0,0.0,0.0,0.0,0.0,0.0,0.0,0.0,0.0,0.0,0.0,0.0,0.0,0.0,0.0,0.0,0.0,0.0,0.0,0.0,0.0,0.0
176,0.5939289927482605,0.5509816408157349,-4.853316681874276e-07,0.5425671339035034,0.49229955673217773,0.026640763506293297,0.5475105047225952,0.42366278171539307,0.03661906346678734,0.554841935634613,0.37811794877052307,0.03814249485731125,0.5543203353881836,0.3354203402996063,0.03736450895667076,0.5914361476898193,0.34061458706855774,0.032076552510261536,0.5495638251304626,0.2759471833705902,0.02592381276190281,0.5116201043128967,0.24597251415252686,0.017070254310965538,0.4834706783294678,0.22177813947200775,0.00862819328904152,0.6075382232666016,0.3348212242126465,0.007291866932064295,0.5480903387069702,0.25730207562446594,-0.000462121213786304,0.5055187344551086,0.21484263241291046,-0.009719901718199253,0.4734265208244324,0.18121422827243805,-0.019445590674877167,0.6126752495765686,0.3458016514778137,-0.018450208008289337,0.5669156312942505,0.2537649869918823,-0.0313912034034729,0.5319382548332214,0.202985480427742,-0.0400402769446373,0.507017195224762,0.16259418427944183,-0.04851777106523514,0.6068397760391235,0.35991397500038147,-0.042575642466545105,0.5912737250328064,0.28445369005203247,-0.061419762670993805,0.5752179026603699,0.23342394828796387,-0.07297644019126892,0.5588370561599731,0.18877698481082916,-0.08252120763063431,0.0,0.0,0.0,0.0,0.0,0.0,0.0,0.0,0.0,0.0,0.0,0.0,0.0,0.0,0.0,0.0,0.0,0.0,0.0,0.0,0.0,0.0,0.0,0.0,0.0,0.0,0.0,0.0,0.0,0.0,0.0,0.0,0.0,0.0,0.0,0.0,0.0,0.0,0.0,0.0,0.0,0.0,0.0,0.0,0.0,0.0,0.0,0.0,0.0,0.0,0.0,0.0,0.0,0.0,0.0,0.0,0.0,0.0,0.0,0.0,0.0,0.0,0.0
177,0.5853028893470764,0.5486530661582947,-4.312816486162774e-07,0.5360230803489685,0.49030187726020813,0.027108443900942802,0.5419760346412659,0.42370080947875977,0.036307305097579956,0.548031210899353,0.3857879042625427,0.03596336022019386,0.5476282835006714,0.34345272183418274,0.033124905079603195,0.5833854675292969,0.33357784152030945,0.037976961582899094,0.5470238327980042,0.270621657371521,0.033342763781547546,0.5118492841720581,0.23826462030410767,0.02466188184916973,0.48471128940582275,0.21005290746688843,0.01601969450712204,0.5988186597824097,0.3293459117412567,0.01149648055434227,0.5416476130485535,0.25940847396850586,0.0025443988852202892,0.4982978105545044,0.22313827276229858,-0.00919132586568594,0.46651220321655273,0.19519637525081635,-0.019210152328014374,0.6058338284492493,0.3415936231613159,-0.01608242094516754,0.5628026127815247,0.25298795104026794,-0.02794395200908184,0.5293887257575989,0.20005066692829132,-0.03774586319923401,0.5070983171463013,0.15689730644226074,-0.04680807143449783,0.6038861870765686,0.35777562856674194,-0.04222757741808891,0.5916322469711304,0.28843405842781067,-0.05760825052857399,0.5800512433052063,0.23886574804782867,-0.06715613603591919,0.5687131285667419,0.1941816657781601,-0.0754275694489479,0.0,0.0,0.0,0.0,0.0,0.0,0.0,0.0,0.0,0.0,0.0,0.0,0.0,0.0,0.0,0.0,0.0,0.0,0.0,0.0,0.0,0.0,0.0,0.0,0.0,0.0,0.0,0.0,0.0,0.0,0.0,0.0,0.0,0.0,0.0,0.0,0.0,0.0,0.0,0.0,0.0,0.0,0.0,0.0,0.0,0.0,0.0,0.0,0.0,0.0,0.0,0.0,0.0,0.0,0.0,0.0,0.0,0.0,0.0,0.0,0.0,0.0,0.0
178,0.5877223610877991,0.5510584115982056,-6.14899477113795e-07,0.5393048524856567,0.49338358640670776,0.02534530498087406,0.5432920455932617,0.42644625902175903,0.03068535588681698,0.5508810877799988,0.3832751512527466,0.025799373164772987,0.5525361895561218,0.33623892068862915,0.01895427703857422,0.5847705602645874,0.3414672613143921,0.03193354234099388,0.5256990790367126,0.2876495122909546,0.019043125212192535,0.4771265387535095,0.2999788820743561,0.0033443844877183437,0.4433678388595581,0.31568604707717896,-0.007321302779018879,0.6022961735725403,0.3330598771572113,0.005331678315997124,0.5347198247909546,0.2690291702747345,-0.007088642567396164,0.48862913250923157,0.24202045798301697,-0.02214747481048107,0.45270901918411255,0.22437331080436707,-0.03407164290547371,0.6098493337631226,0.34267720580101013,-0.022631045430898666,0.5614103078842163,0.2539292573928833,-0.035124119371175766,0.5264292359352112,0.19899027049541473,-0.047067128121852875,0.499651700258255,0.1579725742340088,-0.05766798555850983,0.605971097946167,0.35766687989234924,-0.049123648554086685,0.5922391414642334,0.28713569045066833,-0.063136026263237,0.5805227756500244,0.233506977558136,-0.07204195857048035,0.5647810101509094,0.18619990348815918,-0.07998927682638168,0.0,0.0,0.0,0.0,0.0,0.0,0.0,0.0,0.0,0.0,0.0,0.0,0.0,0.0,0.0,0.0,0.0,0.0,0.0,0.0,0.0,0.0,0.0,0.0,0.0,0.0,0.0,0.0,0.0,0.0,0.0,0.0,0.0,0.0,0.0,0.0,0.0,0.0,0.0,0.0,0.0,0.0,0.0,0.0,0.0,0.0,0.0,0.0,0.0,0.0,0.0,0.0,0.0,0.0,0.0,0.0,0.0,0.0,0.0,0.0,0.0,0.0,0.0
179,0.5863295793533325,0.5535860657691956,-5.714351232199988e-07,0.5380206108093262,0.4919840395450592,0.019623154774308205,0.5452811121940613,0.4215034246444702,0.024946114048361778,0.5530256628990173,0.3751027286052704,0.021760396659374237,0.5493025183677673,0.32695508003234863,0.01667158678174019,0.5830680727958679,0.3469112813472748,0.03157086670398712,0.5316187143325806,0.28444942831993103,0.016966750845313072,0.484561562538147,0.26164209842681885,-0.0014581726863980293,0.44546329975128174,0.2485710084438324,-0.014067825861275196,0.5995633006095886,0.338687539100647,0.009330835193395615,0.5394678115844727,0.2624836266040802,-0.0051388549618422985,0.49113643169403076,0.2315215766429901,-0.022732889279723167,0.4516814351081848,0.21321415901184082,-0.035295527428388596,0.6077427864074707,0.3461994528770447,-0.014708499424159527,0.5692219138145447,0.2506025433540344,-0.027654442936182022,0.5377527475357056,0.19659066200256348,-0.04035252705216408,0.5136713981628418,0.15624774992465973,-0.05010911077260971,0.6065624952316284,0.36051803827285767,-0.037990521639585495,0.59383624792099,0.2872878611087799,-0.049922145903110504,0.5785526037216187,0.23779986798763275,-0.05756032466888428,0.5603971481323242,0.19586536288261414,-0.06403700262308121,0.0,0.0,0.0,0.0,0.0,0.0,0.0,0.0,0.0,0.0,0.0,0.0,0.0,0.0,0.0,0.0,0.0,0.0,0.0,0.0,0.0,0.0,0.0,0.0,0.0,0.0,0.0,0.0,0.0,0.0,0.0,0.0,0.0,0.0,0.0,0.0,0.0,0.0,0.0,0.0,0.0,0.0,0.0,0.0,0.0,0.0,0.0,0.0,0.0,0.0,0.0,0.0,0.0,0.0,0.0,0.0,0.0,0.0,0.0,0.0,0.0,0.0,0.0
180,0.5909149050712585,0.5574570894241333,-6.828856271567929e-07,0.5409225821495056,0.4958791136741638,0.03061903826892376,0.5456727147102356,0.42934033274650574,0.03906102851033211,0.5501702427864075,0.3863132894039154,0.03704105690121651,0.5479258298873901,0.33974555134773254,0.032732196152210236,0.5898112058639526,0.34553638100624084,0.03489254415035248,0.5306071639060974,0.28781941533088684,0.021792899817228317,0.48227179050445557,0.2965516448020935,0.0056120590306818485,0.4475950002670288,0.31182974576950073,-0.004887055139988661,0.6053857803344727,0.33975785970687866,0.007671940606087446,0.537583589553833,0.2710666358470917,-0.0043334560468792915,0.49052298069000244,0.2422887533903122,-0.019733170047402382,0.4533434808254242,0.22323663532733917,-0.032093171030282974,0.6109939217567444,0.34946346282958984,-0.020303310826420784,0.5638737082481384,0.25597187876701355,-0.032632552087306976,0.5303410887718201,0.2008892446756363,-0.04486177861690521,0.5046818256378174,0.16024330258369446,-0.05536272004246712,0.6048844456672668,0.3628758192062378,-0.0460459440946579,0.5893065333366394,0.2891824245452881,-0.0589725486934185,0.5776005983352661,0.23693965375423431,-0.06716549396514893,0.5628803968429565,0.191146582365036,-0.0745672956109047,0.0,0.0,0.0,0.0,0.0,0.0,0.0,0.0,0.0,0.0,0.0,0.0,0.0,0.0,0.0,0.0,0.0,0.0,0.0,0.0,0.0,0.0,0.0,0.0,0.0,0.0,0.0,0.0,0.0,0.0,0.0,0.0,0.0,0.0,0.0,0.0,0.0,0.0,0.0,0.0,0.0,0.0,0.0,0.0,0.0,0.0,0.0,0.0,0.0,0.0,0.0,0.0,0.0,0.0,0.0,0.0,0.0,0.0,0.0,0.0,0.0,0.0,0.0
181,0.5887122750282288,0.5544758439064026,-5.913339009566698e-07,0.5392435789108276,0.49061524868011475,0.025052109733223915,0.5447829961776733,0.42097535729408264,0.03276432305574417,0.5518876910209656,0.3736805021762848,0.031417734920978546,0.5503926277160645,0.3249916434288025,0.027737732976675034,0.5762808322906494,0.349376380443573,0.03494512289762497,0.5277431607246399,0.28695622086524963,0.022272299975156784,0.48273712396621704,0.2643449902534485,0.005571562331169844,0.4452221989631653,0.2502365708351135,-0.006259980611503124,0.5946481823921204,0.3416125774383545,0.010749838314950466,0.5392117500305176,0.2645302414894104,-0.002136544557288289,0.4928421974182129,0.23299822211265564,-0.018357684835791588,0.4535163342952728,0.2142661213874817,-0.030495883896946907,0.6052417755126953,0.3494587540626526,-0.014657754451036453,0.5713500380516052,0.2524683177471161,-0.026436524465680122,0.5414742231369019,0.19887101650238037,-0.03832026943564415,0.5166621208190918,0.15942628681659698,-0.04821554198861122,0.6066991090774536,0.36375802755355835,-0.038723066449165344,0.5948594212532043,0.2923107147216797,-0.05142679437994957,0.5807010531425476,0.24188464879989624,-0.060086097568273544,0.5630561113357544,0.1973475068807602,-0.06767203658819199,0.0,0.0,0.0,0.0,0.0,0.0,0.0,0.0,0.0,0.0,0.0,0.0,0.0,0.0,0.0,0.0,0.0,0.0,0.0,0.0,0.0,0.0,0.0,0.0,0.0,0.0,0.0,0.0,0.0,0.0,0.0,0.0,0.0,0.0,0.0,0.0,0.0,0.0,0.0,0.0,0.0,0.0,0.0,0.0,0.0,0.0,0.0,0.0,0.0,0.0,0.0,0.0,0.0,0.0,0.0,0.0,0.0,0.0,0.0,0.0,0.0,0.0,0.0
182,0.5870382785797119,0.5553638935089111,-5.210274593991926e-07,0.5387778878211975,0.501490592956543,0.01655977964401245,0.5435736179351807,0.43819665908813477,0.01895991899073124,0.5524703860282898,0.3963772654533386,0.012601776048541069,0.553604245185852,0.35073724389076233,0.004802620504051447,0.5790613889694214,0.34733837842941284,0.02986188232898712,0.5312641859054565,0.2891422212123871,0.016089612618088722,0.4892135262489319,0.298450767993927,-0.0017601273721083999,0.4619444012641907,0.31419315934181213,-0.01411791704595089,0.5947405695915222,0.33672621846199036,0.008253064006567001,0.5392979383468628,0.26384347677230835,-0.0023250237572938204,0.4964548945426941,0.22644416987895966,-0.01882323808968067,0.4629350006580353,0.19616614282131195,-0.03317359462380409,0.6047388911247253,0.3442007601261139,-0.01572198048233986,0.5653561353683472,0.2539765536785126,-0.027816031128168106,0.5352282524108887,0.1999240666627884,-0.040787987411022186,0.5126490592956543,0.15660437941551208,-0.05208973214030266,0.6061665415763855,0.3583533465862274,-0.039176251739263535,0.5894657373428345,0.28610509634017944,-0.05137037858366966,0.5729365944862366,0.23562216758728027,-0.05890306457877159,0.554375410079956,0.19128376245498657,-0.06600838154554367,0.0,0.0,0.0,0.0,0.0,0.0,0.0,0.0,0.0,0.0,0.0,0.0,0.0,0.0,0.0,0.0,0.0,0.0,0.0,0.0,0.0,0.0,0.0,0.0,0.0,0.0,0.0,0.0,0.0,0.0,0.0,0.0,0.0,0.0,0.0,0.0,0.0,0.0,0.0,0.0,0.0,0.0,0.0,0.0,0.0,0.0,0.0,0.0,0.0,0.0,0.0,0.0,0.0,0.0,0.0,0.0,0.0,0.0,0.0,0.0,0.0,0.0,0.0
183,0.590747594833374,0.5539460182189941,-5.445677970783436e-07,0.5379465818405151,0.4972970187664032,0.018513919785618782,0.5414104461669922,0.42603781819343567,0.023679714649915695,0.5496377944946289,0.3767484724521637,0.020582042634487152,0.5455406308174133,0.3258422911167145,0.015486083924770355,0.5768693685531616,0.34919485449790955,0.031523797661066055,0.5261077284812927,0.2876104414463043,0.020026274025440216,0.48136234283447266,0.26603344082832336,0.004564256407320499,0.44527894258499146,0.2497960925102234,-0.006888176780194044,0.59623783826828,0.3400166630744934,0.009534073993563652,0.534469723701477,0.26781994104385376,-0.0026106105651706457,0.48688822984695435,0.2392261028289795,-0.01880321279168129,0.44921672344207764,0.22072552144527435,-0.03126313537359238,0.6065484881401062,0.3467254936695099,-0.014248310588300228,0.5643803477287292,0.25267308950424194,-0.026417721062898636,0.5287166833877563,0.20111589133739471,-0.038163866847753525,0.501461923122406,0.162048801779747,-0.047720931470394135,0.6071653962135315,0.3596420884132385,-0.03736312314867973,0.5905928015708923,0.2838132977485657,-0.049774572253227234,0.5735877752304077,0.2327774316072464,-0.05767630785703659,0.5549392700195312,0.1880713403224945,-0.0644487589597702,0.0,0.0,0.0,0.0,0.0,0.0,0.0,0.0,0.0,0.0,0.0,0.0,0.0,0.0,0.0,0.0,0.0,0.0,0.0,0.0,0.0,0.0,0.0,0.0,0.0,0.0,0.0,0.0,0.0,0.0,0.0,0.0,0.0,0.0,0.0,0.0,0.0,0.0,0.0,0.0,0.0,0.0,0.0,0.0,0.0,0.0,0.0,0.0,0.0,0.0,0.0,0.0,0.0,0.0,0.0,0.0,0.0,0.0,0.0,0.0,0.0,0.0,0.0
184,0.5907949209213257,0.550366997718811,-3.5433757261671417e-07,0.5388208627700806,0.48825034499168396,0.021661533042788506,0.5445775389671326,0.4227806329727173,0.02746587246656418,0.5509649515151978,0.37995702028274536,0.02493910863995552,0.5480870604515076,0.3347814381122589,0.020722031593322754,0.5880699753761292,0.3383343815803528,0.03109649010002613,0.5542279481887817,0.2675977945327759,0.025232773274183273,0.5224341750144958,0.23737220466136932,0.01613505743443966,0.4988645613193512,0.21337264776229858,0.0074966889806091785,0.6039783358573914,0.33331167697906494,0.008637052029371262,0.5471858382225037,0.2576655149459839,0.00018456396355759352,0.5066578388214111,0.215835839509964,-0.011131737381219864,0.4753985106945038,0.18242377042770386,-0.021744728088378906,0.6105757355690002,0.34520626068115234,-0.014981014654040337,0.5657468438148499,0.2569323182106018,-0.02648339793086052,0.5345278382301331,0.20481827855110168,-0.03467067331075668,0.5112102627754211,0.1615835726261139,-0.042482081800699234,0.6074400544166565,0.36128491163253784,-0.03755751997232437,0.5903049111366272,0.2889385223388672,-0.05138016119599342,0.5736659169197083,0.24129080772399902,-0.058832209557294846,0.5559538006782532,0.19816792011260986,-0.06549999862909317,0.0,0.0,0.0,0.0,0.0,0.0,0.0,0.0,0.0,0.0,0.0,0.0,0.0,0.0,0.0,0.0,0.0,0.0,0.0,0.0,0.0,0.0,0.0,0.0,0.0,0.0,0.0,0.0,0.0,0.0,0.0,0.0,0.0,0.0,0.0,0.0,0.0,0.0,0.0,0.0,0.0,0.0,0.0,0.0,0.0,0.0,0.0,0.0,0.0,0.0,0.0,0.0,0.0,0.0,0.0,0.0,0.0,0.0,0.0,0.0,0.0,0.0,0.0
185,0.5869916677474976,0.552993655204773,-4.885544058197411e-07,0.5377850532531738,0.4986741840839386,0.024290435016155243,0.5440351963043213,0.43573617935180664,0.03236543759703636,0.5499286651611328,0.39773091673851013,0.03160212188959122,0.549289345741272,0.3544904589653015,0.029103945940732956,0.5886358022689819,0.34098514914512634,0.03526774421334267,0.5494875311851501,0.2775042951107025,0.02813122421503067,0.5136268138885498,0.25187188386917114,0.01740284264087677,0.48708775639533997,0.2329535335302353,0.008119992911815643,0.6025239825248718,0.33513760566711426,0.010698440484702587,0.5410687327384949,0.26536720991134644,0.001375148887746036,0.49587833881378174,0.23054349422454834,-0.010465912520885468,0.46210554242134094,0.20431923866271973,-0.020584836602211,0.6080147624015808,0.3451383113861084,-0.015404701232910156,0.562435507774353,0.255494624376297,-0.028266338631510735,0.5272899866104126,0.20413316786289215,-0.03845728933811188,0.5028209686279297,0.16228878498077393,-0.04724832996726036,0.6051524877548218,0.35984006524086,-0.04029850289225578,0.5929586291313171,0.2891981303691864,-0.05760504677891731,0.5770993232727051,0.2404196709394455,-0.0683882012963295,0.559607207775116,0.19808213412761688,-0.07677128911018372,0.0,0.0,0.0,0.0,0.0,0.0,0.0,0.0,0.0,0.0,0.0,0.0,0.0,0.0,0.0,0.0,0.0,0.0,0.0,0.0,0.0,0.0,0.0,0.0,0.0,0.0,0.0,0.0,0.0,0.0,0.0,0.0,0.0,0.0,0.0,0.0,0.0,0.0,0.0,0.0,0.0,0.0,0.0,0.0,0.0,0.0,0.0,0.0,0.0,0.0,0.0,0.0,0.0,0.0,0.0,0.0,0.0,0.0,0.0,0.0,0.0,0.0,0.0
186,0.5912266373634338,0.5537315011024475,-5.883311473553476e-07,0.53996342420578,0.49569907784461975,0.017966678366065025,0.5444707870483398,0.4267157018184662,0.022612735629081726,0.5537557601928711,0.378959596157074,0.018766725435853004,0.5524511337280273,0.3297925591468811,0.01310628280043602,0.5881752967834473,0.34237033128738403,0.030366763472557068,0.5326707363128662,0.28344786167144775,0.01649247296154499,0.4850735664367676,0.2711890935897827,-0.00017428584396839142,0.4490682780742645,0.2676057517528534,-0.011988313868641853,0.6057655811309814,0.3356371521949768,0.007650852203369141,0.5364439487457275,0.2678528428077698,-0.006682521663606167,0.4875093102455139,0.24382641911506653,-0.02331770956516266,0.4489245116710663,0.2310383915901184,-0.03591522201895714,0.6130088567733765,0.34437358379364014,-0.01727662980556488,0.5594688057899475,0.2563604712486267,-0.03297287970781326,0.5174826979637146,0.21191978454589844,-0.04566407948732376,0.4848603904247284,0.17879195511341095,-0.05544978380203247,0.6092340350151062,0.35961124300956726,-0.04156311973929405,0.5935099720954895,0.286266565322876,-0.058367278426885605,0.5775591731071472,0.2347848117351532,-0.0695294737815857,0.5588638186454773,0.1889500916004181,-0.07843765616416931,0.0,0.0,0.0,0.0,0.0,0.0,0.0,0.0,0.0,0.0,0.0,0.0,0.0,0.0,0.0,0.0,0.0,0.0,0.0,0.0,0.0,0.0,0.0,0.0,0.0,0.0,0.0,0.0,0.0,0.0,0.0,0.0,0.0,0.0,0.0,0.0,0.0,0.0,0.0,0.0,0.0,0.0,0.0,0.0,0.0,0.0,0.0,0.0,0.0,0.0,0.0,0.0,0.0,0.0,0.0,0.0,0.0,0.0,0.0,0.0,0.0,0.0,0.0
187,0.5931553840637207,0.5556411743164062,-4.856043460677029e-07,0.5435177087783813,0.4974197745323181,0.023893829435110092,0.5486525893211365,0.43436962366104126,0.030518965795636177,0.5552382469177246,0.3929484784603119,0.028179580345749855,0.556593656539917,0.3492882549762726,0.024301037192344666,0.5939213633537292,0.34775522351264954,0.03328010067343712,0.5540738105773926,0.28129148483276367,0.02548324503004551,0.5194694995880127,0.26996445655822754,0.01434266660362482,0.49664148688316345,0.26612088084220886,0.005177011713385582,0.6083511710166931,0.34081563353538513,0.009338808245956898,0.548130214214325,0.264679878950119,0.0010113983880728483,0.5035656094551086,0.22484715282917023,-0.011084642261266708,0.4705466032028198,0.19486483931541443,-0.022472823038697243,0.612953245639801,0.349793016910553,-0.01604926958680153,0.5673372149467468,0.2569289207458496,-0.027777308598160744,0.5335037708282471,0.202535942196846,-0.03811856731772423,0.5105932354927063,0.15965041518211365,-0.047958165407180786,0.6066130995750427,0.36249980330467224,-0.04015599936246872,0.5925328135490417,0.28895536065101624,-0.05535341799259186,0.576769232749939,0.23914183676242828,-0.06502772122621536,0.5602923631668091,0.19531552493572235,-0.07359764724969864,0.0,0.0,0.0,0.0,0.0,0.0,0.0,0.0,0.0,0.0,0.0,0.0,0.0,0.0,0.0,0.0,0.0,0.0,0.0,0.0,0.0,0.0,0.0,0.0,0.0,0.0,0.0,0.0,0.0,0.0,0.0,0.0,0.0,0.0,0.0,0.0,0.0,0.0,0.0,0.0,0.0,0.0,0.0,0.0,0.0,0.0,0.0,0.0,0.0,0.0,0.0,0.0,0.0,0.0,0.0,0.0,0.0,0.0,0.0,0.0,0.0,0.0,0.0
188,0.5969924926757812,0.5520329475402832,-5.39951258815563e-07,0.5466874837875366,0.4878149628639221,0.019466666504740715,0.5510360598564148,0.4147810935974121,0.02517033740878105,0.5596510767936707,0.3650626838207245,0.022891467437148094,0.5563318729400635,0.31700822710990906,0.018754126504063606,0.5879325866699219,0.3440433442592621,0.02835366316139698,0.5373150110244751,0.2822096347808838,0.014696252532303333,0.4929192066192627,0.26046812534332275,-0.0013998958747833967,0.4570835828781128,0.24571727216243744,-0.012843032367527485,0.6064243316650391,0.3375290334224701,0.006629533600062132,0.5475689768791199,0.261042982339859,-0.007685309275984764,0.501554548740387,0.23045684397220612,-0.02266189083456993,0.4640442132949829,0.2121412307024002,-0.033816128969192505,0.6151078939437866,0.3468599021434784,-0.01687801443040371,0.5756754875183105,0.25189825892448425,-0.03064778260886669,0.5407729148864746,0.2010987251996994,-0.042301956564188004,0.513231098651886,0.16436731815338135,-0.05164077505469322,0.6133687496185303,0.3622826635837555,-0.03961391746997833,0.6038986444473267,0.29080456495285034,-0.05498284474015236,0.5890523791313171,0.23997288942337036,-0.06578972190618515,0.5710717439651489,0.19664554297924042,-0.07461950927972794,0.0,0.0,0.0,0.0,0.0,0.0,0.0,0.0,0.0,0.0,0.0,0.0,0.0,0.0,0.0,0.0,0.0,0.0,0.0,0.0,0.0,0.0,0.0,0.0,0.0,0.0,0.0,0.0,0.0,0.0,0.0,0.0,0.0,0.0,0.0,0.0,0.0,0.0,0.0,0.0,0.0,0.0,0.0,0.0,0.0,0.0,0.0,0.0,0.0,0.0,0.0,0.0,0.0,0.0,0.0,0.0,0.0,0.0,0.0,0.0,0.0,0.0,0.0
189,0.5956102013587952,0.5506800413131714,-3.582676129099127e-07,0.5486716032028198,0.4864874482154846,0.021219849586486816,0.5538468956947327,0.4140512943267822,0.030547600239515305,0.5611445307731628,0.36876556277275085,0.031221995130181313,0.5575774312019348,0.32525119185447693,0.030183957889676094,0.58646160364151,0.3368343710899353,0.03558659180998802,0.558979868888855,0.26749464869499207,0.029549777507781982,0.5287442803382874,0.22561229765415192,0.020030073821544647,0.5031148195266724,0.18984703719615936,0.010910574346780777,0.6024233102798462,0.33156606554985046,0.012912007980048656,0.5546742081642151,0.2574314475059509,0.0010745004983618855,0.5153449177742004,0.21486978232860565,-0.013120687566697598,0.4843169152736664,0.1789727658033371,-0.024219775572419167,0.6124646067619324,0.3409033417701721,-0.011342858895659447,0.5754045844078064,0.25408726930618286,-0.027719726786017418,0.5436025857925415,0.20320956408977509,-0.0407695397734642,0.518629252910614,0.1637270152568817,-0.04974063113331795,0.6159773468971252,0.3559628427028656,-0.03452826663851738,0.6044933795928955,0.2793530821800232,-0.05177956074476242,0.5849813222885132,0.23123325407505035,-0.06222686544060707,0.5630050301551819,0.19236087799072266,-0.06995882093906403,0.0,0.0,0.0,0.0,0.0,0.0,0.0,0.0,0.0,0.0,0.0,0.0,0.0,0.0,0.0,0.0,0.0,0.0,0.0,0.0,0.0,0.0,0.0,0.0,0.0,0.0,0.0,0.0,0.0,0.0,0.0,0.0,0.0,0.0,0.0,0.0,0.0,0.0,0.0,0.0,0.0,0.0,0.0,0.0,0.0,0.0,0.0,0.0,0.0,0.0,0.0,0.0,0.0,0.0,0.0,0.0,0.0,0.0,0.0,0.0,0.0,0.0,0.0
190,0.6025218963623047,0.551477313041687,-5.232340640759503e-07,0.5541619658470154,0.48657935857772827,0.02321615070104599,0.5591999888420105,0.40853050351142883,0.03597772493958473,0.5687862634658813,0.35683417320251465,0.04009771719574928,0.56471186876297,0.31066209077835083,0.042620979249477386,0.5798114538192749,0.34585362672805786,0.04387282580137253,0.5428301692008972,0.2868625521659851,0.0350957028567791,0.5019816756248474,0.25915446877479553,0.02102920413017273,0.46769851446151733,0.2397833913564682,0.010589813813567162,0.5980758666992188,0.33619755506515503,0.021779777482151985,0.5552693009376526,0.26285070180892944,0.011425565928220749,0.5148729085922241,0.2279563695192337,-0.0047971648164093494,0.4820634424686432,0.20113547146320343,-0.01673208549618721,0.6126382350921631,0.34108948707580566,-0.002371726557612419,0.5858602523803711,0.2511448264122009,-0.015535754151642323,0.5553738474845886,0.19805873930454254,-0.03043777123093605,0.5308221578598022,0.1575028896331787,-0.04078103229403496,0.6229954361915588,0.35280126333236694,-0.025369074195623398,0.6124941110610962,0.2749224901199341,-0.03925745561718941,0.5936197638511658,0.2254023402929306,-0.0490734688937664,0.5720878839492798,0.18584400415420532,-0.05654001981019974,0.0,0.0,0.0,0.0,0.0,0.0,0.0,0.0,0.0,0.0,0.0,0.0,0.0,0.0,0.0,0.0,0.0,0.0,0.0,0.0,0.0,0.0,0.0,0.0,0.0,0.0,0.0,0.0,0.0,0.0,0.0,0.0,0.0,0.0,0.0,0.0,0.0,0.0,0.0,0.0,0.0,0.0,0.0,0.0,0.0,0.0,0.0,0.0,0.0,0.0,0.0,0.0,0.0,0.0,0.0,0.0,0.0,0.0,0.0,0.0,0.0,0.0,0.0
191,0.6000853776931763,0.5450243949890137,-4.6056072733335895e-07,0.5548909306526184,0.4939216375350952,0.012643587775528431,0.5589895844459534,0.42878028750419617,0.016925301402807236,0.5708062052726746,0.3843638002872467,0.013615976087749004,0.5681537389755249,0.33731764554977417,0.009254475124180317,0.5741647481918335,0.3440219759941101,0.0313151590526104,0.5317712426185608,0.28991708159446716,0.015942243859171867,0.4883054196834564,0.28318047523498535,-0.003938761074095964,0.4571349620819092,0.2877977192401886,-0.01706746406853199,0.5925098061561584,0.33246034383773804,0.012431075796484947,0.5487384796142578,0.2636662423610687,0.0014499915996566415,0.5106861591339111,0.22848309576511383,-0.016252977773547173,0.47992682456970215,0.19993479549884796,-0.03069649264216423,0.6093814969062805,0.33912840485572815,-0.009536892175674438,0.5819815993309021,0.25162404775619507,-0.024029670283198357,0.552697479724884,0.1999046802520752,-0.03992827609181404,0.528343915939331,0.15933184325695038,-0.051738426089286804,0.622994601726532,0.35521143674850464,-0.031235799193382263,0.615281343460083,0.281167209148407,-0.04557299241423607,0.5973870158195496,0.2313530296087265,-0.05489548668265343,0.5747206807136536,0.19059792160987854,-0.062435586005449295,0.0,0.0,0.0,0.0,0.0,0.0,0.0,0.0,0.0,0.0,0.0,0.0,0.0,0.0,0.0,0.0,0.0,0.0,0.0,0.0,0.0,0.0,0.0,0.0,0.0,0.0,0.0,0.0,0.0,0.0,0.0,0.0,0.0,0.0,0.0,0.0,0.0,0.0,0.0,0.0,0.0,0.0,0.0,0.0,0.0,0.0,0.0,0.0,0.0,0.0,0.0,0.0,0.0,0.0,0.0,0.0,0.0,0.0,0.0,0.0,0.0,0.0,0.0
192,0.6016729474067688,0.5471702218055725,-5.675590273312991e-07,0.5582699775695801,0.480796217918396,0.030933093279600143,0.5665193200111389,0.40627315640449524,0.04560614749789238,0.5743683576583862,0.3615947961807251,0.050401825457811356,0.566744327545166,0.3210245668888092,0.05297820270061493,0.5902815461158752,0.3370920717716217,0.046000365167856216,0.5534425973892212,0.27952730655670166,0.03819223493337631,0.5144314169883728,0.25057435035705566,0.025671401992440224,0.4823923408985138,0.23141399025917053,0.015633920207619667,0.6063404679298401,0.3329392075538635,0.01981828734278679,0.5523223280906677,0.26959288120269775,0.006766804028302431,0.507997453212738,0.243504598736763,-0.00970403477549553,0.4730157256126404,0.22574596107006073,-0.021155763417482376,0.6190308928489685,0.34182319045066833,-0.007505306042730808,0.5794299244880676,0.2548021078109741,-0.023611804470419884,0.541977047920227,0.20690476894378662,-0.037508368492126465,0.5129871368408203,0.16909340023994446,-0.04673803597688675,0.6277852058410645,0.35445547103881836,-0.03264562785625458,0.6139968633651733,0.27651065587997437,-0.05010533332824707,0.5945478677749634,0.2291252613067627,-0.060695625841617584,0.5729997754096985,0.18924826383590698,-0.0682564526796341,0.0,0.0,0.0,0.0,0.0,0.0,0.0,0.0,0.0,0.0,0.0,0.0,0.0,0.0,0.0,0.0,0.0,0.0,0.0,0.0,0.0,0.0,0.0,0.0,0.0,0.0,0.0,0.0,0.0,0.0,0.0,0.0,0.0,0.0,0.0,0.0,0.0,0.0,0.0,0.0,0.0,0.0,0.0,0.0,0.0,0.0,0.0,0.0,0.0,0.0,0.0,0.0,0.0,0.0,0.0,0.0,0.0,0.0,0.0,0.0,0.0,0.0,0.0
193,0.6051303148269653,0.5444716215133667,-5.023363200962194e-07,0.5607513189315796,0.48136410117149353,0.016201261430978775,0.5675184726715088,0.40568655729293823,0.02470109798014164,0.5762221217155457,0.3554173707962036,0.02565002255141735,0.5667462348937988,0.3141595125198364,0.025455178692936897,0.5889217257499695,0.34230849146842957,0.03594987466931343,0.5513983368873596,0.2829457223415375,0.022495105862617493,0.5106843709945679,0.26052597165107727,0.005129008088260889,0.4779861271381378,0.2495877742767334,-0.006416121032088995,0.6051326990127563,0.33306846022605896,0.017373109236359596,0.5605304837226868,0.26155245304107666,0.0039786589331924915,0.5208765864372253,0.2295791208744049,-0.01323858555406332,0.48873627185821533,0.2059892863035202,-0.025147702544927597,0.6196045279502869,0.33730348944664,-0.0038150143809616566,0.5883530974388123,0.24895134568214417,-0.018851881846785545,0.5548681020736694,0.19891059398651123,-0.03333105891942978,0.5270699262619019,0.1611730456352234,-0.04279453679919243,0.6317591667175293,0.3492141366004944,-0.024470234289765358,0.6206962466239929,0.2739054560661316,-0.037608109414577484,0.6028385162353516,0.22696790099143982,-0.046256642788648605,0.5810230374336243,0.1891915649175644,-0.05277217552065849,0.0,0.0,0.0,0.0,0.0,0.0,0.0,0.0,0.0,0.0,0.0,0.0,0.0,0.0,0.0,0.0,0.0,0.0,0.0,0.0,0.0,0.0,0.0,0.0,0.0,0.0,0.0,0.0,0.0,0.0,0.0,0.0,0.0,0.0,0.0,0.0,0.0,0.0,0.0,0.0,0.0,0.0,0.0,0.0,0.0,0.0,0.0,0.0,0.0,0.0,0.0,0.0,0.0,0.0,0.0,0.0,0.0,0.0,0.0,0.0,0.0,0.0,0.0
194,0.6159189939498901,0.5746463537216187,-5.276680212773499e-07,0.5696869492530823,0.5076954960823059,0.017274709418416023,0.5758276581764221,0.4272906184196472,0.02253584936261177,0.576596736907959,0.37557774782180786,0.021523427218198776,0.5639853477478027,0.3296418786048889,0.018624061718583107,0.6154029369354248,0.3673804700374603,0.02096378430724144,0.5722972750663757,0.2991866171360016,0.005332606844604015,0.5307891964912415,0.2621106207370758,-0.010825631208717823,0.49553918838500977,0.23453189432621002,-0.022499272599816322,0.6288745403289795,0.36362195014953613,0.0015810305485501885,0.5739085674285889,0.2824140191078186,-0.017735352739691734,0.5251175761222839,0.24959954619407654,-0.03461557999253273,0.48415714502334595,0.22718633711338043,-0.04555096849799156,0.6348979473114014,0.3710673451423645,-0.01870131492614746,0.5999077558517456,0.275864839553833,-0.03828053921461105,0.5659798383712769,0.2220890372991562,-0.05202658846974373,0.537470817565918,0.17964936792850494,-0.06063413247466087,0.63267582654953,0.3844396770000458,-0.037507668137550354,0.6212958693504333,0.31500014662742615,-0.05470908433198929,0.6025130152702332,0.2712719440460205,-0.06409643590450287,0.5801483392715454,0.23409157991409302,-0.07064889371395111,0.0,0.0,0.0,0.0,0.0,0.0,0.0,0.0,0.0,0.0,0.0,0.0,0.0,0.0,0.0,0.0,0.0,0.0,0.0,0.0,0.0,0.0,0.0,0.0,0.0,0.0,0.0,0.0,0.0,0.0,0.0,0.0,0.0,0.0,0.0,0.0,0.0,0.0,0.0,0.0,0.0,0.0,0.0,0.0,0.0,0.0,0.0,0.0,0.0,0.0,0.0,0.0,0.0,0.0,0.0,0.0,0.0,0.0,0.0,0.0,0.0,0.0,0.0
195,0.6187140941619873,0.5670547485351562,-4.0398475675829104e-07,0.5697028040885925,0.4967235326766968,0.019613955169916153,0.5747876763343811,0.41914239525794983,0.026711355894804,0.5736864805221558,0.3687882423400879,0.027080459520220757,0.5591132044792175,0.32322320342063904,0.025868259370326996,0.6140086650848389,0.3531663715839386,0.023640012368559837,0.58704674243927,0.280311644077301,0.010246643796563148,0.5574473142623901,0.23671168088912964,-0.0015922413440421224,0.5294613838195801,0.20380064845085144,-0.010125766508281231,0.6258005499839783,0.3540341854095459,0.0037746736779809,0.575542151927948,0.277469277381897,-0.019800076261162758,0.52556973695755,0.2522291839122772,-0.035663098096847534,0.4818153977394104,0.23947425186634064,-0.04332597553730011,0.6324582099914551,0.3651300072669983,-0.016921184957027435,0.5928236842155457,0.27769023180007935,-0.0407484732568264,0.5503483414649963,0.23722131550312042,-0.05392982438206673,0.5118119716644287,0.20929260551929474,-0.0596223920583725,0.6328533887863159,0.38098493218421936,-0.03583506494760513,0.6248781085014343,0.31431931257247925,-0.05599074438214302,0.6076158285140991,0.2722533941268921,-0.06818003952503204,0.5856294631958008,0.23730036616325378,-0.0756068080663681,0.0,0.0,0.0,0.0,0.0,0.0,0.0,0.0,0.0,0.0,0.0,0.0,0.0,0.0,0.0,0.0,0.0,0.0,0.0,0.0,0.0,0.0,0.0,0.0,0.0,0.0,0.0,0.0,0.0,0.0,0.0,0.0,0.0,0.0,0.0,0.0,0.0,0.0,0.0,0.0,0.0,0.0,0.0,0.0,0.0,0.0,0.0,0.0,0.0,0.0,0.0,0.0,0.0,0.0,0.0,0.0,0.0,0.0,0.0,0.0,0.0,0.0,0.0
196,0.0,0.0,0.0,0.0,0.0,0.0,0.0,0.0,0.0,0.0,0.0,0.0,0.0,0.0,0.0,0.0,0.0,0.0,0.0,0.0,0.0,0.0,0.0,0.0,0.0,0.0,0.0,0.0,0.0,0.0,0.0,0.0,0.0,0.0,0.0,0.0,0.0,0.0,0.0,0.0,0.0,0.0,0.0,0.0,0.0,0.0,0.0,0.0,0.0,0.0,0.0,0.0,0.0,0.0,0.0,0.0,0.0,0.0,0.0,0.0,0.0,0.0,0.0,0.13792291283607483,0.574400007724762,1.1729260762649574e-07,0.16153568029403687,0.4559723138809204,0.0340249128639698,0.15296567976474762,0.34586596488952637,0.04921060428023338,0.15432828664779663,0.2629356384277344,0.05418195202946663,0.1662689745426178,0.19870525598526,0.06033271923661232,0.09349420666694641,0.2677588164806366,0.06288524717092514,0.1276114583015442,0.14693701267242432,0.06900220364332199,0.16431692242622375,0.115399569272995,0.06983517855405807,0.18951457738876343,0.11124667525291443,0.07229934632778168,0.09539568424224854,0.27639660239219666,0.044775914400815964,0.16790732741355896,0.1653100997209549,0.05523210018873215,0.2044406235218048,0.15638723969459534,0.055659715086221695,0.23135559260845184,0.1513964980840683,0.05501231551170349,0.10533308237791061,0.2912909686565399,0.025269966572523117,0.1702837198972702,0.18887969851493835,0.03764398396015167,0.2008342295885086,0.17879082262516022,0.04088559374213219,0.2201487123966217,0.17880862951278687,0.0397057980298996,0.11947125196456909,0.3108070492744446,0.007165852934122086,0.1361595243215561,0.23024745285511017,0.021018095314502716,0.147647887468338,0.1935003399848938,0.027646968141198158,0.1576308161020279,0.16614305973052979,0.030384335666894913
197,0.0,0.0,0.0,0.0,0.0,0.0,0.0,0.0,0.0,0.0,0.0,0.0,0.0,0.0,0.0,0.0,0.0,0.0,0.0,0.0,0.0,0.0,0.0,0.0,0.0,0.0,0.0,0.0,0.0,0.0,0.0,0.0,0.0,0.0,0.0,0.0,0.0,0.0,0.0,0.0,0.0,0.0,0.0,0.0,0.0,0.0,0.0,0.0,0.0,0.0,0.0,0.0,0.0,0.0,0.0,0.0,0.0,0.0,0.0,0.0,0.0,0.0,0.0,0.1704990565776825,0.49184131622314453,2.3555377026696078e-07,0.19087542593479156,0.4137241840362549,0.02063562348484993,0.18326397240161896,0.333237886428833,0.020305775105953217,0.18185898661613464,0.2777014374732971,0.01239671278744936,0.18794526159763336,0.2298482060432434,0.004054236691445112,0.11707673221826553,0.27031052112579346,0.011371460743248463,0.16290485858917236,0.17596468329429626,-0.0024925500620156527,0.2011314034461975,0.13580060005187988,-0.013575613498687744,0.23113666474819183,0.11162593215703964,-0.0224908497184515,0.1162581667304039,0.2695230543613434,-0.010679604485630989,0.17229880392551422,0.16962328553199768,-0.025777388364076614,0.21807502210140228,0.12935449182987213,-0.033080603927373886,0.25343337655067444,0.10196004807949066,-0.03887740522623062,0.12633170187473297,0.278103768825531,-0.03340929001569748,0.15556631982326508,0.1694454401731491,-0.04485955834388733,0.17390130460262299,0.10983812063932419,-0.05185695365071297,0.18676239252090454,0.06334736943244934,-0.05931517854332924,0.14950932562351227,0.29011887311935425,-0.05516434833407402,0.15578822791576385,0.21603068709373474,-0.06462813168764114,0.15090657770633698,0.17043189704418182,-0.07018357515335083,0.1454256922006607,0.12802177667617798,-0.07604013383388519
198,0.0,0.0,0.0,0.0,0.0,0.0,0.0,0.0,0.0,0.0,0.0,0.0,0.0,0.0,0.0,0.0,0.0,0.0,0.0,0.0,0.0,0.0,0.0,0.0,0.0,0.0,0.0,0.0,0.0,0.0,0.0,0.0,0.0,0.0,0.0,0.0,0.0,0.0,0.0,0.0,0.0,0.0,0.0,0.0,0.0,0.0,0.0,0.0,0.0,0.0,0.0,0.0,0.0,0.0,0.0,0.0,0.0,0.0,0.0,0.0,0.0,0.0,0.0,0.18573184311389923,0.49746912717819214,2.386364030826371e-07,0.19685900211334229,0.40906456112861633,0.028247078880667686,0.18703295290470123,0.32333239912986755,0.03045843169093132,0.18724441528320312,0.26304545998573303,0.024622395634651184,0.19472862780094147,0.2120293825864792,0.016563666984438896,0.14583584666252136,0.27390193939208984,0.005510956980288029,0.19542793929576874,0.18926216661930084,-0.00909801572561264,0.22683048248291016,0.1442265808582306,-0.017911622300744057,0.2509952187538147,0.10949800908565521,-0.02663777768611908,0.14966650307178497,0.2796609103679657,-0.023467302322387695,0.20530171692371368,0.17941245436668396,-0.04134782403707504,0.24828466773033142,0.1283654272556305,-0.04869219660758972,0.2795623242855072,0.0897296816110611,-0.05434233695268631,0.16413430869579315,0.3006298243999481,-0.05176618695259094,0.18945322930812836,0.18798869848251343,-0.07059203833341599,0.20939920842647552,0.1215084046125412,-0.07882460951805115,0.22106066346168518,0.06231248378753662,-0.08638065308332443,0.1899598389863968,0.3267645835876465,-0.07750594615936279,0.18687912821769714,0.25651684403419495,-0.0998564139008522,0.18209868669509888,0.2079843133687973,-0.11122673749923706,0.17713236808776855,0.15991994738578796,-0.11989115923643112
199,0.0,0.0,0.0,0.0,0.0,0.0,0.0,0.0,0.0,0.0,0.0,0.0,0.0,0.0,0.0,0.0,0.0,0.0,0.0,0.0,0.0,0.0,0.0,0.0,0.0,0.0,0.0,0.0,0.0,0.0,0.0,0.0,0.0,0.0,0.0,0.0,0.0,0.0,0.0,0.0,0.0,0.0,0.0,0.0,0.0,0.0,0.0,0.0,0.0,0.0,0.0,0.0,0.0,0.0,0.0,0.0,0.0,0.0,0.0,0.0,0.0,0.0,0.0,0.2037542760372162,0.5212751626968384,2.1786551940294885e-07,0.21858073770999908,0.43564432859420776,0.03597787022590637,0.2061290740966797,0.36143216490745544,0.041896894574165344,0.19512760639190674,0.3113456070423126,0.039216652512550354,0.19296717643737793,0.2645860016345978,0.03464249521493912,0.16826394200325012,0.3066904544830322,0.006661922205239534,0.22216734290122986,0.22369106113910675,-0.011401536874473095,0.2653500735759735,0.1930370032787323,-0.021742869168519974,0.30199766159057617,0.17558330297470093,-0.029927179217338562,0.1705448031425476,0.31364789605140686,-0.02479793317615986,0.21727734804153442,0.20431753993034363,-0.04424597695469856,0.2588096857070923,0.14674484729766846,-0.05139900743961334,0.2898762822151184,0.10704483091831207,-0.05691705271601677,0.17914621531963348,0.33175158500671387,-0.055186882615089417,0.19912797212600708,0.21006327867507935,-0.07329293340444565,0.2149735540151596,0.1424560546875,-0.083091601729393,0.2243533432483673,0.08763489127159119,-0.09229373931884766,0.1988571435213089,0.34984710812568665,-0.08227051049470901,0.19426028430461884,0.281207799911499,-0.10684635490179062,0.18692097067832947,0.23256048560142517,-0.12285678088665009,0.17993208765983582,0.1853390336036682,-0.13480867445468903
200,0.0,0.0,0.0,0.0,0.0,0.0,0.0,0.0,0.0,0.0,0.0,0.0,0.0,0.0,0.0,0.0,0.0,0.0,0.0,0.0,0.0,0.0,0.0,0.0,0.0,0.0,0.0,0.0,0.0,0.0,0.0,0.0,0.0,0.0,0.0,0.0,0.0,0.0,0.0,0.0,0.0,0.0,0.0,0.0,0.0,0.0,0.0,0.0,0.0,0.0,0.0,0.0,0.0,0.0,0.0,0.0,0.0,0.0,0.0,0.0,0.0,0.0,0.0,0.219388946890831,0.5502582788467407,2.2510418773435958e-07,0.23576395213603973,0.47013822197914124,0.027496173977851868,0.2223910242319107,0.38972008228302,0.02956339344382286,0.21127949655056,0.336863249540329,0.024879753589630127,0.21106331050395966,0.29264020919799805,0.01907561719417572,0.18645527958869934,0.33233731985092163,0.003922628704458475,0.24005170166492462,0.25074321031570435,-0.012961841188371181,0.2830645740032196,0.21949878334999084,-0.02426718734204769,0.3186037540435791,0.20019488036632538,-0.03323205187916756,0.18417903780937195,0.3380211591720581,-0.022230621427297592,0.2351888120174408,0.22937728464603424,-0.03982960060238838,0.27495652437210083,0.1785210222005844,-0.047908514738082886,0.30373960733413696,0.14461691677570343,-0.05384683236479759,0.18772582709789276,0.35386767983436584,-0.04777566343545914,0.21450194716453552,0.23283565044403076,-0.06415404379367828,0.23795533180236816,0.16630832850933075,-0.07462061941623688,0.2541429102420807,0.11471961438655853,-0.08388479053974152,0.2025473266839981,0.37184393405914307,-0.07062280178070068,0.19370852410793304,0.3035241961479187,-0.09077644348144531,0.1848086714744568,0.25914865732192993,-0.10375618189573288,0.17594043910503387,0.21861684322357178,-0.11370285600423813
201,0.0,0.0,0.0,0.0,0.0,0.0,0.0,0.0,0.0,0.0,0.0,0.0,0.0,0.0,0.0,0.0,0.0,0.0,0.0,0.0,0.0,0.0,0.0,0.0,0.0,0.0,0.0,0.0,0.0,0.0,0.0,0.0,0.0,0.0,0.0,0.0,0.0,0.0,0.0,0.0,0.0,0.0,0.0,0.0,0.0,0.0,0.0,0.0,0.0,0.0,0.0,0.0,0.0,0.0,0.0,0.0,0.0,0.0,0.0,0.0,0.0,0.0,0.0,0.250740647315979,0.5725500583648682,1.8663455136902485e-07,0.2687077224254608,0.49315813183784485,0.007209847681224346,0.24390019476413727,0.4147603511810303,0.0019626293797045946,0.2166140079498291,0.3713739514350891,-0.007476868107914925,0.20373518764972687,0.3274967074394226,-0.015522968955338001,0.205457866191864,0.3600800931453705,0.0015414966037496924,0.2655212879180908,0.29074928164482117,-0.026191893965005875,0.31304362416267395,0.2939535677433014,-0.04683653265237808,0.34931012988090515,0.3090076744556427,-0.058706436306238174,0.20194989442825317,0.35844674706459045,-0.016225440427660942,0.23995807766914368,0.25518202781677246,-0.038567498326301575,0.2766842544078827,0.20930802822113037,-0.05018065497279167,0.3073456883430481,0.17897756397724152,-0.05678324028849602,0.20278674364089966,0.3722185492515564,-0.03726189211010933,0.21850959956645966,0.26265859603881836,-0.05734677240252495,0.24041679501533508,0.20199733972549438,-0.06795195490121841,0.25796112418174744,0.15252038836479187,-0.07477043569087982,0.21523845195770264,0.3927003741264343,-0.057937148958444595,0.19641290605068207,0.33106258511543274,-0.07567858695983887,0.18328998982906342,0.28543972969055176,-0.08505969494581223,0.17215856909751892,0.2409272938966751,-0.0919039398431778
202,0.0,0.0,0.0,0.0,0.0,0.0,0.0,0.0,0.0,0.0,0.0,0.0,0.0,0.0,0.0,0.0,0.0,0.0,0.0,0.0,0.0,0.0,0.0,0.0,0.0,0.0,0.0,0.0,0.0,0.0,0.0,0.0,0.0,0.0,0.0,0.0,0.0,0.0,0.0,0.0,0.0,0.0,0.0,0.0,0.0,0.0,0.0,0.0,0.0,0.0,0.0,0.0,0.0,0.0,0.0,0.0,0.0,0.0,0.0,0.0,0.0,0.0,0.0,0.26127922534942627,0.5702017545700073,2.8720907607748813e-07,0.2773425281047821,0.47967812418937683,0.016410453245043755,0.25723356008529663,0.3947660028934479,0.014259448274970055,0.2425217181444168,0.3379780054092407,0.007272350136190653,0.24445019662380219,0.28356945514678955,0.0002249335520900786,0.20646317303180695,0.35303837060928345,-0.0005033309571444988,0.23582032322883606,0.2603360414505005,-0.015843752771615982,0.25661858916282654,0.21584674715995789,-0.025296354666352272,0.2751722037792206,0.18304675817489624,-0.03392263501882553,0.20497311651706696,0.3640732765197754,-0.02165900729596615,0.25004667043685913,0.2601001262664795,-0.04645580053329468,0.2966195344924927,0.2185773104429245,-0.05762467533349991,0.3340936303138733,0.19392193853855133,-0.06287765502929688,0.21336321532726288,0.3838019371032715,-0.0427512526512146,0.23582400381565094,0.2719132900238037,-0.0635463297367096,0.2643274664878845,0.20937584340572357,-0.0740341916680336,0.28582069277763367,0.1592915952205658,-0.08164697140455246,0.2324858456850052,0.4053284227848053,-0.06219116225838661,0.2169855535030365,0.3420843482017517,-0.08132676035165787,0.20366445183753967,0.29591935873031616,-0.09261377155780792,0.19061623513698578,0.25279876589775085,-0.1015821248292923
203,0.0,0.0,0.0,0.0,0.0,0.0,0.0,0.0,0.0,0.0,0.0,0.0,0.0,0.0,0.0,0.0,0.0,0.0,0.0,0.0,0.0,0.0,0.0,0.0,0.0,0.0,0.0,0.0,0.0,0.0,0.0,0.0,0.0,0.0,0.0,0.0,0.0,0.0,0.0,0.0,0.0,0.0,0.0,0.0,0.0,0.0,0.0,0.0,0.0,0.0,0.0,0.0,0.0,0.0,0.0,0.0,0.0,0.0,0.0,0.0,0.0,0.0,0.0,0.26430147886276245,0.5553411841392517,1.0923672277840524e-07,0.27649763226509094,0.4647079408168793,0.044786036014556885,0.26411697268486023,0.3870587646961212,0.052166711539030075,0.25876936316490173,0.33044078946113586,0.05087736248970032,0.26909708976745605,0.2800443470478058,0.0469144843518734,0.21658091247081757,0.3346511721611023,0.008073575794696808,0.25677257776260376,0.24844315648078918,-0.0019648822490125895,0.2834387421607971,0.21027535200119019,-0.006060125771909952,0.30658218264579773,0.1847655028104782,-0.01186239905655384,0.21374663710594177,0.3513964116573334,-0.026366518810391426,0.2639371156692505,0.2398737668991089,-0.04460679739713669,0.30632781982421875,0.19879911839962006,-0.049664292484521866,0.3383679687976837,0.17862194776535034,-0.05240344628691673,0.2206212431192398,0.3779054582118988,-0.05752153322100639,0.248066246509552,0.2547832727432251,-0.07433856278657913,0.2717640697956085,0.18707461655139923,-0.08315419405698776,0.2880477011203766,0.13100522756576538,-0.09207214415073395,0.2403981238603592,0.4011927843093872,-0.08372855931520462,0.22711405158042908,0.33779504895210266,-0.1070302277803421,0.21439507603645325,0.2965618968009949,-0.12087058275938034,0.20273208618164062,0.25501513481140137,-0.13181515038013458
204,0.0,0.0,0.0,0.0,0.0,0.0,0.0,0.0,0.0,0.0,0.0,0.0,0.0,0.0,0.0,0.0,0.0,0.0,0.0,0.0,0.0,0.0,0.0,0.0,0.0,0.0,0.0,0.0,0.0,0.0,0.0,0.0,0.0,0.0,0.0,0.0,0.0,0.0,0.0,0.0,0.0,0.0,0.0,0.0,0.0,0.0,0.0,0.0,0.0,0.0,0.0,0.0,0.0,0.0,0.0,0.0,0.0,0.0,0.0,0.0,0.0,0.0,0.0,0.26214849948883057,0.5463837385177612,2.3682881078457285e-07,0.27218613028526306,0.4677215814590454,0.02511501871049404,0.25574159622192383,0.3900419771671295,0.026664022356271744,0.24431884288787842,0.3404907286167145,0.02278250642120838,0.2478490024805069,0.2898920178413391,0.018113335594534874,0.21109847724437714,0.3347310721874237,0.004055644851177931,0.2419775128364563,0.2397189885377884,-0.008165542036294937,0.2604006230831146,0.18963493406772614,-0.015629863366484642,0.27652114629745483,0.15334413945674896,-0.022763948887586594,0.20970100164413452,0.3460958003997803,-0.01894611306488514,0.2607848346233368,0.24594777822494507,-0.04002445936203003,0.30909082293510437,0.21010564267635345,-0.049002885818481445,0.34611260890960693,0.18902729451656342,-0.05340125039219856,0.2170366644859314,0.3628797233104706,-0.04076855629682541,0.2443218231201172,0.2506668269634247,-0.05764584243297577,0.2737443745136261,0.1877567619085312,-0.06684043258428574,0.29522866010665894,0.13507133722305298,-0.07477017492055893,0.23382961750030518,0.3780655264854431,-0.05986492708325386,0.22124408185482025,0.3144441545009613,-0.07654987275600433,0.20986542105674744,0.27325326204299927,-0.08660529553890228,0.19784563779830933,0.2324913740158081,-0.0951656922698021
205,0.0,0.0,0.0,0.0,0.0,0.0,0.0,0.0,0.0,0.0,0.0,0.0,0.0,0.0,0.0,0.0,0.0,0.0,0.0,0.0,0.0,0.0,0.0,0.0,0.0,0.0,0.0,0.0,0.0,0.0,0.0,0.0,0.0,0.0,0.0,0.0,0.0,0.0,0.0,0.0,0.0,0.0,0.0,0.0,0.0,0.0,0.0,0.0,0.0,0.0,0.0,0.0,0.0,0.0,0.0,0.0,0.0,0.0,0.0,0.0,0.0,0.0,0.0,0.25487321615219116,0.535607635974884,2.540167542974814e-07,0.2694620192050934,0.45221400260925293,0.024756088852882385,0.25382715463638306,0.3767991065979004,0.027012530714273453,0.2449045181274414,0.33121222257614136,0.022898254916071892,0.25496217608451843,0.2875942587852478,0.01752093806862831,0.20813974738121033,0.32512128353118896,0.010065332055091858,0.2337610274553299,0.23457741737365723,0.00014712667325511575,0.25290447473526,0.18867535889148712,-0.00689901364967227,0.26935964822769165,0.15563201904296875,-0.014100827276706696,0.20433300733566284,0.3333003520965576,-0.013226373121142387,0.24638664722442627,0.23662222921848297,-0.030072908848524094,0.28794512152671814,0.19385750591754913,-0.0385645255446434,0.32036298513412476,0.1656339168548584,-0.04418981447815895,0.20773905515670776,0.3501524031162262,-0.03587260842323303,0.23026669025421143,0.24596428871154785,-0.05007445067167282,0.25755542516708374,0.1881514936685562,-0.05918605253100395,0.2777007818222046,0.14026181399822235,-0.06785411387681961,0.2196180522441864,0.36932286620140076,-0.05629807338118553,0.20519474148750305,0.31117215752601624,-0.07134068012237549,0.19352255761623383,0.26946884393692017,-0.08132508397102356,0.1818990409374237,0.22904935479164124,-0.09043190628290176
206,0.0,0.0,0.0,0.0,0.0,0.0,0.0,0.0,0.0,0.0,0.0,0.0,0.0,0.0,0.0,0.0,0.0,0.0,0.0,0.0,0.0,0.0,0.0,0.0,0.0,0.0,0.0,0.0,0.0,0.0,0.0,0.0,0.0,0.0,0.0,0.0,0.0,0.0,0.0,0.0,0.0,0.0,0.0,0.0,0.0,0.0,0.0,0.0,0.0,0.0,0.0,0.0,0.0,0.0,0.0,0.0,0.0,0.0,0.0,0.0,0.0,0.0,0.0,0.2455311119556427,0.5387172698974609,1.6256441881523642e-07,0.25729766488075256,0.4579986333847046,0.032441578805446625,0.2438870221376419,0.38381755352020264,0.03951653838157654,0.236877903342247,0.33751073479652405,0.04010806977748871,0.2437792271375656,0.2943425178527832,0.03956902027130127,0.1999214142560959,0.32751232385635376,0.012978930957615376,0.2280193716287613,0.23307962715625763,0.005913757719099522,0.2411225140094757,0.1811630129814148,0.0015470711514353752,0.25256413221359253,0.1423003226518631,-0.004052459727972746,0.1974245011806488,0.337551087141037,-0.012671800330281258,0.24566055834293365,0.2377176284790039,-0.028591126203536987,0.2881418466567993,0.19700400531291962,-0.03626301512122154,0.32091954350471497,0.17061780393123627,-0.041106946766376495,0.20257318019866943,0.3540174663066864,-0.036606013774871826,0.23577725887298584,0.24583938717842102,-0.05134226754307747,0.2686353325843811,0.1891511231660843,-0.060585424304008484,0.2923364043235779,0.14143860340118408,-0.0692596584558487,0.21556538343429565,0.36965394020080566,-0.05722450092434883,0.20221586525440216,0.3072637617588043,-0.07459665089845657,0.19080455601215363,0.26761481165885925,-0.08587801456451416,0.1788233518600464,0.22740598022937775,-0.09568890184164047
207,0.0,0.0,0.0,0.0,0.0,0.0,0.0,0.0,0.0,0.0,0.0,0.0,0.0,0.0,0.0,0.0,0.0,0.0,0.0,0.0,0.0,0.0,0.0,0.0,0.0,0.0,0.0,0.0,0.0,0.0,0.0,0.0,0.0,0.0,0.0,0.0,0.0,0.0,0.0,0.0,0.0,0.0,0.0,0.0,0.0,0.0,0.0,0.0,0.0,0.0,0.0,0.0,0.0,0.0,0.0,0.0,0.0,0.0,0.0,0.0,0.0,0.0,0.0,0.23984917998313904,0.5067232847213745,1.8368591270245815e-07,0.25993919372558594,0.4289994537830353,0.012891572900116444,0.24368532001972198,0.35044270753860474,0.006008835509419441,0.22836565971374512,0.2953774034976959,-0.004982465412467718,0.22114510834217072,0.24901750683784485,-0.016453033313155174,0.20715998113155365,0.31105655431747437,-0.01720796525478363,0.27190059423446655,0.24616913497447968,-0.04101564362645149,0.31490543484687805,0.22862686216831207,-0.05455319583415985,0.34804338216781616,0.21965524554252625,-0.06444254517555237,0.20290066301822662,0.3195798397064209,-0.03850046545267105,0.24342937767505646,0.2205694019794464,-0.06373337656259537,0.2776433825492859,0.17659825086593628,-0.07274726778268814,0.3030241131782532,0.14632895588874817,-0.07841170579195023,0.20418085157871246,0.34354788064956665,-0.0598810575902462,0.22923162579536438,0.23724834620952606,-0.08673208951950073,0.2570590078830719,0.17991498112678528,-0.09841549396514893,0.27760738134384155,0.13104110956192017,-0.10661635547876358,0.21928134560585022,0.3715931177139282,-0.07922486215829849,0.20655539631843567,0.3213110566139221,-0.10997185111045837,0.1949084848165512,0.2807023823261261,-0.12559498846530914,0.18366727232933044,0.23828762769699097,-0.13578878343105316
208,0.0,0.0,0.0,0.0,0.0,0.0,0.0,0.0,0.0,0.0,0.0,0.0,0.0,0.0,0.0,0.0,0.0,0.0,0.0,0.0,0.0,0.0,0.0,0.0,0.0,0.0,0.0,0.0,0.0,0.0,0.0,0.0,0.0,0.0,0.0,0.0,0.0,0.0,0.0,0.0,0.0,0.0,0.0,0.0,0.0,0.0,0.0,0.0,0.0,0.0,0.0,0.0,0.0,0.0,0.0,0.0,0.0,0.0,0.0,0.0,0.0,0.0,0.0,0.23758062720298767,0.5264270305633545,2.470073638960457e-07,0.2502410113811493,0.4439956843852997,0.027789248153567314,0.23709115386009216,0.3654573857784271,0.029361510649323463,0.23128850758075714,0.31189441680908203,0.024784088134765625,0.24391530454158783,0.2637164890766144,0.018627604469656944,0.1923370212316513,0.3184397518634796,0.002775235567241907,0.2307339310646057,0.24156028032302856,-0.008615383878350258,0.2555263340473175,0.2022826075553894,-0.015596847049891949,0.276544988155365,0.1730995923280716,-0.02348250336945057,0.18897640705108643,0.3272339999675751,-0.023993123322725296,0.23907847702503204,0.2335098683834076,-0.043711233884096146,0.2802034020423889,0.1924251914024353,-0.05231492966413498,0.3112718164920807,0.16560010612010956,-0.05744611844420433,0.1949300765991211,0.3489235043525696,-0.04916290566325188,0.22879783809185028,0.24338871240615845,-0.06762389093637466,0.25689053535461426,0.18232986330986023,-0.07777572423219681,0.2769263982772827,0.1295904964208603,-0.08645742386579514,0.21299025416374207,0.37386611104011536,-0.07121028006076813,0.20285671949386597,0.314804345369339,-0.09242468327283859,0.19089338183403015,0.27564752101898193,-0.10431825369596481,0.17855358123779297,0.23636147379875183,-0.11369701474905014
209,0.0,0.0,0.0,0.0,0.0,0.0,0.0,0.0,0.0,0.0,0.0,0.0,0.0,0.0,0.0,0.0,0.0,0.0,0.0,0.0,0.0,0.0,0.0,0.0,0.0,0.0,0.0,0.0,0.0,0.0,0.0,0.0,0.0,0.0,0.0,0.0,0.0,0.0,0.0,0.0,0.0,0.0,0.0,0.0,0.0,0.0,0.0,0.0,0.0,0.0,0.0,0.0,0.0,0.0,0.0,0.0,0.0,0.0,0.0,0.0,0.0,0.0,0.0,0.2385333627462387,0.5350702404975891,2.954146225420118e-07,0.257418155670166,0.45804619789123535,0.020981965586543083,0.24143408238887787,0.38205698132514954,0.023403732106089592,0.22773724794387817,0.33602723479270935,0.020724531263113022,0.22962607443332672,0.29157713055610657,0.017014378681778908,0.20093446969985962,0.33002740144729614,0.005485761445015669,0.2287760078907013,0.23792427778244019,-0.005511546973139048,0.24689264595508575,0.18558265268802643,-0.012747411616146564,0.2611781656742096,0.14818234741687775,-0.019537700340151787,0.1960545927286148,0.33538204431533813,-0.015542538836598396,0.24065929651260376,0.23521117866039276,-0.03560473769903183,0.28339266777038574,0.1899791955947876,-0.04630681499838829,0.31526684761047363,0.16210131347179413,-0.05208906531333923,0.19744020700454712,0.3485158085823059,-0.035816941410303116,0.22119390964508057,0.24039605259895325,-0.053662512451410294,0.24823951721191406,0.18079915642738342,-0.06492063403129578,0.26744288206100464,0.1321808248758316,-0.07358522713184357,0.20701168477535248,0.3632715940475464,-0.05368247255682945,0.19366005063056946,0.2983381748199463,-0.07142136991024017,0.18289527297019958,0.25633323192596436,-0.0825209990143776,0.17229284346103668,0.21709296107292175,-0.09149277210235596
210,0.0,0.0,0.0,0.0,0.0,0.0,0.0,0.0,0.0,0.0,0.0,0.0,0.0,0.0,0.0,0.0,0.0,0.0,0.0,0.0,0.0,0.0,0.0,0.0,0.0,0.0,0.0,0.0,0.0,0.0,0.0,0.0,0.0,0.0,0.0,0.0,0.0,0.0,0.0,0.0,0.0,0.0,0.0,0.0,0.0,0.0,0.0,0.0,0.0,0.0,0.0,0.0,0.0,0.0,0.0,0.0,0.0,0.0,0.0,0.0,0.0,0.0,0.0,0.2410622388124466,0.5338925123214722,2.842725450591388e-07,0.2633983790874481,0.4501662850379944,0.02705465443432331,0.251566082239151,0.37441733479499817,0.02976077049970627,0.24349550902843475,0.3265293538570404,0.025461317971348763,0.25621628761291504,0.2795450985431671,0.01964455097913742,0.20633983612060547,0.32469406723976135,0.009501914493739605,0.23741504549980164,0.23482264578342438,-0.0026502327527850866,0.25721099972724915,0.1836046725511551,-0.010576077736914158,0.27236875891685486,0.14580172300338745,-0.018360121175646782,0.2013082057237625,0.3305109143257141,-0.016859179362654686,0.24238348007202148,0.23050758242607117,-0.03826064616441727,0.28416064381599426,0.183684304356575,-0.04907848313450813,0.31493449211120605,0.15498001873493195,-0.05507640540599823,0.2037937194108963,0.34580978751182556,-0.042412061244249344,0.22085781395435333,0.2359897345304489,-0.06183949485421181,0.2432568222284317,0.1751933991909027,-0.07396835833787918,0.2584149241447449,0.12476640939712524,-0.08354634046554565,0.21639244258403778,0.3629264831542969,-0.06507281959056854,0.20188528299331665,0.3024754822254181,-0.08634618669748306,0.18940100073814392,0.26186081767082214,-0.09978621453046799,0.17627063393592834,0.22381433844566345,-0.11012795567512512
211,0.0,0.0,0.0,0.0,0.0,0.0,0.0,0.0,0.0,0.0,0.0,0.0,0.0,0.0,0.0,0.0,0.0,0.0,0.0,0.0,0.0,0.0,0.0,0.0,0.0,0.0,0.0,0.0,0.0,0.0,0.0,0.0,0.0,0.0,0.0,0.0,0.0,0.0,0.0,0.0,0.0,0.0,0.0,0.0,0.0,0.0,0.0,0.0,0.0,0.0,0.0,0.0,0.0,0.0,0.0,0.0,0.0,0.0,0.0,0.0,0.0,0.0,0.0,0.24268825352191925,0.5378317832946777,2.1202374966833304e-07,0.2645621597766876,0.4496401846408844,0.032992612570524216,0.2551402449607849,0.37668079137802124,0.03823666647076607,0.24983064830303192,0.32489821314811707,0.03513690084218979,0.254582941532135,0.2779397964477539,0.030677711591124535,0.21321430802345276,0.3317145109176636,0.016118668019771576,0.2643313705921173,0.25625431537628174,0.0009923895122483373,0.30212533473968506,0.22850829362869263,-0.011727449484169483,0.3334802985191345,0.21138140559196472,-0.021606171503663063,0.20682166516780853,0.33445727825164795,-0.01240469329059124,0.2435963749885559,0.2338840663433075,-0.028586162254214287,0.2808074355125427,0.18142157793045044,-0.03806258365511894,0.3105730712413788,0.14979811012744904,-0.045154545456171036,0.20682421326637268,0.3496944010257721,-0.040348708629608154,0.2267855703830719,0.23835864663124084,-0.05510876700282097,0.2502433657646179,0.17628619074821472,-0.06525710225105286,0.2676199972629547,0.12718568742275238,-0.07451808452606201,0.21785810589790344,0.3665085434913635,-0.06530550867319107,0.20712749660015106,0.3060916066169739,-0.08303162455558777,0.19399742782115936,0.26742711663246155,-0.09356546401977539,0.18066789209842682,0.2308320850133896,-0.1021033525466919
212,0.0,0.0,0.0,0.0,0.0,0.0,0.0,0.0,0.0,0.0,0.0,0.0,0.0,0.0,0.0,0.0,0.0,0.0,0.0,0.0,0.0,0.0,0.0,0.0,0.0,0.0,0.0,0.0,0.0,0.0,0.0,0.0,0.0,0.0,0.0,0.0,0.0,0.0,0.0,0.0,0.0,0.0,0.0,0.0,0.0,0.0,0.0,0.0,0.0,0.0,0.0,0.0,0.0,0.0,0.0,0.0,0.0,0.0,0.0,0.0,0.0,0.0,0.0,0.24782845377922058,0.5400274395942688,2.450023828259873e-07,0.2709333896636963,0.4573958218097687,0.004790677223354578,0.25827285647392273,0.379487007856369,0.002314261393621564,0.24355950951576233,0.32725343108177185,-0.0037781798746436834,0.23951172828674316,0.28210580348968506,-0.009262465871870518,0.23402449488639832,0.32951122522354126,0.007587572559714317,0.273700088262558,0.2601204812526703,-0.009660563431680202,0.30776166915893555,0.24608974158763885,-0.023701824247837067,0.33456262946128845,0.2429881989955902,-0.03239252790808678,0.22560939192771912,0.3263489902019501,-0.00564544415101409,0.2537735104560852,0.23925447463989258,-0.021073028445243835,0.28149762749671936,0.18829229474067688,-0.032464031130075455,0.3045494258403778,0.15044207870960236,-0.04037158191204071,0.2162621170282364,0.3390973210334778,-0.021664069965481758,0.2341543734073639,0.2470717430114746,-0.040750741958618164,0.258395791053772,0.18762736022472382,-0.055451977998018265,0.27854660153388977,0.14100976288318634,-0.06519924104213715,0.21189481019973755,0.3604833781719208,-0.036851443350315094,0.19051533937454224,0.31119537353515625,-0.0553710050880909,0.17211833596229553,0.2734435796737671,-0.06645791232585907,0.1554642915725708,0.23809540271759033,-0.07446490973234177
213,0.0,0.0,0.0,0.0,0.0,0.0,0.0,0.0,0.0,0.0,0.0,0.0,0.0,0.0,0.0,0.0,0.0,0.0,0.0,0.0,0.0,0.0,0.0,0.0,0.0,0.0,0.0,0.0,0.0,0.0,0.0,0.0,0.0,0.0,0.0,0.0,0.0,0.0,0.0,0.0,0.0,0.0,0.0,0.0,0.0,0.0,0.0,0.0,0.0,0.0,0.0,0.0,0.0,0.0,0.0,0.0,0.0,0.0,0.0,0.0,0.0,0.0,0.0,0.24332234263420105,0.5621150135993958,2.3352006905952294e-07,0.2703322470188141,0.4828827977180481,0.010909832082688808,0.25882530212402344,0.4036773443222046,0.011736450716853142,0.2445385605096817,0.34792599081993103,0.006946252193301916,0.23925761878490448,0.30162936449050903,0.001747064059600234,0.24042156338691711,0.3504340350627899,0.014963377267122269,0.2886323034763336,0.29017892479896545,-0.0059247808530926704,0.32651740312576294,0.2786964178085327,-0.02395721897482872,0.3570088744163513,0.27862638235092163,-0.034888748079538345,0.23125387728214264,0.3426074981689453,-0.0031882869079709053,0.25421884655952454,0.25343671441078186,-0.019337531179189682,0.27848580479621887,0.19434253871440887,-0.03228916972875595,0.29917025566101074,0.14972896873950958,-0.0416475348174572,0.2192302942276001,0.3558947741985321,-0.024345267564058304,0.23130963742733002,0.26141828298568726,-0.045085079967975616,0.25199997425079346,0.19571280479431152,-0.061830926686525345,0.27036231756210327,0.1432182639837265,-0.07272835075855255,0.21168413758277893,0.3805748224258423,-0.04425179585814476,0.1871170997619629,0.3294791281223297,-0.066328264772892,0.1664741337299347,0.29000401496887207,-0.07900501042604446,0.1491038203239441,0.2533367872238159,-0.08753453195095062
214,0.0,0.0,0.0,0.0,0.0,0.0,0.0,0.0,0.0,0.0,0.0,0.0,0.0,0.0,0.0,0.0,0.0,0.0,0.0,0.0,0.0,0.0,0.0,0.0,0.0,0.0,0.0,0.0,0.0,0.0,0.0,0.0,0.0,0.0,0.0,0.0,0.0,0.0,0.0,0.0,0.0,0.0,0.0,0.0,0.0,0.0,0.0,0.0,0.0,0.0,0.0,0.0,0.0,0.0,0.0,0.0,0.0,0.0,0.0,0.0,0.0,0.0,0.0,0.2405720353126526,0.5861563086509705,3.9190842926473124e-07,0.26496750116348267,0.5073679685592651,-0.002345247659832239,0.252676397562027,0.41985371708869934,-0.006327467504888773,0.23169218003749847,0.3570553660392761,-0.012620380148291588,0.2151615023612976,0.3068006634712219,-0.019320208579301834,0.24541811645030975,0.3686531186103821,-0.0007838804158382118,0.299712598323822,0.30865994095802307,-0.02469628117978573,0.338818222284317,0.27638447284698486,-0.0451967716217041,0.37092125415802,0.2521238327026367,-0.05879087373614311,0.23239225149154663,0.35888609290122986,-0.013284704647958279,0.2525706887245178,0.2651730179786682,-0.03334937244653702,0.27396249771118164,0.20435866713523865,-0.0478425994515419,0.2929145097732544,0.15351274609565735,-0.05757919326424599,0.21603542566299438,0.37443214654922485,-0.029064293950796127,0.22690072655677795,0.27424168586730957,-0.05529153719544411,0.24938148260116577,0.20626288652420044,-0.07288438081741333,0.2691521942615509,0.1486387997865677,-0.08295787125825882,0.2033137083053589,0.4060309827327728,-0.044401805847883224,0.17977218329906464,0.3481932580471039,-0.07238215208053589,0.15957705676555634,0.3043707311153412,-0.08661998063325882,0.1426217406988144,0.26531219482421875,-0.0950373187661171
215,0.0,0.0,0.0,0.0,0.0,0.0,0.0,0.0,0.0,0.0,0.0,0.0,0.0,0.0,0.0,0.0,0.0,0.0,0.0,0.0,0.0,0.0,0.0,0.0,0.0,0.0,0.0,0.0,0.0,0.0,0.0,0.0,0.0,0.0,0.0,0.0,0.0,0.0,0.0,0.0,0.0,0.0,0.0,0.0,0.0,0.0,0.0,0.0,0.0,0.0,0.0,0.0,0.0,0.0,0.0,0.0,0.0,0.0,0.0,0.0,0.0,0.0,0.0,0.24019065499305725,0.6047731041908264,3.2826352480697096e-07,0.2710922360420227,0.5225299596786499,0.00422045961022377,0.26430743932724,0.4378297030925751,0.001903741154819727,0.2504619359970093,0.37438443303108215,-0.004622528329491615,0.2440408170223236,0.3206826448440552,-0.011417821981012821,0.24460631608963013,0.3796103596687317,0.005107608158141375,0.29368340969085693,0.31706762313842773,-0.017186293378472328,0.3339696228504181,0.2892802953720093,-0.0367351733148098,0.36676642298698425,0.26849839091300964,-0.0499504953622818,0.23124685883522034,0.36971616744995117,-0.011303952895104885,0.2462705373764038,0.27596625685691833,-0.029410213232040405,0.26481831073760986,0.21205483376979828,-0.043534670025110245,0.2795484960079193,0.1612858772277832,-0.05391821265220642,0.21457183361053467,0.38449570536613464,-0.030753569677472115,0.2252717763185501,0.2839447855949402,-0.055081628262996674,0.25208649039268494,0.21574756503105164,-0.07256423681974411,0.2748909592628479,0.16103646159172058,-0.08367486298084259,0.2018815577030182,0.4149101674556732,-0.049414534121751785,0.17467354238033295,0.3580401539802551,-0.07685472816228867,0.15053361654281616,0.31614914536476135,-0.09107541292905807,0.12886187434196472,0.27984750270843506,-0.1000150591135025
216,0.0,0.0,0.0,0.0,0.0,0.0,0.0,0.0,0.0,0.0,0.0,0.0,0.0,0.0,0.0,0.0,0.0,0.0,0.0,0.0,0.0,0.0,0.0,0.0,0.0,0.0,0.0,0.0,0.0,0.0,0.0,0.0,0.0,0.0,0.0,0.0,0.0,0.0,0.0,0.0,0.0,0.0,0.0,0.0,0.0,0.0,0.0,0.0,0.0,0.0,0.0,0.0,0.0,0.0,0.0,0.0,0.0,0.0,0.0,0.0,0.0,0.0,0.0,0.22442932426929474,0.6440331935882568,3.0862341304782603e-07,0.2690601348876953,0.5508902072906494,0.01450644712895155,0.2698099911212921,0.4585544764995575,0.012851439416408539,0.25803840160369873,0.3959020972251892,0.004468920174986124,0.24981296062469482,0.3490418493747711,-0.004929958377033472,0.23385100066661835,0.395698219537735,0.010076862759888172,0.2900695204734802,0.33376118540763855,-0.008831906132400036,0.3359927833080292,0.30806800723075867,-0.025112098082900047,0.3745986819267273,0.2862871289253235,-0.03884482383728027,0.21789805591106415,0.3919209837913513,-0.015193259343504906,0.24479132890701294,0.3082866072654724,-0.03712819516658783,0.2708020508289337,0.2514944076538086,-0.05398822948336601,0.2909747362136841,0.21048572659492493,-0.06653154641389847,0.19955380260944366,0.4147847890853882,-0.04233353212475777,0.22420735657215118,0.31686100363731384,-0.07184631377458572,0.26581355929374695,0.24144849181175232,-0.09273818880319595,0.29973483085632324,0.18162177503108978,-0.10695274919271469,0.1882573366165161,0.4500938951969147,-0.06720668077468872,0.15557190775871277,0.3938489854335785,-0.09880071133375168,0.12668105959892273,0.3473374843597412,-0.11522411555051804,0.10041780769824982,0.304375022649765,-0.12687280774116516
217,0.0,0.0,0.0,0.0,0.0,0.0,0.0,0.0,0.0,0.0,0.0,0.0,0.0,0.0,0.0,0.0,0.0,0.0,0.0,0.0,0.0,0.0,0.0,0.0,0.0,0.0,0.0,0.0,0.0,0.0,0.0,0.0,0.0,0.0,0.0,0.0,0.0,0.0,0.0,0.0,0.0,0.0,0.0,0.0,0.0,0.0,0.0,0.0,0.0,0.0,0.0,0.0,0.0,0.0,0.0,0.0,0.0,0.0,0.0,0.0,0.0,0.0,0.0,0.21388955414295197,0.6630428433418274,2.3894500600363244e-07,0.2655826807022095,0.5596804022789001,0.05044815316796303,0.26687222719192505,0.4723583459854126,0.060454413294792175,0.2588597536087036,0.41119447350502014,0.0550253689289093,0.25786909461021423,0.36700811982154846,0.04590447619557381,0.2268538773059845,0.40494847297668457,0.045322101563215256,0.2809056341648102,0.34059083461761475,0.03159558027982712,0.32617056369781494,0.3104110658168793,0.016815509647130966,0.3651135563850403,0.28737932443618774,0.0022525812964886427,0.2121632695198059,0.41060274839401245,-0.002833103993907571,0.24869735538959503,0.3229147493839264,-0.02963240072131157,0.29246294498443604,0.2930462062358856,-0.050896503031253815,0.3252561688423157,0.2817467451095581,-0.06402023136615753,0.194973886013031,0.43306463956832886,-0.050802603363990784,0.2200085073709488,0.3272193670272827,-0.08320609480142593,0.26414430141448975,0.24956904351711273,-0.10697273910045624,0.2964806854724884,0.186957448720932,-0.12326163798570633,0.18427583575248718,0.4611023962497711,-0.09348424524068832,0.15413621068000793,0.39372777938842773,-0.127223938703537,0.12404482811689377,0.3483111262321472,-0.14469678699970245,0.09348683059215546,0.30433493852615356,-0.1577211320400238
218,0.0,0.0,0.0,0.0,0.0,0.0,0.0,0.0,0.0,0.0,0.0,0.0,0.0,0.0,0.0,0.0,0.0,0.0,0.0,0.0,0.0,0.0,0.0,0.0,0.0,0.0,0.0,0.0,0.0,0.0,0.0,0.0,0.0,0.0,0.0,0.0,0.0,0.0,0.0,0.0,0.0,0.0,0.0,0.0,0.0,0.0,0.0,0.0,0.0,0.0,0.0,0.0,0.0,0.0,0.0,0.0,0.0,0.0,0.0,0.0,0.0,0.0,0.0,0.2159314751625061,0.6763655543327332,2.434234147585812e-07,0.2631533145904541,0.5693079829216003,0.05104481801390648,0.26364827156066895,0.47822344303131104,0.06229270249605179,0.25568532943725586,0.41506579518318176,0.05813116580247879,0.2532121539115906,0.36423933506011963,0.05150005966424942,0.22748491168022156,0.41593319177627563,0.04205496981739998,0.2820831537246704,0.3507469892501831,0.020069973543286324,0.33045291900634766,0.3378155827522278,-0.001678996253758669,0.37309280037879944,0.3346385657787323,-0.018446460366249084,0.21166351437568665,0.4209917187690735,-0.006618851330131292,0.23333550989627838,0.3190130591392517,-0.030068783089518547,0.2661323547363281,0.2597523331642151,-0.05206266790628433,0.2938302159309387,0.2248297482728958,-0.06834913790225983,0.19335879385471344,0.445100337266922,-0.055602870881557465,0.21210840344429016,0.3303060531616211,-0.08465233445167542,0.2506539821624756,0.25605297088623047,-0.10691419988870621,0.282834529876709,0.19861984252929688,-0.1229817122220993,0.18153752386569977,0.47498202323913574,-0.09988102316856384,0.14971181750297546,0.40762224793434143,-0.1318473070859909,0.11742686480283737,0.3584716022014618,-0.14832399785518646,0.08860017359256744,0.3109810948371887,-0.16026943922042847
219,0.0,0.0,0.0,0.0,0.0,0.0,0.0,0.0,0.0,0.0,0.0,0.0,0.0,0.0,0.0,0.0,0.0,0.0,0.0,0.0,0.0,0.0,0.0,0.0,0.0,0.0,0.0,0.0,0.0,0.0,0.0,0.0,0.0,0.0,0.0,0.0,0.0,0.0,0.0,0.0,0.0,0.0,0.0,0.0,0.0,0.0,0.0,0.0,0.0,0.0,0.0,0.0,0.0,0.0,0.0,0.0,0.0,0.0,0.0,0.0,0.0,0.0,0.0,0.2185465544462204,0.6833430528640747,1.873849555522611e-07,0.2667681574821472,0.5790273547172546,0.03300713747739792,0.26667678356170654,0.4889458417892456,0.03947467356920242,0.2548714280128479,0.4244876205921173,0.03414914384484291,0.24677234888076782,0.3743560314178467,0.0270670298486948,0.22836153209209442,0.4190880358219147,0.03242594748735428,0.28216519951820374,0.3546665906906128,0.004293073434382677,0.3249850869178772,0.3532744348049164,-0.021534578874707222,0.3600511848926544,0.36492812633514404,-0.03794483095407486,0.2119571417570114,0.4179803133010864,-0.004432511515915394,0.23248842358589172,0.31675636768341064,-0.026027100160717964,0.2624220848083496,0.2509234547615051,-0.045809607952833176,0.289743572473526,0.20660588145256042,-0.060628246515989304,0.19288323819637299,0.44170287251472473,-0.04412754252552986,0.2133195847272873,0.33251601457595825,-0.07210673391819,0.24884909391403198,0.2622380256652832,-0.0935877189040184,0.2794295847415924,0.20648065209388733,-0.10846244543790817,0.18041707575321198,0.47757115960121155,-0.08078669011592865,0.14950352907180786,0.41480639576911926,-0.11241599917411804,0.12054796516895294,0.3667728900909424,-0.12915602326393127,0.09544021636247635,0.3204308748245239,-0.14051879942417145
220,0.0,0.0,0.0,0.0,0.0,0.0,0.0,0.0,0.0,0.0,0.0,0.0,0.0,0.0,0.0,0.0,0.0,0.0,0.0,0.0,0.0,0.0,0.0,0.0,0.0,0.0,0.0,0.0,0.0,0.0,0.0,0.0,0.0,0.0,0.0,0.0,0.0,0.0,0.0,0.0,0.0,0.0,0.0,0.0,0.0,0.0,0.0,0.0,0.0,0.0,0.0,0.0,0.0,0.0,0.0,0.0,0.0,0.0,0.0,0.0,0.0,0.0,0.0,0.22296011447906494,0.6897172927856445,1.3955654765140935e-07,0.2727876603603363,0.5752719044685364,0.04401172697544098,0.27441516518592834,0.4814416766166687,0.05037936940789223,0.26771146059036255,0.4124923646450043,0.04219106212258339,0.26692333817481995,0.35495537519454956,0.03231852874159813,0.23564273118972778,0.4151705205440521,0.031853169202804565,0.28821784257888794,0.3438013195991516,-0.0005684503703378141,0.33453118801116943,0.3465246260166168,-0.027814529836177826,0.37418168783187866,0.3619231879711151,-0.04526688903570175,0.21977034211158752,0.41987356543540955,-0.014251725748181343,0.2403687983751297,0.31521496176719666,-0.046179164201021194,0.277376651763916,0.25532373785972595,-0.07055305689573288,0.311131089925766,0.21928763389587402,-0.08675246685743332,0.20194105803966522,0.44619250297546387,-0.06167753040790558,0.21987010538578033,0.328972727060318,-0.09534113854169846,0.2562374174594879,0.2574245035648346,-0.11742953211069107,0.288090318441391,0.20163977146148682,-0.13186533749103546,0.19258643686771393,0.48271068930625916,-0.10517754405736923,0.15956521034240723,0.4179358184337616,-0.13860855996608734,0.1283162385225296,0.36591771245002747,-0.15590845048427582,0.10201378166675568,0.31681329011917114,-0.1675444096326828
221,0.0,0.0,0.0,0.0,0.0,0.0,0.0,0.0,0.0,0.0,0.0,0.0,0.0,0.0,0.0,0.0,0.0,0.0,0.0,0.0,0.0,0.0,0.0,0.0,0.0,0.0,0.0,0.0,0.0,0.0,0.0,0.0,0.0,0.0,0.0,0.0,0.0,0.0,0.0,0.0,0.0,0.0,0.0,0.0,0.0,0.0,0.0,0.0,0.0,0.0,0.0,0.0,0.0,0.0,0.0,0.0,0.0,0.0,0.0,0.0,0.0,0.0,0.0,0.23699027299880981,0.6776182055473328,2.551568627495726e-07,0.2819069027900696,0.5763842463493347,0.021440209820866585,0.28328725695610046,0.48362091183662415,0.023198924958705902,0.27067330479621887,0.4151800274848938,0.016058078035712242,0.26519307494163513,0.3625093400478363,0.0076721832156181335,0.24534288048744202,0.4094966948032379,0.01988719217479229,0.28853899240493774,0.334683358669281,-0.0022284744773060083,0.3291867971420288,0.3135449290275574,-0.021135317161679268,0.3651600778102875,0.30289506912231445,-0.034794148057699203,0.23273614048957825,0.40524715185165405,-0.008669968694448471,0.25405192375183105,0.3071863055229187,-0.0334869921207428,0.2878889739513397,0.24820193648338318,-0.052864719182252884,0.31826096773147583,0.20528772473335266,-0.06591533124446869,0.21637171506881714,0.4252653419971466,-0.039412979036569595,0.23611165583133698,0.3190711736679077,-0.07119389623403549,0.27797386050224304,0.24694019556045532,-0.09427384287118912,0.31403735280036926,0.18822574615478516,-0.10902953147888184,0.2041936218738556,0.4603387117385864,-0.06735367327928543,0.1709621548652649,0.3982633650302887,-0.09987564384937286,0.14356589317321777,0.3476085662841797,-0.11794961243867874,0.12028653174638748,0.29973429441452026,-0.13028624653816223
222,0.9037132263183594,0.7395721077919006,-7.970317597028043e-07,0.8247939348220825,0.7319701910018921,0.002636859891936183,0.7625162601470947,0.7056154012680054,-0.006885742302983999,0.7141864895820618,0.6847341060638428,-0.020774826407432556,0.6736855506896973,0.6913439631462097,-0.032400403171777725,0.7617374062538147,0.5565367341041565,0.0024638758040964603,0.7027822136878967,0.6187217831611633,-0.023939915001392365,0.7248185873031616,0.6709622740745544,-0.04072747752070427,0.7510873079299927,0.6857776641845703,-0.04896716773509979,0.7776424288749695,0.538892388343811,-0.011767781339585781,0.7185291051864624,0.6199893951416016,-0.03371768817305565,0.7411555051803589,0.6677815914154053,-0.0415436290204525,0.768729031085968,0.6806018948554993,-0.04466856271028519,0.7985930442810059,0.542858362197876,-0.028023622930049896,0.7420825958251953,0.6243049502372742,-0.04765800014138222,0.7645295262336731,0.6709327697753906,-0.04113088175654411,0.7885980606079102,0.6839711666107178,-0.03445800021290779,0.8240610957145691,0.5596535205841064,-0.0447089821100235,0.7805860638618469,0.6328465938568115,-0.06078886613249779,0.7899249792098999,0.677771270275116,-0.056272659450769424,0.8029816150665283,0.6976747512817383,-0.04860401526093483,0.24412791430950165,0.6732876300811768,1.3929908959653403e-07,0.28931254148483276,0.5764983296394348,0.015238389372825623,0.28779712319374084,0.4806111454963684,0.014636886306107044,0.2756774425506592,0.4127468466758728,0.0057021696120500565,0.26805466413497925,0.35603323578834534,-0.002125625964254141,0.25357940793037415,0.4100114405155182,0.01908789575099945,0.30868008732795715,0.34361323714256287,-0.010887148790061474,0.3522760272026062,0.36157840490341187,-0.03415310010313988,0.38416242599487305,0.39333608746528625,-0.04626302048563957,0.2407960444688797,0.4037061631679535,-0.005673119332641363,0.26512494683265686,0.3057030439376831,-0.0275135301053524,0.299268901348114,0.24725916981697083,-0.04337967932224274,0.33015817403793335,0.2058107852935791,-0.054572924971580505,0.22447320818901062,0.4225698709487915,-0.03476200997829437,0.24226011335849762,0.3109854757785797,-0.06174962595105171,0.276180624961853,0.24662595987319946,-0.08021602779626846,0.3064907193183899,0.19765251874923706,-0.09189839661121368,0.21355468034744263,0.4556629955768585,-0.06246742233633995,0.18325069546699524,0.3946689963340759,-0.08960587531328201,0.15717095136642456,0.3457207679748535,-0.10418088734149933,0.13514786958694458,0.3007347583770752,-0.11386570334434509
223,0.0,0.0,0.0,0.0,0.0,0.0,0.0,0.0,0.0,0.0,0.0,0.0,0.0,0.0,0.0,0.0,0.0,0.0,0.0,0.0,0.0,0.0,0.0,0.0,0.0,0.0,0.0,0.0,0.0,0.0,0.0,0.0,0.0,0.0,0.0,0.0,0.0,0.0,0.0,0.0,0.0,0.0,0.0,0.0,0.0,0.0,0.0,0.0,0.0,0.0,0.0,0.0,0.0,0.0,0.0,0.0,0.0,0.0,0.0,0.0,0.0,0.0,0.0,0.2551306188106537,0.6739599108695984,2.7831680426970706e-07,0.29430824518203735,0.5672389268875122,0.02291244827210903,0.28855571150779724,0.4705502390861511,0.025478554889559746,0.2752308249473572,0.40079766511917114,0.019316013902425766,0.2697376310825348,0.34427332878112793,0.012232678942382336,0.2552444338798523,0.40775495767593384,0.01886703260242939,0.30474692583084106,0.33305931091308594,-0.0032396563328802586,0.3481157422065735,0.31238216161727905,-0.020570509135723114,0.3867531418800354,0.30454692244529724,-0.03320474177598953,0.2463788241147995,0.40767574310302734,-0.009765885770320892,0.27440744638442993,0.3101494312286377,-0.03372945636510849,0.31253373622894287,0.25430387258529663,-0.05003157630562782,0.3475073575973511,0.21817846596240997,-0.061024341732263565,0.23444779217243195,0.4300117790699005,-0.04059584066271782,0.25779223442077637,0.3212103545665741,-0.07033947110176086,0.29556381702423096,0.25120866298675537,-0.09101521223783493,0.32902199029922485,0.19716045260429382,-0.10444589704275131,0.2289140224456787,0.46520277857780457,-0.0687817633152008,0.19986411929130554,0.4071860909461975,-0.10106866806745529,0.1739877462387085,0.3569612503051758,-0.11962272226810455,0.15162838995456696,0.3105090260505676,-0.13195058703422546
224,0.0,0.0,0.0,0.0,0.0,0.0,0.0,0.0,0.0,0.0,0.0,0.0,0.0,0.0,0.0,0.0,0.0,0.0,0.0,0.0,0.0,0.0,0.0,0.0,0.0,0.0,0.0,0.0,0.0,0.0,0.0,0.0,0.0,0.0,0.0,0.0,0.0,0.0,0.0,0.0,0.0,0.0,0.0,0.0,0.0,0.0,0.0,0.0,0.0,0.0,0.0,0.0,0.0,0.0,0.0,0.0,0.0,0.0,0.0,0.0,0.0,0.0,0.0,0.27077409625053406,0.6609331369400024,2.956778928364656e-07,0.3096773326396942,0.5666347742080688,0.011481516994535923,0.30715468525886536,0.4763754606246948,0.011921673081815243,0.2971054017543793,0.41148173809051514,0.005946763791143894,0.2962506413459778,0.3594232201576233,-7.896049646660686e-05,0.2671421766281128,0.4045277237892151,0.010642273351550102,0.29333239793777466,0.3137773275375366,-0.0030025497544556856,0.3133145272731781,0.26299750804901123,-0.011252546682953835,0.334658145904541,0.22364826500415802,-0.017256498336791992,0.2577345371246338,0.408920019865036,-0.010607036761939526,0.27650535106658936,0.3139389753341675,-0.032676175236701965,0.3085092306137085,0.2541830539703369,-0.04750911146402359,0.33974489569664,0.20977139472961426,-0.056651417165994644,0.24722640216350555,0.43044647574424744,-0.03394366800785065,0.2787553668022156,0.34741806983947754,-0.06391206383705139,0.3296937942504883,0.31232044100761414,-0.08415393531322479,0.3705224394798279,0.28897595405578613,-0.09546415507793427,0.24256297945976257,0.461670845746994,-0.05554409325122833,0.21523022651672363,0.3995867669582367,-0.08206990361213684,0.1927291452884674,0.3502473533153534,-0.09822502732276917,0.17313054203987122,0.308479905128479,-0.10978828370571136
225,0.0,0.0,0.0,0.0,0.0,0.0,0.0,0.0,0.0,0.0,0.0,0.0,0.0,0.0,0.0,0.0,0.0,0.0,0.0,0.0,0.0,0.0,0.0,0.0,0.0,0.0,0.0,0.0,0.0,0.0,0.0,0.0,0.0,0.0,0.0,0.0,0.0,0.0,0.0,0.0,0.0,0.0,0.0,0.0,0.0,0.0,0.0,0.0,0.0,0.0,0.0,0.0,0.0,0.0,0.0,0.0,0.0,0.0,0.0,0.0,0.0,0.0,0.0,0.28672319650650024,0.6451656222343445,2.4796753450573306e-07,0.32082825899124146,0.5439199805259705,0.03703528270125389,0.3154507577419281,0.457280695438385,0.041660815477371216,0.3090088665485382,0.3952123820781708,0.035479865968227386,0.3101816475391388,0.3400413393974304,0.027717798948287964,0.2685920298099518,0.3862713873386383,0.017163293436169624,0.2997143566608429,0.294686496257782,0.0012487533967942,0.3180271089076996,0.24111370742321014,-0.008769968524575233,0.337563157081604,0.20090606808662415,-0.017400620505213737,0.26330044865608215,0.3988780081272125,-0.018293701112270355,0.3020867705345154,0.30107706785202026,-0.043001580983400345,0.3510565161705017,0.2555108070373535,-0.05594385415315628,0.39249545335769653,0.23246745765209198,-0.06372576951980591,0.2612493336200714,0.42545437812805176,-0.05304228514432907,0.29391002655029297,0.3157038390636444,-0.07746513932943344,0.3447715938091278,0.27369338274002075,-0.08949964493513107,0.3867444396018982,0.24349547922611237,-0.09849926084280014,0.26860445737838745,0.4589095115661621,-0.08442813158035278,0.24801236391067505,0.3942314386367798,-0.1098909005522728,0.22863085567951202,0.34270450472831726,-0.12452060729265213,0.21221838891506195,0.2944253385066986,-0.13574562966823578
226,0.0,0.0,0.0,0.0,0.0,0.0,0.0,0.0,0.0,0.0,0.0,0.0,0.0,0.0,0.0,0.0,0.0,0.0,0.0,0.0,0.0,0.0,0.0,0.0,0.0,0.0,0.0,0.0,0.0,0.0,0.0,0.0,0.0,0.0,0.0,0.0,0.0,0.0,0.0,0.0,0.0,0.0,0.0,0.0,0.0,0.0,0.0,0.0,0.0,0.0,0.0,0.0,0.0,0.0,0.0,0.0,0.0,0.0,0.0,0.0,0.0,0.0,0.0,0.28814423084259033,0.6414589285850525,2.9911947763139324e-07,0.3232501447200775,0.5432804822921753,0.022314412519335747,0.32004544138908386,0.45665034651756287,0.02036394737660885,0.313260018825531,0.39463165402412415,0.010395466350018978,0.3162382245063782,0.33601412177085876,-0.00038998466334305704,0.27301591634750366,0.3899194896221161,0.005780872888863087,0.29811784625053406,0.29298919439315796,-0.014737245626747608,0.3152247667312622,0.23789449036121368,-0.02821945771574974,0.3351859152317047,0.19672569632530212,-0.038549136370420456,0.2661280930042267,0.4009772837162018,-0.022578410804271698,0.3004288375377655,0.306130588054657,-0.05136597529053688,0.3492845892906189,0.25743281841278076,-0.06683007627725601,0.3929916322231293,0.22763563692569733,-0.07594697177410126,0.2621151804924011,0.42706531286239624,-0.05156045779585838,0.2903166115283966,0.31902244687080383,-0.0784260556101799,0.33681365847587585,0.2745482325553894,-0.0912216305732727,0.3755568265914917,0.24196313321590424,-0.10003525763750076,0.2666321098804474,0.46083036065101624,-0.07850716263055801,0.24616962671279907,0.39641863107681274,-0.10244432091712952,0.22906231880187988,0.34552761912345886,-0.11562542617321014,0.2139013707637787,0.299197793006897,-0.1260726898908615
227,0.0,0.0,0.0,0.0,0.0,0.0,0.0,0.0,0.0,0.0,0.0,0.0,0.0,0.0,0.0,0.0,0.0,0.0,0.0,0.0,0.0,0.0,0.0,0.0,0.0,0.0,0.0,0.0,0.0,0.0,0.0,0.0,0.0,0.0,0.0,0.0,0.0,0.0,0.0,0.0,0.0,0.0,0.0,0.0,0.0,0.0,0.0,0.0,0.0,0.0,0.0,0.0,0.0,0.0,0.0,0.0,0.0,0.0,0.0,0.0,0.0,0.0,0.0,0.3015177249908447,0.638323187828064,1.9120776073577872e-07,0.33854562044143677,0.5471387505531311,0.03221731260418892,0.33226263523101807,0.46770623326301575,0.03529124706983566,0.3254052996635437,0.412804514169693,0.02925567887723446,0.3333091139793396,0.3632601499557495,0.021639833226799965,0.29125508666038513,0.39272379875183105,0.013773401267826557,0.3323211371898651,0.3122457265853882,-0.0002997501287609339,0.36279892921447754,0.275255024433136,-0.010436986573040485,0.3885144293308258,0.24997569620609283,-0.019656246528029442,0.28463661670684814,0.3957308232784271,-0.016910631209611893,0.3218027353286743,0.2920527160167694,-0.033723197877407074,0.36521124839782715,0.23823846876621246,-0.04158273711800575,0.40135425329208374,0.2051519900560379,-0.04794846475124359,0.28180232644081116,0.41696757078170776,-0.047166723757982254,0.30144086480140686,0.29838302731513977,-0.06416531652212143,0.3352254331111908,0.24041412770748138,-0.07409227639436722,0.36397114396095276,0.1959429681301117,-0.08372999727725983,0.28898078203201294,0.4458467662334442,-0.0745517835021019,0.27219057083129883,0.3852497935295105,-0.09703277796506882,0.25842759013175964,0.340931236743927,-0.11073268204927444,0.24498803913593292,0.2995564341545105,-0.12151096016168594
228,0.0,0.0,0.0,0.0,0.0,0.0,0.0,0.0,0.0,0.0,0.0,0.0,0.0,0.0,0.0,0.0,0.0,0.0,0.0,0.0,0.0,0.0,0.0,0.0,0.0,0.0,0.0,0.0,0.0,0.0,0.0,0.0,0.0,0.0,0.0,0.0,0.0,0.0,0.0,0.0,0.0,0.0,0.0,0.0,0.0,0.0,0.0,0.0,0.0,0.0,0.0,0.0,0.0,0.0,0.0,0.0,0.0,0.0,0.0,0.0,0.0,0.0,0.0,0.31854522228240967,0.638781726360321,2.331806996380692e-07,0.3559657335281372,0.5313653945922852,0.046069949865341187,0.35264652967453003,0.44571322202682495,0.05501120910048485,0.3495085835456848,0.37947648763656616,0.05174172669649124,0.35609713196754456,0.3219090700149536,0.0473545603454113,0.2919961214065552,0.38298332691192627,0.027979988604784012,0.3310765027999878,0.28861886262893677,0.01472113374620676,0.3526042103767395,0.2429989129304886,0.005638303700834513,0.373751163482666,0.21149547398090363,-0.0021641596686095,0.28537729382514954,0.39687466621398926,-0.010120873339474201,0.33422785997390747,0.2957175672054291,-0.031175630167126656,0.3835557997226715,0.2431979775428772,-0.043354786932468414,0.42689523100852966,0.21031402051448822,-0.05247548222541809,0.286699503660202,0.42143481969833374,-0.04681479558348656,0.33398765325546265,0.3156920075416565,-0.06565415859222412,0.3849296569824219,0.27996665239334106,-0.07459162920713425,0.4241933226585388,0.2521156072616577,-0.08336501568555832,0.2983243763446808,0.4480571746826172,-0.07988270372152328,0.2874978184700012,0.3763166069984436,-0.09959516674280167,0.2734602093696594,0.32586491107940674,-0.11110005527734756,0.261288046836853,0.2762868106365204,-0.12143715471029282
229,0.9587562084197998,0.8122967481613159,-3.735243865321536e-07,0.8738471865653992,0.7809547781944275,-0.0036045056767761707,0.8097578287124634,0.7191996574401855,0.003274260088801384,0.7686296701431274,0.6719860434532166,0.009670862928032875,0.7344096899032593,0.6384639143943787,0.01775011606514454,0.8601088523864746,0.573146641254425,0.035899609327316284,0.7976946830749512,0.5616931915283203,0.052189476788043976,0.7672884464263916,0.5860086679458618,0.05340423434972763,0.7506958246231079,0.6041412353515625,0.053280770778656006,0.8814691305160522,0.5537651777267456,0.04208486154675484,0.814913809299469,0.5581674575805664,0.0654926598072052,0.7822622060775757,0.5847635865211487,0.06228338181972504,0.7672149538993835,0.6111987233161926,0.055812153965234756,0.8932838439941406,0.5576497912406921,0.04703845456242561,0.8269034028053284,0.5713118314743042,0.06832336634397507,0.7981864809989929,0.6014634370803833,0.06747861206531525,0.7866610884666443,0.6322909593582153,0.0618910938501358,0.8976015448570251,0.574695885181427,0.050805892795324326,0.8415670394897461,0.5888130068778992,0.06744138896465302,0.8165894150733948,0.6170237064361572,0.07390099763870239,0.804218590259552,0.6462666988372803,0.07727278769016266,0.31952327489852905,0.6487473249435425,8.901591996846037e-08,0.3518737554550171,0.545764148235321,0.05473414808511734,0.3408467769622803,0.4610055685043335,0.0692337229847908,0.32989048957824707,0.39670392870903015,0.06975790113210678,0.3302360475063324,0.33771952986717224,0.06823603063821793,0.3058132827281952,0.40360021591186523,0.036912769079208374,0.35261237621307373,0.31619349122047424,0.021685807034373283,0.3917124271392822,0.2991563379764557,0.010683656670153141,0.42505118250846863,0.293967604637146,0.0012511928798630834,0.3006201684474945,0.4095310568809509,-0.006411596201360226,0.3370247483253479,0.2988584637641907,-0.026104019954800606,0.38333284854888916,0.2450234442949295,-0.035756781697273254,0.4214682877063751,0.21313875913619995,-0.04301685467362404,0.29897597432136536,0.43169304728507996,-0.04912375658750534,0.31762614846229553,0.30079489946365356,-0.06954706460237503,0.3496929109096527,0.23863381147384644,-0.08047392219305038,0.37492185831069946,0.18558843433856964,-0.09077202528715134,0.3066035509109497,0.4572528004646301,-0.08715547621250153,0.2958775460720062,0.39195695519447327,-0.11491383612155914,0.28321602940559387,0.34662705659866333,-0.13189387321472168,0.2692573070526123,0.2986668050289154,-0.14517635107040405
230,0.0,0.0,0.0,0.0,0.0,0.0,0.0,0.0,0.0,0.0,0.0,0.0,0.0,0.0,0.0,0.0,0.0,0.0,0.0,0.0,0.0,0.0,0.0,0.0,0.0,0.0,0.0,0.0,0.0,0.0,0.0,0.0,0.0,0.0,0.0,0.0,0.0,0.0,0.0,0.0,0.0,0.0,0.0,0.0,0.0,0.0,0.0,0.0,0.0,0.0,0.0,0.0,0.0,0.0,0.0,0.0,0.0,0.0,0.0,0.0,0.0,0.0,0.0,0.32419919967651367,0.6531322002410889,1.1078711281697906e-07,0.3565804958343506,0.5466518998146057,0.041176434606313705,0.3439752459526062,0.4553016126155853,0.04891431704163551,0.328635573387146,0.39162373542785645,0.044441625475883484,0.32500767707824707,0.3294929563999176,0.04015706852078438,0.30779916048049927,0.4045044183731079,0.03135598450899124,0.37190356850624084,0.3312597870826721,0.002384784398600459,0.4189625084400177,0.34739935398101807,-0.01875213347375393,0.4537111520767212,0.37786340713500977,-0.02960454486310482,0.302075058221817,0.40998879075050354,-0.005142060108482838,0.34293895959854126,0.30314528942108154,-0.027606066316366196,0.3885362148284912,0.2511923909187317,-0.03868979960680008,0.4252687692642212,0.221715047955513,-0.04493090882897377,0.30030351877212524,0.4335476756095886,-0.04359650984406471,0.3224399983882904,0.3054780960083008,-0.06451202929019928,0.35328981280326843,0.24543190002441406,-0.07352105528116226,0.3781697154045105,0.19579485058784485,-0.07974928617477417,0.30998241901397705,0.4629215896129608,-0.07901156693696976,0.2964102029800415,0.398908793926239,-0.10281341522932053,0.2835964560508728,0.35215872526168823,-0.11500553041696548,0.27289384603500366,0.30335667729377747,-0.1228930726647377
231,0.0,0.0,0.0,0.0,0.0,0.0,0.0,0.0,0.0,0.0,0.0,0.0,0.0,0.0,0.0,0.0,0.0,0.0,0.0,0.0,0.0,0.0,0.0,0.0,0.0,0.0,0.0,0.0,0.0,0.0,0.0,0.0,0.0,0.0,0.0,0.0,0.0,0.0,0.0,0.0,0.0,0.0,0.0,0.0,0.0,0.0,0.0,0.0,0.0,0.0,0.0,0.0,0.0,0.0,0.0,0.0,0.0,0.0,0.0,0.0,0.0,0.0,0.0,0.318461537361145,0.66215980052948,2.8595130174835504e-07,0.3522433340549469,0.5644161701202393,0.030368750914931297,0.33820441365242004,0.4776962399482727,0.038375258445739746,0.31611114740371704,0.4138375520706177,0.036810945719480515,0.3069060146808624,0.3533657491207123,0.03508666902780533,0.31168505549430847,0.41784894466400146,0.03481382131576538,0.3706913888454437,0.33537787199020386,0.01627425290644169,0.4147762358188629,0.32859307527542114,0.0011159209534525871,0.4495437443256378,0.3393920660018921,-0.007531305775046349,0.30688050389289856,0.4153311848640442,0.00742415152490139,0.3477594554424286,0.3025285303592682,-0.008325263857841492,0.39196518063545227,0.24591629207134247,-0.018127184361219406,0.4298132658004761,0.21108444035053253,-0.024019941687583923,0.3060913383960724,0.4350488781929016,-0.022535115480422974,0.3253500461578369,0.30845943093299866,-0.03871355205774307,0.353799045085907,0.24308080971240997,-0.050219763070344925,0.3774222433567047,0.19029539823532104,-0.058967094868421555,0.31206730008125305,0.46355709433555603,-0.05024084821343422,0.30008310079574585,0.39767691493034363,-0.07117746025323868,0.2881448268890381,0.3507317304611206,-0.08544737845659256,0.2775190770626068,0.30433136224746704,-0.0954471006989479
232,0.0,0.0,0.0,0.0,0.0,0.0,0.0,0.0,0.0,0.0,0.0,0.0,0.0,0.0,0.0,0.0,0.0,0.0,0.0,0.0,0.0,0.0,0.0,0.0,0.0,0.0,0.0,0.0,0.0,0.0,0.0,0.0,0.0,0.0,0.0,0.0,0.0,0.0,0.0,0.0,0.0,0.0,0.0,0.0,0.0,0.0,0.0,0.0,0.0,0.0,0.0,0.0,0.0,0.0,0.0,0.0,0.0,0.0,0.0,0.0,0.0,0.0,0.0,0.32458364963531494,0.6546812653541565,1.2840436625083385e-07,0.3604777157306671,0.5529667735099792,0.04140723869204521,0.35131531953811646,0.4605349600315094,0.04963710904121399,0.339153528213501,0.39574572443962097,0.04582156613469124,0.3383678197860718,0.33368390798568726,0.042308684438467026,0.3086709678173065,0.40031149983406067,0.030930206179618835,0.3798360526561737,0.33043596148490906,0.0021093266550451517,0.4282563328742981,0.34793007373809814,-0.019354142248630524,0.4648091197013855,0.38080620765686035,-0.030519263818860054,0.3023735582828522,0.40543797612190247,-0.004438405856490135,0.3509517014026642,0.29876893758773804,-0.025166722014546394,0.3971322476863861,0.24536095559597015,-0.035072363913059235,0.4349993169307709,0.21285192668437958,-0.0409509614109993,0.3030681312084198,0.4285012185573578,-0.041609473526477814,0.33111312985420227,0.29959845542907715,-0.06066390872001648,0.3609030544757843,0.23967216908931732,-0.06832484155893326,0.38612496852874756,0.18903127312660217,-0.07405642420053482,0.31703701615333557,0.4565027356147766,-0.07586085796356201,0.30412209033966064,0.39215829968452454,-0.0983441025018692,0.2908286154270172,0.34488651156425476,-0.11002814024686813,0.2820257544517517,0.29522690176963806,-0.11741989850997925
233,0.9026376008987427,0.7930728793144226,-1.4941765869025403e-07,0.8495460748672485,0.7753767967224121,0.011216185055673122,0.7996324896812439,0.7170420289039612,0.02234594151377678,0.762396514415741,0.6715418696403503,0.02767523005604744,0.7297717332839966,0.6416287422180176,0.03266657888889313,0.8312654495239258,0.6626193523406982,0.03911379724740982,0.7942019701004028,0.6214970946311951,0.039793845266103745,0.7591493725776672,0.6139319539070129,0.03635226935148239,0.7299132347106934,0.6179494857788086,0.0339989960193634,0.8470228314399719,0.6321715712547302,0.02767946384847164,0.8148239254951477,0.5825486183166504,0.03361257538199425,0.7779544591903687,0.5681718587875366,0.030232448130846024,0.7485531568527222,0.5642379522323608,0.02677755244076252,0.8636665940284729,0.6118298172950745,0.013476288877427578,0.8363907337188721,0.547531008720398,0.008396927267313004,0.7985077500343323,0.5290781259536743,0.0015938974684104323,0.7702380418777466,0.5268893837928772,-0.002335267374292016,0.8788076043128967,0.6031869649887085,3.468934664851986e-05,0.8467347025871277,0.5685706734657288,-0.01023650262504816,0.8141326308250427,0.5853853225708008,-0.01313037984073162,0.7891982197761536,0.6169345378875732,-0.013548020273447037,0.3261461853981018,0.6509905457496643,1.6563974725158914e-07,0.36387521028518677,0.5412460565567017,0.039752375334501266,0.3539380729198456,0.44871383905410767,0.046221908181905746,0.3418709337711334,0.3813328146934509,0.040648750960826874,0.3437744975090027,0.3212294280529022,0.03399426117539406,0.3124072253704071,0.39996838569641113,0.027336852625012398,0.3676643967628479,0.3199947774410248,0.001268085208721459,0.4144473075866699,0.32561978697776794,-0.018476631492376328,0.4517669975757599,0.34775763750076294,-0.030087245628237724,0.3049558699131012,0.4068754315376282,-0.008864936418831348,0.34542056918144226,0.29805272817611694,-0.030073007568717003,0.3925918638706207,0.24368031322956085,-0.04197341203689575,0.43202102184295654,0.21099387109279633,-0.049992430955171585,0.303250789642334,0.43245503306388855,-0.04645385965704918,0.32560446858406067,0.3081740736961365,-0.06685736775398254,0.3569735288619995,0.24582505226135254,-0.07841427624225616,0.3819929361343384,0.1946367770433426,-0.08774732053279877,0.3132537603378296,0.4645201861858368,-0.08095252513885498,0.29870763421058655,0.39889803528785706,-0.1035749614238739,0.2858268618583679,0.34895092248916626,-0.11636022478342056,0.27552029490470886,0.29885661602020264,-0.12601372599601746
234,0.0,0.0,0.0,0.0,0.0,0.0,0.0,0.0,0.0,0.0,0.0,0.0,0.0,0.0,0.0,0.0,0.0,0.0,0.0,0.0,0.0,0.0,0.0,0.0,0.0,0.0,0.0,0.0,0.0,0.0,0.0,0.0,0.0,0.0,0.0,0.0,0.0,0.0,0.0,0.0,0.0,0.0,0.0,0.0,0.0,0.0,0.0,0.0,0.0,0.0,0.0,0.0,0.0,0.0,0.0,0.0,0.0,0.0,0.0,0.0,0.0,0.0,0.0,0.3243493437767029,0.6491365432739258,2.0681571299974166e-07,0.3541296124458313,0.5411379933357239,0.04929529130458832,0.34121885895729065,0.45245853066444397,0.06266327202320099,0.3278201222419739,0.38635164499282837,0.06273555010557175,0.32419440150260925,0.329045832157135,0.060995567589998245,0.30858340859413147,0.4057043790817261,0.039382558315992355,0.3576551377773285,0.32179370522499084,0.024886729195713997,0.4013899564743042,0.30823206901550293,0.013995295390486717,0.43981724977493286,0.30961310863494873,0.006151536479592323,0.30196791887283325,0.40834951400756836,0.00016522705846000463,0.3365350067615509,0.29494231939315796,-0.014113793149590492,0.3755376935005188,0.23318389058113098,-0.02115422859787941,0.4097543954849243,0.1945515275001526,-0.02647136151790619,0.2992410659790039,0.42928051948547363,-0.0393286794424057,0.31774261593818665,0.3029237389564514,-0.054543204605579376,0.3426472842693329,0.23457790911197662,-0.06431052833795547,0.3638492226600647,0.1792590618133545,-0.07347069680690765,0.307383269071579,0.45712870359420776,-0.07493901997804642,0.29252293705940247,0.3920636475086212,-0.09617974609136581,0.2779133915901184,0.3458980917930603,-0.10943825542926788,0.26567578315734863,0.301628053188324,-0.11972758919000626
235,0.0,0.0,0.0,0.0,0.0,0.0,0.0,0.0,0.0,0.0,0.0,0.0,0.0,0.0,0.0,0.0,0.0,0.0,0.0,0.0,0.0,0.0,0.0,0.0,0.0,0.0,0.0,0.0,0.0,0.0,0.0,0.0,0.0,0.0,0.0,0.0,0.0,0.0,0.0,0.0,0.0,0.0,0.0,0.0,0.0,0.0,0.0,0.0,0.0,0.0,0.0,0.0,0.0,0.0,0.0,0.0,0.0,0.0,0.0,0.0,0.0,0.0,0.0,0.31420454382896423,0.6561236381530762,7.122613254750831e-08,0.34829068183898926,0.5433861613273621,0.0581061914563179,0.3368172347545624,0.4553319215774536,0.07507160305976868,0.3255724608898163,0.39211249351501465,0.07592283189296722,0.322797954082489,0.33367079496383667,0.07618142664432526,0.3032766878604889,0.40363916754722595,0.056030042469501495,0.3624287247657776,0.325655996799469,0.034557994455099106,0.40813928842544556,0.33788448572158813,0.016883905977010727,0.44195133447647095,0.3660866618156433,0.00811083521693945,0.2959144711494446,0.4081399440765381,0.012439306825399399,0.3363317549228668,0.29933393001556396,-0.00276676076464355,0.3800217807292938,0.24120834469795227,-0.011331182904541492,0.416723370552063,0.20766454935073853,-0.016358835622668266,0.29311949014663696,0.42935946583747864,-0.032570041716098785,0.3156588077545166,0.3050963878631592,-0.04673699662089348,0.34575238823890686,0.2461310625076294,-0.05285416170954704,0.3709093928337097,0.1987096071243286,-0.05764327570796013,0.30086416006088257,0.4556449353694916,-0.07373986393213272,0.28529226779937744,0.39061692357063293,-0.09120495617389679,0.2699618637561798,0.34470903873443604,-0.10035190731287003,0.2590978145599365,0.29795336723327637,-0.10638879984617233
236,0.0,0.0,0.0,0.0,0.0,0.0,0.0,0.0,0.0,0.0,0.0,0.0,0.0,0.0,0.0,0.0,0.0,0.0,0.0,0.0,0.0,0.0,0.0,0.0,0.0,0.0,0.0,0.0,0.0,0.0,0.0,0.0,0.0,0.0,0.0,0.0,0.0,0.0,0.0,0.0,0.0,0.0,0.0,0.0,0.0,0.0,0.0,0.0,0.0,0.0,0.0,0.0,0.0,0.0,0.0,0.0,0.0,0.0,0.0,0.0,0.0,0.0,0.0,0.3241446018218994,0.6149439215660095,2.7928047074965434e-07,0.3504388630390167,0.5331770181655884,0.023860400542616844,0.3368108570575714,0.45237997174263,0.026535343378782272,0.3215247690677643,0.39841949939727783,0.02103818766772747,0.315193772315979,0.3548661768436432,0.015048129484057426,0.30875474214553833,0.3924632668495178,0.016942797228693962,0.3647047281265259,0.3325684070587158,-0.007232860196381807,0.4075380861759186,0.32680636644363403,-0.027482986450195312,0.4424581229686737,0.33398371934890747,-0.03998139128088951,0.30044350028038025,0.38903483748435974,-0.009229550138115883,0.3262493908405304,0.2922755479812622,-0.025533325970172882,0.35432112216949463,0.2323935478925705,-0.037407949566841125,0.3774418532848358,0.18880197405815125,-0.04647300764918327,0.2908819019794464,0.40629586577415466,-0.03734065592288971,0.30433541536331177,0.30041244626045227,-0.05344175547361374,0.32569420337677,0.2400180697441101,-0.06733822822570801,0.34485480189323425,0.1889435052871704,-0.0784117728471756,0.28953129053115845,0.4387238621711731,-0.06374433636665344,0.2752588987350464,0.384732723236084,-0.08395729213953018,0.259843111038208,0.3408462405204773,-0.09665682166814804,0.24733829498291016,0.2955675721168518,-0.10570423305034637
237,0.0,0.0,0.0,0.0,0.0,0.0,0.0,0.0,0.0,0.0,0.0,0.0,0.0,0.0,0.0,0.0,0.0,0.0,0.0,0.0,0.0,0.0,0.0,0.0,0.0,0.0,0.0,0.0,0.0,0.0,0.0,0.0,0.0,0.0,0.0,0.0,0.0,0.0,0.0,0.0,0.0,0.0,0.0,0.0,0.0,0.0,0.0,0.0,0.0,0.0,0.0,0.0,0.0,0.0,0.0,0.0,0.0,0.0,0.0,0.0,0.0,0.0,0.0,0.3113575279712677,0.6204946637153625,3.058274842260289e-07,0.3386959433555603,0.5355086326599121,0.023963233456015587,0.3306291103363037,0.45778629183769226,0.023330584168434143,0.32298794388771057,0.4023779332637787,0.015192841179668903,0.33012673258781433,0.35505878925323486,0.0056894258596003056,0.2920612394809723,0.3923304080963135,0.0057821739464998245,0.3452450931072235,0.3171136677265167,-0.01584591343998909,0.3881577253341675,0.30035924911499023,-0.03146998956799507,0.42482465505599976,0.2959805130958557,-0.04244060441851616,0.2840394377708435,0.39380908012390137,-0.021231461316347122,0.31689751148223877,0.28856992721557617,-0.040097516030073166,0.34979262948036194,0.22876784205436707,-0.049902528524398804,0.3777029812335968,0.18673516809940338,-0.05750416964292526,0.28010162711143494,0.41578051447868347,-0.04902026802301407,0.2966408133506775,0.29913589358329773,-0.06961608678102493,0.3209834396839142,0.23383846879005432,-0.08176137506961823,0.3411778509616852,0.1808217316865921,-0.09144598990678787,0.28682518005371094,0.44809019565582275,-0.07437823712825775,0.27377063035964966,0.3856351673603058,-0.09858833253383636,0.2577100396156311,0.3406594395637512,-0.11204562336206436,0.24262377619743347,0.298244446516037,-0.12179502099752426
238,0.0,0.0,0.0,0.0,0.0,0.0,0.0,0.0,0.0,0.0,0.0,0.0,0.0,0.0,0.0,0.0,0.0,0.0,0.0,0.0,0.0,0.0,0.0,0.0,0.0,0.0,0.0,0.0,0.0,0.0,0.0,0.0,0.0,0.0,0.0,0.0,0.0,0.0,0.0,0.0,0.0,0.0,0.0,0.0,0.0,0.0,0.0,0.0,0.0,0.0,0.0,0.0,0.0,0.0,0.0,0.0,0.0,0.0,0.0,0.0,0.0,0.0,0.0,0.30179980397224426,0.6250761151313782,1.6398466584632843e-07,0.3333212435245514,0.5206311941146851,0.04119947925209999,0.3292788863182068,0.4419488310813904,0.046660568565130234,0.32653138041496277,0.3815779387950897,0.04034823551774025,0.335460364818573,0.33053845167160034,0.03302984684705734,0.28060007095336914,0.3889203369617462,0.02503954991698265,0.329133003950119,0.31065669655799866,0.004353519529104233,0.3706248104572296,0.3133203685283661,-0.011040293611586094,0.4026690125465393,0.32963305711746216,-0.019983477890491486,0.2728324830532074,0.394325852394104,-0.010664885863661766,0.3120305836200714,0.2924613952636719,-0.027588937431573868,0.3483369052410126,0.23284120857715607,-0.03852428123354912,0.3796553313732147,0.19420360028743744,-0.047595176845788956,0.26858609914779663,0.4157389998435974,-0.04652099311351776,0.2994478940963745,0.30723869800567627,-0.062155552208423615,0.3287951350212097,0.25060078501701355,-0.07202240824699402,0.3526589572429657,0.20668406784534454,-0.08141443878412247,0.2743070721626282,0.44260457158088684,-0.07914816588163376,0.26191696524620056,0.37853798270225525,-0.09631223231554031,0.2460213154554367,0.33523252606391907,-0.10544921457767487,0.23302839696407318,0.2935939431190491,-0.1132541373372078
239,0.0,0.0,0.0,0.0,0.0,0.0,0.0,0.0,0.0,0.0,0.0,0.0,0.0,0.0,0.0,0.0,0.0,0.0,0.0,0.0,0.0,0.0,0.0,0.0,0.0,0.0,0.0,0.0,0.0,0.0,0.0,0.0,0.0,0.0,0.0,0.0,0.0,0.0,0.0,0.0,0.0,0.0,0.0,0.0,0.0,0.0,0.0,0.0,0.0,0.0,0.0,0.0,0.0,0.0,0.0,0.0,0.0,0.0,0.0,0.0,0.0,0.0,0.0,0.2980859875679016,0.6285597085952759,1.6108380407331424e-07,0.3333452641963959,0.5308807492256165,0.03929133713245392,0.32494136691093445,0.45198220014572144,0.04489728808403015,0.3177940249443054,0.3939097821712494,0.038687195628881454,0.3260945677757263,0.34505563974380493,0.031221292912960052,0.28239157795906067,0.39185062050819397,0.029079504311084747,0.33681952953338623,0.3187817633152008,0.006617831531912088,0.38012945652008057,0.3227623701095581,-0.011693855747580528,0.4137413501739502,0.3403666913509369,-0.02318272739648819,0.2728150188922882,0.39389947056770325,-0.005823537241667509,0.3127254247665405,0.2884279489517212,-0.023991771042346954,0.34869512915611267,0.23361171782016754,-0.03507275879383087,0.3782435357570648,0.1977701485157013,-0.04338802397251129,0.26679572463035583,0.41386303305625916,-0.04185241088271141,0.2883978486061096,0.2954450845718384,-0.05875689163804054,0.3111251890659332,0.23414050042629242,-0.06929029524326324,0.32982245087623596,0.18387147784233093,-0.07848873734474182,0.2709924578666687,0.4427875876426697,-0.07490216195583344,0.260159432888031,0.3803349733352661,-0.09370316565036774,0.24616065621376038,0.33607718348503113,-0.10422638803720474,0.23348122835159302,0.2912978529930115,-0.11269927024841309
240,0.0,0.0,0.0,0.0,0.0,0.0,0.0,0.0,0.0,0.0,0.0,0.0,0.0,0.0,0.0,0.0,0.0,0.0,0.0,0.0,0.0,0.0,0.0,0.0,0.0,0.0,0.0,0.0,0.0,0.0,0.0,0.0,0.0,0.0,0.0,0.0,0.0,0.0,0.0,0.0,0.0,0.0,0.0,0.0,0.0,0.0,0.0,0.0,0.0,0.0,0.0,0.0,0.0,0.0,0.0,0.0,0.0,0.0,0.0,0.0,0.0,0.0,0.0,0.31279587745666504,0.5801616907119751,2.2423756718126242e-07,0.3299793004989624,0.4901964068412781,0.027175629511475563,0.3200799226760864,0.41495656967163086,0.0296211838722229,0.3153054714202881,0.3569616973400116,0.023868704214692116,0.32033777236938477,0.30498558282852173,0.016133008524775505,0.2746555507183075,0.36688539385795593,0.003040292067453265,0.29476672410964966,0.2813171148300171,-0.013042718172073364,0.3066026270389557,0.22586561739444733,-0.020943600684404373,0.31959065794944763,0.18045370280742645,-0.026983261108398438,0.2687593698501587,0.37784543633461,-0.027767982333898544,0.3043160140514374,0.2898057699203491,-0.053617220371961594,0.34042680263519287,0.23509123921394348,-0.06815925985574722,0.3727082312107086,0.1925175040960312,-0.0774153620004654,0.26410406827926636,0.40368881821632385,-0.057798370718955994,0.3186986446380615,0.33640164136886597,-0.0889599546790123,0.37527161836624146,0.32159554958343506,-0.10428664088249207,0.416318416595459,0.30929839611053467,-0.11264242231845856,0.26707836985588074,0.4362183213233948,-0.08458994328975677,0.25512319803237915,0.371246874332428,-0.11117357015609741,0.24076907336711884,0.3269721567630768,-0.12463200837373734,0.22820818424224854,0.2873481512069702,-0.13464802503585815
241,0.0,0.0,0.0,0.0,0.0,0.0,0.0,0.0,0.0,0.0,0.0,0.0,0.0,0.0,0.0,0.0,0.0,0.0,0.0,0.0,0.0,0.0,0.0,0.0,0.0,0.0,0.0,0.0,0.0,0.0,0.0,0.0,0.0,0.0,0.0,0.0,0.0,0.0,0.0,0.0,0.0,0.0,0.0,0.0,0.0,0.0,0.0,0.0,0.0,0.0,0.0,0.0,0.0,0.0,0.0,0.0,0.0,0.0,0.0,0.0,0.0,0.0,0.0,0.3011815547943115,0.6081141829490662,7.064240037379932e-08,0.3258529305458069,0.5097604990005493,0.052053481340408325,0.31798070669174194,0.43641263246536255,0.06126132979989052,0.31267353892326355,0.3849017322063446,0.0575852170586586,0.32382529973983765,0.3377971053123474,0.05157690495252609,0.26802337169647217,0.37511077523231506,0.027336737141013145,0.3141704201698303,0.3052995204925537,0.009036126546561718,0.347438246011734,0.292415589094162,-0.005816149991005659,0.37306666374206543,0.28993937373161316,-0.01747259497642517,0.25944921374320984,0.38553982973098755,-0.01541910506784916,0.3063299059867859,0.29135167598724365,-0.03361852839589119,0.34483763575553894,0.23546352982521057,-0.04432325437664986,0.377383828163147,0.19865299761295319,-0.05376579612493515,0.2556591033935547,0.41034644842147827,-0.05686461552977562,0.2884233295917511,0.30058497190475464,-0.0738401934504509,0.3159695565700531,0.2395259290933609,-0.08285507559776306,0.3370962142944336,0.18755729496479034,-0.09284929931163788,0.26252859830856323,0.43707868456840515,-0.09409163892269135,0.2539820075035095,0.37368279695510864,-0.11541348695755005,0.24303008615970612,0.33290424942970276,-0.12657718360424042,0.23199914395809174,0.29250678420066833,-0.13642682135105133
242,0.0,0.0,0.0,0.0,0.0,0.0,0.0,0.0,0.0,0.0,0.0,0.0,0.0,0.0,0.0,0.0,0.0,0.0,0.0,0.0,0.0,0.0,0.0,0.0,0.0,0.0,0.0,0.0,0.0,0.0,0.0,0.0,0.0,0.0,0.0,0.0,0.0,0.0,0.0,0.0,0.0,0.0,0.0,0.0,0.0,0.0,0.0,0.0,0.0,0.0,0.0,0.0,0.0,0.0,0.0,0.0,0.0,0.0,0.0,0.0,0.0,0.0,0.0,0.29420095682144165,0.6125685572624207,1.506743814161382e-07,0.32079288363456726,0.5087786316871643,0.07405490428209305,0.31308305263519287,0.43273308873176575,0.09408408403396606,0.3065715730190277,0.37864363193511963,0.09625225514173508,0.3113851547241211,0.32417532801628113,0.09505090117454529,0.2723188102245331,0.37497657537460327,0.05145268142223358,0.30889928340911865,0.29316988587379456,0.0397968627512455,0.334367960691452,0.2618522047996521,0.030060864984989166,0.35753577947616577,0.2442539930343628,0.021269651129841805,0.2647261321544647,0.38966795802116394,-0.003089775564149022,0.3039204478263855,0.2875581979751587,-0.02328536845743656,0.3447500765323639,0.2308366596698761,-0.03463808074593544,0.3790111243724823,0.1996801644563675,-0.04215815290808678,0.2598169147968292,0.41088154911994934,-0.054977431893348694,0.28914687037467957,0.29930299520492554,-0.07479532063007355,0.32069137692451477,0.2396189272403717,-0.0817442461848259,0.34326741099357605,0.18982315063476562,-0.08821041136980057,0.26203054189682007,0.43033459782600403,-0.10095164179801941,0.2530786991119385,0.3634570240974426,-0.1250218152999878,0.24222633242607117,0.32012656331062317,-0.1364418864250183,0.23134638369083405,0.2770964801311493,-0.14505203068256378
243,0.0,0.0,0.0,0.0,0.0,0.0,0.0,0.0,0.0,0.0,0.0,0.0,0.0,0.0,0.0,0.0,0.0,0.0,0.0,0.0,0.0,0.0,0.0,0.0,0.0,0.0,0.0,0.0,0.0,0.0,0.0,0.0,0.0,0.0,0.0,0.0,0.0,0.0,0.0,0.0,0.0,0.0,0.0,0.0,0.0,0.0,0.0,0.0,0.0,0.0,0.0,0.0,0.0,0.0,0.0,0.0,0.0,0.0,0.0,0.0,0.0,0.0,0.0,0.29986461997032166,0.6116150617599487,2.0763334873663553e-07,0.3281187415122986,0.508593738079071,0.049779411405324936,0.3198208808898926,0.43341219425201416,0.060077130794525146,0.31375613808631897,0.3748352825641632,0.05752699077129364,0.31725889444351196,0.32403039932250977,0.052885569632053375,0.2731344401836395,0.38424763083457947,0.032187119126319885,0.3379523754119873,0.31630566716194153,0.012859812937676907,0.3823060393333435,0.29760485887527466,-0.003791306633502245,0.4200356900691986,0.2903289198875427,-0.015912938863039017,0.262821763753891,0.3872012495994568,-0.008111407049000263,0.3002367317676544,0.28069251775741577,-0.025370867922902107,0.33003127574920654,0.22080768644809723,-0.03578753396868706,0.35624274611473083,0.18174156546592712,-0.04433644935488701,0.2572554647922516,0.40613362193107605,-0.04770904779434204,0.28291255235671997,0.28810030221939087,-0.0648137703537941,0.30799180269241333,0.2277984619140625,-0.07285188138484955,0.3288469910621643,0.17819161713123322,-0.0807020291686058,0.26332101225852966,0.429643839597702,-0.08334830403327942,0.25485023856163025,0.3663215637207031,-0.10471425950527191,0.23900489509105682,0.32510972023010254,-0.11481170356273651,0.22451722621917725,0.2838897109031677,-0.12255595624446869
244,0.0,0.0,0.0,0.0,0.0,0.0,0.0,0.0,0.0,0.0,0.0,0.0,0.0,0.0,0.0,0.0,0.0,0.0,0.0,0.0,0.0,0.0,0.0,0.0,0.0,0.0,0.0,0.0,0.0,0.0,0.0,0.0,0.0,0.0,0.0,0.0,0.0,0.0,0.0,0.0,0.0,0.0,0.0,0.0,0.0,0.0,0.0,0.0,0.0,0.0,0.0,0.0,0.0,0.0,0.0,0.0,0.0,0.0,0.0,0.0,0.0,0.0,0.0,0.30018579959869385,0.6083809733390808,1.2799560522580578e-07,0.3276175856590271,0.5052188634872437,0.04417696222662926,0.3215755820274353,0.42990219593048096,0.0538061261177063,0.31817322969436646,0.3737601339817047,0.05057412013411522,0.33112573623657227,0.3243640959262848,0.04429881274700165,0.27026546001434326,0.36731773614883423,0.0256258025765419,0.2960149049758911,0.28312432765960693,0.014326194301247597,0.3091012239456177,0.23293150961399078,0.00788705050945282,0.32400447130203247,0.19081741571426392,0.002000868320465088,0.2624707818031311,0.3825061321258545,-0.013287767767906189,0.30180150270462036,0.2930790185928345,-0.037016529589891434,0.3385432958602905,0.23831786215305328,-0.05019397661089897,0.3731236457824707,0.19845233857631683,-0.058976296335458755,0.25910815596580505,0.40910863876342773,-0.051036641001701355,0.31724095344543457,0.3284643888473511,-0.0794382244348526,0.37375321984291077,0.3178301453590393,-0.09192965924739838,0.41489529609680176,0.30963993072509766,-0.09901075810194016,0.26414141058921814,0.4378032088279724,-0.08476237952709198,0.25450652837753296,0.371855229139328,-0.10877785831689835,0.24235521256923676,0.32667121291160583,-0.12175626307725906,0.23357543349266052,0.2830924093723297,-0.1324271410703659
245,0.0,0.0,0.0,0.0,0.0,0.0,0.0,0.0,0.0,0.0,0.0,0.0,0.0,0.0,0.0,0.0,0.0,0.0,0.0,0.0,0.0,0.0,0.0,0.0,0.0,0.0,0.0,0.0,0.0,0.0,0.0,0.0,0.0,0.0,0.0,0.0,0.0,0.0,0.0,0.0,0.0,0.0,0.0,0.0,0.0,0.0,0.0,0.0,0.0,0.0,0.0,0.0,0.0,0.0,0.0,0.0,0.0,0.0,0.0,0.0,0.0,0.0,0.0,0.29556015133857727,0.6215217709541321,5.5949183064285535e-08,0.32368528842926025,0.5165671110153198,0.07212809473276138,0.3167518675327301,0.44489598274230957,0.09365116059780121,0.3139311373233795,0.39164525270462036,0.09762220084667206,0.324285626411438,0.34497448801994324,0.09890229254961014,0.2634909749031067,0.38635000586509705,0.05822661891579628,0.3118908703327179,0.30956971645355225,0.0487813800573349,0.3439997434616089,0.28881359100341797,0.038408584892749786,0.3717963695526123,0.27863866090774536,0.029814932495355606,0.2560318410396576,0.39415299892425537,0.007464021444320679,0.2968067526817322,0.2940407991409302,-0.006123825907707214,0.33306339383125305,0.23302505910396576,-0.018361791968345642,0.36643078923225403,0.19198483228683472,-0.02939445897936821,0.25340721011161804,0.41170772910118103,-0.04105269908905029,0.29659953713417053,0.3108408749103546,-0.05540695786476135,0.33690282702445984,0.2681545615196228,-0.06446649134159088,0.3672631084918976,0.23088979721069336,-0.07382217049598694,0.2601422667503357,0.428289532661438,-0.08397980779409409,0.25177299976348877,0.36066964268684387,-0.10080913454294205,0.23937848210334778,0.3197880685329437,-0.11019428074359894,0.2284736931324005,0.2774910032749176,-0.11928558349609375
246,0.0,0.0,0.0,0.0,0.0,0.0,0.0,0.0,0.0,0.0,0.0,0.0,0.0,0.0,0.0,0.0,0.0,0.0,0.0,0.0,0.0,0.0,0.0,0.0,0.0,0.0,0.0,0.0,0.0,0.0,0.0,0.0,0.0,0.0,0.0,0.0,0.0,0.0,0.0,0.0,0.0,0.0,0.0,0.0,0.0,0.0,0.0,0.0,0.0,0.0,0.0,0.0,0.0,0.0,0.0,0.0,0.0,0.0,0.0,0.0,0.0,0.0,0.0,0.29372739791870117,0.6206232309341431,1.0984089016119469e-07,0.32245567440986633,0.512626051902771,0.06163465231657028,0.3145689070224762,0.4346044063568115,0.07718333601951599,0.31079989671707153,0.37645071744918823,0.07715009152889252,0.3196190893650055,0.3238357901573181,0.07449959963560104,0.2678200602531433,0.38334164023399353,0.043676357716321945,0.31425437331199646,0.30559042096138,0.03245433047413826,0.34941279888153076,0.2894149422645569,0.02186894230544567,0.3785674273967743,0.28078413009643555,0.012765144929289818,0.25923818349838257,0.3913663923740387,-0.0023657982237637043,0.2974337339401245,0.29030027985572815,-0.01619688794016838,0.3341384530067444,0.23083114624023438,-0.026722706854343414,0.3667145073413849,0.1935550570487976,-0.036475006490945816,0.2554328739643097,0.41211023926734924,-0.04658753052353859,0.28988802433013916,0.302479088306427,-0.06006770208477974,0.32364025712013245,0.24766744673252106,-0.06888562440872192,0.3498821556568146,0.20210999250411987,-0.07887466996908188,0.2618117034435272,0.4341723918914795,-0.0859839990735054,0.2513149380683899,0.3670133650302887,-0.10306591540575027,0.23755612969398499,0.3235798478126526,-0.11314133554697037,0.22600150108337402,0.27967169880867004,-0.12277236580848694
247,0.0,0.0,0.0,0.0,0.0,0.0,0.0,0.0,0.0,0.0,0.0,0.0,0.0,0.0,0.0,0.0,0.0,0.0,0.0,0.0,0.0,0.0,0.0,0.0,0.0,0.0,0.0,0.0,0.0,0.0,0.0,0.0,0.0,0.0,0.0,0.0,0.0,0.0,0.0,0.0,0.0,0.0,0.0,0.0,0.0,0.0,0.0,0.0,0.0,0.0,0.0,0.0,0.0,0.0,0.0,0.0,0.0,0.0,0.0,0.0,0.0,0.0,0.0,0.29376378655433655,0.6205934882164001,1.4751836374671257e-07,0.32137224078178406,0.5133706331253052,0.06492707133293152,0.3130649924278259,0.43780452013015747,0.08418828248977661,0.30856651067733765,0.382693886756897,0.08736150711774826,0.31551024317741394,0.3320803642272949,0.08746054023504257,0.2679368853569031,0.3785765767097473,0.04789263755083084,0.3034217357635498,0.2909920811653137,0.04046090692281723,0.324934720993042,0.2481871396303177,0.03416179120540619,0.3457117974758148,0.21722452342510223,0.02712840400636196,0.2597613036632538,0.3887481987476349,0.00047381475451402366,0.29841411113739014,0.2888299226760864,-0.015772856771945953,0.33466610312461853,0.22900806367397308,-0.026065951213240623,0.36688390374183655,0.1901177316904068,-0.03458939120173454,0.2558278441429138,0.4097188711166382,-0.04465099796652794,0.2921277582645416,0.3040737807750702,-0.06158510223031044,0.3293667733669281,0.2602054476737976,-0.06977098435163498,0.3582640588283539,0.2238209992647171,-0.07798780500888824,0.26018205285072327,0.43266838788986206,-0.08471179008483887,0.24929943680763245,0.3639550805091858,-0.10630450397729874,0.23656783998012543,0.31945937871932983,-0.11922097951173782,0.225984126329422,0.2750999927520752,-0.12999707460403442
248,0.0,0.0,0.0,0.0,0.0,0.0,0.0,0.0,0.0,0.0,0.0,0.0,0.0,0.0,0.0,0.0,0.0,0.0,0.0,0.0,0.0,0.0,0.0,0.0,0.0,0.0,0.0,0.0,0.0,0.0,0.0,0.0,0.0,0.0,0.0,0.0,0.0,0.0,0.0,0.0,0.0,0.0,0.0,0.0,0.0,0.0,0.0,0.0,0.0,0.0,0.0,0.0,0.0,0.0,0.0,0.0,0.0,0.0,0.0,0.0,0.0,0.0,0.0,0.2922206521034241,0.6181432604789734,1.381290530844126e-07,0.3205515444278717,0.5144661068916321,0.05393076315522194,0.31303220987319946,0.4329877197742462,0.06638636440038681,0.3093903362751007,0.3730742335319519,0.06502314656972885,0.3165227770805359,0.3204622268676758,0.061371639370918274,0.2639739513397217,0.38001304864883423,0.03422199562191963,0.30646106600761414,0.2955755889415741,0.021250776946544647,0.3367718458175659,0.2670466899871826,0.010813194327056408,0.3627901077270508,0.2505820393562317,0.001593016437254846,0.2554606795310974,0.38902032375335693,-0.008249567821621895,0.2954946458339691,0.2874172329902649,-0.026463383808732033,0.3340644836425781,0.23140189051628113,-0.037265945225954056,0.36664316058158875,0.19714666903018951,-0.04560404643416405,0.2532729506492615,0.41055265069007874,-0.04912092909216881,0.28517529368400574,0.29776036739349365,-0.06594198197126389,0.31860363483428955,0.24114885926246643,-0.07514280825853348,0.34464913606643677,0.1945737898349762,-0.08427747339010239,0.26291847229003906,0.43379318714141846,-0.08567454665899277,0.2514607608318329,0.3668985366821289,-0.10606463998556137,0.2376159429550171,0.32267674803733826,-0.11754591763019562,0.22543567419052124,0.27911174297332764,-0.12725606560707092
249,0.0,0.0,0.0,0.0,0.0,0.0,0.0,0.0,0.0,0.0,0.0,0.0,0.0,0.0,0.0,0.0,0.0,0.0,0.0,0.0,0.0,0.0,0.0,0.0,0.0,0.0,0.0,0.0,0.0,0.0,0.0,0.0,0.0,0.0,0.0,0.0,0.0,0.0,0.0,0.0,0.0,0.0,0.0,0.0,0.0,0.0,0.0,0.0,0.0,0.0,0.0,0.0,0.0,0.0,0.0,0.0,0.0,0.0,0.0,0.0,0.0,0.0,0.0,0.29205384850502014,0.6190394163131714,1.204975887958426e-07,0.31963229179382324,0.5091432929039001,0.060794662684202194,0.31125038862228394,0.4286414384841919,0.07462481409311295,0.30557578802108765,0.36711618304252625,0.07284396886825562,0.3062708079814911,0.3123578131198883,0.0687393918633461,0.2661965787410736,0.38507285714149475,0.040810611099004745,0.3217179477214813,0.310047447681427,0.023147480562329292,0.36256131529808044,0.30074626207351685,0.008421073667705059,0.3973231911659241,0.30436599254608154,-0.002110488014295697,0.258619487285614,0.39113420248031616,-0.006130919326096773,0.2959524691104889,0.2830851376056671,-0.02246437408030033,0.3309476971626282,0.221774160861969,-0.03213295340538025,0.3616037964820862,0.18567605316638947,-0.04031068831682205,0.2552717626094818,0.41185262799263,-0.05188734829425812,0.2801143527030945,0.2887510061264038,-0.06757888197898865,0.3065469563007355,0.227798193693161,-0.07463137805461884,0.32807183265686035,0.17809735238552094,-0.08245840668678284,0.26367855072021484,0.43449336290359497,-0.09293227642774582,0.2526824474334717,0.36728140711784363,-0.1138196736574173,0.23722301423549652,0.3242325186729431,-0.12409888207912445,0.2231961339712143,0.28171414136886597,-0.1323409229516983
250,0.0,0.0,0.0,0.0,0.0,0.0,0.0,0.0,0.0,0.0,0.0,0.0,0.0,0.0,0.0,0.0,0.0,0.0,0.0,0.0,0.0,0.0,0.0,0.0,0.0,0.0,0.0,0.0,0.0,0.0,0.0,0.0,0.0,0.0,0.0,0.0,0.0,0.0,0.0,0.0,0.0,0.0,0.0,0.0,0.0,0.0,0.0,0.0,0.0,0.0,0.0,0.0,0.0,0.0,0.0,0.0,0.0,0.0,0.0,0.0,0.0,0.0,0.0,0.2917940020561218,0.6172698736190796,1.0125080507350503e-07,0.3237183094024658,0.5100486278533936,0.058122698217630386,0.3144982159137726,0.43331822752952576,0.0729067474603653,0.307001531124115,0.3728172183036804,0.07152149081230164,0.3074575662612915,0.31996580958366394,0.06791862100362778,0.2813791334629059,0.3821672201156616,0.04851020500063896,0.32814764976501465,0.30869802832603455,0.02967478707432747,0.3667781352996826,0.3034011721611023,0.013553949072957039,0.3991200923919678,0.31231895089149475,0.0035210091155022383,0.27301961183547974,0.3859180808067322,0.003496851772069931,0.30102217197418213,0.2807726263999939,-0.010832742787897587,0.330709844827652,0.21717022359371185,-0.019948674365878105,0.35739991068840027,0.17707033455371857,-0.027455739676952362,0.26482129096984863,0.406416654586792,-0.04174840450286865,0.28041356801986694,0.29077279567718506,-0.05640633776783943,0.3024997413158417,0.2280595749616623,-0.06290547549724579,0.3218269944190979,0.17778363823890686,-0.06946928054094315,0.26462143659591675,0.43248263001441956,-0.08291050791740417,0.2525627911090851,0.36696499586105347,-0.10150029510259628,0.23675429821014404,0.32244130969047546,-0.10980533808469772,0.2231021523475647,0.27929848432540894,-0.11624404788017273
251,0.0,0.0,0.0,0.0,0.0,0.0,0.0,0.0,0.0,0.0,0.0,0.0,0.0,0.0,0.0,0.0,0.0,0.0,0.0,0.0,0.0,0.0,0.0,0.0,0.0,0.0,0.0,0.0,0.0,0.0,0.0,0.0,0.0,0.0,0.0,0.0,0.0,0.0,0.0,0.0,0.0,0.0,0.0,0.0,0.0,0.0,0.0,0.0,0.0,0.0,0.0,0.0,0.0,0.0,0.0,0.0,0.0,0.0,0.0,0.0,0.0,0.0,0.0,0.2917354106903076,0.6068572402000427,2.105960845710797e-07,0.3242146372795105,0.5131410360336304,0.02934408187866211,0.31597161293029785,0.43611207604408264,0.03239137679338455,0.30952969193458557,0.3783230483531952,0.026570335030555725,0.3143514096736908,0.32852160930633545,0.02012455090880394,0.2764744162559509,0.3781857490539551,0.015521909110248089,0.3262386620044708,0.3093271851539612,-0.007703972514718771,0.3663980960845947,0.30095720291137695,-0.026172494515776634,0.40071043372154236,0.3056758642196655,-0.03771976754069328,0.2668312191963196,0.38137179613113403,-0.012365011498332024,0.29988008737564087,0.2795940637588501,-0.028068222105503082,0.3297305107116699,0.2189522087574005,-0.03693612664937973,0.35525190830230713,0.1745491772890091,-0.0446992926299572,0.2605441212654114,0.4013139605522156,-0.04136967658996582,0.27932700514793396,0.29064351320266724,-0.056822262704372406,0.3009595572948456,0.2296232134103775,-0.06560499966144562,0.32021284103393555,0.17889398336410522,-0.07400411367416382,0.26436692476272583,0.42859500646591187,-0.06814891844987869,0.2524155378341675,0.3691941499710083,-0.08711598068475723,0.23789642751216888,0.3263072371482849,-0.09681540727615356,0.22526824474334717,0.28380507230758667,-0.10433287918567657
252,0.0,0.0,0.0,0.0,0.0,0.0,0.0,0.0,0.0,0.0,0.0,0.0,0.0,0.0,0.0,0.0,0.0,0.0,0.0,0.0,0.0,0.0,0.0,0.0,0.0,0.0,0.0,0.0,0.0,0.0,0.0,0.0,0.0,0.0,0.0,0.0,0.0,0.0,0.0,0.0,0.0,0.0,0.0,0.0,0.0,0.0,0.0,0.0,0.0,0.0,0.0,0.0,0.0,0.0,0.0,0.0,0.0,0.0,0.0,0.0,0.0,0.0,0.0,0.2969934344291687,0.6021664142608643,2.947885207049694e-07,0.32805779576301575,0.5078331828117371,0.02683696337044239,0.31871724128723145,0.42856767773628235,0.030884375795722008,0.3096921145915985,0.36958590149879456,0.026650208979845047,0.3090707063674927,0.3183962106704712,0.021780740469694138,0.2822471261024475,0.3756728172302246,0.017896881327033043,0.340787410736084,0.3059263229370117,-0.004570906050503254,0.38405054807662964,0.2843117117881775,-0.023530079051852226,0.4210290312767029,0.27268508076667786,-0.03624776378273964,0.27059274911880493,0.3744186460971832,-0.009061967954039574,0.3003222644329071,0.27159827947616577,-0.02569667436182499,0.3258342146873474,0.2119015008211136,-0.035620737820863724,0.3478580713272095,0.16830624639987946,-0.04321027174592018,0.2623274624347687,0.3920195698738098,-0.03735702857375145,0.2805355489253998,0.28129076957702637,-0.0547250472009182,0.3003367483615875,0.2186424732208252,-0.06373875588178635,0.3170456290245056,0.16663502156734467,-0.07103411108255386,0.26424843072891235,0.41949889063835144,-0.06368140876293182,0.2523881196975708,0.3621011972427368,-0.08464419096708298,0.2370942384004593,0.32084929943084717,-0.09427418559789658,0.22298943996429443,0.2804887592792511,-0.10070572048425674
253,0.0,0.0,0.0,0.0,0.0,0.0,0.0,0.0,0.0,0.0,0.0,0.0,0.0,0.0,0.0,0.0,0.0,0.0,0.0,0.0,0.0,0.0,0.0,0.0,0.0,0.0,0.0,0.0,0.0,0.0,0.0,0.0,0.0,0.0,0.0,0.0,0.0,0.0,0.0,0.0,0.0,0.0,0.0,0.0,0.0,0.0,0.0,0.0,0.0,0.0,0.0,0.0,0.0,0.0,0.0,0.0,0.0,0.0,0.0,0.0,0.0,0.0,0.0,0.2937004268169403,0.614722728729248,1.1929171250812942e-07,0.3242250680923462,0.5138125419616699,0.04971272498369217,0.32078713178634644,0.43978315591812134,0.06169593334197998,0.31917646527290344,0.3838101625442505,0.05938875675201416,0.3297484517097473,0.3354128301143646,0.05523177608847618,0.2721571922302246,0.37773358821868896,0.04178036004304886,0.31475523114204407,0.29631078243255615,0.028971636667847633,0.3496154248714447,0.2835960388183594,0.01691858470439911,0.3811872601509094,0.2809136211872101,0.008147645741701126,0.26493901014328003,0.3822591304779053,0.0009750536410138011,0.2997806966304779,0.28353917598724365,-0.013570806011557579,0.3328673243522644,0.22255393862724304,-0.027886465191841125,0.36392632126808167,0.1820712685585022,-0.04038379341363907,0.259599894285202,0.4000764787197113,-0.03947077691555023,0.29989489912986755,0.3016204833984375,-0.05545629560947418,0.3392637372016907,0.25913047790527344,-0.06899487227201462,0.37022796273231506,0.22631019353866577,-0.08126451075077057,0.26300913095474243,0.42183271050453186,-0.07601102441549301,0.25007572770118713,0.35553640127182007,-0.09151023626327515,0.23342017829418182,0.3123277425765991,-0.10106244683265686,0.2198745310306549,0.27028146386146545,-0.11071716248989105
254,0.0,0.0,0.0,0.0,0.0,0.0,0.0,0.0,0.0,0.0,0.0,0.0,0.0,0.0,0.0,0.0,0.0,0.0,0.0,0.0,0.0,0.0,0.0,0.0,0.0,0.0,0.0,0.0,0.0,0.0,0.0,0.0,0.0,0.0,0.0,0.0,0.0,0.0,0.0,0.0,0.0,0.0,0.0,0.0,0.0,0.0,0.0,0.0,0.0,0.0,0.0,0.0,0.0,0.0,0.0,0.0,0.0,0.0,0.0,0.0,0.0,0.0,0.0,0.29193639755249023,0.6003445982933044,2.798764455747005e-07,0.32257911562919617,0.5030497312545776,0.025204019621014595,0.31114137172698975,0.42160215973854065,0.030093692243099213,0.2996160089969635,0.35986199975013733,0.026369299739599228,0.29511135816574097,0.30638283491134644,0.021999910473823547,0.27957746386528015,0.37728381156921387,0.02265017107129097,0.3285273313522339,0.3030744791030884,0.003299228148534894,0.36513328552246094,0.2844443917274475,-0.012787633575499058,0.3973235487937927,0.27669060230255127,-0.023135801777243614,0.26802653074264526,0.373833030462265,-0.002415160182863474,0.2959916293621063,0.2731764614582062,-0.016352776437997818,0.3241878151893616,0.21468718349933624,-0.023952491581439972,0.3511192798614502,0.17284810543060303,-0.029801245778799057,0.25850850343704224,0.39013853669166565,-0.029640447348356247,0.2731800377368927,0.2825486660003662,-0.04399764537811279,0.2931055724620819,0.22127419710159302,-0.05263548716902733,0.31188902258872986,0.17082162201404572,-0.059966519474983215,0.2576577067375183,0.4168977737426758,-0.055320464074611664,0.24686363339424133,0.35790833830833435,-0.07210038602352142,0.2330816388130188,0.3153008818626404,-0.08100736141204834,0.22098670899868011,0.27516108751296997,-0.08779241144657135
255,0.0,0.0,0.0,0.0,0.0,0.0,0.0,0.0,0.0,0.0,0.0,0.0,0.0,0.0,0.0,0.0,0.0,0.0,0.0,0.0,0.0,0.0,0.0,0.0,0.0,0.0,0.0,0.0,0.0,0.0,0.0,0.0,0.0,0.0,0.0,0.0,0.0,0.0,0.0,0.0,0.0,0.0,0.0,0.0,0.0,0.0,0.0,0.0,0.0,0.0,0.0,0.0,0.0,0.0,0.0,0.0,0.0,0.0,0.0,0.0,0.0,0.0,0.0,0.2893204987049103,0.5990526080131531,1.4645388546341565e-07,0.3186318278312683,0.49943554401397705,0.04502112790942192,0.31304749846458435,0.42588791251182556,0.05270664021372795,0.3113744854927063,0.36846667528152466,0.04822120815515518,0.3220597505569458,0.3217214047908783,0.041069742292165756,0.272683322429657,0.37129223346710205,0.023348502814769745,0.32028281688690186,0.3001877963542938,0.003208295674994588,0.36017462611198425,0.28750503063201904,-0.012436235323548317,0.39596349000930786,0.2870476543903351,-0.023518692702054977,0.2646557092666626,0.37578266859054565,-0.01477795746177435,0.29843130707740784,0.27494490146636963,-0.03220550715923309,0.3310662508010864,0.21587751805782318,-0.04150466248393059,0.35944876074790955,0.17556431889533997,-0.049534961581230164,0.2593291103839874,0.39807552099227905,-0.05242219567298889,0.27897098660469055,0.2867950201034546,-0.06990670412778854,0.30011194944381714,0.22419369220733643,-0.07926056534051895,0.31775549054145813,0.1726602166891098,-0.08838008344173431,0.2635056972503662,0.4271514415740967,-0.08633077889680862,0.25281307101249695,0.36285829544067383,-0.10768337547779083,0.23817498981952667,0.31855708360671997,-0.11859800666570663,0.22518746554851532,0.2778369188308716,-0.12746083736419678
256,0.0,0.0,0.0,0.0,0.0,0.0,0.0,0.0,0.0,0.0,0.0,0.0,0.0,0.0,0.0,0.0,0.0,0.0,0.0,0.0,0.0,0.0,0.0,0.0,0.0,0.0,0.0,0.0,0.0,0.0,0.0,0.0,0.0,0.0,0.0,0.0,0.0,0.0,0.0,0.0,0.0,0.0,0.0,0.0,0.0,0.0,0.0,0.0,0.0,0.0,0.0,0.0,0.0,0.0,0.0,0.0,0.0,0.0,0.0,0.0,0.0,0.0,0.0,0.28850290179252625,0.6104539036750793,1.5167768196988618e-07,0.3162197172641754,0.5008082985877991,0.0636124461889267,0.308479368686676,0.42080095410346985,0.08011472970247269,0.3030310273170471,0.35749292373657227,0.08082626014947891,0.30385518074035645,0.30149197578430176,0.07904963940382004,0.2715338468551636,0.37611886858940125,0.04231245070695877,0.32830023765563965,0.30378854274749756,0.02343055047094822,0.37048232555389404,0.2940158545970917,0.008555914275348186,0.4064418077468872,0.2973116338253021,-0.0017206029733642936,0.26338598132133484,0.38317519426345825,-0.00574928754940629,0.3023216724395752,0.27711600065231323,-0.02389172837138176,0.3373517692089081,0.216033935546875,-0.03356434032320976,0.3667071759700775,0.17775766551494598,-0.041014719754457474,0.25842180848121643,0.40518778562545776,-0.052387744188308716,0.2795757055282593,0.28642287850379944,-0.07016906142234802,0.30098840594291687,0.22350624203681946,-0.07675066590309143,0.31918975710868835,0.17099040746688843,-0.0831969752907753,0.26327213644981384,0.4308323860168457,-0.09404345601797104,0.2542615532875061,0.36382079124450684,-0.11670538038015366,0.23901334404945374,0.3194139003753662,-0.12685821950435638,0.22581182420253754,0.2755669951438904,-0.1341252326965332
257,0.0,0.0,0.0,0.0,0.0,0.0,0.0,0.0,0.0,0.0,0.0,0.0,0.0,0.0,0.0,0.0,0.0,0.0,0.0,0.0,0.0,0.0,0.0,0.0,0.0,0.0,0.0,0.0,0.0,0.0,0.0,0.0,0.0,0.0,0.0,0.0,0.0,0.0,0.0,0.0,0.0,0.0,0.0,0.0,0.0,0.0,0.0,0.0,0.0,0.0,0.0,0.0,0.0,0.0,0.0,0.0,0.0,0.0,0.0,0.0,0.0,0.0,0.0,0.293406218290329,0.603588342666626,2.447252995807503e-07,0.32496577501296997,0.5039321184158325,0.04410352557897568,0.3161084055900574,0.4259659945964813,0.05443858355283737,0.3079666197299957,0.3666278123855591,0.0527367889881134,0.3072982132434845,0.31497907638549805,0.049138400703668594,0.28219860792160034,0.3731553852558136,0.0328030101954937,0.3387191891670227,0.3023849427700043,0.01631593145430088,0.37880492210388184,0.2779531478881836,0.0022266542073339224,0.41333678364753723,0.26361703872680664,-0.00823136419057846,0.2699725329875946,0.3732025623321533,-0.0030880977865308523,0.30215489864349365,0.27057233452796936,-0.016733456403017044,0.33110204339027405,0.21115471422672272,-0.02312256582081318,0.35644805431365967,0.17019979655742645,-0.02859991416335106,0.26140296459198,0.3920630216598511,-0.039224736392498016,0.2803468406200409,0.27869588136672974,-0.05371350795030594,0.3002970218658447,0.21647526323795319,-0.05993647873401642,0.31708499789237976,0.16439206898212433,-0.06650660187005997,0.2638998329639435,0.41963669657707214,-0.07211150974035263,0.2579028010368347,0.3578639626502991,-0.09151483327150345,0.24469470977783203,0.31680652499198914,-0.10062942653894424,0.23183763027191162,0.2773588299751282,-0.1076430007815361
258,0.0,0.0,0.0,0.0,0.0,0.0,0.0,0.0,0.0,0.0,0.0,0.0,0.0,0.0,0.0,0.0,0.0,0.0,0.0,0.0,0.0,0.0,0.0,0.0,0.0,0.0,0.0,0.0,0.0,0.0,0.0,0.0,0.0,0.0,0.0,0.0,0.0,0.0,0.0,0.0,0.0,0.0,0.0,0.0,0.0,0.0,0.0,0.0,0.0,0.0,0.0,0.0,0.0,0.0,0.0,0.0,0.0,0.0,0.0,0.0,0.0,0.0,0.0,0.2954213619232178,0.6059767007827759,9.668831069120642e-08,0.3243352174758911,0.5112588405609131,0.054335083812475204,0.31778743863105774,0.4405166208744049,0.06738502532243729,0.3133102357387543,0.3861965537071228,0.06649821996688843,0.3203105032444,0.3397251069545746,0.06348474323749542,0.2768424153327942,0.37343543767929077,0.03718622028827667,0.3295906186103821,0.2995101809501648,0.017361167818307877,0.37356629967689514,0.29332828521728516,0.0007278976845555007,0.41062554717063904,0.3025551438331604,-0.009993897750973701,0.2696766257286072,0.378421425819397,-0.004007421433925629,0.306496262550354,0.27486109733581543,-0.020000901073217392,0.3439114987850189,0.21559898555278778,-0.029602613300085068,0.375275194644928,0.1778428554534912,-0.03749470412731171,0.2654256224632263,0.3979896605014801,-0.044751983135938644,0.28586718440055847,0.2799513041973114,-0.06043658033013344,0.3080630302429199,0.21825136244297028,-0.06937935203313828,0.3263785243034363,0.16808156669139862,-0.07799030095338821,0.27116432785987854,0.42250239849090576,-0.08111638575792313,0.26139509677886963,0.35550767183303833,-0.10058758407831192,0.24839502573013306,0.3134019374847412,-0.11077576130628586,0.2373882532119751,0.2727564871311188,-0.11882949620485306
259,0.0,0.0,0.0,0.0,0.0,0.0,0.0,0.0,0.0,0.0,0.0,0.0,0.0,0.0,0.0,0.0,0.0,0.0,0.0,0.0,0.0,0.0,0.0,0.0,0.0,0.0,0.0,0.0,0.0,0.0,0.0,0.0,0.0,0.0,0.0,0.0,0.0,0.0,0.0,0.0,0.0,0.0,0.0,0.0,0.0,0.0,0.0,0.0,0.0,0.0,0.0,0.0,0.0,0.0,0.0,0.0,0.0,0.0,0.0,0.0,0.0,0.0,0.0,0.2965301275253296,0.6004863381385803,9.961762259536044e-08,0.3257698118686676,0.5002974271774292,0.056422457098960876,0.3203979730606079,0.42714691162109375,0.06905414164066315,0.31789809465408325,0.36934930086135864,0.06729554384946823,0.32377585768699646,0.3189884126186371,0.06278197467327118,0.27664119005203247,0.3712414801120758,0.03508996218442917,0.3315107822418213,0.3011670708656311,0.014981584623456001,0.3737890422344208,0.2957138121128082,-0.0013310163049027324,0.40906742215156555,0.30473431944847107,-0.012180868536233902,0.26867610216140747,0.37627699971199036,-0.00817954819649458,0.30730438232421875,0.2723378837108612,-0.02471558190882206,0.3436696529388428,0.21425485610961914,-0.033847954124212265,0.3744237720966339,0.17791299521923065,-0.04151486977934837,0.26402273774147034,0.39729610085487366,-0.05063752830028534,0.28622445464134216,0.2787815034389496,-0.06729117035865784,0.3087521493434906,0.21532434225082397,-0.07622360438108444,0.3273727297782898,0.16251717507839203,-0.08515242487192154,0.27084314823150635,0.42291024327278137,-0.08841777592897415,0.2629031836986542,0.3551808297634125,-0.10966900736093521,0.24986103177070618,0.31295502185821533,-0.12034763395786285,0.23783305287361145,0.27226877212524414,-0.12890222668647766
260,0.0,0.0,0.0,0.0,0.0,0.0,0.0,0.0,0.0,0.0,0.0,0.0,0.0,0.0,0.0,0.0,0.0,0.0,0.0,0.0,0.0,0.0,0.0,0.0,0.0,0.0,0.0,0.0,0.0,0.0,0.0,0.0,0.0,0.0,0.0,0.0,0.0,0.0,0.0,0.0,0.0,0.0,0.0,0.0,0.0,0.0,0.0,0.0,0.0,0.0,0.0,0.0,0.0,0.0,0.0,0.0,0.0,0.0,0.0,0.0,0.0,0.0,0.0,0.29098638892173767,0.6015586853027344,1.1706936930977463e-07,0.31890004873275757,0.49908894300460815,0.07348821312189102,0.3153989613056183,0.42402902245521545,0.09356904029846191,0.31070882081985474,0.3675713837146759,0.09754572063684464,0.3139999508857727,0.3144938349723816,0.0980767160654068,0.2768637239933014,0.3701809346675873,0.037775687873363495,0.342401921749115,0.29934462904930115,0.01950116455554962,0.3868013620376587,0.2769153118133545,0.006590377539396286,0.42664197087287903,0.2685517966747284,-0.0037811221554875374,0.2692716717720032,0.3810691833496094,-0.01499748881906271,0.30656465888023376,0.26946890354156494,-0.03759777918457985,0.3407651484012604,0.20818407833576202,-0.04600219056010246,0.3685326874256134,0.17120888829231262,-0.051967788487672806,0.2664875388145447,0.40406984090805054,-0.06464464217424393,0.28511011600494385,0.2796527147293091,-0.08771803975105286,0.3035108745098114,0.21193775534629822,-0.09451790899038315,0.316760778427124,0.15351566672325134,-0.10070145130157471,0.2741367220878601,0.42744478583335876,-0.10772499442100525,0.2659527063369751,0.35774487257003784,-0.13817524909973145,0.25220787525177,0.3119664192199707,-0.15251986682415009,0.23890158534049988,0.2683131694793701,-0.1622503399848938
261,0.0,0.0,0.0,0.0,0.0,0.0,0.0,0.0,0.0,0.0,0.0,0.0,0.0,0.0,0.0,0.0,0.0,0.0,0.0,0.0,0.0,0.0,0.0,0.0,0.0,0.0,0.0,0.0,0.0,0.0,0.0,0.0,0.0,0.0,0.0,0.0,0.0,0.0,0.0,0.0,0.0,0.0,0.0,0.0,0.0,0.0,0.0,0.0,0.0,0.0,0.0,0.0,0.0,0.0,0.0,0.0,0.0,0.0,0.0,0.0,0.0,0.0,0.0,0.2924271821975708,0.6078950762748718,4.074630055583839e-08,0.32054081559181213,0.5078596472740173,0.06631970405578613,0.31656333804130554,0.4352840185165405,0.08456245809793472,0.31437066197395325,0.37894150614738464,0.08752714842557907,0.32547372579574585,0.32814833521842957,0.08821651339530945,0.2714095413684845,0.3739333152770996,0.04385727271437645,0.3292417526245117,0.3012884259223938,0.02760254219174385,0.37322473526000977,0.29777827858924866,0.014531508088111877,0.40942373871803284,0.30957165360450745,0.005657515488564968,0.264880508184433,0.3803985118865967,-0.0024565800558775663,0.3073454797267914,0.27454516291618347,-0.01724258065223694,0.34746402502059937,0.21612274646759033,-0.02475932613015175,0.3796847462654114,0.1798068732023239,-0.03151607885956764,0.2636958658695221,0.4008132517337799,-0.047008853405714035,0.28816506266593933,0.27893272042274475,-0.06193401664495468,0.3126770853996277,0.2186020016670227,-0.0694354847073555,0.331930935382843,0.1686163693666458,-0.07761713862419128,0.2737785577774048,0.4234887361526489,-0.0859876498579979,0.26565903425216675,0.3562517464160919,-0.10701631009578705,0.2531702220439911,0.31234443187713623,-0.1190565750002861,0.242820143699646,0.26888877153396606,-0.12861567735671997
262,0.0,0.0,0.0,0.0,0.0,0.0,0.0,0.0,0.0,0.0,0.0,0.0,0.0,0.0,0.0,0.0,0.0,0.0,0.0,0.0,0.0,0.0,0.0,0.0,0.0,0.0,0.0,0.0,0.0,0.0,0.0,0.0,0.0,0.0,0.0,0.0,0.0,0.0,0.0,0.0,0.0,0.0,0.0,0.0,0.0,0.0,0.0,0.0,0.0,0.0,0.0,0.0,0.0,0.0,0.0,0.0,0.0,0.0,0.0,0.0,0.0,0.0,0.0,0.2865588366985321,0.6060276031494141,1.1113202447177173e-07,0.3156357407569885,0.5069220662117004,0.07123525440692902,0.3127535581588745,0.43691545724868774,0.0916358083486557,0.3094866871833801,0.3824913203716278,0.09620960801839828,0.3165161907672882,0.3332750201225281,0.09787466377019882,0.27431556582450867,0.3746958076953888,0.04625442996621132,0.33881187438964844,0.3006669878959656,0.03270905092358589,0.38300931453704834,0.27863121032714844,0.022112471982836723,0.4228174686431885,0.2697293758392334,0.013277952559292316,0.2654980719089508,0.38084524869918823,-0.0029785078950226307,0.3022715151309967,0.2681511342525482,-0.02088647149503231,0.3345566391944885,0.2077982872724533,-0.028337519615888596,0.36199209094047546,0.16979144513607025,-0.03393033519387245,0.2624209225177765,0.39981192350387573,-0.049541719257831573,0.28459569811820984,0.2759089469909668,-0.06773445010185242,0.3044164776802063,0.2085270881652832,-0.07440018653869629,0.32024773955345154,0.15129977464675903,-0.0810375064611435,0.2701707184314728,0.4199260473251343,-0.08993270248174667,0.26088446378707886,0.3530108630657196,-0.11494795978069305,0.2471565157175064,0.30897074937820435,-0.12757258117198944,0.23446866869926453,0.2656078040599823,-0.13678425550460815
263,0.0,0.0,0.0,0.0,0.0,0.0,0.0,0.0,0.0,0.0,0.0,0.0,0.0,0.0,0.0,0.0,0.0,0.0,0.0,0.0,0.0,0.0,0.0,0.0,0.0,0.0,0.0,0.0,0.0,0.0,0.0,0.0,0.0,0.0,0.0,0.0,0.0,0.0,0.0,0.0,0.0,0.0,0.0,0.0,0.0,0.0,0.0,0.0,0.0,0.0,0.0,0.0,0.0,0.0,0.0,0.0,0.0,0.0,0.0,0.0,0.0,0.0,0.0,0.2885778546333313,0.6074978113174438,-2.116654762573944e-08,0.3169858753681183,0.5113562941551208,0.06128278747200966,0.3127867579460144,0.44239771366119385,0.07638154178857803,0.30916449427604675,0.38956719636917114,0.0772777572274208,0.3246408998966217,0.3427881598472595,0.07600030303001404,0.26995643973350525,0.37273386120796204,0.03332538530230522,0.3271470069885254,0.30183646082878113,0.012072921730577946,0.3729003965854645,0.30509528517723083,-0.0029970663599669933,0.4108836352825165,0.32299983501434326,-0.012870694510638714,0.26441916823387146,0.3835119307041168,-0.012123310007154942,0.3043519854545593,0.27713117003440857,-0.0328148789703846,0.3449258804321289,0.22267675399780273,-0.0421544685959816,0.377684086561203,0.18737658858299255,-0.049600258469581604,0.2627635896205902,0.4074672758579254,-0.056216102093458176,0.2866111695766449,0.28582561016082764,-0.07690232247114182,0.3116140067577362,0.22671493887901306,-0.08630874007940292,0.3314081132411957,0.17655853927135468,-0.09492895007133484,0.27095508575439453,0.4329489469528198,-0.09486998617649078,0.261799693107605,0.36600831151008606,-0.12128037959337234,0.24949079751968384,0.3204073905944824,-0.1362522393465042,0.23968613147735596,0.27424633502960205,-0.14745916426181793
264,0.0,0.0,0.0,0.0,0.0,0.0,0.0,0.0,0.0,0.0,0.0,0.0,0.0,0.0,0.0,0.0,0.0,0.0,0.0,0.0,0.0,0.0,0.0,0.0,0.0,0.0,0.0,0.0,0.0,0.0,0.0,0.0,0.0,0.0,0.0,0.0,0.0,0.0,0.0,0.0,0.0,0.0,0.0,0.0,0.0,0.0,0.0,0.0,0.0,0.0,0.0,0.0,0.0,0.0,0.0,0.0,0.0,0.0,0.0,0.0,0.0,0.0,0.0,0.28331974148750305,0.606480598449707,5.7445738832484494e-08,0.31089213490486145,0.5071313977241516,0.07592377811670303,0.30993011593818665,0.4387628436088562,0.09678556770086288,0.30880114436149597,0.38650012016296387,0.1012333482503891,0.3228147625923157,0.3378458619117737,0.102818064391613,0.26905351877212524,0.3746384382247925,0.043208442628383636,0.32567447423934937,0.3043489158153534,0.028266048058867455,0.36836522817611694,0.29034167528152466,0.018726620823144913,0.4065338373184204,0.28967854380607605,0.011067583225667477,0.2619834542274475,0.38484615087509155,-0.009463376365602016,0.2992341220378876,0.2758352756500244,-0.029918961226940155,0.3367465138435364,0.2162535935640335,-0.03541969507932663,0.36753666400909424,0.17973166704177856,-0.039096489548683167,0.2591930031776428,0.40670302510261536,-0.05908140912652016,0.28062888979911804,0.28654980659484863,-0.08004840463399887,0.3042507767677307,0.22327250242233276,-0.08448556810617447,0.32212895154953003,0.17044071853160858,-0.08863047510385513,0.2653527855873108,0.42953136563301086,-0.10209482163190842,0.2574246823787689,0.3616723418235779,-0.1290748566389084,0.2453877031803131,0.3151346743106842,-0.14175167679786682,0.23461394011974335,0.2715955078601837,-0.15049254894256592
265,0.0,0.0,0.0,0.0,0.0,0.0,0.0,0.0,0.0,0.0,0.0,0.0,0.0,0.0,0.0,0.0,0.0,0.0,0.0,0.0,0.0,0.0,0.0,0.0,0.0,0.0,0.0,0.0,0.0,0.0,0.0,0.0,0.0,0.0,0.0,0.0,0.0,0.0,0.0,0.0,0.0,0.0,0.0,0.0,0.0,0.0,0.0,0.0,0.0,0.0,0.0,0.0,0.0,0.0,0.0,0.0,0.0,0.0,0.0,0.0,0.0,0.0,0.0,0.2902209162712097,0.6047720313072205,5.855450879721502e-08,0.3182870149612427,0.509093701839447,0.053058184683322906,0.3140694200992584,0.43645721673965454,0.06437519937753677,0.3130462169647217,0.3813415765762329,0.06354434788227081,0.3271942436695099,0.33120471239089966,0.06041941046714783,0.26212671399116516,0.37588953971862793,0.024378495290875435,0.32414352893829346,0.3081858456134796,0.0011711943661794066,0.36942967772483826,0.30929461121559143,-0.016624877229332924,0.40785712003707886,0.3269839286804199,-0.0280612763017416,0.25663501024246216,0.3839963674545288,-0.015339761041104794,0.30054786801338196,0.28098711371421814,-0.034140802919864655,0.3416803181171417,0.22604306042194366,-0.04418211802840233,0.3760435879230499,0.18950717151165009,-0.052710358053445816,0.25634443759918213,0.4087238609790802,-0.053772445768117905,0.2789868414402008,0.2863239347934723,-0.07251475751399994,0.30215224623680115,0.22459790110588074,-0.08407657593488693,0.32135018706321716,0.17109796404838562,-0.09492817521095276,0.26780086755752563,0.4350028932094574,-0.08717213571071625,0.2599875032901764,0.36928340792655945,-0.11264164000749588,0.24718764424324036,0.3244072198867798,-0.1279243379831314,0.23674337565898895,0.27852460741996765,-0.13956528902053833
266,0.0,0.0,0.0,0.0,0.0,0.0,0.0,0.0,0.0,0.0,0.0,0.0,0.0,0.0,0.0,0.0,0.0,0.0,0.0,0.0,0.0,0.0,0.0,0.0,0.0,0.0,0.0,0.0,0.0,0.0,0.0,0.0,0.0,0.0,0.0,0.0,0.0,0.0,0.0,0.0,0.0,0.0,0.0,0.0,0.0,0.0,0.0,0.0,0.0,0.0,0.0,0.0,0.0,0.0,0.0,0.0,0.0,0.0,0.0,0.0,0.0,0.0,0.0,0.27910152077674866,0.6030435562133789,-2.9106759669161875e-08,0.30616113543510437,0.5042858719825745,0.07738619297742844,0.3086162209510803,0.43564456701278687,0.09824150800704956,0.3096480965614319,0.38641947507858276,0.10279037058353424,0.3262765109539032,0.3377220630645752,0.10393907874822617,0.25959059596061707,0.37665891647338867,0.04122840613126755,0.3201718330383301,0.30885130167007446,0.024940550327301025,0.36217352747917175,0.30787283182144165,0.014224052429199219,0.3983151912689209,0.3232892155647278,0.0065431250259280205,0.254646360874176,0.3880307376384735,-0.01170404814183712,0.2969597578048706,0.27758902311325073,-0.0314207524061203,0.33595678210258484,0.2209874987602234,-0.03899593651294708,0.3679763674736023,0.18722352385520935,-0.044761743396520615,0.254996657371521,0.4116932451725006,-0.061317186802625656,0.27608609199523926,0.28679409623146057,-0.08256716281175613,0.29762423038482666,0.22482521831989288,-0.09109849482774734,0.3138347268104553,0.17102478444576263,-0.09872519969940186,0.2656709849834442,0.43317148089408875,-0.1036500632762909,0.2576911449432373,0.3639623820781708,-0.13266843557357788,0.24640116095542908,0.3192458152770996,-0.14846275746822357,0.23545347154140472,0.2747519910335541,-0.1598549634218216
267,0.0,0.0,0.0,0.0,0.0,0.0,0.0,0.0,0.0,0.0,0.0,0.0,0.0,0.0,0.0,0.0,0.0,0.0,0.0,0.0,0.0,0.0,0.0,0.0,0.0,0.0,0.0,0.0,0.0,0.0,0.0,0.0,0.0,0.0,0.0,0.0,0.0,0.0,0.0,0.0,0.0,0.0,0.0,0.0,0.0,0.0,0.0,0.0,0.0,0.0,0.0,0.0,0.0,0.0,0.0,0.0,0.0,0.0,0.0,0.0,0.0,0.0,0.0,0.28097179532051086,0.6129446625709534,2.0103803066717774e-08,0.30894988775253296,0.5108344554901123,0.07788223773241043,0.30908408761024475,0.43498560786247253,0.0989673063158989,0.3112204372882843,0.38033032417297363,0.10269384831190109,0.3263339102268219,0.32788121700286865,0.10324088484048843,0.25989076495170593,0.3782912790775299,0.04834399372339249,0.32316404581069946,0.30314362049102783,0.03349016234278679,0.36781546473503113,0.2970740795135498,0.02209724485874176,0.4074835181236267,0.309108167886734,0.013722234405577183,0.2550068497657776,0.38920921087265015,-0.005467802751809359,0.298608660697937,0.27749305963516235,-0.02270912379026413,0.3390267789363861,0.22293849289417267,-0.031379472464323044,0.37156111001968384,0.19407793879508972,-0.037963371723890305,0.25687190890312195,0.41214945912361145,-0.05621315538883209,0.28409135341644287,0.28409749269485474,-0.07343786209821701,0.3112904727458954,0.2204819768667221,-0.0814635157585144,0.33124104142189026,0.1670994609594345,-0.08963736146688461,0.27049723267555237,0.4318177103996277,-0.10006538033485413,0.2629866302013397,0.36044958233833313,-0.12476246058940887,0.2509531080722809,0.315257728099823,-0.13797464966773987,0.23885008692741394,0.270535945892334,-0.14806300401687622
268,0.0,0.0,0.0,0.0,0.0,0.0,0.0,0.0,0.0,0.0,0.0,0.0,0.0,0.0,0.0,0.0,0.0,0.0,0.0,0.0,0.0,0.0,0.0,0.0,0.0,0.0,0.0,0.0,0.0,0.0,0.0,0.0,0.0,0.0,0.0,0.0,0.0,0.0,0.0,0.0,0.0,0.0,0.0,0.0,0.0,0.0,0.0,0.0,0.0,0.0,0.0,0.0,0.0,0.0,0.0,0.0,0.0,0.0,0.0,0.0,0.0,0.0,0.0,0.2912478744983673,0.6060984134674072,4.449967150321754e-08,0.31514352560043335,0.5034913420677185,0.06991984695196152,0.3105504512786865,0.4264787435531616,0.08864589780569077,0.307435542345047,0.3690177798271179,0.09165143966674805,0.31719204783439636,0.31553828716278076,0.09148252010345459,0.26282307505607605,0.37624692916870117,0.038499150425195694,0.32322490215301514,0.3030257523059845,0.024052273482084274,0.3641710877418518,0.29080086946487427,0.015337912365794182,0.400524377822876,0.29477593302726746,0.008004117757081985,0.25775831937789917,0.3842583894729614,-0.01101486012339592,0.29995274543762207,0.2742125391960144,-0.029711274430155754,0.3395462930202484,0.21664491295814514,-0.03556932881474495,0.37200412154197693,0.18075817823410034,-0.04019950330257416,0.2588638663291931,0.40722382068634033,-0.057942118495702744,0.27790021896362305,0.2783485949039459,-0.07772497087717056,0.2987305819988251,0.21334004402160645,-0.08597005903720856,0.31485316157341003,0.1561076045036316,-0.0942840501666069,0.2723296582698822,0.4303406774997711,-0.09854571521282196,0.26759129762649536,0.357758104801178,-0.12747669219970703,0.25648751854896545,0.309375524520874,-0.14438600838184357,0.2450099140405655,0.2618107199668884,-0.15702667832374573
269,0.0,0.0,0.0,0.0,0.0,0.0,0.0,0.0,0.0,0.0,0.0,0.0,0.0,0.0,0.0,0.0,0.0,0.0,0.0,0.0,0.0,0.0,0.0,0.0,0.0,0.0,0.0,0.0,0.0,0.0,0.0,0.0,0.0,0.0,0.0,0.0,0.0,0.0,0.0,0.0,0.0,0.0,0.0,0.0,0.0,0.0,0.0,0.0,0.0,0.0,0.0,0.0,0.0,0.0,0.0,0.0,0.0,0.0,0.0,0.0,0.0,0.0,0.0,0.2879849076271057,0.6104618310928345,-4.976654466304353e-08,0.315438836812973,0.5071125030517578,0.07631884515285492,0.31501078605651855,0.43218329548835754,0.09874008595943451,0.3170119822025299,0.37744757533073425,0.10476728528738022,0.3358634114265442,0.3248317241668701,0.1078391745686531,0.2608926594257355,0.3787617087364197,0.04916587471961975,0.3241288959980011,0.30675795674324036,0.03527797386050224,0.3668502867221832,0.301225483417511,0.023783573880791664,0.4028914272785187,0.3125371038913727,0.014860212802886963,0.25730520486831665,0.38761189579963684,-0.0019004971254616976,0.2996511161327362,0.27444589138031006,-0.017921317368745804,0.34143146872520447,0.21715088188648224,-0.025786416605114937,0.3750261068344116,0.18239928781986237,-0.032379232347011566,0.2610226571559906,0.4096713066101074,-0.05012654513120651,0.27947869896888733,0.27757325768470764,-0.06667300313711166,0.30167046189308167,0.21473932266235352,-0.07591695338487625,0.31835630536079407,0.15986505150794983,-0.08531885594129562,0.27698907256126404,0.42803409695625305,-0.09147386252880096,0.2699429392814636,0.3576785922050476,-0.11729945987462997,0.2589069604873657,0.3118753731250763,-0.13348805904388428,0.24804390966892242,0.2652476131916046,-0.1459386795759201
270,0.0,0.0,0.0,0.0,0.0,0.0,0.0,0.0,0.0,0.0,0.0,0.0,0.0,0.0,0.0,0.0,0.0,0.0,0.0,0.0,0.0,0.0,0.0,0.0,0.0,0.0,0.0,0.0,0.0,0.0,0.0,0.0,0.0,0.0,0.0,0.0,0.0,0.0,0.0,0.0,0.0,0.0,0.0,0.0,0.0,0.0,0.0,0.0,0.0,0.0,0.0,0.0,0.0,0.0,0.0,0.0,0.0,0.0,0.0,0.0,0.0,0.0,0.0,0.28905531764030457,0.6043803691864014,6.17165198946168e-08,0.3187559247016907,0.5093084573745728,0.04905502125620842,0.31288328766822815,0.4315510392189026,0.06071687862277031,0.3089376986026764,0.3753833770751953,0.06085599586367607,0.32352787256240845,0.3245302438735962,0.0587114617228508,0.26492658257484436,0.376199334859848,0.024710413068532944,0.3265703320503235,0.30451497435569763,0.005871776957064867,0.36925989389419556,0.2941811978816986,-0.008026896975934505,0.40534016489982605,0.29709896445274353,-0.01833590678870678,0.25951525568962097,0.3803897500038147,-0.01242506131529808,0.3019251823425293,0.2742142677307129,-0.030326811596751213,0.34196579456329346,0.2204953134059906,-0.03795551508665085,0.3745289444923401,0.18416143953800201,-0.04428767040371895,0.26086509227752686,0.40176618099212646,-0.048546843230724335,0.2781347334384918,0.27568933367729187,-0.06658659875392914,0.2978806793689728,0.21524792909622192,-0.07653404772281647,0.31326812505722046,0.1609451323747635,-0.08617721498012543,0.27522575855255127,0.4259261190891266,-0.08013993501663208,0.2693127989768982,0.35895609855651855,-0.10613080114126205,0.2591099143028259,0.31324148178100586,-0.12243311107158661,0.24934284389019012,0.2659946084022522,-0.13481372594833374
271,0.0,0.0,0.0,0.0,0.0,0.0,0.0,0.0,0.0,0.0,0.0,0.0,0.0,0.0,0.0,0.0,0.0,0.0,0.0,0.0,0.0,0.0,0.0,0.0,0.0,0.0,0.0,0.0,0.0,0.0,0.0,0.0,0.0,0.0,0.0,0.0,0.0,0.0,0.0,0.0,0.0,0.0,0.0,0.0,0.0,0.0,0.0,0.0,0.0,0.0,0.0,0.0,0.0,0.0,0.0,0.0,0.0,0.0,0.0,0.0,0.0,0.0,0.0,0.2863942086696625,0.6148216724395752,6.231402949197218e-08,0.3149625062942505,0.5189186334609985,0.06409168243408203,0.31036117672920227,0.44159629940986633,0.08242304623126984,0.30900102853775024,0.3885818421840668,0.08635573089122772,0.31768330931663513,0.3409172296524048,0.08763029426336288,0.25915035605430603,0.3774354159832001,0.04216383770108223,0.31291258335113525,0.2986133396625519,0.035452380776405334,0.3468209505081177,0.27164900302886963,0.030267272144556046,0.37599343061447144,0.25793033838272095,0.02437852881848812,0.25656646490097046,0.38794684410095215,-0.0016193685587495565,0.31456029415130615,0.28763318061828613,-0.011662834323942661,0.3626304864883423,0.24089831113815308,-0.015021344646811485,0.4015342593193054,0.2152099907398224,-0.019111784175038338,0.26091834902763367,0.4085792303085327,-0.04304511472582817,0.3067498803138733,0.2960952818393707,-0.05311441048979759,0.34414783120155334,0.24478580057621002,-0.05804692581295967,0.3713374435901642,0.20031091570854187,-0.06557966023683548,0.2769027352333069,0.4270310699939728,-0.07922831922769547,0.27446234226226807,0.3574824035167694,-0.09688419103622437,0.26455938816070557,0.3147779703140259,-0.10765118896961212,0.25398004055023193,0.27008742094039917,-0.11732328683137894
272,0.0,0.0,0.0,0.0,0.0,0.0,0.0,0.0,0.0,0.0,0.0,0.0,0.0,0.0,0.0,0.0,0.0,0.0,0.0,0.0,0.0,0.0,0.0,0.0,0.0,0.0,0.0,0.0,0.0,0.0,0.0,0.0,0.0,0.0,0.0,0.0,0.0,0.0,0.0,0.0,0.0,0.0,0.0,0.0,0.0,0.0,0.0,0.0,0.0,0.0,0.0,0.0,0.0,0.0,0.0,0.0,0.0,0.0,0.0,0.0,0.0,0.0,0.0,0.2848702371120453,0.6052098274230957,2.5409001125353825e-08,0.3120375871658325,0.5171957612037659,0.059270650148391724,0.30782821774482727,0.44540706276893616,0.07470221817493439,0.30402496457099915,0.3932519555091858,0.07796932011842728,0.3124154508113861,0.344085156917572,0.07921699434518814,0.26125001907348633,0.3797142803668976,0.030723944306373596,0.3306310176849365,0.3095134496688843,0.014943495392799377,0.3758041262626648,0.3045814037322998,0.0031780910212546587,0.4144880473613739,0.31341904401779175,-0.005277619697153568,0.25608471035957336,0.3861839473247528,-0.009740705601871014,0.3067348897457123,0.2771564722061157,-0.025841178372502327,0.34860265254974365,0.22835126519203186,-0.032035667449235916,0.38347291946411133,0.20051352679729462,-0.03665835037827492,0.25845423340797424,0.4068652093410492,-0.04794967174530029,0.2852535545825958,0.2780185341835022,-0.062448933720588684,0.30711838603019714,0.21404069662094116,-0.07118454575538635,0.32588309049606323,0.15794646739959717,-0.08025789260864258,0.2745007872581482,0.42680853605270386,-0.08052695542573929,0.26852864027023315,0.357936292886734,-0.10222853720188141,0.2568519711494446,0.31496965885162354,-0.1158703938126564,0.24726539850234985,0.26961982250213623,-0.12661989033222198
273,0.0,0.0,0.0,0.0,0.0,0.0,0.0,0.0,0.0,0.0,0.0,0.0,0.0,0.0,0.0,0.0,0.0,0.0,0.0,0.0,0.0,0.0,0.0,0.0,0.0,0.0,0.0,0.0,0.0,0.0,0.0,0.0,0.0,0.0,0.0,0.0,0.0,0.0,0.0,0.0,0.0,0.0,0.0,0.0,0.0,0.0,0.0,0.0,0.0,0.0,0.0,0.0,0.0,0.0,0.0,0.0,0.0,0.0,0.0,0.0,0.0,0.0,0.0,0.2888393998146057,0.6076103448867798,-5.65366242710752e-08,0.315775066614151,0.5114779472351074,0.056304920464754105,0.3104255795478821,0.43385130167007446,0.07041320949792862,0.30833888053894043,0.3767077922821045,0.07119674980640411,0.31610411405563354,0.326216459274292,0.07085491716861725,0.267527312040329,0.375561386346817,0.03681490570306778,0.3340000510215759,0.31352850794792175,0.015867363661527634,0.37884432077407837,0.3295026421546936,-0.0005011451430618763,0.4130985140800476,0.3577260673046112,-0.00988739263266325,0.2623974084854126,0.3819606602191925,-0.0032995599322021008,0.31739044189453125,0.28522175550460815,-0.018660249188542366,0.36221009492874146,0.23687854409217834,-0.026128290221095085,0.39941495656967163,0.20795169472694397,-0.03253413736820221,0.2625325322151184,0.40149813890457153,-0.0429263599216938,0.29945626854896545,0.28617894649505615,-0.056426752358675,0.3286808729171753,0.23230823874473572,-0.06280330568552017,0.3516327440738678,0.18576958775520325,-0.07007665187120438,0.27398407459259033,0.42111679911613464,-0.07806071639060974,0.2677479684352875,0.3542053997516632,-0.09645317494869232,0.2590253949165344,0.31020379066467285,-0.10678008198738098,0.2528790831565857,0.26366695761680603,-0.11524584889411926
274,0.0,0.0,0.0,0.0,0.0,0.0,0.0,0.0,0.0,0.0,0.0,0.0,0.0,0.0,0.0,0.0,0.0,0.0,0.0,0.0,0.0,0.0,0.0,0.0,0.0,0.0,0.0,0.0,0.0,0.0,0.0,0.0,0.0,0.0,0.0,0.0,0.0,0.0,0.0,0.0,0.0,0.0,0.0,0.0,0.0,0.0,0.0,0.0,0.0,0.0,0.0,0.0,0.0,0.0,0.0,0.0,0.0,0.0,0.0,0.0,0.0,0.0,0.0,0.2869557738304138,0.6021348834037781,8.029909537299318e-08,0.3108779788017273,0.5082083344459534,0.07814998179674149,0.3106590509414673,0.43889477849006653,0.10154958069324493,0.31020504236221313,0.38691189885139465,0.10883717983961105,0.3209051787853241,0.338230699300766,0.11253529042005539,0.26689931750297546,0.3757064938545227,0.04502099007368088,0.33100542426109314,0.3072980046272278,0.03558454290032387,0.3740103244781494,0.28857314586639404,0.03017556108534336,0.412731796503067,0.28235775232315063,0.024089030921459198,0.261381596326828,0.38466277718544006,-0.006448853295296431,0.30756914615631104,0.2778123617172241,-0.025272173807024956,0.3478551506996155,0.2253117859363556,-0.030656257644295692,0.38007020950317383,0.1950215995311737,-0.03427368029952049,0.26236557960510254,0.4055035710334778,-0.053944360464811325,0.285399466753006,0.2847427725791931,-0.07393264025449753,0.30516931414604187,0.21899078786373138,-0.08095003664493561,0.3192138671875,0.16185137629508972,-0.08747948706150055,0.2736845910549164,0.42604348063468933,-0.09409788995981216,0.2682003080844879,0.3587150275707245,-0.12091045826673508,0.2568105161190033,0.3152047395706177,-0.13547980785369873,0.24418844282627106,0.27246782183647156,-0.14624623954296112
275,0.0,0.0,0.0,0.0,0.0,0.0,0.0,0.0,0.0,0.0,0.0,0.0,0.0,0.0,0.0,0.0,0.0,0.0,0.0,0.0,0.0,0.0,0.0,0.0,0.0,0.0,0.0,0.0,0.0,0.0,0.0,0.0,0.0,0.0,0.0,0.0,0.0,0.0,0.0,0.0,0.0,0.0,0.0,0.0,0.0,0.0,0.0,0.0,0.0,0.0,0.0,0.0,0.0,0.0,0.0,0.0,0.0,0.0,0.0,0.0,0.0,0.0,0.0,0.28930965065956116,0.6055498719215393,-3.2296444629764665e-08,0.3148011863231659,0.5090711712837219,0.07988870143890381,0.3127921223640442,0.43625661730766296,0.10355953872203827,0.31292375922203064,0.3833388388156891,0.10952713340520859,0.32608646154403687,0.3327917158603668,0.1125570684671402,0.26796069741249084,0.3810735046863556,0.056090809404850006,0.3314799964427948,0.317000150680542,0.04230910539627075,0.3741329312324524,0.321260005235672,0.030739884823560715,0.40808093547821045,0.3424568176269531,0.023319393396377563,0.26270338892936707,0.38779741525650024,0.0034437335561960936,0.3106923997402191,0.2840804159641266,-0.009428642690181732,0.3534512221813202,0.23088492453098297,-0.01579778827726841,0.3870629072189331,0.20063428580760956,-0.021154314279556274,0.2628863453865051,0.4060436189174652,-0.04661501944065094,0.28975772857666016,0.2845163345336914,-0.06071140617132187,0.3151231110095978,0.22611230611801147,-0.06658993661403656,0.33399254083633423,0.1762404441833496,-0.07307342439889908,0.2737637758255005,0.4219437539577484,-0.08986171334981918,0.2705548107624054,0.35314950346946716,-0.11117582023143768,0.2626408636569977,0.3106330335140228,-0.1222395971417427,0.25464385747909546,0.26703304052352905,-0.13066549599170685
276,0.0,0.0,0.0,0.0,0.0,0.0,0.0,0.0,0.0,0.0,0.0,0.0,0.0,0.0,0.0,0.0,0.0,0.0,0.0,0.0,0.0,0.0,0.0,0.0,0.0,0.0,0.0,0.0,0.0,0.0,0.0,0.0,0.0,0.0,0.0,0.0,0.0,0.0,0.0,0.0,0.0,0.0,0.0,0.0,0.0,0.0,0.0,0.0,0.0,0.0,0.0,0.0,0.0,0.0,0.0,0.0,0.0,0.0,0.0,0.0,0.0,0.0,0.0,0.2884657084941864,0.6050090789794922,-1.80893291457096e-08,0.31401675939559937,0.5071369409561157,0.07498381286859512,0.31305041909217834,0.4315159320831299,0.09575654566287994,0.31351399421691895,0.37546059489250183,0.09984404593706131,0.33050668239593506,0.3246505558490753,0.10093013197183609,0.26721400022506714,0.373025506734848,0.046400703489780426,0.3256104290485382,0.3035007417201996,0.033700089901685715,0.3679368197917938,0.3038456439971924,0.024953776970505714,0.4031650125980377,0.3189411759376526,0.018133513629436493,0.2620357871055603,0.3828532099723816,-0.0052071837708354,0.30994996428489685,0.2809549868106842,-0.021717479452490807,0.3534337878227234,0.23120379447937012,-0.028152387589216232,0.38799357414245605,0.20504063367843628,-0.033189356327056885,0.2618042826652527,0.4048714339733124,-0.05406090244650841,0.2916417419910431,0.28741654753685,-0.07111397385597229,0.3184075653553009,0.22838030755519867,-0.07821338623762131,0.33838334679603577,0.1778942346572876,-0.08575727045536041,0.27220165729522705,0.42640823125839233,-0.09637028723955154,0.26762911677360535,0.3583964705467224,-0.12099937349557877,0.2584267556667328,0.3137442171573639,-0.13460186123847961,0.24916227161884308,0.2689070403575897,-0.14520186185836792
277,0.0,0.0,0.0,0.0,0.0,0.0,0.0,0.0,0.0,0.0,0.0,0.0,0.0,0.0,0.0,0.0,0.0,0.0,0.0,0.0,0.0,0.0,0.0,0.0,0.0,0.0,0.0,0.0,0.0,0.0,0.0,0.0,0.0,0.0,0.0,0.0,0.0,0.0,0.0,0.0,0.0,0.0,0.0,0.0,0.0,0.0,0.0,0.0,0.0,0.0,0.0,0.0,0.0,0.0,0.0,0.0,0.0,0.0,0.0,0.0,0.0,0.0,0.0,0.28816840052604675,0.6044936180114746,5.11798425861798e-08,0.3089669644832611,0.5084675550460815,0.08980374783277512,0.3055759072303772,0.4370204508304596,0.11863033473491669,0.3025422692298889,0.38541150093078613,0.12863533198833466,0.30922040343284607,0.33488136529922485,0.13500355184078217,0.2660033404827118,0.37778645753860474,0.06188490241765976,0.3241981863975525,0.3087136745452881,0.05723245069384575,0.36337578296661377,0.2933175265789032,0.054262369871139526,0.3981904685497284,0.2922531068325043,0.04983263835310936,0.26190224289894104,0.3851332366466522,0.004334861878305674,0.3065325617790222,0.2777770161628723,-0.009613830596208572,0.3458431363105774,0.22199101746082306,-0.014855172485113144,0.37570425868034363,0.1870206594467163,-0.0191436018794775,0.26334595680236816,0.4032425880432129,-0.048803143203258514,0.2865908443927765,0.28180715441703796,-0.06569433212280273,0.31060904264450073,0.21851028501987457,-0.07167857140302658,0.32687923312187195,0.1625339239835739,-0.07795888185501099,0.2735336124897003,0.41956278681755066,-0.09384500235319138,0.2700379192829132,0.3499292731285095,-0.1183386743068695,0.2615964412689209,0.3070109486579895,-0.1311599165201187,0.25028055906295776,0.2642933428287506,-0.14097821712493896
278,0.0,0.0,0.0,0.0,0.0,0.0,0.0,0.0,0.0,0.0,0.0,0.0,0.0,0.0,0.0,0.0,0.0,0.0,0.0,0.0,0.0,0.0,0.0,0.0,0.0,0.0,0.0,0.0,0.0,0.0,0.0,0.0,0.0,0.0,0.0,0.0,0.0,0.0,0.0,0.0,0.0,0.0,0.0,0.0,0.0,0.0,0.0,0.0,0.0,0.0,0.0,0.0,0.0,0.0,0.0,0.0,0.0,0.0,0.0,0.0,0.0,0.0,0.0,0.2917565107345581,0.6090265512466431,-2.71337459167853e-08,0.3215700387954712,0.5151622891426086,0.05706539377570152,0.3162165880203247,0.44044867157936096,0.07321087270975113,0.31179049611091614,0.39005860686302185,0.07682958990335464,0.32809796929359436,0.3418366312980652,0.0789608284831047,0.2631452977657318,0.37856513261795044,0.03606300801038742,0.3311377465724945,0.3114657402038574,0.017415985465049744,0.3768850564956665,0.3134087324142456,0.001954843057319522,0.4135698676109314,0.3316803574562073,-0.00836364459246397,0.25843051075935364,0.38461217284202576,-0.0034777624532580376,0.3056813180446625,0.27873390913009644,-0.01760953851044178,0.34469074010849,0.22361837327480316,-0.025812998414039612,0.37506651878356934,0.18583956360816956,-0.03350171074271202,0.2619318962097168,0.40536627173423767,-0.04199157655239105,0.2891361713409424,0.2786600887775421,-0.05661569535732269,0.3127591013908386,0.22007155418395996,-0.0667523518204689,0.3309318721294403,0.16819514334201813,-0.07704833149909973,0.2796732187271118,0.4250514507293701,-0.07541589438915253,0.27463534474372864,0.3573279082775116,-0.09899935871362686,0.2633182108402252,0.31437453627586365,-0.11503845453262329,0.2531220316886902,0.26838865876197815,-0.12740027904510498
279,0.0,0.0,0.0,0.0,0.0,0.0,0.0,0.0,0.0,0.0,0.0,0.0,0.0,0.0,0.0,0.0,0.0,0.0,0.0,0.0,0.0,0.0,0.0,0.0,0.0,0.0,0.0,0.0,0.0,0.0,0.0,0.0,0.0,0.0,0.0,0.0,0.0,0.0,0.0,0.0,0.0,0.0,0.0,0.0,0.0,0.0,0.0,0.0,0.0,0.0,0.0,0.0,0.0,0.0,0.0,0.0,0.0,0.0,0.0,0.0,0.0,0.0,0.0,0.2899220883846283,0.6117106676101685,-5.6204665810355436e-08,0.31442415714263916,0.5185573101043701,0.08433764427900314,0.31122684478759766,0.44719305634498596,0.11226750165224075,0.3091409504413605,0.3981234133243561,0.12232735753059387,0.3165731430053711,0.3493868410587311,0.12917955219745636,0.2661837041378021,0.3823334276676178,0.06338073313236237,0.32832667231559753,0.3123757839202881,0.0545913428068161,0.37142670154571533,0.3092723786830902,0.045934878289699554,0.4072728157043457,0.3220263719558716,0.039249829947948456,0.26216405630111694,0.3890239894390106,0.009758640080690384,0.3087267577648163,0.2786206007003784,-0.0005777301266789436,0.34939420223236084,0.22301487624645233,-0.005966110620647669,0.38060683012008667,0.1875109076499939,-0.011253484524786472,0.2642762362957001,0.4063330590724945,-0.04098605737090111,0.2899201214313507,0.27981460094451904,-0.054645877331495285,0.3139771819114685,0.21959613263607025,-0.061495907604694366,0.3302627503871918,0.16581135988235474,-0.06900955736637115,0.27654922008514404,0.4210176169872284,-0.08434411138296127,0.2713307738304138,0.35104072093963623,-0.10644949227571487,0.26191577315330505,0.3102884292602539,-0.1187376156449318,0.2506481409072876,0.26669007539749146,-0.12847942113876343
280,0.0,0.0,0.0,0.0,0.0,0.0,0.0,0.0,0.0,0.0,0.0,0.0,0.0,0.0,0.0,0.0,0.0,0.0,0.0,0.0,0.0,0.0,0.0,0.0,0.0,0.0,0.0,0.0,0.0,0.0,0.0,0.0,0.0,0.0,0.0,0.0,0.0,0.0,0.0,0.0,0.0,0.0,0.0,0.0,0.0,0.0,0.0,0.0,0.0,0.0,0.0,0.0,0.0,0.0,0.0,0.0,0.0,0.0,0.0,0.0,0.0,0.0,0.0,0.2964540719985962,0.6092886328697205,1.8474031193704832e-08,0.3215847313404083,0.5123440027236938,0.06131939962506294,0.3157908320426941,0.43510663509368896,0.07767044007778168,0.31197163462638855,0.3772660493850708,0.08047549426555634,0.3202906847000122,0.3259514570236206,0.08042003214359283,0.26523956656455994,0.378560870885849,0.033040646463632584,0.32467544078826904,0.30667775869369507,0.018263021484017372,0.3657797574996948,0.29567286372184753,0.007708389777690172,0.40042075514793396,0.29881978034973145,-0.0009254560573026538,0.26059409976005554,0.38489389419555664,-0.010754413902759552,0.30773648619651794,0.2791447639465332,-0.027829186990857124,0.34724196791648865,0.2241993248462677,-0.035696353763341904,0.3784448504447937,0.18917427957057953,-0.04241124540567398,0.26323753595352173,0.406533807516098,-0.0522766187787056,0.2899351119995117,0.2835981249809265,-0.07084920257329941,0.3141886293888092,0.22039391100406647,-0.08107826858758926,0.3320046663284302,0.16478750109672546,-0.09110568463802338,0.2789977788925171,0.4288291931152344,-0.08801617473363876,0.27490234375,0.360468327999115,-0.11497624218463898,0.26434943079948425,0.3171933889389038,-0.13086950778961182,0.2528539299964905,0.2722795009613037,-0.14301159977912903
281,0.0,0.0,0.0,0.0,0.0,0.0,0.0,0.0,0.0,0.0,0.0,0.0,0.0,0.0,0.0,0.0,0.0,0.0,0.0,0.0,0.0,0.0,0.0,0.0,0.0,0.0,0.0,0.0,0.0,0.0,0.0,0.0,0.0,0.0,0.0,0.0,0.0,0.0,0.0,0.0,0.0,0.0,0.0,0.0,0.0,0.0,0.0,0.0,0.0,0.0,0.0,0.0,0.0,0.0,0.0,0.0,0.0,0.0,0.0,0.0,0.0,0.0,0.0,0.2907019555568695,0.6067108511924744,-6.269384300594538e-08,0.3180878162384033,0.5061589479446411,0.07614114135503769,0.31913337111473083,0.43120431900024414,0.0990334302186966,0.32486283779144287,0.37968775629997253,0.10577557235956192,0.34505197405815125,0.3313286304473877,0.10932682454586029,0.2639804482460022,0.37320762872695923,0.051463548094034195,0.32222601771354675,0.2993566691875458,0.045053768903017044,0.3612387776374817,0.2948080897331238,0.03837897628545761,0.39368826150894165,0.30090680718421936,0.03081890195608139,0.26186785101890564,0.3839566111564636,0.000633090385235846,0.3120081126689911,0.2765713334083557,-0.012157661840319633,0.35209640860557556,0.22467100620269775,-0.021420631557703018,0.3819575905799866,0.19409045577049255,-0.029994849115610123,0.2673916518688202,0.40537238121032715,-0.04695272073149681,0.29690098762512207,0.2822522819042206,-0.06235313042998314,0.3243555426597595,0.2184203863143921,-0.07552005350589752,0.34271761775016785,0.16101405024528503,-0.08876050263643265,0.2848822772502899,0.42297935485839844,-0.08728142827749252,0.2774256765842438,0.35778963565826416,-0.11256305873394012,0.2655351758003235,0.31629425287246704,-0.13032107055187225,0.2517850697040558,0.2717299461364746,-0.1451108157634735
282,0.0,0.0,0.0,0.0,0.0,0.0,0.0,0.0,0.0,0.0,0.0,0.0,0.0,0.0,0.0,0.0,0.0,0.0,0.0,0.0,0.0,0.0,0.0,0.0,0.0,0.0,0.0,0.0,0.0,0.0,0.0,0.0,0.0,0.0,0.0,0.0,0.0,0.0,0.0,0.0,0.0,0.0,0.0,0.0,0.0,0.0,0.0,0.0,0.0,0.0,0.0,0.0,0.0,0.0,0.0,0.0,0.0,0.0,0.0,0.0,0.0,0.0,0.0,0.29015377163887024,0.6166396141052246,-1.1372432773271157e-08,0.3185366988182068,0.5157727599143982,0.06721989065408707,0.31629613041877747,0.4387981593608856,0.08533726632595062,0.3163342773914337,0.38189059495925903,0.08923313766717911,0.32789793610572815,0.32780611515045166,0.09105797857046127,0.2640819549560547,0.38249677419662476,0.0358574241399765,0.33290889859199524,0.3123106062412262,0.01874052919447422,0.37818580865859985,0.3104266822338104,0.005783660337328911,0.41476643085479736,0.321597695350647,-0.003748779883608222,0.26098933815956116,0.3918613791465759,-0.010507214814424515,0.30997782945632935,0.2843076288700104,-0.029254138469696045,0.350928395986557,0.2270818054676056,-0.039621613919734955,0.3823132812976837,0.18971946835517883,-0.048237308859825134,0.26574575901031494,0.4143179953098297,-0.053886428475379944,0.2927330732345581,0.28700149059295654,-0.07179653644561768,0.31862717866897583,0.22539633512496948,-0.08214017003774643,0.33728352189064026,0.17133250832557678,-0.09224957972764969,0.28376305103302,0.43442317843437195,-0.09096775203943253,0.2781258225440979,0.36730945110321045,-0.11601231247186661,0.2666727602481842,0.3243188261985779,-0.13127514719963074,0.2548237442970276,0.2783317565917969,-0.1430085450410843
283,0.0,0.0,0.0,0.0,0.0,0.0,0.0,0.0,0.0,0.0,0.0,0.0,0.0,0.0,0.0,0.0,0.0,0.0,0.0,0.0,0.0,0.0,0.0,0.0,0.0,0.0,0.0,0.0,0.0,0.0,0.0,0.0,0.0,0.0,0.0,0.0,0.0,0.0,0.0,0.0,0.0,0.0,0.0,0.0,0.0,0.0,0.0,0.0,0.0,0.0,0.0,0.0,0.0,0.0,0.0,0.0,0.0,0.0,0.0,0.0,0.0,0.0,0.0,0.2925451099872589,0.6127263307571411,8.731429801400736e-08,0.3178699314594269,0.5218002796173096,0.047270484268665314,0.30726829171180725,0.4455126225948334,0.06042293459177017,0.29732388257980347,0.3889428973197937,0.06296859681606293,0.29754871129989624,0.3371095061302185,0.0641573816537857,0.2641162872314453,0.38485875725746155,0.02905670367181301,0.33366551995277405,0.3143303394317627,0.01026700809597969,0.3796704411506653,0.30802226066589355,-0.005498578771948814,0.41742634773254395,0.316572904586792,-0.016143299639225006,0.2608727812767029,0.38934949040412903,-0.005439242348074913,0.31071874499320984,0.2830033600330353,-0.02002662606537342,0.34896010160446167,0.2277660369873047,-0.028713108971714973,0.3789675533771515,0.1896076202392578,-0.036385949701070786,0.26530006527900696,0.4097421169281006,-0.039349429309368134,0.29577094316482544,0.2839415967464447,-0.054764386266469955,0.32029715180397034,0.2231605350971222,-0.06451021134853363,0.33844226598739624,0.16982580721378326,-0.0740400105714798,0.28247562050819397,0.4320806860923767,-0.0690191313624382,0.27732935547828674,0.364236980676651,-0.09245570003986359,0.26581698656082153,0.3228031098842621,-0.10649333149194717,0.2541182041168213,0.27801063656806946,-0.11689546704292297
284,0.0,0.0,0.0,0.0,0.0,0.0,0.0,0.0,0.0,0.0,0.0,0.0,0.0,0.0,0.0,0.0,0.0,0.0,0.0,0.0,0.0,0.0,0.0,0.0,0.0,0.0,0.0,0.0,0.0,0.0,0.0,0.0,0.0,0.0,0.0,0.0,0.0,0.0,0.0,0.0,0.0,0.0,0.0,0.0,0.0,0.0,0.0,0.0,0.0,0.0,0.0,0.0,0.0,0.0,0.0,0.0,0.0,0.0,0.0,0.0,0.0,0.0,0.0,0.29700490832328796,0.6176737546920776,-7.508594634941801e-09,0.3188945949077606,0.5177084803581238,0.08411385864019394,0.3148491382598877,0.4447573721408844,0.11186502873897552,0.3119346499443054,0.3896111249923706,0.1217455342411995,0.3187113404273987,0.3366154432296753,0.12865041196346283,0.2690363824367523,0.3909318149089813,0.06371627748012543,0.3322845995426178,0.32037144899368286,0.05517488345503807,0.37526190280914307,0.3141535520553589,0.04618699103593826,0.41199809312820435,0.32434922456741333,0.03915081545710564,0.2658539414405823,0.3978452980518341,0.010952116921544075,0.31190499663352966,0.28862518072128296,0.0011139308335259557,0.3500654101371765,0.22986456751823425,-0.0057608638890087605,0.379830002784729,0.18961820006370544,-0.012667403556406498,0.26881173253059387,0.41498863697052,-0.03862830251455307,0.2958189845085144,0.29022079706192017,-0.05091805011034012,0.3210766315460205,0.22937928140163422,-0.059065721929073334,0.33868324756622314,0.17546862363815308,-0.06809752434492111,0.2818128764629364,0.4294472336769104,-0.08085834980010986,0.2769383490085602,0.364815890789032,-0.10161023586988449,0.2644352316856384,0.32562318444252014,-0.1143411174416542,0.25066161155700684,0.2831394672393799,-0.12463928759098053
285,0.0,0.0,0.0,0.0,0.0,0.0,0.0,0.0,0.0,0.0,0.0,0.0,0.0,0.0,0.0,0.0,0.0,0.0,0.0,0.0,0.0,0.0,0.0,0.0,0.0,0.0,0.0,0.0,0.0,0.0,0.0,0.0,0.0,0.0,0.0,0.0,0.0,0.0,0.0,0.0,0.0,0.0,0.0,0.0,0.0,0.0,0.0,0.0,0.0,0.0,0.0,0.0,0.0,0.0,0.0,0.0,0.0,0.0,0.0,0.0,0.0,0.0,0.0,0.298818975687027,0.6260764598846436,1.1294067903122595e-08,0.3230646550655365,0.52519690990448,0.08016999065876007,0.31776341795921326,0.45083683729171753,0.10654811561107635,0.3135308623313904,0.39641907811164856,0.11529359966516495,0.31993257999420166,0.34306836128234863,0.12103298306465149,0.2726764380931854,0.3932722806930542,0.06032230705022812,0.32571113109588623,0.31878000497817993,0.052506234496831894,0.3654096722602844,0.30943161249160767,0.04540923610329628,0.39942461252212524,0.314725399017334,0.03862442076206207,0.2697714865207672,0.40065646171569824,0.007173430174589157,0.31200137734413147,0.293503999710083,-0.005265251267701387,0.35112813115119934,0.23671960830688477,-0.013324062339961529,0.381182998418808,0.19914820790290833,-0.02092215232551098,0.27226734161376953,0.41814231872558594,-0.04325184226036072,0.2970460057258606,0.2971952259540558,-0.05953840911388397,0.3238529562950134,0.23641446232795715,-0.06956982612609863,0.3422836363315582,0.18208131194114685,-0.07970784604549408,0.28461897373199463,0.43454834818840027,-0.08663877099752426,0.27862197160720825,0.36917510628700256,-0.11239935457706451,0.2676961123943329,0.32825082540512085,-0.12835046648979187,0.2544712722301483,0.2841976284980774,-0.14087408781051636
286,0.0,0.0,0.0,0.0,0.0,0.0,0.0,0.0,0.0,0.0,0.0,0.0,0.0,0.0,0.0,0.0,0.0,0.0,0.0,0.0,0.0,0.0,0.0,0.0,0.0,0.0,0.0,0.0,0.0,0.0,0.0,0.0,0.0,0.0,0.0,0.0,0.0,0.0,0.0,0.0,0.0,0.0,0.0,0.0,0.0,0.0,0.0,0.0,0.0,0.0,0.0,0.0,0.0,0.0,0.0,0.0,0.0,0.0,0.0,0.0,0.0,0.0,0.0,0.294367253780365,0.6331034302711487,5.857284435251131e-08,0.32374805212020874,0.5397924780845642,0.04436420276761055,0.31615957617759705,0.4594908654689789,0.05512043088674545,0.30958765745162964,0.40265271067619324,0.05509917065501213,0.3098987340927124,0.3509904444217682,0.05448615550994873,0.2707124352455139,0.39341282844543457,0.030577242374420166,0.3410976231098175,0.32462799549102783,0.012325109913945198,0.3899645209312439,0.33117470145225525,-0.002558712847530842,0.4289737641811371,0.34952613711357117,-0.012306366115808487,0.2689094841480255,0.3987722396850586,-0.003352847881615162,0.3260980546474457,0.3025205731391907,-0.017808036878705025,0.3684929311275482,0.25290846824645996,-0.02644941955804825,0.40274524688720703,0.22233562171459198,-0.03396391123533249,0.2744719386100769,0.41964298486709595,-0.0375879667699337,0.31130069494247437,0.3035886287689209,-0.052089281380176544,0.3399013578891754,0.2412334680557251,-0.062640480697155,0.36171355843544006,0.18767856061458588,-0.07289960980415344,0.2925843596458435,0.4438682496547699,-0.06800788640975952,0.28507450222969055,0.37933483719825745,-0.08656921237707138,0.2715461254119873,0.33679044246673584,-0.09837312251329422,0.2590212821960449,0.2910776734352112,-0.10830168426036835
287,0.0,0.0,0.0,0.0,0.0,0.0,0.0,0.0,0.0,0.0,0.0,0.0,0.0,0.0,0.0,0.0,0.0,0.0,0.0,0.0,0.0,0.0,0.0,0.0,0.0,0.0,0.0,0.0,0.0,0.0,0.0,0.0,0.0,0.0,0.0,0.0,0.0,0.0,0.0,0.0,0.0,0.0,0.0,0.0,0.0,0.0,0.0,0.0,0.0,0.0,0.0,0.0,0.0,0.0,0.0,0.0,0.0,0.0,0.0,0.0,0.0,0.0,0.0,0.29845938086509705,0.6403354406356812,2.188537564506987e-07,0.3313865661621094,0.5510192513465881,0.02994837611913681,0.32099449634552,0.4685118794441223,0.03586520999670029,0.3063153326511383,0.41173285245895386,0.033239055424928665,0.3012121617794037,0.357763409614563,0.03025173954665661,0.28084489703178406,0.41109323501586914,0.02080938033759594,0.3502901494503021,0.3380192220211029,-0.00041458054329268634,0.3976069390773773,0.33212554454803467,-0.017500590533018112,0.43536606431007385,0.3408077359199524,-0.028530698269605637,0.27803313732147217,0.40888646245002747,-0.006835556589066982,0.3227337896823883,0.3049044907093048,-0.023159774020314217,0.3603784441947937,0.2493142932653427,-0.033691950142383575,0.39085155725479126,0.21067477762699127,-0.04189031198620796,0.28101804852485657,0.42704951763153076,-0.03561849892139435,0.3051970303058624,0.30456915497779846,-0.05213264748454094,0.32983165979385376,0.24312518537044525,-0.06323783844709396,0.34925928711891174,0.19042553007602692,-0.07296212762594223,0.2953239381313324,0.45320263504981995,-0.06193327531218529,0.2872436046600342,0.3963354825973511,-0.08390689641237259,0.2760162353515625,0.3557899594306946,-0.09726835787296295,0.26425284147262573,0.31065937876701355,-0.10704673826694489
288,0.0,0.0,0.0,0.0,0.0,0.0,0.0,0.0,0.0,0.0,0.0,0.0,0.0,0.0,0.0,0.0,0.0,0.0,0.0,0.0,0.0,0.0,0.0,0.0,0.0,0.0,0.0,0.0,0.0,0.0,0.0,0.0,0.0,0.0,0.0,0.0,0.0,0.0,0.0,0.0,0.0,0.0,0.0,0.0,0.0,0.0,0.0,0.0,0.0,0.0,0.0,0.0,0.0,0.0,0.0,0.0,0.0,0.0,0.0,0.0,0.0,0.0,0.0,0.3002163767814636,0.6567090749740601,4.069327133038314e-07,0.3367820680141449,0.5710721015930176,0.008746156468987465,0.32292768359184265,0.4853816032409668,0.011633796617388725,0.2979753017425537,0.4243720769882202,0.009679467417299747,0.2860240936279297,0.36870625615119934,0.008200702257454395,0.29522597789764404,0.4242754280567169,0.02318796142935753,0.36333754658699036,0.3447906970977783,0.005233305040746927,0.41040152311325073,0.3235706686973572,-0.010686758905649185,0.4473334848880768,0.31726646423339844,-0.020517637953162193,0.2904168367385864,0.4175187647342682,0.008642040193080902,0.33094075322151184,0.312247097492218,-0.0045006973668932915,0.3672787845134735,0.2542078495025635,-0.014202307909727097,0.39642202854156494,0.21000276505947113,-0.020398778840899467,0.2919444739818573,0.43472886085510254,-0.010065675713121891,0.31170064210891724,0.31767573952674866,-0.025332394987344742,0.3364010751247406,0.2542276978492737,-0.038339998573064804,0.3546946942806244,0.1995536983013153,-0.0474659726023674,0.30092567205429077,0.4641668498516083,-0.028410866856575012,0.2920434772968292,0.4054999351501465,-0.049313995987176895,0.2812038064002991,0.36189132928848267,-0.06428705900907516,0.2699697017669678,0.3169938623905182,-0.07400872558355331
289,0.0,0.0,0.0,0.0,0.0,0.0,0.0,0.0,0.0,0.0,0.0,0.0,0.0,0.0,0.0,0.0,0.0,0.0,0.0,0.0,0.0,0.0,0.0,0.0,0.0,0.0,0.0,0.0,0.0,0.0,0.0,0.0,0.0,0.0,0.0,0.0,0.0,0.0,0.0,0.0,0.0,0.0,0.0,0.0,0.0,0.0,0.0,0.0,0.0,0.0,0.0,0.0,0.0,0.0,0.0,0.0,0.0,0.0,0.0,0.0,0.0,0.0,0.0,0.3296278417110443,0.5851303339004517,2.172948683210052e-07,0.3567383289337158,0.5135418772697449,0.017276886850595474,0.3457735776901245,0.43670454621315,0.015157252550125122,0.3331620395183563,0.38160330057144165,0.007417145185172558,0.32656562328338623,0.3331736624240875,-0.0012164637446403503,0.3216678202152252,0.38612857460975647,-0.002078096382319927,0.3850843608379364,0.3420301675796509,-0.027643773704767227,0.4262406826019287,0.333566278219223,-0.044633619487285614,0.46007010340690613,0.33632418513298035,-0.05580398440361023,0.31542348861694336,0.3840208649635315,-0.027117308229207993,0.35217028856277466,0.297150582075119,-0.0481935553252697,0.37849733233451843,0.24285203218460083,-0.05917666107416153,0.4006045162677765,0.20188838243484497,-0.06731756776571274,0.30656227469444275,0.4063143730163574,-0.05313997343182564,0.33081018924713135,0.30769190192222595,-0.07734094560146332,0.35260218381881714,0.24837422370910645,-0.090654157102108,0.3718002438545227,0.19438201189041138,-0.10060196369886398,0.3050382137298584,0.4439471364021301,-0.0769539549946785,0.2933724522590637,0.4013650417327881,-0.10602182149887085,0.28045740723609924,0.3606697916984558,-0.12000148743391037,0.2692263722419739,0.31599441170692444,-0.12917304039001465
290,0.0,0.0,0.0,0.0,0.0,0.0,0.0,0.0,0.0,0.0,0.0,0.0,0.0,0.0,0.0,0.0,0.0,0.0,0.0,0.0,0.0,0.0,0.0,0.0,0.0,0.0,0.0,0.0,0.0,0.0,0.0,0.0,0.0,0.0,0.0,0.0,0.0,0.0,0.0,0.0,0.0,0.0,0.0,0.0,0.0,0.0,0.0,0.0,0.0,0.0,0.0,0.0,0.0,0.0,0.0,0.0,0.0,0.0,0.0,0.0,0.0,0.0,0.0,0.3284853398799896,0.570719301700592,1.5164131639266998e-07,0.35116928815841675,0.4962223172187805,0.02836107648909092,0.3441630005836487,0.4254622757434845,0.02768915891647339,0.3393135666847229,0.372982919216156,0.01957394741475582,0.33530300855636597,0.3255099356174469,0.010369652882218361,0.31406545639038086,0.3752487897872925,0.0005503476713784039,0.38019871711730957,0.33109045028686523,-0.026020796969532967,0.4190458059310913,0.3373815715312958,-0.04344175010919571,0.4507368206977844,0.35402047634124756,-0.05402296036481857,0.3081120252609253,0.3776557445526123,-0.02948647364974022,0.35487863421440125,0.29478752613067627,-0.05123213306069374,0.38410574197769165,0.244450181722641,-0.06218632683157921,0.40827780961990356,0.2082127332687378,-0.07122630625963211,0.3007955849170685,0.40177738666534424,-0.05938060209155083,0.34136730432510376,0.308968722820282,-0.08159986883401871,0.3701998293399811,0.25389736890792847,-0.09292242676019669,0.3945404887199402,0.20481151342391968,-0.10281463712453842,0.3013591766357422,0.4363356828689575,-0.08610710501670837,0.29423001408576965,0.39140015840530396,-0.11194773018360138,0.282853364944458,0.35142746567726135,-0.12425149977207184,0.27368783950805664,0.3061226010322571,-0.13346874713897705
291,0.0,0.0,0.0,0.0,0.0,0.0,0.0,0.0,0.0,0.0,0.0,0.0,0.0,0.0,0.0,0.0,0.0,0.0,0.0,0.0,0.0,0.0,0.0,0.0,0.0,0.0,0.0,0.0,0.0,0.0,0.0,0.0,0.0,0.0,0.0,0.0,0.0,0.0,0.0,0.0,0.0,0.0,0.0,0.0,0.0,0.0,0.0,0.0,0.0,0.0,0.0,0.0,0.0,0.0,0.0,0.0,0.0,0.0,0.0,0.0,0.0,0.0,0.0,0.3289179503917694,0.6043710708618164,2.5657286073510477e-07,0.35124489665031433,0.5108030438423157,0.049984004348516464,0.342642605304718,0.4340968132019043,0.05700836330652237,0.3376215994358063,0.37271708250045776,0.052091699093580246,0.3415071964263916,0.31792891025543213,0.04403438791632652,0.29999810457229614,0.38604968786239624,0.007042928598821163,0.35713493824005127,0.3194482922554016,-0.010773109272122383,0.3916563391685486,0.295209676027298,-0.020144019275903702,0.42336660623550415,0.2759835720062256,-0.02990165539085865,0.2938954830169678,0.39579710364341736,-0.03839919716119766,0.34506499767303467,0.30919724702835083,-0.06752675771713257,0.3847302198410034,0.2544134557247162,-0.08135616779327393,0.41760897636413574,0.21830452978610992,-0.09281410276889801,0.29225781559944153,0.4234822988510132,-0.08087703585624695,0.3430711030960083,0.33691662549972534,-0.11234631389379501,0.39267095923423767,0.30056047439575195,-0.12443949282169342,0.4293921887874603,0.26649951934814453,-0.1345716416835785,0.30096396803855896,0.4581140875816345,-0.11848541349172592,0.2905828356742859,0.399649977684021,-0.153108149766922,0.27950698137283325,0.3535606265068054,-0.1715349555015564,0.2717941403388977,0.30941343307495117,-0.18621501326560974
292,0.0,0.0,0.0,0.0,0.0,0.0,0.0,0.0,0.0,0.0,0.0,0.0,0.0,0.0,0.0,0.0,0.0,0.0,0.0,0.0,0.0,0.0,0.0,0.0,0.0,0.0,0.0,0.0,0.0,0.0,0.0,0.0,0.0,0.0,0.0,0.0,0.0,0.0,0.0,0.0,0.0,0.0,0.0,0.0,0.0,0.0,0.0,0.0,0.0,0.0,0.0,0.0,0.0,0.0,0.0,0.0,0.0,0.0,0.0,0.0,0.0,0.0,0.0,0.31643155217170715,0.6239117980003357,1.5546034148883336e-07,0.35076430439949036,0.5315412878990173,0.06085798516869545,0.35048311948776245,0.4532071352005005,0.0759928971529007,0.3507683277130127,0.3989495635032654,0.07834203541278839,0.36606499552726746,0.3482893705368042,0.07748818397521973,0.2953755259513855,0.38338613510131836,0.025302397087216377,0.34383872151374817,0.30492913722991943,0.014687092043459415,0.36480414867401123,0.25814175605773926,0.00874054804444313,0.3876535892486572,0.22123819589614868,0.00031887207296676934,0.2874925136566162,0.4000933766365051,-0.02204754762351513,0.34484681487083435,0.30660563707351685,-0.04470629617571831,0.38727256655693054,0.260041207075119,-0.05463859811425209,0.4228799343109131,0.23259389400482178,-0.06203830614686012,0.28789517283439636,0.42762795090675354,-0.06597044318914413,0.3368293046951294,0.3236178755760193,-0.0913974940776825,0.37869536876678467,0.2729053199291229,-0.10109063982963562,0.40928471088409424,0.22520802915096283,-0.10989329218864441,0.2991821765899658,0.4562685489654541,-0.10407683253288269,0.2924572825431824,0.39346399903297424,-0.13589756190776825,0.28170329332351685,0.35054945945739746,-0.15342380106449127,0.2723417282104492,0.30670541524887085,-0.1669696867465973
293,0.0,0.0,0.0,0.0,0.0,0.0,0.0,0.0,0.0,0.0,0.0,0.0,0.0,0.0,0.0,0.0,0.0,0.0,0.0,0.0,0.0,0.0,0.0,0.0,0.0,0.0,0.0,0.0,0.0,0.0,0.0,0.0,0.0,0.0,0.0,0.0,0.0,0.0,0.0,0.0,0.0,0.0,0.0,0.0,0.0,0.0,0.0,0.0,0.0,0.0,0.0,0.0,0.0,0.0,0.0,0.0,0.0,0.0,0.0,0.0,0.0,0.0,0.0,0.3132980465888977,0.6481443643569946,2.789327595564828e-07,0.34118208289146423,0.5563464164733887,0.04001561552286148,0.32901665568351746,0.4732728600502014,0.04887940734624863,0.31125181913375854,0.41432785987854004,0.04684419184923172,0.3045259416103363,0.35999393463134766,0.04343979060649872,0.29830652475357056,0.4149273633956909,0.03587665036320686,0.3732983469963074,0.3416925370693207,0.021199703216552734,0.42234915494918823,0.32483112812042236,0.00791762676090002,0.46480512619018555,0.3171807825565338,-0.0035234573297202587,0.29306820034980774,0.41828134655952454,0.000235881278058514,0.3465253710746765,0.30954626202583313,-0.019622337073087692,0.38763266801834106,0.26514652371406555,-0.032177045941352844,0.4209228456020355,0.23926562070846558,-0.039588507264852524,0.2948024570941925,0.4399310052394867,-0.036140114068984985,0.3278794586658478,0.31533050537109375,-0.05722765251994133,0.3561478853225708,0.2451947033405304,-0.07204774767160416,0.3775317370891571,0.18378540873527527,-0.0830673947930336,0.3074275553226471,0.46724262833595276,-0.06890077143907547,0.29818013310432434,0.4056336283683777,-0.09449408203363419,0.2838160991668701,0.36306050419807434,-0.11061667650938034,0.27119338512420654,0.31706082820892334,-0.1225602775812149
294,0.0,0.0,0.0,0.0,0.0,0.0,0.0,0.0,0.0,0.0,0.0,0.0,0.0,0.0,0.0,0.0,0.0,0.0,0.0,0.0,0.0,0.0,0.0,0.0,0.0,0.0,0.0,0.0,0.0,0.0,0.0,0.0,0.0,0.0,0.0,0.0,0.0,0.0,0.0,0.0,0.0,0.0,0.0,0.0,0.0,0.0,0.0,0.0,0.0,0.0,0.0,0.0,0.0,0.0,0.0,0.0,0.0,0.0,0.0,0.0,0.0,0.0,0.0,0.31456050276756287,0.6495928168296814,2.9164323223085376e-07,0.3445676267147064,0.5552331209182739,0.03245599940419197,0.33151715993881226,0.4721386730670929,0.04110388457775116,0.3140603303909302,0.41343554854393005,0.04052788019180298,0.3061148226261139,0.3611338436603546,0.039473433047533035,0.30268198251724243,0.4144649803638458,0.032782383263111115,0.3710174560546875,0.334211528301239,0.015516956336796284,0.42204749584198,0.31890028715133667,-0.0006131156696937978,0.466597318649292,0.31682088971138,-0.011835692450404167,0.2992578148841858,0.41614601016044617,0.004217549692839384,0.34207674860954285,0.30630308389663696,-0.009979359805583954,0.37799814343452454,0.25286996364593506,-0.020361250266432762,0.40908336639404297,0.21941439807415009,-0.02728084847331047,0.3004601001739502,0.43626925349235535,-0.026070481166243553,0.32716649770736694,0.30781039595603943,-0.04061532020568848,0.35188981890678406,0.23962916433811188,-0.05281895771622658,0.37368422746658325,0.18217739462852478,-0.06275196373462677,0.3105418384075165,0.46426922082901,-0.05383818969130516,0.2980934679508209,0.40537136793136597,-0.0736813172698021,0.2847405672073364,0.3618853688240051,-0.08691942691802979,0.27432140707969666,0.31629645824432373,-0.09654911607503891
295,0.0,0.0,0.0,0.0,0.0,0.0,0.0,0.0,0.0,0.0,0.0,0.0,0.0,0.0,0.0,0.0,0.0,0.0,0.0,0.0,0.0,0.0,0.0,0.0,0.0,0.0,0.0,0.0,0.0,0.0,0.0,0.0,0.0,0.0,0.0,0.0,0.0,0.0,0.0,0.0,0.0,0.0,0.0,0.0,0.0,0.0,0.0,0.0,0.0,0.0,0.0,0.0,0.0,0.0,0.0,0.0,0.0,0.0,0.0,0.0,0.0,0.0,0.0,0.33246779441833496,0.6154710054397583,6.468441426932259e-08,0.36452457308769226,0.5309860110282898,0.03211621940135956,0.35355573892593384,0.4512467682361603,0.03959084674715996,0.3480241894721985,0.3904707431793213,0.037025414407253265,0.3458890914916992,0.34470322728157043,0.0341205894947052,0.3178521394729614,0.3962847590446472,0.026920577511191368,0.36936628818511963,0.32905933260917664,0.007491203956305981,0.40633171796798706,0.3291785717010498,-0.007635605055838823,0.4348839521408081,0.3392660319805145,-0.017139868810772896,0.30848950147628784,0.397864431142807,-0.003818125929683447,0.33656296133995056,0.29484015703201294,-0.018853113055229187,0.3649773895740509,0.24210470914840698,-0.027899380773305893,0.38775110244750977,0.2064323127269745,-0.035533349961042404,0.30140694975852966,0.4177396893501282,-0.03636738285422325,0.327460914850235,0.31743574142456055,-0.05294337123632431,0.3626898527145386,0.2768857777118683,-0.06184416264295578,0.39202654361724854,0.2434091717004776,-0.06964179128408432,0.30133357644081116,0.44879111647605896,-0.0668860450387001,0.2974700927734375,0.3896726965904236,-0.0879574716091156,0.28545525670051575,0.3458459675312042,-0.09895172715187073,0.2757527828216553,0.3029404580593109,-0.10761434584856033
296,0.0,0.0,0.0,0.0,0.0,0.0,0.0,0.0,0.0,0.0,0.0,0.0,0.0,0.0,0.0,0.0,0.0,0.0,0.0,0.0,0.0,0.0,0.0,0.0,0.0,0.0,0.0,0.0,0.0,0.0,0.0,0.0,0.0,0.0,0.0,0.0,0.0,0.0,0.0,0.0,0.0,0.0,0.0,0.0,0.0,0.0,0.0,0.0,0.0,0.0,0.0,0.0,0.0,0.0,0.0,0.0,0.0,0.0,0.0,0.0,0.0,0.0,0.0,0.3147335946559906,0.6347254514694214,2.0643440734602336e-07,0.3472619950771332,0.5386384725570679,0.04523441940546036,0.3445822298526764,0.4551822543144226,0.053907789289951324,0.34191203117370605,0.3986717164516449,0.05128316581249237,0.36089813709259033,0.35608285665512085,0.04547954350709915,0.2960498631000519,0.38932496309280396,0.024184398353099823,0.34391143918037415,0.3109191358089447,0.013582269661128521,0.37916064262390137,0.2815876603126526,0.005824565887451172,0.4104522168636322,0.2616046071052551,-0.003333207918331027,0.2898620665073395,0.3964972496032715,-0.013839545659720898,0.33966901898384094,0.29953622817993164,-0.029297349974513054,0.380775511264801,0.251571923494339,-0.03682257607579231,0.4132114052772522,0.21924680471420288,-0.04332420229911804,0.2898063361644745,0.42269521951675415,-0.05045277252793312,0.31850218772888184,0.31074368953704834,-0.06755805015563965,0.3450707495212555,0.24706922471523285,-0.07793214172124863,0.3659154772758484,0.18949496746063232,-0.08871568739414215,0.3004872500896454,0.45736539363861084,-0.08292603492736816,0.2918165326118469,0.3989202380180359,-0.10755199939012527,0.28370869159698486,0.3548178970813751,-0.12264861911535263,0.2757331430912018,0.30941781401634216,-0.1350751370191574
297,0.0,0.0,0.0,0.0,0.0,0.0,0.0,0.0,0.0,0.0,0.0,0.0,0.0,0.0,0.0,0.0,0.0,0.0,0.0,0.0,0.0,0.0,0.0,0.0,0.0,0.0,0.0,0.0,0.0,0.0,0.0,0.0,0.0,0.0,0.0,0.0,0.0,0.0,0.0,0.0,0.0,0.0,0.0,0.0,0.0,0.0,0.0,0.0,0.0,0.0,0.0,0.0,0.0,0.0,0.0,0.0,0.0,0.0,0.0,0.0,0.0,0.0,0.0,0.3178568482398987,0.6343567371368408,4.056249167661008e-07,0.34593695402145386,0.5474864840507507,0.008194220252335072,0.3300376236438751,0.46096283197402954,0.00948692113161087,0.3098417818546295,0.3996890187263489,0.006629248149693012,0.30404114723205566,0.3453035354614258,0.00404663011431694,0.2902529835700989,0.4070074260234833,0.01252035703510046,0.3587147295475006,0.3303688168525696,-0.007653391920030117,0.40370261669158936,0.31033948063850403,-0.02355596050620079,0.43985673785209656,0.3040844798088074,-0.034005388617515564,0.28755661845207214,0.4029539227485657,-0.003168275812640786,0.33043190836906433,0.29867279529571533,-0.021727774292230606,0.36817842721939087,0.2455548644065857,-0.03228599205613136,0.3992745280265808,0.2071395367383957,-0.03775040805339813,0.29250654578208923,0.4221651256084442,-0.02214546874165535,0.3117697238922119,0.3028879165649414,-0.04386327788233757,0.335861474275589,0.23869425058364868,-0.05793857201933861,0.35369619727134705,0.18289434909820557,-0.06616490334272385,0.30654528737068176,0.45326921343803406,-0.04018097370862961,0.30005943775177,0.3922053873538971,-0.06614140421152115,0.2886860966682434,0.34957945346832275,-0.08157121390104294,0.27567243576049805,0.3058531880378723,-0.09054312855005264
298,0.0,0.0,0.0,0.0,0.0,0.0,0.0,0.0,0.0,0.0,0.0,0.0,0.0,0.0,0.0,0.0,0.0,0.0,0.0,0.0,0.0,0.0,0.0,0.0,0.0,0.0,0.0,0.0,0.0,0.0,0.0,0.0,0.0,0.0,0.0,0.0,0.0,0.0,0.0,0.0,0.0,0.0,0.0,0.0,0.0,0.0,0.0,0.0,0.0,0.0,0.0,0.0,0.0,0.0,0.0,0.0,0.0,0.0,0.0,0.0,0.0,0.0,0.0,0.3086308240890503,0.6431964635848999,2.1810984662806732e-07,0.3360022306442261,0.552557647228241,0.023936185985803604,0.3268866539001465,0.46643733978271484,0.027734601870179176,0.3181900978088379,0.40429991483688354,0.024518031626939774,0.32044804096221924,0.34879007935523987,0.021603336557745934,0.28204455971717834,0.4053799510002136,0.0194658562541008,0.3504011631011963,0.32670992612838745,0.0018708856077864766,0.39510470628738403,0.3218861520290375,-0.011567366309463978,0.43164485692977905,0.3272569477558136,-0.020782168954610825,0.28364986181259155,0.4069948196411133,-0.004459081683307886,0.3435896039009094,0.30450963973999023,-0.020877443253993988,0.38884973526000977,0.2583901584148407,-0.02942311204969883,0.4266130328178406,0.2290036380290985,-0.03504111245274544,0.292211651802063,0.42749297618865967,-0.030302273109555244,0.32921817898750305,0.3117049038410187,-0.04738100245594978,0.36368879675865173,0.25206491351127625,-0.058215752243995667,0.3901262581348419,0.2020580917596817,-0.06676920503377914,0.3112359642982483,0.4540330767631531,-0.05408325418829918,0.3060426712036133,0.3872242569923401,-0.07445559650659561,0.29490476846694946,0.34293413162231445,-0.08706405013799667,0.2824287414550781,0.2971731126308441,-0.09639950096607208
299,0.0,0.0,0.0,0.0,0.0,0.0,0.0,0.0,0.0,0.0,0.0,0.0,0.0,0.0,0.0,0.0,0.0,0.0,0.0,0.0,0.0,0.0,0.0,0.0,0.0,0.0,0.0,0.0,0.0,0.0,0.0,0.0,0.0,0.0,0.0,0.0,0.0,0.0,0.0,0.0,0.0,0.0,0.0,0.0,0.0,0.0,0.0,0.0,0.0,0.0,0.0,0.0,0.0,0.0,0.0,0.0,0.0,0.0,0.0,0.0,0.0,0.0,0.0,0.3140193819999695,0.6357276439666748,3.2015213946579024e-07,0.34657078981399536,0.5496996641159058,0.01182874571532011,0.33881574869155884,0.4594004154205322,0.014046131633222103,0.3252510130405426,0.3935367465019226,0.012574044056236744,0.321942001581192,0.3335099220275879,0.011867430061101913,0.2985614240169525,0.4036538302898407,0.019184300675988197,0.38001877069473267,0.33916187286376953,0.001256593968719244,0.42942848801612854,0.32816627621650696,-0.014170202426612377,0.47133809328079224,0.32875752449035645,-0.02479952573776245,0.29369884729385376,0.4022134244441986,0.0025144668761640787,0.3523375689983368,0.29651308059692383,-0.01641121879220009,0.39474374055862427,0.2580210566520691,-0.027397776022553444,0.43090909719467163,0.23415960371494293,-0.031940363347530365,0.2982690632343292,0.42098110914230347,-0.017168715596199036,0.3302088677883148,0.2996542155742645,-0.03609439730644226,0.3544203042984009,0.23437246680259705,-0.05026080086827278,0.3746468722820282,0.17498940229415894,-0.05942123755812645,0.31515800952911377,0.45013362169265747,-0.03553394973278046,0.30522841215133667,0.39358747005462646,-0.05706831067800522,0.29284998774528503,0.3524548411369324,-0.07099130004644394,0.28330597281455994,0.3057495951652527,-0.08021610230207443
300,0.0,0.0,0.0,0.0,0.0,0.0,0.0,0.0,0.0,0.0,0.0,0.0,0.0,0.0,0.0,0.0,0.0,0.0,0.0,0.0,0.0,0.0,0.0,0.0,0.0,0.0,0.0,0.0,0.0,0.0,0.0,0.0,0.0,0.0,0.0,0.0,0.0,0.0,0.0,0.0,0.0,0.0,0.0,0.0,0.0,0.0,0.0,0.0,0.0,0.0,0.0,0.0,0.0,0.0,0.0,0.0,0.0,0.0,0.0,0.0,0.0,0.0,0.0,0.3160693049430847,0.6408092379570007,1.8531673617872002e-07,0.33926552534103394,0.5472608804702759,0.05802728608250618,0.33218035101890564,0.4656212031841278,0.07807440310716629,0.3221568465232849,0.4059905707836151,0.08473941683769226,0.31794315576553345,0.35342931747436523,0.08941324800252914,0.29935020208358765,0.4114097058773041,0.05191291123628616,0.3776185214519501,0.33667710423469543,0.04269101098179817,0.4287720322608948,0.3165496587753296,0.0329594761133194,0.471563458442688,0.30758926272392273,0.02408301644027233,0.29606881737709045,0.41373705863952637,0.011414588429033756,0.34981510043144226,0.3027525544166565,-0.0001178117236122489,0.39248573780059814,0.25246337056159973,-0.006949349772185087,0.42518457770347595,0.21983382105827332,-0.012359759770333767,0.3004188537597656,0.4315299689769745,-0.02870061807334423,0.3321724236011505,0.29948943853378296,-0.043089017271995544,0.3608260154724121,0.23488782346248627,-0.05441685765981674,0.3817741274833679,0.17532119154930115,-0.06500030308961868,0.31419649720191956,0.45217642188072205,-0.06389008462429047,0.31117329001426697,0.39041951298713684,-0.0880749374628067,0.3005940914154053,0.3497498035430908,-0.10498886555433273,0.28967559337615967,0.30356234312057495,-0.11812189221382141
301,0.0,0.0,0.0,0.0,0.0,0.0,0.0,0.0,0.0,0.0,0.0,0.0,0.0,0.0,0.0,0.0,0.0,0.0,0.0,0.0,0.0,0.0,0.0,0.0,0.0,0.0,0.0,0.0,0.0,0.0,0.0,0.0,0.0,0.0,0.0,0.0,0.0,0.0,0.0,0.0,0.0,0.0,0.0,0.0,0.0,0.0,0.0,0.0,0.0,0.0,0.0,0.0,0.0,0.0,0.0,0.0,0.0,0.0,0.0,0.0,0.0,0.0,0.0,0.31843170523643494,0.6342463493347168,6.852621936559444e-08,0.34418681263923645,0.529335081577301,0.05468551069498062,0.337495893239975,0.44699957966804504,0.06952331215143204,0.3358812630176544,0.382311075925827,0.07159379124641418,0.3417750298976898,0.3275713324546814,0.0720766931772232,0.2872839570045471,0.39603522419929504,0.039288077503442764,0.35709017515182495,0.3223937749862671,0.025487618520855904,0.401390016078949,0.3262909948825836,0.014072204008698463,0.43706411123275757,0.3435564637184143,0.005823787767440081,0.286415159702301,0.40473052859306335,-0.00029599014669656754,0.3441120982170105,0.2985033392906189,-0.012056704610586166,0.38626131415367126,0.24833980202674866,-0.018960246816277504,0.420255184173584,0.21625575423240662,-0.02534235641360283,0.2939597964286804,0.4298175573348999,-0.03920525684952736,0.3357854187488556,0.3063352108001709,-0.051667891442775726,0.37003347277641296,0.24907253682613373,-0.06033889949321747,0.3964298665523529,0.19846834242343903,-0.07009021937847137,0.31267738342285156,0.45592257380485535,-0.07352247834205627,0.3107818365097046,0.3905071020126343,-0.0949823185801506,0.30117687582969666,0.3466794192790985,-0.1088329330086708,0.2924782335758209,0.29908978939056396,-0.12001711875200272
302,0.0,0.0,0.0,0.0,0.0,0.0,0.0,0.0,0.0,0.0,0.0,0.0,0.0,0.0,0.0,0.0,0.0,0.0,0.0,0.0,0.0,0.0,0.0,0.0,0.0,0.0,0.0,0.0,0.0,0.0,0.0,0.0,0.0,0.0,0.0,0.0,0.0,0.0,0.0,0.0,0.0,0.0,0.0,0.0,0.0,0.0,0.0,0.0,0.0,0.0,0.0,0.0,0.0,0.0,0.0,0.0,0.0,0.0,0.0,0.0,0.0,0.0,0.0,0.3107151985168457,0.6374058723449707,1.9516238580763456e-07,0.33657968044281006,0.543571949005127,0.052736442536115646,0.3321019411087036,0.46168121695518494,0.07077933847904205,0.32603123784065247,0.40402889251708984,0.07736857980489731,0.32974404096603394,0.3525187373161316,0.08164861053228378,0.2899931073188782,0.3982357382774353,0.04231107607483864,0.33434149622917175,0.30401691794395447,0.041547633707523346,0.35801294445991516,0.25714582204818726,0.04178931191563606,0.37748509645462036,0.22142060101032257,0.038216594606637955,0.29029780626296997,0.405975341796875,0.005655510816723108,0.3492976129055023,0.2965928316116333,-0.007756817154586315,0.3951376974582672,0.25213539600372314,-0.0131149897351861,0.4280141592025757,0.22334584593772888,-0.015670103952288628,0.2983616590499878,0.42608970403671265,-0.029542870819568634,0.3305816948413849,0.3056487739086151,-0.04494313523173332,0.3625083267688751,0.2454960197210312,-0.05583750084042549,0.38422536849975586,0.1904296875,-0.06551823765039444,0.31448662281036377,0.4491795301437378,-0.059766266494989395,0.30843162536621094,0.3839249610900879,-0.08368188887834549,0.3011210560798645,0.3403111398220062,-0.10154984146356583,0.2920941710472107,0.2949669361114502,-0.1153494119644165
303,0.0,0.0,0.0,0.0,0.0,0.0,0.0,0.0,0.0,0.0,0.0,0.0,0.0,0.0,0.0,0.0,0.0,0.0,0.0,0.0,0.0,0.0,0.0,0.0,0.0,0.0,0.0,0.0,0.0,0.0,0.0,0.0,0.0,0.0,0.0,0.0,0.0,0.0,0.0,0.0,0.0,0.0,0.0,0.0,0.0,0.0,0.0,0.0,0.0,0.0,0.0,0.0,0.0,0.0,0.0,0.0,0.0,0.0,0.0,0.0,0.0,0.0,0.0,0.31487393379211426,0.6331826448440552,2.420335363240156e-07,0.3489237129688263,0.5314925312995911,0.03979789465665817,0.34111732244491577,0.44639527797698975,0.05005292221903801,0.3339231014251709,0.3832947611808777,0.049558501690626144,0.3329654633998871,0.3285537362098694,0.04765111207962036,0.2892974317073822,0.40169766545295715,0.032079532742500305,0.3560236096382141,0.3246443569660187,0.015907462686300278,0.40146714448928833,0.3121790587902069,0.0019165121484547853,0.43810272216796875,0.3125959634780884,-0.008144243620336056,0.2864000201225281,0.4033137857913971,3.6814839404542e-05,0.33935627341270447,0.2959049344062805,-0.015967978164553642,0.38207775354385376,0.24525287747383118,-0.026022398844361305,0.41548943519592285,0.21328403055667877,-0.032508816570043564,0.2913098931312561,0.42291438579559326,-0.032317545264959335,0.32060325145721436,0.2969782054424286,-0.048256728798151016,0.348091721534729,0.23252668976783752,-0.05909606069326401,0.3681224286556244,0.17738249897956848,-0.06806417554616928,0.3084031939506531,0.4495425224304199,-0.06134709343314171,0.30748850107192993,0.3834579288959503,-0.08164982497692108,0.29826873540878296,0.3415684401988983,-0.09351661056280136,0.28773677349090576,0.29843607544898987,-0.10207299888134003
304,0.0,0.0,0.0,0.0,0.0,0.0,0.0,0.0,0.0,0.0,0.0,0.0,0.0,0.0,0.0,0.0,0.0,0.0,0.0,0.0,0.0,0.0,0.0,0.0,0.0,0.0,0.0,0.0,0.0,0.0,0.0,0.0,0.0,0.0,0.0,0.0,0.0,0.0,0.0,0.0,0.0,0.0,0.0,0.0,0.0,0.0,0.0,0.0,0.0,0.0,0.0,0.0,0.0,0.0,0.0,0.0,0.0,0.0,0.0,0.0,0.0,0.0,0.0,0.31201452016830444,0.6431370973587036,9.057367833520402e-08,0.34353959560394287,0.54557865858078,0.0486525297164917,0.3346806764602661,0.4642839729785919,0.062419112771749496,0.3251838684082031,0.4044254720211029,0.06493554264307022,0.3245149850845337,0.3507664203643799,0.0666537806391716,0.28791940212249756,0.40015003085136414,0.035566262900829315,0.3698951005935669,0.32947200536727905,0.01774892769753933,0.4199133515357971,0.3288148045539856,0.0034016778226941824,0.46294695138931274,0.3386140465736389,-0.007037815637886524,0.2861897349357605,0.40975478291511536,-0.0015582824125885963,0.3467595875263214,0.2979065775871277,-0.020420515909790993,0.39276963472366333,0.2513275742530823,-0.030207572504878044,0.4314320683479309,0.22420483827590942,-0.0366213321685791,0.2935105860233307,0.4339683949947357,-0.03875187784433365,0.3295629322528839,0.30719301104545593,-0.05722477287054062,0.36046016216278076,0.24724248051643372,-0.06875947117805481,0.384904146194458,0.1939774453639984,-0.0783914178609848,0.31318199634552,0.45799025893211365,-0.07168272882699966,0.30985498428344727,0.3918316662311554,-0.097112737596035,0.3012356162071228,0.34751203656196594,-0.1140391081571579,0.2943660318851471,0.298312783241272,-0.12642262876033783
305,0.0,0.0,0.0,0.0,0.0,0.0,0.0,0.0,0.0,0.0,0.0,0.0,0.0,0.0,0.0,0.0,0.0,0.0,0.0,0.0,0.0,0.0,0.0,0.0,0.0,0.0,0.0,0.0,0.0,0.0,0.0,0.0,0.0,0.0,0.0,0.0,0.0,0.0,0.0,0.0,0.0,0.0,0.0,0.0,0.0,0.0,0.0,0.0,0.0,0.0,0.0,0.0,0.0,0.0,0.0,0.0,0.0,0.0,0.0,0.0,0.0,0.0,0.0,0.30985504388809204,0.6493402719497681,5.176758008929028e-07,0.33352261781692505,0.5636346340179443,0.0049386885948479176,0.3236265182495117,0.47740986943244934,0.007188309449702501,0.30471962690353394,0.41184529662132263,0.006296554580330849,0.2998862564563751,0.35264721512794495,0.006382711697369814,0.29154589772224426,0.4197147786617279,0.028726795688271523,0.3736015856266022,0.338620126247406,0.01815160922706127,0.423089861869812,0.3121119439601898,0.006847970653325319,0.46382543444633484,0.29885411262512207,-0.001178525504656136,0.2914966344833374,0.41451287269592285,0.019080134108662605,0.3423057198524475,0.30255207419395447,0.010062291286885738,0.3796069324016571,0.252929151058197,0.003474092110991478,0.411111980676651,0.2147730588912964,0.0002447316946927458,0.299606055021286,0.4307304918766022,0.004897501319646835,0.32597896456718445,0.30586495995521545,-0.005959543865174055,0.35164961218833923,0.23997992277145386,-0.01785973086953163,0.3708001375198364,0.18215638399124146,-0.026467541232705116,0.31510257720947266,0.45628637075424194,-0.009245659224689007,0.3107364773750305,0.3961458206176758,-0.026969999074935913,0.2990504503250122,0.3534752428531647,-0.04202759638428688,0.28617316484451294,0.30745983123779297,-0.0522884838283062
306,0.0,0.0,0.0,0.0,0.0,0.0,0.0,0.0,0.0,0.0,0.0,0.0,0.0,0.0,0.0,0.0,0.0,0.0,0.0,0.0,0.0,0.0,0.0,0.0,0.0,0.0,0.0,0.0,0.0,0.0,0.0,0.0,0.0,0.0,0.0,0.0,0.0,0.0,0.0,0.0,0.0,0.0,0.0,0.0,0.0,0.0,0.0,0.0,0.0,0.0,0.0,0.0,0.0,0.0,0.0,0.0,0.0,0.0,0.0,0.0,0.0,0.0,0.0,0.3111397922039032,0.6414248943328857,3.6135304526396794e-07,0.34089505672454834,0.551085889339447,0.010842803865671158,0.3335435390472412,0.4615780711174011,0.012085889466106892,0.32589390873908997,0.3925302028656006,0.009401759132742882,0.3248610496520996,0.32935792207717896,0.0077642579562962055,0.2886291742324829,0.4052533805370331,0.014615916647017002,0.36006036400794983,0.3227050304412842,-0.000265210255747661,0.4053778350353241,0.31269869208335876,-0.011799619533121586,0.44146138429641724,0.3152313828468323,-0.01934588886797428,0.2897430956363678,0.4064827859401703,-0.0003533892740961164,0.3384215533733368,0.3005290627479553,-0.012494734488427639,0.3756796717643738,0.2493210881948471,-0.020952841266989708,0.40693268179893494,0.2135387361049652,-0.02706325240433216,0.29908066987991333,0.42770665884017944,-0.017889298498630524,0.3352268636226654,0.31125903129577637,-0.032063838094472885,0.3697914481163025,0.2533215880393982,-0.04373698681592941,0.39643967151641846,0.2049134224653244,-0.05303192883729935,0.3175608515739441,0.4564882814884186,-0.03441770374774933,0.3130587637424469,0.3928358554840088,-0.053277239203453064,0.3044818341732025,0.3472953736782074,-0.06632576882839203,0.2965642511844635,0.30130770802497864,-0.07560868561267853
307,0.0,0.0,0.0,0.0,0.0,0.0,0.0,0.0,0.0,0.0,0.0,0.0,0.0,0.0,0.0,0.0,0.0,0.0,0.0,0.0,0.0,0.0,0.0,0.0,0.0,0.0,0.0,0.0,0.0,0.0,0.0,0.0,0.0,0.0,0.0,0.0,0.0,0.0,0.0,0.0,0.0,0.0,0.0,0.0,0.0,0.0,0.0,0.0,0.0,0.0,0.0,0.0,0.0,0.0,0.0,0.0,0.0,0.0,0.0,0.0,0.0,0.0,0.0,0.3144431710243225,0.6387850642204285,2.4775272322585806e-07,0.3436642587184906,0.5478532314300537,0.030939102172851562,0.33333367109298706,0.46288150548934937,0.040299609303474426,0.3202148973941803,0.40175551176071167,0.04249231144785881,0.3153674006462097,0.34635379910469055,0.04380776360630989,0.2924222946166992,0.4072282612323761,0.023589778691530228,0.3635799288749695,0.3253837525844574,0.013798896223306656,0.4066709280014038,0.3051897883415222,0.00692026549950242,0.4423028826713562,0.29470986127853394,0.000668878376018256,0.29269737005233765,0.4100647270679474,-0.0018119524465873837,0.3461606800556183,0.2984941601753235,-0.014190987683832645,0.38663050532341003,0.25370854139328003,-0.019218305125832558,0.4186408519744873,0.22671426832675934,-0.02198166958987713,0.3009566366672516,0.4327847361564636,-0.02774020843207836,0.332824170589447,0.3061552345752716,-0.042500317096710205,0.3639003336429596,0.242773175239563,-0.053133416920900345,0.38746243715286255,0.1865038126707077,-0.062433306127786636,0.31957656145095825,0.46130821108818054,-0.05050667002797127,0.312100887298584,0.40010306239128113,-0.07509936392307281,0.3057631552219391,0.3581344485282898,-0.09190721064805984,0.29980921745300293,0.3128969073295593,-0.10383204370737076
308,0.0,0.0,0.0,0.0,0.0,0.0,0.0,0.0,0.0,0.0,0.0,0.0,0.0,0.0,0.0,0.0,0.0,0.0,0.0,0.0,0.0,0.0,0.0,0.0,0.0,0.0,0.0,0.0,0.0,0.0,0.0,0.0,0.0,0.0,0.0,0.0,0.0,0.0,0.0,0.0,0.0,0.0,0.0,0.0,0.0,0.0,0.0,0.0,0.0,0.0,0.0,0.0,0.0,0.0,0.0,0.0,0.0,0.0,0.0,0.0,0.0,0.0,0.0,0.31264641880989075,0.6437341570854187,3.0304369147415855e-07,0.34118330478668213,0.5499262809753418,0.029788661748170853,0.3326258361339569,0.46214306354522705,0.03712470829486847,0.32347118854522705,0.3999498188495636,0.036980800330638885,0.3242346942424774,0.3452188968658447,0.03569750860333443,0.2870877683162689,0.407672643661499,0.01967630907893181,0.34537285566329956,0.31880930066108704,0.009790095500648022,0.37992507219314575,0.2833060324192047,0.002418198622763157,0.4098631739616394,0.25825464725494385,-0.005138271488249302,0.29073813557624817,0.4131045937538147,-0.006930218078196049,0.3428097069263458,0.3010387122631073,-0.02264178916811943,0.38532912731170654,0.2521958649158478,-0.031267691403627396,0.420152485370636,0.22035528719425201,-0.0366111621260643,0.3013162612915039,0.4365127682685852,-0.03349125757813454,0.3358055055141449,0.31024396419525146,-0.05113740637898445,0.37126532196998596,0.24959395825862885,-0.0629233792424202,0.39813724160194397,0.1971474438905716,-0.0724966898560524,0.32130709290504456,0.4647389054298401,-0.05692892521619797,0.31557825207710266,0.39620938897132874,-0.08046464622020721,0.3072202503681183,0.35094690322875977,-0.09555371850728989,0.2975030839443207,0.3052183985710144,-0.10656540095806122
309,0.0,0.0,0.0,0.0,0.0,0.0,0.0,0.0,0.0,0.0,0.0,0.0,0.0,0.0,0.0,0.0,0.0,0.0,0.0,0.0,0.0,0.0,0.0,0.0,0.0,0.0,0.0,0.0,0.0,0.0,0.0,0.0,0.0,0.0,0.0,0.0,0.0,0.0,0.0,0.0,0.0,0.0,0.0,0.0,0.0,0.0,0.0,0.0,0.0,0.0,0.0,0.0,0.0,0.0,0.0,0.0,0.0,0.0,0.0,0.0,0.0,0.0,0.0,0.3098887801170349,0.6385631561279297,1.890062861775732e-07,0.34002888202667236,0.536938488483429,0.04902747645974159,0.3346969187259674,0.4501625597476959,0.06233780086040497,0.32872357964515686,0.3864264190196991,0.0644114762544632,0.3343202769756317,0.3302803039550781,0.06398949027061462,0.29064056277275085,0.395557165145874,0.031021850183606148,0.3411743938922882,0.3020551800727844,0.02528485655784607,0.36920759081840515,0.26155808568000793,0.022023474797606468,0.3947351574897766,0.22974596917629242,0.01586233451962471,0.29163044691085815,0.41002222895622253,-0.005875489208847284,0.3508133590221405,0.29864221811294556,-0.022169727832078934,0.39505523443222046,0.2566102147102356,-0.029102815315127373,0.4292868971824646,0.23002561926841736,-0.03310971334576607,0.3007011413574219,0.437527060508728,-0.041010476648807526,0.334266722202301,0.30898743867874146,-0.05850870907306671,0.3677670657634735,0.2476571500301361,-0.06943270564079285,0.3937615752220154,0.19260677695274353,-0.07952675968408585,0.31951385736465454,0.466441810131073,-0.07138419151306152,0.31100934743881226,0.40020284056663513,-0.09841982275247574,0.3049544095993042,0.3554432690143585,-0.11680660396814346,0.29953324794769287,0.30970072746276855,-0.13058502972126007
310,0.0,0.0,0.0,0.0,0.0,0.0,0.0,0.0,0.0,0.0,0.0,0.0,0.0,0.0,0.0,0.0,0.0,0.0,0.0,0.0,0.0,0.0,0.0,0.0,0.0,0.0,0.0,0.0,0.0,0.0,0.0,0.0,0.0,0.0,0.0,0.0,0.0,0.0,0.0,0.0,0.0,0.0,0.0,0.0,0.0,0.0,0.0,0.0,0.0,0.0,0.0,0.0,0.0,0.0,0.0,0.0,0.0,0.0,0.0,0.0,0.0,0.0,0.0,0.3133874833583832,0.635612964630127,2.9154301728340215e-07,0.3467469811439514,0.5414185523986816,0.03204241767525673,0.3391827344894409,0.4558032751083374,0.04085143283009529,0.32900819182395935,0.39086687564849854,0.04136497154831886,0.32661449909210205,0.33494558930397034,0.04047664627432823,0.2941521406173706,0.40910202264785767,0.024114256724715233,0.3670364022254944,0.33099016547203064,0.010244466364383698,0.41358229517936707,0.30783528089523315,-0.0006360626430250704,0.4516300559043884,0.295543909072876,-0.009339092299342155,0.2938046455383301,0.40957891941070557,-0.003116642590612173,0.3401183485984802,0.2985856533050537,-0.018248628824949265,0.3783861994743347,0.2463243007659912,-0.025996284559369087,0.4084080457687378,0.21208015084266663,-0.030707620084285736,0.30083000659942627,0.43126022815704346,-0.030825452879071236,0.32628312706947327,0.30086052417755127,-0.04893040657043457,0.3547717332839966,0.2365027219057083,-0.06060945615172386,0.37586021423339844,0.18058544397354126,-0.06955115497112274,0.3174646198749542,0.461029976606369,-0.05532857030630112,0.3132568299770355,0.4015149474143982,-0.0814608559012413,0.30430805683135986,0.359103262424469,-0.09780792891979218,0.2944019138813019,0.3142275810241699,-0.10877028852701187
311,0.0,0.0,0.0,0.0,0.0,0.0,0.0,0.0,0.0,0.0,0.0,0.0,0.0,0.0,0.0,0.0,0.0,0.0,0.0,0.0,0.0,0.0,0.0,0.0,0.0,0.0,0.0,0.0,0.0,0.0,0.0,0.0,0.0,0.0,0.0,0.0,0.0,0.0,0.0,0.0,0.0,0.0,0.0,0.0,0.0,0.0,0.0,0.0,0.0,0.0,0.0,0.0,0.0,0.0,0.0,0.0,0.0,0.0,0.0,0.0,0.0,0.0,0.0,0.31129831075668335,0.6385462284088135,1.7304977006915578e-07,0.3394722044467926,0.5406568050384521,0.04186458885669708,0.33241742849349976,0.4545019865036011,0.05609152838587761,0.3280099034309387,0.38906705379486084,0.06050105020403862,0.3286377191543579,0.33060920238494873,0.0645129457116127,0.2851254642009735,0.4025808572769165,0.03784859925508499,0.35828009247779846,0.32233741879463196,0.02699238620698452,0.40550655126571655,0.3132750391960144,0.01652408577501774,0.44516679644584656,0.3176504075527191,0.009027491323649883,0.28637033700942993,0.4082707464694977,0.007218929007649422,0.33437544107437134,0.2982335090637207,-0.00014921628462616354,0.3724116086959839,0.24344757199287415,-0.0070793963968753815,0.4046099781990051,0.206686869263649,-0.014086250215768814,0.2957631051540375,0.43038877844810486,-0.02382347173988819,0.3391663134098053,0.3096383810043335,-0.03398621082305908,0.37865617871284485,0.2579030394554138,-0.043324802070856094,0.4081653356552124,0.2144431173801422,-0.053195707499980927,0.3153024911880493,0.45418649911880493,-0.05140933766961098,0.31241944432258606,0.3870343863964081,-0.06968673318624496,0.3015182614326477,0.3452279567718506,-0.08253627270460129,0.2909408211708069,0.3010006844997406,-0.09296941012144089
312,0.0,0.0,0.0,0.0,0.0,0.0,0.0,0.0,0.0,0.0,0.0,0.0,0.0,0.0,0.0,0.0,0.0,0.0,0.0,0.0,0.0,0.0,0.0,0.0,0.0,0.0,0.0,0.0,0.0,0.0,0.0,0.0,0.0,0.0,0.0,0.0,0.0,0.0,0.0,0.0,0.0,0.0,0.0,0.0,0.0,0.0,0.0,0.0,0.0,0.0,0.0,0.0,0.0,0.0,0.0,0.0,0.0,0.0,0.0,0.0,0.0,0.0,0.0,0.3169846534729004,0.633521556854248,3.0256620675572776e-07,0.3484443724155426,0.5401984453201294,0.02538996748626232,0.3392481207847595,0.4565412998199463,0.027836456894874573,0.32486027479171753,0.39574748277664185,0.02414584904909134,0.32440170645713806,0.3420112133026123,0.019729020074009895,0.29229235649108887,0.4046666622161865,0.008363080210983753,0.3738246560096741,0.3259098529815674,-0.009927882812917233,0.41999372839927673,0.304695188999176,-0.021960178390145302,0.4615565538406372,0.29267823696136475,-0.03211849555373192,0.2927088141441345,0.4105778634548187,-0.017407862469553947,0.3537350594997406,0.29837292432785034,-0.042093295603990555,0.39866623282432556,0.26473677158355713,-0.0515415258705616,0.4352516531944275,0.24586358666419983,-0.05518527701497078,0.30125945806503296,0.43567097187042236,-0.04349786043167114,0.3309606909751892,0.3011479675769806,-0.06829198449850082,0.35863593220710754,0.23709040880203247,-0.08046577125787735,0.38018596172332764,0.1778741180896759,-0.08861163258552551,0.32089564204216003,0.46542447805404663,-0.06644392013549805,0.31248921155929565,0.40497729182243347,-0.09655840694904327,0.30369460582733154,0.36297351121902466,-0.1136053279042244,0.2954559922218323,0.3149644434452057,-0.12471792101860046
313,0.0,0.0,0.0,0.0,0.0,0.0,0.0,0.0,0.0,0.0,0.0,0.0,0.0,0.0,0.0,0.0,0.0,0.0,0.0,0.0,0.0,0.0,0.0,0.0,0.0,0.0,0.0,0.0,0.0,0.0,0.0,0.0,0.0,0.0,0.0,0.0,0.0,0.0,0.0,0.0,0.0,0.0,0.0,0.0,0.0,0.0,0.0,0.0,0.0,0.0,0.0,0.0,0.0,0.0,0.0,0.0,0.0,0.0,0.0,0.0,0.0,0.0,0.0,0.31474047899246216,0.6325878500938416,2.6256660135004495e-07,0.3433387875556946,0.5402330160140991,0.027400650084018707,0.3335733115673065,0.45609527826309204,0.03382401913404465,0.3234650194644928,0.39456355571746826,0.03369693085551262,0.3239327669143677,0.3405264616012573,0.03326961025595665,0.28659021854400635,0.4021531343460083,0.01686270162463188,0.3712395131587982,0.3299519419670105,-0.0011051136534661055,0.42012906074523926,0.3172890245914459,-0.015375441871583462,0.4629078507423401,0.31746602058410645,-0.025730712339282036,0.28723591566085815,0.4070393443107605,-0.008291898295283318,0.3447651267051697,0.2968387305736542,-0.02479131706058979,0.38389089703559875,0.2481871396303177,-0.03391396254301071,0.417802095413208,0.2160472571849823,-0.040098637342453,0.29725125432014465,0.4313659369945526,-0.034290432929992676,0.33692237734794617,0.3044453263282776,-0.05238424986600876,0.3698666989803314,0.2476842701435089,-0.06333902478218079,0.39593076705932617,0.1973017454147339,-0.07209423184394836,0.3189113438129425,0.45860445499420166,-0.057614825665950775,0.31543025374412537,0.3962739408016205,-0.08287863433361053,0.3056480586528778,0.35503360629081726,-0.09818767011165619,0.2969173789024353,0.3084968030452728,-0.10865962505340576
314,0.0,0.0,0.0,0.0,0.0,0.0,0.0,0.0,0.0,0.0,0.0,0.0,0.0,0.0,0.0,0.0,0.0,0.0,0.0,0.0,0.0,0.0,0.0,0.0,0.0,0.0,0.0,0.0,0.0,0.0,0.0,0.0,0.0,0.0,0.0,0.0,0.0,0.0,0.0,0.0,0.0,0.0,0.0,0.0,0.0,0.0,0.0,0.0,0.0,0.0,0.0,0.0,0.0,0.0,0.0,0.0,0.0,0.0,0.0,0.0,0.0,0.0,0.0,0.3079030513763428,0.6427356600761414,1.2100824164917867e-07,0.337394654750824,0.5502426624298096,0.03913094475865364,0.3320479393005371,0.46460312604904175,0.053548410534858704,0.32675790786743164,0.40196430683135986,0.059455666691064835,0.3323073387145996,0.3477160632610321,0.06513937562704086,0.28589141368865967,0.40696007013320923,0.03626764565706253,0.3686619699001312,0.3340004086494446,0.025073297321796417,0.41846638917922974,0.3270092308521271,0.015011068433523178,0.4605368375778198,0.32994160056114197,0.007171827368438244,0.28807613253593445,0.41294994950294495,0.007447616197168827,0.34748244285583496,0.30334001779556274,-0.006023305002599955,0.3931804597377777,0.2633584141731262,-0.013214105740189552,0.4309539496898651,0.2404583841562271,-0.016914941370487213,0.2989141345024109,0.43664824962615967,-0.022079922258853912,0.3377920687198639,0.3115698993206024,-0.03648487478494644,0.3710060715675354,0.2491551786661148,-0.048075057566165924,0.3962993025779724,0.19444431364536285,-0.05711584538221359,0.3203802704811096,0.4618931710720062,-0.04791981726884842,0.31577157974243164,0.3942282795906067,-0.06873753666877747,0.3044678270816803,0.3508138656616211,-0.08356377482414246,0.2935025095939636,0.30318140983581543,-0.09440620988607407
315,0.0,0.0,0.0,0.0,0.0,0.0,0.0,0.0,0.0,0.0,0.0,0.0,0.0,0.0,0.0,0.0,0.0,0.0,0.0,0.0,0.0,0.0,0.0,0.0,0.0,0.0,0.0,0.0,0.0,0.0,0.0,0.0,0.0,0.0,0.0,0.0,0.0,0.0,0.0,0.0,0.0,0.0,0.0,0.0,0.0,0.0,0.0,0.0,0.0,0.0,0.0,0.0,0.0,0.0,0.0,0.0,0.0,0.0,0.0,0.0,0.0,0.0,0.0,0.3124673366546631,0.6420904994010925,2.861509642571036e-07,0.34287968277931213,0.5470825433731079,0.04460306093096733,0.33725935220718384,0.4632464647293091,0.05769416689872742,0.3292157053947449,0.39909905195236206,0.06064359471201897,0.3310263156890869,0.3429601788520813,0.06196397542953491,0.292033314704895,0.4190899729728699,0.030643422156572342,0.3717244863510132,0.3390906751155853,0.016506260260939598,0.42162832617759705,0.31319141387939453,0.004955528303980827,0.4645049273967743,0.29855865240097046,-0.004383221734315157,0.2931208908557892,0.42063087224960327,-0.0024963899049907923,0.34310638904571533,0.3019537031650543,-0.017241455614566803,0.3840327858924866,0.24858945608139038,-0.024450337514281273,0.41658273339271545,0.21299788355827332,-0.02940797619521618,0.3011304438114166,0.43986135721206665,-0.03501012548804283,0.32618552446365356,0.2965683937072754,-0.05117293447256088,0.35208356380462646,0.23278403282165527,-0.06117584928870201,0.3712804615497589,0.17620357871055603,-0.07002448290586472,0.31936854124069214,0.4628458321094513,-0.0633431151509285,0.3155950605869293,0.39792749285697937,-0.08853223919868469,0.3062382936477661,0.3550843596458435,-0.10452493280172348,0.2963334321975708,0.3076986074447632,-0.1157722920179367
316,0.0,0.0,0.0,0.0,0.0,0.0,0.0,0.0,0.0,0.0,0.0,0.0,0.0,0.0,0.0,0.0,0.0,0.0,0.0,0.0,0.0,0.0,0.0,0.0,0.0,0.0,0.0,0.0,0.0,0.0,0.0,0.0,0.0,0.0,0.0,0.0,0.0,0.0,0.0,0.0,0.0,0.0,0.0,0.0,0.0,0.0,0.0,0.0,0.0,0.0,0.0,0.0,0.0,0.0,0.0,0.0,0.0,0.0,0.0,0.0,0.0,0.0,0.0,0.31430763006210327,0.6469762921333313,3.0934398864701507e-07,0.34394553303718567,0.5550573468208313,0.02895929478108883,0.32961300015449524,0.472864031791687,0.03652681037783623,0.3115517497062683,0.4133170247077942,0.03510156273841858,0.3072672188282013,0.35978925228118896,0.03283853456377983,0.2953014373779297,0.41736066341400146,0.030918223783373833,0.3664197325706482,0.3322902023792267,0.01560247503221035,0.41403260827064514,0.31387048959732056,0.0019042062340304255,0.4537031054496765,0.3087646961212158,-0.008096450939774513,0.29677432775497437,0.4154263734817505,0.0041245329193770885,0.34226733446121216,0.30188649892807007,-0.00910709984600544,0.38128989934921265,0.24831603467464447,-0.018022704869508743,0.4131995141506195,0.2119656801223755,-0.024976912885904312,0.3028915226459503,0.43422338366508484,-0.02488843724131584,0.3306061923503876,0.3052665591239929,-0.03984111547470093,0.36040306091308594,0.24385608732700348,-0.05143928527832031,0.3824811577796936,0.19087821245193481,-0.06165925785899162,0.31653791666030884,0.459442675113678,-0.051752202212810516,0.3121083378791809,0.39441078901290894,-0.07397392392158508,0.30340516567230225,0.35043099522590637,-0.08966939896345139,0.2937244772911072,0.30499905347824097,-0.10149400681257248
317,0.0,0.0,0.0,0.0,0.0,0.0,0.0,0.0,0.0,0.0,0.0,0.0,0.0,0.0,0.0,0.0,0.0,0.0,0.0,0.0,0.0,0.0,0.0,0.0,0.0,0.0,0.0,0.0,0.0,0.0,0.0,0.0,0.0,0.0,0.0,0.0,0.0,0.0,0.0,0.0,0.0,0.0,0.0,0.0,0.0,0.0,0.0,0.0,0.0,0.0,0.0,0.0,0.0,0.0,0.0,0.0,0.0,0.0,0.0,0.0,0.0,0.0,0.0,0.30610916018486023,0.6483374834060669,2.828635956575454e-07,0.33576077222824097,0.5623605251312256,0.02525096945464611,0.32676103711128235,0.4738890528678894,0.0329546295106411,0.31279823184013367,0.40960317850112915,0.03388058766722679,0.30857065320014954,0.35072943568229675,0.035152532160282135,0.2922672927379608,0.4175716042518616,0.02785601280629635,0.3752056658267975,0.34316059947013855,0.012889589183032513,0.4286520779132843,0.3291052579879761,2.2290660126600415e-05,0.4716874957084656,0.32676565647125244,-0.009080653078854084,0.2928510308265686,0.4152991473674774,0.00502600846812129,0.3415586054325104,0.3037353754043579,-0.007589849177747965,0.3809841275215149,0.2551702857017517,-0.013893975876271725,0.41313084959983826,0.22234469652175903,-0.017686812207102776,0.3003997504711151,0.4348472058773041,-0.02010207064449787,0.33082109689712524,0.30421963334083557,-0.03413274511694908,0.3613050878047943,0.24085399508476257,-0.04397678002715111,0.3852256238460541,0.18405193090438843,-0.052051834762096405,0.31721723079681396,0.46077266335487366,-0.043269768357276917,0.31161341071128845,0.3994632363319397,-0.0643668919801712,0.30056631565093994,0.3555089235305786,-0.07897697389125824,0.28951963782310486,0.30597594380378723,-0.08947481960058212
318,0.0,0.0,0.0,0.0,0.0,0.0,0.0,0.0,0.0,0.0,0.0,0.0,0.0,0.0,0.0,0.0,0.0,0.0,0.0,0.0,0.0,0.0,0.0,0.0,0.0,0.0,0.0,0.0,0.0,0.0,0.0,0.0,0.0,0.0,0.0,0.0,0.0,0.0,0.0,0.0,0.0,0.0,0.0,0.0,0.0,0.0,0.0,0.0,0.0,0.0,0.0,0.0,0.0,0.0,0.0,0.0,0.0,0.0,0.0,0.0,0.0,0.0,0.0,0.30734965205192566,0.6421878933906555,5.231424324847467e-07,0.3344917595386505,0.5566136837005615,0.005824096500873566,0.3230859339237213,0.46860602498054504,0.005966388154774904,0.3018878102302551,0.40528178215026855,0.002625111024826765,0.2944355010986328,0.3471270799636841,9.06290442799218e-05,0.2980857789516449,0.4132828116416931,0.0145674217492342,0.3719467520713806,0.3311031460762024,-0.001357531058602035,0.4237123727798462,0.30609822273254395,-0.013796759769320488,0.4669192135334015,0.2943521738052368,-0.02218908630311489,0.29678505659103394,0.40898779034614563,0.0020222014281898737,0.34690019488334656,0.3039568066596985,-0.012203979305922985,0.3885624408721924,0.2546781301498413,-0.019010595977306366,0.42256659269332886,0.22064711153507233,-0.022287407889962196,0.3008716404438019,0.4272550046443939,-0.01437428593635559,0.3207460641860962,0.3071362376213074,-0.02954096347093582,0.3427891731262207,0.23872360587120056,-0.04244976118206978,0.36027270555496216,0.17863526940345764,-0.05181124806404114,0.313334196805954,0.4562022089958191,-0.030403805896639824,0.30468273162841797,0.3978464603424072,-0.05090589448809624,0.2931101620197296,0.3548048138618469,-0.06648753583431244,0.28144100308418274,0.31010183691978455,-0.0770895779132843
319,0.0,0.0,0.0,0.0,0.0,0.0,0.0,0.0,0.0,0.0,0.0,0.0,0.0,0.0,0.0,0.0,0.0,0.0,0.0,0.0,0.0,0.0,0.0,0.0,0.0,0.0,0.0,0.0,0.0,0.0,0.0,0.0,0.0,0.0,0.0,0.0,0.0,0.0,0.0,0.0,0.0,0.0,0.0,0.0,0.0,0.0,0.0,0.0,0.0,0.0,0.0,0.0,0.0,0.0,0.0,0.0,0.0,0.0,0.0,0.0,0.0,0.0,0.0,0.30820900201797485,0.6284307241439819,4.0918692434388504e-07,0.3364408016204834,0.5389177799224854,0.02498391829431057,0.32776108384132385,0.45490553975105286,0.029502106830477715,0.3118837773799896,0.3947654962539673,0.0269851703196764,0.30701225996017456,0.339269757270813,0.02391958422958851,0.29727664589881897,0.4018985629081726,0.014639217406511307,0.37386223673820496,0.32656556367874146,-0.00451250234618783,0.4247218072414398,0.3062041997909546,-0.01852342113852501,0.46913427114486694,0.2981635630130768,-0.02853994630277157,0.2948649525642395,0.40231266617774963,-0.010081572458148003,0.34258463978767395,0.29717981815338135,-0.028415389358997345,0.38374263048171997,0.24636472761631012,-0.03608592599630356,0.4189823865890503,0.21409720182418823,-0.0406094528734684,0.29715242981910706,0.42412376403808594,-0.036252837628126144,0.32070761919021606,0.2986528277397156,-0.05531656742095947,0.34391817450523376,0.23247291147708893,-0.0670207142829895,0.3635328412055969,0.17318665981292725,-0.07615860551595688,0.3104085624217987,0.45464226603507996,-0.0600321888923645,0.30504876375198364,0.39656656980514526,-0.08472086489200592,0.2954031229019165,0.3535989224910736,-0.10006731003522873,0.2858723998069763,0.30663055181503296,-0.11071687191724777
320,0.0,0.0,0.0,0.0,0.0,0.0,0.0,0.0,0.0,0.0,0.0,0.0,0.0,0.0,0.0,0.0,0.0,0.0,0.0,0.0,0.0,0.0,0.0,0.0,0.0,0.0,0.0,0.0,0.0,0.0,0.0,0.0,0.0,0.0,0.0,0.0,0.0,0.0,0.0,0.0,0.0,0.0,0.0,0.0,0.0,0.0,0.0,0.0,0.0,0.0,0.0,0.0,0.0,0.0,0.0,0.0,0.0,0.0,0.0,0.0,0.0,0.0,0.0,0.308951735496521,0.6308721303939819,7.759582132393916e-08,0.338652640581131,0.5278453230857849,0.06176357343792915,0.3321751058101654,0.4496961534023285,0.07768016308546066,0.32906782627105713,0.3907206952571869,0.07867135107517242,0.33640366792678833,0.3384312093257904,0.076893649995327,0.28995656967163086,0.39305007457733154,0.03971457481384277,0.34652891755104065,0.31069156527519226,0.02976573072373867,0.3818819522857666,0.30236637592315674,0.022981315851211548,0.41310834884643555,0.30735766887664795,0.016494575887918472,0.28677499294281006,0.40336325764656067,-0.006064239423722029,0.34127917885780334,0.2983280420303345,-0.019046245142817497,0.3824301064014435,0.2476912885904312,-0.025785066187381744,0.4168417751789093,0.21727842092514038,-0.03225424885749817,0.2905336022377014,0.4292260408401489,-0.05017354339361191,0.3374565839767456,0.31131711602211,-0.06458064168691635,0.377876877784729,0.258584201335907,-0.07423993200063705,0.4096582233905792,0.21265584230422974,-0.08481454104185104,0.30620208382606506,0.456997275352478,-0.08903437852859497,0.3004083037376404,0.38783159852027893,-0.11118810623884201,0.2899223864078522,0.3425157070159912,-0.12601612508296967,0.28155702352523804,0.29651594161987305,-0.13853208720684052
321,0.0,0.0,0.0,0.0,0.0,0.0,0.0,0.0,0.0,0.0,0.0,0.0,0.0,0.0,0.0,0.0,0.0,0.0,0.0,0.0,0.0,0.0,0.0,0.0,0.0,0.0,0.0,0.0,0.0,0.0,0.0,0.0,0.0,0.0,0.0,0.0,0.0,0.0,0.0,0.0,0.0,0.0,0.0,0.0,0.0,0.0,0.0,0.0,0.0,0.0,0.0,0.0,0.0,0.0,0.0,0.0,0.0,0.0,0.0,0.0,0.0,0.0,0.0,0.31075313687324524,0.6367287039756775,1.6779917189069238e-07,0.343437135219574,0.5361344814300537,0.04748356714844704,0.3362407684326172,0.45128393173217773,0.06073041632771492,0.3293841481208801,0.38436245918273926,0.06224088743329048,0.3330741226673126,0.324675589799881,0.06258833408355713,0.2861054539680481,0.4049578309059143,0.038511767983436584,0.36079031229019165,0.33034220337867737,0.023460622876882553,0.40949347615242004,0.3195725977420807,0.009755712933838367,0.45002734661102295,0.3234010338783264,-0.0003612913133110851,0.2839229106903076,0.408708393573761,0.0019910058472305536,0.32811877131462097,0.2971130609512329,-0.010648046620190144,0.36640575528144836,0.2403625100851059,-0.020087670534849167,0.39818987250328064,0.20450960099697113,-0.02835416980087757,0.291049063205719,0.42981448769569397,-0.03446828946471214,0.3275989294052124,0.302503377199173,-0.04867856204509735,0.36295273900032043,0.24553167819976807,-0.05848502367734909,0.38919124007225037,0.1978405863046646,-0.06841058284044266,0.3109222948551178,0.45298999547958374,-0.06705418974161148,0.3053068518638611,0.3884498178958893,-0.0901186391711235,0.29154112935066223,0.3472754955291748,-0.10459677875041962,0.2789640724658966,0.3029692471027374,-0.1156655102968216
322,0.0,0.0,0.0,0.0,0.0,0.0,0.0,0.0,0.0,0.0,0.0,0.0,0.0,0.0,0.0,0.0,0.0,0.0,0.0,0.0,0.0,0.0,0.0,0.0,0.0,0.0,0.0,0.0,0.0,0.0,0.0,0.0,0.0,0.0,0.0,0.0,0.0,0.0,0.0,0.0,0.0,0.0,0.0,0.0,0.0,0.0,0.0,0.0,0.0,0.0,0.0,0.0,0.0,0.0,0.0,0.0,0.0,0.0,0.0,0.0,0.0,0.0,0.0,0.30669236183166504,0.6432440280914307,2.2197380644684017e-07,0.3360276520252228,0.5450743436813354,0.05849117040634155,0.3294292986392975,0.4612877368927002,0.08063451945781708,0.31965577602386475,0.3985497057437897,0.08873409032821655,0.3151051998138428,0.3422272503376007,0.09485656768083572,0.2893156409263611,0.4071449339389801,0.06194506213068962,0.3682210445404053,0.32917648553848267,0.0556204617023468,0.418243944644928,0.302827388048172,0.0461898148059845,0.4603169858455658,0.2913898527622223,0.03794242441654205,0.28596749901771545,0.40821030735969543,0.022255605086684227,0.3305089771747589,0.29253387451171875,0.017745129764080048,0.36716458201408386,0.23521816730499268,0.013008004985749722,0.3966690003871918,0.19537220895290375,0.007938637398183346,0.2924399971961975,0.42606452107429504,-0.01780232973396778,0.32351619005203247,0.295754075050354,-0.026234116405248642,0.3543757498264313,0.2348191887140274,-0.03526759892702103,0.3762422204017639,0.1807251274585724,-0.0451490692794323,0.30971288681030273,0.446632444858551,-0.0535145178437233,0.30603349208831787,0.38358137011528015,-0.07446042448282242,0.2934868335723877,0.34248560667037964,-0.09040776640176773,0.2809896171092987,0.2983611822128296,-0.10283368825912476
323,0.0,0.0,0.0,0.0,0.0,0.0,0.0,0.0,0.0,0.0,0.0,0.0,0.0,0.0,0.0,0.0,0.0,0.0,0.0,0.0,0.0,0.0,0.0,0.0,0.0,0.0,0.0,0.0,0.0,0.0,0.0,0.0,0.0,0.0,0.0,0.0,0.0,0.0,0.0,0.0,0.0,0.0,0.0,0.0,0.0,0.0,0.0,0.0,0.0,0.0,0.0,0.0,0.0,0.0,0.0,0.0,0.0,0.0,0.0,0.0,0.0,0.0,0.0,0.3038730323314667,0.6420450806617737,1.7256255091524508e-07,0.33616557717323303,0.5442391633987427,0.04390975832939148,0.324282705783844,0.46513885259628296,0.05696028470993042,0.3086383640766144,0.4070165753364563,0.05746179074048996,0.3028238117694855,0.35283687710762024,0.056636542081832886,0.29221469163894653,0.40975600481033325,0.04426009953022003,0.35444560647010803,0.32503360509872437,0.028946734964847565,0.3996467590332031,0.31763848662376404,0.015124691650271416,0.4353744685649872,0.32620999217033386,0.006294241175055504,0.2916630506515503,0.41188153624534607,0.009450472891330719,0.33350276947021484,0.2985242009162903,-0.0026115397922694683,0.37428218126296997,0.24153122305870056,-0.01126830279827118,0.40763530135154724,0.20412728190422058,-0.018148817121982574,0.29584839940071106,0.43216195702552795,-0.027020057663321495,0.32119691371917725,0.3042420744895935,-0.03965705633163452,0.35146597027778625,0.24240803718566895,-0.05041360482573509,0.3750896453857422,0.1889456957578659,-0.0605144277215004,0.3083514869213104,0.45743876695632935,-0.06037101894617081,0.29890337586402893,0.3882924020290375,-0.07968538254499435,0.28742995858192444,0.3419725298881531,-0.0939284935593605,0.27773043513298035,0.2953900098800659,-0.10517610609531403
324,0.0,0.0,0.0,0.0,0.0,0.0,0.0,0.0,0.0,0.0,0.0,0.0,0.0,0.0,0.0,0.0,0.0,0.0,0.0,0.0,0.0,0.0,0.0,0.0,0.0,0.0,0.0,0.0,0.0,0.0,0.0,0.0,0.0,0.0,0.0,0.0,0.0,0.0,0.0,0.0,0.0,0.0,0.0,0.0,0.0,0.0,0.0,0.0,0.0,0.0,0.0,0.0,0.0,0.0,0.0,0.0,0.0,0.0,0.0,0.0,0.0,0.0,0.0,0.31067439913749695,0.6354381442070007,1.8503854448681523e-07,0.3425390124320984,0.5377876162528992,0.04639647528529167,0.3311758041381836,0.4564030170440674,0.05757913738489151,0.31778618693351746,0.3932467997074127,0.05584294721484184,0.31247642636299133,0.33685004711151123,0.052432287484407425,0.2935870289802551,0.4030977487564087,0.03745441883802414,0.3627924621105194,0.3303826153278351,0.02019239217042923,0.4092272222042084,0.3217914402484894,0.005996301770210266,0.44769835472106934,0.32662200927734375,-0.004532892722636461,0.29040297865867615,0.4070470333099365,-0.0008978726691566408,0.33501335978507996,0.29867154359817505,-0.015973273664712906,0.3746955692768097,0.24624164402484894,-0.023857222869992256,0.4067411720752716,0.21101510524749756,-0.03050549142062664,0.29239919781684875,0.4282113015651703,-0.04013087600469589,0.3238033652305603,0.30152779817581177,-0.05699671059846878,0.3548600971698761,0.24205642938613892,-0.06643559783697128,0.3788380026817322,0.18957802653312683,-0.07581357657909393,0.3051169514656067,0.4533621370792389,-0.07595780491828918,0.2997339367866516,0.39277052879333496,-0.10178715735673904,0.2883930206298828,0.3503945767879486,-0.11772582679986954,0.27760040760040283,0.3053865432739258,-0.12975016236305237
325,0.0,0.0,0.0,0.0,0.0,0.0,0.0,0.0,0.0,0.0,0.0,0.0,0.0,0.0,0.0,0.0,0.0,0.0,0.0,0.0,0.0,0.0,0.0,0.0,0.0,0.0,0.0,0.0,0.0,0.0,0.0,0.0,0.0,0.0,0.0,0.0,0.0,0.0,0.0,0.0,0.0,0.0,0.0,0.0,0.0,0.0,0.0,0.0,0.0,0.0,0.0,0.0,0.0,0.0,0.0,0.0,0.0,0.0,0.0,0.0,0.0,0.0,0.0,0.3098771870136261,0.6375222206115723,1.7763491655387043e-07,0.3332332968711853,0.5403888821601868,0.06429508328437805,0.32456111907958984,0.4596170485019684,0.08449231088161469,0.31427815556526184,0.401599258184433,0.08931256085634232,0.31046295166015625,0.3487187623977661,0.09158357977867126,0.29441580176353455,0.40397971868515015,0.05206632241606712,0.36496788263320923,0.325569212436676,0.03969523683190346,0.4154154360294342,0.3095855414867401,0.027803534641861916,0.45933741331100464,0.3084142506122589,0.018372897058725357,0.29096338152885437,0.4092281758785248,0.0064995670691132545,0.3390033543109894,0.29805558919906616,-0.006144487299025059,0.37849390506744385,0.24327939748764038,-0.013889014720916748,0.4093218445777893,0.21050222218036652,-0.019968992099165916,0.29300957918167114,0.42874833941459656,-0.03821512311697006,0.31931111216545105,0.29612302780151367,-0.05156140774488449,0.34127339720726013,0.22589011490345,-0.062254127115011215,0.35712549090385437,0.16317737102508545,-0.07292770594358444,0.30433323979377747,0.4511375427246094,-0.07772213220596313,0.2986707389354706,0.3865540623664856,-0.099222831428051,0.2862870991230011,0.3446417450904846,-0.11359746009111404,0.2741803526878357,0.29962873458862305,-0.1251542866230011
326,0.0,0.0,0.0,0.0,0.0,0.0,0.0,0.0,0.0,0.0,0.0,0.0,0.0,0.0,0.0,0.0,0.0,0.0,0.0,0.0,0.0,0.0,0.0,0.0,0.0,0.0,0.0,0.0,0.0,0.0,0.0,0.0,0.0,0.0,0.0,0.0,0.0,0.0,0.0,0.0,0.0,0.0,0.0,0.0,0.0,0.0,0.0,0.0,0.0,0.0,0.0,0.0,0.0,0.0,0.0,0.0,0.0,0.0,0.0,0.0,0.0,0.0,0.0,0.3040776550769806,0.6393572092056274,2.1204523648066242e-07,0.33214110136032104,0.5412649512290955,0.04847229644656181,0.32271844148635864,0.46046507358551025,0.06166628748178482,0.31145212054252625,0.4002591371536255,0.06151741370558739,0.30649253726005554,0.3435550630092621,0.06006838008761406,0.29476988315582275,0.40225541591644287,0.04694867134094238,0.367195725440979,0.32779961824417114,0.03266460448503494,0.4159195125102997,0.31722205877304077,0.018549352884292603,0.45603498816490173,0.3209333121776581,0.008856335654854774,0.29026520252227783,0.4070288836956024,0.008982521481812,0.33906999230384827,0.3023281991481781,-0.0011993813095614314,0.37927883863449097,0.24764934182167053,-0.009486347436904907,0.4113093614578247,0.21174532175064087,-0.016435585916042328,0.2918460965156555,0.4276750385761261,-0.030024997889995575,0.32688724994659424,0.3079577088356018,-0.04050057753920555,0.35772550106048584,0.2448767125606537,-0.04951125383377075,0.3806912899017334,0.19014722108840942,-0.05884066969156265,0.3034209609031677,0.4519157409667969,-0.06577067822217941,0.29572147130966187,0.385922908782959,-0.08194764703512192,0.28139403462409973,0.3429419994354248,-0.09273722022771835,0.26876112818717957,0.2981162667274475,-0.10166290402412415
327,0.0,0.0,0.0,0.0,0.0,0.0,0.0,0.0,0.0,0.0,0.0,0.0,0.0,0.0,0.0,0.0,0.0,0.0,0.0,0.0,0.0,0.0,0.0,0.0,0.0,0.0,0.0,0.0,0.0,0.0,0.0,0.0,0.0,0.0,0.0,0.0,0.0,0.0,0.0,0.0,0.0,0.0,0.0,0.0,0.0,0.0,0.0,0.0,0.0,0.0,0.0,0.0,0.0,0.0,0.0,0.0,0.0,0.0,0.0,0.0,0.0,0.0,0.0,0.31864243745803833,0.5881578326225281,2.436225372548506e-07,0.3370450437068939,0.5088785290718079,0.023936603218317032,0.32388830184936523,0.4240480065345764,0.017889797687530518,0.3138222098350525,0.36628562211990356,0.00679568899795413,0.31191426515579224,0.31897056102752686,-0.005167669616639614,0.28711292147636414,0.3694908916950226,-0.01478569582104683,0.36513006687164307,0.31561151146888733,-0.03529530018568039,0.40998783707618713,0.30964013934135437,-0.045011311769485474,0.44854429364204407,0.3127736747264862,-0.05454840138554573,0.2855931520462036,0.3841973841190338,-0.044965341687202454,0.3696630299091339,0.3085501790046692,-0.07517272979021072,0.4220921993255615,0.30945971608161926,-0.08156389743089676,0.4612988829612732,0.31967848539352417,-0.08244375139474869,0.2868195176124573,0.4190959334373474,-0.07410573959350586,0.3477485775947571,0.31041520833969116,-0.10228388011455536,0.38549667596817017,0.25626516342163086,-0.11247146874666214,0.41586965322494507,0.20545560121536255,-0.12043245881795883,0.3017216920852661,0.45998093485832214,-0.09972336888313293,0.29707834124565125,0.4087103009223938,-0.13155360519886017,0.291298508644104,0.36620667576789856,-0.14675548672676086,0.2887474000453949,0.31776466965675354,-0.1575196236371994
328,0.0,0.0,0.0,0.0,0.0,0.0,0.0,0.0,0.0,0.0,0.0,0.0,0.0,0.0,0.0,0.0,0.0,0.0,0.0,0.0,0.0,0.0,0.0,0.0,0.0,0.0,0.0,0.0,0.0,0.0,0.0,0.0,0.0,0.0,0.0,0.0,0.0,0.0,0.0,0.0,0.0,0.0,0.0,0.0,0.0,0.0,0.0,0.0,0.0,0.0,0.0,0.0,0.0,0.0,0.0,0.0,0.0,0.0,0.0,0.0,0.0,0.0,0.0,0.3103151321411133,0.5936911106109619,-1.2747524635869922e-07,0.3310035467147827,0.5080534815788269,0.07707515358924866,0.3359224498271942,0.43362581729888916,0.09497427195310593,0.3441756069660187,0.38521093130111694,0.10067112743854523,0.36653730273246765,0.33841994404792786,0.10286784917116165,0.28416070342063904,0.36808279156684875,0.01649162732064724,0.35582172870635986,0.3149160146713257,0.00992937944829464,0.39573100209236145,0.3142896294593811,0.00992821529507637,0.43658632040023804,0.31532394886016846,0.0033005070872604847,0.2888154685497284,0.39144444465637207,-0.03820943459868431,0.36212483048439026,0.30481451749801636,-0.0646258294582367,0.4166088104248047,0.2997426986694336,-0.06957561522722244,0.4609377682209015,0.30577361583709717,-0.07186795026063919,0.29798030853271484,0.4245483875274658,-0.08669014275074005,0.3451123535633087,0.31606465578079224,-0.11308173835277557,0.38026344776153564,0.25320902466773987,-0.124266117811203,0.40605485439300537,0.1894044280052185,-0.1352158486843109,0.31328698992729187,0.4526500403881073,-0.1262999027967453,0.3127959072589874,0.3942244052886963,-0.1617751270532608,0.30479562282562256,0.35138434171676636,-0.18257509171962738,0.29632967710494995,0.3023332953453064,-0.19968374073505402
329,0.0,0.0,0.0,0.0,0.0,0.0,0.0,0.0,0.0,0.0,0.0,0.0,0.0,0.0,0.0,0.0,0.0,0.0,0.0,0.0,0.0,0.0,0.0,0.0,0.0,0.0,0.0,0.0,0.0,0.0,0.0,0.0,0.0,0.0,0.0,0.0,0.0,0.0,0.0,0.0,0.0,0.0,0.0,0.0,0.0,0.0,0.0,0.0,0.0,0.0,0.0,0.0,0.0,0.0,0.0,0.0,0.0,0.0,0.0,0.0,0.0,0.0,0.0,0.3118027448654175,0.5980167984962463,1.0778898484886668e-07,0.33548495173454285,0.5084689259529114,0.06649409979581833,0.3367370665073395,0.4295172691345215,0.08033106476068497,0.33928602933883667,0.3711317777633667,0.08064067363739014,0.34937968850135803,0.31971216201782227,0.0773826315999031,0.2900736331939697,0.37583673000335693,0.014965668320655823,0.3586101233959198,0.31551146507263184,0.002823494141921401,0.39776110649108887,0.3058682084083557,-0.0026674321852624416,0.43580907583236694,0.30100777745246887,-0.010858473367989063,0.28518450260162354,0.39076194167137146,-0.03694726154208183,0.3429028391838074,0.2971791625022888,-0.05886915698647499,0.37694084644317627,0.2494344562292099,-0.0659022107720375,0.40480494499206543,0.22065679728984833,-0.07271410524845123,0.2883993685245514,0.4195876717567444,-0.08444076031446457,0.3447985351085663,0.31781405210494995,-0.1090836375951767,0.3864585757255554,0.2659587860107422,-0.11702384799718857,0.41634291410446167,0.2185925394296646,-0.12550868093967438,0.3015843629837036,0.44856134057044983,-0.1255054622888565,0.30118975043296814,0.3858575224876404,-0.1576729565858841,0.2910817861557007,0.34053897857666016,-0.17429688572883606,0.2829819917678833,0.2960205078125,-0.18765470385551453
330,0.0,0.0,0.0,0.0,0.0,0.0,0.0,0.0,0.0,0.0,0.0,0.0,0.0,0.0,0.0,0.0,0.0,0.0,0.0,0.0,0.0,0.0,0.0,0.0,0.0,0.0,0.0,0.0,0.0,0.0,0.0,0.0,0.0,0.0,0.0,0.0,0.0,0.0,0.0,0.0,0.0,0.0,0.0,0.0,0.0,0.0,0.0,0.0,0.0,0.0,0.0,0.0,0.0,0.0,0.0,0.0,0.0,0.0,0.0,0.0,0.0,0.0,0.0,0.30944961309432983,0.6095870137214661,1.5585133184004007e-08,0.33120444416999817,0.5185882449150085,0.07358835637569427,0.33169880509376526,0.4410553276538849,0.09346122294664383,0.33138924837112427,0.38368308544158936,0.09812231361865997,0.34232646226882935,0.33093518018722534,0.09982001781463623,0.29289883375167847,0.38327643275260925,0.037468209862709045,0.3542693555355072,0.31218159198760986,0.030050132423639297,0.39068835973739624,0.3006097674369812,0.025039589032530785,0.4254741072654724,0.29701006412506104,0.01705802232027054,0.28912553191185,0.3970468044281006,-0.015091411769390106,0.35192495584487915,0.3008904755115509,-0.03324432671070099,0.398430198431015,0.26913779973983765,-0.04083121567964554,0.435794472694397,0.25657305121421814,-0.047346919775009155,0.2899070978164673,0.4201934039592743,-0.06386438757181168,0.3398847281932831,0.30973753333091736,-0.08368656784296036,0.381132572889328,0.25902825593948364,-0.09297073632478714,0.4118829071521759,0.21234317123889923,-0.10311058163642883,0.29853394627571106,0.4408273994922638,-0.10583939403295517,0.296396404504776,0.37766706943511963,-0.13393495976924896,0.28710177540779114,0.3373672366142273,-0.15064892172813416,0.27784836292266846,0.29491132497787476,-0.16484785079956055
331,0.0,0.0,0.0,0.0,0.0,0.0,0.0,0.0,0.0,0.0,0.0,0.0,0.0,0.0,0.0,0.0,0.0,0.0,0.0,0.0,0.0,0.0,0.0,0.0,0.0,0.0,0.0,0.0,0.0,0.0,0.0,0.0,0.0,0.0,0.0,0.0,0.0,0.0,0.0,0.0,0.0,0.0,0.0,0.0,0.0,0.0,0.0,0.0,0.0,0.0,0.0,0.0,0.0,0.0,0.0,0.0,0.0,0.0,0.0,0.0,0.0,0.0,0.0,0.3102334439754486,0.6089340448379517,7.683453873141843e-08,0.33996865153312683,0.5147412419319153,0.07358412444591522,0.3419118821620941,0.4374815821647644,0.09150757640600204,0.34614297747612,0.3766712546348572,0.0937361791729927,0.36131027340888977,0.3227440416812897,0.0927344411611557,0.29310745000839233,0.3823552429676056,0.03750759735703468,0.3618019223213196,0.3173130750656128,0.028594624251127243,0.4037362039089203,0.3072589933872223,0.02158265747129917,0.4429580271244049,0.3064452111721039,0.012767419219017029,0.28590360283851624,0.39546236395835876,-0.01563870906829834,0.34033870697021484,0.294961541891098,-0.03180886432528496,0.38211265206336975,0.25380828976631165,-0.03924877569079399,0.4168897569179535,0.2371099293231964,-0.04641824960708618,0.28709617257118225,0.41977980732917786,-0.0648500919342041,0.335451602935791,0.3039965033531189,-0.08322358131408691,0.3754037320613861,0.25148120522499084,-0.09107948839664459,0.4053623378276825,0.2075885832309723,-0.10039789974689484,0.29883918166160583,0.44156843423843384,-0.10733208805322647,0.29460614919662476,0.3777161240577698,-0.13446538150310516,0.28372418880462646,0.3349738121032715,-0.14932304620742798,0.27422016859054565,0.2928103804588318,-0.1617651730775833
332,0.0,0.0,0.0,0.0,0.0,0.0,0.0,0.0,0.0,0.0,0.0,0.0,0.0,0.0,0.0,0.0,0.0,0.0,0.0,0.0,0.0,0.0,0.0,0.0,0.0,0.0,0.0,0.0,0.0,0.0,0.0,0.0,0.0,0.0,0.0,0.0,0.0,0.0,0.0,0.0,0.0,0.0,0.0,0.0,0.0,0.0,0.0,0.0,0.0,0.0,0.0,0.0,0.0,0.0,0.0,0.0,0.0,0.0,0.0,0.0,0.0,0.0,0.0,0.30799779295921326,0.6210893392562866,1.435634402469077e-07,0.3355233669281006,0.5239593386650085,0.07819171994924545,0.33544662594795227,0.4476923644542694,0.09897011518478394,0.3327552080154419,0.3892750144004822,0.10217807441949844,0.3380034267902374,0.3354324400424957,0.10173097997903824,0.30203789472579956,0.3925235867500305,0.049224451184272766,0.3718666434288025,0.32250505685806274,0.03947620093822479,0.414852499961853,0.3007744252681732,0.030870873481035233,0.45326706767082214,0.29032349586486816,0.021511072292923927,0.29466235637664795,0.4035654067993164,-0.007051659747958183,0.3407350480556488,0.2963428199291229,-0.023585593327879906,0.37709951400756836,0.24608534574508667,-0.03173891827464104,0.4048016667366028,0.2175408899784088,-0.03857880458235741,0.29256346821784973,0.42601248621940613,-0.059909336268901825,0.32898762822151184,0.30335816740989685,-0.07972481846809387,0.36245930194854736,0.24074912071228027,-0.08742824196815491,0.38621798157691956,0.18602466583251953,-0.09523264318704605,0.2983967065811157,0.4486333131790161,-0.10584589838981628,0.2940657138824463,0.38124513626098633,-0.13307224214076996,0.2825102210044861,0.33930158615112305,-0.1461300551891327,0.27088361978530884,0.2977253794670105,-0.15629929304122925
333,0.0,0.0,0.0,0.0,0.0,0.0,0.0,0.0,0.0,0.0,0.0,0.0,0.0,0.0,0.0,0.0,0.0,0.0,0.0,0.0,0.0,0.0,0.0,0.0,0.0,0.0,0.0,0.0,0.0,0.0,0.0,0.0,0.0,0.0,0.0,0.0,0.0,0.0,0.0,0.0,0.0,0.0,0.0,0.0,0.0,0.0,0.0,0.0,0.0,0.0,0.0,0.0,0.0,0.0,0.0,0.0,0.0,0.0,0.0,0.0,0.0,0.0,0.0,0.31148314476013184,0.6292274594306946,2.4392150521634903e-07,0.3416067659854889,0.5357524752616882,0.0561324842274189,0.33502304553985596,0.4590955078601837,0.0741669237613678,0.32548826932907104,0.4026341140270233,0.07861938327550888,0.32486042380332947,0.3531828224658966,0.08098064363002777,0.3039916157722473,0.3993082344532013,0.05129847675561905,0.3736054301261902,0.3291986286640167,0.04203154891729355,0.42198270559310913,0.3099413216114044,0.03130973502993584,0.4629592299461365,0.30053895711898804,0.02191202901303768,0.2951255738735199,0.39952021837234497,0.01104047242552042,0.3431341052055359,0.29317423701286316,0.0019253792706876993,0.3789290487766266,0.24131785333156586,-0.00467804865911603,0.40677282214164734,0.208392933011055,-0.010286732576787472,0.29258397221565247,0.41696032881736755,-0.02891182154417038,0.3189358413219452,0.2924133539199829,-0.03938698023557663,0.3375556468963623,0.22664691507816315,-0.04981726035475731,0.351836234331131,0.1689300239086151,-0.06034556403756142,0.30065032839775085,0.44157201051712036,-0.0644301325082779,0.2930431365966797,0.38258281350135803,-0.08275345712900162,0.2781994342803955,0.3418217897415161,-0.09578674286603928,0.26572665572166443,0.2988694906234741,-0.10639248043298721
334,0.0,0.0,0.0,0.0,0.0,0.0,0.0,0.0,0.0,0.0,0.0,0.0,0.0,0.0,0.0,0.0,0.0,0.0,0.0,0.0,0.0,0.0,0.0,0.0,0.0,0.0,0.0,0.0,0.0,0.0,0.0,0.0,0.0,0.0,0.0,0.0,0.0,0.0,0.0,0.0,0.0,0.0,0.0,0.0,0.0,0.0,0.0,0.0,0.0,0.0,0.0,0.0,0.0,0.0,0.0,0.0,0.0,0.0,0.0,0.0,0.0,0.0,0.0,0.3100971281528473,0.6380109190940857,2.2636510266238474e-07,0.3452645540237427,0.5380834341049194,0.04330827295780182,0.3386852443218231,0.45569464564323425,0.05618679150938988,0.32840120792388916,0.39390984177589417,0.05739131569862366,0.32552844285964966,0.3413505554199219,0.05723511055111885,0.30319681763648987,0.40074533224105835,0.04138244315981865,0.3670898377895355,0.320904940366745,0.0278769601136446,0.4152259826660156,0.3038862645626068,0.015205499716103077,0.455682635307312,0.29861167073249817,0.0057606929913163185,0.29461902379989624,0.4020916521549225,0.007495711091905832,0.33867722749710083,0.29426461458206177,-0.0033449821639806032,0.37392663955688477,0.2399035096168518,-0.010854564607143402,0.40217986702919006,0.2039039134979248,-0.016956152394413948,0.2915670573711395,0.4215354919433594,-0.027478912845253944,0.31896376609802246,0.2995067238807678,-0.038865651935338974,0.3427894711494446,0.2314242571592331,-0.04960707202553749,0.3620733320713043,0.17288735508918762,-0.05995871126651764,0.29923713207244873,0.44892990589141846,-0.059312913566827774,0.29039913415908813,0.3862391710281372,-0.07772472500801086,0.2762744128704071,0.34200894832611084,-0.09093121439218521,0.26454174518585205,0.29672592878341675,-0.10132105648517609
335,0.0,0.0,0.0,0.0,0.0,0.0,0.0,0.0,0.0,0.0,0.0,0.0,0.0,0.0,0.0,0.0,0.0,0.0,0.0,0.0,0.0,0.0,0.0,0.0,0.0,0.0,0.0,0.0,0.0,0.0,0.0,0.0,0.0,0.0,0.0,0.0,0.0,0.0,0.0,0.0,0.0,0.0,0.0,0.0,0.0,0.0,0.0,0.0,0.0,0.0,0.0,0.0,0.0,0.0,0.0,0.0,0.0,0.0,0.0,0.0,0.0,0.0,0.0,0.3198736310005188,0.6067136526107788,2.7602084173850017e-07,0.35196030139923096,0.5275834798812866,0.023264549672603607,0.34156501293182373,0.44437292218208313,0.025212900713086128,0.32596608996391296,0.3892570734024048,0.01949331723153591,0.3154107332229614,0.34555986523628235,0.01248198002576828,0.3192071318626404,0.38903823494911194,0.011180994100868702,0.3824255168437958,0.3265998959541321,-0.010488529689610004,0.4250205457210541,0.3077033460140228,-0.02554260566830635,0.4612480401992798,0.2982234060764313,-0.03630063310265541,0.30877262353897095,0.3877686858177185,-0.016522103920578957,0.3432597815990448,0.28708159923553467,-0.0373745895922184,0.37087684869766235,0.2368011474609375,-0.04756749048829079,0.39356252551078796,0.20220257341861725,-0.05365520715713501,0.29778414964675903,0.4074452221393585,-0.04576840624213219,0.314359575510025,0.2927686274051666,-0.06898827105760574,0.33518412709236145,0.228641539812088,-0.08399607241153717,0.3530662953853607,0.17195723950862885,-0.09446195513010025,0.2948893904685974,0.44179341197013855,-0.07264859974384308,0.28825145959854126,0.38522374629974365,-0.09960859268903732,0.27698373794555664,0.3426693081855774,-0.11471327394247055,0.2667447328567505,0.2984011769294739,-0.12505142390727997
336,0.0,0.0,0.0,0.0,0.0,0.0,0.0,0.0,0.0,0.0,0.0,0.0,0.0,0.0,0.0,0.0,0.0,0.0,0.0,0.0,0.0,0.0,0.0,0.0,0.0,0.0,0.0,0.0,0.0,0.0,0.0,0.0,0.0,0.0,0.0,0.0,0.0,0.0,0.0,0.0,0.0,0.0,0.0,0.0,0.0,0.0,0.0,0.0,0.0,0.0,0.0,0.0,0.0,0.0,0.0,0.0,0.0,0.0,0.0,0.0,0.0,0.0,0.0,0.3062417209148407,0.6289242506027222,1.6587488005370687e-07,0.3334290683269501,0.5325651168823242,0.05221116915345192,0.32698407769203186,0.450099378824234,0.06662268936634064,0.3224188983440399,0.39115193486213684,0.06742697209119797,0.3277655839920044,0.3412260413169861,0.06637540459632874,0.29653698205947876,0.3966670334339142,0.046775735914707184,0.35400062799453735,0.3229556977748871,0.0377640575170517,0.3941526412963867,0.3162323832511902,0.030086444690823555,0.42599552869796753,0.3195714056491852,0.023695427924394608,0.29213717579841614,0.39885786175727844,0.0071344636380672455,0.34424519538879395,0.30195751786231995,-0.0036745532415807247,0.38650891184806824,0.2542545795440674,-0.010757118463516235,0.41927751898765564,0.22566530108451843,-0.016281776130199432,0.2903670072555542,0.4178412854671478,-0.03261575475335121,0.3247512876987457,0.30609312653541565,-0.045453742146492004,0.35395529866218567,0.2418881505727768,-0.05700037628412247,0.37680330872535706,0.18829631805419922,-0.06760413944721222,0.29711660742759705,0.44466981291770935,-0.06799547374248505,0.28445929288864136,0.38415759801864624,-0.08540963381528854,0.2686631679534912,0.34250426292419434,-0.09750624001026154,0.25688403844833374,0.29985928535461426,-0.10775645077228546
337,0.0,0.0,0.0,0.0,0.0,0.0,0.0,0.0,0.0,0.0,0.0,0.0,0.0,0.0,0.0,0.0,0.0,0.0,0.0,0.0,0.0,0.0,0.0,0.0,0.0,0.0,0.0,0.0,0.0,0.0,0.0,0.0,0.0,0.0,0.0,0.0,0.0,0.0,0.0,0.0,0.0,0.0,0.0,0.0,0.0,0.0,0.0,0.0,0.0,0.0,0.0,0.0,0.0,0.0,0.0,0.0,0.0,0.0,0.0,0.0,0.0,0.0,0.0,0.3061427175998688,0.623988687992096,1.478870927940079e-07,0.335844486951828,0.5274466276168823,0.038843873888254166,0.3291028141975403,0.4448383152484894,0.047405220568180084,0.3212653696537018,0.3827609419822693,0.04472130909562111,0.3192014694213867,0.3266300559043884,0.041000012308359146,0.296034038066864,0.3888154625892639,0.03012978471815586,0.3511798679828644,0.3157900273799896,0.013175399973988533,0.3916367292404175,0.31818652153015137,6.408156332327053e-05,0.4257763922214508,0.33335670828819275,-0.008325404487550259,0.2904319167137146,0.3920488953590393,-0.003013656474649906,0.33738040924072266,0.2995145320892334,-0.017161324620246887,0.37617969512939453,0.2503967583179474,-0.02597437985241413,0.41007402539253235,0.2213161587715149,-0.033123187720775604,0.2877271771430969,0.4137832820415497,-0.03710022568702698,0.32552769780158997,0.3071640133857727,-0.05222319811582565,0.3562183380126953,0.25324565172195435,-0.06265808641910553,0.38214871287345886,0.20965145528316498,-0.07223144173622131,0.29493817687034607,0.4441210925579071,-0.0682317391037941,0.28227782249450684,0.3843521177768707,-0.08802727609872818,0.2680756151676178,0.3420555889606476,-0.1003228947520256,0.25874820351600647,0.30060654878616333,-0.10999325662851334
338,0.0,0.0,0.0,0.0,0.0,0.0,0.0,0.0,0.0,0.0,0.0,0.0,0.0,0.0,0.0,0.0,0.0,0.0,0.0,0.0,0.0,0.0,0.0,0.0,0.0,0.0,0.0,0.0,0.0,0.0,0.0,0.0,0.0,0.0,0.0,0.0,0.0,0.0,0.0,0.0,0.0,0.0,0.0,0.0,0.0,0.0,0.0,0.0,0.0,0.0,0.0,0.0,0.0,0.0,0.0,0.0,0.0,0.0,0.0,0.0,0.0,0.0,0.0,0.306086003780365,0.630670964717865,2.1734892641234183e-07,0.3361203670501709,0.5355727076530457,0.05949980393052101,0.32858332991600037,0.45909959077835083,0.07600967586040497,0.3183549642562866,0.4033915102481842,0.07711298763751984,0.3141704201698303,0.35262641310691833,0.0759013444185257,0.2976645827293396,0.4008390009403229,0.04919373616576195,0.3629949688911438,0.3267686069011688,0.03156926855444908,0.411983847618103,0.3123444616794586,0.014271233230829239,0.45501089096069336,0.3128751814365387,0.0018508564680814743,0.2907825708389282,0.404493123292923,0.004185647238045931,0.33325377106666565,0.2974095940589905,-0.010708454996347427,0.37016332149505615,0.2415892332792282,-0.0222084391862154,0.40016254782676697,0.20797087252140045,-0.03102913312613964,0.287668913602829,0.42231157422065735,-0.04046528786420822,0.31148216128349304,0.29637792706489563,-0.05512186512351036,0.3310423493385315,0.22967207431793213,-0.06666865944862366,0.3460400104522705,0.17310529947280884,-0.07748891413211823,0.2935701608657837,0.4445267617702484,-0.08056044578552246,0.2849443554878235,0.3839144706726074,-0.1015525609254837,0.27050259709358215,0.3433666229248047,-0.11411350965499878,0.25760194659233093,0.3013122081756592,-0.12383151799440384
339,0.0,0.0,0.0,0.0,0.0,0.0,0.0,0.0,0.0,0.0,0.0,0.0,0.0,0.0,0.0,0.0,0.0,0.0,0.0,0.0,0.0,0.0,0.0,0.0,0.0,0.0,0.0,0.0,0.0,0.0,0.0,0.0,0.0,0.0,0.0,0.0,0.0,0.0,0.0,0.0,0.0,0.0,0.0,0.0,0.0,0.0,0.0,0.0,0.0,0.0,0.0,0.0,0.0,0.0,0.0,0.0,0.0,0.0,0.0,0.0,0.0,0.0,0.0,0.3229913115501404,0.6006897687911987,2.799378080453607e-07,0.3507595956325531,0.5242135524749756,0.01953992061316967,0.33989596366882324,0.44174426794052124,0.019546441733837128,0.3275603950023651,0.3844855725765228,0.012734301388263702,0.3214203119277954,0.33752501010894775,0.0052352240309119225,0.3170982897281647,0.3873734772205353,0.008947622962296009,0.38112398982048035,0.3284619450569153,-0.013852941803634167,0.42255526781082153,0.31077486276626587,-0.029674826189875603,0.45750463008880615,0.3027305603027344,-0.04047998785972595,0.30589598417282104,0.3834095895290375,-0.01668630540370941,0.3395659327507019,0.2860350012779236,-0.036805201321840286,0.3644770383834839,0.23370957374572754,-0.04599929228425026,0.3856447637081146,0.19786116480827332,-0.05158018320798874,0.2942163050174713,0.40121394395828247,-0.04429282248020172,0.3134387135505676,0.2915664315223694,-0.0655454620718956,0.33487555384635925,0.22809523344039917,-0.07863534241914749,0.35438308119773865,0.17291636765003204,-0.08821070939302444,0.29137617349624634,0.4345734715461731,-0.07012324780225754,0.28254881501197815,0.3818379342556,-0.0949605330824852,0.269490122795105,0.3399887681007385,-0.10838321596384048,0.25901302695274353,0.2966955006122589,-0.11766217648983002
340,0.0,0.0,0.0,0.0,0.0,0.0,0.0,0.0,0.0,0.0,0.0,0.0,0.0,0.0,0.0,0.0,0.0,0.0,0.0,0.0,0.0,0.0,0.0,0.0,0.0,0.0,0.0,0.0,0.0,0.0,0.0,0.0,0.0,0.0,0.0,0.0,0.0,0.0,0.0,0.0,0.0,0.0,0.0,0.0,0.0,0.0,0.0,0.0,0.0,0.0,0.0,0.0,0.0,0.0,0.0,0.0,0.0,0.0,0.0,0.0,0.0,0.0,0.0,0.30585575103759766,0.6235849857330322,2.5394305680492835e-07,0.3387070298194885,0.5313072204589844,0.059787727892398834,0.33485981822013855,0.4568905234336853,0.07767871767282486,0.32400786876678467,0.40453583002090454,0.08047331124544144,0.3194335997104645,0.3589148223400116,0.08002888411283493,0.3131066858768463,0.3951127231121063,0.048569802194833755,0.37558797001838684,0.32689613103866577,0.03693986311554909,0.4177914261817932,0.2990913391113281,0.026147104799747467,0.45330631732940674,0.2813626527786255,0.0161990188062191,0.3015879690647125,0.39515605568885803,0.0025216620415449142,0.3359356224536896,0.288311630487442,-0.012498332187533379,0.36495545506477356,0.2300056368112564,-0.020997773855924606,0.3875594735145569,0.19171911478042603,-0.027340969070792198,0.29283493757247925,0.4150390326976776,-0.042895473539829254,0.3085131347179413,0.29883110523223877,-0.0621175579726696,0.3268391489982605,0.23212847113609314,-0.07342548668384552,0.3394067585468292,0.1731710433959961,-0.08264332264661789,0.29143667221069336,0.4445050358772278,-0.08333433419466019,0.28214308619499207,0.38335585594177246,-0.11013579368591309,0.2675710916519165,0.339737206697464,-0.12544724345207214,0.2548753321170807,0.29605209827423096,-0.13653112947940826
341,0.0,0.0,0.0,0.0,0.0,0.0,0.0,0.0,0.0,0.0,0.0,0.0,0.0,0.0,0.0,0.0,0.0,0.0,0.0,0.0,0.0,0.0,0.0,0.0,0.0,0.0,0.0,0.0,0.0,0.0,0.0,0.0,0.0,0.0,0.0,0.0,0.0,0.0,0.0,0.0,0.0,0.0,0.0,0.0,0.0,0.0,0.0,0.0,0.0,0.0,0.0,0.0,0.0,0.0,0.0,0.0,0.0,0.0,0.0,0.0,0.0,0.0,0.0,0.32550185918807983,0.5974997282028198,1.3295155554260418e-07,0.35201504826545715,0.5157029628753662,0.026796849444508553,0.34233424067497253,0.43938666582107544,0.027806797996163368,0.3361370861530304,0.3823835551738739,0.020974507555365562,0.3335416316986084,0.3336345851421356,0.014076535589993,0.30408036708831787,0.3815864622592926,0.01067124493420124,0.3647271692752838,0.3213454782962799,-0.01409335620701313,0.4039469063282013,0.32199397683143616,-0.032314661890268326,0.43641218543052673,0.33503609895706177,-0.043320219963788986,0.2966294586658478,0.38486340641975403,-0.018033763393759727,0.3341216444969177,0.2870810925960541,-0.0367140918970108,0.3640179932117462,0.23409658670425415,-0.04725605994462967,0.3904576897621155,0.19913166761398315,-0.055632930248975754,0.29127201437950134,0.4072209894657135,-0.047946445643901825,0.32706719636917114,0.30503156781196594,-0.06738116592168808,0.36316433548927307,0.2578814923763275,-0.07797408103942871,0.39384445548057556,0.21901309490203857,-0.08682476729154587,0.29710379242897034,0.43872228264808655,-0.07558004558086395,0.28936970233917236,0.3780141770839691,-0.09821786731481552,0.27388566732406616,0.33575743436813354,-0.1093650534749031,0.2614974081516266,0.29269513487815857,-0.11773346364498138
342,0.0,0.0,0.0,0.0,0.0,0.0,0.0,0.0,0.0,0.0,0.0,0.0,0.0,0.0,0.0,0.0,0.0,0.0,0.0,0.0,0.0,0.0,0.0,0.0,0.0,0.0,0.0,0.0,0.0,0.0,0.0,0.0,0.0,0.0,0.0,0.0,0.0,0.0,0.0,0.0,0.0,0.0,0.0,0.0,0.0,0.0,0.0,0.0,0.0,0.0,0.0,0.0,0.0,0.0,0.0,0.0,0.0,0.0,0.0,0.0,0.0,0.0,0.0,0.3214873671531677,0.562989354133606,1.8156663372792536e-07,0.34755396842956543,0.49919742345809937,0.010331844910979271,0.34300923347473145,0.4282867908477783,0.006778988521546125,0.3343842327594757,0.37646323442459106,-0.0013409934472292662,0.327260822057724,0.33689507842063904,-0.00997036974877119,0.3239786922931671,0.36688119173049927,-0.0016848128288984299,0.3721678555011749,0.31879422068595886,-0.021447213366627693,0.4049231708049774,0.30436304211616516,-0.034798819571733475,0.4306447505950928,0.2953987717628479,-0.04419456049799919,0.31433793902397156,0.3633424937725067,-0.02190200798213482,0.33515283465385437,0.2729528844356537,-0.0404198057949543,0.3600142300128937,0.22554022073745728,-0.04833321273326874,0.38042277097702026,0.19254112243652344,-0.0532330684363842,0.3003009557723999,0.38179612159729004,-0.044159162789583206,0.3122709095478058,0.28899282217025757,-0.06732013076543808,0.3360750377178192,0.23233070969581604,-0.08231772482395172,0.3565378189086914,0.1816508173942566,-0.09235493093729019,0.29167115688323975,0.41573652625083923,-0.06482744961977005,0.2836877405643463,0.3724518418312073,-0.09165488928556442,0.27145445346832275,0.3342735171318054,-0.10616152733564377,0.2581602931022644,0.2938222587108612,-0.11577527970075607
343,0.0,0.0,0.0,0.0,0.0,0.0,0.0,0.0,0.0,0.0,0.0,0.0,0.0,0.0,0.0,0.0,0.0,0.0,0.0,0.0,0.0,0.0,0.0,0.0,0.0,0.0,0.0,0.0,0.0,0.0,0.0,0.0,0.0,0.0,0.0,0.0,0.0,0.0,0.0,0.0,0.0,0.0,0.0,0.0,0.0,0.0,0.0,0.0,0.0,0.0,0.0,0.0,0.0,0.0,0.0,0.0,0.0,0.0,0.0,0.0,0.0,0.0,0.0,0.31417474150657654,0.6099013090133667,2.0166430658719037e-07,0.3418131172657013,0.5122356414794922,0.06290647387504578,0.3349146842956543,0.43595045804977417,0.0772496908903122,0.33488187193870544,0.3810887634754181,0.07613071799278259,0.34249988198280334,0.3355180025100708,0.07205820828676224,0.28971973061561584,0.3826880156993866,0.038825277239084244,0.3451274335384369,0.31693071126937866,0.02734179049730301,0.3834294080734253,0.3092570900917053,0.02026130072772503,0.4132852554321289,0.31237030029296875,0.013286499306559563,0.28446799516677856,0.3883810043334961,-0.009319359436631203,0.3394511044025421,0.29388609528541565,-0.025518009439110756,0.3818155527114868,0.2425740659236908,-0.0323641300201416,0.4128585457801819,0.21114137768745422,-0.03781287372112274,0.28377875685691833,0.410974383354187,-0.05545840039849281,0.31736621260643005,0.3016324043273926,-0.07242787629365921,0.3432677686214447,0.23787523806095123,-0.08147183060646057,0.3625490069389343,0.18170613050460815,-0.09058775007724762,0.29300177097320557,0.44119107723236084,-0.09617409855127335,0.28358668088912964,0.3779037892818451,-0.11929355561733246,0.26874396204948425,0.33268505334854126,-0.13256298005580902,0.2573041617870331,0.28803157806396484,-0.14317625761032104
344,0.0,0.0,0.0,0.0,0.0,0.0,0.0,0.0,0.0,0.0,0.0,0.0,0.0,0.0,0.0,0.0,0.0,0.0,0.0,0.0,0.0,0.0,0.0,0.0,0.0,0.0,0.0,0.0,0.0,0.0,0.0,0.0,0.0,0.0,0.0,0.0,0.0,0.0,0.0,0.0,0.0,0.0,0.0,0.0,0.0,0.0,0.0,0.0,0.0,0.0,0.0,0.0,0.0,0.0,0.0,0.0,0.0,0.0,0.0,0.0,0.0,0.0,0.0,0.31894341111183167,0.5627697706222534,1.3921565766850108e-07,0.341297447681427,0.4877573847770691,0.02101496048271656,0.3334326446056366,0.4149809777736664,0.01971120573580265,0.32400691509246826,0.3629908561706543,0.011904088780283928,0.31882089376449585,0.32189488410949707,0.0030064908787608147,0.301237016916275,0.36331018805503845,0.003055889392271638,0.3600952923297882,0.3102780282497406,-0.018818963319063187,0.39567136764526367,0.3104598820209503,-0.033042676746845245,0.42349469661712646,0.32041266560554504,-0.04231875389814377,0.29389700293540955,0.3637208938598633,-0.022634407505393028,0.3383890688419342,0.2752029597759247,-0.04013282433152199,0.3683837652206421,0.22975611686706543,-0.04772185906767845,0.3932861387729645,0.19665509462356567,-0.05398521572351456,0.28624072670936584,0.3862481117248535,-0.04967839643359184,0.3220387101173401,0.295263409614563,-0.07005096971988678,0.35132429003715515,0.2424987554550171,-0.08224787563085556,0.37502655386924744,0.19490264356136322,-0.09224872291088104,0.2869560122489929,0.42132484912872314,-0.07447441667318344,0.28235718607902527,0.3718414604663849,-0.09932909160852432,0.27078777551651,0.33178332448005676,-0.11315923929214478,0.26086753606796265,0.28813058137893677,-0.12350718677043915
345,0.0,0.0,0.0,0.0,0.0,0.0,0.0,0.0,0.0,0.0,0.0,0.0,0.0,0.0,0.0,0.0,0.0,0.0,0.0,0.0,0.0,0.0,0.0,0.0,0.0,0.0,0.0,0.0,0.0,0.0,0.0,0.0,0.0,0.0,0.0,0.0,0.0,0.0,0.0,0.0,0.0,0.0,0.0,0.0,0.0,0.0,0.0,0.0,0.0,0.0,0.0,0.0,0.0,0.0,0.0,0.0,0.0,0.0,0.0,0.0,0.0,0.0,0.0,0.31467077136039734,0.5967959761619568,1.4296529116109014e-07,0.3398369252681732,0.504452109336853,0.06297134608030319,0.3362134099006653,0.42745015025138855,0.07607581466436386,0.3356056809425354,0.37265342473983765,0.07490091025829315,0.3516673445701599,0.330668568611145,0.07013411819934845,0.28456977009773254,0.37645938992500305,0.03244771435856819,0.344355046749115,0.31087249517440796,0.021663863211870193,0.38822701573371887,0.3068578243255615,0.01382806058973074,0.42367494106292725,0.31012070178985596,0.005208619404584169,0.28003764152526855,0.3851408064365387,-0.015574118122458458,0.3443254828453064,0.28898686170578003,-0.03243790194392204,0.38652825355529785,0.2488558292388916,-0.03954876586794853,0.4146689176559448,0.22590240836143494,-0.045230865478515625,0.28044164180755615,0.4081028699874878,-0.06084710359573364,0.31464487314224243,0.29543164372444153,-0.07867484539747238,0.3372805714607239,0.2286042869091034,-0.08921418339014053,0.3517739176750183,0.1678019016981125,-0.09985969960689545,0.2906392812728882,0.43647822737693787,-0.10010074824094772,0.2832866311073303,0.37887537479400635,-0.12358783185482025,0.27036401629447937,0.33783575892448425,-0.13667431473731995,0.2577417492866516,0.29599452018737793,-0.14797697961330414
346,0.0,0.0,0.0,0.0,0.0,0.0,0.0,0.0,0.0,0.0,0.0,0.0,0.0,0.0,0.0,0.0,0.0,0.0,0.0,0.0,0.0,0.0,0.0,0.0,0.0,0.0,0.0,0.0,0.0,0.0,0.0,0.0,0.0,0.0,0.0,0.0,0.0,0.0,0.0,0.0,0.0,0.0,0.0,0.0,0.0,0.0,0.0,0.0,0.0,0.0,0.0,0.0,0.0,0.0,0.0,0.0,0.0,0.0,0.0,0.0,0.0,0.0,0.0,0.31120625138282776,0.5643612146377563,1.2193032716822927e-07,0.3387957513332367,0.49633532762527466,0.023568008095026016,0.33327510952949524,0.4275606870651245,0.022080907598137856,0.3257185220718384,0.37745144963264465,0.013877921737730503,0.31879913806915283,0.3379743695259094,0.004390795715153217,0.30141377449035645,0.367112398147583,-0.0006104145431891084,0.36011847853660583,0.3169601559638977,-0.020628267899155617,0.39595484733581543,0.308872252702713,-0.03339472413063049,0.4249473810195923,0.3075668513774872,-0.04315182566642761,0.2945723235607147,0.3683757781982422,-0.02854299172759056,0.3239753842353821,0.2713688910007477,-0.04739264398813248,0.34801289439201355,0.21820130944252014,-0.05625356733798981,0.36733540892601013,0.1796463131904602,-0.06367330253124237,0.2872057557106018,0.39172273874282837,-0.056631430983543396,0.31385719776153564,0.290535032749176,-0.07921557873487473,0.3416861891746521,0.2322714477777481,-0.09327075630426407,0.36495518684387207,0.1790960729122162,-0.1049027293920517,0.29045408964157104,0.42622965574264526,-0.08177515864372253,0.28475478291511536,0.37792468070983887,-0.11093815416097641,0.27276140451431274,0.33585336804389954,-0.12684209644794464,0.2612158954143524,0.28826895356178284,-0.1383230835199356
347,0.0,0.0,0.0,0.0,0.0,0.0,0.0,0.0,0.0,0.0,0.0,0.0,0.0,0.0,0.0,0.0,0.0,0.0,0.0,0.0,0.0,0.0,0.0,0.0,0.0,0.0,0.0,0.0,0.0,0.0,0.0,0.0,0.0,0.0,0.0,0.0,0.0,0.0,0.0,0.0,0.0,0.0,0.0,0.0,0.0,0.0,0.0,0.0,0.0,0.0,0.0,0.0,0.0,0.0,0.0,0.0,0.0,0.0,0.0,0.0,0.0,0.0,0.0,0.31387293338775635,0.6036043763160706,1.1746479344765248e-07,0.3364926278591156,0.5068253874778748,0.04761949181556702,0.32836487889289856,0.42862895131111145,0.05916565656661987,0.3253367245197296,0.3698919117450714,0.05868047848343849,0.3330806493759155,0.32065725326538086,0.0558277927339077,0.27911919355392456,0.3741050958633423,0.02571350522339344,0.3334071636199951,0.3063277304172516,0.01590188778936863,0.3665711283683777,0.28391873836517334,0.009992907755076885,0.3944670259952545,0.2672975957393646,0.004352224990725517,0.273457407951355,0.38360145688056946,-0.013092031702399254,0.3307719826698303,0.2978024184703827,-0.029132960364222527,0.3722115457057953,0.24709151685237885,-0.038479216396808624,0.4062597453594208,0.21169690787792206,-0.04689861088991165,0.2740260064601898,0.4091014564037323,-0.05029171705245972,0.3427879512310028,0.335837721824646,-0.07163521647453308,0.3998880088329315,0.32522332668304443,-0.08326978236436844,0.4407022297382355,0.3153393864631653,-0.09216847270727158,0.2849600911140442,0.4384494125843048,-0.0830148383975029,0.2770721912384033,0.37373238801956177,-0.10442259162664413,0.264300674200058,0.33165279030799866,-0.11682787537574768,0.25647011399269104,0.2901848554611206,-0.12776267528533936
348,0.0,0.0,0.0,0.0,0.0,0.0,0.0,0.0,0.0,0.0,0.0,0.0,0.0,0.0,0.0,0.0,0.0,0.0,0.0,0.0,0.0,0.0,0.0,0.0,0.0,0.0,0.0,0.0,0.0,0.0,0.0,0.0,0.0,0.0,0.0,0.0,0.0,0.0,0.0,0.0,0.0,0.0,0.0,0.0,0.0,0.0,0.0,0.0,0.0,0.0,0.0,0.0,0.0,0.0,0.0,0.0,0.0,0.0,0.0,0.0,0.0,0.0,0.0,0.3011719286441803,0.6128811836242676,1.2035480168037793e-08,0.3246048092842102,0.5205517411231995,0.07673431932926178,0.32057297229766846,0.44637084007263184,0.09650424122810364,0.3172377049922943,0.3967007100582123,0.09964261204004288,0.3256314992904663,0.35079827904701233,0.10008320212364197,0.2794803977012634,0.3828255236148834,0.04454967379570007,0.34443315863609314,0.3172051012516022,0.0323985256254673,0.38518205285072327,0.32066982984542847,0.02586553245782852,0.4208308160305023,0.3347516655921936,0.02037397213280201,0.2751038670539856,0.3950361907482147,-0.008903352543711662,0.3339015543460846,0.29562950134277344,-0.026492100208997726,0.3778241276741028,0.2515697479248047,-0.030758682638406754,0.41346824169158936,0.23155838251113892,-0.03284190967679024,0.2757241725921631,0.41674941778182983,-0.05936096981167793,0.310970664024353,0.3010961413383484,-0.07851488888263702,0.33784598112106323,0.2403159737586975,-0.08350250869989395,0.3573211431503296,0.1862712949514389,-0.08828254044055939,0.28651759028434753,0.4365066587924957,-0.10283566266298294,0.2802850008010864,0.3712705671787262,-0.12780989706516266,0.27030402421951294,0.3291032016277313,-0.1394619345664978,0.26072514057159424,0.28515100479125977,-0.14812594652175903
349,0.0,0.0,0.0,0.0,0.0,0.0,0.0,0.0,0.0,0.0,0.0,0.0,0.0,0.0,0.0,0.0,0.0,0.0,0.0,0.0,0.0,0.0,0.0,0.0,0.0,0.0,0.0,0.0,0.0,0.0,0.0,0.0,0.0,0.0,0.0,0.0,0.0,0.0,0.0,0.0,0.0,0.0,0.0,0.0,0.0,0.0,0.0,0.0,0.0,0.0,0.0,0.0,0.0,0.0,0.0,0.0,0.0,0.0,0.0,0.0,0.0,0.0,0.0,0.2998129427433014,0.6168811321258545,1.2598436960331583e-08,0.32939469814300537,0.5163713097572327,0.07050614058971405,0.32490500807762146,0.4419252574443817,0.09041033685207367,0.3221648335456848,0.38503825664520264,0.09299135208129883,0.3275027275085449,0.3319823443889618,0.09347646683454514,0.2864692211151123,0.3821243643760681,0.04490876942873001,0.34299206733703613,0.3081144094467163,0.03334001824259758,0.38090771436691284,0.3036792278289795,0.02634136937558651,0.4138025641441345,0.3111010193824768,0.0214390866458416,0.27989035844802856,0.3930627107620239,-0.006544783711433411,0.32301872968673706,0.2960059940814972,-0.02468809299170971,0.3646651804447174,0.24421487748622894,-0.03402575105428696,0.4001324772834778,0.2161940485239029,-0.041628189384937286,0.27724137902259827,0.41575828194618225,-0.05543433874845505,0.32823288440704346,0.3236372470855713,-0.07616710662841797,0.38283637166023254,0.30842146277427673,-0.08317003399133682,0.42221957445144653,0.2960331439971924,-0.0890694409608841,0.2835383415222168,0.4390430152416229,-0.09857192635536194,0.2782183587551117,0.36955124139785767,-0.12094199657440186,0.2687501907348633,0.3251512944698334,-0.13229364156723022,0.2603626251220703,0.28127944469451904,-0.14205043017864227
