frame_index,0,1,2,3,4,5,6,7,8,9,10,11,12,13,14,15,16,17,18,19,20,21,22,23,24,25,26,27,28,29,30,31,32,33,34,35,36,37,38,39,40,41,42,43,44,45,46,47,48,49,50,51,52,53,54,55,56,57,58,59,60,61,62,63,64,65,66,67,68,69,70,71,72,73,74,75,76,77,78,79,80,81,82,83,84,85,86,87,88,89,90,91,92,93,94,95,96,97,98,99,100,101,102,103,104,105,106,107,108,109,110,111,112,113,114,115,116,117,118,119,120,121,122,123,124,125
0,0.7746320366859436,0.8037955164909363,-6.95088431257318e-09,0.7056233286857605,0.7845746278762817,-0.01368220429867506,0.6440357565879822,0.7178118824958801,-0.0209156833589077,0.6053903102874756,0.669463574886322,-0.030208349227905273,0.5667043328285217,0.6415163278579712,-0.040062982589006424,0.67330002784729,0.6009610295295715,-0.01840636134147644,0.6501631140708923,0.497772753238678,-0.04117836058139801,0.6398849487304688,0.43480384349823,-0.05222596228122711,0.6301204562187195,0.38008174300193787,-0.05952368676662445,0.7147728800773621,0.5941540598869324,-0.02499052882194519,0.6862735748291016,0.5763935446739197,-0.0697486475110054,0.6912937164306641,0.6534683108329773,-0.07961363345384598,0.7018476128578186,0.7085801362991333,-0.07560372352600098,0.7555546760559082,0.6044853329658508,-0.03390764817595482,0.7254035472869873,0.5911877155303955,-0.08114364743232727,0.7267869114875793,0.6634597182273865,-0.07958344370126724,0.7310954928398132,0.7132571935653687,-0.0647399052977562,0.7953039407730103,0.6230407953262329,-0.04290104657411575,0.7905446290969849,0.56229567527771,-0.07825440168380737,0.7892394661903381,0.5245770812034607,-0.08511201292276382,0.7853782176971436,0.48030605912208557,-0.08141651004552841,0.17557096481323242,0.8154036998748779,-1.9278645879694523e-07,0.249475359916687,0.7754270434379578,-0.02823423407971859,0.3064590394496918,0.6960287690162659,-0.038674406707286835,0.34924522042274475,0.6331278681755066,-0.050446752458810806,0.38866907358169556,0.5954803824424744,-0.0630217120051384,0.264541357755661,0.5768557190895081,-0.02167859673500061,0.2731199860572815,0.48020607233047485,-0.043244510889053345,0.27653807401657104,0.4154159128665924,-0.05463537946343422,0.27800434827804565,0.3595191538333893,-0.061126332730054855,0.21662560105323792,0.5762713551521301,-0.024645334109663963,0.20883414149284363,0.5322754383087158,-0.07600467652082443,0.20770502090454102,0.6007189750671387,-0.0965968668460846,0.20694951713085175,0.6561307311058044,-0.09660156071186066,0.1707392930984497,0.5912601947784424,-0.03054818883538246,0.15888521075248718,0.565170407295227,-0.08415252715349197,0.16983792185783386,0.6398718953132629,-0.09295240044593811,0.17905496060848236,0.6921908855438232,-0.08164852112531662,0.12861157953739166,0.6120327115058899,-0.03785787522792816,0.10240085422992706,0.5353068113327026,-0.06920228898525238,0.08483508229255676,0.49044281244277954,-0.07467889040708542,0.06937271356582642,0.4403245151042938,-0.07064180076122284
1,0.7857248187065125,0.7706624269485474,-1.2016452899388241e-07,0.7081323862075806,0.7587575316429138,-0.01911800727248192,0.6417210102081299,0.7009623050689697,-0.030243568122386932,0.5940264463424683,0.6572612524032593,-0.04250252991914749,0.5513578057289124,0.6328499913215637,-0.05402091518044472,0.6622273325920105,0.5758888125419617,-0.022140827029943466,0.6343953013420105,0.4760454595088959,-0.04478194937109947,0.6204099059104919,0.4153984785079956,-0.05657009407877922,0.608551025390625,0.3582150638103485,-0.06513408571481705,0.7002041339874268,0.5681551694869995,-0.025829218327999115,0.6813008785247803,0.5277848243713379,-0.072792187333107,0.6929681301116943,0.6068124175071716,-0.08092030882835388,0.7043745517730713,0.6592499613761902,-0.07422186434268951,0.7406818866729736,0.5729094743728638,-0.03208621218800545,0.7259605526924133,0.5417777895927429,-0.07581484317779541,0.7296860218048096,0.6203442215919495,-0.06735306233167648,0.731894850730896,0.6688022613525391,-0.04800691828131676,0.7812782526016235,0.5845987200737,-0.03980812430381775,0.7790255546569824,0.5154755711555481,-0.06981472671031952,0.7779187560081482,0.473917156457901,-0.07129526883363724,0.7762113213539124,0.42390215396881104,-0.06482214480638504,0.16378986835479736,0.8036998510360718,-1.707928021232874e-07,0.2348795235157013,0.7718424797058105,-0.026687834411859512,0.29375365376472473,0.689789891242981,-0.03621453046798706,0.33891451358795166,0.6248515248298645,-0.04641764983534813,0.3760731518268585,0.58394855260849,-0.05688727647066116,0.25051459670066833,0.5705360770225525,-0.02257200889289379,0.26203078031539917,0.47476112842559814,-0.04220985993742943,0.2671526372432709,0.4133228361606598,-0.05219772085547447,0.2708527147769928,0.3602253198623657,-0.05846048891544342,0.20416425168514252,0.5699300169944763,-0.025598110631108284,0.2003403753042221,0.5188446640968323,-0.07527049630880356,0.2002987563610077,0.5865259766578674,-0.09400101751089096,0.19916440546512604,0.6415327787399292,-0.09324729442596436,0.16029123961925507,0.5827760100364685,-0.031250759959220886,0.151224285364151,0.5500890612602234,-0.08102457970380783,0.16311240196228027,0.6230466365814209,-0.08755963295698166,0.17153006792068481,0.6754897832870483,-0.07643401622772217,0.1204063817858696,0.6018860936164856,-0.038351692259311676,0.09299497306346893,0.5250251889228821,-0.06783419847488403,0.07526026666164398,0.48013192415237427,-0.07318604737520218,0.05926494300365448,0.4291049838066101,-0.07015491276979446
2,0.7791475057601929,0.753115177154541,-1.1609119354716313e-07,0.7094364762306213,0.7512165307998657,-0.018204225227236748,0.635219156742096,0.6920410990715027,-0.027015183120965958,0.5872759819030762,0.6480687260627747,-0.03788713738322258,0.5420953631401062,0.6297847628593445,-0.04775266721844673,0.650214433670044,0.5633960366249084,-0.018346302211284637,0.6209266185760498,0.46448567509651184,-0.03820221126079559,0.6082773208618164,0.40510106086730957,-0.04615337774157524,0.5989746451377869,0.35194700956344604,-0.05205504968762398,0.6920889019966125,0.554277241230011,-0.024687064811587334,0.6769620180130005,0.5226429104804993,-0.0746978297829628,0.6910521388053894,0.5967413783073425,-0.08501458168029785,0.7044956088066101,0.6496410369873047,-0.07888457179069519,0.7357434034347534,0.5573241710662842,-0.03369990736246109,0.7260721921920776,0.5376575589179993,-0.08395922183990479,0.733921468257904,0.615207850933075,-0.07967392355203629,0.736964225769043,0.6633284091949463,-0.06161968410015106,0.7787954807281494,0.5641528964042664,-0.043533045798540115,0.7747048139572144,0.49733734130859375,-0.07687623798847198,0.7737525701522827,0.4556580185890198,-0.07951559871435165,0.7695230841636658,0.4056956171989441,-0.07328058779239655,0.14757944643497467,0.8001530170440674,-1.6300080574183085e-07,0.21920469403266907,0.7699493765830994,-0.02816915325820446,0.2795643210411072,0.6880171895027161,-0.03752129524946213,0.3248338997364044,0.6213275790214539,-0.04695624113082886,0.362190306186676,0.5783689618110657,-0.056217435747385025,0.23624110221862793,0.5680786967277527,-0.020353984087705612,0.2460743635892868,0.47190070152282715,-0.039284512400627136,0.25031018257141113,0.40876924991607666,-0.04898098111152649,0.2530142664909363,0.35479915142059326,-0.05538846179842949,0.1903672069311142,0.5673748850822449,-0.022480817511677742,0.1861940324306488,0.5102007389068604,-0.07141481339931488,0.18548908829689026,0.5791484117507935,-0.08940205723047256,0.18507178127765656,0.6366371512413025,-0.08810345828533173,0.14620307087898254,0.5805585980415344,-0.027729250490665436,0.13807019591331482,0.5421314239501953,-0.07792022824287415,0.1488686501979828,0.6175733208656311,-0.08371826261281967,0.15735292434692383,0.6727707386016846,-0.07188922166824341,0.10534048825502396,0.599031925201416,-0.03454650565981865,0.07913510501384735,0.5235986113548279,-0.06514473259449005,0.06019531190395355,0.47836771607398987,-0.07142015546560287,0.04335077106952667,0.4250417947769165,-0.06908171623945236
3,0.7659817934036255,0.7400553226470947,-2.749690253267545e-08,0.694085419178009,0.7402889728546143,-0.023453861474990845,0.6182664632797241,0.6873596906661987,-0.03480696305632591,0.5675234794616699,0.6469391584396362,-0.04755751043558121,0.5238111019134521,0.6275343894958496,-0.059046730399131775,0.629772961139679,0.556941568851471,-0.020598657429218292,0.602226734161377,0.4567747414112091,-0.04290156811475754,0.589187741279602,0.3969026505947113,-0.05182856693863869,0.5791478753089905,0.34078484773635864,-0.05763138458132744,0.6717541813850403,0.545435905456543,-0.02438507415354252,0.6585510969161987,0.5048558712005615,-0.07756248116493225,0.6741526126861572,0.5781742334365845,-0.0895988941192627,0.6880406141281128,0.6302001476287842,-0.08328977972269058,0.7146720886230469,0.5453651547431946,-0.03127199783921242,0.706023633480072,0.5167516469955444,-0.08461505174636841,0.7169519662857056,0.5957724452018738,-0.08138986676931381,0.7224393486976624,0.64677494764328,-0.062310632318258286,0.7588841915130615,0.5506412982940674,-0.039275605231523514,0.7564020752906799,0.47927698493003845,-0.07310445606708527,0.7554013729095459,0.43636661767959595,-0.07589267194271088,0.7497088313102722,0.38606518507003784,-0.06907208263874054,0.1533249318599701,0.8028734922409058,-1.42331543884211e-07,0.22966895997524261,0.76822429895401,-0.026812588796019554,0.29206404089927673,0.6912305355072021,-0.034654516726732254,0.34061676263809204,0.6275445222854614,-0.043193329125642776,0.37651869654655457,0.5870562195777893,-0.05184773728251457,0.24900202453136444,0.5689913630485535,-0.015680864453315735,0.2593506872653961,0.4716360867023468,-0.03261229395866394,0.2639472782611847,0.4089488387107849,-0.04071527346968651,0.265875905752182,0.3544630706310272,-0.04576002433896065,0.20285093784332275,0.5700379014015198,-0.01845805160701275,0.19821646809577942,0.5166956782341003,-0.06721582263708115,0.19279040396213531,0.5878772735595703,-0.08466983586549759,0.18822714686393738,0.6432774662971497,-0.08260492235422134,0.1587831974029541,0.5846954584121704,-0.024533718824386597,0.14761435985565186,0.5496553182601929,-0.07370419055223465,0.15404012799263,0.6235043406486511,-0.07989681512117386,0.15942104160785675,0.6722044944763184,-0.06827913224697113,0.11810103058815002,0.6058924794197083,-0.032168593257665634,0.09416764974594116,0.5297873020172119,-0.06016192585229874,0.07758258283138275,0.4900195598602295,-0.06443676352500916,0.06317654252052307,0.440930038690567,-0.06060071662068367
4,0.7696576118469238,0.7082661986351013,-6.195429591571155e-08,0.6931941509246826,0.7148378491401672,-0.019708458334207535,0.6163217425346375,0.6634016036987305,-0.02908759005367756,0.5642644166946411,0.6213535666465759,-0.040451306849718094,0.5183444023132324,0.6064999103546143,-0.05141059681773186,0.6300115585327148,0.5281356573104858,-0.014775935560464859,0.5973997712135315,0.43299204111099243,-0.036919113248586655,0.5814940333366394,0.3701903223991394,-0.04779219627380371,0.5695722103118896,0.31390076875686646,-0.05472050979733467,0.6713259816169739,0.5143653750419617,-0.020430222153663635,0.6523289680480957,0.47436249256134033,-0.0742010772228241,0.6700080037117004,0.5457582473754883,-0.08917515724897385,0.6859602928161621,0.6010653972625732,-0.08391034603118896,0.7143605947494507,0.5106543302536011,-0.028934836387634277,0.7018297910690308,0.4883718192577362,-0.08181220293045044,0.7111124396324158,0.563110888004303,-0.08156410604715347,0.7149485945701599,0.6130077242851257,-0.0640435516834259,0.7573447823524475,0.5121853351593018,-0.03811783343553543,0.7481299042701721,0.44122081995010376,-0.0716700628399849,0.7470033168792725,0.39635199308395386,-0.07479134202003479,0.7417689561843872,0.34559881687164307,-0.06784039735794067,0.1485794633626938,0.8007307648658752,-1.9256205519013747e-07,0.22046871483325958,0.7740310430526733,-0.0283907912671566,0.28253239393234253,0.693601667881012,-0.03817041590809822,0.3308827579021454,0.6280673146247864,-0.04850306734442711,0.3710985779762268,0.587637186050415,-0.05889739841222763,0.24382278323173523,0.5662365555763245,-0.02028847485780716,0.25723031163215637,0.4693801999092102,-0.041042864322662354,0.26134076714515686,0.4064091444015503,-0.05154842138290405,0.2645774781703949,0.3533395826816559,-0.05793193727731705,0.19609223306179047,0.5639992356300354,-0.022902876138687134,0.19270281493663788,0.5118498206138611,-0.0765279158949852,0.1850663721561432,0.5856979489326477,-0.09639066457748413,0.18049468100070953,0.646066427230835,-0.09469975531101227,0.14982962608337402,0.5754457712173462,-0.028595784679055214,0.139461487531662,0.5428116917610168,-0.08220932632684708,0.14554959535598755,0.6201885938644409,-0.0890868529677391,0.15239615738391876,0.6761754155158997,-0.07651229202747345,0.1071302592754364,0.59308922290802,-0.035711634904146194,0.08062323927879333,0.5171762704849243,-0.06691313534975052,0.06197839975357056,0.47304046154022217,-0.07206761091947556,0.04657597839832306,0.42104393243789673,-0.06794436275959015
5,0.7798516154289246,0.6978917717933655,-1.0294577634795132e-07,0.703513503074646,0.7050315141677856,-0.021849103271961212,0.6262354850769043,0.6542354226112366,-0.0322064608335495,0.5735363960266113,0.6089755296707153,-0.044080425053834915,0.5274434089660645,0.5907418131828308,-0.055161915719509125,0.6382604837417603,0.5114344954490662,-0.01646135188639164,0.607313871383667,0.41345638036727905,-0.03817768767476082,0.5909503102302551,0.3518598675727844,-0.04850541427731514,0.5774046778678894,0.2965353727340698,-0.055722225457429886,0.6793091893196106,0.49614769220352173,-0.021002454683184624,0.6632683277130127,0.4557031989097595,-0.07392877340316772,0.6843695044517517,0.5325117111206055,-0.08740893006324768,0.7018474340438843,0.5907121300697327,-0.08197296410799026,0.7223402261734009,0.4909747242927551,-0.0286901593208313,0.7095245122909546,0.4663645625114441,-0.08094149082899094,0.7209992408752441,0.5442807078361511,-0.07901906967163086,0.7263807654380798,0.5962462425231934,-0.06128895655274391,0.7658473253250122,0.49167293310165405,-0.03741467371582985,0.7584221959114075,0.4179943799972534,-0.07146922498941422,0.7571690678596497,0.3734145760536194,-0.07502766698598862,0.751062273979187,0.3230586051940918,-0.06895080953836441,0.14911611378192902,0.804019570350647,-1.2438388807822776e-07,0.22699788212776184,0.7664999961853027,-0.02625025063753128,0.2904691696166992,0.6860035061836243,-0.03300681337714195,0.338651180267334,0.6231599450111389,-0.04123211279511452,0.3739714026451111,0.5858737230300903,-0.049614645540714264,0.2443607747554779,0.5644331574440002,-0.010650306940078735,0.25616922974586487,0.4675590991973877,-0.028369082137942314,0.26199498772621155,0.40493351221084595,-0.037270862609148026,0.2647944688796997,0.35030418634414673,-0.042767785489559174,0.19880083203315735,0.5662261247634888,-0.014158625155687332,0.19423770904541016,0.5087683200836182,-0.06464428454637527,0.1897205263376236,0.5796664953231812,-0.08390931040048599,0.18543481826782227,0.6360721588134766,-0.08225733041763306,0.15524496138095856,0.5810441970825195,-0.021277472376823425,0.14309532940387726,0.5420324206352234,-0.0723094567656517,0.14984017610549927,0.6154592633247375,-0.07977966219186783,0.15530648827552795,0.6662448644638062,-0.06778180599212646,0.11444945633411407,0.6024737358093262,-0.03004550375044346,0.09152635931968689,0.5259793996810913,-0.05927890166640282,0.0756707638502121,0.4865289628505707,-0.06467244774103165,0.06209993362426758,0.4396066963672638,-0.06092367321252823
6,0.771562933921814,0.701307475566864,-9.287882107855694e-08,0.6967046856880188,0.7059459090232849,-0.020801620557904243,0.6205101609230042,0.6547684073448181,-0.031622081995010376,0.5667948722839355,0.6140195727348328,-0.044795677065849304,0.5213043689727783,0.5951842069625854,-0.057177554816007614,0.6363094449043274,0.5216871500015259,-0.01568097248673439,0.6076651811599731,0.4237394332885742,-0.038472093641757965,0.5939379334449768,0.36525318026542664,-0.04885987564921379,0.5818197131156921,0.3100682497024536,-0.055773112922906876,0.6769444942474365,0.5082138180732727,-0.021770145744085312,0.6597370505332947,0.46740901470184326,-0.07493127882480621,0.6782407164573669,0.5387871861457825,-0.08891426026821136,0.6942844390869141,0.5898208618164062,-0.08412573486566544,0.7188488245010376,0.505507230758667,-0.030886292457580566,0.7075911164283752,0.4797945022583008,-0.08296531438827515,0.720872700214386,0.5552045702934265,-0.0795852467417717,0.7266974449157715,0.6030600666999817,-0.06079076603055,0.7608738541603088,0.5078372359275818,-0.041166696697473526,0.7533222436904907,0.4350777566432953,-0.07320095598697662,0.7520958185195923,0.3900017738342285,-0.07431423664093018,0.7463492155075073,0.3383755683898926,-0.06648805737495422,0.15907621383666992,0.7997634410858154,-1.8874517593303608e-07,0.2305821180343628,0.7707220315933228,-0.02751355618238449,0.29023152589797974,0.6926558017730713,-0.037198565900325775,0.3360791504383087,0.6293637156486511,-0.04745730012655258,0.37423473596572876,0.5894643068313599,-0.057875342667102814,0.25088098645210266,0.5675047636032104,-0.021124374121427536,0.2641057074069977,0.47324562072753906,-0.04029255360364914,0.27014997601509094,0.4132095277309418,-0.05048125609755516,0.27526307106018066,0.3613538146018982,-0.057028479874134064,0.20441730320453644,0.5655882954597473,-0.023545358330011368,0.20124298334121704,0.5172981023788452,-0.07230541110038757,0.19789820909500122,0.5872255563735962,-0.09101755172014236,0.1952386051416397,0.6418032050132751,-0.09056371450424194,0.15974131226539612,0.5777164697647095,-0.028763270005583763,0.1511058360338211,0.5454185009002686,-0.07782499492168427,0.15932326018810272,0.6194669604301453,-0.08412361145019531,0.16556894779205322,0.6715061664581299,-0.07322762161493301,0.11838367581367493,0.5958393812179565,-0.03559846431016922,0.09294653683900833,0.5179504156112671,-0.06490900367498398,0.07598729431629181,0.472869336605072,-0.07010971009731293,0.06115226447582245,0.4211749732494354,-0.06696809083223343
7,0.7713913321495056,0.709013819694519,-1.5289610644231288e-07,0.6952757239341736,0.7091891765594482,-0.018086545169353485,0.6213710904121399,0.6565579175949097,-0.02747141569852829,0.56669020652771,0.6155462265014648,-0.038891177624464035,0.5215969085693359,0.6009158492088318,-0.04979998245835304,0.6369777917861938,0.5272181034088135,-0.013354068621993065,0.6083942651748657,0.43202584981918335,-0.03542865440249443,0.5945009589195251,0.37389102578163147,-0.046845752745866776,0.5827314257621765,0.3199170231819153,-0.05476459488272667,0.6752989888191223,0.5123239755630493,-0.018858041614294052,0.65934818983078,0.47693580389022827,-0.06836620718240738,0.6804409027099609,0.5510091185569763,-0.08076385408639908,0.6975462436676025,0.602426290512085,-0.0759064182639122,0.7161188125610352,0.508603572845459,-0.027119016274809837,0.7054451704025269,0.4833519458770752,-0.07488126307725906,0.7188749313354492,0.5573172569274902,-0.0702090859413147,0.724937379360199,0.6042104959487915,-0.05205406993627548,0.757670521736145,0.5116345286369324,-0.03640251234173775,0.7501721978187561,0.4395197629928589,-0.06619495898485184,0.7477573156356812,0.3953333795070648,-0.06642862409353256,0.7420573830604553,0.3452877998352051,-0.05869287624955177,0.16637034714221954,0.8028313517570496,-1.7983397526677436e-07,0.23713462054729462,0.7744637727737427,-0.02762017957866192,0.2960660457611084,0.6960448622703552,-0.03788900375366211,0.3424491882324219,0.6329484581947327,-0.048469703644514084,0.3812096118927002,0.5910804271697998,-0.058953333646059036,0.259901225566864,0.5712416172027588,-0.020507799461483955,0.27293527126312256,0.4788151979446411,-0.040865544229745865,0.278674840927124,0.418440580368042,-0.05220608413219452,0.2834364175796509,0.36654216051101685,-0.059502650052309036,0.2146596759557724,0.5695475339889526,-0.023173490539193153,0.21231405436992645,0.5164929628372192,-0.07165515422821045,0.21013963222503662,0.586436927318573,-0.09031561762094498,0.20981697738170624,0.6400260329246521,-0.08990491926670074,0.16962213814258575,0.5826268196105957,-0.028944307938218117,0.16192835569381714,0.5494910478591919,-0.07903721183538437,0.17296980321407318,0.6252429485321045,-0.08551134169101715,0.18218159675598145,0.6783939599990845,-0.07452964782714844,0.1274523138999939,0.6007655262947083,-0.03619203716516495,0.10349495708942413,0.5221487879753113,-0.06654100865125656,0.08684109896421432,0.4735792279243469,-0.07251603156328201,0.07253742218017578,0.4174175560474396,-0.07012221962213516
8,0.7702288627624512,0.7139508128166199,-1.180143840429082e-07,0.69821697473526,0.719580888748169,-0.02241608314216137,0.6198176145553589,0.6665216088294983,-0.033835265785455704,0.5644587874412537,0.6244686245918274,-0.04689537361264229,0.5169974565505981,0.6085549592971802,-0.059184037148952484,0.6327130198478699,0.5328031778335571,-0.01830110140144825,0.6040383577346802,0.4377386271953583,-0.04132545739412308,0.5914192199707031,0.37816792726516724,-0.051926471292972565,0.5809452533721924,0.3232894539833069,-0.05892406031489372,0.6734331846237183,0.5179079174995422,-0.02321079932153225,0.6594118475914001,0.4832855463027954,-0.07673710584640503,0.6800980567932129,0.5583875775337219,-0.09034597873687744,0.6962499022483826,0.6120638847351074,-0.08517175912857056,0.7160289883613586,0.5147833824157715,-0.03121582418680191,0.7062013745307922,0.4921572208404541,-0.08383876830339432,0.7191903591156006,0.5678176879882812,-0.08085136115550995,0.7244777679443359,0.6165528893470764,-0.06234269589185715,0.7583416104316711,0.5173583030700684,-0.04031837731599808,0.749822199344635,0.4445720911026001,-0.07246140390634537,0.7468169927597046,0.3993551433086395,-0.07370121777057648,0.739346981048584,0.34830206632614136,-0.06615917384624481,0.17300529778003693,0.809417188167572,-1.967080152098788e-07,0.24474596977233887,0.7847710251808167,-0.028001805767416954,0.3049251437187195,0.7046303153038025,-0.03706049546599388,0.3515188694000244,0.6397072076797485,-0.04640059545636177,0.3882290720939636,0.5945459604263306,-0.055545058101415634,0.26781201362609863,0.5776773691177368,-0.018397409468889236,0.2822606563568115,0.48487070202827454,-0.0377444289624691,0.2902415990829468,0.4240163564682007,-0.04784863814711571,0.29634982347488403,0.3714611232280731,-0.054559171199798584,0.22258923947811127,0.5758638381958008,-0.02082621119916439,0.22291341423988342,0.5220417976379395,-0.07037069648504257,0.22007383406162262,0.5985889434814453,-0.08855881541967392,0.218087300658226,0.6565656661987305,-0.08718480914831161,0.1773897111415863,0.5896412134170532,-0.026555173099040985,0.17144690454006195,0.55364590883255,-0.07844453305006027,0.18172460794448853,0.6331965327262878,-0.08417148888111115,0.18964391946792603,0.6875335574150085,-0.07210052013397217,0.13486942648887634,0.6079484820365906,-0.03372299298644066,0.11158435791730881,0.5284354090690613,-0.06597413122653961,0.0959041491150856,0.4798527956008911,-0.0725453644990921,0.08223088085651398,0.4215959906578064,-0.0703350231051445
9,0.7684006690979004,0.7295352220535278,-1.0283238793817873e-07,0.6957049369812012,0.7367336750030518,-0.020792873576283455,0.618991494178772,0.683519184589386,-0.032195646315813065,0.5663468241691589,0.6401476860046387,-0.04586897790431976,0.519489586353302,0.6221983432769775,-0.05890275165438652,0.630445659160614,0.5499370098114014,-0.017881663516163826,0.5988163948059082,0.45035889744758606,-0.04167056828737259,0.5856374502182007,0.3884015679359436,-0.0527045875787735,0.574258029460907,0.3304109275341034,-0.05991072952747345,0.6695502400398254,0.5353654623031616,-0.02351261116564274,0.6507896184921265,0.5031585097312927,-0.07715154439210892,0.6715266108512878,0.5782456994056702,-0.09044045209884644,0.6896206736564636,0.6304691433906555,-0.08531113713979721,0.7105688452720642,0.5323840379714966,-0.03214822709560394,0.6939864754676819,0.5125066637992859,-0.0851687416434288,0.7091537714004517,0.5896432995796204,-0.08219766616821289,0.7181869745254517,0.6382746696472168,-0.06372559070587158,0.7525991201400757,0.5350496172904968,-0.04184575378894806,0.7429124116897583,0.4620038568973541,-0.07482452690601349,0.7395287752151489,0.41744565963745117,-0.07715480774641037,0.7322169542312622,0.36718642711639404,-0.07038315385580063,0.17519859969615936,0.8159709572792053,-2.3658653702796073e-08,0.2458554059267044,0.7983307242393494,-0.033114299178123474,0.30629444122314453,0.7214118838310242,-0.04654034227132797,0.3542064428329468,0.6564533114433289,-0.058843985199928284,0.39321622252464294,0.6090112328529358,-0.07122818380594254,0.27090832591056824,0.5903918743133545,-0.03146803379058838,0.2870619297027588,0.4926454424858093,-0.05497922748327255,0.2976948022842407,0.4273449778556824,-0.06737861782312393,0.3040103316307068,0.3709491491317749,-0.0754246935248375,0.22347865998744965,0.5875182747840881,-0.0323934406042099,0.22657917439937592,0.5397206544876099,-0.08767208456993103,0.22422805428504944,0.6176484823226929,-0.10650698095560074,0.22089847922325134,0.6755321621894836,-0.1047997921705246,0.17643681168556213,0.6003069281578064,-0.03672918304800987,0.17351824045181274,0.5696738362312317,-0.09296388924121857,0.1836298704147339,0.654048502445221,-0.09810888767242432,0.19108396768569946,0.7134163975715637,-0.08419874310493469,0.13303664326667786,0.6208705902099609,-0.04284043237566948,0.11421720683574677,0.5404014587402344,-0.07907410711050034,0.0999579131603241,0.4921630024909973,-0.08689559251070023,0.08718159794807434,0.43561697006225586,-0.08430787920951843
10,0.7659545540809631,0.7336366772651672,-1.3725451708523906e-07,0.6922612190246582,0.736973762512207,-0.016649233177304268,0.6172357201576233,0.6817525625228882,-0.025453269481658936,0.5660299062728882,0.6396166086196899,-0.03747311234474182,0.5217132568359375,0.6249393820762634,-0.049265019595623016,0.6305529475212097,0.5575670599937439,-0.012149958871304989,0.6011702418327332,0.4607029855251312,-0.0346374474465847,0.5889002084732056,0.40127646923065186,-0.04560840502381325,0.5779103636741638,0.344795286655426,-0.05302048474550247,0.6683517694473267,0.5455337762832642,-0.01951308362185955,0.6463229656219482,0.5111989378929138,-0.07153920084238052,0.6654776930809021,0.5839380025863647,-0.08525579422712326,0.6829707622528076,0.6342542171478271,-0.0806049257516861,0.7079518437385559,0.543367862701416,-0.029557496309280396,0.6896774172782898,0.5189628601074219,-0.07983139902353287,0.7044815421104431,0.5942887663841248,-0.07600022107362747,0.7135927677154541,0.6425781846046448,-0.0574185885488987,0.7483319044113159,0.5455577969551086,-0.040553104132413864,0.7375304102897644,0.47504210472106934,-0.07132861763238907,0.7329662442207336,0.4323159456253052,-0.07252659648656845,0.7245298027992249,0.3842088580131531,-0.06521543860435486,0.18346083164215088,0.8186681270599365,-1.7800462615014112e-07,0.2538188099861145,0.7945431470870972,-0.02520587481558323,0.31339526176452637,0.7152484655380249,-0.03366082161664963,0.3580325245857239,0.6516034603118896,-0.042888276278972626,0.39533865451812744,0.6088209748268127,-0.051932185888290405,0.275635689496994,0.5882354974746704,-0.016453996300697327,0.29314810037612915,0.49327847361564636,-0.033685434609651566,0.30235233902931213,0.4324355721473694,-0.04184772074222565,0.3096967339515686,0.3811899423599243,-0.046644825488328934,0.23200882971286774,0.5869173407554626,-0.019740842282772064,0.2381509393453598,0.5352677702903748,-0.06633879244327545,0.2369169145822525,0.6083758473396301,-0.08367732912302017,0.23425430059432983,0.6666756868362427,-0.08204638212919235,0.18829423189163208,0.5996483564376831,-0.02582099847495556,0.18802770972251892,0.5669276118278503,-0.0746920183300972,0.198187917470932,0.644644558429718,-0.08014583587646484,0.20455624163150787,0.6983410716056824,-0.06840238720178604,0.1456935703754425,0.6160039901733398,-0.033051565289497375,0.123958058655262,0.5364577770233154,-0.061345141381025314,0.11058104783296585,0.4875394105911255,-0.06560266017913818,0.09871508181095123,0.43099749088287354,-0.0621677003800869
11,0.7651812434196472,0.7342060804367065,-1.5265545982856565e-07,0.6937400698661804,0.739488422870636,-0.015844790264964104,0.6193206310272217,0.6836606860160828,-0.022834407165646553,0.5706090331077576,0.6398208141326904,-0.032773457467556,0.5285108089447021,0.6233288645744324,-0.04236895963549614,0.6350022554397583,0.5621774196624756,-0.01138355489820242,0.6057748794555664,0.4654765725135803,-0.03194374963641167,0.5936411023139954,0.40768957138061523,-0.04098927974700928,0.5837013125419617,0.35389816761016846,-0.04687784984707832,0.6713436245918274,0.5501413345336914,-0.018275078386068344,0.6474973559379578,0.51714688539505,-0.06813647598028183,0.6636621356010437,0.5887894630432129,-0.08060291409492493,0.6797342300415039,0.6378718614578247,-0.07516742497682571,0.7090323567390442,0.5478883981704712,-0.02765742689371109,0.6899137496948242,0.5271881818771362,-0.07633943855762482,0.7028135061264038,0.6007940769195557,-0.07273297756910324,0.7107573747634888,0.6462810039520264,-0.05453411489725113,0.7469707727432251,0.5492503643035889,-0.037851233035326004,0.734066367149353,0.4810575246810913,-0.06731243431568146,0.7280746698379517,0.43982017040252686,-0.06797295063734055,0.7194176912307739,0.39262640476226807,-0.06038275733590126,0.19172435998916626,0.8056964874267578,-1.6707198824406078e-07,0.2615146040916443,0.779462456703186,-0.0231704693287611,0.32286083698272705,0.7036702036857605,-0.031584326177835464,0.3651278018951416,0.6441107392311096,-0.04109599068760872,0.39772993326187134,0.5993715524673462,-0.05030754953622818,0.28067007660865784,0.5835140347480774,-0.016313016414642334,0.3006047308444977,0.48887932300567627,-0.03060407005250454,0.31009408831596375,0.4313710629940033,-0.03574013710021973,0.3187360167503357,0.381056547164917,-0.03868637606501579,0.2409045398235321,0.5828496813774109,-0.01975546032190323,0.25518375635147095,0.5313616991043091,-0.061533648520708084,0.2580246925354004,0.596026599407196,-0.07624220103025436,0.25673454999923706,0.6498452425003052,-0.07407454401254654,0.2012493908405304,0.5954326391220093,-0.02565886452794075,0.21265390515327454,0.5552530288696289,-0.06976811587810516,0.22581061720848083,0.6293561458587646,-0.0741981640458107,0.23167577385902405,0.6826139688491821,-0.06344994157552719,0.16359147429466248,0.6119084358215332,-0.03273781016469002,0.14349311590194702,0.534109354019165,-0.05872071906924248,0.13329094648361206,0.48660385608673096,-0.0636952593922615,0.12507572770118713,0.4345815181732178,-0.061652135103940964
12,0.7601513862609863,0.7467235326766968,-1.0295153884953834e-07,0.6895260810852051,0.74799644947052,-0.01625141128897667,0.617530107498169,0.6910629272460938,-0.02398660033941269,0.5696164965629578,0.6488257050514221,-0.03455030545592308,0.5276837348937988,0.6326366662979126,-0.044980280101299286,0.6317160725593567,0.5760990381240845,-0.011957385577261448,0.6036767363548279,0.4800579249858856,-0.03349919989705086,0.593382716178894,0.42200011014938354,-0.043563179671764374,0.5856472849845886,0.36708635091781616,-0.04975366219878197,0.6680215001106262,0.5650538206100464,-0.018185826018452644,0.6451144814491272,0.5295521020889282,-0.06682488322257996,0.6575660109519958,0.5981807708740234,-0.07968597114086151,0.6712886691093445,0.644953191280365,-0.07515358924865723,0.7053872346878052,0.5636132955551147,-0.026917776092886925,0.684785783290863,0.5386698246002197,-0.07502139359712601,0.6945467591285706,0.6120494604110718,-0.07222238928079605,0.7015835046768188,0.6589112281799316,-0.05472922697663307,0.7436081767082214,0.566502034664154,-0.036391738802194595,0.730310320854187,0.49809449911117554,-0.06549441814422607,0.7239909768104553,0.4568023979663849,-0.06647135317325592,0.7155671715736389,0.4105257987976074,-0.05913693457841873,0.1927412748336792,0.8033907413482666,-1.365625195148823e-07,0.2614382207393646,0.7779709100723267,-0.021395519375801086,0.3211236596107483,0.7061800956726074,-0.02867274358868599,0.36357200145721436,0.6474865674972534,-0.03745585307478905,0.3959745168685913,0.604850709438324,-0.045759640634059906,0.285133957862854,0.589853823184967,-0.011709033511579037,0.3073614537715912,0.4948040843009949,-0.024747196584939957,0.3173570930957794,0.4385989308357239,-0.029483066871762276,0.3266170620918274,0.3888343870639801,-0.03235507383942604,0.24782931804656982,0.5863916277885437,-0.015710756182670593,0.2589017152786255,0.5283427238464355,-0.056134581565856934,0.2656017243862152,0.5881162285804749,-0.07163163274526596,0.26804861426353455,0.6412491798400879,-0.0704554095864296,0.21003980934619904,0.595432460308075,-0.022089146077632904,0.21862562000751495,0.5473875999450684,-0.06296734511852264,0.23212403059005737,0.6179442405700684,-0.06709558516740799,0.23828555643558502,0.6705129742622375,-0.0570690892636776,0.17310775816440582,0.6082404851913452,-0.029864588752388954,0.15473291277885437,0.5325618982315063,-0.053171105682849884,0.14739790558815002,0.4847172796726227,-0.05791999027132988,0.14151549339294434,0.4312693476676941,-0.05637373775243759
13,0.7488923072814941,0.7638964653015137,-1.6809306657705747e-07,0.6778159737586975,0.7622955441474915,-0.015294170938432217,0.6063130497932434,0.7073295712471008,-0.021928241476416588,0.5594247579574585,0.6660125255584717,-0.031035056337714195,0.5179537534713745,0.6494247317314148,-0.04015404358506203,0.6245806217193604,0.5890545845031738,-0.011575255542993546,0.5956003665924072,0.49571654200553894,-0.030966605991125107,0.5804920792579651,0.44058501720428467,-0.03849579393863678,0.5671589970588684,0.3905116319656372,-0.04269582778215408,0.6617408394813538,0.5771632790565491,-0.01746157929301262,0.6358879208564758,0.5515693426132202,-0.06452818959951401,0.646998941898346,0.6275478601455688,-0.07600221037864685,0.659382700920105,0.6790633201599121,-0.07032797485589981,0.6988662481307983,0.5767560005187988,-0.025578709319233894,0.6760954260826111,0.5599656105041504,-0.07457724213600159,0.6854190230369568,0.6325587034225464,-0.0733698382973671,0.6927151083946228,0.6777397990226746,-0.05631193146109581,0.7362566590309143,0.5809466242790222,-0.03379011154174805,0.7205408215522766,0.5157070159912109,-0.06326957792043686,0.7134203314781189,0.47679561376571655,-0.06459055095911026,0.704730212688446,0.4323034882545471,-0.057067591696977615,0.19377785921096802,0.8120903372764587,-1.4867086406411545e-07,0.2613505721092224,0.7863318920135498,-0.023376010358333588,0.32206082344055176,0.7130204439163208,-0.031724173575639725,0.3647882342338562,0.6542871594429016,-0.0411573089659214,0.3974339962005615,0.6105179786682129,-0.049905117601156235,0.28304916620254517,0.5958051085472107,-0.01502557285130024,0.3055669963359833,0.5015724301338196,-0.03089837171137333,0.3160265386104584,0.44535237550735474,-0.0374230220913887,0.32537394762039185,0.3953849673271179,-0.04172630235552788,0.24549296498298645,0.5936331152915955,-0.019541632384061813,0.2600979804992676,0.5382156372070312,-0.06380288302898407,0.2669447362422943,0.6071471571922302,-0.0800633430480957,0.2693229615688324,0.665489912033081,-0.07896745204925537,0.20699381828308105,0.6045845746994019,-0.026870332658290863,0.21842838823795319,0.5634835362434387,-0.07245238125324249,0.23078475892543793,0.6396108865737915,-0.07663589715957642,0.23584243655204773,0.69317227602005,-0.0657225102186203,0.16963887214660645,0.6198969483375549,-0.03561926633119583,0.1524699330329895,0.5423052310943604,-0.06286819279193878,0.14563751220703125,0.4938867688179016,-0.06845182925462723,0.13968640565872192,0.4380815029144287,-0.06714323908090591
14,0.7341974973678589,0.7899364233016968,-1.9432141584729834e-07,0.6623867154121399,0.7845224142074585,-0.014564981684088707,0.5917356610298157,0.7301264405250549,-0.022471489384770393,0.5443373322486877,0.6912890076637268,-0.03319888561964035,0.5021337866783142,0.671855628490448,-0.04420528933405876,0.611159086227417,0.6125539541244507,-0.016134852543473244,0.5787035226821899,0.5176613330841064,-0.037529800087213516,0.5631587505340576,0.45692145824432373,-0.04723331704735756,0.5495273470878601,0.4037058353424072,-0.052841756492853165,0.6493129134178162,0.598441481590271,-0.022868458181619644,0.6203387975692749,0.588136613368988,-0.07122504711151123,0.6292999386787415,0.6661216616630554,-0.08366021513938904,0.6412995457649231,0.7192361354827881,-0.07911015301942825,0.6883196830749512,0.5991457104682922,-0.03131529688835144,0.6610081791877747,0.5955457091331482,-0.08059872686862946,0.668790876865387,0.6702070236206055,-0.0785173624753952,0.6766474843025208,0.7174147367477417,-0.06116735562682152,0.7274438142776489,0.6063281297683716,-0.03993181139230728,0.7089398503303528,0.5442940592765808,-0.07012800127267838,0.6976664066314697,0.5054389238357544,-0.07073533535003662,0.6867337822914124,0.46241313219070435,-0.06243888661265373,0.19226454198360443,0.837352454662323,-2.060450867702457e-07,0.2614561915397644,0.8128405213356018,-0.025017622858285904,0.32216987013816833,0.7326629161834717,-0.03327133134007454,0.36658570170402527,0.6701448559761047,-0.04216862469911575,0.4023730158805847,0.6256152391433716,-0.05108082666993141,0.2841063141822815,0.6113417744636536,-0.019180752336978912,0.30396929383277893,0.5161707401275635,-0.03652884066104889,0.3155471086502075,0.45655936002731323,-0.043590884655714035,0.32428982853889465,0.4040830731391907,-0.0477779321372509,0.24144691228866577,0.6097647547721863,-0.022935736924409866,0.2540421485900879,0.5585188865661621,-0.06960694491863251,0.25589215755462646,0.6369231343269348,-0.08537749946117401,0.2521364688873291,0.6994758248329163,-0.08253739774227142,0.19945365190505981,0.6228688359260559,-0.029508013278245926,0.20684437453746796,0.5905728340148926,-0.07906622439622879,0.21919342875480652,0.6716844439506531,-0.0836372822523117,0.22426630556583405,0.7262154817581177,-0.0709243193268776,0.15905585885047913,0.6407397985458374,-0.037127673625946045,0.1411939412355423,0.557570219039917,-0.0666491910815239,0.13250473141670227,0.5103465914726257,-0.07140535861253738,0.12447002530097961,0.45483359694480896,-0.06823637336492538
15,0.7298006415367126,0.8041341304779053,-1.566912288808453e-07,0.6585001945495605,0.8052841424942017,-0.02131454087793827,0.581876814365387,0.7412348985671997,-0.030219702050089836,0.530326783657074,0.695885419845581,-0.040580544620752335,0.48246872425079346,0.6764286756515503,-0.05050599202513695,0.5956874489784241,0.614193320274353,-0.01903669349849224,0.5639006495475769,0.5140577554702759,-0.04019859805703163,0.5483062267303467,0.4491380453109741,-0.04833131283521652,0.5360062718391418,0.3912125825881958,-0.05299753695726395,0.6368330717086792,0.5982014536857605,-0.022377191111445427,0.6090072393417358,0.5839670300483704,-0.07351942360401154,0.6244933605194092,0.6697639226913452,-0.08353916555643082,0.6442137360572815,0.7307419180870056,-0.07536450028419495,0.6781424880027771,0.5992473363876343,-0.028568465262651443,0.6515951752662659,0.5948840379714966,-0.08180873095989227,0.6627054214477539,0.677152693271637,-0.0793919786810875,0.6743158102035522,0.7295960187911987,-0.06004874408245087,0.7186082005500793,0.6066787838935852,-0.035338420420885086,0.7038597464561462,0.5415648818016052,-0.06860445439815521,0.6944814324378967,0.5026174783706665,-0.0714712142944336,0.6844245791435242,0.4578905403614044,-0.06427869200706482,0.18944811820983887,0.8510847091674805,-7.111109567858875e-08,0.25744572281837463,0.8389725089073181,-0.028454188257455826,0.321555495262146,0.7548841238021851,-0.03697534278035164,0.36758530139923096,0.6879775524139404,-0.04454955458641052,0.4022776782512665,0.6394603848457336,-0.05203844979405403,0.28319549560546875,0.628308892250061,-0.026276499032974243,0.2996450960636139,0.5290219187736511,-0.045430395752191544,0.3109254240989685,0.4613279700279236,-0.054805830121040344,0.32018253207206726,0.4030281603336334,-0.06158631294965744,0.23667208850383759,0.6249172687530518,-0.028628721833229065,0.25092464685440063,0.573853611946106,-0.07840844243764877,0.2498907595872879,0.6540155410766602,-0.09507182985544205,0.24569159746170044,0.7152646780014038,-0.09301284700632095,0.19027233123779297,0.6364513635635376,-0.03388908505439758,0.19737869501113892,0.60456383228302,-0.08696343749761581,0.2066686898469925,0.6943235993385315,-0.09164773672819138,0.21087133884429932,0.7584268450737,-0.07869863510131836,0.14634156227111816,0.6562159061431885,-0.04039917141199112,0.1276991069316864,0.5684741139411926,-0.07484740018844604,0.11403550207614899,0.5155751705169678,-0.08234503865242004,0.10188059508800507,0.4559205174446106,-0.08086319267749786
16,0.7290984392166138,0.7914025187492371,-1.4837266348877165e-07,0.6543043851852417,0.7938217520713806,-0.017658235505223274,0.5739543437957764,0.7274233102798462,-0.024328960105776787,0.523345410823822,0.675926148891449,-0.033271219581365585,0.47736653685569763,0.6544396877288818,-0.0419224351644516,0.593145489692688,0.5922721028327942,-0.015869827941060066,0.5593871474266052,0.4861587882041931,-0.038400303572416306,0.5436558723449707,0.41787704825401306,-0.047555964440107346,0.5334125757217407,0.3578323721885681,-0.05240880325436592,0.6340579986572266,0.578272819519043,-0.022313395515084267,0.6084113717079163,0.5428080558776855,-0.07762755453586578,0.622429609298706,0.6285882592201233,-0.08900701254606247,0.6408515572547913,0.6919870972633362,-0.07956060767173767,0.6777112483978271,0.5776581168174744,-0.031376034021377563,0.6570426821708679,0.5616246461868286,-0.08647514134645462,0.6663841009140015,0.6464347839355469,-0.08293808251619339,0.6755884289741516,0.6998085975646973,-0.06120000779628754,0.7218958735466003,0.5822151899337769,-0.04092682525515556,0.7081096768379211,0.507317066192627,-0.0746246874332428,0.7004567384719849,0.4620218873023987,-0.0755804032087326,0.6931557059288025,0.4111720323562622,-0.06604866683483124,0.17707975208759308,0.8646734952926636,-1.4693158334466716e-07,0.25446179509162903,0.8468689918518066,-0.030534470453858376,0.32316863536834717,0.7571791410446167,-0.03975776955485344,0.37231191992759705,0.6847261786460876,-0.048995740711688995,0.41017913818359375,0.6359344124794006,-0.05787269026041031,0.2826359272003174,0.6211802363395691,-0.02117346040904522,0.30011990666389465,0.5149992108345032,-0.04188339784741402,0.31053274869918823,0.4453699588775635,-0.05183500051498413,0.31923800706863403,0.3853246569633484,-0.05814388766884804,0.23561708629131317,0.6173383593559265,-0.023377470672130585,0.24562808871269226,0.5602278709411621,-0.07675572484731674,0.24424654245376587,0.6412004232406616,-0.09583015739917755,0.23937596380710602,0.7025424838066101,-0.09379571676254272,0.18813881278038025,0.6290885210037231,-0.02914300747215748,0.189032644033432,0.5900300741195679,-0.0862516462802887,0.19888517260551453,0.681021511554718,-0.09119204431772232,0.20370925962924957,0.7426579594612122,-0.07644104212522507,0.14157617092132568,0.6476994156837463,-0.03649977967143059,0.11997435986995697,0.5558753609657288,-0.07230813056230545,0.1060107946395874,0.5006696581840515,-0.07906604558229446,0.09370730817317963,0.43621647357940674,-0.07602296769618988
17,0.7400746941566467,0.7681397795677185,-1.018072097735967e-07,0.658000111579895,0.7724602818489075,-0.023399636149406433,0.574512779712677,0.7077695727348328,-0.03216129168868065,0.5215112566947937,0.65073162317276,-0.042336225509643555,0.47378984093666077,0.6213922500610352,-0.05187159776687622,0.5929054021835327,0.5634229183197021,-0.01724393479526043,0.5608251690864563,0.45310571789741516,-0.04107040539383888,0.5459598302841187,0.38216131925582886,-0.05190529301762581,0.534551739692688,0.31859269738197327,-0.05818482115864754,0.6367810368537903,0.5482158064842224,-0.021687621250748634,0.6132280230522156,0.5021410584449768,-0.07980518043041229,0.6309154629707336,0.5844345688819885,-0.09428425133228302,0.649090051651001,0.6497856974601746,-0.08640934526920319,0.6828781366348267,0.5449342727661133,-0.02941969968378544,0.6638574600219727,0.5170518159866333,-0.0865047350525856,0.6745464205741882,0.6039873957633972,-0.08425509929656982,0.6809567809104919,0.6623976826667786,-0.06289596855640411,0.7287006378173828,0.547590970993042,-0.03817170858383179,0.7156907916069031,0.46944284439086914,-0.0741959884762764,0.710583508014679,0.4211406707763672,-0.07712660729885101,0.7022454738616943,0.3664897084236145,-0.06878163665533066,0.171285480260849,0.8636729121208191,-1.3198081205700873e-07,0.2517326772212982,0.8399139046669006,-0.03303482010960579,0.3252161741256714,0.74910968542099,-0.04416681081056595,0.37862205505371094,0.6747510433197021,-0.05524792522192001,0.4199278950691223,0.6186668276786804,-0.06550054997205734,0.2836925983428955,0.6051574945449829,-0.021462202072143555,0.30298852920532227,0.49469682574272156,-0.04272261634469032,0.31416237354278564,0.42426443099975586,-0.05297015607357025,0.3241688311100006,0.3634035289287567,-0.059294674545526505,0.23502057790756226,0.60151207447052,-0.02371993102133274,0.243186816573143,0.5384301543235779,-0.07870559394359589,0.24259580671787262,0.6184590458869934,-0.09925787150859833,0.23958221077919006,0.6818490028381348,-0.09769594669342041,0.18545536696910858,0.6137610673904419,-0.029867881909012794,0.1867818832397461,0.5710007548332214,-0.08809417486190796,0.19580072164535522,0.6621963977813721,-0.09415695816278458,0.20002317428588867,0.7252670526504517,-0.07977002114057541,0.1370677649974823,0.6311914324760437,-0.037827253341674805,0.11676675081253052,0.5347192883491516,-0.07354500144720078,0.10461248457431793,0.47633689641952515,-0.08034789562225342,0.09354323148727417,0.4096427857875824,-0.07724784314632416
18,0.7532901763916016,0.7649020552635193,-1.7261626794606855e-07,0.6663895845413208,0.7652043700218201,-0.022834211587905884,0.5811222195625305,0.6978238821029663,-0.03199420124292374,0.5238710045814514,0.63727867603302,-0.04237554222345352,0.47367674112319946,0.6101678609848022,-0.05199270695447922,0.6038368940353394,0.5500246286392212,-0.01773129589855671,0.5703346133232117,0.43561094999313354,-0.04112390801310539,0.5543065071105957,0.36379367113113403,-0.05274974927306175,0.5405269265174866,0.2984298765659332,-0.06097564846277237,0.6471568942070007,0.5340045690536499,-0.022503912448883057,0.620041012763977,0.48979005217552185,-0.07840143889188766,0.641205370426178,0.5762467384338379,-0.09083627909421921,0.6619832515716553,0.6409863829612732,-0.08340153843164444,0.6923624277114868,0.5307592749595642,-0.030529692769050598,0.6705129146575928,0.4985906481742859,-0.08417978137731552,0.6841490864753723,0.5877189636230469,-0.07783995568752289,0.6924006938934326,0.6460975408554077,-0.05619126930832863,0.7384247779846191,0.533894419670105,-0.04006420448422432,0.7254791259765625,0.4547233581542969,-0.07468866556882858,0.7190441489219666,0.4073387384414673,-0.07622948288917542,0.7089464068412781,0.3515269160270691,-0.06833083182573318,0.1858936846256256,0.8473360538482666,1.0731739941149954e-08,0.2554299831390381,0.8335065841674805,-0.0361163429915905,0.3302505612373352,0.7432268857955933,-0.0463697575032711,0.38408276438713074,0.6708319187164307,-0.053651150315999985,0.42162907123565674,0.6103325486183167,-0.06042788550257683,0.2914171814918518,0.6060032844543457,-0.030962249264121056,0.306758314371109,0.4935392737388611,-0.04865020141005516,0.3204057812690735,0.4174582362174988,-0.057187315076589584,0.33015188574790955,0.35286813974380493,-0.06395889818668365,0.2397737354040146,0.5981137752532959,-0.031013378873467445,0.25017306208610535,0.5316045880317688,-0.08216553926467896,0.24916982650756836,0.6183505058288574,-0.09974566102027893,0.24355532228946686,0.6891624927520752,-0.09774188697338104,0.186971515417099,0.6062888503074646,-0.03480297699570656,0.1954701840877533,0.5593878626823425,-0.08890607953071594,0.20466166734695435,0.6553134918212891,-0.09641456604003906,0.20778009295463562,0.7245341539382935,-0.0856247991323471,0.13608235120773315,0.6232994794845581,-0.04040460288524628,0.12064394354820251,0.5252782106399536,-0.07648111879825592,0.10887642204761505,0.4664919972419739,-0.0875348448753357,0.09767177700996399,0.39859330654144287,-0.0892423465847969
19,0.7512972950935364,0.7754051685333252,-1.5438611455920181e-07,0.6640747785568237,0.7766091823577881,-0.023074109107255936,0.5772614479064941,0.7059594392776489,-0.03320644423365593,0.5196277499198914,0.6442612409591675,-0.046141188591718674,0.46879076957702637,0.6150006055831909,-0.058732371777296066,0.6005443334579468,0.5681247115135193,-0.01756630465388298,0.5685417652130127,0.4513019621372223,-0.04345253109931946,0.554685115814209,0.3800627589225769,-0.05516353249549866,0.5404797792434692,0.3135305345058441,-0.06265193969011307,0.6448123455047607,0.555283784866333,-0.024079564958810806,0.621610701084137,0.5079532861709595,-0.08543197810649872,0.6410773396492004,0.5911581516265869,-0.10152162611484528,0.6578912734985352,0.6533685922622681,-0.09526053816080093,0.6897501945495605,0.55356764793396,-0.033863604068756104,0.6703621745109558,0.5218807458877563,-0.0938858911395073,0.684199869632721,0.6099556684494019,-0.09167074412107468,0.6908484101295471,0.6679789423942566,-0.07051559537649155,0.7358452081680298,0.5564236640930176,-0.04485965147614479,0.7248933911323547,0.47471559047698975,-0.08130040764808655,0.7200091481208801,0.424883097410202,-0.08409280329942703,0.7103149890899658,0.36953282356262207,-0.07616957277059555,0.19379588961601257,0.8452115058898926,2.725919767687657e-10,0.2702800929546356,0.8348273634910583,-0.03555973246693611,0.3436024487018585,0.7441002726554871,-0.04676113650202751,0.39396578073501587,0.6707763075828552,-0.0560581237077713,0.4302753806114197,0.6101107001304626,-0.0648571327328682,0.30253100395202637,0.6065987944602966,-0.02789880335330963,0.31872034072875977,0.5025253295898438,-0.048023127019405365,0.332115113735199,0.43179869651794434,-0.05817730724811554,0.34184589982032776,0.37040436267852783,-0.06502479314804077,0.2517220675945282,0.599609911441803,-0.028228776529431343,0.2639647424221039,0.5405797362327576,-0.07877840101718903,0.2659444808959961,0.6244427561759949,-0.09556174278259277,0.2633954584598541,0.6915489435195923,-0.09288931638002396,0.20048782229423523,0.6092034578323364,-0.0327211432158947,0.21118783950805664,0.5699054002761841,-0.08606400340795517,0.22075155377388,0.6629365682601929,-0.08917452394962311,0.22342254221439362,0.7295330762863159,-0.0743895024061203,0.15167129039764404,0.6272780299186707,-0.03966107964515686,0.13914808630943298,0.5260709524154663,-0.07416490465402603,0.13176020979881287,0.4644891321659088,-0.0817013829946518,0.12555046379566193,0.3985169529914856,-0.07984818518161774
20,0.7458698153495789,0.7806874513626099,-1.6642002265143674e-07,0.6628747582435608,0.7832958102226257,-0.020706435665488243,0.5781818628311157,0.7108954191207886,-0.028484705835580826,0.5231643319129944,0.6492852568626404,-0.03929853066802025,0.47425365447998047,0.6195603609085083,-0.04972878471016884,0.6002697348594666,0.5804491639137268,-0.014226402156054974,0.5665547847747803,0.46513593196868896,-0.037473954260349274,0.5524008870124817,0.39608025550842285,-0.047279734164476395,0.5388703942298889,0.33110812306404114,-0.053775545209646225,0.6427475810050964,0.5672570466995239,-0.020757481455802917,0.6147687435150146,0.5241893529891968,-0.07789835333824158,0.6331271529197693,0.6047429442405701,-0.09200280159711838,0.651147186756134,0.663140058517456,-0.08563167601823807,0.6864126324653625,0.565220057964325,-0.030379988253116608,0.6620292067527771,0.5367879867553711,-0.08674690872430801,0.6763025522232056,0.6235301494598389,-0.08298833668231964,0.6848214268684387,0.6792701482772827,-0.06210501119494438,0.7307539582252502,0.5672746300697327,-0.04118901118636131,0.7182878851890564,0.4897003769874573,-0.07573287934064865,0.7122153639793396,0.44278180599212646,-0.07779652625322342,0.701657772064209,0.38997161388397217,-0.07001950591802597,0.20171605050563812,0.8605630397796631,-2.1859196408513526e-07,0.27997925877571106,0.8396719098091125,-0.02576054260134697,0.3516526520252228,0.7483346462249756,-0.03204896301031113,0.398060142993927,0.6747089624404907,-0.039788294583559036,0.43140870332717896,0.618179440498352,-0.04693325608968735,0.3105117976665497,0.6120649576187134,-0.012340949848294258,0.33510690927505493,0.5055314302444458,-0.029039112851023674,0.34695136547088623,0.4378111958503723,-0.035795025527477264,0.35624566674232483,0.3785354495048523,-0.03962903842329979,0.2641901671886444,0.6060978174209595,-0.01682698167860508,0.28284910321235657,0.5509034395217896,-0.06711789965629578,0.2846342921257019,0.6318520903587341,-0.08534251898527145,0.28106212615966797,0.696864902973175,-0.0824861153960228,0.21715132892131805,0.6161197423934937,-0.024467235431075096,0.2314038723707199,0.5757606029510498,-0.0783742368221283,0.24234527349472046,0.6710848212242126,-0.08156897127628326,0.24532450735569,0.7371112108230591,-0.06577131152153015,0.17179939150810242,0.6328825950622559,-0.03354417905211449,0.15649786591529846,0.5380434393882751,-0.06527768820524216,0.1516304314136505,0.4812294840812683,-0.06945545971393585,0.1487368792295456,0.4190632700920105,-0.06474902480840683
21,0.7402697801589966,0.7787907719612122,-1.795701081164225e-07,0.6573137044906616,0.7799462676048279,-0.0199663657695055,0.5772517323493958,0.7126465439796448,-0.027547424659132957,0.5260485410690308,0.6543456315994263,-0.037858448922634125,0.4805039167404175,0.6259257793426514,-0.047821104526519775,0.5983877778053284,0.5880243182182312,-0.01356994267553091,0.5641100406646729,0.47854113578796387,-0.03620738536119461,0.5494163632392883,0.41387927532196045,-0.04608118534088135,0.5354531407356262,0.35211116075515747,-0.05241246894001961,0.6397479772567749,0.5740194916725159,-0.019272087141871452,0.6138471961021423,0.5310921669006348,-0.07381996512413025,0.629461407661438,0.6114581823348999,-0.08733907341957092,0.6444529294967651,0.669851541519165,-0.08108359575271606,0.68110191822052,0.5710399150848389,-0.02786215953528881,0.6572642922401428,0.5405200719833374,-0.08111570030450821,0.6706309914588928,0.6259480118751526,-0.07690751552581787,0.6791718006134033,0.6812214851379395,-0.05642738193273544,0.7229669094085693,0.573388397693634,-0.03764236345887184,0.7092562317848206,0.5002308487892151,-0.0700986385345459,0.7032809257507324,0.45604586601257324,-0.07139257341623306,0.6943846344947815,0.4052477180957794,-0.06328129023313522,0.21867965161800385,0.852249264717102,-2.0344623408163898e-07,0.29708340764045715,0.8269655704498291,-0.022834528237581253,0.3644122779369354,0.7419027090072632,-0.029067210853099823,0.4066011309623718,0.6702286601066589,-0.03730534762144089,0.43828919529914856,0.6142871379852295,-0.04527432471513748,0.32230696082115173,0.618800699710846,-0.014477252028882504,0.3476942181587219,0.5142061114311218,-0.03251991048455238,0.3604404032230377,0.4493010640144348,-0.039222802966833115,0.37165558338165283,0.3909587264060974,-0.04245668277144432,0.2812678813934326,0.6124207973480225,-0.019492141902446747,0.301194965839386,0.5509000420570374,-0.06901395320892334,0.307113379240036,0.6246758699417114,-0.08650747686624527,0.30666741728782654,0.6869159936904907,-0.08382712304592133,0.23770591616630554,0.6204448938369751,-0.027116335928440094,0.25296831130981445,0.5727139115333557,-0.07911379635334015,0.2647123336791992,0.6627769470214844,-0.08259826898574829,0.26802071928977966,0.7276486754417419,-0.06794168800115585,0.1955549716949463,0.6338284015655518,-0.03587479516863823,0.1792769581079483,0.5406403541564941,-0.06601215153932571,0.17419585585594177,0.48413240909576416,-0.07036826014518738,0.17007946968078613,0.42482370138168335,-0.0664655864238739
22,0.7292320728302002,0.7688068747520447,-1.6927586443671316e-07,0.6493322253227234,0.7681756019592285,-0.017767952755093575,0.5755176544189453,0.7070263028144836,-0.026376141235232353,0.5286564230918884,0.6535297632217407,-0.037463705986738205,0.4855424165725708,0.6229515075683594,-0.04824553430080414,0.5964117050170898,0.5860248804092407,-0.015925979241728783,0.562712550163269,0.483282208442688,-0.03761523962020874,0.5483549237251282,0.42229896783828735,-0.047602977603673935,0.5356060266494751,0.36460286378860474,-0.0541239008307457,0.6366513967514038,0.5740457773208618,-0.02152078039944172,0.6113250255584717,0.536986768245697,-0.0713697150349617,0.6237772107124329,0.613017201423645,-0.08318182826042175,0.6369459629058838,0.6681912541389465,-0.0777258351445198,0.676445484161377,0.5731092691421509,-0.029467565938830376,0.6526430249214172,0.5458608865737915,-0.07738946378231049,0.6640951633453369,0.6262648701667786,-0.07198433578014374,0.6723242402076721,0.6777786016464233,-0.05284573882818222,0.71638023853302,0.5776533484458923,-0.03851807862520218,0.7017492651939392,0.508560299873352,-0.06839913129806519,0.6950571537017822,0.4674077332019806,-0.0690581277012825,0.6874154806137085,0.4207605719566345,-0.06128748878836632,0.23610904812812805,0.8386013507843018,-2.1841361785845947e-07,0.31011977791786194,0.8163093328475952,-0.020920896902680397,0.3733130693435669,0.7375369668006897,-0.02806464023888111,0.4142700433731079,0.671915590763092,-0.03709129989147186,0.44432613253593445,0.6198570132255554,-0.04588513821363449,0.33565476536750793,0.6164726614952087,-0.017772052437067032,0.3612965941429138,0.5169671177864075,-0.0360301211476326,0.3736022710800171,0.4549005627632141,-0.04337863624095917,0.3838889002799988,0.399408757686615,-0.04770160838961601,0.29646211862564087,0.6097878217697144,-0.023312455043196678,0.3169108033180237,0.5593088865280151,-0.07068639993667603,0.32078874111175537,0.6315916180610657,-0.08660170435905457,0.31841641664505005,0.6873002052307129,-0.08463279157876968,0.25503790378570557,0.6188617944717407,-0.03108161687850952,0.26962772011756897,0.5766899585723877,-0.07970232516527176,0.2808323800563812,0.6622939109802246,-0.08111121505498886,0.2839960753917694,0.7221823334693909,-0.06726900488138199,0.21548022329807281,0.6347804069519043,-0.040041930973529816,0.19711416959762573,0.547600507736206,-0.06923102587461472,0.19215646386146545,0.4937129020690918,-0.07321471720933914,0.18936029076576233,0.4365624785423279,-0.06994704902172089
23,0.7180831432342529,0.7574313282966614,-1.5931870223084843e-07,0.6430990099906921,0.7579349875450134,-0.01612802967429161,0.5717793107032776,0.6975569725036621,-0.023251330479979515,0.5262308120727539,0.6467660069465637,-0.03288353234529495,0.484707236289978,0.6197955012321472,-0.042077116668224335,0.5888388156890869,0.5829142332077026,-0.013371600769460201,0.5555064082145691,0.48370134830474854,-0.033508576452732086,0.5415297150611877,0.42589277029037476,-0.04213884472846985,0.5296528935432434,0.37248533964157104,-0.04732781648635864,0.6263815760612488,0.57204270362854,-0.018812602385878563,0.6011290550231934,0.533271849155426,-0.06644539535045624,0.6138623356819153,0.6047708988189697,-0.07735414803028107,0.6265740990638733,0.6565174460411072,-0.07118947803974152,0.6638599634170532,0.5701533555984497,-0.026461780071258545,0.6403837203979492,0.5405899882316589,-0.07174472510814667,0.6518477201461792,0.6179657578468323,-0.06615287810564041,0.6594570875167847,0.6668630242347717,-0.04722201079130173,0.7013360261917114,0.5737874507904053,-0.035094182938337326,0.6860789060592651,0.508316695690155,-0.06268966943025589,0.6777620315551758,0.4688573479652405,-0.0627053827047348,0.6683803200721741,0.4234040677547455,-0.05473802611231804,0.24215927720069885,0.8264869451522827,-1.79254527665762e-07,0.3143763244152069,0.8065316677093506,-0.02269645594060421,0.3743361532688141,0.7332403659820557,-0.031203098595142365,0.41398829221725464,0.6695274114608765,-0.041106365621089935,0.4440096616744995,0.6184746623039246,-0.05053948611021042,0.3419696092605591,0.6180647015571594,-0.020849311724305153,0.36851805448532104,0.5205389857292175,-0.040025077760219574,0.3815058469772339,0.4598942995071411,-0.047923918813467026,0.3926035761833191,0.404864639043808,-0.05261847376823425,0.30396294593811035,0.6089444756507874,-0.0251306239515543,0.3238432705402374,0.5589090585708618,-0.0719367116689682,0.3295876681804657,0.6280384063720703,-0.08792845159769058,0.3289559483528137,0.6832204461097717,-0.08663193136453629,0.2642291784286499,0.6144135594367981,-0.031735874712467194,0.27890315651893616,0.5718449950218201,-0.07896973192691803,0.29106318950653076,0.6525284647941589,-0.08150498569011688,0.29519176483154297,0.710115373134613,-0.06920401006937027,0.22623279690742493,0.6265501976013184,-0.039672885090112686,0.21011213958263397,0.5426970720291138,-0.06767899543046951,0.2054154872894287,0.491096556186676,-0.07240496575832367,0.20204418897628784,0.4366152286529541,-0.07011789828538895
24,0.71511310338974,0.7541184425354004,-1.7489860226760356e-07,0.6413950324058533,0.756986141204834,-0.01583263650536537,0.5711855888366699,0.6972865462303162,-0.022545991465449333,0.5263650417327881,0.6463993191719055,-0.03169960901141167,0.4856458008289337,0.6209319233894348,-0.04077440872788429,0.5899560451507568,0.5842036604881287,-0.0126065444201231,0.5582016706466675,0.4866257309913635,-0.03244869038462639,0.5433686375617981,0.42882204055786133,-0.0410783514380455,0.5309748649597168,0.37568098306655884,-0.04622787609696388,0.6261240839958191,0.5719287395477295,-0.01783864200115204,0.5999895334243774,0.5369073748588562,-0.06344474107027054,0.6104335188865662,0.6092306971549988,-0.07396826148033142,0.6223667860031128,0.6601258516311646,-0.06806958466768265,0.661548912525177,0.5696353316307068,-0.025277232751250267,0.6376228332519531,0.5445640087127686,-0.06954307109117508,0.6472126245498657,0.6194996237754822,-0.06470396369695663,0.6541159152984619,0.6659667491912842,-0.04666095972061157,0.6968432664871216,0.5723822116851807,-0.033559538424015045,0.6803893446922302,0.5074415802955627,-0.05958728864789009,0.6717829704284668,0.4697284698486328,-0.05868435651063919,0.6626224517822266,0.42669886350631714,-0.05033004656434059,0.24259844422340393,0.8179023265838623,-1.534021265570118e-07,0.3126455843448639,0.7989986538887024,-0.023733926936984062,0.3726957142353058,0.7282564640045166,-0.0330812893807888,0.4123283922672272,0.6653800010681152,-0.043279144912958145,0.44401979446411133,0.6160135269165039,-0.052734918892383575,0.34267550706863403,0.615491509437561,-0.021083377301692963,0.3685450255870819,0.5189892649650574,-0.03952701762318611,0.3818514347076416,0.46033865213394165,-0.04698808491230011,0.39393556118011475,0.4072321653366089,-0.05175791308283806,0.3063267469406128,0.6066997647285461,-0.024891447275877,0.3232848048210144,0.552644670009613,-0.07133536785840988,0.3287658095359802,0.6214479804039001,-0.087674580514431,0.32828807830810547,0.6771199107170105,-0.08688146620988846,0.26859116554260254,0.6120516657829285,-0.031045211479067802,0.2799627184867859,0.5653588175773621,-0.07706713676452637,0.29308077692985535,0.6425724029541016,-0.0803278237581253,0.2981349229812622,0.697902262210846,-0.06932524591684341,0.23209014534950256,0.6240451335906982,-0.03862210735678673,0.21622693538665771,0.5432312488555908,-0.0661424770951271,0.21103346347808838,0.49323809146881104,-0.07172178477048874,0.20620974898338318,0.43801718950271606,-0.07051949948072433
25,0.7086578011512756,0.7680531144142151,-1.554567319317357e-07,0.6366251707077026,0.7670899629592896,-0.016343925148248672,0.5650659799575806,0.7050511240959167,-0.023319752886891365,0.5184088945388794,0.6576177477836609,-0.03241488337516785,0.4779212474822998,0.6330180168151855,-0.041230205446481705,0.5849781036376953,0.5946462750434875,-0.014595415443181992,0.5539528727531433,0.49726858735084534,-0.03553631901741028,0.5401543378829956,0.43895962834358215,-0.04451679810881615,0.528389036655426,0.38467007875442505,-0.04979671165347099,0.621396005153656,0.5833373069763184,-0.019768506288528442,0.5943383574485779,0.5498097538948059,-0.06757824122905731,0.6046273112297058,0.6260743141174316,-0.07796027511358261,0.6173173785209656,0.6790171265602112,-0.07135012745857239,0.6580721139907837,0.5828408598899841,-0.027249066159129143,0.6322864890098572,0.5572308897972107,-0.07423962652683258,0.6416604518890381,0.632732093334198,-0.07031290978193283,0.6500005722045898,0.6798460483551025,-0.05201946198940277,0.6953552961349487,0.5886163711547852,-0.03543149307370186,0.6796672344207764,0.5240982174873352,-0.06384317576885223,0.6714357733726501,0.48498645424842834,-0.06499296426773071,0.663514256477356,0.4395669102668762,-0.05766235291957855,0.2418534755706787,0.8275914788246155,-1.6345560993613617e-07,0.3111295700073242,0.8103018999099731,-0.02405351586639881,0.371048241853714,0.7376585006713867,-0.03249427303671837,0.41272568702697754,0.673812747001648,-0.0420796275138855,0.44503074884414673,0.6246985793113708,-0.05103251710534096,0.3396034836769104,0.6231544613838196,-0.018207047134637833,0.36684221029281616,0.5262483358383179,-0.03625589236617088,0.38070714473724365,0.4671880006790161,-0.043668076395988464,0.3922271430492401,0.4141358733177185,-0.04854577034711838,0.3039255440235138,0.615533173084259,-0.022047750651836395,0.32331547141075134,0.5657591819763184,-0.06912010908126831,0.33026349544525146,0.6358776688575745,-0.08636357635259628,0.33046185970306396,0.6926496028900146,-0.0860566794872284,0.2660474479198456,0.6207501888275146,-0.02866310253739357,0.279766321182251,0.5771836042404175,-0.07608821243047714,0.29177436232566833,0.6560505628585815,-0.0808228924870491,0.2954154312610626,0.7136872410774231,-0.0703096091747284,0.22939199209213257,0.6314029693603516,-0.036698516458272934,0.21389473974704742,0.5499082803726196,-0.06597486138343811,0.20783929526805878,0.4992333948612213,-0.07322175055742264,0.2016720324754715,0.4444996416568756,-0.07297804206609726
26,0.7053482532501221,0.7862436771392822,-1.5414335052810202e-07,0.6327361464500427,0.7850768566131592,-0.019546538591384888,0.5607376098632812,0.7210772037506104,-0.028193781152367592,0.511664092540741,0.671608567237854,-0.03875720873475075,0.4683625102043152,0.6453123688697815,-0.049009647220373154,0.5797758102416992,0.6090748906135559,-0.016213642433285713,0.5476309657096863,0.5120136737823486,-0.03739890083670616,0.5338512659072876,0.45230066776275635,-0.04668730869889259,0.5210431814193726,0.3971458077430725,-0.052370283752679825,0.6171070337295532,0.5973221063613892,-0.020338717848062515,0.5898829698562622,0.5681644082069397,-0.07018066197633743,0.6016261577606201,0.6457927227020264,-0.08116159588098526,0.616000771522522,0.7014381885528564,-0.07440326362848282,0.6548566818237305,0.5977326035499573,-0.027141593396663666,0.6273824572563171,0.5748434662818909,-0.07671057432889938,0.6386597752571106,0.655266284942627,-0.07262834161520004,0.6485912203788757,0.7064368724822998,-0.053299497812986374,0.6929073929786682,0.6047971844673157,-0.034895624965429306,0.6796006560325623,0.5412933230400085,-0.06541330367326736,0.672278881072998,0.5015612840652466,-0.06730911135673523,0.6641203165054321,0.4547910690307617,-0.0600677989423275,0.23811906576156616,0.8465937376022339,-1.8075024854624644e-07,0.31009507179260254,0.8334614038467407,-0.02357540838420391,0.37263500690460205,0.7562748193740845,-0.030367808416485786,0.41658905148506165,0.6889843940734863,-0.03851030021905899,0.44841450452804565,0.6402963399887085,-0.04636339098215103,0.34070533514022827,0.6362829208374023,-0.015331583097577095,0.3663540184497833,0.5372182726860046,-0.0336734876036644,0.3819539546966553,0.4754876494407654,-0.04213098809123039,0.39412176609039307,0.42159515619277954,-0.04781016334891319,0.3023566007614136,0.6302213072776794,-0.01981009915471077,0.3218528628349304,0.5765929818153381,-0.06870116293430328,0.32712841033935547,0.6509392857551575,-0.08735539019107819,0.32521477341651917,0.7103065252304077,-0.08700951188802719,0.2622613310813904,0.6371606588363647,-0.027117062360048294,0.27445298433303833,0.5927873849868774,-0.07731973379850388,0.28588998317718506,0.6772329807281494,-0.08198211342096329,0.2887972891330719,0.7382520437240601,-0.06991167366504669,0.22292520105838776,0.649445116519928,-0.035714585334062576,0.20678997039794922,0.5642659664154053,-0.06698492914438248,0.2005353569984436,0.5107712745666504,-0.07406271249055862,0.19495919346809387,0.45096081495285034,-0.07283458113670349
27,0.7108072638511658,0.7947509288787842,-1.5014529708423652e-07,0.6356165409088135,0.795880913734436,-0.02307797782123089,0.5607279539108276,0.731084406375885,-0.03285376727581024,0.5104409456253052,0.6797688007354736,-0.0434323325753212,0.4648640751838684,0.6512600779533386,-0.05341292917728424,0.5808935165405273,0.6090541481971741,-0.02126569300889969,0.5465720295906067,0.5121968984603882,-0.042570583522319794,0.5305628180503845,0.44970083236694336,-0.05181954428553581,0.5173032283782959,0.3916614055633545,-0.05786305293440819,0.619946300983429,0.5953637361526489,-0.024334192276000977,0.5953270196914673,0.5677204728126526,-0.07599358260631561,0.6088497042655945,0.6477968692779541,-0.08793789893388748,0.6245835423469543,0.7075997591018677,-0.08118841797113419,0.6607407331466675,0.5962991714477539,-0.0301755852997303,0.6393977999687195,0.5863491892814636,-0.08147768676280975,0.6477048397064209,0.6683160066604614,-0.07983329892158508,0.6531642079353333,0.7201414704322815,-0.06192298233509064,0.7007299065589905,0.604396402835846,-0.037105198949575424,0.6849196553230286,0.5416576266288757,-0.06968558579683304,0.6797392964363098,0.5015398859977722,-0.07331350445747375,0.6745055913925171,0.45452994108200073,-0.06714830547571182,0.22144339978694916,0.8632510900497437,-1.5396193475680775e-07,0.2945499122142792,0.8451353907585144,-0.029543273150920868,0.36093294620513916,0.7624926567077637,-0.03901660069823265,0.40731385350227356,0.6916852593421936,-0.048126474022865295,0.4421135485172272,0.6400842666625977,-0.05651618912816048,0.32781684398651123,0.6405795812606812,-0.023299412801861763,0.3575470447540283,0.5368332862854004,-0.04243781417608261,0.3726465702056885,0.47274458408355713,-0.049994733184576035,0.3842737376689911,0.41567927598953247,-0.054616477340459824,0.28748464584350586,0.6337090134620667,-0.02548818290233612,0.31101030111312866,0.575786292552948,-0.07583422213792801,0.31177717447280884,0.6533635854721069,-0.09342487901449203,0.30692771077156067,0.7175488471984863,-0.09138321131467819,0.2447621077299118,0.6412072777748108,-0.030782395973801613,0.2613283693790436,0.5986772775650024,-0.08257903903722763,0.27186787128448486,0.6820359826087952,-0.08783172816038132,0.27495044469833374,0.7432765364646912,-0.07537218928337097,0.2029232382774353,0.6547014713287354,-0.03760248422622681,0.18974138796329498,0.5629420280456543,-0.06933768093585968,0.18242914974689484,0.5055974721908569,-0.0762966051697731,0.17546416819095612,0.444487988948822,-0.07467103004455566
28,0.7205498814582825,0.7979651093482971,-1.6207991393457633e-07,0.6428853273391724,0.799281656742096,-0.022856226190924644,0.5667803287506104,0.7352868318557739,-0.032818179577589035,0.517119824886322,0.6824563145637512,-0.04404611885547638,0.47115999460220337,0.6520379781723022,-0.054539017379283905,0.5847380757331848,0.6069827079772949,-0.019742202013731003,0.5497421026229858,0.5070227384567261,-0.04156674072146416,0.5323853492736816,0.4423052668571472,-0.05152454227209091,0.5179403424263,0.3824884295463562,-0.05797655135393143,0.6250305771827698,0.5913969278335571,-0.023332862183451653,0.6003859639167786,0.5652610659599304,-0.07587656378746033,0.6137546896934509,0.6462150812149048,-0.0882844477891922,0.6294105052947998,0.7082082033157349,-0.08143483847379684,0.667224109172821,0.5906022787094116,-0.029785657301545143,0.645598292350769,0.5806296467781067,-0.08147575706243515,0.6544923186302185,0.663481593132019,-0.07918877899646759,0.6602094173431396,0.7170809507369995,-0.06050203740596771,0.7084197998046875,0.5971683859825134,-0.037451617419719696,0.6924369931221008,0.5350654125213623,-0.06969556957483292,0.6868385672569275,0.4956432580947876,-0.072388656437397,0.68088299036026,0.44882822036743164,-0.06529520452022552,0.21135768294334412,0.8654091358184814,-1.7810455688049842e-07,0.28681889176368713,0.8434301018714905,-0.028370792046189308,0.35417765378952026,0.7613931894302368,-0.038877952843904495,0.40042734146118164,0.6896171569824219,-0.04974009096622467,0.4365004003047943,0.6363486051559448,-0.05978876352310181,0.3212040364742279,0.6367202401161194,-0.02303467132151127,0.35001638531684875,0.5309390425682068,-0.0429951548576355,0.36375901103019714,0.4673652648925781,-0.05085274577140808,0.37399935722351074,0.40985849499702454,-0.05564899742603302,0.27961522340774536,0.6301881074905396,-0.026311887428164482,0.30047887563705444,0.5729579925537109,-0.07810159772634506,0.3021271228790283,0.6527096033096313,-0.09620001912117004,0.2982258200645447,0.7153375744819641,-0.09465333819389343,0.2359692007303238,0.6379566192626953,-0.032528892159461975,0.24909016489982605,0.591698944568634,-0.08552055805921555,0.2591295540332794,0.6791021823883057,-0.08957026153802872,0.26194292306900024,0.741449773311615,-0.07630239427089691,0.19321510195732117,0.6518419981002808,-0.040258847177028656,0.1772814691066742,0.5610442757606506,-0.07255665957927704,0.17029866576194763,0.5035632252693176,-0.07905809581279755,0.16357330977916718,0.4409824311733246,-0.07708271592855453
29,0.7370599508285522,0.7968145608901978,-2.1861025345515372e-07,0.6578349471092224,0.7965639233589172,-0.02031215839087963,0.5812473893165588,0.7290259599685669,-0.028498563915491104,0.5324364900588989,0.6712493300437927,-0.03924911469221115,0.48661547899246216,0.640707790851593,-0.04972114413976669,0.6016488671302795,0.5959261655807495,-0.013120470568537712,0.5696403384208679,0.4939182996749878,-0.03497038781642914,0.5527318716049194,0.42794525623321533,-0.04503648728132248,0.5375407934188843,0.36816954612731934,-0.051629386842250824,0.6445788145065308,0.5798403024673462,-0.018622424453496933,0.6243895292282104,0.5518251657485962,-0.07308270782232285,0.638971209526062,0.6367294192314148,-0.08715799450874329,0.6532439589500427,0.7015772461891174,-0.08102601766586304,0.6885305643081665,0.5783951878547668,-0.027064332738518715,0.6673485636711121,0.5621745586395264,-0.08179596066474915,0.6772163510322571,0.6484375596046448,-0.07939192652702332,0.6836631298065186,0.7055590152740479,-0.059570956975221634,0.7319070100784302,0.5851129293441772,-0.0363805815577507,0.71994549036026,0.5174096822738647,-0.07040251046419144,0.7156632542610168,0.47494983673095703,-0.0727115273475647,0.7086606025695801,0.42616087198257446,-0.0648091733455658,0.19889028370380402,0.8640193939208984,-2.1935534277872648e-07,0.2760077714920044,0.8398920893669128,-0.024773690849542618,0.344870924949646,0.7536367774009705,-0.03217024728655815,0.38857850432395935,0.679874062538147,-0.040683403611183167,0.42302441596984863,0.6258882880210876,-0.04838119447231293,0.3101210594177246,0.6288639307022095,-0.015709850937128067,0.3364723026752472,0.5219113230705261,-0.033368032425642014,0.3480803966522217,0.4591377079486847,-0.03954979404807091,0.35626599192619324,0.40198132395744324,-0.04340381920337677,0.26652511954307556,0.6218678951263428,-0.020518023520708084,0.2852976322174072,0.5631087422370911,-0.0721614882349968,0.2880178391933441,0.6454804539680481,-0.09025856107473373,0.28370702266693115,0.7089716196060181,-0.0882989689707756,0.22123081982135773,0.6302439570426941,-0.02826855704188347,0.23354479670524597,0.5822806358337402,-0.0820411890745163,0.24534916877746582,0.672711193561554,-0.08626292645931244,0.24838751554489136,0.7356976270675659,-0.07265036553144455,0.17667236924171448,0.6451495289802551,-0.03719821572303772,0.16022509336471558,0.5534693002700806,-0.06987295299768448,0.15441054105758667,0.4977380037307739,-0.07637020945549011,0.14866717159748077,0.4349260926246643,-0.0743250921368599
30,0.7329383492469788,0.7867497801780701,-2.022408409629861e-07,0.6568682193756104,0.7846686840057373,-0.01844644919037819,0.5811302661895752,0.7170105576515198,-0.025987470522522926,0.5344674587249756,0.6597331166267395,-0.03599686548113823,0.49005359411239624,0.6346853971481323,-0.04577632248401642,0.6035085320472717,0.5967548489570618,-0.015872318297624588,0.5715262293815613,0.4936428964138031,-0.03720517456531525,0.5566571354866028,0.43160098791122437,-0.04619381204247475,0.5439797043800354,0.3726515471935272,-0.05220426246523857,0.6444483995437622,0.584926187992096,-0.02165161818265915,0.6203150153160095,0.5458981394767761,-0.07377377897500992,0.633952260017395,0.6256297826766968,-0.08480982482433319,0.6490604281425476,0.6848349571228027,-0.07747194916009903,0.685447633266449,0.5848069787025452,-0.030078882351517677,0.6641619801521301,0.5588976740837097,-0.08079715818166733,0.6745215654373169,0.6422926783561707,-0.07571998983621597,0.681515634059906,0.6959502100944519,-0.055671997368335724,0.7261865139007568,0.5895828604698181,-0.039555929601192474,0.7157155275344849,0.5225057005882263,-0.07114913314580917,0.7106608748435974,0.48284846544265747,-0.07278706133365631,0.7029256224632263,0.4358728528022766,-0.06551216542720795,0.20694555342197418,0.8516454696655273,-2.1987656850797066e-07,0.2831001579761505,0.8270025253295898,-0.022445153445005417,0.347517192363739,0.7424559593200684,-0.028853585943579674,0.3894183933734894,0.6707372069358826,-0.03716837987303734,0.423273503780365,0.6185643672943115,-0.045043397694826126,0.3105621039867401,0.6215549111366272,-0.012224813923239708,0.33896806836128235,0.518460750579834,-0.0276793260127306,0.3524340093135834,0.45762038230895996,-0.032840654253959656,0.3636550009250641,0.4029981791973114,-0.03597112372517586,0.27108240127563477,0.613519549369812,-0.016644306480884552,0.2916727364063263,0.5587753057479858,-0.06320465356111526,0.2938203811645508,0.6329470276832581,-0.07942091673612595,0.2900307774543762,0.6923069357872009,-0.07726850360631943,0.22975316643714905,0.6205487847328186,-0.023744380101561546,0.24627013504505157,0.570351243019104,-0.07214684784412384,0.25647586584091187,0.6555554270744324,-0.07516451179981232,0.2583240568637848,0.716553807258606,-0.0623430572450161,0.1892034411430359,0.634104311466217,-0.032047122716903687,0.17286404967308044,0.5449018478393555,-0.06072375550866127,0.16767242550849915,0.4903610348701477,-0.06594666093587875,0.1634172648191452,0.4319629669189453,-0.06372334808111191
31,0.7296987771987915,0.78135085105896,-1.692366424776992e-07,0.6557634472846985,0.7804909944534302,-0.019019760191440582,0.5811038613319397,0.7165327072143555,-0.02761930041015148,0.5346662998199463,0.660973072052002,-0.03879883512854576,0.49188902974128723,0.6333592534065247,-0.04974493011832237,0.602428138256073,0.5973435640335083,-0.016715360805392265,0.5701614618301392,0.4969509243965149,-0.039480216801166534,0.5558987259864807,0.43665558099746704,-0.049896612763404846,0.5438860654830933,0.3788054585456848,-0.05669032782316208,0.6417673826217651,0.5862638354301453,-0.02254910208284855,0.6177893877029419,0.5451236367225647,-0.07493956387042999,0.6302584409713745,0.6226249933242798,-0.08664198964834213,0.6440112590789795,0.679084837436676,-0.07997264713048935,0.6811236143112183,0.5862269997596741,-0.031092291697859764,0.6592064499855042,0.5560795068740845,-0.08146649599075317,0.6703491806983948,0.6371976137161255,-0.07589232176542282,0.6786952614784241,0.6899898052215576,-0.055652208626270294,0.7208929061889648,0.5914468169212341,-0.0408635176718235,0.7096046805381775,0.523728609085083,-0.0721392035484314,0.7044447064399719,0.48413902521133423,-0.0730878934264183,0.6974292397499084,0.43778806924819946,-0.06522542238235474,0.21530842781066895,0.8402245044708252,-1.7897441750847065e-07,0.28864386677742004,0.8173637390136719,-0.022228624671697617,0.35184329748153687,0.7341127991676331,-0.028033018112182617,0.3935267925262451,0.6646597981452942,-0.035657480359077454,0.42698007822036743,0.613157331943512,-0.042619265615940094,0.31817522644996643,0.6197078227996826,-0.011549700051546097,0.3460293710231781,0.5187941193580627,-0.027059076353907585,0.3592195510864258,0.45893755555152893,-0.03245489299297333,0.37134653329849243,0.4053094685077667,-0.03548915684223175,0.2794981598854065,0.6117289066314697,-0.01575876958668232,0.29821109771728516,0.5519799590110779,-0.061367910355329514,0.30120915174484253,0.6168875098228455,-0.07791335135698318,0.3000270128250122,0.6714253425598145,-0.07604730874300003,0.23890754580497742,0.6178562045097351,-0.022661559283733368,0.25449615716934204,0.5664742588996887,-0.0701594278216362,0.26391205191612244,0.6496845483779907,-0.07355943322181702,0.26659345626831055,0.7103545665740967,-0.060754064470529556,0.1998036950826645,0.62948077917099,-0.03087731823325157,0.18556761741638184,0.5432285070419312,-0.05896046385169029,0.18004518747329712,0.48905837535858154,-0.06441313773393631,0.1761564463376999,0.4315689206123352,-0.06221965700387955
32,0.7247259020805359,0.7745864987373352,-1.9844239318445034e-07,0.6507918834686279,0.7696110606193542,-0.01663503237068653,0.579868495464325,0.7060171365737915,-0.02437993325293064,0.535836935043335,0.6534310579299927,-0.03445766493678093,0.4956786632537842,0.6249250769615173,-0.044436704367399216,0.6052671074867249,0.5972889065742493,-0.016789404675364494,0.5714289546012878,0.5021145939826965,-0.038978371769189835,0.5545768737792969,0.4452815651893616,-0.049584195017814636,0.5391020774841309,0.39194872975349426,-0.05662728101015091,0.6418901085853577,0.5864065885543823,-0.022713689133524895,0.6158316731452942,0.5447366833686829,-0.07249521464109421,0.6257697939872742,0.6204697489738464,-0.08295644819736481,0.6371279954910278,0.6776071190834045,-0.07624965906143188,0.6785721182823181,0.5869938731193542,-0.030990609899163246,0.6549707651138306,0.5564236640930176,-0.0778246596455574,0.6653085350990295,0.6365313529968262,-0.07067283242940903,0.6731050610542297,0.6887817978858948,-0.05048900842666626,0.7151683568954468,0.5935295224189758,-0.040502630174160004,0.7022171020507812,0.5285142660140991,-0.07033926248550415,0.6973242163658142,0.4896433651447296,-0.07087413221597672,0.6916888356208801,0.44396740198135376,-0.06325351446866989,0.23239295184612274,0.8236261606216431,-1.9147282159792667e-07,0.3007690906524658,0.8006275296211243,-0.019846085458993912,0.359544575214386,0.7214112281799316,-0.024761313572525978,0.3986779749393463,0.6564305424690247,-0.03128330782055855,0.42856842279434204,0.6084768176078796,-0.03722630441188812,0.3281353712081909,0.6154248118400574,-0.01395227201282978,0.3534582853317261,0.5189710855484009,-0.029423918575048447,0.365681916475296,0.4611004590988159,-0.034502312541007996,0.3764525055885315,0.4093512296676636,-0.03701477870345116,0.29283756017684937,0.6095651984214783,-0.018105827271938324,0.3118854761123657,0.5559828281402588,-0.06187131255865097,0.31679630279541016,0.6187545657157898,-0.07664225250482559,0.31653815507888794,0.6697348356246948,-0.07426965981721878,0.25491753220558167,0.6154834032058716,-0.02451508492231369,0.2699151635169983,0.5720532536506653,-0.07038602977991104,0.2799758017063141,0.6524669528007507,-0.07318750768899918,0.2830388844013214,0.7098364233970642,-0.06051940843462944,0.2180807888507843,0.625836193561554,-0.03192925825715065,0.20438188314437866,0.5425705313682556,-0.05890670418739319,0.20114704966545105,0.49092748761177063,-0.06370553374290466,0.19976137578487396,0.43617376685142517,-0.06132949888706207
33,0.7181679010391235,0.7717972993850708,-1.992676033069074e-07,0.6475280523300171,0.765663743019104,-0.017428964376449585,0.5796045660972595,0.7022600173950195,-0.02501586638391018,0.5384631156921387,0.6499022841453552,-0.03430166095495224,0.49958980083465576,0.6202216148376465,-0.04330766201019287,0.6051552891731262,0.5951827168464661,-0.018291352316737175,0.5698394775390625,0.5038120150566101,-0.03912726789712906,0.5515843629837036,0.44944509863853455,-0.04835303872823715,0.5354391932487488,0.3987236022949219,-0.0543636828660965,0.6420102715492249,0.584916889667511,-0.023372234776616096,0.6160367727279663,0.5487186312675476,-0.07209168374538422,0.6245772838592529,0.6255319118499756,-0.08208119124174118,0.6356438398361206,0.6827511787414551,-0.07510557025671005,0.6780526638031006,0.5873798727989197,-0.030732039362192154,0.6553710699081421,0.5647785663604736,-0.07708700001239777,0.6623058319091797,0.6430186033248901,-0.07165252417325974,0.6677666902542114,0.6932868361473083,-0.05290637165307999,0.7134650945663452,0.5958521962165833,-0.03917483240365982,0.700472891330719,0.5346642732620239,-0.068312868475914,0.6946404576301575,0.4971731901168823,-0.06954710185527802,0.6883953809738159,0.4530739188194275,-0.06266896426677704,0.23678851127624512,0.819711446762085,-1.9452092203664506e-07,0.3042208254337311,0.797181248664856,-0.01842973381280899,0.3610090911388397,0.7174592614173889,-0.024218864738941193,0.398513525724411,0.6533554196357727,-0.03213104233145714,0.4296923875808716,0.6051817536354065,-0.03968672454357147,0.32853150367736816,0.6116453409194946,-0.014187798835337162,0.351420521736145,0.516383707523346,-0.03150322288274765,0.36525455117225647,0.4591863751411438,-0.03774546459317207,0.37739384174346924,0.40905362367630005,-0.040953923016786575,0.29511138796806335,0.6058352589607239,-0.019840648397803307,0.3198034465312958,0.5601648092269897,-0.06601403653621674,0.32462918758392334,0.6309541463851929,-0.08106754720211029,0.321811318397522,0.687475323677063,-0.07819458097219467,0.25912779569625854,0.6139017343521118,-0.027742356061935425,0.27848297357559204,0.5794326066970825,-0.07512018829584122,0.28878065943717957,0.6604343056678772,-0.07723954319953918,0.29042887687683105,0.7164759635925293,-0.06371485441923141,0.22348859906196594,0.6286827325820923,-0.036469943821430206,0.21180859208106995,0.545843780040741,-0.06443336606025696,0.21014821529388428,0.4955729842185974,-0.06850189715623856,0.20894531905651093,0.44277632236480713,-0.06519713997840881
34,0.7225602865219116,0.7784521579742432,-2.028384500363245e-07,0.6534374952316284,0.7762685418128967,-0.02094610594213009,0.580763578414917,0.7097131609916687,-0.02955683134496212,0.5354109406471252,0.6554871201515198,-0.03929084911942482,0.4930834174156189,0.6299976110458374,-0.048498302698135376,0.6032504439353943,0.5957010984420776,-0.01958909071981907,0.5678004622459412,0.5049328207969666,-0.04017794877290726,0.5502404570579529,0.44757816195487976,-0.049248095601797104,0.5351563692092896,0.39511334896087646,-0.055265434086322784,0.6406972408294678,0.5819391012191772,-0.02329975552856922,0.6163185238838196,0.5527184009552002,-0.07279618829488754,0.6282543540000916,0.6315955519676208,-0.08305472880601883,0.6420413851737976,0.6908099055290222,-0.0757378339767456,0.6788187623023987,0.5828365683555603,-0.02967054396867752,0.6577979922294617,0.5670026540756226,-0.0781545639038086,0.665854275226593,0.6469009518623352,-0.07400686293840408,0.6721974611282349,0.6988434791564941,-0.05534989759325981,0.7166401147842407,0.590541422367096,-0.03717426955699921,0.7036526799201965,0.5298733115196228,-0.06721939891576767,0.698645830154419,0.4932844042778015,-0.06888752430677414,0.6930549144744873,0.44976508617401123,-0.06200314313173294,0.22948721051216125,0.8279396295547485,-1.967268019598123e-07,0.2985538840293884,0.8099668025970459,-0.02276732586324215,0.35914143919944763,0.7292133569717407,-0.02995242364704609,0.3971506953239441,0.6617370843887329,-0.038740094751119614,0.4287543296813965,0.6117781400680542,-0.04686933010816574,0.3256814181804657,0.6188979148864746,-0.016537394374608994,0.3516639173030853,0.5226460695266724,-0.035523269325494766,0.36612576246261597,0.4638690948486328,-0.04294310510158539,0.3787820339202881,0.41155874729156494,-0.047303251922130585,0.28956925868988037,0.6110103130340576,-0.02100708894431591,0.31767040491104126,0.5687702298164368,-0.07026997208595276,0.31892308592796326,0.6449311375617981,-0.08647032827138901,0.31444329023361206,0.7041319012641907,-0.08381658792495728,0.25167280435562134,0.6173720359802246,-0.02831306867301464,0.2732619345188141,0.5828943252563477,-0.07828003168106079,0.281849205493927,0.6680573225021362,-0.08026046305894852,0.2830939292907715,0.7281241416931152,-0.06590722501277924,0.21506425738334656,0.6304029226303101,-0.03688360005617142,0.2042733132839203,0.5472673177719116,-0.06689493358135223,0.20094992220401764,0.4955254793167114,-0.07182563841342926,0.19885946810245514,0.4406363070011139,-0.06867923587560654
35,0.7291172742843628,0.7890540361404419,-2.0221645513629483e-07,0.6555968523025513,0.787895143032074,-0.023936880752444267,0.5796270966529846,0.7212390303611755,-0.03344491124153137,0.5309414863586426,0.6660097241401672,-0.043314699083566666,0.48592841625213623,0.6394928693771362,-0.052382782101631165,0.6001410484313965,0.5971674919128418,-0.022077493369579315,0.5641632080078125,0.5053717494010925,-0.042321790009737015,0.5464099645614624,0.44567981362342834,-0.05098725110292435,0.5301604866981506,0.39062315225601196,-0.057125117629766464,0.6406918168067932,0.5810859203338623,-0.024300359189510345,0.6169418692588806,0.5616765022277832,-0.07433926314115524,0.6340137124061584,0.6435400247573853,-0.08444510400295258,0.6507138013839722,0.7035669088363647,-0.07707825303077698,0.6819452047348022,0.5822223424911499,-0.029464665800333023,0.6615257859230042,0.5756112337112427,-0.07985109090805054,0.6713578701019287,0.6589362025260925,-0.07670269161462784,0.6766655445098877,0.7118805646896362,-0.058468297123909,0.7219058275222778,0.5913470983505249,-0.03584342077374458,0.7108954191207886,0.5319234132766724,-0.06814820319414139,0.7084236145019531,0.49416205286979675,-0.07164814323186874,0.7035209536552429,0.44849100708961487,-0.06582749634981155,0.22178561985492706,0.841353714466095,-2.418201461296121e-07,0.29286959767341614,0.8230845332145691,-0.023117918521165848,0.3554399609565735,0.737112283706665,-0.03071361407637596,0.39647287130355835,0.6681463122367859,-0.039799489080905914,0.4301379323005676,0.6190565228462219,-0.04842723533511162,0.32178905606269836,0.6203985810279846,-0.019262801855802536,0.35016679763793945,0.5226089358329773,-0.03959028795361519,0.36497095227241516,0.4626447260379791,-0.04825614392757416,0.3775349259376526,0.4088226854801178,-0.053681135177612305,0.2817476689815521,0.612493097782135,-0.024002987891435623,0.3092036247253418,0.5767912268638611,-0.07609733939170837,0.30702871084213257,0.6603560447692871,-0.09325776994228363,0.30042314529418945,0.7235837578773499,-0.09077363461256027,0.24061967432498932,0.6217256188392639,-0.03143403306603432,0.2612312436103821,0.5948570370674133,-0.08477488905191422,0.2682364881038666,0.685442328453064,-0.08700815588235855,0.26891177892684937,0.7488786578178406,-0.07191051542758942,0.20146098732948303,0.6388367414474487,-0.03997654467821121,0.19108444452285767,0.5535944700241089,-0.07330252975225449,0.18539002537727356,0.4987246096134186,-0.079066202044487,0.18143871426582336,0.43968379497528076,-0.07579708844423294
36,0.7348700165748596,0.7998518943786621,-2.3473447186006524e-07,0.6568980813026428,0.7965977191925049,-0.022537292912602425,0.5790367722511292,0.7244549989700317,-0.03049946390092373,0.5301878452301025,0.6655862927436829,-0.039131682366132736,0.4844484329223633,0.6380997896194458,-0.04712940379977226,0.602888286113739,0.603097677230835,-0.02097175642848015,0.5642752051353455,0.508256733417511,-0.04085003212094307,0.5454698801040649,0.44670021533966064,-0.049256324768066406,0.5281728506088257,0.390633225440979,-0.0553608313202858,0.6449998617172241,0.5863670706748962,-0.023914530873298645,0.6196205019950867,0.5671020150184631,-0.07498148083686829,0.633553683757782,0.6508507132530212,-0.08608679473400116,0.6486608386039734,0.7137287259101868,-0.07916116714477539,0.6879733800888062,0.5881015658378601,-0.029560519382357597,0.666460394859314,0.5824698209762573,-0.08127067238092422,0.6732807159423828,0.6675738096237183,-0.07946474105119705,0.6773918867111206,0.7231924533843994,-0.06165963411331177,0.72956383228302,0.5983569622039795,-0.03620298206806183,0.7176993489265442,0.538801372051239,-0.07041419297456741,0.7151821255683899,0.4985375702381134,-0.07544615864753723,0.7118171453475952,0.45123469829559326,-0.07025166600942612,0.21233311295509338,0.8694430589675903,-2.3628128076325083e-07,0.2840617895126343,0.8372488617897034,-0.019307775422930717,0.3454243540763855,0.7481817007064819,-0.026981202885508537,0.38988369703292847,0.6779331564903259,-0.03756419196724892,0.42558467388153076,0.6285108923912048,-0.04809827357530594,0.3080185353755951,0.6308667659759521,-0.015744945034384727,0.33969569206237793,0.5301111340522766,-0.037695784121751785,0.3587486743927002,0.4674854874610901,-0.04778308793902397,0.3749340772628784,0.41154932975769043,-0.053731292486190796,0.26888903975486755,0.6266714334487915,-0.02372288703918457,0.30230897665023804,0.5884304046630859,-0.07717279344797134,0.3058125376701355,0.6709959506988525,-0.09595391154289246,0.3014950156211853,0.7333076596260071,-0.09435073286294937,0.22939518094062805,0.6391603946685791,-0.03424323722720146,0.2541608512401581,0.6108190417289734,-0.0888628214597702,0.2660813331604004,0.7012110352516174,-0.0924372673034668,0.2684796452522278,0.7645572423934937,-0.07777873426675797,0.1923099309206009,0.6601982116699219,-0.04561157897114754,0.17958690226078033,0.5682575702667236,-0.0794338658452034,0.17426446080207825,0.5082849860191345,-0.08549630641937256,0.17021939158439636,0.4455619156360626,-0.08221948891878128
37,0.7450585961341858,0.7901797294616699,-3.8740466834497056e-07,0.6627581119537354,0.7490527629852295,0.004939804319292307,0.601866602897644,0.6765549182891846,0.0037184408865869045,0.5646960735321045,0.6202409267425537,-0.004968374967575073,0.5388146638870239,0.586688220500946,-0.015062233433127403,0.6433669924736023,0.5480237007141113,0.004526754841208458,0.5964810848236084,0.4652429223060608,-0.014047524891793728,0.5703871846199036,0.4128122925758362,-0.027421630918979645,0.5479212403297424,0.36218154430389404,-0.03801910579204559,0.6794928908348083,0.5409478545188904,-0.012451129965484142,0.5992087125778198,0.5441084504127502,-0.047838903963565826,0.6007806062698364,0.6270195841789246,-0.05588134005665779,0.620262622833252,0.6807070374488831,-0.052573613822460175,0.70726078748703,0.5578605532646179,-0.030573036521673203,0.6226217746734619,0.5695449113845825,-0.06480497121810913,0.6224193572998047,0.6507973670959473,-0.05514883995056152,0.6435652375221252,0.7090547680854797,-0.037733301520347595,0.7256664633750916,0.5934798121452332,-0.04901982843875885,0.6622068881988525,0.5724965333938599,-0.07192721217870712,0.6432684063911438,0.5983549356460571,-0.0655808374285698,0.6445648074150085,0.624160647392273,-0.05378253012895584,0.20137359201908112,0.8713639378547668,-1.916887981678883e-07,0.2775595188140869,0.7840961813926697,0.02457517758011818,0.30807459354400635,0.7062550783157349,0.023885678499937057,0.3244630694389343,0.6477442979812622,0.011398707516491413,0.32782241702079773,0.6032363176345825,-0.0021599906031042337,0.2519960403442383,0.5901570320129395,0.01457939576357603,0.2922307848930359,0.5070130825042725,-0.0005194386467337608,0.31622257828712463,0.4486199617385864,-0.008536494337022305,0.33816269040107727,0.400513619184494,-0.01614341326057911,0.2303389608860016,0.5992752313613892,-0.018476156517863274,0.3163888156414032,0.5853279829025269,-0.05673263221979141,0.33935922384262085,0.649868369102478,-0.070876345038414,0.3404131233692169,0.6994965672492981,-0.07388268411159515,0.21614176034927368,0.6285315155982971,-0.05174718424677849,0.3064110279083252,0.6222304701805115,-0.09182513505220413,0.34284788370132446,0.685535728931427,-0.09725244343280792,0.3547283709049225,0.7331997156143188,-0.09368263930082321,0.21180032193660736,0.6700355410575867,-0.08312376588582993,0.22687767446041107,0.5976166725158691,-0.11239757388830185,0.23815909028053284,0.5478660464286804,-0.12237545102834702,0.2483646422624588,0.5087965726852417,-0.127378448843956
38,0.7571969628334045,0.7870023846626282,-4.4077208372073073e-07,0.6983629465103149,0.6960830092430115,0.00885721668601036,0.661135733127594,0.6103219389915466,0.006780949886888266,0.6185117959976196,0.5548492670059204,-0.002651605289429426,0.5758809447288513,0.5214754343032837,-0.013428032398223877,0.7153826951980591,0.5252676010131836,0.007571214810013771,0.6529471278190613,0.44549641013145447,-0.009247937239706516,0.61893230676651,0.39609140157699585,-0.01707039214670658,0.5917217135429382,0.35148364305496216,-0.021688120439648628,0.7218932509422302,0.5420216917991638,-0.008613024838268757,0.6190956830978394,0.5406118035316467,-0.04520738497376442,0.6044521331787109,0.607383668422699,-0.05924929305911064,0.6103613376617432,0.6578207015991211,-0.061321113258600235,0.7163291573524475,0.5757417678833008,-0.025085989385843277,0.6137576103210449,0.5731438994407654,-0.06554345041513443,0.6011859178543091,0.6414992809295654,-0.06977366656064987,0.6089756488800049,0.6932462453842163,-0.06149689480662346,0.6992781758308411,0.620943009853363,-0.03971831873059273,0.6307147145271301,0.5757928490638733,-0.062469422817230225,0.6021405458450317,0.5655872821807861,-0.0648113489151001,0.5858539342880249,0.5598914623260498,-0.06146989390254021,0.19852197170257568,0.8529613614082336,9.227008490597655e-08,0.22754338383674622,0.7455348372459412,0.019478587433695793,0.24959267675876617,0.6481644511222839,0.011753285303711891,0.2773370146751404,0.5809046626091003,-0.0053085023537278175,0.3034183084964752,0.541472315788269,-0.022201742976903915,0.19736449420452118,0.5853909254074097,-0.0017008992144837976,0.25914904475212097,0.4931180477142334,-0.017809953540563583,0.2899448871612549,0.4362918734550476,-0.025778869166970253,0.31045714020729065,0.3889786899089813,-0.031220801174640656,0.19511601328849792,0.6055170297622681,-0.026327036321163177,0.30587369203567505,0.5559252500534058,-0.05361190438270569,0.3241219222545624,0.617255687713623,-0.05567410960793495,0.3157866597175598,0.6619779467582703,-0.05152549222111702,0.21167948842048645,0.6356349587440491,-0.049329016357660294,0.3189970850944519,0.5846161842346191,-0.07037749886512756,0.33320215344429016,0.6431001424789429,-0.05593176186084747,0.3253988027572632,0.6875181794166565,-0.041031308472156525,0.23996610939502716,0.6714985966682434,-0.0716206282377243,0.31032291054725647,0.6102914214134216,-0.07843131572008133,0.34004002809524536,0.6224075555801392,-0.06537319719791412,0.3560170829296112,0.6382724046707153,-0.05333377420902252
39,0.7452341914176941,0.7946573495864868,-4.798145027962164e-07,0.7382218837738037,0.7053146362304688,0.015403740108013153,0.7056686878204346,0.6215120553970337,0.012010174803435802,0.6510312557220459,0.5810528993606567,0.005073945038020611,0.6064674854278564,0.5749742388725281,-0.0029273044783622026,0.7344435453414917,0.5448977947235107,-0.018998228013515472,0.6780219078063965,0.44276174902915955,-0.03585172817111015,0.6499121785163879,0.38733088970184326,-0.04262089356780052,0.6270788908004761,0.33807095885276794,-0.049002230167388916,0.7215663194656372,0.5664336085319519,-0.03400212898850441,0.6204392313957214,0.5327972173690796,-0.05806199461221695,0.6174224019050598,0.5940380096435547,-0.054752957075834274,0.6327346563339233,0.6234721541404724,-0.05141725018620491,0.6958497166633606,0.6044886708259583,-0.04692722484469414,0.6007993817329407,0.5761051177978516,-0.0677187368273735,0.605207622051239,0.6297234296798706,-0.05612184852361679,0.6255495548248291,0.6603256464004517,-0.04636209085583687,0.6621370911598206,0.6435501575469971,-0.058182332664728165,0.596176266670227,0.5801896452903748,-0.07767057418823242,0.5593594312667847,0.5476360321044922,-0.0815693736076355,0.5318865776062012,0.5114583373069763,-0.08339834213256836,0.1987009346485138,0.8213029503822327,-4.2436091973740986e-08,0.18431566655635834,0.7247703075408936,0.016715900972485542,0.17893457412719727,0.61907958984375,0.014587403275072575,0.1892891526222229,0.5356205105781555,0.008672892116010189,0.19943369925022125,0.4807058572769165,0.0008676964789628983,0.1889638453722,0.5833307504653931,-0.030003944411873817,0.24213337898254395,0.474774569272995,-0.04385831579566002,0.2749040722846985,0.41934022307395935,-0.04702882841229439,0.2974705994129181,0.37266480922698975,-0.050154078751802444,0.21625924110412598,0.608794093132019,-0.04693150520324707,0.3050045371055603,0.5492919087409973,-0.06909365206956863,0.308549165725708,0.5954482555389404,-0.06632810086011887,0.28730183839797974,0.6205775141716003,-0.06253645569086075,0.2517014443874359,0.6454242467880249,-0.059606119990348816,0.3295455276966095,0.5887047648429871,-0.08219309151172638,0.3283916413784027,0.6308531761169434,-0.06956499069929123,0.3069852888584137,0.6539739370346069,-0.05749785900115967,0.29071518778800964,0.6873117685317993,-0.06937868893146515,0.3443363606929779,0.599181056022644,-0.08698081970214844,0.3769417107105255,0.558620810508728,-0.08262324333190918,0.4006483554840088,0.5196689367294312,-0.07629739493131638
40,0.7345894575119019,0.7795903086662292,-3.965614610024204e-07,0.7503637075424194,0.6977502703666687,0.013140956871211529,0.7561481595039368,0.5995826125144958,0.015220523811876774,0.7484583854675293,0.5205362439155579,0.016486991196870804,0.7436241507530212,0.4633100628852844,0.01633402891457081,0.7338590621948242,0.547400176525116,-0.029210276901721954,0.6860975623130798,0.4360995292663574,-0.04761894792318344,0.6614780426025391,0.37639319896698,-0.05578774958848953,0.6419728994369507,0.32540634274482727,-0.06200706213712692,0.7087756991386414,0.570380687713623,-0.03833528608083725,0.6228183507919312,0.5125088095664978,-0.05573698505759239,0.6234164237976074,0.5600878596305847,-0.048376668244600296,0.641987681388855,0.58447265625,-0.043779630213975906,0.6753511428833008,0.6062055826187134,-0.04479743912816048,0.5959606170654297,0.5515335202217102,-0.058639392256736755,0.599212646484375,0.5923998951911926,-0.041080035269260406,0.6198230385780334,0.6187672019004822,-0.028787629678845406,0.6354975700378418,0.6447260975837708,-0.049706004559993744,0.5817872881889343,0.5715423822402954,-0.06680580228567123,0.5495498776435852,0.5312018990516663,-0.06737469136714935,0.5261943340301514,0.4901295304298401,-0.06619111448526382,0.19990190863609314,0.8058528900146484,-2.830109302465189e-08,0.16102182865142822,0.7180784344673157,0.011476323008537292,0.14003217220306396,0.6166584491729736,0.006736202165484428,0.13887548446655273,0.536078155040741,7.488443316105986e-06,0.14561957120895386,0.4803508222103119,-0.007276505697518587,0.1822991967201233,0.5820280909538269,-0.029691949486732483,0.22987839579582214,0.4670748710632324,-0.039637163281440735,0.2570928633213043,0.4080057740211487,-0.03812727704644203,0.2775595188140869,0.3625408411026001,-0.036336831748485565,0.2217482328414917,0.6009312272071838,-0.040386248379945755,0.28676414489746094,0.5257099866867065,-0.05680463835597038,0.28547194600105286,0.5644909143447876,-0.04978493973612785,0.2678819000720978,0.5952044725418091,-0.041431453078985214,0.26370012760162354,0.6290353536605835,-0.04705239459872246,0.31900835037231445,0.559859573841095,-0.06121135130524635,0.31801655888557434,0.5938459038734436,-0.04628681018948555,0.30240657925605774,0.621662437915802,-0.03243912011384964,0.30426692962646484,0.6621407866477966,-0.051251303404569626,0.34786325693130493,0.5747972130775452,-0.0604725107550621,0.3783872425556183,0.5364001393318176,-0.05327136442065239,0.4010537564754486,0.5041569471359253,-0.044922683387994766
41,0.7333254814147949,0.7754734754562378,-4.03815903382565e-07,0.7505536675453186,0.6940357089042664,0.012783030979335308,0.7568913698196411,0.5943286418914795,0.015248198062181473,0.7486738562583923,0.5161338448524475,0.01735083945095539,0.7446144819259644,0.4598383605480194,0.017843669280409813,0.7326629757881165,0.5447009801864624,-0.031922347843647,0.6857814192771912,0.4340302348136902,-0.05123835802078247,0.6609935164451599,0.3743016719818115,-0.059975169599056244,0.6406256556510925,0.32328712940216064,-0.06674153357744217,0.70771324634552,0.5670083165168762,-0.04053603112697601,0.6222747564315796,0.5131171345710754,-0.058285631239414215,0.624531090259552,0.5627340078353882,-0.05026992782950401,0.6433088183403015,0.5872747898101807,-0.04505392909049988,0.6747441291809082,0.6032869219779968,-0.04646282643079758,0.5946994423866272,0.5508611798286438,-0.06085960194468498,0.5989518165588379,0.591805100440979,-0.04259764030575752,0.6202965974807739,0.617588996887207,-0.029504070058465004,0.635770320892334,0.6429489850997925,-0.050772398710250854,0.5808143019676208,0.5685000419616699,-0.07009782642126083,0.5478846430778503,0.5294554829597473,-0.07125020772218704,0.5247757434844971,0.4895485043525696,-0.06978613883256912,0.20091593265533447,0.7973474264144897,-1.8167852999795286e-08,0.1624356508255005,0.7205509543418884,0.0030500427819788456,0.1383872926235199,0.620896577835083,-0.005054859444499016,0.13756617903709412,0.5403549671173096,-0.013996720314025879,0.14379242062568665,0.4819641709327698,-0.0230181273072958,0.18264640867710114,0.5802827477455139,-0.038618072867393494,0.23038524389266968,0.46731072664260864,-0.05253610387444496,0.2571086585521698,0.4072566628456116,-0.054280512034893036,0.2769489586353302,0.3609234094619751,-0.05486670881509781,0.22120286524295807,0.602076530456543,-0.045984841883182526,0.2870357036590576,0.5271072387695312,-0.06838935613632202,0.28535667061805725,0.5664262771606445,-0.06470033526420593,0.26722943782806396,0.5974187254905701,-0.058009423315525055,0.26303520798683167,0.6302034854888916,-0.05011478438973427,0.32309284806251526,0.5603413581848145,-0.0703941062092781,0.3210410475730896,0.5946747660636902,-0.0578179806470871,0.30529990792274475,0.6237359046936035,-0.04447818920016289,0.3042614161968231,0.6607035398483276,-0.05238940194249153,0.3495720326900482,0.5761576890945435,-0.06632442027330399,0.3810831606388092,0.5341222286224365,-0.06240824982523918,0.40674954652786255,0.4971214532852173,-0.05610525235533714
42,0.7280752658843994,0.7657852172851562,-3.225983107313368e-07,0.7553619146347046,0.6870932579040527,0.01035221852362156,0.7721076607704163,0.5880421996116638,0.012854904867708683,0.7660096287727356,0.5060253143310547,0.015791622921824455,0.7625333070755005,0.4483141303062439,0.016596660017967224,0.7361366748809814,0.5432829856872559,-0.0322813056409359,0.6904377937316895,0.42608392238616943,-0.050005655735731125,0.6636428236961365,0.36335664987564087,-0.05954648554325104,0.6415435075759888,0.31177493929862976,-0.06703785806894302,0.7055091261863708,0.5619754195213318,-0.03815412521362305,0.6286587119102478,0.49668699502944946,-0.05034080520272255,0.6328326463699341,0.5441784858703613,-0.04116290435194969,0.6514665484428406,0.569645881652832,-0.03578377887606621,0.6702626347541809,0.5963000059127808,-0.04132702201604843,0.5992251038551331,0.5361482501029968,-0.04934114217758179,0.6044765114784241,0.5755531191825867,-0.02934868261218071,0.6256359815597534,0.6020910143852234,-0.016315368935465813,0.6291078925132751,0.6356761455535889,-0.04328516125679016,0.5819090008735657,0.550167441368103,-0.05744905397295952,0.5512669682502747,0.5066652894020081,-0.055716242641210556,0.5283101797103882,0.466031014919281,-0.05285189673304558,0.2012082040309906,0.7963407039642334,7.008870994695826e-08,0.15260891616344452,0.7225208878517151,-0.008872942067682743,0.12403374165296555,0.6313475966453552,-0.024861453101038933,0.11471407115459442,0.5475346446037292,-0.03955888748168945,0.12121891975402832,0.48239925503730774,-0.05331744998693466,0.17707028985023499,0.5851500630378723,-0.0468004010617733,0.21771523356437683,0.4660305976867676,-0.06377433240413666,0.24233458936214447,0.40200746059417725,-0.06596677750349045,0.2629859447479248,0.3527764081954956,-0.06640475988388062,0.22261543571949005,0.5992811918258667,-0.04821143299341202,0.27045634388923645,0.5148018002510071,-0.06980669498443604,0.2637736201286316,0.555672287940979,-0.062120575457811356,0.2470959722995758,0.5901597738265991,-0.05248577892780304,0.2666308283805847,0.62310391664505,-0.04806489497423172,0.30797523260116577,0.5480724573135376,-0.06684047728776932,0.30243468284606934,0.5838287472724915,-0.051712777465581894,0.28815698623657227,0.6145002841949463,-0.03708067163825035,0.30635249614715576,0.649003803730011,-0.047478850930929184,0.34894004464149475,0.567301869392395,-0.06206463649868965,0.37777644395828247,0.5266718864440918,-0.05953221768140793,0.4006797671318054,0.48728373646736145,-0.05435998737812042
43,0.7267996072769165,0.7653771638870239,-2.797445688429434e-07,0.7560415267944336,0.6879117488861084,0.0014833805616945028,0.7724409103393555,0.5854330658912659,0.0004379625606816262,0.7673060894012451,0.5008980631828308,0.0011243781773373485,0.7641347050666809,0.44050151109695435,0.00018798450764734298,0.7313917279243469,0.5408178567886353,-0.03865157067775726,0.6868338584899902,0.42331016063690186,-0.05533191189169884,0.6616293787956238,0.3624049127101898,-0.06188495084643364,0.6396544575691223,0.31360745429992676,-0.06706105172634125,0.7010706663131714,0.5605267882347107,-0.04145649075508118,0.6256814002990723,0.4962640404701233,-0.05548994243144989,0.627030074596405,0.5432509183883667,-0.04612778499722481,0.644628643989563,0.5695587992668152,-0.039810437709093094,0.6651672124862671,0.5955540537834167,-0.04240259900689125,0.5964434146881104,0.5351237058639526,-0.054146554321050644,0.5994581580162048,0.574068546295166,-0.03637363389134407,0.6185480952262878,0.6012918949127197,-0.023808110505342484,0.6239153146743774,0.6340257525444031,-0.042626067996025085,0.5786032676696777,0.5527929663658142,-0.05959543585777283,0.5486384034156799,0.5107540488243103,-0.060126323252916336,0.5264220833778381,0.4719548523426056,-0.05838659033179283,0.19838184118270874,0.801858127117157,8.509841364912063e-08,0.14562323689460754,0.7202581167221069,-0.009956484660506248,0.11944178491830826,0.629126250743866,-0.024791188538074493,0.10899441689252853,0.5476120710372925,-0.037292469292879105,0.11210650205612183,0.4842458665370941,-0.04867076873779297,0.17346328496932983,0.5881462097167969,-0.04792817309498787,0.21316920220851898,0.46704530715942383,-0.06594248861074448,0.23634381592273712,0.4024391174316406,-0.06855665147304535,0.2564774453639984,0.3520791530609131,-0.06894860416650772,0.22099220752716064,0.602788507938385,-0.04813208431005478,0.26302188634872437,0.5105659365653992,-0.06998056173324585,0.2527175545692444,0.548256516456604,-0.06004961207509041,0.23516474664211273,0.5853747129440308,-0.048157934099435806,0.26501622796058655,0.6270421147346497,-0.04721946269273758,0.29661184549331665,0.5439703464508057,-0.06555039435625076,0.2892606556415558,0.5780977010726929,-0.04890469089150429,0.2769734263420105,0.6103038787841797,-0.03270139545202255,0.30256086587905884,0.6530970931053162,-0.04615797847509384,0.34602272510528564,0.5692921876907349,-0.06196921691298485,0.3737291097640991,0.5286194086074829,-0.060389310121536255,0.3957909941673279,0.48785868287086487,-0.05554886534810066
44,0.7249277830123901,0.7680118083953857,-3.283480793925264e-07,0.7512511610984802,0.6910277009010315,0.006197061855345964,0.7633541822433472,0.5871809124946594,0.0077827549539506435,0.7585023641586304,0.503722071647644,0.010534245520830154,0.7536471486091614,0.4462031126022339,0.011517261154949665,0.727780282497406,0.5437806248664856,-0.037004854530096054,0.679474413394928,0.4262554347515106,-0.05274510011076927,0.6534897685050964,0.3647194504737854,-0.05757204070687294,0.6309649348258972,0.316331148147583,-0.06152176484465599,0.6999114751815796,0.5646436214447021,-0.04149908199906349,0.6193392872810364,0.5054997801780701,-0.056428443640470505,0.6211833357810974,0.5511622428894043,-0.047251295298337936,0.6388359665870667,0.5762965083122253,-0.04104095324873924,0.6649521589279175,0.6000741720199585,-0.043500617146492004,0.588853120803833,0.5457271933555603,-0.05614782124757767,0.5908203721046448,0.5842202305793762,-0.03933499753475189,0.609188437461853,0.6102700233459473,-0.027342235669493675,0.6230807900428772,0.6389380097389221,-0.044160980731248856,0.5723552703857422,0.5627849102020264,-0.06222458556294441,0.5400473475456238,0.5240173935890198,-0.06384026259183884,0.5155632495880127,0.48732689023017883,-0.06276318430900574,0.1988595575094223,0.8028460144996643,2.8135698215692173e-08,0.15014636516571045,0.7227675318717957,-0.004456839989870787,0.12531106173992157,0.6252923011779785,-0.014919864013791084,0.119251549243927,0.5432214736938477,-0.024974213913083076,0.1243511438369751,0.4802212119102478,-0.034380555152893066,0.17406851053237915,0.5811959505081177,-0.03815840184688568,0.21356765925884247,0.465120792388916,-0.052212879061698914,0.23698219656944275,0.40256035327911377,-0.05313383415341377,0.2551208734512329,0.35257774591445923,-0.052843883633613586,0.216188445687294,0.5965906977653503,-0.042231298983097076,0.26859813928604126,0.5181550979614258,-0.06255287677049637,0.26587361097335815,0.556330144405365,-0.05667382851243019,0.2491060048341751,0.5902815461158752,-0.0482453815639019,0.2588754892349243,0.6223962903022766,-0.04453299939632416,0.3039143979549408,0.5499588251113892,-0.06355013698339462,0.30133146047592163,0.584907054901123,-0.05092008039355278,0.28790828585624695,0.6146276593208313,-0.03734991326928139,0.29820162057876587,0.6515194177627563,-0.04603599011898041,0.34112611413002014,0.5694248676300049,-0.0597095787525177,0.3699561357498169,0.5294730067253113,-0.05697374418377876,0.3926335871219635,0.4922042489051819,-0.051564253866672516
45,0.7318779826164246,0.7743434309959412,-4.795485892827855e-07,0.7418877482414246,0.692375123500824,0.01097693108022213,0.7398795485496521,0.5887068510055542,0.013118261471390724,0.7254060506820679,0.5090788006782532,0.015551920048892498,0.7214732766151428,0.452667236328125,0.016808584332466125,0.7208468914031982,0.542005181312561,-0.03307150676846504,0.669547975063324,0.43546169996261597,-0.05258046090602875,0.6409757733345032,0.37795233726501465,-0.0604616142809391,0.6185541749000549,0.3309783339500427,-0.06714138388633728,0.7007713913917542,0.5673577785491943,-0.04149696230888367,0.605445921421051,0.522969126701355,-0.061195217072963715,0.6126392483711243,0.5737650990486145,-0.0524672195315361,0.6339365243911743,0.5936297178268433,-0.046966906636953354,0.671899676322937,0.6077465415000916,-0.047833558171987534,0.5834865570068359,0.5766802430152893,-0.06530559808015823,0.5961788296699524,0.6174396276473999,-0.049339525401592255,0.6218339204788208,0.6364251375198364,-0.03797265514731407,0.6353001594543457,0.6513195633888245,-0.052623454481363297,0.5715062618255615,0.5889468193054199,-0.076299287378788,0.5345529317855835,0.5534229874610901,-0.08171691000461578,0.5058228373527527,0.5124636888504028,-0.08387859165668488,0.18494385480880737,0.7973753213882446,-1.4306749562820187e-07,0.15543264150619507,0.7194867134094238,0.02022617869079113,0.1354203224182129,0.616523265838623,0.021309051662683487,0.1455184817314148,0.5322281122207642,0.02020321413874626,0.16479402780532837,0.4814116954803467,0.01789025589823723,0.16657599806785583,0.5711024403572083,-0.031963594257831573,0.21847999095916748,0.4618160128593445,-0.04146667197346687,0.24768081307411194,0.4034551680088043,-0.04164192080497742,0.26742181181907654,0.3588893711566925,-0.04252832755446434,0.20203587412834167,0.5941925644874573,-0.04446984454989433,0.2779846787452698,0.5295684337615967,-0.058515515178442,0.28192630410194397,0.5742672681808472,-0.05030177906155586,0.26469218730926514,0.6016305088996887,-0.0437726154923439,0.24295586347579956,0.6258844137191772,-0.05172562599182129,0.31210532784461975,0.5645976662635803,-0.06537020206451416,0.3137873411178589,0.6017701625823975,-0.05040588974952698,0.297700434923172,0.6277655959129333,-0.03859841451048851,0.2841974198818207,0.6595138311386108,-0.05528536066412926,0.3330499529838562,0.5761131644248962,-0.06732303649187088,0.3639909029006958,0.5353283286094666,-0.06301731616258621,0.38832783699035645,0.49671852588653564,-0.0577225461602211
46,0.7353501319885254,0.794849693775177,-4.5525328573603474e-07,0.7469303011894226,0.7081917524337769,0.009640335105359554,0.7482448816299438,0.5978862643241882,0.01022848766297102,0.7336905002593994,0.5127158761024475,0.011682902462780476,0.7310634255409241,0.4506585896015167,0.011218332685530186,0.7200397849082947,0.5576502084732056,-0.04183712601661682,0.665693461894989,0.44475895166397095,-0.06345468759536743,0.6347330808639526,0.38572409749031067,-0.07173121720552444,0.6099443435668945,0.3366239070892334,-0.07814913988113403,0.6989725828170776,0.5845633745193481,-0.05042101815342903,0.5997921228408813,0.5309339165687561,-0.0705626830458641,0.6021427512168884,0.5832984447479248,-0.0607236810028553,0.6216649413108826,0.6083467602729797,-0.05410363897681236,0.6689353585243225,0.6279906034469604,-0.05651317536830902,0.5764700770378113,0.5887631177902222,-0.07420960813760757,0.5839043259620667,0.6314916014671326,-0.05646486580371857,0.6077760457992554,0.6542844176292419,-0.043273791670799255,0.6322528719902039,0.6756880879402161,-0.06096893921494484,0.5636491775512695,0.6064421534538269,-0.08288990706205368,0.5243515968322754,0.5677340030670166,-0.0853496566414833,0.4946877956390381,0.5261998176574707,-0.08507180958986282,0.17934256792068481,0.8177549839019775,-8.003843277037959e-08,0.1467546820640564,0.740911602973938,0.01294095627963543,0.1251823455095291,0.6295924186706543,0.010256530717015266,0.1331385374069214,0.541100263595581,0.005738735664635897,0.1471043825149536,0.4827452600002289,0.000806645373813808,0.157138392329216,0.5864315629005432,-0.035216495394706726,0.20491863787174225,0.46869534254074097,-0.04913182556629181,0.23514018952846527,0.4052868187427521,-0.05058343708515167,0.25781163573265076,0.3570283055305481,-0.051559045910835266,0.19467462599277496,0.6103008389472961,-0.04640799015760422,0.27073487639427185,0.5302318334579468,-0.06973786652088165,0.27345120906829834,0.579727053642273,-0.06341905146837234,0.256245493888855,0.6132374405860901,-0.054458729922771454,0.2374100685119629,0.6416546702384949,-0.053387127816677094,0.3072200417518616,0.5674266219139099,-0.07378101348876953,0.3104008436203003,0.6067697405815125,-0.059281546622514725,0.29600289463996887,0.6384455561637878,-0.044704873114824295,0.2801018953323364,0.674473762512207,-0.05751025304198265,0.33078986406326294,0.5893704295158386,-0.07385800778865814,0.36446622014045715,0.5453821420669556,-0.07187769562005997,0.39164310693740845,0.505169689655304,-0.06679844856262207
47,0.7355260848999023,0.8120381832122803,-4.042394436964969e-07,0.7472603917121887,0.7213820815086365,0.00790536031126976,0.7478569149971008,0.6017675995826721,0.0070486837066709995,0.7329118847846985,0.509321391582489,0.007882736623287201,0.7285847663879395,0.44360077381134033,0.0071578118950128555,0.7205341458320618,0.5657526254653931,-0.04788998141884804,0.6631341576576233,0.4458678066730499,-0.07207613438367844,0.6308380365371704,0.38072872161865234,-0.08293570578098297,0.6032971143722534,0.325141042470932,-0.09174337983131409,0.69694983959198,0.5959210991859436,-0.05615025386214256,0.5917180180549622,0.531609296798706,-0.0769425481557846,0.5974563360214233,0.590576171875,-0.06582724303007126,0.620857298374176,0.6175662279129028,-0.05862320214509964,0.6642323136329651,0.6411455273628235,-0.06180433928966522,0.5652288198471069,0.5858659744262695,-0.07830622792243958,0.5739522576332092,0.6325797438621521,-0.05621495470404625,0.6005778312683105,0.6589359045028687,-0.0407564751803875,0.6244761943817139,0.6900317668914795,-0.06629294902086258,0.5523139834403992,0.6145041584968567,-0.087315633893013,0.5114685297012329,0.5757349133491516,-0.0879392921924591,0.48148226737976074,0.5346357822418213,-0.08660916239023209,0.17108291387557983,0.835469126701355,-2.7736472674178003e-08,0.1413308084011078,0.7536073327064514,0.010746922343969345,0.12086492031812668,0.6345311403274536,0.004627442918717861,0.1267181932926178,0.5404917597770691,-0.002811259590089321,0.1362224817276001,0.47644102573394775,-0.010378587059676647,0.1458626538515091,0.5944603085517883,-0.044467102736234665,0.19261321425437927,0.47062063217163086,-0.06334017962217331,0.22148510813713074,0.40178829431533813,-0.06927723437547684,0.24242742359638214,0.34849926829338074,-0.07362277805805206,0.18325607478618622,0.6225621104240417,-0.055774010717868805,0.2682172656059265,0.5303040742874146,-0.08310215920209885,0.27275457978248596,0.5832735896110535,-0.0782838687300682,0.25444209575653076,0.6158108115196228,-0.07024098187685013,0.2284972071647644,0.6548547148704529,-0.06250307708978653,0.30725353956222534,0.5696486234664917,-0.0843367874622345,0.31107297539711,0.61066734790802,-0.06811967492103577,0.2951040267944336,0.6430479884147644,-0.05246197432279587,0.2748626470565796,0.6867236495018005,-0.06669533252716064,0.32941827178001404,0.5941525101661682,-0.08310917764902115,0.36418241262435913,0.5491939187049866,-0.0797845646739006,0.3923623263835907,0.5068622827529907,-0.073882557451725
48,0.735042154788971,0.8031476140022278,-3.5157381716999225e-07,0.745506227016449,0.70900958776474,0.005263299215584993,0.7461853623390198,0.580504298210144,0.0013558922801166773,0.7295477986335754,0.4814048111438751,-0.000844750611577183,0.72613126039505,0.4109562635421753,-0.005068986676633358,0.723281741142273,0.5474482774734497,-0.05341134965419769,0.6579853296279907,0.4224890470504761,-0.07814060151576996,0.6222008466720581,0.35449686646461487,-0.08954420685768127,0.5921226143836975,0.2965843379497528,-0.0988665521144867,0.6963867545127869,0.5812049508094788,-0.06089239940047264,0.5869015455245972,0.5152639746665955,-0.08226532489061356,0.5955115556716919,0.5745573043823242,-0.07099538296461105,0.6209371089935303,0.6012796759605408,-0.06349482387304306,0.6619047522544861,0.6299500465393066,-0.06560362875461578,0.561505913734436,0.5769456624984741,-0.08176755905151367,0.5730453133583069,0.6248816251754761,-0.05884847790002823,0.6018733978271484,0.6522446870803833,-0.042796362191438675,0.6194976568222046,0.6804137825965881,-0.06937361508607864,0.5455433130264282,0.6026591062545776,-0.08952408283948898,0.5015000104904175,0.5608165860176086,-0.08961328864097595,0.46790701150894165,0.5180785655975342,-0.08794578164815903,0.16010302305221558,0.8357018232345581,9.019890256922736e-08,0.12544825673103333,0.7549092769622803,0.0069526382721960545,0.10197632014751434,0.6257069110870361,-0.0024288909044116735,0.10446690768003464,0.5211988687515259,-0.013739079236984253,0.11270484328269958,0.4518973231315613,-0.024363817647099495,0.11704392731189728,0.5833916664123535,-0.041928600519895554,0.16711914539337158,0.44766950607299805,-0.06135055795311928,0.19725003838539124,0.3742079436779022,-0.06732825189828873,0.21908777952194214,0.31522414088249207,-0.07239797711372375,0.1538970023393631,0.6082336902618408,-0.05504421889781952,0.24664071202278137,0.5063057541847229,-0.08725889027118683,0.2559184432029724,0.561578094959259,-0.08449345827102661,0.2367248684167862,0.5969211459159851,-0.07629172503948212,0.2022337019443512,0.6390528082847595,-0.06451737880706787,0.287846177816391,0.5465417504310608,-0.0883224755525589,0.29547739028930664,0.5920895338058472,-0.07161612808704376,0.2785590887069702,0.6250167489051819,-0.054987091571092606,0.25470098853111267,0.6713122725486755,-0.07250562310218811,0.310746431350708,0.5775300860404968,-0.09085924178361893,0.347425639629364,0.5322868227958679,-0.08948390930891037,0.37600183486938477,0.4889543652534485,-0.08467570692300797
49,0.7317022681236267,0.7919602394104004,-3.449886492035148e-07,0.7442867755889893,0.6988751888275146,0.006635110359638929,0.7469274401664734,0.5702742338180542,0.0029057476203888655,0.7314265966415405,0.46841108798980713,0.0003982556227128953,0.7265936136245728,0.3963143825531006,-0.0040656873025000095,0.7237182259559631,0.5297043323516846,-0.0510517917573452,0.6574714779853821,0.39933687448501587,-0.07526568323373795,0.6213547587394714,0.32951295375823975,-0.08715415000915527,0.5915951728820801,0.2686429023742676,-0.09689787775278091,0.695091962814331,0.5610337257385254,-0.05884271860122681,0.5882624387741089,0.492207407951355,-0.07891061156988144,0.5969153642654419,0.5515254139900208,-0.06826864928007126,0.6225332617759705,0.5789711475372314,-0.06183261051774025,0.6586973071098328,0.6083003878593445,-0.0636502057313919,0.5604636669158936,0.553864598274231,-0.077870212495327,0.5709583759307861,0.6043100953102112,-0.054655127227306366,0.5995612144470215,0.632559597492218,-0.03923983499407768,0.6140947937965393,0.6583026647567749,-0.0674929991364479,0.5426686406135559,0.5787489414215088,-0.08428404480218887,0.5005363821983337,0.540139377117157,-0.08195802569389343,0.4687308669090271,0.4987275004386902,-0.07924197614192963,0.15193934738636017,0.8294517397880554,5.571109795710072e-08,0.11955559998750687,0.7469383478164673,0.007891898974776268,0.09118237346410751,0.617097795009613,-0.001079496112652123,0.09405654668807983,0.5058636665344238,-0.010699796490371227,0.10116665065288544,0.4315153956413269,-0.020103320479393005,0.10991808772087097,0.5686079859733582,-0.050146568566560745,0.15895111858844757,0.42864006757736206,-0.06821909546852112,0.1880083531141281,0.3493368625640869,-0.0720183476805687,0.20911677181720734,0.2889346182346344,-0.07636882364749908,0.15187521278858185,0.5928753614425659,-0.06177869439125061,0.24395649135112762,0.4838961362838745,-0.0904831513762474,0.2563512623310089,0.5420915484428406,-0.08340668678283691,0.23950278759002686,0.5759567618370056,-0.07447317242622375,0.20251604914665222,0.621748149394989,-0.06905044615268707,0.28797072172164917,0.5237217545509338,-0.09422272443771362,0.29861652851104736,0.5700242519378662,-0.07668843865394592,0.28353944420814514,0.6042213439941406,-0.06074325740337372,0.2554396986961365,0.6505826711654663,-0.0739578902721405,0.3089730143547058,0.5511687994003296,-0.09695885330438614,0.3462120294570923,0.5033090114593506,-0.09712878614664078,0.37518784403800964,0.4563756287097931,-0.09350761771202087
50,0.723568320274353,0.788006067276001,-4.737650272090832e-07,0.7346118688583374,0.6944451928138733,0.010529432445764542,0.7365270853042603,0.5712836384773254,0.008503083139657974,0.7219932675361633,0.4768751561641693,0.006991019006818533,0.7182565927505493,0.40698862075805664,0.0031077545136213303,0.7107859253883362,0.5290376543998718,-0.048107270151376724,0.6487922668457031,0.40498292446136475,-0.07355401664972305,0.615455150604248,0.33733832836151123,-0.08687973022460938,0.5871374607086182,0.28007033467292786,-0.09752143174409866,0.6861480474472046,0.560539186000824,-0.05739597603678703,0.5827490091323853,0.5044931769371033,-0.0762660875916481,0.5915437340736389,0.5598127245903015,-0.0660020112991333,0.6143232583999634,0.583386242389679,-0.06140368804335594,0.6535094976425171,0.6086971163749695,-0.06364156305789948,0.5569903254508972,0.5643354058265686,-0.07618646323680878,0.568464994430542,0.6087585687637329,-0.05405065417289734,0.594885528087616,0.6320067048072815,-0.04093202203512192,0.6121902465820312,0.6611133217811584,-0.06867232918739319,0.5411841869354248,0.5852729082107544,-0.08539310842752457,0.4987628757953644,0.5488821268081665,-0.08339091390371323,0.4651498794555664,0.5110385417938232,-0.08166985958814621,0.15538695454597473,0.8237454295158386,3.8407974578547055e-09,0.11899334192276001,0.7335616946220398,0.004649840760976076,0.09483186155557632,0.6138573884963989,-0.0034999859053641558,0.0946526899933815,0.5200508236885071,-0.011882946826517582,0.10470912605524063,0.44896331429481506,-0.01963442750275135,0.11771804839372635,0.5675883293151855,-0.04757709056138992,0.16378122568130493,0.431077241897583,-0.06433071941137314,0.1932651400566101,0.35727009177207947,-0.06518350541591644,0.21546778082847595,0.2993282079696655,-0.06574619561433792,0.1593230813741684,0.5917509198188782,-0.0568590871989727,0.24406839907169342,0.4913376569747925,-0.08521394431591034,0.253524512052536,0.5408281683921814,-0.08063634485006332,0.2363319993019104,0.5755860209465027,-0.07271134853363037,0.20888683199882507,0.6221163272857666,-0.062088772654533386,0.2865215837955475,0.5279107689857483,-0.08794449269771576,0.296187162399292,0.5677802562713623,-0.07464271038770676,0.28308770060539246,0.597159206867218,-0.060525618493556976,0.25878873467445374,0.6537873148918152,-0.06493934988975525,0.3109542727470398,0.5567294359207153,-0.0848737508058548,0.3464484214782715,0.5070156455039978,-0.0845014825463295,0.37343013286590576,0.45987242460250854,-0.08049934357404709
51,0.7255497574806213,0.7888911962509155,-4.888236162514659e-07,0.7263544201850891,0.6947699785232544,0.009222465567290783,0.7147116661071777,0.5738544464111328,0.006973810028284788,0.6961751580238342,0.48325973749160767,0.004435746930539608,0.698169469833374,0.41977018117904663,0.00016979084466584027,0.7037440538406372,0.5321386456489563,-0.04183950647711754,0.6388863325119019,0.42238181829452515,-0.06609635800123215,0.607231616973877,0.3608285188674927,-0.07814187556505203,0.5820796489715576,0.3075200021266937,-0.08848533034324646,0.6851950287818909,0.5628893375396729,-0.05146459862589836,0.5814232230186462,0.5240079164505005,-0.07402345538139343,0.5905085206031799,0.5750281810760498,-0.06669173389673233,0.6132866740226746,0.5933539867401123,-0.06377280503511429,0.6566501259803772,0.6109435558319092,-0.05893135443329811,0.5584976673126221,0.5833999514579773,-0.07712749391794205,0.569705605506897,0.6260644197463989,-0.059933360666036606,0.5957331657409668,0.6472747325897217,-0.049332909286022186,0.6190809607505798,0.6621640920639038,-0.06529026478528976,0.5471609234809875,0.6005733609199524,-0.08738227933645248,0.5024139881134033,0.5646780133247375,-0.09176473319530487,0.46643468737602234,0.524789571762085,-0.09478478878736496,0.15517261624336243,0.8345158100128174,8.654835959021057e-09,0.12950806319713593,0.7337642908096313,0.011086482554674149,0.11874821782112122,0.6186471581459045,0.0064226314425468445,0.12179286777973175,0.5325161814689636,-0.0022245340514928102,0.12623262405395508,0.4725014567375183,-0.011420569382607937,0.13041634857654572,0.5668186545372009,-0.02624495141208172,0.18285174667835236,0.445281982421875,-0.039976853877305984,0.21299241483211517,0.38075873255729675,-0.04074900969862938,0.23375418782234192,0.3274620473384857,-0.04099920764565468,0.16273321211338043,0.5922021269798279,-0.04159038886427879,0.25489675998687744,0.5151240229606628,-0.06657177954912186,0.262410968542099,0.5610623359680176,-0.06493086367845535,0.24460403621196747,0.5902206301689148,-0.05921570956707001,0.20473772287368774,0.6277107000350952,-0.05357757583260536,0.28669440746307373,0.5561656951904297,-0.07720518112182617,0.2911313474178314,0.596128523349762,-0.06531305611133575,0.2740778923034668,0.6223940849304199,-0.051712263375520706,0.24920038878917694,0.6686894297599792,-0.06350336223840714,0.30561643838882446,0.5774788856506348,-0.07753191888332367,0.3427872657775879,0.5361139178276062,-0.07174938172101974,0.37103545665740967,0.5008956789970398,-0.06373737752437592
52,0.7242761850357056,0.8096139430999756,3.11651575657379e-08,0.6267260909080505,0.7332873344421387,0.012030411511659622,0.5880048274993896,0.6511232852935791,0.0046067326329648495,0.564593493938446,0.5852925181388855,-0.012809203006327152,0.5514538884162903,0.5360274314880371,-0.032033149152994156,0.6496931314468384,0.54384446144104,0.0009366273880004883,0.6126500368118286,0.45984163880348206,-0.019282326102256775,0.593629777431488,0.40269404649734497,-0.03367462754249573,0.5800014734268188,0.3473650813102722,-0.04373154044151306,0.6758150458335876,0.5515190362930298,-0.022756842896342278,0.6017983555793762,0.5026628375053406,-0.046114593744277954,0.5823026895523071,0.4862886071205139,-0.0526827909052372,0.5770118832588196,0.466949462890625,-0.05659886822104454,0.6892721652984619,0.57844078540802,-0.04718606919050217,0.5814298987388611,0.5687488913536072,-0.08039803802967072,0.5625215172767639,0.6442472338676453,-0.0726650059223175,0.5737900137901306,0.7078437805175781,-0.05988369509577751,0.6863621473312378,0.6201645135879517,-0.0710233598947525,0.5889531373977661,0.6038818359375,-0.09667888283729553,0.5658363699913025,0.6602177023887634,-0.08888963609933853,0.5683231949806213,0.7178438901901245,-0.07797916978597641,0.17323723435401917,0.8623138666152954,-1.5733738223389082e-07,0.23535586893558502,0.7530948519706726,0.032323796302080154,0.25399357080459595,0.6590688824653625,0.03405235335230827,0.2672157883644104,0.5911899209022522,0.022651096805930138,0.2830212414264679,0.5380165576934814,0.009998869150876999,0.17134107649326324,0.5764578580856323,0.015956178307533264,0.23087766766548157,0.48688846826553345,0.004201502539217472,0.25763317942619324,0.4299393594264984,-0.00385712250135839,0.27403247356414795,0.37948131561279297,-0.011695767752826214,0.16198225319385529,0.5882198810577393,-0.01787983812391758,0.26418623328208923,0.5459580421447754,-0.048661939799785614,0.30116885900497437,0.6026677489280701,-0.05824260413646698,0.30814558267593384,0.6542754173278809,-0.05880032107234001,0.17115508019924164,0.622710108757019,-0.04950948804616928,0.2658020257949829,0.5705232620239258,-0.07592815160751343,0.30451351404190063,0.6193400025367737,-0.07009847462177277,0.3156570792198181,0.6643928289413452,-0.06060740351676941,0.19261661171913147,0.6671101450920105,-0.07914453744888306,0.24136485159397125,0.5945621728897095,-0.09232109785079956,0.2685617506504059,0.5592973828315735,-0.0875677689909935,0.28633132576942444,0.5361667275428772,-0.08227182924747467
53,0.6942812204360962,0.8231443166732788,-3.6537187497742707e-07,0.6161900758743286,0.772477388381958,-0.005133783910423517,0.5675830841064453,0.6882961988449097,-0.011307544074952602,0.5350995063781738,0.6254262328147888,-0.023346396163105965,0.5017271637916565,0.5776695609092712,-0.03617173060774803,0.6103944778442383,0.5755652189254761,-0.004994336981326342,0.5852563977241516,0.4778590500354767,-0.02720462903380394,0.5723986029624939,0.4193037748336792,-0.03866526857018471,0.5605968236923218,0.3631710410118103,-0.04552571102976799,0.6512622833251953,0.5742369294166565,-0.017583077773451805,0.5871220827102661,0.5624962449073792,-0.06280985474586487,0.5794807076454163,0.6465768814086914,-0.07325545698404312,0.5885250568389893,0.705565333366394,-0.06841487437486649,0.6822845935821533,0.5927276611328125,-0.03209457919001579,0.6171942353248596,0.5822207927703857,-0.07737799733877182,0.6078945994377136,0.6622778177261353,-0.07003039121627808,0.6144395470619202,0.7200324535369873,-0.050341423600912094,0.7040489315986633,0.6221737265586853,-0.04698910564184189,0.6671900749206543,0.5693454742431641,-0.07412688434123993,0.6500387191772461,0.5431857109069824,-0.07077246904373169,0.6420156359672546,0.5179744362831116,-0.060200974345207214,0.20581163465976715,0.8705592155456543,-3.388604454812594e-07,0.27641934156417847,0.7932496070861816,-0.0034227799624204636,0.3159972131252289,0.7035571932792664,-0.013473252765834332,0.34222984313964844,0.6359057426452637,-0.030052965506911278,0.3696080446243286,0.5847756862640381,-0.047415390610694885,0.258406400680542,0.5889173150062561,-0.013643323443830013,0.28253173828125,0.5019265413284302,-0.038192253559827805,0.29820719361305237,0.44262170791625977,-0.05366303026676178,0.31218111515045166,0.39018142223358154,-0.06310655921697617,0.22832387685775757,0.5985779166221619,-0.029478054493665695,0.2968607544898987,0.5938220024108887,-0.07621631026268005,0.32774817943573,0.66567462682724,-0.09250761568546295,0.3398185670375824,0.7203821539878845,-0.09284746646881104,0.20799210667610168,0.6327284574508667,-0.04628292843699455,0.2750187814235687,0.6278298497200012,-0.0926811620593071,0.3078382611274719,0.6997525095939636,-0.09366123378276825,0.3212987780570984,0.7523607015609741,-0.08087741583585739,0.195863276720047,0.6755920052528381,-0.06322647631168365,0.20031443238258362,0.6061404943466187,-0.09080012142658234,0.1995735764503479,0.5593215823173523,-0.09218406677246094,0.19909653067588806,0.5151580572128296,-0.08663161098957062
54,0.6991915702819824,0.8206249475479126,-2.602560300601908e-07,0.6220043897628784,0.7960348129272461,-0.02573459781706333,0.559395432472229,0.7154670357704163,-0.037448663264513016,0.5236091017723083,0.6485306024551392,-0.05052458494901657,0.4898616373538971,0.5980898141860962,-0.06166491657495499,0.5888339877128601,0.6073958873748779,-0.02115999348461628,0.5624350905418396,0.49669504165649414,-0.04349609091877937,0.5477103590965271,0.43587034940719604,-0.051665280014276505,0.5361427068710327,0.3779897093772888,-0.05568196624517441,0.6277539730072021,0.601263701915741,-0.02205907180905342,0.6028590202331543,0.5648790597915649,-0.0727832093834877,0.6029109954833984,0.6466982364654541,-0.08105085045099258,0.6095069050788879,0.7061095833778381,-0.07130351662635803,0.6631954312324524,0.605567455291748,-0.02629423514008522,0.6358887553215027,0.5676460266113281,-0.07559655606746674,0.6338231563568115,0.6580588817596436,-0.06684402376413345,0.6374678015708923,0.7156093716621399,-0.043652698397636414,0.6969402432441711,0.6180863380432129,-0.03244230896234512,0.6894946098327637,0.5555862188339233,-0.06080183386802673,0.6817249655723572,0.5172994136810303,-0.05969402939081192,0.6762351989746094,0.4687533378601074,-0.050062838941812515,0.22532951831817627,0.8774269819259644,-2.835875250184472e-07,0.29555225372314453,0.8248447775840759,-0.01442876085639,0.3463071882724762,0.7361994981765747,-0.026003926992416382,0.3823625147342682,0.6657242774963379,-0.04278436303138733,0.4162917733192444,0.6077283620834351,-0.05944213643670082,0.3011849522590637,0.6178407073020935,-0.015086889266967773,0.323679655790329,0.5212103128433228,-0.04055206477642059,0.3379007875919342,0.4615432322025299,-0.05305776000022888,0.35006994009017944,0.40504592657089233,-0.05997883901000023,0.264520525932312,0.6193932890892029,-0.026562228798866272,0.3143773078918457,0.5997139811515808,-0.08134111016988754,0.3312453031539917,0.6841359734535217,-0.09861742705106735,0.3343697190284729,0.7445578575134277,-0.09641572088003159,0.23219235241413116,0.6416629552841187,-0.0403083860874176,0.27701443433761597,0.6194809675216675,-0.09579307585954666,0.29838886857032776,0.7096930146217346,-0.095692478120327,0.3079110383987427,0.7715879678726196,-0.0786324068903923,0.2059388905763626,0.6748475432395935,-0.05492759868502617,0.19965094327926636,0.6021090745925903,-0.0878656804561615,0.19742411375045776,0.5514125823974609,-0.09096846729516983,0.19811104238033295,0.49913668632507324,-0.08519380539655685
55,0.708976686000824,0.817264199256897,-2.57770949474434e-07,0.6328393816947937,0.7991283535957336,-0.019514620304107666,0.5635617971420288,0.7213512659072876,-0.027451297268271446,0.5230027437210083,0.6545535326004028,-0.03815929591655731,0.48684293031692505,0.6081697940826416,-0.048079147934913635,0.5910382866859436,0.6136755347251892,-0.013716986402869225,0.5563129782676697,0.5067521333694458,-0.03630366548895836,0.5379970669746399,0.44315803050994873,-0.045749481767416,0.5203158259391785,0.3857288956642151,-0.05126402899622917,0.6315594911575317,0.6026148200035095,-0.018802184611558914,0.6041117906570435,0.5615281462669373,-0.07270112633705139,0.6108298897743225,0.6484217047691345,-0.08332665264606476,0.6207952499389648,0.7157356142997742,-0.07456084340810776,0.6695801019668579,0.6035581231117249,-0.027005938813090324,0.6423885226249695,0.565397322177887,-0.07939235121011734,0.6482181549072266,0.6554432511329651,-0.07269281148910522,0.654971718788147,0.7165408730506897,-0.05033232271671295,0.7071634531021118,0.6123420596122742,-0.03647470474243164,0.6990090012550354,0.5471555590629578,-0.06812314689159393,0.6951721906661987,0.5102777481079102,-0.06881943345069885,0.6907364726066589,0.4658898711204529,-0.06018770858645439,0.23846271634101868,0.8803977966308594,-2.48545205749906e-07,0.30511242151260376,0.838670015335083,-0.01810789667069912,0.3617071807384491,0.7479673624038696,-0.028899358585476875,0.39920616149902344,0.6762224435806274,-0.0437048077583313,0.4331575036048889,0.6186442375183105,-0.05775626748800278,0.3208783268928528,0.622334897518158,-0.017038777470588684,0.3442442715167999,0.5193127393722534,-0.042172327637672424,0.3588294982910156,0.4559999108314514,-0.05247937887907028,0.3731987476348877,0.40010595321655273,-0.057130780071020126,0.2799413502216339,0.6222347617149353,-0.027079513296484947,0.3239847421646118,0.5995326042175293,-0.08641649037599564,0.3348974287509918,0.6905359029769897,-0.10505098104476929,0.33712148666381836,0.7586053609848022,-0.10107172280550003,0.24297229945659637,0.6424117088317871,-0.0395236536860466,0.281509131193161,0.6228203177452087,-0.09928841143846512,0.2986774444580078,0.7182357907295227,-0.10064320266246796,0.30771732330322266,0.7830437421798706,-0.08240776509046555,0.2114194929599762,0.6725528836250305,-0.05265969783067703,0.2033083438873291,0.5922168493270874,-0.08722825348377228,0.19951693713665009,0.5386684536933899,-0.09001237899065018,0.19939030706882477,0.4813991189002991,-0.08297111093997955
56,0.7210630178451538,0.7937030792236328,-2.3571321605686535e-07,0.640988826751709,0.7809264659881592,-0.0183734018355608,0.5696310997009277,0.7022067904472351,-0.024686142802238464,0.524520993232727,0.6364275217056274,-0.03367060422897339,0.48225298523902893,0.5969653725624084,-0.041886281222105026,0.5942502021789551,0.5885463953018188,-0.012390471063554287,0.5579769611358643,0.4846859276294708,-0.0346759669482708,0.5389360785484314,0.41784679889678955,-0.04375839978456497,0.5217715501785278,0.36012086272239685,-0.048975296318531036,0.6383326649665833,0.5727385878562927,-0.01798691414296627,0.6130871772766113,0.5479972958564758,-0.0742717832326889,0.6268404126167297,0.6357144713401794,-0.0860549658536911,0.6414710283279419,0.7037134766578674,-0.07692430913448334,0.6814481616020203,0.5731006860733032,-0.026660144329071045,0.6599608063697815,0.560346245765686,-0.08227983117103577,0.6669196486473083,0.645551860332489,-0.0789361223578453,0.671729564666748,0.7022632360458374,-0.057470858097076416,0.722984790802002,0.5806328058242798,-0.03612169623374939,0.7174832224845886,0.5171915292739868,-0.07054415345191956,0.7149397134780884,0.47751620411872864,-0.07317791134119034,0.709081768989563,0.43250787258148193,-0.06483995914459229,0.23454783856868744,0.8770275115966797,-2.6692183041632234e-07,0.31095951795578003,0.834896981716156,-0.017259739339351654,0.3714834451675415,0.7449684739112854,-0.029050353914499283,0.412558376789093,0.6748233437538147,-0.04535491019487381,0.4492775797843933,0.6187392473220825,-0.06125481426715851,0.3261681795120239,0.6145470142364502,-0.02006901428103447,0.35532763600349426,0.5099994540214539,-0.046903759241104126,0.37358587980270386,0.4433099031448364,-0.05950978398323059,0.38920336961746216,0.3845955729484558,-0.06647294759750366,0.2845454514026642,0.6115152835845947,-0.03118083067238331,0.3309149742126465,0.5948433876037598,-0.09212872385978699,0.3395363390445709,0.6892268657684326,-0.1112387552857399,0.33777156472206116,0.7566685676574707,-0.10836247354745865,0.2464849203824997,0.6319066286087036,-0.04455934092402458,0.2854757308959961,0.618739664554596,-0.10514851659536362,0.3016391694545746,0.7151553630828857,-0.10600468516349792,0.30716270208358765,0.7798722386360168,-0.08814360201358795,0.2144506722688675,0.6638196706771851,-0.05877809599041939,0.20352299511432648,0.580179750919342,-0.09547771513462067,0.19838353991508484,0.5246167182922363,-0.09938205778598785,0.1963108330965042,0.46682119369506836,-0.09329383075237274
57,0.7336293458938599,0.7803746461868286,-1.9454707000932103e-07,0.6493796110153198,0.7637168169021606,-0.02425995282828808,0.5729458332061768,0.680385410785675,-0.03355972468852997,0.5244671106338501,0.6135407090187073,-0.044356416910886765,0.4831084907054901,0.5619373321533203,-0.0537923127412796,0.6009072065353394,0.5544750690460205,-0.018580632284283638,0.5661333799362183,0.44926565885543823,-0.04315083473920822,0.5479599833488464,0.3778940439224243,-0.0536978617310524,0.531879723072052,0.31635528802871704,-0.06004377081990242,0.6485918164253235,0.5374441742897034,-0.022059697657823563,0.6237269639968872,0.5164560079574585,-0.08024632185697556,0.6430277228355408,0.6118261814117432,-0.09146461635828018,0.6619422435760498,0.6845733523368835,-0.08175353705883026,0.6968567967414856,0.5390359163284302,-0.029299484565854073,0.6736810207366943,0.527564287185669,-0.08807072043418884,0.6843874454498291,0.6197389960289001,-0.0835307165980339,0.6926965713500977,0.6827408075332642,-0.06053748354315758,0.7436564564704895,0.5505610108375549,-0.03771538287401199,0.7378973960876465,0.4829246401786804,-0.07584621012210846,0.7358768582344055,0.4410521388053894,-0.07959818094968796,0.7297539710998535,0.3943224549293518,-0.07142571359872818,0.2293228805065155,0.8722739219665527,-1.8166429072152823e-07,0.30938807129859924,0.8263143301010132,-0.02257486805319786,0.3743577003479004,0.7325325012207031,-0.03821226954460144,0.4171825051307678,0.6568078398704529,-0.05804302543401718,0.4581868648529053,0.5945020318031311,-0.07733429968357086,0.31671154499053955,0.5936427116394043,-0.026449494063854218,0.3533852994441986,0.48568183183670044,-0.05653749033808708,0.37546253204345703,0.4149685800075531,-0.07084449380636215,0.39492177963256836,0.35260260105133057,-0.07864519208669662,0.2710765302181244,0.5902990102767944,-0.03673135116696358,0.325797975063324,0.5807316303253174,-0.101141057908535,0.3373267650604248,0.6776120066642761,-0.12200910598039627,0.33505353331565857,0.7491719126701355,-0.12039152532815933,0.2312929928302765,0.6126121282577515,-0.04976437985897064,0.27634918689727783,0.6044681668281555,-0.11362943798303604,0.2948237955570221,0.7071560025215149,-0.11491511762142181,0.30112195014953613,0.778218150138855,-0.0970524251461029,0.20002734661102295,0.6488874554634094,-0.06419508159160614,0.1896292120218277,0.5613863468170166,-0.10239724069833755,0.18507543206214905,0.5011087656021118,-0.10688026249408722,0.1823076456785202,0.44052281975746155,-0.10129495710134506
58,0.7467203140258789,0.7679229974746704,-2.155543654680514e-07,0.6615356206893921,0.7522668242454529,-0.028241971507668495,0.5840362906455994,0.6660833358764648,-0.0384979248046875,0.5372337698936462,0.5964672565460205,-0.04919738322496414,0.4938737154006958,0.5427594184875488,-0.05794648081064224,0.6079332232475281,0.5319449305534363,-0.021566998213529587,0.5727490186691284,0.4223524332046509,-0.04498878866434097,0.553831160068512,0.3503454625606537,-0.05416954681277275,0.5370851159095764,0.2882232367992401,-0.059730712324380875,0.6589391827583313,0.5150331258773804,-0.023610582575201988,0.6402408480644226,0.4884163737297058,-0.08358979225158691,0.6611968278884888,0.585443377494812,-0.09576773643493652,0.6793152093887329,0.6623672842979431,-0.08566436171531677,0.7096242904663086,0.5184320211410522,-0.029525738209486008,0.6943471431732178,0.5051915645599365,-0.08939731866121292,0.7026634812355042,0.5999082922935486,-0.08617035299539566,0.7054947018623352,0.6632738709449768,-0.0636802688241005,0.7576707005500793,0.5306511521339417,-0.036783814430236816,0.7532716393470764,0.4596030116081238,-0.0748351439833641,0.7533261179924011,0.4157097339630127,-0.07884634286165237,0.7480016946792603,0.3652726411819458,-0.0709332823753357,0.2286216914653778,0.8581936955451965,-2.0859198457401362e-07,0.31344377994537354,0.8065250515937805,-0.023476064205169678,0.37927114963531494,0.7106986045837402,-0.039984650909900665,0.4199160933494568,0.6353085041046143,-0.061040040105581284,0.4589073657989502,0.5721898078918457,-0.08137331157922745,0.3184971809387207,0.5696008205413818,-0.02565138228237629,0.3528174161911011,0.45914334058761597,-0.05766842141747475,0.37546172738075256,0.3887062072753906,-0.07270313054323196,0.3966382145881653,0.3269820213317871,-0.07991540431976318,0.27141112089157104,0.567337155342102,-0.0358409658074379,0.3262937366962433,0.5589327812194824,-0.10436727851629257,0.3351033329963684,0.6630811095237732,-0.12553708255290985,0.3325481414794922,0.7383354902267456,-0.12202281504869461,0.2298276126384735,0.5902787446975708,-0.049084387719631195,0.2725846469402313,0.5834182500839233,-0.11704499274492264,0.28963008522987366,0.6890241503715515,-0.11818092316389084,0.2962459623813629,0.7612037658691406,-0.09771944582462311,0.19715826213359833,0.6259333491325378,-0.06370704621076584,0.18451429903507233,0.5327060222625732,-0.10350428521633148,0.1784454882144928,0.4690606892108917,-0.10696813464164734,0.1747702807188034,0.4074820578098297,-0.09912686049938202
59,0.7481606602668762,0.7509555816650391,-1.9893364822110016e-07,0.6628912687301636,0.7354146242141724,-0.032728247344493866,0.5844841599464417,0.6512175798416138,-0.04468758404254913,0.5400778651237488,0.5787336230278015,-0.05648485943675041,0.4992901682853699,0.524478018283844,-0.06572797149419785,0.6096101403236389,0.5176348686218262,-0.024845601990818977,0.5736535787582397,0.4059622883796692,-0.05035444721579552,0.556005597114563,0.336295485496521,-0.06056967005133629,0.5401946902275085,0.2736057937145233,-0.06692278385162354,0.6614354848861694,0.5028117895126343,-0.02527393400669098,0.642863392829895,0.46340927481651306,-0.08889748901128769,0.6625091433525085,0.5596277713775635,-0.10157691687345505,0.6795763969421387,0.6335426568984985,-0.09119477868080139,0.7108109593391418,0.5055866241455078,-0.03015502355992794,0.6970805525779724,0.47489920258522034,-0.09347149729728699,0.7063215970993042,0.5743239521980286,-0.089064821600914,0.7089228630065918,0.6396040916442871,-0.06488071382045746,0.7576788067817688,0.5157518982887268,-0.03693872317671776,0.7561526298522949,0.4419601261615753,-0.07827266305685043,0.7545222640037537,0.3976985812187195,-0.08353706449270248,0.7471312880516052,0.3445909023284912,-0.07609295099973679,0.22196713089942932,0.8233529925346375,-1.742545521210559e-07,0.3080384135246277,0.7732899785041809,-0.02340708114206791,0.37428018450737,0.6813081502914429,-0.038644250482320786,0.41381728649139404,0.6089933514595032,-0.05810490623116493,0.4514355957508087,0.5467600226402283,-0.07697650790214539,0.32328325510025024,0.5435934662818909,-0.02613590657711029,0.3586309254169464,0.4254245162010193,-0.056237153708934784,0.37966257333755493,0.35460221767425537,-0.06905156373977661,0.39886078238487244,0.2896046042442322,-0.0744294673204422,0.2771632969379425,0.5405876040458679,-0.03525257110595703,0.32301849126815796,0.5155100226402283,-0.0976887047290802,0.33207330107688904,0.6124802827835083,-0.11605008691549301,0.33156919479370117,0.6821122169494629,-0.11249329149723053,0.2341000735759735,0.557697594165802,-0.047486405819654465,0.27198195457458496,0.537691056728363,-0.11170549690723419,0.2899550795555115,0.6392964124679565,-0.1128472313284874,0.29684650897979736,0.7082638144493103,-0.09360222518444061,0.1970406323671341,0.5841922163963318,-0.06090858206152916,0.18754586577415466,0.48018530011177063,-0.09717284142971039,0.18452763557434082,0.4146426320075989,-0.09925686568021774,0.183242529630661,0.352608323097229,-0.09158147871494293
60,0.7445375323295593,0.7342512607574463,-1.5296983235657535e-07,0.6601356267929077,0.722478449344635,-0.03550281748175621,0.5830007195472717,0.6373908519744873,-0.04846321791410446,0.538864016532898,0.5649933815002441,-0.06101846694946289,0.49546390771865845,0.5111490488052368,-0.07108781486749649,0.6045672297477722,0.5001622438430786,-0.025460265576839447,0.5730690360069275,0.38846665620803833,-0.050341688096523285,0.555984377861023,0.31972357630729675,-0.06014466658234596,0.5398082137107849,0.2569248378276825,-0.06630472838878632,0.6553542017936707,0.48841962218284607,-0.024485329166054726,0.6397316455841064,0.4461979866027832,-0.0866217240691185,0.6583802700042725,0.5376624464988708,-0.09920055419206619,0.6752851605415344,0.60866779088974,-0.08915035426616669,0.7037696242332458,0.49277928471565247,-0.02836853638291359,0.6909559369087219,0.46000438928604126,-0.0912170484662056,0.7006489634513855,0.5597478747367859,-0.08787649869918823,0.7044711112976074,0.6238515377044678,-0.06472029536962509,0.750429093837738,0.503197193145752,-0.03435855731368065,0.7495867013931274,0.42892637848854065,-0.07560696452856064,0.7466691136360168,0.38436806201934814,-0.08197283744812012,0.7382825613021851,0.32936426997184753,-0.07574289292097092,0.2237529456615448,0.7847954034805298,-1.3708987012250873e-07,0.3090280592441559,0.7351735830307007,-0.018444335088133812,0.3764447569847107,0.6452525854110718,-0.029472891241312027,0.41973716020584106,0.5742127895355225,-0.045084163546562195,0.45808783173561096,0.5171271562576294,-0.060405392199754715,0.32590147852897644,0.5124802589416504,-0.018874824047088623,0.3632999658584595,0.39207321405410767,-0.045579198747873306,0.38726383447647095,0.32068172097206116,-0.057241082191467285,0.4063837230205536,0.25514304637908936,-0.062230486422777176,0.2837316393852234,0.5125946998596191,-0.029496755450963974,0.32680267095565796,0.47018569707870483,-0.09024930000305176,0.341947078704834,0.5628399848937988,-0.11051372438669205,0.34166568517684937,0.6306458711624146,-0.10850954055786133,0.24336647987365723,0.5273358821868896,-0.04245829954743385,0.2775647044181824,0.48667681217193604,-0.10388209670782089,0.30048319697380066,0.5832144021987915,-0.10678126662969589,0.3071341812610626,0.6500824093818665,-0.08980011940002441,0.20589935779571533,0.549688458442688,-0.05616386979818344,0.1969190537929535,0.4413491487503052,-0.09090820699930191,0.19602328538894653,0.3734751343727112,-0.09385233372449875,0.1934114694595337,0.3071761131286621,-0.08765831589698792
61,0.7519623637199402,0.7284386157989502,-2.108347416651668e-07,0.6655392050743103,0.7154750823974609,-0.03409317135810852,0.5894293785095215,0.632559597492218,-0.04658513888716698,0.5430541634559631,0.5611174702644348,-0.05907880887389183,0.5033183097839355,0.5040693879127502,-0.06908451020717621,0.6110848188400269,0.5017748475074768,-0.0242744330316782,0.5782656669616699,0.3897358775138855,-0.050817087292671204,0.5618504285812378,0.3207438588142395,-0.06120846047997475,0.5461901426315308,0.2578534185886383,-0.06711643934249878,0.6616052389144897,0.4890229403972626,-0.024254024028778076,0.6439154148101807,0.44598478078842163,-0.08886156976222992,0.6665789484977722,0.5393842458724976,-0.10269076377153397,0.6851036548614502,0.6118963956832886,-0.09262527525424957,0.7106125354766846,0.492226243019104,-0.028871139511466026,0.6957635879516602,0.4653398394584656,-0.0933191180229187,0.7093618512153625,0.5605706572532654,-0.09033796936273575,0.7149420976638794,0.6227208971977234,-0.06656239181756973,0.7581714391708374,0.5017560720443726,-0.035424597561359406,0.7534550428390503,0.4269464313983917,-0.07576081156730652,0.7519030570983887,0.38267529010772705,-0.08041411638259888,0.7443860769271851,0.33029407262802124,-0.07257094979286194,0.22635436058044434,0.773088812828064,-1.619704192989957e-07,0.3107067048549652,0.728712260723114,-0.020063884556293488,0.3789284825325012,0.6376976370811462,-0.02993139624595642,0.42086687684059143,0.5625614523887634,-0.04446837678551674,0.45788198709487915,0.5009849667549133,-0.058642495423555374,0.33481502532958984,0.5029162764549255,-0.01430602464824915,0.365639865398407,0.38033613562583923,-0.03892073780298233,0.38814660906791687,0.3098756670951843,-0.04900805279612541,0.40576863288879395,0.24805966019630432,-0.05298253148794174,0.2930976450443268,0.5005297660827637,-0.02482563629746437,0.3304080367088318,0.45312657952308655,-0.08658649027347565,0.3465690314769745,0.541972279548645,-0.1096644327044487,0.3461601734161377,0.6113812923431396,-0.10852403938770294,0.25134265422821045,0.5143482089042664,-0.03800748288631439,0.2792985737323761,0.47203218936920166,-0.10017512738704681,0.3032141625881195,0.5667129755020142,-0.10628198832273483,0.3112795650959015,0.6338641047477722,-0.09082687646150589,0.2097795605659485,0.5359767079353333,-0.05196268483996391,0.19876202940940857,0.42927286028862,-0.08673834800720215,0.19809961318969727,0.3625333309173584,-0.0909714549779892,0.1955183446407318,0.29575005173683167,-0.08554276078939438
62,0.7515252828598022,0.7391754388809204,-2.3844248175919347e-07,0.6680606007575989,0.7266218662261963,-0.027897031977772713,0.5948107838630676,0.6411528587341309,-0.0370979905128479,0.5510372519493103,0.5670650601387024,-0.04829743504524231,0.5091138482093811,0.5150808691978455,-0.05809888243675232,0.6125011444091797,0.5183079838752747,-0.015640396624803543,0.5811446309089661,0.40758365392684937,-0.04094213247299194,0.5671943426132202,0.3391439914703369,-0.05130358412861824,0.5533523559570312,0.2751643657684326,-0.05710412561893463,0.6610001921653748,0.5053436160087585,-0.01773904636502266,0.6443140506744385,0.46878868341445923,-0.07721009850502014,0.662628173828125,0.55769282579422,-0.09012981504201889,0.6780422925949097,0.624744176864624,-0.08154846727848053,0.7080267667770386,0.5058244466781616,-0.024431385099887848,0.6896030306816101,0.4728601276874542,-0.08608653396368027,0.7031371593475342,0.5675816535949707,-0.08283023536205292,0.7110681533813477,0.6298189163208008,-0.060227856040000916,0.7539617419242859,0.5132430791854858,-0.032662563025951385,0.7490949034690857,0.44031232595443726,-0.07154324650764465,0.7477761507034302,0.3971318006515503,-0.07599745690822601,0.7419741153717041,0.3446279764175415,-0.06866364181041718,0.22455191612243652,0.7754055857658386,-1.9968061337749532e-07,0.30824369192123413,0.7322490215301514,-0.02070055902004242,0.37325963377952576,0.6442223787307739,-0.031888075172901154,0.41418251395225525,0.5709174871444702,-0.04764619097113609,0.4505123198032379,0.5093773603439331,-0.06293977051973343,0.3321983516216278,0.5078256726264954,-0.014108792878687382,0.35948407649993896,0.39003700017929077,-0.03869933262467384,0.3785247504711151,0.32063746452331543,-0.04946477711200714,0.39378446340560913,0.2596322298049927,-0.054120223969221115,0.29182112216949463,0.5052407383918762,-0.024640725925564766,0.32927221059799194,0.4591226577758789,-0.08450666815042496,0.3441813290119171,0.5432475805282593,-0.10882892459630966,0.3431200087070465,0.6100621223449707,-0.10927688330411911,0.25068697333335876,0.5173410773277283,-0.03790317103266716,0.2774256467819214,0.47546064853668213,-0.09880764037370682,0.30023178458213806,0.5703372955322266,-0.1071234717965126,0.3087685704231262,0.6387971043586731,-0.09378021210432053,0.21022218465805054,0.5376352071762085,-0.05186770111322403,0.19604328274726868,0.43469759821891785,-0.08508539199829102,0.1939353197813034,0.3693167269229889,-0.09014413505792618,0.191628560423851,0.3036940097808838,-0.08606524020433426
63,0.739224374294281,0.7425607442855835,-2.1076139944398165e-07,0.6572235226631165,0.7244933843612671,-0.022398198023438454,0.587050199508667,0.6438072323799133,-0.029981859028339386,0.54524165391922,0.5763692855834961,-0.039780549705028534,0.5076504349708557,0.5275591611862183,-0.04810859635472298,0.6028261780738831,0.5325657725334167,-0.012387169525027275,0.5694882869720459,0.4273953437805176,-0.03596579656004906,0.5542930960655212,0.3636355400085449,-0.04555169492959976,0.5416098237037659,0.30350261926651,-0.05080351233482361,0.6477969884872437,0.516984760761261,-0.015182009898126125,0.6280474662780762,0.47912144660949707,-0.06741554290056229,0.6454463005065918,0.5616649389266968,-0.0773196741938591,0.6601468324661255,0.6233658194541931,-0.06898672878742218,0.6925086975097656,0.5138176679611206,-0.0219251848757267,0.6729444861412048,0.48814308643341064,-0.07558804005384445,0.6858493685722351,0.5729796886444092,-0.07041855156421661,0.6940016150474548,0.628177285194397,-0.04909839108586311,0.7366750240325928,0.5178649425506592,-0.030028263106942177,0.7303519248962402,0.44871729612350464,-0.06159527972340584,0.727668046951294,0.4097839593887329,-0.062366630882024765,0.7208313941955566,0.3649974465370178,-0.05405878275632858,0.23075711727142334,0.768224835395813,2.1508039793616263e-08,0.30004432797431946,0.748550534248352,-0.02613358199596405,0.3638543486595154,0.6551817655563354,-0.034744471311569214,0.4063252806663513,0.5808612108230591,-0.044231537729501724,0.4420180022716522,0.5266863107681274,-0.053185202181339264,0.32655343413352966,0.5270876884460449,-0.023695869371294975,0.3547060787677765,0.4181320071220398,-0.04260297492146492,0.37363481521606445,0.3472239375114441,-0.0506206676363945,0.38893651962280273,0.28553831577301025,-0.05651143193244934,0.28308698534965515,0.5214456915855408,-0.03150239214301109,0.3208591043949127,0.4758402109146118,-0.08372282981872559,0.3350030183792114,0.5550943613052368,-0.10349561274051666,0.33654358983039856,0.616724967956543,-0.10443304479122162,0.238108828663826,0.5327940583229065,-0.04241477698087692,0.2742663621902466,0.5004104375839233,-0.0982804000377655,0.2929988205432892,0.5919607877731323,-0.1068713366985321,0.2971589267253876,0.6587024927139282,-0.09726089239120483,0.1957467496395111,0.5544125437736511,-0.054588787257671356,0.1895778626203537,0.453268826007843,-0.09033385664224625,0.18786481022834778,0.3885588049888611,-0.10073097795248032,0.184783935546875,0.32493340969085693,-0.10235846042633057
64,0.7237942218780518,0.7396979928016663,-1.9049865329634486e-07,0.644669234752655,0.7233120799064636,-0.022017724812030792,0.5758672952651978,0.6480970978736877,-0.030837448313832283,0.5365601778030396,0.5850175023078918,-0.041369907557964325,0.49951398372650146,0.5340809226036072,-0.050453219562768936,0.5956817865371704,0.5371131896972656,-0.0161290243268013,0.5626370906829834,0.4357338845729828,-0.03839249163866043,0.5442031621932983,0.3788403272628784,-0.0474809966981411,0.5281259417533875,0.32414668798446655,-0.05284471809864044,0.6362110376358032,0.5265181660652161,-0.019046850502490997,0.6119285225868225,0.4877886176109314,-0.06895220279693604,0.6209558248519897,0.5674725770950317,-0.0784052386879921,0.632382869720459,0.6276149749755859,-0.07087557017803192,0.6766879558563232,0.5282014012336731,-0.025369221344590187,0.6526139974594116,0.49845394492149353,-0.07461202144622803,0.6609953045845032,0.5819947123527527,-0.0674099326133728,0.668186604976654,0.6361501216888428,-0.04647562652826309,0.7174069285392761,0.5358077883720398,-0.03332328423857689,0.7054033279418945,0.4673444628715515,-0.06350643187761307,0.6992689371109009,0.42702314257621765,-0.06396298855543137,0.6917948722839355,0.37941473722457886,-0.05609238147735596,0.22111733257770538,0.7884275913238525,-1.7048816403075762e-07,0.2953392565250397,0.7537869215011597,-0.022268075495958328,0.3556705415248871,0.6712404489517212,-0.03294052928686142,0.39811405539512634,0.6004474759101868,-0.0471184179186821,0.43265286087989807,0.5433564186096191,-0.06084343418478966,0.3181072771549225,0.5524089336395264,-0.016427358612418175,0.34658944606781006,0.4425719678401947,-0.04064458608627319,0.36550989747047424,0.37777137756347656,-0.05097086727619171,0.3815234899520874,0.3187565207481384,-0.05574169382452965,0.2808661162853241,0.5474976897239685,-0.024732399731874466,0.31560173630714417,0.5015187859535217,-0.08257612586021423,0.33118781447410583,0.5794567465782166,-0.1041739284992218,0.3348744809627533,0.6406899690628052,-0.1032739207148552,0.24228549003601074,0.555152416229248,-0.035934481769800186,0.27043992280960083,0.5114769339561462,-0.09362983703613281,0.2906549572944641,0.5989499092102051,-0.0994686409831047,0.298929363489151,0.6628693342208862,-0.08492473512887955,0.20512507855892181,0.5698705315589905,-0.0483366884291172,0.19639062881469727,0.4740506112575531,-0.08111877739429474,0.19610819220542908,0.4117944836616516,-0.08663646131753922,0.1961393505334854,0.3493373692035675,-0.0826617106795311
65,0.7222986817359924,0.7390379905700684,-2.141982378134344e-07,0.6445879340171814,0.7278175950050354,-0.01861063577234745,0.5766333341598511,0.6539674401283264,-0.025082627311348915,0.5369720458984375,0.5878130793571472,-0.0340241976082325,0.502051591873169,0.5405465960502625,-0.0419045090675354,0.5946816802024841,0.550994336605072,-0.009961159899830818,0.5607761144638062,0.4498048424720764,-0.030254801735281944,0.5439193844795227,0.39141905307769775,-0.03782161325216293,0.529055118560791,0.3386007845401764,-0.0416271910071373,0.6341846585273743,0.5377405285835266,-0.01375619601458311,0.6102839708328247,0.5025309920310974,-0.06294113397598267,0.6199657917022705,0.5809654593467712,-0.07309768348932266,0.6300215721130371,0.6401384472846985,-0.06550442427396774,0.6716994643211365,0.5351532101631165,-0.020708810538053513,0.6485600471496582,0.5044571161270142,-0.06959086656570435,0.6559200882911682,0.5854170918464661,-0.06527850031852722,0.6601661443710327,0.6387138962745667,-0.046073488891124725,0.7087346315383911,0.5397698283195496,-0.028627993538975716,0.6985597610473633,0.4768134355545044,-0.05674375593662262,0.6938359141349792,0.4400236904621124,-0.05721266567707062,0.6858227252960205,0.39630889892578125,-0.04936159402132034,0.23140282928943634,0.7846258878707886,-1.5576364376101992e-07,0.3039584159851074,0.7532978057861328,-0.02275272272527218,0.36226755380630493,0.6742842197418213,-0.03354719653725624,0.40176403522491455,0.6077196002006531,-0.04717053845524788,0.43449097871780396,0.5509467720985413,-0.060287438333034515,0.33065804839134216,0.5500372052192688,-0.01758532039821148,0.3561705946922302,0.4470277726650238,-0.03841906785964966,0.3727400302886963,0.38514792919158936,-0.04644850641489029,0.38647961616516113,0.33106791973114014,-0.04987593740224838,0.2926158905029297,0.5458862781524658,-0.024547364562749863,0.32477685809135437,0.5034604072570801,-0.07713206857442856,0.33423012495040894,0.5749241709709167,-0.09627917408943176,0.33257943391799927,0.6328819394111633,-0.0947996973991394,0.2533619999885559,0.5564789175987244,-0.03426216170191765,0.2796933054924011,0.5192357897758484,-0.08888527750968933,0.29473063349723816,0.6047711372375488,-0.09478458762168884,0.2994798421859741,0.6664490699768066,-0.08159652352333069,0.2164176106452942,0.5740216970443726,-0.04493151605129242,0.20409321784973145,0.48396727442741394,-0.07660918682813644,0.2015649378299713,0.427067369222641,-0.08192536234855652,0.2007037103176117,0.36923885345458984,-0.0783907100558281
66,0.7321078777313232,0.7553901672363281,-2.5539108605698857e-07,0.6566283106803894,0.7455030679702759,-0.017534686252474785,0.5859431028366089,0.6712561249732971,-0.024056049063801765,0.5436438322067261,0.605217695236206,-0.03333714231848717,0.507437527179718,0.5585346817970276,-0.04169299080967903,0.6083204746246338,0.564448356628418,-0.011079568415880203,0.5725743174552917,0.4610086679458618,-0.03417664021253586,0.5530472993850708,0.399370014667511,-0.04369364306330681,0.5348230600357056,0.34364718198776245,-0.04885321483016014,0.6457151770591736,0.5515286326408386,-0.01642616093158722,0.6161686778068542,0.513614296913147,-0.06948583573102951,0.6268208622932434,0.5952024459838867,-0.07962191849946976,0.6400747299194336,0.6578535437583923,-0.07044999301433563,0.6822181344032288,0.5509930849075317,-0.024981113150715828,0.6551734805107117,0.5245607495307922,-0.0768512561917305,0.6653390526771545,0.6075826287269592,-0.07172462344169617,0.6740041971206665,0.6625116467475891,-0.05013669282197952,0.7187896966934204,0.5573667883872986,-0.03460242599248886,0.7071421146392822,0.49388521909713745,-0.06545792520046234,0.699116587638855,0.45689696073532104,-0.06686346232891083,0.6899211406707764,0.4152502715587616,-0.05865546315908432,0.2448749840259552,0.7937497496604919,-1.9133726425479836e-07,0.3189416825771332,0.7636708617210388,-0.022275513038039207,0.3768768012523651,0.681746780872345,-0.03138672560453415,0.41407811641693115,0.613762617111206,-0.04266967996954918,0.4413437843322754,0.5586114525794983,-0.05351528897881508,0.3405039310455322,0.5618942379951477,-0.017699958756566048,0.3643684387207031,0.46257513761520386,-0.038100894540548325,0.37908247113227844,0.40203210711479187,-0.045828498899936676,0.39170289039611816,0.3498464524745941,-0.0490894615650177,0.3010903298854828,0.5585801005363464,-0.024386271834373474,0.3288056254386902,0.5104839205741882,-0.07685462385416031,0.3378690183162689,0.5884114503860474,-0.09519775956869125,0.33899152278900146,0.6528671383857727,-0.09254663437604904,0.260722815990448,0.5689390301704407,-0.03363697975873947,0.2827538549900055,0.5334861874580383,-0.08760257810354233,0.2990166246891022,0.6168019771575928,-0.09314630180597305,0.3057439625263214,0.6773990392684937,-0.07953760027885437,0.22270402312278748,0.5857411623001099,-0.04372552037239075,0.21061281859874725,0.4947907328605652,-0.07438448071479797,0.20928186178207397,0.43815386295318604,-0.07895814627408981,0.20894090831279755,0.38069403171539307,-0.07499589771032333
67,0.7555495500564575,0.7760206460952759,-2.8039644917043915e-07,0.6818336844444275,0.7668185234069824,-0.020642606541514397,0.6063470244407654,0.6854164004325867,-0.026081686839461327,0.5637586116790771,0.6157844066619873,-0.033700618892908096,0.5272183418273926,0.5631324648857117,-0.04012751206755638,0.6278176307678223,0.5687391757965088,-0.01172632910311222,0.5911327004432678,0.46337607502937317,-0.032984741032123566,0.5713939666748047,0.3984858989715576,-0.04165841266512871,0.5526607036590576,0.3412624001502991,-0.046936992555856705,0.6666540503501892,0.5534840822219849,-0.01527231466025114,0.6335853934288025,0.5183655023574829,-0.06661196053028107,0.6465073823928833,0.6030885577201843,-0.07631765305995941,0.6624413728713989,0.6673917770385742,-0.0672520250082016,0.7057825326919556,0.5526289939880371,-0.022275976836681366,0.6713339686393738,0.5181780457496643,-0.07268146425485611,0.6827257871627808,0.6042680144309998,-0.0661957710981369,0.6944892406463623,0.6633032560348511,-0.04434581100940704,0.7451912760734558,0.5602952241897583,-0.030811117962002754,0.729030430316925,0.49397701025009155,-0.06337887048721313,0.7194185853004456,0.4547268748283386,-0.06627464294433594,0.7104669213294983,0.40995627641677856,-0.05910428985953331,0.25666874647140503,0.8176356554031372,-1.79788386844848e-07,0.33037614822387695,0.7899178862571716,-0.021898042410612106,0.3909151554107666,0.7005117535591125,-0.028972823172807693,0.43066954612731934,0.6277361512184143,-0.0383526086807251,0.4586443603038788,0.5717402696609497,-0.047510258853435516,0.35191237926483154,0.5815537571907043,-0.01666051335632801,0.37671276926994324,0.4752413034439087,-0.037563592195510864,0.393268883228302,0.4093673527240753,-0.04583052545785904,0.40676987171173096,0.3520146608352661,-0.04968684911727905,0.31228873133659363,0.5779082179069519,-0.023589976131916046,0.3369942009449005,0.5212616920471191,-0.07702846080064774,0.3486824631690979,0.6004990935325623,-0.09560753405094147,0.35253721475601196,0.6660869121551514,-0.09275398403406143,0.2713811993598938,0.5875557065010071,-0.033211834728717804,0.29272428154945374,0.5464709401130676,-0.08786617964506149,0.31029918789863586,0.6322826147079468,-0.09265096485614777,0.31729793548583984,0.6953599452972412,-0.07796873897314072,0.2320583164691925,0.6034334301948547,-0.04383113235235214,0.21939051151275635,0.5065716505050659,-0.07566685974597931,0.2174413800239563,0.44674426317214966,-0.08064939081668854,0.21603016555309296,0.38681095838546753,-0.07658843696117401
68,0.7767279148101807,0.7848713397979736,-2.9905882570346876e-07,0.6954538822174072,0.7758181691169739,-0.020701099187135696,0.617655336856842,0.6927308440208435,-0.02600962109863758,0.5753359794616699,0.6191679835319519,-0.03309538960456848,0.5400080680847168,0.5681880116462708,-0.03895341604948044,0.6437726616859436,0.568423867225647,-0.012858252972364426,0.6047403812408447,0.45934051275253296,-0.03565678000450134,0.5849612951278687,0.3902214765548706,-0.04637066274881363,0.5666773915290833,0.3287231922149658,-0.053507931530475616,0.6845154762268066,0.5538228154182434,-0.017093559727072716,0.6534911394119263,0.5120280981063843,-0.07289993762969971,0.668856680393219,0.6021066308021545,-0.08325687795877457,0.6856066584587097,0.6717303395271301,-0.07325758039951324,0.7258198261260986,0.5552359819412231,-0.024855859577655792,0.6980037093162537,0.5247593522071838,-0.07813820242881775,0.7098312973976135,0.616025984287262,-0.07083116471767426,0.7187619209289551,0.6770604848861694,-0.04770572856068611,0.7670356631278992,0.5643212199211121,-0.034342747181653976,0.7538459300994873,0.4949715733528137,-0.06950385123491287,0.7453620433807373,0.4527503252029419,-0.07261783629655838,0.7353522181510925,0.4031413197517395,-0.06535409390926361,0.26139894127845764,0.8415743112564087,-1.906612538959962e-07,0.3396274149417877,0.8145392537117004,-0.02314421534538269,0.40600427985191345,0.7206671237945557,-0.03147390857338905,0.44679564237594604,0.6441870927810669,-0.042310211807489395,0.4702097177505493,0.5813907980918884,-0.05255599319934845,0.36318010091781616,0.5943931341171265,-0.020094335079193115,0.3871975541114807,0.48155128955841064,-0.04449060931801796,0.40431922674179077,0.4125850796699524,-0.055267076939344406,0.4194272756576538,0.35179245471954346,-0.06137092411518097,0.3203181326389313,0.5886886715888977,-0.02777678705751896,0.34982776641845703,0.538401186466217,-0.08683514595031738,0.35789117217063904,0.6265697479248047,-0.10617062449455261,0.35813260078430176,0.6940414309501648,-0.10332411527633667,0.2766505181789398,0.5997120141983032,-0.038474150002002716,0.2985316514968872,0.5581204891204834,-0.09774214774370193,0.31405332684516907,0.6543498039245605,-0.10010262578725815,0.3196789622306824,0.7230111956596375,-0.08311224728822708,0.2352416217327118,0.619110643863678,-0.05051259696483612,0.22413653135299683,0.5223850011825562,-0.08709768205881119,0.22071345150470734,0.46135446429252625,-0.0931115671992302,0.21807993948459625,0.3964653015136719,-0.08914168179035187
69,0.777534008026123,0.7914392948150635,-2.448894633744203e-07,0.6965329647064209,0.7791110277175903,-0.023133551701903343,0.6169154644012451,0.6913172006607056,-0.0308130644261837,0.5730097889900208,0.6177542209625244,-0.041196469217538834,0.5333659648895264,0.5636188387870789,-0.050326112657785416,0.6402575373649597,0.568638026714325,-0.013270658440887928,0.6012411117553711,0.4555063843727112,-0.038233596831560135,0.5818888545036316,0.3858233094215393,-0.04937246814370155,0.5644514560699463,0.32199496030807495,-0.05621091648936272,0.6844866871833801,0.5534456372261047,-0.01868981309235096,0.6522709131240845,0.5086786150932312,-0.07900569587945938,0.6668022871017456,0.6029061079025269,-0.09127284586429596,0.6839161515235901,0.6732642650604248,-0.08149168640375137,0.7282360792160034,0.5536579489707947,-0.028253402560949326,0.6986278295516968,0.5183714032173157,-0.0870993435382843,0.709799587726593,0.617212176322937,-0.08091649413108826,0.7191146612167358,0.6822461485862732,-0.056729868054389954,0.7724446654319763,0.5614035725593567,-0.03956519067287445,0.7569429874420166,0.4874914884567261,-0.07618314027786255,0.7487460374832153,0.44601088762283325,-0.07864423841238022,0.7395040392875671,0.39775073528289795,-0.07027945667505264,0.2518286108970642,0.8500324487686157,-2.0453526872188377e-07,0.33337175846099854,0.8216988444328308,-0.025004534050822258,0.40566807985305786,0.7287881374359131,-0.03414951637387276,0.448426216840744,0.6518840789794922,-0.04657118767499924,0.4771260619163513,0.5889036655426025,-0.05791978910565376,0.3613610863685608,0.592812716960907,-0.014955407939851284,0.3915709853172302,0.48014700412750244,-0.03906995430588722,0.4087570607662201,0.4116416573524475,-0.0490836501121521,0.42599523067474365,0.35175466537475586,-0.05426187068223953,0.316742479801178,0.584590494632721,-0.02237698622047901,0.3558354675769806,0.54217928647995,-0.08491511642932892,0.35809504985809326,0.6348071098327637,-0.1063779816031456,0.3532309830188751,0.7081953883171082,-0.10303480178117752,0.27228593826293945,0.5936907529830933,-0.03333922475576401,0.3013204038143158,0.5614312887191772,-0.09627439826726913,0.31266114115715027,0.6627376675605774,-0.10041777044534683,0.31577935814857483,0.7338894605636597,-0.08264225721359253,0.2306893914937973,0.6110740303993225,-0.0456983745098114,0.2215474545955658,0.5159114003181458,-0.08275547623634338,0.21852430701255798,0.4551883935928345,-0.08881399780511856,0.21664607524871826,0.39143213629722595,-0.08397434651851654
70,0.7791667580604553,0.7848860025405884,-2.419810130049882e-07,0.6974220275878906,0.7707363367080688,-0.025643574073910713,0.6178734302520752,0.6790723204612732,-0.033533137291669846,0.5732696056365967,0.6026737689971924,-0.043004173785448074,0.5325148105621338,0.5474376082420349,-0.05086122825741768,0.6439854502677917,0.5543935298919678,-0.018299579620361328,0.6060085296630859,0.439538836479187,-0.04390481859445572,0.5858842730522156,0.36998263001441956,-0.05467401072382927,0.5682762861251831,0.30566704273223877,-0.06165514513850212,0.6910848021507263,0.5417287945747375,-0.022538788616657257,0.6628298759460449,0.49522390961647034,-0.08480972796678543,0.6771355867385864,0.5890997648239136,-0.09668287634849548,0.693513035774231,0.6601848602294922,-0.08631700277328491,0.7382348775863647,0.5461025238037109,-0.030986743047833443,0.7147184014320374,0.5138639807701111,-0.0920112207531929,0.7242021560668945,0.6104922294616699,-0.08613263070583344,0.7298070788383484,0.6730802059173584,-0.061807915568351746,0.7843111157417297,0.5565482974052429,-0.04119572788476944,0.7725244164466858,0.48134544491767883,-0.0811348631978035,0.7640406489372253,0.4367521405220032,-0.0854635089635849,0.7523064613342285,0.3843896985054016,-0.07802633941173553,0.24516049027442932,0.8518131375312805,-2.1422289364636526e-07,0.3289419412612915,0.8183931112289429,-0.025736745446920395,0.4029904305934906,0.7234992384910583,-0.035678617656230927,0.4463632106781006,0.6460585594177246,-0.04824847728013992,0.47700613737106323,0.5843841433525085,-0.05977392569184303,0.35724663734436035,0.5821079611778259,-0.01998545043170452,0.3887023329734802,0.46665114164352417,-0.044983260333538055,0.40393105149269104,0.395977646112442,-0.0558219850063324,0.41820254921913147,0.3315412104129791,-0.061988141387701035,0.3103349506855011,0.5763128399848938,-0.02780086360871792,0.3453978896141052,0.5282862186431885,-0.09113375097513199,0.3508351147174835,0.6231067776679993,-0.11305036395788193,0.34945231676101685,0.6967619061470032,-0.11076569557189941,0.2634100019931793,0.5895062685012817,-0.03889073058962822,0.29100507497787476,0.5520610809326172,-0.10327354073524475,0.30554452538490295,0.657429039478302,-0.10779265314340591,0.3113466501235962,0.7316317558288574,-0.09074847400188446,0.21917539834976196,0.6113837361335754,-0.05132407322525978,0.20858007669448853,0.5132926106452942,-0.09030946344137192,0.20278438925743103,0.4478759765625,-0.09767873585224152,0.19789975881576538,0.37791967391967773,-0.09426763653755188
71,0.7822107672691345,0.7849851250648499,-2.640084062477399e-07,0.6991264820098877,0.7682956457138062,-0.02593948133289814,0.6195051670074463,0.6773725748062134,-0.034667905420064926,0.5748833417892456,0.6018799543380737,-0.045739203691482544,0.5349090695381165,0.5435331463813782,-0.05500447750091553,0.6430656909942627,0.5510632991790771,-0.01527396310120821,0.6048465967178345,0.43613412976264954,-0.04094172269105911,0.5836738348007202,0.3671905994415283,-0.051891326904296875,0.5654930472373962,0.30211514234542847,-0.05877278745174408,0.6893857717514038,0.5373752117156982,-0.019670603796839714,0.6579684019088745,0.49183082580566406,-0.08140774071216583,0.6730009317398071,0.5870079398155212,-0.09359309077262878,0.6909237504005432,0.657134473323822,-0.08355454355478287,0.7352818250656128,0.5397923588752747,-0.02849668264389038,0.7072535157203674,0.5057513117790222,-0.0892663523554802,0.7185552716255188,0.6072127819061279,-0.0823400542140007,0.7274174690246582,0.6728605031967163,-0.05714195966720581,0.7810503244400024,0.5488362908363342,-0.03930223360657692,0.7681742906570435,0.4718165993690491,-0.07723303884267807,0.7602688074111938,0.4293544888496399,-0.07938060909509659,0.7497580051422119,0.38065123558044434,-0.07054809480905533,0.24570989608764648,0.8419818878173828,-2.2938772303859878e-07,0.33157119154930115,0.8058362007141113,-0.022083809599280357,0.40406888723373413,0.7129989266395569,-0.030294928699731827,0.4470958411693573,0.6366540193557739,-0.04173934459686279,0.47898685932159424,0.5759289860725403,-0.052123263478279114,0.35887864232063293,0.5757383704185486,-0.01537876483052969,0.38811177015304565,0.45773279666900635,-0.038218721747398376,0.4052693545818329,0.3865981698036194,-0.047540176659822464,0.4206549823284149,0.32280728220939636,-0.05231683328747749,0.3142191469669342,0.5695310235023499,-0.02344476245343685,0.3471078872680664,0.5178422927856445,-0.0831604078412056,0.35134536027908325,0.6078078150749207,-0.1033979058265686,0.3465546667575836,0.6784519553184509,-0.10021856427192688,0.2698504626750946,0.5799866914749146,-0.034402113407850266,0.292982280254364,0.5370043516159058,-0.09438996762037277,0.30665096640586853,0.6388640999794006,-0.09739542752504349,0.3103412687778473,0.7091126441955566,-0.08006858825683594,0.22797463834285736,0.5984602570533752,-0.04654612019658089,0.2136087268590927,0.4992949962615967,-0.08122748881578445,0.20945021510124207,0.4371168613433838,-0.0860712081193924,0.20612052083015442,0.3689972460269928,-0.08120724558830261
72,0.7804966568946838,0.7903612852096558,-2.977280928462278e-07,0.695510983467102,0.7745689153671265,-0.0216990914195776,0.6189427971839905,0.6890190243721008,-0.029356801882386208,0.5738868713378906,0.6140170693397522,-0.0399184450507164,0.5334551334381104,0.5637319684028625,-0.049143727868795395,0.6382642388343811,0.5688844919204712,-0.012467936612665653,0.6008470058441162,0.4571220576763153,-0.03613218292593956,0.580793559551239,0.3914753496646881,-0.04517480731010437,0.5627637505531311,0.32903552055358887,-0.05057612061500549,0.6831840872764587,0.5527192950248718,-0.017793653532862663,0.6519558429718018,0.5151261687278748,-0.07457056641578674,0.6648567318916321,0.6078643202781677,-0.08476196974515915,0.6784021258354187,0.6762422323226929,-0.07538343220949173,0.7278499603271484,0.5521613955497742,-0.026954540982842445,0.697084903717041,0.522655725479126,-0.08502145111560822,0.7089036703109741,0.6196709275245667,-0.07832582294940948,0.7172821760177612,0.6829383373260498,-0.05483134463429451,0.7728042602539062,0.5593582987785339,-0.03745097294449806,0.7617823481559753,0.48775309324264526,-0.07234377413988113,0.7552472949028015,0.44576120376586914,-0.07332099229097366,0.7441399693489075,0.3966332674026489,-0.0646706148982048,0.2569429278373718,0.8367841839790344,-2.502623033251439e-07,0.3430560231208801,0.799791693687439,-0.02192559838294983,0.4122649133205414,0.7125386595726013,-0.03144359961152077,0.4527773857116699,0.6387579441070557,-0.04474041238427162,0.4840593934059143,0.5775952339172363,-0.05749715492129326,0.3679947853088379,0.5780721306800842,-0.01611425168812275,0.3960498571395874,0.4680747389793396,-0.041557952761650085,0.4125435948371887,0.3983812630176544,-0.05262052267789841,0.4272526800632477,0.3369901180267334,-0.05814651772379875,0.32510244846343994,0.5711962580680847,-0.025229422375559807,0.359067440032959,0.5228927135467529,-0.08684717863798141,0.3623148798942566,0.6103816032409668,-0.10829275101423264,0.35694682598114014,0.6787012815475464,-0.10575439035892487,0.2808934450149536,0.5820368528366089,-0.03739079460501671,0.3044796288013458,0.5477312803268433,-0.10115809738636017,0.3158358633518219,0.6489936709403992,-0.10572855919599533,0.318666011095047,0.7171036601066589,-0.08852946758270264,0.23915615677833557,0.6012340188026428,-0.050445958971977234,0.2246813178062439,0.5039035081863403,-0.08782975375652313,0.22117164731025696,0.4421566426753998,-0.0931922048330307,0.21882322430610657,0.37574443221092224,-0.088254414498806
73,0.7762333154678345,0.7842056751251221,-2.3751918831749208e-07,0.6912501454353333,0.769868016242981,-0.02161109820008278,0.6167693138122559,0.6897388100624084,-0.029717709869146347,0.5722731351852417,0.6181125044822693,-0.03993785381317139,0.5326489210128784,0.566038966178894,-0.04856936261057854,0.6359285712242126,0.5780561566352844,-0.015034962445497513,0.5985583662986755,0.4654771089553833,-0.03720717877149582,0.5775563716888428,0.4022226333618164,-0.045601729303598404,0.5588135719299316,0.342623233795166,-0.0505986250936985,0.6765367388725281,0.5642390251159668,-0.01829921454191208,0.6459808945655823,0.5240172147750854,-0.070771224796772,0.6587667465209961,0.6112046837806702,-0.07911527156829834,0.6735647916793823,0.6754582524299622,-0.06950261443853378,0.7169058322906494,0.5631936192512512,-0.02492866851389408,0.6858514547348022,0.5252099633216858,-0.07482841610908508,0.6985803842544556,0.6142210960388184,-0.0655418336391449,0.7090436816215515,0.6720219850540161,-0.04273475706577301,0.7579242587089539,0.5700947642326355,-0.033363666385412216,0.7461125254631042,0.5015243291854858,-0.06337063759565353,0.7379618883132935,0.461042582988739,-0.0633653849363327,0.7275233864784241,0.4131302535533905,-0.05489683151245117,0.2667699456214905,0.824721097946167,-2.3195791243324493e-07,0.3490118682384491,0.7904396057128906,-0.0201003048568964,0.4148930311203003,0.703410804271698,-0.02736932598054409,0.4515101909637451,0.6318990588188171,-0.03781140223145485,0.48090437054634094,0.5743387937545776,-0.047626152634620667,0.37228327989578247,0.5782202482223511,-0.01532265730202198,0.39952829480171204,0.46886950731277466,-0.03645963594317436,0.41667377948760986,0.40383341908454895,-0.04417487606406212,0.43168023228645325,0.347098171710968,-0.047713495790958405,0.3314872980117798,0.571524977684021,-0.023180639371275902,0.36606737971305847,0.5223234295845032,-0.0778713971376419,0.36960282921791077,0.6056010723114014,-0.0958167314529419,0.3632511794567108,0.6703433394432068,-0.09246405214071274,0.289856493473053,0.5810837745666504,-0.033724840730428696,0.3160409927368164,0.5456462502479553,-0.09119278192520142,0.3278946876525879,0.6408112049102783,-0.09525477886199951,0.3297848701477051,0.7035449743270874,-0.07982275635004044,0.24953702092170715,0.5982595682144165,-0.04494582489132881,0.23709768056869507,0.50456702709198,-0.07874411344528198,0.23420438170433044,0.4476574659347534,-0.08382091671228409,0.2318560630083084,0.3863000273704529,-0.07977740466594696
74,0.7666108012199402,0.7631959319114685,-1.4400440306872042e-07,0.6831515431404114,0.7495772838592529,-0.022616395726799965,0.6112239956855774,0.6764720678329468,-0.03043442592024803,0.5678184628486633,0.6100031137466431,-0.040213149040937424,0.531603217124939,0.559378981590271,-0.048126786947250366,0.63032066822052,0.5661668181419373,-0.008831802755594254,0.5912598967552185,0.4624497890472412,-0.02990489825606346,0.5714473724365234,0.4035290479660034,-0.03834022209048271,0.5546010136604309,0.3479570150375366,-0.04271121695637703,0.667990505695343,0.5544167160987854,-0.010753112845122814,0.6381613612174988,0.5057715177536011,-0.06215554103255272,0.6475768685340881,0.5865782499313354,-0.07188450545072556,0.662327229976654,0.6490925550460815,-0.06220622360706329,0.7043642997741699,0.552811861038208,-0.01673901081085205,0.6740438342094421,0.5113427639007568,-0.06573612242937088,0.6831544041633606,0.5977290868759155,-0.059548839926719666,0.69287109375,0.6545336246490479,-0.037905652076005936,0.7418349981307983,0.5582990646362305,-0.02459419146180153,0.7300586700439453,0.4938575029373169,-0.053186286240816116,0.7222169041633606,0.4568725824356079,-0.054577767848968506,0.7136091589927673,0.41182422637939453,-0.04681919142603874,0.2725527584552765,0.8010188341140747,-1.754659564312533e-07,0.35094043612480164,0.7696088552474976,-0.019913218915462494,0.41531288623809814,0.6897146701812744,-0.027274683117866516,0.45286017656326294,0.6190972328186035,-0.03758754953742027,0.4795060157775879,0.5597416162490845,-0.04704223573207855,0.3756182789802551,0.5731275081634521,-0.014378577470779419,0.40062522888183594,0.4645077586174011,-0.03517135605216026,0.4168015122413635,0.40207070112228394,-0.04374314472079277,0.4303646981716156,0.34510472416877747,-0.04786285012960434,0.3383496403694153,0.5678988099098206,-0.02099457010626793,0.3657539486885071,0.5160948038101196,-0.0733552873134613,0.3734983503818512,0.5901513695716858,-0.09166602790355682,0.37104183435440063,0.646355390548706,-0.08983165770769119,0.3004848062992096,0.5747581720352173,-0.030178047716617584,0.32056573033332825,0.5270348191261292,-0.08274855464696884,0.3346575200557709,0.6152827739715576,-0.08545402437448502,0.33831050992012024,0.6756933927536011,-0.07072240859270096,0.263276606798172,0.5870926380157471,-0.04046115651726723,0.25225672125816345,0.49714750051498413,-0.07043440639972687,0.2522265911102295,0.44156065583229065,-0.0745355486869812,0.2522778809070587,0.3809622526168823,-0.07047928124666214
75,0.7527828216552734,0.7375806570053101,-1.2822822270663892e-07,0.675297200679779,0.7263415455818176,-0.022241218015551567,0.6061887741088867,0.6587069630622864,-0.031011559069156647,0.5631125569343567,0.5959914922714233,-0.04144025593996048,0.526388943195343,0.5463245511054993,-0.05026020482182503,0.6225631237030029,0.5524561405181885,-0.011814502067863941,0.5841007232666016,0.45212656259536743,-0.033629950135946274,0.5640674233436584,0.39319533109664917,-0.043202947825193405,0.5469827651977539,0.3384021520614624,-0.04846659675240517,0.6587640643119812,0.539508581161499,-0.013592123985290527,0.6303777694702148,0.49352800846099854,-0.0642952099442482,0.6414029598236084,0.5715124011039734,-0.07453367859125137,0.6558581590652466,0.6310296058654785,-0.0657603070139885,0.6942145228385925,0.5365968942642212,-0.0188986174762249,0.6661176085472107,0.49779021739959717,-0.0665230005979538,0.6764267683029175,0.5816754102706909,-0.059604667127132416,0.68543541431427,0.6372547745704651,-0.03805302083492279,0.7306492924690247,0.541275680065155,-0.0260296743363142,0.7151904106140137,0.48000389337539673,-0.05448175221681595,0.7073279619216919,0.4433511197566986,-0.055124737322330475,0.6989089846611023,0.3985162377357483,-0.04679478704929352,0.2789139747619629,0.7858863472938538,-1.2892408562947821e-07,0.3529246747493744,0.7571641206741333,-0.020514825358986855,0.4140772819519043,0.6828466057777405,-0.028325166553258896,0.45358890295028687,0.617098331451416,-0.03896552324295044,0.48230597376823425,0.560409665107727,-0.0486539863049984,0.37816083431243896,0.5654589533805847,-0.011432476341724396,0.40350157022476196,0.4621361494064331,-0.03015311248600483,0.4190213084220886,0.40225255489349365,-0.037925466895103455,0.4325997233390808,0.3472413718700409,-0.04178864508867264,0.3440473973751068,0.5592265725135803,-0.017427828162908554,0.3691335618495941,0.5071869492530823,-0.06588590145111084,0.3786027431488037,0.5729038715362549,-0.08426152914762497,0.3780566453933716,0.625633180141449,-0.08352866023778915,0.30824029445648193,0.5645799040794373,-0.02617010474205017,0.32970482110977173,0.5150588154792786,-0.07510680705308914,0.34439897537231445,0.596680223941803,-0.07939104735851288,0.3481579124927521,0.6557998657226562,-0.06692054867744446,0.2721989154815674,0.5749112963676453,-0.03614574670791626,0.2621191740036011,0.48692893981933594,-0.06379866600036621,0.2624569535255432,0.4325019419193268,-0.0685400441288948,0.26309898495674133,0.3759125769138336,-0.0655786320567131
76,0.7486140727996826,0.7286416292190552,-1.5092246030690148e-07,0.6733802556991577,0.7210012674331665,-0.018314849585294724,0.6036859154701233,0.6509326696395874,-0.024960363283753395,0.5664200782775879,0.5837428569793701,-0.03363361209630966,0.5330794453620911,0.5349235534667969,-0.04098096862435341,0.6251911520957947,0.5420284271240234,-0.011966073885560036,0.5896320343017578,0.44190841913223267,-0.03350655362010002,0.5718035697937012,0.3831290006637573,-0.043946895748376846,0.555560290813446,0.32909873127937317,-0.05084541440010071,0.6621347069740295,0.5303608775138855,-0.01700575277209282,0.6342596411705017,0.4759777784347534,-0.06834375113248825,0.6415392160415649,0.5530400276184082,-0.07985647022724152,0.651877224445343,0.6136717200279236,-0.07261767983436584,0.6981608867645264,0.529634952545166,-0.025002773851156235,0.6709316372871399,0.48430758714675903,-0.07233481854200363,0.6768035292625427,0.5672972798347473,-0.06608886271715164,0.6829236149787903,0.6245368123054504,-0.04596292972564697,0.7342389822006226,0.5355935096740723,-0.03455694764852524,0.7194435000419617,0.46946749091148376,-0.0648907870054245,0.7099393010139465,0.43061840534210205,-0.06697910279035568,0.69986492395401,0.3853093683719635,-0.060248423367738724,0.2809608578681946,0.7810355424880981,-1.1917965991870005e-07,0.3543412685394287,0.7537288665771484,-0.023651203140616417,0.4152480959892273,0.6794118881225586,-0.03217432275414467,0.45159637928009033,0.6120602488517761,-0.04220598563551903,0.4784855246543884,0.5556501150131226,-0.0512557253241539,0.3801632821559906,0.5641612410545349,-0.015321433544158936,0.4038093090057373,0.461514413356781,-0.03309010714292526,0.4173113703727722,0.40161898732185364,-0.040138691663742065,0.4295215904712677,0.3465350568294525,-0.04364829882979393,0.345135897397995,0.5581204891204834,-0.019283557310700417,0.3676106035709381,0.504105806350708,-0.06614498794078827,0.37740612030029297,0.5704360008239746,-0.08394845575094223,0.37827014923095703,0.6264778971672058,-0.08296366035938263,0.30876103043556213,0.5638635754585266,-0.02590242773294449,0.32850655913352966,0.5177789926528931,-0.0730384960770607,0.3433936536312103,0.5969058275222778,-0.07775363326072693,0.3479312062263489,0.6552169322967529,-0.06602619588375092,0.2722932994365692,0.5747417211532593,-0.03389550372958183,0.26199692487716675,0.48812371492385864,-0.06015539914369583,0.26127833127975464,0.43529075384140015,-0.06463781744241714,0.2601524293422699,0.38041651248931885,-0.06178692728281021
77,0.7485598921775818,0.7416025400161743,-2.2816182365659188e-07,0.6763719320297241,0.7287988066673279,-0.01793409325182438,0.60616135597229,0.6564947962760925,-0.02536970004439354,0.5690903067588806,0.5908848643302917,-0.035261668264865875,0.5365710854530334,0.5411383509635925,-0.04450935125350952,0.6295400261878967,0.5450851917266846,-0.014928617514669895,0.5936183333396912,0.4457993805408478,-0.038999006152153015,0.5737059116363525,0.38401734828948975,-0.051891256123781204,0.5544654726982117,0.3289716839790344,-0.06063726544380188,0.6676936149597168,0.5333014726638794,-0.020335786044597626,0.639150083065033,0.4921172857284546,-0.07166925072669983,0.648207426071167,0.5748990774154663,-0.08229206502437592,0.6599955558776855,0.6355149745941162,-0.07540266960859299,0.7053247094154358,0.5346513986587524,-0.02878621406853199,0.6774020791053772,0.4900514781475067,-0.07668095827102661,0.6840432286262512,0.5728633403778076,-0.06831306219100952,0.6919518709182739,0.6302140951156616,-0.04710264131426811,0.7441378831863403,0.5440443158149719,-0.038846567273139954,0.7311350107192993,0.4743485450744629,-0.0710534080862999,0.7239660024642944,0.4350053668022156,-0.07281319797039032,0.7182620167732239,0.39040619134902954,-0.06537825614213943,0.2662956118583679,0.7938039898872375,-1.6795009116776782e-07,0.34051889181137085,0.7690281271934509,-0.022254839539527893,0.4035426378250122,0.6902393102645874,-0.029964637011289597,0.4438195824623108,0.6251617670059204,-0.03937862440943718,0.4733996093273163,0.5754440426826477,-0.048400405794382095,0.3669517934322357,0.5686255097389221,-0.017718477174639702,0.39301028847694397,0.4659361243247986,-0.0373847670853138,0.40791448950767517,0.40507328510284424,-0.04601963981986046,0.4204413592815399,0.3509853482246399,-0.050840720534324646,0.32866379618644714,0.5643706917762756,-0.02378283068537712,0.3543294072151184,0.5124521255493164,-0.07305789738893509,0.36118078231811523,0.5868304371833801,-0.09107272326946259,0.361018568277359,0.647198498249054,-0.0899384543299675,0.28895097970962524,0.5735502243041992,-0.032428938895463943,0.3103131353855133,0.5353195071220398,-0.08345132321119308,0.3218727111816406,0.6187716126441956,-0.08799409866333008,0.3247063457965851,0.6788995862007141,-0.07517238706350327,0.2502709627151489,0.5882484912872314,-0.04214049503207207,0.24166515469551086,0.4965445399284363,-0.07280681282281876,0.24089843034744263,0.4390685558319092,-0.0779668390750885,0.24061310291290283,0.37979477643966675,-0.07493121176958084
78,0.7589951753616333,0.7608862519264221,-2.2550938183485414e-07,0.6834779381752014,0.748479962348938,-0.02073334902524948,0.6105542182922363,0.670005738735199,-0.028511136770248413,0.5711711645126343,0.6008198857307434,-0.037477485835552216,0.5330561399459839,0.5533344745635986,-0.045033425092697144,0.6365185976028442,0.5541463494300842,-0.018886925652623177,0.5952138304710388,0.45289477705955505,-0.04212988540530205,0.5748869776725769,0.39088186621665955,-0.05364120379090309,0.5555818676948547,0.33378279209136963,-0.06248224526643753,0.6788439750671387,0.5398381948471069,-0.023465855047106743,0.6493299007415771,0.5027469992637634,-0.07778111100196838,0.6616367697715759,0.589582622051239,-0.0888209119439125,0.6746560335159302,0.6562110781669617,-0.08175907284021378,0.7208783030509949,0.5424464344978333,-0.03125666826963425,0.69547438621521,0.5103883147239685,-0.0827835276722908,0.6992900967597961,0.5982614159584045,-0.0768594816327095,0.7015575170516968,0.6589432954788208,-0.05696547031402588,0.7609349489212036,0.5553386211395264,-0.040700871497392654,0.7584227919578552,0.49212557077407837,-0.07876068353652954,0.7585717439651489,0.45039302110671997,-0.08618074655532837,0.7568691968917847,0.40150314569473267,-0.08252272009849548,0.24296516180038452,0.8125125169754028,-2.1255026183553127e-07,0.31806284189224243,0.7907124757766724,-0.02439933829009533,0.38587191700935364,0.7035647630691528,-0.031930457800626755,0.43107354640960693,0.6323445439338684,-0.04048851504921913,0.45706698298454285,0.5757591724395752,-0.04880453646183014,0.34691381454467773,0.5719767212867737,-0.022683463990688324,0.3749687671661377,0.4687896966934204,-0.04370122775435448,0.39059996604919434,0.4043124318122864,-0.05211881548166275,0.4040049910545349,0.34687530994415283,-0.05676785856485367,0.3042789697647095,0.5644813776016235,-0.028040649369359016,0.33775794506073,0.5203123092651367,-0.08078864961862564,0.3403087556362152,0.6085124015808105,-0.09800848364830017,0.3349750339984894,0.6752301454544067,-0.09508738666772842,0.25976866483688354,0.5736516118049622,-0.036070216447114944,0.2848564088344574,0.5400016903877258,-0.09164012223482132,0.2978469431400299,0.6362071633338928,-0.09590555727481842,0.3018214702606201,0.7029885649681091,-0.08150668442249298,0.21643811464309692,0.5917574167251587,-0.04504784569144249,0.20679119229316711,0.4973636269569397,-0.07936292141675949,0.20113645493984222,0.4399389922618866,-0.08576757460832596,0.1971169412136078,0.37825465202331543,-0.08292549848556519
79,0.7668192386627197,0.777127742767334,-2.414384709936712e-07,0.6854482889175415,0.7637174725532532,-0.025660334154963493,0.6090176105499268,0.6782734990119934,-0.03350816294550896,0.5665600299835205,0.6073254346847534,-0.04123537614941597,0.5235723853111267,0.5613992810249329,-0.047688525170087814,0.6368260979652405,0.5531873106956482,-0.022498350590467453,0.5951938629150391,0.45506927371025085,-0.0434720441699028,0.5737017393112183,0.3928038477897644,-0.0531911738216877,0.552562952041626,0.3337690234184265,-0.06127457693219185,0.6843043565750122,0.5357136726379395,-0.024288006126880646,0.6556063890457153,0.5138996839523315,-0.0762520283460617,0.6649821400642395,0.6073694229125977,-0.08661871403455734,0.6751865744590759,0.6775211691856384,-0.0797608345746994,0.7301018834114075,0.5413904190063477,-0.029741840437054634,0.7058123350143433,0.5330630540847778,-0.0835505947470665,0.7061712145805359,0.6266631484031677,-0.08223333209753036,0.7046985030174255,0.6883658766746521,-0.0651199147105217,0.7726138234138489,0.5583780407905579,-0.036692794412374496,0.771449863910675,0.5019395351409912,-0.07669343799352646,0.7795386910438538,0.4647565484046936,-0.0868033617734909,0.7854423522949219,0.41842538118362427,-0.08497772365808487,0.2275650054216385,0.8370530605316162,-2.7050344897361356e-07,0.30722835659980774,0.8099524974822998,-0.02685641497373581,0.37809479236602783,0.7177023887634277,-0.035683050751686096,0.4210454821586609,0.6430931091308594,-0.04597153887152672,0.44682401418685913,0.5835282206535339,-0.055390920490026474,0.33370164036750793,0.5839020013809204,-0.02221987582743168,0.3645801246166229,0.48088017106056213,-0.0462438203394413,0.3790969252586365,0.41514307260513306,-0.05744575336575508,0.3913726806640625,0.35462063550949097,-0.06450813263654709,0.28825944662094116,0.5757681131362915,-0.027500197291374207,0.3234480917453766,0.53659588098526,-0.0865911915898323,0.32456856966018677,0.6324671506881714,-0.10644607990980148,0.3195861279964447,0.7042802572250366,-0.10393494367599487,0.24258574843406677,0.5879443287849426,-0.03603494539856911,0.2706473767757416,0.5590964555740356,-0.09697966277599335,0.28229790925979614,0.6609001159667969,-0.10094864666461945,0.2862069308757782,0.7312989830970764,-0.08481505513191223,0.20070630311965942,0.6100971102714539,-0.04600630700588226,0.19087514281272888,0.5184152126312256,-0.08526723086833954,0.18308605253696442,0.4577220678329468,-0.0938047245144844,0.17793498933315277,0.39165863394737244,-0.09138024598360062
80,0.7630444765090942,0.771237313747406,-2.3776040336542792e-07,0.6822839379310608,0.7534646391868591,-0.023308778181672096,0.608812689781189,0.6753701567649841,-0.03292190283536911,0.5655847787857056,0.6068938374519348,-0.04351228103041649,0.5215694904327393,0.5631955862045288,-0.052311789244413376,0.6312089562416077,0.5617313385009766,-0.022600390017032623,0.5898362398147583,0.45861920714378357,-0.04596474766731262,0.5676488280296326,0.39800769090652466,-0.05511178448796272,0.5484641790390015,0.33948516845703125,-0.06192655861377716,0.6768124103546143,0.5470485687255859,-0.026056235656142235,0.6479648351669312,0.5181478261947632,-0.07934609800577164,0.6567916870117188,0.6084428429603577,-0.08724413812160492,0.6693070530891418,0.673040509223938,-0.07871395349502563,0.7206950783729553,0.5512900352478027,-0.03305904194712639,0.6976081728935242,0.5281857252120972,-0.0858781486749649,0.702094316482544,0.6181914806365967,-0.0789610967040062,0.706169605255127,0.6760592460632324,-0.058697812259197235,0.7629458904266357,0.5655356049537659,-0.04172474518418312,0.7638006806373596,0.5061126351356506,-0.07837169617414474,0.7676340937614441,0.46849706768989563,-0.08389276266098022,0.7692757844924927,0.4228903651237488,-0.07942548394203186,0.23651918768882751,0.8268593549728394,-2.6007714382103586e-07,0.31473687291145325,0.79331374168396,-0.022984206676483154,0.37973248958587646,0.708462655544281,-0.0321543924510479,0.41767722368240356,0.6400975584983826,-0.043412018567323685,0.4433278441429138,0.5834983587265015,-0.05390429124236107,0.33674824237823486,0.5806626677513123,-0.019945628941059113,0.3657741844654083,0.47812870144844055,-0.042379334568977356,0.37838560342788696,0.41545188426971436,-0.05097390338778496,0.3903472423553467,0.3596087098121643,-0.055109862238168716,0.2943744957447052,0.5726827383041382,-0.02595030516386032,0.3287220895290375,0.5315312147140503,-0.08196855336427689,0.3283310532569885,0.6195585131645203,-0.09952175617218018,0.32234862446784973,0.6873382329940796,-0.09562533348798752,0.2519082725048065,0.5839278697967529,-0.03465777263045311,0.27750295400619507,0.5536725521087646,-0.09174925833940506,0.2872281074523926,0.649080216884613,-0.09433404356241226,0.2903984487056732,0.7127362489700317,-0.0779559314250946,0.21255889534950256,0.6054016947746277,-0.044410400092601776,0.19863972067832947,0.516051709651947,-0.07778842747211456,0.19419975578784943,0.46031785011291504,-0.08249446749687195,0.19204673171043396,0.40025585889816284,-0.07805692404508591
81,0.753560483455658,0.7386665940284729,-9.806494460917747e-08,0.6733859777450562,0.7214595079421997,-0.023201968520879745,0.6031051278114319,0.6528452634811401,-0.03442477807402611,0.5625013113021851,0.5883157253265381,-0.04707783833146095,0.5261238813400269,0.5365170836448669,-0.0577574223279953,0.622614324092865,0.5426338911056519,-0.016963791102170944,0.5847351551055908,0.44420337677001953,-0.04106075316667557,0.5648007988929749,0.38563305139541626,-0.05195746570825577,0.5479190349578857,0.32933735847473145,-0.05907081440091133,0.6640974879264832,0.5318089723587036,-0.020067930221557617,0.6346367597579956,0.48840492963790894,-0.07373768091201782,0.6431924104690552,0.570632815361023,-0.08432895690202713,0.6566423773765564,0.6313328742980957,-0.07650165259838104,0.7049038410186768,0.5336466431617737,-0.026805231347680092,0.677347719669342,0.4908095598220825,-0.0785318911075592,0.6825323104858398,0.5769283771514893,-0.07148201018571854,0.6892145276069641,0.6341296434402466,-0.04998880997300148,0.7466195821762085,0.5443816781044006,-0.03524177521467209,0.7427170872688293,0.48290011286735535,-0.06961718946695328,0.7446706295013428,0.4459041953086853,-0.07293450087308884,0.7450482845306396,0.4000455141067505,-0.0660252645611763,0.2530903220176697,0.7832934856414795,-1.6848564143856493e-07,0.32674145698547363,0.7568261027336121,-0.023184072226285934,0.388004869222641,0.6834273338317871,-0.03300919756293297,0.4260097146034241,0.6193099617958069,-0.0442885085940361,0.44791853427886963,0.56341952085495,-0.05506288632750511,0.352861225605011,0.5600774884223938,-0.020446740090847015,0.3777289390563965,0.4632735848426819,-0.04124480485916138,0.3883931040763855,0.40386462211608887,-0.04953678324818611,0.3977820873260498,0.3490518629550934,-0.05342111364006996,0.3127981424331665,0.554696798324585,-0.02530365064740181,0.3385286331176758,0.5064595341682434,-0.07716039568185806,0.3390587866306305,0.5839375853538513,-0.09399765729904175,0.3340025544166565,0.6428642272949219,-0.09107916057109833,0.2702513337135315,0.5636036992073059,-0.03257324919104576,0.2894490659236908,0.5237507820129395,-0.08594951033592224,0.30036890506744385,0.6084411144256592,-0.08887190371751785,0.30419737100601196,0.6663330793380737,-0.07407214492559433,0.22927719354629517,0.5782707333564758,-0.040841251611709595,0.21822679042816162,0.49096596240997314,-0.07141676545143127,0.21630078554153442,0.43723106384277344,-0.0752239003777504,0.2158900499343872,0.38024142384529114,-0.07085026800632477
82,0.7473171353340149,0.7176061272621155,-8.479748458967151e-08,0.669491708278656,0.7074325084686279,-0.023300789296627045,0.6020320057868958,0.6394634246826172,-0.03342664614319801,0.5623972415924072,0.575961709022522,-0.044291649013757706,0.5261154770851135,0.5261754393577576,-0.05327841266989708,0.6238921284675598,0.5321158170700073,-0.016605578362941742,0.5862560868263245,0.43612903356552124,-0.038197483867406845,0.5663854479789734,0.37854093313217163,-0.04792051389813423,0.5490480661392212,0.3252909183502197,-0.054587531834840775,0.6625539660453796,0.5189141631126404,-0.018978778272867203,0.6353476643562317,0.47029581665992737,-0.06994333863258362,0.6420271992683411,0.5451678037643433,-0.08124276250600815,0.652906596660614,0.6041994094848633,-0.07456839084625244,0.7007582187652588,0.51809161901474,-0.024731876328587532,0.6756445169448853,0.4745439291000366,-0.07258351892232895,0.6785271763801575,0.5559051632881165,-0.06746789813041687,0.6807923316955566,0.6118621826171875,-0.04882372170686722,0.7390010356903076,0.5258238315582275,-0.03226873651146889,0.7339004278182983,0.46520644426345825,-0.0642893835902214,0.7341971397399902,0.42720121145248413,-0.06863401085138321,0.7314566969871521,0.3808816373348236,-0.06364762037992477,0.2585267126560211,0.7645071744918823,-1.3920131891609344e-07,0.3293052315711975,0.7386866211891174,-0.023056840524077415,0.38834723830223083,0.6642959713935852,-0.03132389485836029,0.42593348026275635,0.5987887382507324,-0.04073019325733185,0.44854825735092163,0.543079674243927,-0.04931561276316643,0.3541468381881714,0.5474493503570557,-0.0176333487033844,0.377108633518219,0.4492243528366089,-0.036894574761390686,0.38878992199897766,0.39046764373779297,-0.04505917429924011,0.3996866047382355,0.33690375089645386,-0.04966512322425842,0.3171563148498535,0.5415547490119934,-0.021868973970413208,0.3412542939186096,0.48814862966537476,-0.07167993485927582,0.34561747312545776,0.5617491006851196,-0.08887404948472977,0.3429287374019623,0.6207940578460693,-0.08681850880384445,0.2789834141731262,0.5492643117904663,-0.02873537875711918,0.29620781540870667,0.5047181844711304,-0.07855228334665298,0.30930835008621216,0.5840877890586853,-0.08222092688083649,0.31385064125061035,0.6401293277740479,-0.06926318258047104,0.24166418612003326,0.562465250492096,-0.03684220463037491,0.23121951520442963,0.47714513540267944,-0.06637491285800934,0.22972436249256134,0.42434701323509216,-0.07189857959747314,0.22851696610450745,0.36755281686782837,-0.0693831592798233
83,0.7386109232902527,0.7181352376937866,-1.316674342888291e-07,0.6656709313392639,0.706963300704956,-0.020855728536844254,0.5995411276817322,0.6378418803215027,-0.029703447595238686,0.5611653923988342,0.5756456255912781,-0.0393947958946228,0.5251113772392273,0.530013382434845,-0.047798920422792435,0.6208434104919434,0.5321551561355591,-0.01815016381442547,0.5861092805862427,0.43751612305641174,-0.03952718526124954,0.5664980411529541,0.3825685679912567,-0.049009718000888824,0.5498587489128113,0.3310081958770752,-0.05546032264828682,0.6593719124794006,0.5220783352851868,-0.021459337323904037,0.6339789032936096,0.47511082887649536,-0.07115745544433594,0.6384924054145813,0.5526179671287537,-0.08196859061717987,0.6474658250808716,0.6110745668411255,-0.0756533071398735,0.6972028017044067,0.524511992931366,-0.027582865208387375,0.6752449870109558,0.48585256934165955,-0.07452631741762161,0.6759452223777771,0.5652949213981628,-0.06938442587852478,0.6771516799926758,0.6187205910682678,-0.051264647394418716,0.7345882654190063,0.5346217751502991,-0.035164374858140945,0.7278807759284973,0.47013601660728455,-0.0661190003156662,0.7269605398178101,0.4307916760444641,-0.06935868412256241,0.7249729037284851,0.3847824037075043,-0.06388188898563385,0.2585986256599426,0.7605854272842407,-1.6388688095503312e-07,0.32955920696258545,0.7356808185577393,-0.02235005423426628,0.38852035999298096,0.6648139357566833,-0.030492467805743217,0.4246376156806946,0.6019473671913147,-0.040150418877601624,0.4510456323623657,0.5496089458465576,-0.04885755479335785,0.3544256091117859,0.5519463419914246,-0.015114104375243187,0.3768138885498047,0.4552978277206421,-0.033258382230997086,0.38782504200935364,0.39696887135505676,-0.04082760587334633,0.3979194462299347,0.3445393443107605,-0.044996727257966995,0.31878775358200073,0.5441303253173828,-0.019309375435113907,0.34066450595855713,0.4952130615711212,-0.06693779677152634,0.34665510058403015,0.5657605528831482,-0.08418504893779755,0.3453957140445709,0.6241467595100403,-0.0827927365899086,0.28180307149887085,0.5488656163215637,-0.0260784775018692,0.29829737544059753,0.5037679672241211,-0.07271640747785568,0.31078335642814636,0.5819070339202881,-0.0756387710571289,0.31448274850845337,0.6380955576896667,-0.06305860728025436,0.2455432116985321,0.5597459673881531,-0.034269582480192184,0.23508915305137634,0.47642049193382263,-0.06114009767770767,0.23399776220321655,0.4250962734222412,-0.0654786005616188,0.23279140889644623,0.36912569403648376,-0.06250505894422531
84,0.7371135950088501,0.7342580556869507,-1.7783978023544478e-07,0.6637057662010193,0.7249534130096436,-0.021081112325191498,0.5964142680168152,0.6550121307373047,-0.029371226206421852,0.557677149772644,0.5920500755310059,-0.038434483110904694,0.5228654742240906,0.5466085076332092,-0.04611361026763916,0.615716814994812,0.5480430126190186,-0.0188014954328537,0.5793085098266602,0.45409563183784485,-0.04166829586029053,0.5597753524780273,0.3965951204299927,-0.05239017680287361,0.5420953631401062,0.34385818243026733,-0.05950470641255379,0.6539947390556335,0.5343545079231262,-0.021675195544958115,0.6266255974769592,0.49869391322135925,-0.07125686854124069,0.6335350871086121,0.579246461391449,-0.0803462341427803,0.6438658237457275,0.6393709182739258,-0.073031485080719,0.6920825839042664,0.5363055467605591,-0.02763247862458229,0.6677223443984985,0.5039061307907104,-0.07568514347076416,0.6716899871826172,0.5842362642288208,-0.06912784278392792,0.6768186092376709,0.6385293006896973,-0.049494996666908264,0.7298542857170105,0.5492990612983704,-0.03511643409729004,0.7252342700958252,0.48626598715782166,-0.06729347258806229,0.7237272262573242,0.44645270705223083,-0.07046452164649963,0.7218522429466248,0.40008026361465454,-0.0643715113401413,0.2558459937572479,0.7651833891868591,-1.5780932471898268e-07,0.32491543889045715,0.7417151927947998,-0.024228926748037338,0.3844871520996094,0.6702179312705994,-0.033266160637140274,0.4212430417537689,0.608368456363678,-0.0431709885597229,0.4478870630264282,0.5567542910575867,-0.05206281691789627,0.3508763313293457,0.5554777383804321,-0.01864629052579403,0.3729032874107361,0.4609849452972412,-0.03821221739053726,0.384370893239975,0.4034503102302551,-0.046221815049648285,0.39492642879486084,0.35243910551071167,-0.05040135607123375,0.31426888704299927,0.5487368702888489,-0.02261979505419731,0.33941563963890076,0.49966228008270264,-0.07168040424585342,0.3451135754585266,0.572726845741272,-0.08906441181898117,0.34361186623573303,0.6337696313858032,-0.08724283427000046,0.2760324776172638,0.5552182793617249,-0.029343433678150177,0.2946936786174774,0.5168434977531433,-0.07822776585817337,0.30691155791282654,0.5950602889060974,-0.08269341289997101,0.3107004761695862,0.6508097648620605,-0.07047673314809799,0.23854392766952515,0.5675416588783264,-0.03737492859363556,0.2281969040632248,0.483816921710968,-0.06584934145212173,0.22666412591934204,0.43098339438438416,-0.07129810750484467,0.22470389306545258,0.3750796318054199,-0.06892380118370056
85,0.7341171503067017,0.7592118382453918,-2.2643904173946794e-07,0.6599665284156799,0.7492172122001648,-0.01759062334895134,0.5894126296043396,0.6736053824424744,-0.023929109796881676,0.5499069094657898,0.6081504225730896,-0.03218773379921913,0.5120211243629456,0.5667455792427063,-0.039699193090200424,0.6116338968276978,0.5684471726417542,-0.017023269087076187,0.5726208686828613,0.47542256116867065,-0.040821559727191925,0.5524820685386658,0.41746509075164795,-0.05187935009598732,0.5350625514984131,0.3637615442276001,-0.05929001793265343,0.6521993279457092,0.5523033738136292,-0.022265616804361343,0.6221516728401184,0.5258309841156006,-0.0729677751660347,0.6315300464630127,0.6115474104881287,-0.0811859592795372,0.6448192000389099,0.672564685344696,-0.07332322746515274,0.6917176842689514,0.5547149181365967,-0.03069247119128704,0.6657252907752991,0.5315731167793274,-0.08086767047643661,0.6713475584983826,0.6165892481803894,-0.07351978868246078,0.6788342595100403,0.6724122762680054,-0.05299823358654976,0.7294230461120605,0.5691296458244324,-0.0403767004609108,0.726436972618103,0.5063955187797546,-0.07421334832906723,0.724890410900116,0.468508243560791,-0.07739178836345673,0.7229850888252258,0.4238821566104889,-0.07123969495296478,0.24523954093456268,0.7862367630004883,-1.9874207168868452e-07,0.31573066115379333,0.7667163014411926,-0.023408317938447,0.3772594630718231,0.6864275336265564,-0.030438246205449104,0.41648542881011963,0.6192206144332886,-0.038943614810705185,0.4412870407104492,0.5654969215393066,-0.0471469983458519,0.3424137830734253,0.5649063587188721,-0.016137193888425827,0.3674599826335907,0.47173798084259033,-0.03668055683374405,0.3807624578475952,0.41223716735839844,-0.04643270745873451,0.39218994975090027,0.35956311225891113,-0.051839087158441544,0.3031943440437317,0.5581586956977844,-0.020715104416012764,0.33091992139816284,0.5166873335838318,-0.07131005823612213,0.33587557077407837,0.5958971977233887,-0.09031737595796585,0.3333207964897156,0.659250795841217,-0.08911873400211334,0.26275959610939026,0.5666307210922241,-0.028051957488059998,0.2842710614204407,0.5344622135162354,-0.08012738823890686,0.29560449719429016,0.6213439702987671,-0.08485221862792969,0.29860925674438477,0.6828692555427551,-0.07141109555959702,0.2238987684249878,0.5828104019165039,-0.03648268058896065,0.21582576632499695,0.4970110058784485,-0.0672721266746521,0.21376171708106995,0.444208025932312,-0.07229272276163101,0.21234625577926636,0.38826411962509155,-0.06866562366485596
86,0.7419655323028564,0.7911860346794128,-2.4337018089681806e-07,0.666200578212738,0.7828891277313232,-0.022150501608848572,0.5907615423202515,0.706413984298706,-0.03015468642115593,0.5448254346847534,0.6439692378044128,-0.03925222158432007,0.5026560425758362,0.6032697558403015,-0.04688623175024986,0.6158778667449951,0.5976058840751648,-0.021759260445833206,0.5698462128639221,0.5002052187919617,-0.045403026044368744,0.5465190410614014,0.4415041208267212,-0.05483797937631607,0.5260388255119324,0.3868332505226135,-0.061493419110774994,0.6581307053565979,0.5798135995864868,-0.025884823873639107,0.6270219683647156,0.5534282922744751,-0.07905922830104828,0.6365516185760498,0.6409786939620972,-0.0875353217124939,0.6498125195503235,0.7045016884803772,-0.079216368496418,0.699524998664856,0.5824919939041138,-0.0334019772708416,0.6707022190093994,0.5671321749687195,-0.086395263671875,0.676216185092926,0.6547714471817017,-0.07962996512651443,0.6828944087028503,0.7109586000442505,-0.058792658150196075,0.7385543584823608,0.5969834923744202,-0.042392004281282425,0.7345556616783142,0.5402946472167969,-0.07898607850074768,0.7325699329376221,0.5031580328941345,-0.08332547545433044,0.7292726039886475,0.45673537254333496,-0.07757439464330673,0.23331820964813232,0.8223620653152466,-2.3819653449663747e-07,0.30580973625183105,0.7969521880149841,-0.023357897996902466,0.3710368275642395,0.7090436220169067,-0.029364077374339104,0.4120432138442993,0.6369614005088806,-0.03706444427371025,0.4343501627445221,0.5781996846199036,-0.04449092969298363,0.329908549785614,0.5878055691719055,-0.015349035151302814,0.35683438181877136,0.4886430501937866,-0.035663872957229614,0.37172210216522217,0.42681652307510376,-0.04499826580286026,0.3842322826385498,0.37082749605178833,-0.05022257938981056,0.2891958951950073,0.5820923447608948,-0.020599205046892166,0.3210665285587311,0.5378075838088989,-0.07360991835594177,0.3233744204044342,0.6225038766860962,-0.0928998738527298,0.31767863035202026,0.6882545351982117,-0.09070070087909698,0.24747467041015625,0.5925454497337341,-0.02875746600329876,0.2718653976917267,0.560991644859314,-0.08373760432004929,0.28303420543670654,0.6524385809898376,-0.08886978775262833,0.2856486141681671,0.7167651653289795,-0.07432838529348373,0.20777155458927155,0.6105667352676392,-0.037989962846040726,0.19969254732131958,0.5198584794998169,-0.07189958542585373,0.19551058113574982,0.4615403413772583,-0.07860320806503296,0.19189223647117615,0.4010341465473175,-0.07539236545562744
87,0.7397993803024292,0.7976211309432983,-2.0516930021585722e-07,0.661624014377594,0.7857051491737366,-0.025842418894171715,0.5885940194129944,0.7076098918914795,-0.03548793867230415,0.5453694462776184,0.6424403190612793,-0.0449662022292614,0.5010761022567749,0.5972670912742615,-0.05314995348453522,0.6106369495391846,0.585101306438446,-0.02475060522556305,0.5683285593986511,0.48841261863708496,-0.046747174113988876,0.5455994009971619,0.4271678030490875,-0.056006159633398056,0.5249435901641846,0.3714306950569153,-0.06286820024251938,0.6558358073234558,0.5693223476409912,-0.026332050561904907,0.6272665858268738,0.54713374376297,-0.07861784845590591,0.6379891633987427,0.6379991173744202,-0.08799748867750168,0.6516948342323303,0.7054508924484253,-0.08029726147651672,0.7005148530006409,0.5749829411506653,-0.03131917119026184,0.6764386296272278,0.5596182346343994,-0.08501971513032913,0.6787334084510803,0.6517550945281982,-0.08121590316295624,0.6802276372909546,0.7125900387763977,-0.06236136704683304,0.7427318692207336,0.5924420952796936,-0.03775419294834137,0.7364445924758911,0.5350863933563232,-0.07755660265684128,0.7384374141693115,0.49716123938560486,-0.08557078242301941,0.7399853467941284,0.45053625106811523,-0.08184350281953812,0.22805500030517578,0.8305985927581787,-1.6336919372861303e-07,0.3026392459869385,0.8031547665596008,-0.0276130810379982,0.3699735403060913,0.7103762030601501,-0.03648047149181366,0.40829893946647644,0.6359595656394958,-0.046644166111946106,0.4327639937400818,0.5756788849830627,-0.055783458054065704,0.32351431250572205,0.5799260139465332,-0.020320342853665352,0.3512008786201477,0.47557532787323,-0.042996980249881744,0.36497366428375244,0.4122880697250366,-0.051940351724624634,0.3790462911128998,0.356021910905838,-0.056165944784879684,0.27850857377052307,0.5753991007804871,-0.024816006422042847,0.31246715784072876,0.5315134525299072,-0.08255193382501602,0.3151490092277527,0.6201570630073547,-0.10206285864114761,0.3127345144748688,0.6914052963256836,-0.09865764528512955,0.2337711751461029,0.5884295701980591,-0.0326443687081337,0.2619307041168213,0.5629749894142151,-0.09332086890935898,0.27387192845344543,0.66105055809021,-0.09788032621145248,0.278884619474411,0.7297186255455017,-0.08106700330972672,0.19132095575332642,0.6091346740722656,-0.04170076549053192,0.1845046877861023,0.5170522928237915,-0.07787677645683289,0.18024390935897827,0.45759373903274536,-0.08368422091007233,0.17728117108345032,0.3959909677505493,-0.07909014821052551
88,0.7397277355194092,0.7846665382385254,-1.5095119465513562e-07,0.6596229076385498,0.7734104990959167,-0.024882256984710693,0.5830707550048828,0.6932478547096252,-0.03423449769616127,0.5397918224334717,0.6237096786499023,-0.04430751875042915,0.5001420974731445,0.5703443288803101,-0.052698589861392975,0.6066297292709351,0.5637044906616211,-0.020841537043452263,0.5639018416404724,0.45992571115493774,-0.04362954571843147,0.5427173376083374,0.39484983682632446,-0.05340537428855896,0.5248697996139526,0.3349893093109131,-0.06025569140911102,0.6529580950737,0.5485605597496033,-0.02382880076766014,0.6269798278808594,0.5130903124809265,-0.07898193597793579,0.6382600665092468,0.6042784452438354,-0.0894826352596283,0.6517083644866943,0.6728751063346863,-0.08089723438024521,0.6987348794937134,0.5520222187042236,-0.030485592782497406,0.6770352125167847,0.5235609412193298,-0.08568914234638214,0.6799015998840332,0.6188002228736877,-0.08030251413583755,0.6812355518341064,0.6812479496002197,-0.05895201861858368,0.7428262233734131,0.5659815669059753,-0.038618773221969604,0.7401069402694702,0.49771150946617126,-0.07671353965997696,0.7414321303367615,0.45596981048583984,-0.08203253895044327,0.7398667335510254,0.4047132730484009,-0.07618042081594467,0.22321680188179016,0.8205639123916626,-1.751105429548261e-07,0.3031308650970459,0.7923685312271118,-0.025859324261546135,0.3710194230079651,0.6958172917366028,-0.03284004330635071,0.4099365770816803,0.6197274923324585,-0.04172196984291077,0.4349975883960724,0.5612501502037048,-0.050096988677978516,0.32515832781791687,0.5614588856697083,-0.01671791821718216,0.35226887464523315,0.44839802384376526,-0.03726605325937271,0.36557844281196594,0.3813376724720001,-0.04440528154373169,0.3778155744075775,0.319855272769928,-0.04801572486758232,0.27973422408103943,0.5566287040710449,-0.021481456235051155,0.30455368757247925,0.5044541358947754,-0.0779346153140068,0.30717694759368896,0.5961699485778809,-0.09551765769720078,0.30486395955085754,0.6657299399375916,-0.09122621268033981,0.23347017168998718,0.5689172148704529,-0.029683666303753853,0.25334233045578003,0.5293288826942444,-0.08985069394111633,0.266815185546875,0.6270923018455505,-0.09337148070335388,0.2722967863082886,0.6940214037895203,-0.07627551257610321,0.18771010637283325,0.5874292850494385,-0.03909678757190704,0.17832137644290924,0.49171683192253113,-0.07629916071891785,0.17315945029258728,0.4302285313606262,-0.08334977179765701,0.16882427036762238,0.3640652298927307,-0.07982664555311203
89,0.7435075044631958,0.7923417687416077,-1.995857132897072e-07,0.6639608144760132,0.7787015438079834,-0.024933669716119766,0.587592601776123,0.6994481086730957,-0.03622348606586456,0.5405881404876709,0.6293798685073853,-0.049594249576330185,0.4942783713340759,0.584830641746521,-0.06206277385354042,0.6044223308563232,0.5758733749389648,-0.021168557927012444,0.562530517578125,0.46793192625045776,-0.04808325320482254,0.5422383546829224,0.4004686176776886,-0.06002213433384895,0.5254009962081909,0.33765336871147156,-0.0674566850066185,0.6502297520637512,0.5600190162658691,-0.02520243637263775,0.6212002038955688,0.5243607759475708,-0.08316132426261902,0.6335694193840027,0.6170539259910583,-0.0940365418791771,0.6480298042297363,0.6847048997879028,-0.08539168536663055,0.6951439380645752,0.5612354278564453,-0.03315708041191101,0.669859766960144,0.5301132202148438,-0.09144821763038635,0.6781976222991943,0.6262321472167969,-0.0852619931101799,0.6854561567306519,0.6897734999656677,-0.06250610202550888,0.7393878698348999,0.5725677609443665,-0.042625587433576584,0.7364845275878906,0.5017491579055786,-0.07981831580400467,0.738166868686676,0.4597458839416504,-0.08292892575263977,0.7371329069137573,0.4104577302932739,-0.07542964071035385,0.22513911128044128,0.8196659088134766,-2.1893467305744707e-07,0.30598822236061096,0.7853266000747681,-0.028519688174128532,0.37434378266334534,0.6913793087005615,-0.03747224807739258,0.41255638003349304,0.6155069470405579,-0.04799386486411095,0.4380742907524109,0.5533279180526733,-0.05718784034252167,0.32643911242485046,0.5622769594192505,-0.01802421547472477,0.35487261414527893,0.4487629532814026,-0.040433209389448166,0.3693602681159973,0.3809855878353119,-0.04885171353816986,0.3825213313102722,0.32013100385665894,-0.052853986620903015,0.2831529378890991,0.5561587810516357,-0.022302238270640373,0.31091681122779846,0.5006270408630371,-0.08125396817922592,0.31451353430747986,0.5916748046875,-0.10039102286100388,0.3132662773132324,0.6634177565574646,-0.09622225165367126,0.23830273747444153,0.567980945110321,-0.030225655063986778,0.26059889793395996,0.5301398634910583,-0.09098457545042038,0.2718142867088318,0.6278326511383057,-0.09405785799026489,0.2749680280685425,0.6926904320716858,-0.07621468603610992,0.19570842385292053,0.5865394473075867,-0.0397799126803875,0.18325956165790558,0.4882413148880005,-0.07606621086597443,0.17960408329963684,0.4243568181991577,-0.08178263902664185,0.17561562359333038,0.35583633184432983,-0.07717082649469376
90,0.7233203649520874,0.8090101480484009,6.278588671193575e-08,0.6540812849998474,0.8095254898071289,-0.021118199452757835,0.5830134749412537,0.7357838153839111,-0.030078332871198654,0.5434016585350037,0.6712628602981567,-0.03854789957404137,0.5053781270980835,0.6262971758842468,-0.04702228307723999,0.6138842701911926,0.6097689867019653,-0.03313736990094185,0.5716302394866943,0.5087089538574219,-0.05831024423241615,0.5473037958145142,0.44454777240753174,-0.07159850746393204,0.5250605940818787,0.3908435106277466,-0.08245071768760681,0.6584804654121399,0.5891125798225403,-0.037961672991514206,0.6263207793235779,0.5670926570892334,-0.09222786873579025,0.6384603977203369,0.6631462574005127,-0.10411994904279709,0.6553052067756653,0.7293055057525635,-0.1000598594546318,0.7022418975830078,0.5929669141769409,-0.04538237676024437,0.6726850271224976,0.5844465494155884,-0.09723726660013199,0.6696606278419495,0.6759678721427917,-0.09586656838655472,0.672749400138855,0.7385444045066833,-0.08157650381326675,0.7413930892944336,0.6142216324806213,-0.0538712777197361,0.7386612892150879,0.5504492521286011,-0.09948232024908066,0.7380276918411255,0.5089619159698486,-0.1134028285741806,0.7368738651275635,0.45841050148010254,-0.11430799961090088,0.22461076080799103,0.8455748558044434,-3.8239338095991116e-07,0.30454331636428833,0.8110229969024658,-0.020059343427419662,0.3718322515487671,0.7190171480178833,-0.02555767446756363,0.41227754950523376,0.6462873816490173,-0.03435282036662102,0.43380647897720337,0.587708592414856,-0.04251886531710625,0.32457005977630615,0.5872804522514343,-0.014249665662646294,0.353537917137146,0.4851750135421753,-0.034717753529548645,0.36664941906929016,0.42424651980400085,-0.041985783725976944,0.3774432837963104,0.3674577474594116,-0.045765481889247894,0.27960968017578125,0.5822286605834961,-0.02164345234632492,0.3115723729133606,0.5474374890327454,-0.07726823538541794,0.3145758807659149,0.6395236849784851,-0.09470562636852264,0.310124933719635,0.7046440839767456,-0.09123607724905014,0.2357422411441803,0.5963175296783447,-0.031829074025154114,0.26242169737815857,0.5685492157936096,-0.0920487567782402,0.27373620867729187,0.6709368824958801,-0.09520693123340607,0.2757668197154999,0.7362856268882751,-0.07829466462135315,0.19642171263694763,0.6198259592056274,-0.04272038862109184,0.18578137457370758,0.5295937657356262,-0.08123522251844406,0.18170934915542603,0.47071579098701477,-0.08872399479150772,0.1792934536933899,0.40401721000671387,-0.08531440049409866
91,0.7318313121795654,0.7932137250900269,-2.0973949688141147e-07,0.6589040756225586,0.7780671715736389,-0.024302873760461807,0.5901007056236267,0.7118833661079407,-0.036387816071510315,0.5494459867477417,0.649809718132019,-0.04991620406508446,0.5095767974853516,0.6027533411979675,-0.061544325202703476,0.6011934876441956,0.5979670882225037,-0.02054625377058983,0.5655275583267212,0.5031758546829224,-0.04518812149763107,0.5448703169822693,0.4476518929004669,-0.05610501393675804,0.526691734790802,0.3936067819595337,-0.06330535560846329,0.6431637406349182,0.5831323862075806,-0.024137964472174644,0.6165496110916138,0.5498785376548767,-0.0772201344370842,0.628967821598053,0.636802077293396,-0.08642595261335373,0.6439841985702515,0.6990044116973877,-0.07773032784461975,0.6843042373657227,0.5856934189796448,-0.031341589987277985,0.6609083414077759,0.5541847348213196,-0.08288200199604034,0.6686095595359802,0.6398401856422424,-0.07437019050121307,0.6776518225669861,0.6956477165222168,-0.05178864300251007,0.7247790694236755,0.5988083481788635,-0.040344804525375366,0.7200915813446045,0.5385077595710754,-0.07329295575618744,0.7164165377616882,0.501781165599823,-0.07444225996732712,0.7126452326774597,0.45841801166534424,-0.06626971065998077,0.23728430271148682,0.8292467594146729,-2.519089719044132e-07,0.31617119908332825,0.7917017936706543,-0.02060110867023468,0.3780401647090912,0.7097429037094116,-0.028106343001127243,0.41175833344459534,0.6436498165130615,-0.03823431208729744,0.433981716632843,0.5876314043998718,-0.047891903668642044,0.3311423063278198,0.58628249168396,-0.01360202208161354,0.3569130301475525,0.4891335070133209,-0.03263329342007637,0.36951562762260437,0.42980825901031494,-0.03947809338569641,0.38072773814201355,0.37711575627326965,-0.042205262929201126,0.2910129427909851,0.5820575952529907,-0.01982751302421093,0.32125210762023926,0.5387517213821411,-0.07037338614463806,0.3232265114784241,0.6203616857528687,-0.08699272572994232,0.31859415769577026,0.68369460105896,-0.08316550403833389,0.25075507164001465,0.5949479341506958,-0.028618665412068367,0.27563196420669556,0.5673626065254211,-0.08221416920423508,0.28586024045944214,0.6569879651069641,-0.08597288280725479,0.2881779670715332,0.7157889604568481,-0.07088882476091385,0.2130107283592224,0.6161085367202759,-0.03813498467206955,0.1962192952632904,0.529682457447052,-0.06895027309656143,0.19103655219078064,0.4754694700241089,-0.07280527055263519,0.1878674030303955,0.41831302642822266,-0.06798228621482849
92,0.7225297093391418,0.751498281955719,-7.098358167922925e-08,0.6465250849723816,0.7357184290885925,-0.019897030666470528,0.581778347492218,0.6738833785057068,-0.02949054352939129,0.5415804982185364,0.6151116490364075,-0.04124899208545685,0.5071478486061096,0.5664591789245605,-0.05139283090829849,0.5972425937652588,0.5686217546463013,-0.011196509003639221,0.5592470169067383,0.47370702028274536,-0.03209582716226578,0.5382298827171326,0.41872233152389526,-0.041143953800201416,0.5197456479072571,0.36706405878067017,-0.046434544026851654,0.633161723613739,0.5575205087661743,-0.01449537556618452,0.607865571975708,0.5133756399154663,-0.06306401640176773,0.6150225400924683,0.5896696448326111,-0.07235042750835419,0.6253735423088074,0.647324800491333,-0.06421159952878952,0.6684191823005676,0.5575591325759888,-0.021167414262890816,0.6423813700675964,0.516253650188446,-0.06770414859056473,0.6491022706031799,0.5954910516738892,-0.0609646774828434,0.6569673418998718,0.6494367718696594,-0.04044065997004509,0.703955888748169,0.566003680229187,-0.029463306069374084,0.6966548562049866,0.5042686462402344,-0.057763271033763885,0.6921904683113098,0.4653312861919403,-0.059190280735492706,0.6878268718719482,0.42077457904815674,-0.05179924517869949,0.25688931345939636,0.781423807144165,-1.173205674831479e-07,0.3291943669319153,0.7543700933456421,-0.02183276228606701,0.38818415999412537,0.6805148720741272,-0.029232770204544067,0.4232631325721741,0.6177195310592651,-0.03819100931286812,0.44106513261795044,0.5617458820343018,-0.046431563794612885,0.3507870137691498,0.5667387843132019,-0.015877773985266685,0.37496793270111084,0.4734824299812317,-0.035034798085689545,0.3882325291633606,0.4168553650379181,-0.04241226986050606,0.39857587218284607,0.36636826395988464,-0.04495031759142876,0.3135204017162323,0.5647228956222534,-0.020613916218280792,0.33443716168403625,0.511468768119812,-0.06864874064922333,0.3409508466720581,0.5791611075401306,-0.08448167890310287,0.34191885590553284,0.6333057284355164,-0.08122728019952774,0.2743949890136719,0.5738776326179504,-0.02798473834991455,0.2920834422111511,0.5361464619636536,-0.07839757949113846,0.30411237478256226,0.6139131784439087,-0.08148178458213806,0.3085589110851288,0.6664754748344421,-0.06692264974117279,0.2367396503686905,0.5860334634780884,-0.036371808499097824,0.22723737359046936,0.49915140867233276,-0.06445731967687607,0.22690793871879578,0.4444480538368225,-0.0670970231294632,0.22806096076965332,0.38733214139938354,-0.06195269525051117
93,0.7120684385299683,0.7519465684890747,-1.0321831211967947e-07,0.6407775282859802,0.7408446073532104,-0.019402088597416878,0.5783235430717468,0.6755181550979614,-0.029043789952993393,0.5412614941596985,0.6157470941543579,-0.040150679647922516,0.5076864957809448,0.5688431262969971,-0.0496944896876812,0.5943743586540222,0.5724414587020874,-0.015527539886534214,0.5596500039100647,0.4754256010055542,-0.03746512904763222,0.5406665802001953,0.4210978150367737,-0.04676870256662369,0.5251454710960388,0.37053990364074707,-0.051916949450969696,0.6303759217262268,0.5622768998146057,-0.0196506567299366,0.6066065430641174,0.5126032829284668,-0.06966319680213928,0.6104016900062561,0.5872896313667297,-0.08006221055984497,0.619049072265625,0.6445327997207642,-0.0722149908542633,0.664946973323822,0.5634999871253967,-0.02648995816707611,0.643170177936554,0.5246360898017883,-0.07215342670679092,0.645105242729187,0.6021036505699158,-0.06583722680807114,0.6480205655097961,0.6530721187591553,-0.046080637723207474,0.6998881697654724,0.5734411478042603,-0.034824904054403305,0.6913666725158691,0.5125620365142822,-0.06212456151843071,0.6863210201263428,0.4756779074668884,-0.06238510087132454,0.68096923828125,0.4316667914390564,-0.05436496436595917,0.2656029462814331,0.7775517106056213,-1.1280508971367453e-07,0.3346695005893707,0.7516191005706787,-0.022564474493265152,0.39035674929618835,0.6776092648506165,-0.029671017080545425,0.42516058683395386,0.6113702058792114,-0.03787606209516525,0.44741711020469666,0.5557578206062317,-0.04522552713751793,0.3586856424808502,0.5694955587387085,-0.013865702785551548,0.3810116946697235,0.4740687608718872,-0.03216048330068588,0.39439666271209717,0.4152034521102905,-0.04034321755170822,0.40580233931541443,0.36340034008026123,-0.044331200420856476,0.3242203891277313,0.5634783506393433,-0.017767392098903656,0.3451136350631714,0.5064107179641724,-0.06514681875705719,0.35329264402389526,0.5691369771957397,-0.0833476185798645,0.3537500202655792,0.6240844130516052,-0.08207190036773682,0.28817814588546753,0.5690966844558716,-0.024386350065469742,0.3058135211467743,0.5244149565696716,-0.07181380689144135,0.3212223947048187,0.5957615971565247,-0.0775126963853836,0.3269941508769989,0.6495320796966553,-0.06591004133224487,0.2520190477371216,0.5796201229095459,-0.03221903368830681,0.2432534396648407,0.49339258670806885,-0.059025440365076065,0.24370425939559937,0.4385836124420166,-0.06418449431657791,0.2443193793296814,0.38326412439346313,-0.06146347522735596
94,0.7058079242706299,0.7828092575073242,-2.1205974576332665e-07,0.6371135711669922,0.7685595750808716,-0.01763012260198593,0.5755290389060974,0.7001369595527649,-0.025617515668272972,0.5384923815727234,0.6441209316253662,-0.03581816330552101,0.5027084350585938,0.6058327555656433,-0.045097995549440384,0.5929235816001892,0.5930632948875427,-0.014783971011638641,0.5566420555114746,0.5013124942779541,-0.03684065490961075,0.5350463390350342,0.44983410835266113,-0.045900098979473114,0.516428530216217,0.40070706605911255,-0.0512482151389122,0.6297945380210876,0.580808699131012,-0.019840264692902565,0.5999019145965576,0.5492976307868958,-0.06712362170219421,0.606524646282196,0.6311035752296448,-0.07461494952440262,0.620027482509613,0.6877942085266113,-0.06629423052072525,0.6652129292488098,0.5849996209144592,-0.027933897450566292,0.636500895023346,0.5582577586174011,-0.07501015067100525,0.6414531469345093,0.6421452164649963,-0.067092664539814,0.6509785652160645,0.695237934589386,-0.046099480241537094,0.6998113393783569,0.5992897748947144,-0.03735769912600517,0.6918506622314453,0.537222683429718,-0.0671302080154419,0.6842575073242188,0.5005478858947754,-0.06803933531045914,0.6794672012329102,0.45784109830856323,-0.06038574501872063,0.2592760920524597,0.793195366859436,-1.3153476174920797e-07,0.3278503715991974,0.7677708268165588,-0.02223721705377102,0.38688263297080994,0.6912471055984497,-0.02893010899424553,0.42280444502830505,0.6241387724876404,-0.037171944975852966,0.44792941212654114,0.5693716406822205,-0.04461698979139328,0.35329118371009827,0.5784231424331665,-0.011910734698176384,0.37670764327049255,0.4807455241680145,-0.029080012813210487,0.39092907309532166,0.42270416021347046,-0.03567059710621834,0.40396255254745483,0.3720642030239105,-0.03871410712599754,0.3181503415107727,0.5717974901199341,-0.016512542963027954,0.3449520468711853,0.5200426578521729,-0.06335873156785965,0.3523119390010834,0.587882936000824,-0.08101928979158401,0.3509922921657562,0.6462132334709167,-0.07926082611083984,0.2815331220626831,0.5778275728225708,-0.023958878591656685,0.3025447428226471,0.5381189584732056,-0.07241847366094589,0.31541869044303894,0.6156921982765198,-0.07801013439893723,0.3185465931892395,0.6719880104064941,-0.06592370569705963,0.24510012567043304,0.5895652174949646,-0.03245808556675911,0.23732580244541168,0.5021409392356873,-0.060405366122722626,0.23742935061454773,0.4483596086502075,-0.0656181201338768,0.23696085810661316,0.39250242710113525,-0.06271172314882278
95,0.7127017974853516,0.8072505593299866,-2.52969414304971e-07,0.6404404044151306,0.8004624843597412,-0.020916223526000977,0.5707447528839111,0.7267475724220276,-0.02938610129058361,0.5296937227249146,0.6648756265640259,-0.039249978959560394,0.4901449680328369,0.6257768273353577,-0.048090677708387375,0.5919532179832458,0.6108391880989075,-0.018699200823903084,0.5513020753860474,0.5165386199951172,-0.04048542305827141,0.5289616584777832,0.45753180980682373,-0.04937262088060379,0.5088813900947571,0.405653178691864,-0.05510001629590988,0.6321497559547424,0.5957126021385193,-0.02269841730594635,0.598979115486145,0.570711076259613,-0.07329517602920532,0.6080799102783203,0.6577172875404358,-0.08072420954704285,0.6218852996826172,0.7211829423904419,-0.07126382738351822,0.6710768342018127,0.598657488822937,-0.02991359494626522,0.6397520899772644,0.5740941166877747,-0.08043423295021057,0.6455744504928589,0.6629860401153564,-0.07261170446872711,0.6535198092460632,0.7211230397224426,-0.05070687457919121,0.708720862865448,0.6128801703453064,-0.03854384273290634,0.7006719708442688,0.5532423257827759,-0.07182177156209946,0.6955692768096924,0.516279399394989,-0.07424348592758179,0.6911062598228455,0.47165846824645996,-0.06702491641044617,0.244460329413414,0.8118264675140381,-1.7516970274300547e-07,0.3168129324913025,0.7909156680107117,-0.025617878884077072,0.38113757967948914,0.7077928781509399,-0.03276476636528969,0.41836774349212646,0.6370576024055481,-0.04089284688234329,0.4425818622112274,0.5795858502388,-0.04833585396409035,0.34455379843711853,0.583008885383606,-0.01538729015737772,0.36882302165031433,0.48810407519340515,-0.035526566207408905,0.38129591941833496,0.42778125405311584,-0.04395168274641037,0.39332127571105957,0.3755563497543335,-0.048232439905405045,0.30498430132865906,0.5772580504417419,-0.01978885754942894,0.3348115384578705,0.5272563695907593,-0.07146728038787842,0.338800311088562,0.6073229312896729,-0.09001915901899338,0.33748435974121094,0.6730700135231018,-0.08746598660945892,0.2631741762161255,0.5868773460388184,-0.027481619268655777,0.2876127362251282,0.5551721453666687,-0.08251111954450607,0.29849550127983093,0.6447604298591614,-0.08775903284549713,0.3017144799232483,0.7072461247444153,-0.0733765959739685,0.22167447209358215,0.6029685735702515,-0.03625180944800377,0.21383967995643616,0.513619601726532,-0.06896378844976425,0.21146687865257263,0.45870596170425415,-0.07445130497217178,0.21043181419372559,0.39982229471206665,-0.07076217234134674
96,0.723063588142395,0.8263001441955566,-2.533802785364969e-07,0.6472126841545105,0.822272539138794,-0.026460299268364906,0.572931170463562,0.7464119791984558,-0.03578094765543938,0.5295454859733582,0.6806215047836304,-0.04497108981013298,0.48668959736824036,0.6404702067375183,-0.05269373580813408,0.591956615447998,0.6212480068206787,-0.02393561601638794,0.5485521554946899,0.5237600803375244,-0.04439384490251541,0.5271996259689331,0.4630741477012634,-0.05215872824192047,0.5066208839416504,0.4086955189704895,-0.057702988386154175,0.6344321370124817,0.602828323841095,-0.024859732016921043,0.6071237921714783,0.5812771916389465,-0.07628696411848068,0.6184915900230408,0.6699638366699219,-0.08520416170358658,0.6313108801841736,0.7371832132339478,-0.07688168436288834,0.6766427755355835,0.6043063402175903,-0.02915860153734684,0.6525332927703857,0.5864666700363159,-0.08304371684789658,0.6569347381591797,0.6817097067832947,-0.07885460555553436,0.6596296429634094,0.7453579902648926,-0.058873679488897324,0.7178484797477722,0.6164673566818237,-0.03487022593617439,0.710974931716919,0.5594822764396667,-0.07319594919681549,0.7104600071907043,0.5224805474281311,-0.07975008338689804,0.7090161442756653,0.4762883186340332,-0.07478026300668716,0.23160919547080994,0.8346149921417236,-1.9470564893708797e-07,0.3062542676925659,0.8108633160591125,-0.02706781215965748,0.37381336092948914,0.7196714878082275,-0.035470325499773026,0.4146050810813904,0.6451045274734497,-0.045019667595624924,0.43855252861976624,0.5838868618011475,-0.05380433052778244,0.334309458732605,0.5901345014572144,-0.01900828257203102,0.36032724380493164,0.48898738622665405,-0.04157499596476555,0.3735862076282501,0.42574167251586914,-0.05124422535300255,0.38574182987213135,0.3702287971973419,-0.05644615367054939,0.29141539335250854,0.5838337540626526,-0.02388928085565567,0.32364949584007263,0.5361987948417664,-0.08029863238334656,0.3256252408027649,0.6234623193740845,-0.09987622499465942,0.3221774101257324,0.6929548382759094,-0.09711793810129166,0.24677550792694092,0.5949988961219788,-0.03221931681036949,0.27246758341789246,0.5637245178222656,-0.09121950715780258,0.28331783413887024,0.659697949886322,-0.09579669684171677,0.28674498200416565,0.7267568707466125,-0.07996698468923569,0.20357251167297363,0.6140016317367554,-0.04181269183754921,0.19546055793762207,0.521020770072937,-0.07783757895231247,0.19162115454673767,0.46167993545532227,-0.08437227457761765,0.18906037509441376,0.3983059525489807,-0.08081302791833878
97,0.7331417202949524,0.825229287147522,-2.2559959234058624e-07,0.6517764925956726,0.8176397681236267,-0.02753143198788166,0.577976405620575,0.7500472664833069,-0.039209868758916855,0.5327905416488647,0.6869708299636841,-0.05106629058718681,0.4921753406524658,0.6404088139533997,-0.06124870851635933,0.5968437194824219,0.6241989135742188,-0.02490849420428276,0.5511191487312317,0.5257854461669922,-0.04667772352695465,0.5283240079879761,0.4649365246295929,-0.05524243786931038,0.5068092346191406,0.40961048007011414,-0.06102992966771126,0.6401656270027161,0.6054452061653137,-0.025953516364097595,0.614105224609375,0.5871953368186951,-0.07911218702793121,0.6233890056610107,0.674134373664856,-0.09045718610286713,0.6339315176010132,0.7415197491645813,-0.0840621069073677,0.6817735433578491,0.6062168478965759,-0.03039448708295822,0.659351110458374,0.5898461937904358,-0.08580036461353302,0.6615142822265625,0.684334397315979,-0.08412989974021912,0.661613941192627,0.7487841844558716,-0.0660964697599411,0.7214857339859009,0.6182380318641663,-0.03624383360147476,0.7186933755874634,0.5642967224121094,-0.0741598904132843,0.7184723615646362,0.5275462865829468,-0.08131849765777588,0.7157827615737915,0.4833298325538635,-0.0771147832274437,0.23156079649925232,0.839699387550354,-2.5148210625047795e-07,0.30663222074508667,0.8088847398757935,-0.023611901327967644,0.3738996386528015,0.7209969162940979,-0.03207118809223175,0.4100068211555481,0.6495092511177063,-0.0431881882250309,0.434550404548645,0.5898895859718323,-0.05319780483841896,0.3300091028213501,0.5909299254417419,-0.01515547838062048,0.35487717390060425,0.48838216066360474,-0.03692043945193291,0.3659842610359192,0.4271446764469147,-0.04514671489596367,0.37802866101264954,0.3728914260864258,-0.049036428332328796,0.2875101566314697,0.584208607673645,-0.02124553546309471,0.3205812871456146,0.5462924242019653,-0.0788675919175148,0.3213304579257965,0.6346074342727661,-0.09842604398727417,0.31700530648231506,0.7038171887397766,-0.09506253153085709,0.2447093427181244,0.5951133966445923,-0.030440544709563255,0.2697577178478241,0.564711332321167,-0.08921997994184494,0.27963635325431824,0.6621944308280945,-0.09304153174161911,0.2835950255393982,0.7301117181777954,-0.07634081691503525,0.20423582196235657,0.6149616837501526,-0.04073009639978409,0.1942027062177658,0.5267670154571533,-0.07549130171537399,0.18879219889640808,0.46911826729774475,-0.08142727613449097,0.18499326705932617,0.40740177035331726,-0.07706812024116516
98,0.7273200154304504,0.7932939529418945,-1.748269369272748e-07,0.6501705050468445,0.7754826545715332,-0.01940734311938286,0.5829020738601685,0.7111875414848328,-0.0295354425907135,0.540747880935669,0.6529377698898315,-0.042366597801446915,0.5011903047561646,0.6097111105918884,-0.05427085608243942,0.5949453115463257,0.6000286936759949,-0.01413276419043541,0.5558403134346008,0.5039029121398926,-0.037842053920030594,0.5347059369087219,0.44529250264167786,-0.04925945773720741,0.5154057741165161,0.39209115505218506,-0.05645065754652023,0.6342160701751709,0.5858535170555115,-0.01896011270582676,0.605996310710907,0.5589075088500977,-0.07175915688276291,0.6172308325767517,0.6443310379981995,-0.08321169018745422,0.6322318911552429,0.7076836824417114,-0.07629737257957458,0.6727957129478455,0.5869953632354736,-0.027068501338362694,0.6479203701019287,0.555949866771698,-0.07758485525846481,0.6526637673377991,0.6423534750938416,-0.07192162424325943,0.6592277884483337,0.7018762230873108,-0.051680002361536026,0.7116096615791321,0.5990685224533081,-0.03655753657221794,0.7044500112533569,0.5422666072845459,-0.06884682923555374,0.7028465867042542,0.5078457593917847,-0.07144347578287125,0.7018247842788696,0.46663302183151245,-0.0641028955578804,0.24535150825977325,0.8145725727081299,-2.3478213506678003e-07,0.3200901448726654,0.7816244959831238,-0.019332366064190865,0.38050130009651184,0.7016806602478027,-0.026143847033381462,0.4144915044307709,0.6360642313957214,-0.03569349646568298,0.4352683424949646,0.579602837562561,-0.04492872953414917,0.33922314643859863,0.5811071395874023,-0.012434384785592556,0.36213523149490356,0.4866364002227783,-0.03093278966844082,0.37363287806510925,0.42947423458099365,-0.03760871663689613,0.38366347551345825,0.3783453106880188,-0.040210187435150146,0.29945483803749084,0.5762705206871033,-0.01867898553609848,0.3271116316318512,0.5321705341339111,-0.06787898391485214,0.3314429819583893,0.6113080382347107,-0.08407878875732422,0.32762598991394043,0.6723363399505615,-0.0805758684873581,0.25908607244491577,0.5881943106651306,-0.02739272452890873,0.28077271580696106,0.5546581149101257,-0.07968533039093018,0.29246315360069275,0.6438820362091064,-0.08281713724136353,0.2953281104564667,0.7027204632759094,-0.06783415377140045,0.22051972150802612,0.6082282066345215,-0.03676368296146393,0.20636507868766785,0.5217001438140869,-0.06680240482091904,0.20273970067501068,0.46894508600234985,-0.07042606920003891,0.20006632804870605,0.4117450714111328,-0.06573610007762909
99,0.7292749881744385,0.7908235192298889,-1.972535699223954e-07,0.6505219340324402,0.7749626636505127,-0.018666688352823257,0.5819583535194397,0.7124194502830505,-0.02853499911725521,0.5411495566368103,0.6531366109848022,-0.04111150652170181,0.5036724209785461,0.6065102815628052,-0.052710097283124924,0.5985217690467834,0.6012011766433716,-0.013998650945723057,0.5583481192588806,0.506416916847229,-0.03718511015176773,0.5367053747177124,0.4488731622695923,-0.0476655475795269,0.5165649056434631,0.39616361260414124,-0.053823962807655334,0.6381217241287231,0.5857017636299133,-0.019360236823558807,0.6102992296218872,0.5619828701019287,-0.0708002820611,0.620197594165802,0.6458637714385986,-0.08213648200035095,0.63327556848526,0.7059399485588074,-0.0756327360868454,0.6751487851142883,0.586506187915802,-0.027882006019353867,0.6505300402641296,0.5591487288475037,-0.0787893608212471,0.6571933031082153,0.6462200284004211,-0.07424970716238022,0.6641257405281067,0.704473078250885,-0.05473105609416962,0.7119240760803223,0.5992485880851746,-0.0375216118991375,0.7044260501861572,0.5409345626831055,-0.0695725679397583,0.702622652053833,0.5050863027572632,-0.0721902996301651,0.7011281847953796,0.4635840952396393,-0.065006785094738,0.24415254592895508,0.8118327260017395,-2.1002962569127703e-07,0.3170419931411743,0.7811182737350464,-0.021512866020202637,0.3782658576965332,0.7017034888267517,-0.02905808575451374,0.4117247760295868,0.6361606121063232,-0.03855441138148308,0.432468056678772,0.5795150995254517,-0.047511741518974304,0.33466556668281555,0.582009494304657,-0.014533587731420994,0.3585353493690491,0.48650479316711426,-0.033627115190029144,0.3712156414985657,0.4296609163284302,-0.0407937690615654,0.3836893141269684,0.38005101680755615,-0.0439712218940258,0.29632315039634705,0.5777451992034912,-0.01992882788181305,0.32729578018188477,0.5357865691184998,-0.07059276103973389,0.3314492106437683,0.6157119274139404,-0.0882248729467392,0.32840126752853394,0.6794411540031433,-0.08544757962226868,0.25723230838775635,0.58903968334198,-0.027918921783566475,0.2815234363079071,0.5582894086837769,-0.0805329754948616,0.2936376929283142,0.6432979106903076,-0.08495800197124481,0.2970826029777527,0.7017861604690552,-0.0709589496254921,0.21969720721244812,0.6081767082214355,-0.036676157265901566,0.20633243024349213,0.5214722752571106,-0.06769456714391708,0.20253482460975647,0.46685490012168884,-0.07275021076202393,0.19935342669487,0.4094753861427307,-0.06901548057794571
100,0.722467303276062,0.7572393417358398,-1.50294667378148e-07,0.6493703126907349,0.7465435266494751,-0.01580170914530754,0.5840134024620056,0.6819560527801514,-0.022830544039607048,0.5454384684562683,0.6208504438400269,-0.03287005424499512,0.509552538394928,0.5765321850776672,-0.041502341628074646,0.60060715675354,0.5765109658241272,-0.0087093785405159,0.5597629547119141,0.4815983474254608,-0.028104156255722046,0.5386276245117188,0.4272201955318451,-0.036530300974845886,0.5198723077774048,0.378589928150177,-0.042017862200737,0.6352364420890808,0.5658045411109924,-0.014358209446072578,0.6067511439323425,0.5275424122810364,-0.06363292783498764,0.6181814074516296,0.6027686595916748,-0.07392171770334244,0.6326707601547241,0.6587591171264648,-0.06644590944051743,0.6689795851707458,0.5650180578231812,-0.022852005437016487,0.6424867510795593,0.5307004451751709,-0.06828976422548294,0.6509757041931152,0.6108344197273254,-0.06099965050816536,0.6600009799003601,0.6646296977996826,-0.04075612500309944,0.7033005952835083,0.5712828636169434,-0.032849788665771484,0.6947396993637085,0.5135841965675354,-0.061475738883018494,0.6907020807266235,0.478125661611557,-0.06267040967941284,0.6864046454429626,0.4369472861289978,-0.055257584899663925,0.25408971309661865,0.7816623449325562,-1.478932460940996e-07,0.324873685836792,0.7570018768310547,-0.019688626751303673,0.3821718096733093,0.6834726929664612,-0.025622496381402016,0.41643112897872925,0.6196197867393494,-0.03339078277349472,0.43575289845466614,0.5647833347320557,-0.04053646698594093,0.3481050431728363,0.5725934505462646,-0.012018179520964622,0.36916059255599976,0.4799363911151886,-0.029812347143888474,0.38016411662101746,0.4233317971229553,-0.03757677599787712,0.3896401822566986,0.37196701765060425,-0.04145852103829384,0.3117719292640686,0.567622184753418,-0.017137985676527023,0.33418595790863037,0.5131422281265259,-0.06456897407770157,0.3394738435745239,0.58109050989151,-0.0814300924539566,0.3385694622993469,0.6365043520927429,-0.07911177724599838,0.2741026282310486,0.5755143165588379,-0.02470739558339119,0.29304689168930054,0.5337191820144653,-0.07265540212392807,0.3051563501358032,0.6112135648727417,-0.07597851008176804,0.30945295095443726,0.665052056312561,-0.06257639825344086,0.2374127209186554,0.5876948237419128,-0.03331657871603966,0.22997784614562988,0.5054087042808533,-0.06085483357310295,0.23000222444534302,0.4529986083507538,-0.06509542465209961,0.23091885447502136,0.39791613817214966,-0.06157466769218445
101,0.7216194868087769,0.756865382194519,-1.5784840456944949e-07,0.6485916972160339,0.746043860912323,-0.0195735115557909,0.585847795009613,0.6819126009941101,-0.028612526133656502,0.5485483407974243,0.6220770478248596,-0.039328306913375854,0.5174152255058289,0.5736542344093323,-0.04871538653969765,0.6043550968170166,0.5818299055099487,-0.014720965176820755,0.5695285797119141,0.4857581555843353,-0.03604148328304291,0.5491731762886047,0.4315738081932068,-0.04468240588903427,0.53214430809021,0.3814905881881714,-0.04952440783381462,0.639230489730835,0.5726644396781921,-0.018215499818325043,0.6131483912467957,0.5277407765388489,-0.0662464126944542,0.6202425956726074,0.6028315424919128,-0.07504767179489136,0.6314758658409119,0.6572730541229248,-0.06668628007173538,0.6720426082611084,0.5738357305526733,-0.02460988238453865,0.6486726999282837,0.5398405194282532,-0.06953529268503189,0.6546539068222046,0.6174275875091553,-0.06231363117694855,0.6613203287124634,0.6668215990066528,-0.042032890021800995,0.7046330571174622,0.5816305875778198,-0.03263115882873535,0.6937006711959839,0.5215712189674377,-0.059509821236133575,0.6876677870750427,0.4850628077983856,-0.059467677026987076,0.6825518012046814,0.442998468875885,-0.0513341911137104,0.256131112575531,0.7734056711196899,-1.6213049036650773e-07,0.3223886787891388,0.7475788593292236,-0.016331631690263748,0.37711724638938904,0.6766392588615417,-0.021051228046417236,0.4108218550682068,0.6157857179641724,-0.028132641687989235,0.4348522424697876,0.5672183036804199,-0.034696314483881,0.34679800271987915,0.5684880614280701,-0.00757828401401639,0.36618301272392273,0.47644561529159546,-0.02292501926422119,0.3765709698200226,0.42297202348709106,-0.02932281792163849,0.3859138488769531,0.3743388056755066,-0.0327165313065052,0.3133579194545746,0.5621963739395142,-0.013603953644633293,0.3353058993816376,0.5092176198959351,-0.05803455039858818,0.342240571975708,0.5775290131568909,-0.07477512955665588,0.3406478762626648,0.6340304017066956,-0.07322371751070023,0.27882325649261475,0.5688638091087341,-0.021755022928118706,0.29566699266433716,0.523674488067627,-0.06583870202302933,0.31015920639038086,0.5985704064369202,-0.07006590813398361,0.31471511721611023,0.6522744297981262,-0.058748286217451096,0.24441155791282654,0.5812965631484985,-0.03064878098666668,0.236434668302536,0.49959179759025574,-0.05580265820026398,0.2364083230495453,0.44907891750335693,-0.060359980911016464,0.2352859079837799,0.39534300565719604,-0.0578448586165905
102,0.714587390422821,0.7672886252403259,-1.7763973403361888e-07,0.6455025672912598,0.758197546005249,-0.019549906253814697,0.583180844783783,0.6922841668128967,-0.028076397255063057,0.5475327968597412,0.6315637826919556,-0.03790788725018501,0.5154160261154175,0.5854419469833374,-0.0466032549738884,0.6035970449447632,0.5859680771827698,-0.016560792922973633,0.5684460997581482,0.4926319122314453,-0.03712518513202667,0.5478513240814209,0.4370657205581665,-0.04532936215400696,0.5303333401679993,0.3877263069152832,-0.04997583478689194,0.6390613913536072,0.5747965574264526,-0.019512677565217018,0.6116470098495483,0.5423889756202698,-0.06629176437854767,0.6175580620765686,0.6202772259712219,-0.07360746711492538,0.6284247040748596,0.6767535209655762,-0.06477134674787521,0.6725797653198242,0.5775876641273499,-0.025318562984466553,0.6474609971046448,0.5519623160362244,-0.07038482278585434,0.6533868312835693,0.6310290694236755,-0.06286367028951645,0.6603487730026245,0.6813761591911316,-0.04263009503483772,0.705558180809021,0.5891625881195068,-0.032603420317173004,0.6963702440261841,0.5324569344520569,-0.06101969629526138,0.6900180578231812,0.49706125259399414,-0.06199897080659866,0.6843456029891968,0.45498353242874146,-0.05442150682210922,0.2597556412220001,0.7831278443336487,-1.5499239225391648e-07,0.3255317509174347,0.7586525678634644,-0.01953716017305851,0.37980392575263977,0.6859033107757568,-0.025698738172650337,0.41260379552841187,0.6237953901290894,-0.03372694551944733,0.43423014879226685,0.5710890293121338,-0.04119320586323738,0.3488742709159851,0.5738889575004578,-0.011817244812846184,0.3679788410663605,0.481683611869812,-0.029618624597787857,0.38081347942352295,0.4258973002433777,-0.03706150874495506,0.3924393057823181,0.37767675518989563,-0.04057624563574791,0.31534555554389954,0.5679333209991455,-0.01719777286052704,0.3393751382827759,0.5189433097839355,-0.06339599937200546,0.3466102182865143,0.5868362784385681,-0.08047550916671753,0.34524381160736084,0.6432379484176636,-0.0785112977027893,0.28012314438819885,0.5759002566337585,-0.025069206953048706,0.2983397841453552,0.5404573678970337,-0.07300958037376404,0.3102838695049286,0.618381679058075,-0.07767429202795029,0.3130456805229187,0.6725461483001709,-0.06506138294935226,0.24541179835796356,0.5904824137687683,-0.033697664737701416,0.2358587682247162,0.5066465735435486,-0.06183546036481857,0.23550739884376526,0.45587337017059326,-0.06641249358654022,0.23457184433937073,0.4018571078777313,-0.06288173049688339
103,0.7122216820716858,0.7861524820327759,-2.1734597055456106e-07,0.6426833271980286,0.7751777172088623,-0.020088763907551765,0.5805839896202087,0.706379771232605,-0.029002096503973007,0.5429720282554626,0.6457616686820984,-0.03946298360824585,0.5052094459533691,0.606304407119751,-0.04894573986530304,0.5997501015663147,0.597775399684906,-0.01684281788766384,0.5629564523696899,0.5077173709869385,-0.03804529830813408,0.5420077443122864,0.4518709182739258,-0.0466841459274292,0.523212730884552,0.4022764563560486,-0.0519152507185936,0.636727511882782,0.5819584727287292,-0.02018255926668644,0.6054201722145081,0.5619568228721619,-0.06821388751268387,0.6119910478591919,0.6438928246498108,-0.07613023370504379,0.6242504715919495,0.7047389149665833,-0.06796639412641525,0.6716092228889465,0.5839022397994995,-0.026630787178874016,0.6425072550773621,0.5667910575866699,-0.07484672963619232,0.6470343470573425,0.6508630514144897,-0.06841763854026794,0.6546977162361145,0.706170380115509,-0.048346955329179764,0.7048984169960022,0.5971006751060486,-0.034464821219444275,0.6983860731124878,0.5429060459136963,-0.06587594747543335,0.6924894452095032,0.5079845786094666,-0.068667933344841,0.6869974732398987,0.4662567973136902,-0.06220320239663124,0.25180646777153015,0.8047036528587341,-1.7427096565825195e-07,0.3197089433670044,0.7825155854225159,-0.02352428436279297,0.3772899806499481,0.7050681710243225,-0.03139512240886688,0.4136531352996826,0.6385800838470459,-0.040802232921123505,0.43586230278015137,0.5824863910675049,-0.049697261303663254,0.34143170714378357,0.5881407260894775,-0.016152357682585716,0.3655867874622345,0.4958769977092743,-0.036762334406375885,0.3790178894996643,0.4373290538787842,-0.04600432887673378,0.3908176124095917,0.3857578635215759,-0.05106450989842415,0.30478185415267944,0.581510066986084,-0.020783551037311554,0.33346936106681824,0.539804995059967,-0.07151314616203308,0.34035560488700867,0.6159462332725525,-0.0897601768374443,0.33901911973953247,0.6772662997245789,-0.08810854703187943,0.2669362425804138,0.5904145240783691,-0.028358513489365578,0.28905341029167175,0.5590053200721741,-0.08036652952432632,0.3010551333427429,0.6426196098327637,-0.08471871167421341,0.30407971143722534,0.7019221186637878,-0.07117491215467453,0.23054766654968262,0.6069494485855103,-0.037164539098739624,0.22152245044708252,0.5233922600746155,-0.0688675045967102,0.22031277418136597,0.4700568616390228,-0.07495547086000443,0.21942463517189026,0.4140270948410034,-0.07206013053655624
104,0.7183754444122314,0.8137876391410828,-2.220239281314207e-07,0.6467896103858948,0.8052923083305359,-0.022500531747937202,0.5792908072471619,0.7343264818191528,-0.03251634165644646,0.5380368828773499,0.6741420030593872,-0.04370519146323204,0.49741238355636597,0.635061502456665,-0.053751736879348755,0.5956795811653137,0.620510458946228,-0.020779680460691452,0.5558021068572998,0.521918535232544,-0.04367905482649803,0.5331460237503052,0.46132272481918335,-0.05270987004041672,0.5130932331085205,0.407997727394104,-0.05818197876214981,0.6351332664489746,0.6052693724632263,-0.024109819903969765,0.602110743522644,0.5776078104972839,-0.07552684843540192,0.6101825833320618,0.6641090512275696,-0.08324111253023148,0.6228954792022705,0.727467954158783,-0.07383020222187042,0.6738644242286682,0.6074776649475098,-0.030687395483255386,0.6427892446517944,0.5849080085754395,-0.08230644464492798,0.6485843658447266,0.6717014312744141,-0.0749349296092987,0.6563827991485596,0.7281864881515503,-0.05299597606062889,0.7121192216873169,0.6202899217605591,-0.0387553945183754,0.7009642720222473,0.5597655773162842,-0.0724392756819725,0.6932419538497925,0.521501898765564,-0.07468743622303009,0.6867236495018005,0.4766838252544403,-0.06718136370182037,0.24129025638103485,0.8299280405044556,-1.6602496089035412e-07,0.3106926381587982,0.8059245944023132,-0.024147922173142433,0.37233054637908936,0.7194170951843262,-0.03210078552365303,0.409467875957489,0.6487635970115662,-0.041718173772096634,0.43212372064590454,0.5913506746292114,-0.05088496953248978,0.3328742980957031,0.5956747531890869,-0.016784733161330223,0.3564150035381317,0.49808958172798157,-0.03842445835471153,0.37164223194122314,0.43792635202407837,-0.04845881462097168,0.3849829435348511,0.3848230838775635,-0.053901758044958115,0.2931411564350128,0.5907415747642517,-0.02209356799721718,0.32534337043762207,0.5470367074012756,-0.0744553729891777,0.3306967318058014,0.6282953023910522,-0.09345496445894241,0.3279215395450592,0.691882848739624,-0.09169099479913712,0.25242188572883606,0.6023523807525635,-0.030450470745563507,0.2782987058162689,0.5717380046844482,-0.08534911274909973,0.290370911359787,0.6622103452682495,-0.08955959975719452,0.29345932602882385,0.725186824798584,-0.07480485737323761,0.21296198666095734,0.6220921874046326,-0.039963435381650925,0.20521005988121033,0.5329326391220093,-0.0735548809170723,0.20213183760643005,0.4764523506164551,-0.0792672336101532,0.19964191317558289,0.417072594165802,-0.07556236535310745
105,0.72894287109375,0.8512492179870605,-2.4805706289043883e-07,0.6516573429107666,0.842370867729187,-0.025327706709504128,0.5801226496696472,0.768100917339325,-0.03613616153597832,0.5387241840362549,0.7034169435501099,-0.04828473553061485,0.4988308250904083,0.656177282333374,-0.059225521981716156,0.5970893502235413,0.6478279829025269,-0.022930985316634178,0.5553898811340332,0.5399459004402161,-0.04715975746512413,0.5324208736419678,0.47404399514198303,-0.056145962327718735,0.5102891325950623,0.414964884519577,-0.06160661205649376,0.6393072009086609,0.6289560198783875,-0.02555520087480545,0.6055974960327148,0.6035522818565369,-0.07905089110136032,0.6188535690307617,0.6964821219444275,-0.08620300143957138,0.63398677110672,0.7624786496162415,-0.07613049447536469,0.6806720495223999,0.628886342048645,-0.03198881074786186,0.649224042892456,0.604095458984375,-0.0871235653758049,0.6599722504615784,0.698641300201416,-0.07912319898605347,0.6698664426803589,0.7614471912384033,-0.055813778191804886,0.7220044732093811,0.6405546069145203,-0.04008592292666435,0.7101151943206787,0.5771862864494324,-0.07664288580417633,0.7044069170951843,0.5386216640472412,-0.07955770194530487,0.6993357539176941,0.49383091926574707,-0.0719015970826149,0.22553163766860962,0.8560048341751099,-2.244784411686851e-07,0.30248692631721497,0.8268653750419617,-0.025794148445129395,0.36711716651916504,0.7341955304145813,-0.033135589212179184,0.4051150381565094,0.6605112552642822,-0.0417434386909008,0.4254496097564697,0.6012651920318604,-0.04990772157907486,0.32036665081977844,0.6071782112121582,-0.02001313306391239,0.34645935893058777,0.5043893456459045,-0.04219592735171318,0.36060550808906555,0.4395189881324768,-0.051735442131757736,0.37296590209007263,0.38170546293258667,-0.056713566184043884,0.27606087923049927,0.6036999821662903,-0.024640247225761414,0.3116593062877655,0.5632252097129822,-0.08111760020256042,0.31309035420417786,0.6551897525787354,-0.10021304339170456,0.3076167106628418,0.7263111472129822,-0.0967988669872284,0.23175224661827087,0.6177109479904175,-0.03228403627872467,0.25928935408592224,0.5937375426292419,-0.09166468679904938,0.27125513553619385,0.6894879937171936,-0.09635277837514877,0.2757786214351654,0.7556894421577454,-0.08021455258131027,0.19018352031707764,0.6401495337486267,-0.040991440415382385,0.18026599287986755,0.5492172837257385,-0.07742656767368317,0.17362011969089508,0.49175137281417847,-0.08364945650100708,0.16932998597621918,0.43153709173202515,-0.0793955996632576
106,0.7329492568969727,0.8298315405845642,-1.5670035224957246e-07,0.6513495445251465,0.8125621676445007,-0.021076882258057594,0.578957200050354,0.7415876388549805,-0.031815119087696075,0.5353695750236511,0.6791279315948486,-0.04572673887014389,0.4973437488079071,0.6288334131240845,-0.05859960988163948,0.5985910892486572,0.6120448112487793,-0.016489235684275627,0.5570774078369141,0.5073923468589783,-0.042633526027202606,0.5360309481620789,0.43924111127853394,-0.05515627935528755,0.5164589881896973,0.37846803665161133,-0.0626145750284195,0.6416275501251221,0.5945448279380798,-0.02243174985051155,0.6120347380638123,0.573691725730896,-0.08014489710330963,0.6224091053009033,0.6652238368988037,-0.09349862486124039,0.6356325745582581,0.7332054972648621,-0.0864795446395874,0.684007465839386,0.5962080955505371,-0.031905803829431534,0.6563417911529541,0.5740104913711548,-0.08941439539194107,0.660893440246582,0.6692181825637817,-0.08473547548055649,0.6668797731399536,0.7350053191184998,-0.06254688650369644,0.7260096073150635,0.6110799312591553,-0.04267175868153572,0.7188847661018372,0.5434966683387756,-0.07963990420103073,0.7151675224304199,0.5041056871414185,-0.08260288834571838,0.7104529738426208,0.4591220021247864,-0.07408389449119568,0.22179146111011505,0.8523852825164795,-2.033745545304555e-07,0.29864010214805603,0.8163345456123352,-0.02462490275502205,0.36333492398262024,0.7229213118553162,-0.033635325729846954,0.4006335735321045,0.6501527428627014,-0.04510258883237839,0.42438632249832153,0.5900099873542786,-0.05579298362135887,0.3128141760826111,0.589628279209137,-0.01756468042731285,0.3390662968158722,0.4811021387577057,-0.03917993605136871,0.35102468729019165,0.4173715114593506,-0.046667203307151794,0.3628683388233185,0.3597782850265503,-0.04970727860927582,0.26679083704948425,0.5880491137504578,-0.023345360532402992,0.3020032048225403,0.5525513887405396,-0.08051548153162003,0.30500876903533936,0.6482678055763245,-0.09882904589176178,0.3018563985824585,0.7214251756668091,-0.0946621522307396,0.22198709845542908,0.6025010943412781,-0.03223494440317154,0.25014516711235046,0.5753706693649292,-0.09251071512699127,0.2615028917789459,0.676725447177887,-0.09578423947095871,0.26604560017585754,0.7473604679107666,-0.07806769013404846,0.1797994077205658,0.6251811385154724,-0.042148977518081665,0.16863836348056793,0.5306413769721985,-0.07785369455814362,0.16254684329032898,0.4700712561607361,-0.08320559561252594,0.15900865197181702,0.4064706563949585,-0.07809779047966003
107,0.7325406670570374,0.7860701084136963,-1.3656760700087034e-07,0.6507618427276611,0.7684532403945923,-0.021900469437241554,0.5741465091705322,0.6896228194236755,-0.03143368288874626,0.5245758891105652,0.6224187612533569,-0.043183065950870514,0.48543936014175415,0.5682262182235718,-0.05387319624423981,0.6001028418540955,0.5643439292907715,-0.015253106132149696,0.5567629337310791,0.45317724347114563,-0.03969097509980202,0.5359861850738525,0.38517624139785767,-0.051090314984321594,0.5178156495094299,0.32415229082107544,-0.05774176865816116,0.6420179605484009,0.5517542362213135,-0.01998809352517128,0.613918662071228,0.5075012445449829,-0.07824691385030746,0.6244863271713257,0.5985272526741028,-0.09096310287714005,0.6358712315559387,0.6686212420463562,-0.08176849782466888,0.6846272945404053,0.5542035102844238,-0.028058163821697235,0.6574590802192688,0.5223665237426758,-0.08381582051515579,0.6646115183830261,0.6128465533256531,-0.07834946364164352,0.6697736382484436,0.6739748120307922,-0.05479764565825462,0.7263006567955017,0.5652747750282288,-0.037502385675907135,0.7146918773651123,0.4900842308998108,-0.0717879980802536,0.7098284363746643,0.4435349106788635,-0.07324998080730438,0.704267144203186,0.39246851205825806,-0.06363815069198608,0.21905848383903503,0.8165826797485352,-1.5926863738968677e-07,0.29916539788246155,0.7874177694320679,-0.02715234085917473,0.3656192123889923,0.6914172172546387,-0.03503582254052162,0.40401503443717957,0.6131815910339355,-0.0442965030670166,0.42494070529937744,0.5524781942367554,-0.05303296446800232,0.31774869561195374,0.555542528629303,-0.02034461498260498,0.34231746196746826,0.4405685365200043,-0.04191422834992409,0.3537819981575012,0.3709767758846283,-0.050475697964429855,0.3641664385795593,0.30754682421684265,-0.05485896021127701,0.2716292440891266,0.5510337352752686,-0.023844728246331215,0.29654812812805176,0.5029138922691345,-0.07981818169355392,0.29639506340026855,0.5947886109352112,-0.09632986038923264,0.2920391261577606,0.6617267727851868,-0.09174352139234543,0.22442811727523804,0.563402533531189,-0.03068254515528679,0.24347057938575745,0.5256221294403076,-0.08937305212020874,0.25511690974235535,0.6221099495887756,-0.09061169624328613,0.2596409320831299,0.6881978511810303,-0.07266148924827576,0.1779240220785141,0.5815995335578918,-0.038993868976831436,0.16594305634498596,0.48429471254348755,-0.07459799200296402,0.15951615571975708,0.42364978790283203,-0.07946964353322983,0.15566623210906982,0.35932308435440063,-0.07452560216188431
108,0.7318516373634338,0.8016412258148193,-1.8026909742729913e-07,0.6504541635513306,0.7856270670890808,-0.020822394639253616,0.5769952535629272,0.7069587111473083,-0.030989903956651688,0.5321683287620544,0.6343027353286743,-0.044650956988334656,0.4911106824874878,0.5815905332565308,-0.057449787855148315,0.5873507857322693,0.5888636112213135,-0.01584092155098915,0.5493597984313965,0.4696735739707947,-0.04309827461838722,0.5321264863014221,0.3967093229293823,-0.05445224046707153,0.5186694860458374,0.3302081823348999,-0.059813182801008224,0.6309699416160583,0.5716372132301331,-0.021119188517332077,0.6051076054573059,0.533264696598053,-0.079808309674263,0.6143887639045715,0.6247556209564209,-0.09145396947860718,0.6270279288291931,0.692902147769928,-0.08225331455469131,0.6726351380348206,0.5683157444000244,-0.0299563966691494,0.6482860445976257,0.5346192121505737,-0.08824887126684189,0.6566977500915527,0.6312240362167358,-0.08216571062803268,0.6654478907585144,0.6960702538490295,-0.05817856267094612,0.7146598100662231,0.5749614834785461,-0.03992767632007599,0.7105172872543335,0.4998113214969635,-0.07391025125980377,0.7077882885932922,0.4565914273262024,-0.0742698460817337,0.703324556350708,0.40874260663986206,-0.0641186460852623,0.22715605795383453,0.8241520524024963,-2.8923562922500423e-07,0.3070243000984192,0.7876096963882446,-0.023096563294529915,0.3735640048980713,0.6951898336410522,-0.029851868748664856,0.414264976978302,0.6239564418792725,-0.03943372145295143,0.439278781414032,0.5678890347480774,-0.0487002469599247,0.32439687848091125,0.5642063021659851,-0.01273628044873476,0.3507654368877411,0.4569256007671356,-0.03441043570637703,0.3635653853416443,0.38964420557022095,-0.04354150593280792,0.3744385540485382,0.3286929130554199,-0.048146091401576996,0.28111618757247925,0.5606861114501953,-0.01902468316257,0.30770617723464966,0.5096064805984497,-0.07591143250465393,0.3116147518157959,0.6018276810646057,-0.09481341391801834,0.310288667678833,0.6733086109161377,-0.09081864356994629,0.2368665486574173,0.5747038722038269,-0.028427571058273315,0.2585834264755249,0.5379327535629272,-0.08817416429519653,0.26883992552757263,0.6393387317657471,-0.0904078260064125,0.2715718448162079,0.7075981497764587,-0.07191009819507599,0.19521063566207886,0.5960479974746704,-0.03900684416294098,0.17990021407604218,0.5015183687210083,-0.07530104368925095,0.175029456615448,0.43995606899261475,-0.08054682612419128,0.17148220539093018,0.3720768690109253,-0.07537034898996353
109,0.7159551978111267,0.8468396663665771,6.31229752912077e-08,0.6480101943016052,0.8401150703430176,-0.015643693506717682,0.5735340714454651,0.765913188457489,-0.020975124090909958,0.533639669418335,0.7037303447723389,-0.027957135811448097,0.4985520839691162,0.6583831310272217,-0.03523429110646248,0.5954599380493164,0.6328590512275696,-0.020997628569602966,0.5583149790763855,0.5276684165000916,-0.04166695103049278,0.5357955098152161,0.4626999497413635,-0.04993980750441551,0.5153147578239441,0.407083660364151,-0.05654369294643402,0.6389667391777039,0.614620566368103,-0.028145914897322655,0.6013867855072021,0.606327474117279,-0.07454266399145126,0.616216778755188,0.6948148608207703,-0.0834568440914154,0.6348520517349243,0.7499881982803345,-0.07821182906627655,0.6842324733734131,0.6192771196365356,-0.03776232898235321,0.6447110176086426,0.6149990558624268,-0.08946806937456131,0.653491199016571,0.7082899808883667,-0.08654691278934479,0.6644247770309448,0.7668341398239136,-0.06972119957208633,0.7268269658088684,0.6396704316139221,-0.047650497406721115,0.7175067663192749,0.5713798403739929,-0.09111125022172928,0.7132559418678284,0.5294206738471985,-0.10178208351135254,0.7061817646026611,0.4774893522262573,-0.09992340952157974,0.22409182786941528,0.861903190612793,-3.977964979640092e-07,0.30377626419067383,0.8237831592559814,-0.019709007814526558,0.36885693669319153,0.7333989143371582,-0.026246702298521996,0.40986308455467224,0.6621615290641785,-0.036121807992458344,0.4344174563884735,0.6064826250076294,-0.04538240656256676,0.32083040475845337,0.6025041341781616,-0.015721280127763748,0.34851589798927307,0.5002045035362244,-0.037347227334976196,0.36084428429603577,0.4391740560531616,-0.04569363221526146,0.3721703290939331,0.38173729181289673,-0.050433892756700516,0.27619361877441406,0.5985950231552124,-0.02394207753241062,0.3093588948249817,0.5637762546539307,-0.08012939244508743,0.3135163486003876,0.6564335823059082,-0.09738290309906006,0.3099880814552307,0.723558247089386,-0.0940432921051979,0.23312075436115265,0.6136466860771179,-0.035097233951091766,0.2629024088382721,0.586731493473053,-0.09548511356115341,0.2761788070201874,0.6856523752212524,-0.0990070030093193,0.279187947511673,0.7518160343170166,-0.08275102078914642,0.1951330006122589,0.6375421285629272,-0.0470433235168457,0.18348369002342224,0.5452985763549805,-0.08677571266889572,0.1777030974626541,0.48332667350769043,-0.09572239965200424,0.17381316423416138,0.4161163568496704,-0.09357140213251114
110,0.7300457954406738,0.8458353281021118,-2.844308255589567e-07,0.6530062556266785,0.8234615325927734,-0.020429903641343117,0.5868371725082397,0.7580240964889526,-0.03273739293217659,0.5463371276855469,0.6977667808532715,-0.04764508828520775,0.5118836164474487,0.6481569409370422,-0.06146872043609619,0.6030555367469788,0.6427886486053467,-0.020490331575274467,0.5632493495941162,0.5390941500663757,-0.045559536665678024,0.5412458181381226,0.4779331088066101,-0.05554794520139694,0.5212644338607788,0.42199236154556274,-0.06056072190403938,0.6423904299736023,0.6305058598518372,-0.0252157524228096,0.6118369102478027,0.6079965233802795,-0.07788650691509247,0.6199902296066284,0.695187509059906,-0.0872625857591629,0.6321818828582764,0.7581698894500732,-0.07885923236608505,0.6790338158607483,0.6322587728500366,-0.03291547670960426,0.650607168674469,0.6126867532730103,-0.0853695496916771,0.6583575010299683,0.7002130150794983,-0.07882728427648544,0.6673717498779297,0.7585022449493408,-0.056913260370492935,0.7163702845573425,0.642192542552948,-0.041726309806108475,0.7078942656517029,0.5802956223487854,-0.07184743136167526,0.7032681703567505,0.5435110926628113,-0.07081487774848938,0.6981819272041321,0.5032742023468018,-0.060903940349817276,0.22697897255420685,0.8529866933822632,-2.7021002324545407e-07,0.30650120973587036,0.8129187822341919,-0.021230384707450867,0.3698781728744507,0.7262039184570312,-0.02870914712548256,0.4042327404022217,0.6563483476638794,-0.0391705259680748,0.42673662304878235,0.6010869145393372,-0.048750244081020355,0.31644508242607117,0.613419234752655,-0.014562863856554031,0.3430629074573517,0.5107259750366211,-0.035401638597249985,0.3565923571586609,0.45114463567733765,-0.043241120874881744,0.36986657977104187,0.3966446816921234,-0.046962011605501175,0.27663952112197876,0.6095463633537292,-0.020505540072917938,0.312625527381897,0.5685484409332275,-0.07581909745931625,0.31558936834335327,0.6557208299636841,-0.09371864050626755,0.3109031617641449,0.72281414270401,-0.08992262929677963,0.23768723011016846,0.6199864745140076,-0.02929767593741417,0.26403215527534485,0.5875335931777954,-0.08537286520004272,0.2752194106578827,0.6798327565193176,-0.0888964831829071,0.2777726352214813,0.743409276008606,-0.07299599051475525,0.20205476880073547,0.6372875571250916,-0.0391387939453125,0.18623170256614685,0.550797700881958,-0.0724288821220398,0.1806231290102005,0.495042622089386,-0.07873774319887161,0.1770140528678894,0.4363006353378296,-0.075297050178051
111,0.7285940051078796,0.7926967144012451,-9.371144216174798e-08,0.6517547965049744,0.7692703008651733,-0.018196426331996918,0.5889670252799988,0.7042378783226013,-0.027485443279147148,0.549155056476593,0.6446590423583984,-0.040330804884433746,0.5130298137664795,0.5969728231430054,-0.051995355635881424,0.6028453707695007,0.5990512371063232,-0.007260638754814863,0.5661181807518005,0.49627089500427246,-0.031322408467531204,0.5487018823623657,0.4353240132331848,-0.04335150122642517,0.5332499146461487,0.37874919176101685,-0.04968036711215973,0.6385557651519775,0.5873894095420837,-0.012261888012290001,0.6087877154350281,0.5469157099723816,-0.06310966610908508,0.6193674206733704,0.6274276971817017,-0.07324223965406418,0.6339945793151855,0.6846636533737183,-0.06438789516687393,0.6733018159866333,0.5865956544876099,-0.02102251909673214,0.6449790596961975,0.5491336584091187,-0.0693112313747406,0.6530755758285522,0.6309043169021606,-0.06147785484790802,0.6635974645614624,0.6850204467773438,-0.038493912667036057,0.7072852253913879,0.5947459936141968,-0.03147422522306442,0.6981033682823181,0.5295558571815491,-0.05984361469745636,0.6913886666297913,0.4919925928115845,-0.05918364226818085,0.6865214705467224,0.4485834538936615,-0.04902556538581848,0.2415046989917755,0.7992352247238159,-1.518239969300339e-07,0.31359806656837463,0.767553448677063,-0.020132895559072495,0.37223538756370544,0.6928822994232178,-0.02779516950249672,0.40395450592041016,0.628708004951477,-0.03761482611298561,0.4221073389053345,0.5746707320213318,-0.046730414032936096,0.33013710379600525,0.5750338435173035,-0.01384227816015482,0.35341814160346985,0.48263806104660034,-0.032483749091625214,0.365505576133728,0.42774659395217896,-0.03977768123149872,0.37575584650039673,0.37784016132354736,-0.04301058128476143,0.292117178440094,0.5714175701141357,-0.018989957869052887,0.3187066316604614,0.5296624898910522,-0.06649709492921829,0.3230571448802948,0.6031229496002197,-0.082057885825634,0.32016536593437195,0.6571754217147827,-0.07956917583942413,0.25387823581695557,0.5820085406303406,-0.02671525999903679,0.2745438814163208,0.5483803749084473,-0.07701302319765091,0.28720298409461975,0.6264910697937012,-0.08032361418008804,0.2908737361431122,0.6779870390892029,-0.0670250654220581,0.21748456358909607,0.5985870957374573,-0.035269733518362045,0.20640809834003448,0.5142136216163635,-0.06521981209516525,0.20186235010623932,0.46029865741729736,-0.06976652145385742,0.19754931330680847,0.40378087759017944,-0.06627435237169266
112,0.7221242189407349,0.763987123966217,-9.446864623896545e-08,0.6490182876586914,0.7525066137313843,-0.020895708352327347,0.5848302841186523,0.6854010224342346,-0.03037000633776188,0.5491633415222168,0.6232861876487732,-0.04189055785536766,0.5195440053939819,0.5692561268806458,-0.05181657895445824,0.6043171286582947,0.5764138698577881,-0.012010125443339348,0.5719565749168396,0.47343263030052185,-0.03356590121984482,0.5544853806495667,0.41465091705322266,-0.04337098076939583,0.5386112332344055,0.3615979552268982,-0.04911581426858902,0.6390605568885803,0.5680261254310608,-0.015336918644607067,0.610602617263794,0.5189754962921143,-0.06653591990470886,0.6188007593154907,0.5946895480155945,-0.07753799110651016,0.6318895220756531,0.65247642993927,-0.06958866119384766,0.6718466281890869,0.5685100555419922,-0.021913405507802963,0.6426364779472351,0.5249300003051758,-0.0689835250377655,0.6493127942085266,0.6085412502288818,-0.06090101599693298,0.6574041247367859,0.6649762392044067,-0.03891826048493385,0.7044817805290222,0.5757617354393005,-0.030350156128406525,0.6909201741218567,0.5127636194229126,-0.05865594372153282,0.6828134655952454,0.47561007738113403,-0.058421723544597626,0.6742565035820007,0.43146634101867676,-0.04960528016090393,0.24488195776939392,0.7786170244216919,-1.3126374653893436e-07,0.31478431820869446,0.753960132598877,-0.02205675281584263,0.37253233790397644,0.6795363426208496,-0.02840450219810009,0.4046850800514221,0.613783597946167,-0.03616781905293465,0.4238578677177429,0.559640109539032,-0.04312529414892197,0.33814290165901184,0.571628987789154,-0.01300186850130558,0.3618881404399872,0.47673332691192627,-0.029861964285373688,0.3729093670845032,0.42036664485931396,-0.036059215664863586,0.38258785009384155,0.3685045838356018,-0.03899696469306946,0.30284157395362854,0.565281867980957,-0.01672987826168537,0.3259381949901581,0.510610044002533,-0.06436538696289062,0.33013394474983215,0.5784648060798645,-0.08136971294879913,0.328235000371933,0.6341440677642822,-0.07892836630344391,0.265817254781723,0.5707513689994812,-0.023071376606822014,0.2839108407497406,0.5257972478866577,-0.0713481456041336,0.29776307940483093,0.6008790731430054,-0.07617493718862534,0.3030495047569275,0.6545885801315308,-0.06361591815948486,0.22898957133293152,0.5806041955947876,-0.03052724339067936,0.22131267189979553,0.4966776371002197,-0.058177120983600616,0.22010666131973267,0.44352197647094727,-0.06357640773057938,0.21867211163043976,0.38838812708854675,-0.060867130756378174
113,0.7251800298690796,0.7692419290542603,-1.694902493909467e-07,0.6524710655212402,0.7519295811653137,-0.020171169191598892,0.589025616645813,0.6847168207168579,-0.029421184211969376,0.5549129247665405,0.6234161257743835,-0.040272317826747894,0.528328537940979,0.5699664354324341,-0.04994898661971092,0.6110817193984985,0.5791884660720825,-0.015019678510725498,0.5807592868804932,0.4782184958457947,-0.03668881952762604,0.5630329251289368,0.41896212100982666,-0.04608508199453354,0.5466590523719788,0.3658680021762848,-0.051363248378038406,0.6454993486404419,0.5723138451576233,-0.018343059346079826,0.6159497499465942,0.5296787023544312,-0.06667551398277283,0.6199411153793335,0.6069691181182861,-0.07637079060077667,0.6296073794364929,0.6638152003288269,-0.06874023377895355,0.6776342988014221,0.5750954151153564,-0.024667464196681976,0.6492486596107483,0.5355520844459534,-0.07071760296821594,0.6508466601371765,0.6145207285881042,-0.06432649493217468,0.655520498752594,0.6677652597427368,-0.04429076984524727,0.7100352644920349,0.5836235880851746,-0.032525260001420975,0.6941277980804443,0.5187968611717224,-0.06051979959011078,0.6855639219284058,0.4812096953392029,-0.06083587929606438,0.6787996292114258,0.4389134347438812,-0.05275895446538925,0.2489795833826065,0.7868729829788208,-1.5367000116839336e-07,0.31612032651901245,0.757041335105896,-0.018297739326953888,0.36907535791397095,0.6799284219741821,-0.023768804967403412,0.4008159339427948,0.6153154969215393,-0.03123154491186142,0.42502057552337646,0.5653029680252075,-0.03809814900159836,0.33110907673835754,0.5754122138023376,-0.012017153203487396,0.35186609625816345,0.4804486334323883,-0.028404084965586662,0.3641786277294159,0.424213171005249,-0.03437814861536026,0.37516263127326965,0.37461113929748535,-0.03720150887966156,0.29849037528038025,0.5705849528312683,-0.017615756019949913,0.32420068979263306,0.5212520360946655,-0.061698999255895615,0.3358423411846161,0.5872918963432312,-0.0781143382191658,0.3368585407733917,0.6430984139442444,-0.07685176283121109,0.26439616084098816,0.5775477290153503,-0.025421027094125748,0.28497424721717834,0.5373649001121521,-0.07104060798883438,0.30162814259529114,0.612345814704895,-0.0761290043592453,0.30625638365745544,0.6670567393302917,-0.06523296982049942,0.23050157725811005,0.5911216139793396,-0.03393513336777687,0.21823540329933167,0.5050862431526184,-0.06037451699376106,0.21741752326488495,0.4514889717102051,-0.06549675762653351,0.21591129899024963,0.3975467085838318,-0.06340215355157852
114,0.7393441200256348,0.782795786857605,-3.2309301900568244e-07,0.6635541915893555,0.728164792060852,-0.0009455811814405024,0.6160370707511902,0.6514182090759277,-0.00601388793438673,0.5862921476364136,0.5901957154273987,-0.016687000170350075,0.5576521158218384,0.5400916934013367,-0.02807244285941124,0.6652645468711853,0.5463709235191345,-0.0033506823237985373,0.6227781772613525,0.46360403299331665,-0.026004455983638763,0.5969009399414062,0.4122698903083801,-0.03991524875164032,0.5719473361968994,0.3642401099205017,-0.049873221665620804,0.69944828748703,0.5461763739585876,-0.017707206308841705,0.626882016658783,0.5316224098205566,-0.05896919220685959,0.6135161519050598,0.613628625869751,-0.06892137974500656,0.6169455051422119,0.6690840721130371,-0.06722115725278854,0.7237982153892517,0.5687320828437805,-0.03407111391425133,0.6523658633232117,0.551037609577179,-0.07515065371990204,0.6367963552474976,0.6284822225570679,-0.06895136088132858,0.6401180624961853,0.6847513318061829,-0.05299902707338333,0.7380967140197754,0.6041292548179626,-0.05073622986674309,0.7021412253379822,0.5456183552742004,-0.07938995957374573,0.6813104748725891,0.5147139430046082,-0.0819840058684349,0.6699850559234619,0.4868311285972595,-0.07734958827495575,0.2461830973625183,0.8028302192687988,-1.4141036785986216e-07,0.310403048992157,0.7603775262832642,-0.009791312739253044,0.3520865738391876,0.6811756491661072,-0.014720851555466652,0.37702298164367676,0.6185283064842224,-0.02385992370545864,0.39289718866348267,0.5620667934417725,-0.03246653452515602,0.312520831823349,0.5735427737236023,-0.005891577806323767,0.33187925815582275,0.48229503631591797,-0.024248894304037094,0.3495537042617798,0.42784494161605835,-0.033145733177661896,0.3661652207374573,0.38176631927490234,-0.03756780922412872,0.2845970690250397,0.5761696100234985,-0.016413848847150803,0.32964012026786804,0.5463019609451294,-0.06148587167263031,0.3515039384365082,0.6154813170433044,-0.07987654209136963,0.35806289315223694,0.6718267798423767,-0.08080186694860458,0.25714701414108276,0.590523362159729,-0.028860323131084442,0.298007994890213,0.5614699721336365,-0.07506272196769714,0.3237786293029785,0.6326429843902588,-0.08262951672077179,0.3336530923843384,0.6874711513519287,-0.07415338605642319,0.23066487908363342,0.6124639511108398,-0.04130791127681732,0.2257486879825592,0.5308056473731995,-0.06892909854650497,0.22356915473937988,0.47702673077583313,-0.07564012706279755,0.22177018225193024,0.4266699552536011,-0.07473816722631454
115,0.7589722275733948,0.7664381861686707,-4.730576392830699e-07,0.6858810186386108,0.6817566156387329,0.020109236240386963,0.6518157124519348,0.6049661040306091,0.018834473565220833,0.6273425221443176,0.5479686260223389,0.008224056102335453,0.5983483791351318,0.5036947727203369,-0.0036053943913429976,0.7132682800292969,0.5102376937866211,0.005682564806193113,0.6606297492980957,0.4382670223712921,-0.010139231570065022,0.6346293091773987,0.3948163390159607,-0.017167063429951668,0.6116816401481628,0.35007381439208984,-0.023741547018289566,0.7368638515472412,0.5227721333503723,-0.01949392259120941,0.6397057771682739,0.5171123743057251,-0.052746210247278214,0.6188850402832031,0.5889259576797485,-0.05761014297604561,0.6166818737983704,0.6374529600143433,-0.056806690990924835,0.7452486753463745,0.5576050877571106,-0.045193932950496674,0.6521303057670593,0.5482719540596008,-0.08182883262634277,0.6274968385696411,0.6210724711418152,-0.0767049565911293,0.6248992085456848,0.6746202111244202,-0.06629741936922073,0.7394818067550659,0.6024024486541748,-0.06939391791820526,0.6961231231689453,0.5514265298843384,-0.10161692649126053,0.6728472709655762,0.52113938331604,-0.11233993619680405,0.6581038236618042,0.49615713953971863,-0.117021344602108,0.25013497471809387,0.8004647493362427,-5.592050378311342e-09,0.3194466233253479,0.7392019033432007,0.003975491505116224,0.35135573148727417,0.6574432253837585,0.005886596627533436,0.36729204654693604,0.5935974717140198,-0.0007868162356317043,0.37847501039505005,0.5337600111961365,-0.006835393141955137,0.3046039342880249,0.5661259293556213,0.02307237684726715,0.3222115635871887,0.47371232509613037,0.01214036624878645,0.33788159489631653,0.4241792559623718,0.007734594866633415,0.3511902391910553,0.38089054822921753,0.006182986777275801,0.28287172317504883,0.5696808099746704,0.004926661960780621,0.32175666093826294,0.5131872296333313,-0.029475415125489235,0.3487338721752167,0.531514585018158,-0.048225123435258865,0.36211520433425903,0.5495314598083496,-0.0517929308116436,0.26312482357025146,0.5825564861297607,-0.015900716185569763,0.32109588384628296,0.5457199215888977,-0.05778833106160164,0.3570988178253174,0.6058586239814758,-0.06815136969089508,0.37124913930892944,0.6544421911239624,-0.061730608344078064,0.24623186886310577,0.604223906993866,-0.03602031245827675,0.25667858123779297,0.5283253788948059,-0.05959339067339897,0.2636417746543884,0.477059543132782,-0.0657884031534195,0.2686379551887512,0.4307185411453247,-0.06543368846178055
116,0.7693302631378174,0.7560073137283325,-4.4566249357558263e-07,0.6991890072822571,0.6783480644226074,0.0037322419229894876,0.6740761399269104,0.5955338478088379,-0.0006987599772401154,0.6586823463439941,0.5314172506332397,-0.010442303493618965,0.6407031416893005,0.4838600158691406,-0.02064400352537632,0.7320444583892822,0.5076626539230347,-0.006211572326719761,0.686276912689209,0.4289783835411072,-0.022942662239074707,0.6645140647888184,0.3796887993812561,-0.031011104583740234,0.6467910408973694,0.3314690589904785,-0.03725401684641838,0.7495447397232056,0.5245241522789001,-0.020454885438084602,0.6525920033454895,0.5211367011070251,-0.05629328265786171,0.6255590319633484,0.5829663276672363,-0.06648921221494675,0.6199500560760498,0.6297159790992737,-0.06810080260038376,0.7509417533874512,0.5603638291358948,-0.03542967885732651,0.6574828624725342,0.5576555728912354,-0.07416602969169617,0.6364892721176147,0.6205785870552063,-0.07543280720710754,0.6369910836219788,0.6632261872291565,-0.06770826131105423,0.7423282861709595,0.6027403473854065,-0.0494779609143734,0.6957762241363525,0.5470304489135742,-0.07650058716535568,0.6668486595153809,0.5114100575447083,-0.08426037430763245,0.6462732553482056,0.4778870940208435,-0.08610610663890839,0.2469864785671234,0.7752434015274048,3.985433849607034e-08,0.3158002495765686,0.7082709670066833,0.01539162639528513,0.34238743782043457,0.6313855051994324,0.021323800086975098,0.358407199382782,0.5752457976341248,0.017066964879631996,0.3726646900177002,0.5229635238647461,0.013086027465760708,0.2886899411678314,0.5453936457633972,0.028532197698950768,0.31555044651031494,0.46054887771606445,0.02265327237546444,0.3318870961666107,0.4117964208126068,0.021788818761706352,0.3447445333003998,0.37103337049484253,0.02254643850028515,0.26890555024147034,0.5484561324119568,0.0053831650875508785,0.3218211829662323,0.49716269969940186,-0.019891828298568726,0.3439634442329407,0.4851195216178894,-0.03397340700030327,0.3556797504425049,0.47198647260665894,-0.03658497706055641,0.25724339485168457,0.5649554133415222,-0.01951327547430992,0.33608198165893555,0.5469826459884644,-0.0551837682723999,0.369465708732605,0.6087770462036133,-0.06490659713745117,0.38246262073516846,0.6533571481704712,-0.05912172794342041,0.2528713345527649,0.5891496539115906,-0.042811863124370575,0.272776335477829,0.5208314657211304,-0.06247352436184883,0.27991461753845215,0.47189244627952576,-0.06726954877376556,0.2870170772075653,0.42874494194984436,-0.06615468114614487
117,0.7514599561691284,0.7696347236633301,-4.6791873842266796e-07,0.6856991648674011,0.6866459250450134,0.005269079469144344,0.6628066301345825,0.6014919281005859,0.0015194311272352934,0.6490432620048523,0.5353482365608215,-0.007968164049088955,0.6332281231880188,0.4892283082008362,-0.01811487413942814,0.7259458303451538,0.5240982174873352,-0.006097092293202877,0.6810028553009033,0.4450828433036804,-0.022829419001936913,0.6591140627861023,0.3956531882286072,-0.03200731426477432,0.6417035460472107,0.3491515815258026,-0.03938112407922745,0.7433827519416809,0.5385167598724365,-0.021667182445526123,0.6469672322273254,0.539193868637085,-0.05720368027687073,0.615999698638916,0.5971454381942749,-0.06993994116783142,0.605749785900116,0.643256664276123,-0.07394152879714966,0.7442965507507324,0.574402391910553,-0.03765464946627617,0.6483176350593567,0.574380099773407,-0.07530757784843445,0.6211926937103271,0.6312143802642822,-0.07965227961540222,0.6164115071296692,0.6728804707527161,-0.07487650215625763,0.7362780570983887,0.6164606809616089,-0.05275954678654671,0.692641019821167,0.5624417662620544,-0.08031023293733597,0.6595427989959717,0.5281075239181519,-0.0906001478433609,0.634048342704773,0.5016300678253174,-0.09464579075574875,0.2589569091796875,0.7806975245475769,2.3017618389076233e-07,0.3220790922641754,0.709895133972168,0.006462569814175367,0.34561479091644287,0.628404438495636,0.012794582173228264,0.36097806692123413,0.5723504424095154,0.01065732166171074,0.3773230016231537,0.5193408727645874,0.008878974243998528,0.29516634345054626,0.5445494055747986,0.030145330354571342,0.3190162181854248,0.4724612832069397,0.02254212275147438,0.333332359790802,0.42497289180755615,0.019182106480002403,0.34389251470565796,0.3845028281211853,0.019356653094291687,0.2768150269985199,0.5466987490653992,0.010780148208141327,0.308834046125412,0.47100603580474854,-0.009264788590371609,0.33173051476478577,0.420113205909729,-0.023841826245188713,0.34962475299835205,0.3743148446083069,-0.02864021249115467,0.2619757652282715,0.5634307265281677,-0.012281798757612705,0.32856741547584534,0.5342995524406433,-0.050856441259384155,0.3656788170337677,0.5932244658470154,-0.06362399458885193,0.3836585283279419,0.6366117000579834,-0.05831717327237129,0.252042293548584,0.5898348093032837,-0.034522078931331635,0.2693660259246826,0.5200937986373901,-0.05611580237746239,0.274541974067688,0.47182899713516235,-0.06134207174181938,0.27949678897857666,0.42846807837486267,-0.060476236045360565
118,0.7392842173576355,0.7886871099472046,-4.4088315576118475e-07,0.6704234480857849,0.7093261480331421,0.005241826642304659,0.6448463797569275,0.6229038238525391,0.0008996953838504851,0.6307376027107239,0.5589274168014526,-0.009086010977625847,0.6136531829833984,0.5064622759819031,-0.019988156855106354,0.7091184258460999,0.5376657247543335,-0.007913266308605671,0.6642777919769287,0.45644834637641907,-0.02496432140469551,0.6416561007499695,0.4046986699104309,-0.03602132201194763,0.6221177577972412,0.3553389310836792,-0.046037930995225906,0.7284983396530151,0.5550687909126282,-0.02456967905163765,0.6265072226524353,0.5441954135894775,-0.06243563070893288,0.5929131507873535,0.6064616441726685,-0.07497145235538483,0.5825527906417847,0.6562165021896362,-0.07844199985265732,0.7300935387611389,0.5940506458282471,-0.0416112057864666,0.6310203075408936,0.5827533602714539,-0.07850504666566849,0.6000033617019653,0.6399619579315186,-0.08020082116127014,0.5938745737075806,0.6839012503623962,-0.07434825599193573,0.7224389314651489,0.6394867897033691,-0.058110807090997696,0.6815193295478821,0.588799238204956,-0.0873454213142395,0.6514550447463989,0.5529796481132507,-0.0986250638961792,0.6302698254585266,0.5246986150741577,-0.10342925786972046,0.2612413167953491,0.8014768362045288,-1.921272030358523e-07,0.3212873935699463,0.7254766225814819,0.01636844500899315,0.34560638666152954,0.6374596953392029,0.01935209147632122,0.36364465951919556,0.5732434391975403,0.013274865224957466,0.38162288069725037,0.5207237005233765,0.007015007548034191,0.2791849672794342,0.5494488477706909,0.01590907573699951,0.3149212896823883,0.47244420647621155,0.006068849004805088,0.3320315480232239,0.4225529432296753,0.002404589205980301,0.34725499153137207,0.37717461585998535,-0.001205569482408464,0.2590242028236389,0.556800127029419,-0.008248071186244488,0.33688122034072876,0.5314501523971558,-0.04395891726016998,0.36866214871406555,0.5882989764213562,-0.058679692447185516,0.383372038602829,0.6330178380012512,-0.05992399528622627,0.2496863752603531,0.5803458094596863,-0.03250623494386673,0.3360481560230255,0.5641109943389893,-0.07218600809574127,0.3760381042957306,0.6272825598716736,-0.07754756510257721,0.39260542392730713,0.6714341044425964,-0.07026449590921402,0.2502408027648926,0.6120582222938538,-0.05501742288470268,0.2689741551876068,0.5407951474189758,-0.08021286875009537,0.2744868993759155,0.49448251724243164,-0.08630863577127457,0.27873700857162476,0.44959238171577454,-0.0866352841258049
119,0.7365426421165466,0.8044362664222717,-5.442771566777083e-07,0.6777623295783997,0.7178089022636414,0.009248370304703712,0.6480210423469543,0.6241372227668762,0.0068894955329597,0.6274951100349426,0.5536531805992126,-0.0012971240794286132,0.6050885319709778,0.5012605786323547,-0.00990370661020279,0.7020596265792847,0.5431981086730957,-0.01048736646771431,0.6544561982154846,0.4622485637664795,-0.029016274958848953,0.62978196144104,0.4089469015598297,-0.03689459711313248,0.6099154949188232,0.3596535921096802,-0.04423590004444122,0.7201648354530334,0.5633838176727295,-0.02890132926404476,0.6179646253585815,0.5620443820953369,-0.07013043016195297,0.5891839861869812,0.62727952003479,-0.07941648364067078,0.5827834010124207,0.6796928644180298,-0.08050595223903656,0.723027229309082,0.6077242493629456,-0.04764210060238838,0.6239379644393921,0.6003937721252441,-0.09073234349489212,0.5927468538284302,0.6593120694160461,-0.09251406043767929,0.586054801940918,0.7054648995399475,-0.08581354469060898,0.7177344560623169,0.6585471034049988,-0.06508475542068481,0.6705203056335449,0.6134849190711975,-0.10183369368314743,0.6382102966308594,0.5752138495445251,-0.11803162842988968,0.6163988709449768,0.542184591293335,-0.1257936656475067,0.26142680644989014,0.8189103007316589,-3.3157178336296056e-07,0.318419486284256,0.7374561429023743,0.021081294864416122,0.34540390968322754,0.6457341909408569,0.02467244304716587,0.36706051230430603,0.5799546241760254,0.017098695039749146,0.3879660665988922,0.524956464767456,0.008478252217173576,0.28745362162590027,0.5610190629959106,0.018360896036028862,0.31882452964782715,0.47644031047821045,0.006720069330185652,0.3346519470214844,0.4249482750892639,0.002686150139197707,0.3490220606327057,0.37878847122192383,-0.00013033147843088955,0.2656874656677246,0.568945050239563,-0.00961257517337799,0.344765841960907,0.5529584884643555,-0.048420920968055725,0.3790436387062073,0.616609513759613,-0.06293263286352158,0.395612895488739,0.6678070425987244,-0.06281441450119019,0.25406184792518616,0.5943124294281006,-0.037502650171518326,0.33847829699516296,0.579429030418396,-0.07940630614757538,0.3790974020957947,0.6438172459602356,-0.08316104859113693,0.3979980945587158,0.6913220286369324,-0.07351769506931305,0.25182145833969116,0.6273140907287598,-0.06353759765625,0.2667020857334137,0.5537929534912109,-0.08989343047142029,0.26945942640304565,0.5052375793457031,-0.09466589242219925,0.27319005131721497,0.4600464701652527,-0.09305006265640259
120,0.7157513499259949,0.8323366641998291,-1.1191367121909934e-07,0.6438454389572144,0.7591890692710876,0.0013266629539430141,0.6055445671081543,0.6713367700576782,-0.003485927125439048,0.5805039405822754,0.6058759689331055,-0.01410296093672514,0.5482667088508606,0.5579233765602112,-0.023758547380566597,0.6567314863204956,0.5692682862281799,4.568917574943043e-05,0.6208693981170654,0.48601335287094116,-0.019575951620936394,0.6006070375442505,0.4327259659767151,-0.030753418803215027,0.5843985676765442,0.38136911392211914,-0.03838961571455002,0.6830493211746216,0.5765477418899536,-0.01585649698972702,0.620628833770752,0.521143913269043,-0.05287974700331688,0.5968720316886902,0.5405172109603882,-0.06652411818504333,0.5876439213752747,0.5502102971076965,-0.06869470328092575,0.7041962146759033,0.605312168598175,-0.03328843414783478,0.6282290816307068,0.5819334983825684,-0.07613053172826767,0.594883143901825,0.6547911763191223,-0.07457117736339569,0.5841540694236755,0.7151961922645569,-0.06017540395259857,0.7159718871116638,0.6488842964172363,-0.0507645346224308,0.6843827366828918,0.5878807902336121,-0.08167708665132523,0.6650848388671875,0.5520161986351013,-0.08552759140729904,0.6535532474517822,0.5226889252662659,-0.08151048421859741,0.2662746012210846,0.8485127091407776,-2.2112321573786176e-07,0.33151575922966003,0.8011306524276733,-0.014837340451776981,0.3760736882686615,0.7102528214454651,-0.022389521822333336,0.40423691272735596,0.6396067142486572,-0.03471619263291359,0.42535698413848877,0.5823830962181091,-0.04651560261845589,0.33311986923217773,0.6067010164260864,-0.0056252251379191875,0.34998100996017456,0.5088180303573608,-0.026453496888279915,0.36807286739349365,0.45501452684402466,-0.03596290200948715,0.38318169116973877,0.4049479067325592,-0.04014831408858299,0.30161887407302856,0.6106417775154114,-0.015358222648501396,0.35218334197998047,0.5676227807998657,-0.06493236124515533,0.37599873542785645,0.6417931318283081,-0.08253300935029984,0.38307711482048035,0.6975807547569275,-0.08064091950654984,0.27371877431869507,0.6266390085220337,-0.028006883338093758,0.32171350717544556,0.5874345898628235,-0.07879755645990372,0.3484010398387909,0.663407564163208,-0.08211572468280792,0.3585590124130249,0.7176408767700195,-0.06763683259487152,0.24891351163387299,0.649412989616394,-0.041586995124816895,0.24993646144866943,0.5665602087974548,-0.07010279595851898,0.2517750859260559,0.5124001502990723,-0.07379204034805298,0.2545802593231201,0.4600454270839691,-0.06911628693342209
121,0.704592227935791,0.8446955680847168,-2.6086618731824274e-07,0.6358494758605957,0.8088523149490356,-0.0210582222789526,0.5828079581260681,0.7244930863380432,-0.03108365088701248,0.5536697506904602,0.6541755199432373,-0.04358099028468132,0.525834858417511,0.5961649417877197,-0.05468782037496567,0.614759087562561,0.618025004863739,-0.014390851370990276,0.5880985856056213,0.5037746429443359,-0.03698163852095604,0.571688711643219,0.43871793150901794,-0.04541633650660515,0.5572636127471924,0.3815792500972748,-0.04882727563381195,0.6483052372932434,0.6157954335212708,-0.018505366519093513,0.6143909692764282,0.5635235905647278,-0.06963954120874405,0.6023310422897339,0.6406269669532776,-0.08086051791906357,0.6001138091087341,0.7033458948135376,-0.07277330756187439,0.6774609684944153,0.6238952279090881,-0.02597847953438759,0.6412976384162903,0.5820832848548889,-0.0756106749176979,0.626777172088623,0.6627856492996216,-0.07156211137771606,0.6215862035751343,0.7196000218391418,-0.05131802335381508,0.7038413286209106,0.638454020023346,-0.034859348088502884,0.6867184042930603,0.5674126148223877,-0.06214667856693268,0.6767707467079163,0.5255832672119141,-0.061695609241724014,0.6704956293106079,0.47992873191833496,-0.05280552804470062,0.2527742087841034,0.857784628868103,-1.5416776477650274e-07,0.32302314043045044,0.8202897906303406,-0.0159786157310009,0.3760842978954315,0.7339603304862976,-0.02289539948105812,0.4106702506542206,0.6635640859603882,-0.034251172095537186,0.4337172508239746,0.6021902561187744,-0.04535181075334549,0.3364226520061493,0.6256150603294373,-0.005962419789284468,0.3604426383972168,0.522160530090332,-0.02678564563393593,0.3790738880634308,0.4640485644340515,-0.03616756573319435,0.39399969577789307,0.41112151741981506,-0.04053029790520668,0.30500638484954834,0.6240817904472351,-0.015938635915517807,0.3481917977333069,0.575042188167572,-0.06890047341585159,0.3656007945537567,0.6500405669212341,-0.0895792618393898,0.3671112656593323,0.7096512317657471,-0.08881284296512604,0.2745164632797241,0.6365227103233337,-0.028725573793053627,0.3133050203323364,0.5932399034500122,-0.0824042484164238,0.33721476793289185,0.6719152927398682,-0.08873198926448822,0.344228595495224,0.7281983494758606,-0.07582683861255646,0.24377477169036865,0.6558929681777954,-0.04211410507559776,0.2395966649055481,0.5699398517608643,-0.07285069674253464,0.24062544107437134,0.5138229727745056,-0.07826977968215942,0.2396852970123291,0.45650216937065125,-0.07489494234323502
122,0.7112839221954346,0.8354467153549194,-1.464787118266031e-07,0.638710081577301,0.8029031157493591,-0.02295793779194355,0.583844780921936,0.7190449833869934,-0.03167605400085449,0.5540381669998169,0.6502763628959656,-0.04193606600165367,0.523783802986145,0.5926371812820435,-0.0503242127597332,0.610653281211853,0.6157013773918152,-0.009633483365178108,0.5845434069633484,0.503731369972229,-0.027773691341280937,0.569124698638916,0.44237929582595825,-0.03415592387318611,0.5547026991844177,0.387006938457489,-0.03701264038681984,0.64460289478302,0.6127607822418213,-0.01136595755815506,0.6128902435302734,0.5549873113632202,-0.05871538445353508,0.6081925630569458,0.6306402087211609,-0.06933166831731796,0.6137601137161255,0.6911795139312744,-0.06086253374814987,0.6745307445526123,0.6188403367996216,-0.016486264765262604,0.6413081884384155,0.5665370225906372,-0.06206904351711273,0.6328597664833069,0.6528099179267883,-0.0557311549782753,0.6327695250511169,0.7127200961112976,-0.03435146436095238,0.7022014856338501,0.6323074102401733,-0.0234663225710392,0.6854605674743652,0.561440110206604,-0.04958243668079376,0.6771921515464783,0.5200492143630981,-0.04917484521865845,0.6731230616569519,0.47182413935661316,-0.04028598964214325,0.24803607165813446,0.8554944396018982,-1.097285391438163e-07,0.32293784618377686,0.8164436221122742,-0.01486575324088335,0.3784838616847992,0.7366281747817993,-0.020608985796570778,0.4139293134212494,0.6675204634666443,-0.030534105375409126,0.4397229254245758,0.6090047359466553,-0.03991921618580818,0.34088584780693054,0.6292387247085571,-0.0033337995409965515,0.3648150563240051,0.5256633162498474,-0.021375982090830803,0.3813900351524353,0.46769845485687256,-0.029498711228370667,0.3947029113769531,0.41498780250549316,-0.03365945443511009,0.30810844898223877,0.6262556910514832,-0.012604206800460815,0.34113115072250366,0.572083055973053,-0.061605121940374374,0.36012738943099976,0.6390530467033386,-0.08226846903562546,0.3644006848335266,0.696331262588501,-0.08288872241973877,0.27532023191452026,0.6356242895126343,-0.024459391832351685,0.30486029386520386,0.5839288234710693,-0.073294997215271,0.32935622334480286,0.6596939563751221,-0.08048345148563385,0.3379232585430145,0.7173837423324585,-0.07009372860193253,0.24200090765953064,0.6521784067153931,-0.03698006272315979,0.23572558164596558,0.5652854442596436,-0.06520361453294754,0.23521976172924042,0.5094849467277527,-0.07162519544363022,0.23227715492248535,0.4534747004508972,-0.06996607780456543
123,0.7105307579040527,0.8243698477745056,-2.1322576060356369e-07,0.6350177526473999,0.7757000923156738,-0.008930637501180172,0.5838477611541748,0.6907436847686768,-0.013906851410865784,0.5572353601455688,0.6229698657989502,-0.023040536791086197,0.5342234373092651,0.5651564598083496,-0.03127153962850571,0.6238966584205627,0.5878608226776123,-0.0007938587223179638,0.5992728471755981,0.4866047501564026,-0.01931411772966385,0.5825448036193848,0.4293890595436096,-0.02794344164431095,0.5659661889076233,0.37763965129852295,-0.033291883766651154,0.6582732796669006,0.5887060165405273,-0.00959715060889721,0.6116438508033752,0.5483813285827637,-0.05340084806084633,0.5993686318397522,0.6243395209312439,-0.0630171149969101,0.5996737480163574,0.6862596869468689,-0.05683460086584091,0.686851441860199,0.6036815643310547,-0.021018529310822487,0.6392201781272888,0.5630120635032654,-0.06304468959569931,0.6274232864379883,0.6398835778236389,-0.056221261620521545,0.6262726187705994,0.6981815099716187,-0.03713393583893776,0.7111682295799255,0.6281546354293823,-0.033432796597480774,0.6909657120704651,0.563319742679596,-0.0593394935131073,0.6784465312957764,0.525511622428894,-0.0601668581366539,0.669121503829956,0.4854106605052948,-0.05327947437763214,0.24898119270801544,0.8399330377578735,-1.22198542840124e-07,0.320424884557724,0.7897533774375916,0.002402056474238634,0.3656686842441559,0.7209941148757935,-0.0002764383389148861,0.39500415325164795,0.6701744198799133,-0.010342229157686234,0.4136604368686676,0.6242966651916504,-0.02042200043797493,0.32478204369544983,0.5970706343650818,0.005245273467153311,0.34966984391212463,0.5062734484672546,-0.01004508975893259,0.3670159876346588,0.45523130893707275,-0.018302571028470993,0.3827095627784729,0.40971505641937256,-0.023574311286211014,0.2971847951412201,0.6015703082084656,-0.013190874829888344,0.34483805298805237,0.571231484413147,-0.053810928016901016,0.3739589750766754,0.6377720236778259,-0.07327084988355637,0.3851180672645569,0.6937687397003174,-0.0772286206483841,0.27137306332588196,0.6197425723075867,-0.032800041139125824,0.31733497977256775,0.5920710563659668,-0.07508393377065659,0.35175055265426636,0.6640613079071045,-0.08446300774812698,0.36778125166893005,0.7189767360687256,-0.07999183237552643,0.24837902188301086,0.6470893621444702,-0.0516761913895607,0.24641436338424683,0.5715239644050598,-0.07675547897815704,0.2449437826871872,0.5205382108688354,-0.08377216011285782,0.2436671257019043,0.47154369950294495,-0.08512154966592789
124,0.7376308441162109,0.8122658133506775,-9.139353807086081e-08,0.6500242948532104,0.7206887602806091,0.014189851470291615,0.6183341145515442,0.6360486149787903,0.00989558920264244,0.5987930297851562,0.5678487420082092,-0.0046641165390610695,0.5782176852226257,0.5126151442527771,-0.020280735567212105,0.6857752203941345,0.5491840839385986,0.011000403203070164,0.6309953927993774,0.47845470905303955,-0.0074412887915968895,0.6036688685417175,0.43059176206588745,-0.0195787213742733,0.5820366144180298,0.3841017186641693,-0.028082743287086487,0.707260251045227,0.5608132481575012,-0.013502382673323154,0.6209205985069275,0.5077868700027466,-0.03761224448680878,0.5926580429077148,0.5138635635375977,-0.04653150588274002,0.5811516642570496,0.5166758298873901,-0.05133186653256416,0.7144859433174133,0.590151846408844,-0.03940323740243912,0.6127030253410339,0.5628427863121033,-0.0717015191912651,0.5809247493743896,0.6322426199913025,-0.06959204375743866,0.5782999992370605,0.6903597712516785,-0.061269886791706085,0.7061988115310669,0.6349141597747803,-0.06457587331533432,0.6278153657913208,0.6013014316558838,-0.08916286379098892,0.5954561829566956,0.6386845111846924,-0.08782137930393219,0.5840045809745789,0.6823044419288635,-0.0825217068195343,0.23018062114715576,0.8399853706359863,-5.663024467139621e-07,0.3150938153266907,0.7500939965248108,0.04697536304593086,0.3405030071735382,0.6721583008766174,0.06171895191073418,0.3611489534378052,0.6179708242416382,0.05900494381785393,0.37521740794181824,0.5720443725585938,0.05677436664700508,0.2543097734451294,0.5584894418716431,0.05326918140053749,0.3441147208213806,0.5378906726837158,0.038131892681121826,0.3744329512119293,0.5923722982406616,0.025870006531476974,0.3823469579219818,0.6295909881591797,0.0211663655936718,0.2409687340259552,0.5601840615272522,0.012735581025481224,0.35704073309898376,0.5686307549476624,-0.012230237014591694,0.3862859010696411,0.638457715511322,-0.0273128729313612,0.38953012228012085,0.6918366551399231,-0.03137649968266487,0.24207809567451477,0.5802221298217773,-0.028019778430461884,0.3576692044734955,0.5799927711486816,-0.05306962504982948,0.39062976837158203,0.6546746492385864,-0.05663437396287918,0.39592108130455017,0.7084176540374756,-0.05080457031726837,0.25723493099212646,0.6077598333358765,-0.06592969596385956,0.30536022782325745,0.520073652267456,-0.07756369560956955,0.3335861563682556,0.46152734756469727,-0.0773535817861557,0.35895419120788574,0.4145851135253906,-0.0746191218495369
125,0.734139084815979,0.7979574203491211,-4.5723720631940523e-07,0.7053724527359009,0.7069737315177917,0.00494761997833848,0.6727321743965149,0.615212082862854,-0.0027987989597022533,0.6378685235977173,0.5543206930160522,-0.013581368140876293,0.6092369556427002,0.5124698877334595,-0.024707531556487083,0.7050943970680237,0.5375918745994568,-0.027446122840046883,0.6411608457565308,0.4572562575340271,-0.048714179545640945,0.6097366213798523,0.4073469042778015,-0.05740450695157051,0.5866758823394775,0.3620243966579437,-0.0652116909623146,0.7102745771408081,0.5640525817871094,-0.0409654825925827,0.5978342294692993,0.5613611340522766,-0.07672536373138428,0.5852386355400085,0.6271233558654785,-0.08001691848039627,0.5971195697784424,0.6695170402526855,-0.07982385903596878,0.6997988224029541,0.6122735738754272,-0.0539349727332592,0.5951653122901917,0.6075255274772644,-0.08947175741195679,0.581175684928894,0.6659797430038452,-0.08405986428260803,0.5912078619003296,0.7073843479156494,-0.07566510885953903,0.680230975151062,0.6666131615638733,-0.06576424092054367,0.6167840957641602,0.619443416595459,-0.09639371931552887,0.5770626068115234,0.5868834257125854,-0.10659677535295486,0.5495692491531372,0.5581223368644714,-0.11159500479698181,0.2542905807495117,0.80991131067276,-1.0809770856212708e-08,0.2872813940048218,0.7088130116462708,0.025811607018113136,0.3003028631210327,0.6253361105918884,0.02502615749835968,0.31750544905662537,0.5654608607292175,0.014616578817367554,0.3295803666114807,0.5163283348083496,0.002703991485759616,0.240665003657341,0.5696630477905273,0.0007957935449667275,0.3004746735095978,0.48357024788856506,-0.013576204888522625,0.3301854431629181,0.43591737747192383,-0.0213627852499485,0.34779801964759827,0.39250046014785767,-0.02763107232749462,0.23720256984233856,0.590336263179779,-0.026836760342121124,0.3368031978607178,0.5549913048744202,-0.05884750932455063,0.3689297139644623,0.6063796281814575,-0.06770403683185577,0.3739909827709198,0.6451535224914551,-0.06812813878059387,0.2490542232990265,0.626361072063446,-0.05211838707327843,0.34210634231567383,0.5828958749771118,-0.08049622178077698,0.37321987748146057,0.6387274861335754,-0.073799267411232,0.3794967532157898,0.6779264807701111,-0.06320518255233765,0.27141332626342773,0.6673422455787659,-0.07541696727275848,0.305234432220459,0.5966405272483826,-0.09388469159603119,0.32555580139160156,0.5519399046897888,-0.09350071847438812,0.34226444363594055,0.5136971473693848,-0.0905657708644867
126,0.7462868094444275,0.7673717141151428,-4.6746330895075516e-07,0.7488375902175903,0.6771609783172607,0.015506206080317497,0.7230441570281982,0.5947588086128235,0.011937967501580715,0.6761817932128906,0.5483404994010925,0.005908276420086622,0.6337538361549377,0.5402935147285461,-0.0019704001024365425,0.7386703491210938,0.5312215089797974,-0.030718086287379265,0.6764643788337708,0.4320105314254761,-0.04986993223428726,0.6450506448745728,0.38135847449302673,-0.05749155580997467,0.619864821434021,0.33619260787963867,-0.06459380686283112,0.7250820994377136,0.5599896907806396,-0.045317742973566055,0.6205117702484131,0.5158613324165344,-0.06866976618766785,0.6176036596298218,0.5717303156852722,-0.06184626370668411,0.6359352469444275,0.5966340899467468,-0.05736800655722618,0.6979467868804932,0.6035963296890259,-0.05738435685634613,0.6042392253875732,0.5621039867401123,-0.0784347727894783,0.6069128513336182,0.6079272031784058,-0.06330903619527817,0.6281917691230774,0.634167492389679,-0.05219116806983948,0.6642200946807861,0.6446085572242737,-0.06756725907325745,0.601567268371582,0.5776121616363525,-0.0916815772652626,0.5653860569000244,0.5409691333770752,-0.09637154638767242,0.5383375883102417,0.5029371976852417,-0.09872403740882874,0.22653938829898834,0.7864584922790527,6.303129396201257e-08,0.21451658010482788,0.7086579203605652,0.01920449547469616,0.21659481525421143,0.6215556859970093,0.01675920933485031,0.24943259358406067,0.5661948323249817,0.010149731300771236,0.2834019064903259,0.5532919764518738,0.0010908913100138307,0.2041638195514679,0.5656564235687256,-0.025618379935622215,0.2587486803531647,0.46075087785720825,-0.03661288321018219,0.2883859872817993,0.40311264991760254,-0.042280733585357666,0.3067522943019867,0.3562057912349701,-0.04762814939022064,0.22871488332748413,0.5874250531196594,-0.041959747672080994,0.3127513527870178,0.5273244380950928,-0.06015246734023094,0.3220657706260681,0.5748802423477173,-0.06054256483912468,0.30719825625419617,0.6022041440010071,-0.05942458659410477,0.2635595500469208,0.6153025031089783,-0.05341050401329994,0.3376230299472809,0.5574541091918945,-0.06905713677406311,0.34283196926116943,0.6023314595222473,-0.05868036672472954,0.32896095514297485,0.6309531331062317,-0.04921871796250343,0.30233559012413025,0.6430701613426208,-0.062314312905073166,0.3444349765777588,0.5576097369194031,-0.0719103291630745,0.36741873621940613,0.5168872475624084,-0.06573378294706345,0.38522833585739136,0.47492003440856934,-0.059146009385585785
127,0.7486213445663452,0.7633541822433472,-4.622400524567638e-07,0.7542208433151245,0.6724050045013428,0.01768454536795616,0.7351803779602051,0.5890345573425293,0.014434012584388256,0.6938780546188354,0.5397146344184875,0.009262065403163433,0.6509143114089966,0.528578519821167,0.0017215256812050939,0.7451910972595215,0.5291850566864014,-0.033544059842824936,0.6883629560470581,0.42534923553466797,-0.05048131197690964,0.655878484249115,0.3727356791496277,-0.056279879063367844,0.6286719441413879,0.3275374174118042,-0.06269854307174683,0.7288392782211304,0.55717533826828,-0.04923688620328903,0.624437689781189,0.497812956571579,-0.06729206442832947,0.6193936467170715,0.5532864332199097,-0.055117636919021606,0.6392381191253662,0.5761033892631531,-0.04787210375070572,0.6989073753356934,0.6018192768096924,-0.06190340220928192,0.6066434383392334,0.54627925157547,-0.07612210512161255,0.6082955002784729,0.5893666744232178,-0.05551769956946373,0.6310409903526306,0.6135812997817993,-0.04301619529724121,0.6623115539550781,0.6454776525497437,-0.07282889634370804,0.6009955406188965,0.5720103979110718,-0.09536974877119064,0.5663935542106628,0.537093997001648,-0.09863953292369843,0.5425300598144531,0.5014922618865967,-0.10047253221273422,0.22008883953094482,0.7779550552368164,-2.6179229450917774e-08,0.20067253708839417,0.6966167092323303,0.018706370145082474,0.2019292712211609,0.604651689529419,0.01844148337841034,0.23886162042617798,0.5473660826683044,0.014129824936389923,0.2791970670223236,0.5361804366111755,0.008381284773349762,0.19293485581874847,0.5585711598396301,-0.01874842867255211,0.2373429536819458,0.45338040590286255,-0.027495697140693665,0.2644042372703552,0.39507704973220825,-0.029213927686214447,0.2822447717189789,0.3462788462638855,-0.03160371631383896,0.22246623039245605,0.5773683786392212,-0.03418873995542526,0.30089282989501953,0.5047307014465332,-0.052807632833719254,0.30971091985702515,0.5549700260162354,-0.050647348165512085,0.29342472553253174,0.5861154198646545,-0.045292552560567856,0.2610411047935486,0.6032915711402893,-0.04535721614956856,0.32949694991111755,0.5355229377746582,-0.06184954196214676,0.334240585565567,0.5801313519477844,-0.05036178231239319,0.31908896565437317,0.6106650233268738,-0.0380447693169117,0.3027419149875641,0.6310103535652161,-0.05405846983194351,0.3427565395832062,0.5456675291061401,-0.06460823118686676,0.3689825236797333,0.5042725205421448,-0.06045730412006378,0.38938355445861816,0.46567055583000183,-0.0545797236263752
128,0.7497543096542358,0.7514997124671936,-4.6839949163768324e-07,0.7585575580596924,0.6592491269111633,0.015349887311458588,0.7479243874549866,0.5638623237609863,0.014563877135515213,0.7178688645362854,0.4983215928077698,0.013136059045791626,0.684490442276001,0.47291457653045654,0.009505889378488064,0.7478176355361938,0.5210899710655212,-0.03754338622093201,0.6931869983673096,0.4169805645942688,-0.05646035820245743,0.6604416966438293,0.36322519183158875,-0.062371838837862015,0.6330979466438293,0.3200133442878723,-0.06772062182426453,0.73038250207901,0.55173659324646,-0.04987077787518501,0.6317816972732544,0.49139246344566345,-0.06878437846899033,0.6283465623855591,0.5429961681365967,-0.0554129034280777,0.6469942927360535,0.5670992136001587,-0.046632133424282074,0.6999999284744263,0.5964346528053284,-0.059373654425144196,0.6110849380493164,0.5392619967460632,-0.07504724711179733,0.6123043298721313,0.5793957710266113,-0.05376040190458298,0.6335366368293762,0.6038118600845337,-0.03953839838504791,0.6625602841377258,0.6384972929954529,-0.06703852117061615,0.6013821959495544,0.5652157068252563,-0.09038640558719635,0.5673917531967163,0.5271503329277039,-0.0938534289598465,0.5433815121650696,0.488383412361145,-0.09498190879821777,0.21638289093971252,0.7723884582519531,-8.96856846566152e-08,0.18960502743721008,0.6988752484321594,0.018688863143324852,0.16875088214874268,0.6011462211608887,0.018148308619856834,0.1749255657196045,0.5212777853012085,0.014595184475183487,0.18124786019325256,0.4682874083518982,0.009879034012556076,0.1853606402873993,0.5547364950180054,-0.025782659649848938,0.22622054815292358,0.44665446877479553,-0.035795118659734726,0.2528131604194641,0.3879660964012146,-0.037585582584142685,0.27083590626716614,0.34110087156295776,-0.03943638131022453,0.2170891910791397,0.5736336708068848,-0.03946518152952194,0.2875247895717621,0.4967987537384033,-0.05543467774987221,0.2933439314365387,0.5431576371192932,-0.05002997815608978,0.2767551839351654,0.5719254612922668,-0.04388176649808884,0.2562478184700012,0.5985264182090759,-0.048432547599077225,0.32070669531822205,0.5287842154502869,-0.06152413412928581,0.32259511947631836,0.5678568482398987,-0.04630960896611214,0.3056504726409912,0.5965109467506409,-0.033459343016147614,0.2984485924243927,0.6255285739898682,-0.0546741858124733,0.33876490592956543,0.5379553437232971,-0.0653301477432251,0.3656578063964844,0.49796992540359497,-0.060211438685655594,0.38592177629470825,0.4614083170890808,-0.05397726595401764
129,0.7495367527008057,0.7467666268348694,-5.249123660178157e-07,0.760421097278595,0.655750036239624,0.016657304018735886,0.7495725750923157,0.557100236415863,0.01635483279824257,0.7163189649581909,0.4899086356163025,0.015276477672159672,0.6816297769546509,0.4652015268802643,0.012167750857770443,0.7503910064697266,0.5151163935661316,-0.03581663593649864,0.6941756010055542,0.4131172001361847,-0.05328335613012314,0.6594058275222778,0.36108386516571045,-0.059023141860961914,0.630542516708374,0.3187413811683655,-0.06528051197528839,0.7331250309944153,0.5428054332733154,-0.04871363565325737,0.6316510438919067,0.48606255650520325,-0.06623627245426178,0.6298315525054932,0.5388739109039307,-0.05376865714788437,0.6488854289054871,0.5630947351455688,-0.04674219340085983,0.7031355500221252,0.58567214012146,-0.0586736686527729,0.609775185585022,0.5383296608924866,-0.07271064817905426,0.6144551634788513,0.5793870687484741,-0.05407215654850006,0.6374070644378662,0.6010300517082214,-0.043199460953474045,0.6663983464241028,0.6275559067726135,-0.06669681519269943,0.5969386696815491,0.5674818754196167,-0.08783701807260513,0.5571607351303101,0.5389965176582336,-0.09235144406557083,0.5266336798667908,0.5059775114059448,-0.09567108005285263,0.21238823235034943,0.7751859426498413,-1.8397848577933473e-07,0.18287822604179382,0.7020310163497925,0.02762897126376629,0.15698501467704773,0.6055928468704224,0.03208672255277634,0.16468459367752075,0.5217650532722473,0.03347714990377426,0.17547260224819183,0.4698341488838196,0.03328172117471695,0.17660190165042877,0.5571669936180115,-0.022645391523838043,0.21735896170139313,0.44637805223464966,-0.030122926458716393,0.24211078882217407,0.3842615485191345,-0.03151912987232208,0.2575474679470062,0.3359541594982147,-0.03352617472410202,0.21211332082748413,0.5734861493110657,-0.03622932359576225,0.28201255202293396,0.49595415592193604,-0.04426724463701248,0.28944164514541626,0.5443443059921265,-0.033953484147787094,0.27463221549987793,0.572594165802002,-0.0264359712600708,0.2524622678756714,0.5961437821388245,-0.044028833508491516,0.31678566336631775,0.5290729403495789,-0.05153743177652359,0.3196510076522827,0.5679365992546082,-0.034889861941337585,0.3043159544467926,0.59712153673172,-0.022768212482333183,0.2950018048286438,0.6198676824569702,-0.04768380895256996,0.33357080817222595,0.5323455333709717,-0.055456940084695816,0.3590095639228821,0.49399295449256897,-0.04928705841302872,0.3776922821998596,0.4581032991409302,-0.04288237541913986
130,0.7518260478973389,0.7399329543113708,-4.810946165889618e-07,0.7637644410133362,0.6493875980377197,0.012823274359107018,0.755707323551178,0.5466561317443848,0.011016053147614002,0.7290931940078735,0.47146865725517273,0.008372011594474316,0.700153112411499,0.43372976779937744,0.004158240742981434,0.7536453604698181,0.5079860687255859,-0.03467718884348869,0.6964196562767029,0.40857744216918945,-0.051910921931266785,0.662740170955658,0.3561400771141052,-0.05842367187142372,0.6342692971229553,0.3126445412635803,-0.06549534946680069,0.7358295917510986,0.5351781845092773,-0.04677485674619675,0.6348831057548523,0.4826759696006775,-0.06542684137821198,0.6347243189811707,0.5342686772346497,-0.056087393313646317,0.6543319225311279,0.5587002635002136,-0.05134407430887222,0.70533686876297,0.5780226588249207,-0.056361474096775055,0.6103672981262207,0.5364363193511963,-0.07185690850019455,0.6138468384742737,0.5778759121894836,-0.055618565529584885,0.6347070336341858,0.5997071266174316,-0.04636262357234955,0.6685665249824524,0.6209443211555481,-0.06440845876932144,0.5975983738899231,0.5675128102302551,-0.08379271626472473,0.5556513071060181,0.5415239334106445,-0.08757168799638748,0.5212931632995605,0.509899914264679,-0.09087840467691422,0.21174709498882294,0.7743164300918579,-2.0509595799467206e-07,0.1743839979171753,0.6995002627372742,0.02614341862499714,0.14520856738090515,0.6043263077735901,0.03148941323161125,0.1532878577709198,0.5204187035560608,0.034748904407024384,0.1718292087316513,0.4721097946166992,0.03657570108771324,0.1795007884502411,0.5540831089019775,-0.0205560103058815,0.21722285449504852,0.44376808404922485,-0.025647372007369995,0.2395709902048111,0.3814897835254669,-0.026580290868878365,0.25381582975387573,0.3341858983039856,-0.02854391373693943,0.21804888546466827,0.5672179460525513,-0.03204547241330147,0.2805270254611969,0.49741512537002563,-0.03586547076702118,0.2857408821582794,0.541248619556427,-0.02565169893205166,0.27201059460639954,0.5682893395423889,-0.019411601126194,0.25856727361679077,0.5898717641830444,-0.03787417709827423,0.3159046471118927,0.5259996056556702,-0.04338417202234268,0.3187156319618225,0.5588057041168213,-0.02898772619664669,0.3056810200214386,0.5846347808837891,-0.019191697239875793,0.2990947961807251,0.6161954998970032,-0.03930285945534706,0.3362096846103668,0.5289392471313477,-0.04599069058895111,0.35957902669906616,0.48828643560409546,-0.039857178926467896,0.3761674165725708,0.4512697458267212,-0.03384002670645714
131,0.7537102699279785,0.7298396825790405,-4.2150782064709347e-07,0.7680210471153259,0.6471922397613525,0.005374482832849026,0.7710863351821899,0.5432175993919373,0.0030358717776834965,0.759509801864624,0.4607082009315491,0.0016281609423458576,0.7407764196395874,0.4055190682411194,-0.0007332130335271358,0.7581742405891418,0.5063692927360535,-0.03984164819121361,0.6999338865280151,0.403861939907074,-0.05813255533576012,0.6669467091560364,0.3481629490852356,-0.06673189252614975,0.6401777267456055,0.30269554257392883,-0.07466539740562439,0.7334321737289429,0.5343078970909119,-0.04768268018960953,0.6405695080757141,0.4806939959526062,-0.06425069272518158,0.645796537399292,0.5266578197479248,-0.056247882544994354,0.6674715876579285,0.5482155084609985,-0.05311640352010727,0.7002091407775879,0.5754424929618835,-0.05360082909464836,0.6123663783073425,0.5307942628860474,-0.06640125066041946,0.6196069121360779,0.5696737766265869,-0.05072123929858208,0.6425284147262573,0.5893652439117432,-0.042440205812454224,0.6622411012649536,0.6180914640426636,-0.058879148215055466,0.5950575470924377,0.560604989528656,-0.07469839602708817,0.5554923415184021,0.5331374406814575,-0.07653488218784332,0.5232086181640625,0.5008369088172913,-0.07877184450626373,0.21083936095237732,0.7733711004257202,-1.7847392541625595e-07,0.16945378482341766,0.7022548913955688,0.021887624636292458,0.13698983192443848,0.609912633895874,0.02388596720993519,0.14033126831054688,0.5255587697029114,0.023304130882024765,0.15941807627677917,0.4747917950153351,0.021438155323266983,0.17629265785217285,0.5578464269638062,-0.021594006568193436,0.2127014845609665,0.4441782832145691,-0.029186075553297997,0.23360314965248108,0.3805460035800934,-0.03031754679977894,0.24769674241542816,0.3313504159450531,-0.0317794531583786,0.21560895442962646,0.5676729679107666,-0.032853417098522186,0.27263087034225464,0.49248573184013367,-0.039617061614990234,0.27714014053344727,0.5338001251220703,-0.029604006558656693,0.2642501890659332,0.5621359944343567,-0.02255411259829998,0.25736916065216064,0.5882024765014648,-0.039305105805397034,0.3095759153366089,0.5209923982620239,-0.04668304696679115,0.31184959411621094,0.5542070865631104,-0.030900342389941216,0.29933270812034607,0.5810074806213379,-0.01927598938345909,0.2988874912261963,0.6137610077857971,-0.042182572185993195,0.3357861340045929,0.5236715078353882,-0.04929804429411888,0.36065348982810974,0.4838399887084961,-0.04219949617981911,0.3791705369949341,0.4496076703071594,-0.035100314766168594
132,0.7649538516998291,0.7292946577072144,-4.7026873062350205e-07,0.7687314748764038,0.6425259113311768,0.010402758605778217,0.7580320239067078,0.5429702997207642,0.007117935456335545,0.7423899173736572,0.4649257957935333,0.0027746236883103848,0.7296125292778015,0.40852344036102295,-0.0032428749836981297,0.7528654336929321,0.4998096227645874,-0.0356999970972538,0.6901745200157166,0.40630173683166504,-0.0567142479121685,0.6572902798652649,0.35202232003211975,-0.06787525862455368,0.6317770481109619,0.30771660804748535,-0.07760622352361679,0.7366898655891418,0.5273756980895996,-0.04681553319096565,0.6357037425041199,0.4922375977039337,-0.06669756770133972,0.6345629692077637,0.5384784936904907,-0.06061220541596413,0.6526272296905518,0.5611514449119568,-0.058738213032484055,0.7090535759925842,0.5701029300689697,-0.05597841739654541,0.6115947961807251,0.5424307584762573,-0.0708882063627243,0.6134185791015625,0.5800714492797852,-0.05592022463679314,0.6332172155380249,0.6009116172790527,-0.048179954290390015,0.6769859194755554,0.6170374751091003,-0.06409697234630585,0.6018197536468506,0.5710324645042419,-0.08187330514192581,0.5573816895484924,0.5491854548454285,-0.084347665309906,0.5234437584877014,0.5209903717041016,-0.08673662692308426,0.20190681517124176,0.7736237645149231,-1.3659742137406283e-07,0.1712518036365509,0.6981381177902222,0.02074824459850788,0.1468266248703003,0.5971742272377014,0.02356504090130329,0.15155188739299774,0.5161066055297852,0.023194530978798866,0.1669183373451233,0.4720492362976074,0.021755719557404518,0.17379848659038544,0.5492919087409973,-0.02188604697585106,0.21671053767204285,0.4415082335472107,-0.030882760882377625,0.24112579226493835,0.38084787130355835,-0.03411304950714111,0.25627657771110535,0.3334046006202698,-0.03808318078517914,0.2050027847290039,0.5666316151618958,-0.03535868600010872,0.2801346480846405,0.5005006790161133,-0.0496586412191391,0.28768447041511536,0.5436660051345825,-0.045246660709381104,0.2724838852882385,0.5691543221473694,-0.04122740030288696,0.24358169734477997,0.5917937755584717,-0.04402632638812065,0.312248557806015,0.5319314002990723,-0.05635662004351616,0.31703895330429077,0.5656778812408447,-0.04371068626642227,0.3033289313316345,0.5915753245353699,-0.033738039433956146,0.28411415219306946,0.6197288036346436,-0.04960551857948303,0.3293973505496979,0.5400424599647522,-0.06132990121841431,0.35670292377471924,0.5021777153015137,-0.058034736663103104,0.3778775930404663,0.46898767352104187,-0.05342981964349747
133,0.7540661692619324,0.7429175972938538,-4.429624596014037e-07,0.6767270565032959,0.6666518449783325,0.012861918658018112,0.6427119374275208,0.5914995074272156,0.008990977890789509,0.6207095384597778,0.5332525372505188,-0.0032096116337925196,0.6005913019180298,0.4931386113166809,-0.01595257595181465,0.7018269896507263,0.4939539432525635,0.0010182744590565562,0.6528573632240295,0.4173203408718109,-0.015168366022408009,0.6261166334152222,0.36804938316345215,-0.02358253113925457,0.6050851345062256,0.3205701410770416,-0.030421646311879158,0.726365327835083,0.5021954774856567,-0.020050641149282455,0.6236558556556702,0.5125225782394409,-0.05279716104269028,0.6038118004798889,0.5851290225982666,-0.05803246051073074,0.6110026240348816,0.6345354914665222,-0.056740932166576385,0.7332354187965393,0.5332396626472473,-0.04179893434047699,0.633293628692627,0.5445213317871094,-0.07447123527526855,0.6121342778205872,0.6116549968719482,-0.069007009267807,0.6178633570671082,0.6616935133934021,-0.05844370275735855,0.7291181683540344,0.573381781578064,-0.06299687922000885,0.6808075308799744,0.5281968712806702,-0.08465743809938431,0.6490520238876343,0.5059311389923096,-0.08708704262971878,0.6282011866569519,0.4940918982028961,-0.08577435463666916,0.20443490147590637,0.7884140014648438,-3.5123093766742386e-07,0.2426988035440445,0.6831862926483154,0.023974476382136345,0.2585388123989105,0.5925770401954651,0.016759177669882774,0.28141912817955017,0.5270287990570068,0.0009415905806235969,0.30410605669021606,0.47987064719200134,-0.015593198128044605,0.2012660652399063,0.529094934463501,-0.018646100535988808,0.2837563157081604,0.45661661028862,-0.04016557335853577,0.3132684826850891,0.49482011795043945,-0.05018961802124977,0.31343919038772583,0.5177398324012756,-0.05588561296463013,0.20115238428115845,0.5574105978012085,-0.04671812430024147,0.3058511018753052,0.5075242519378662,-0.07015940546989441,0.3363342881202698,0.5640084743499756,-0.07369475811719894,0.33576494455337524,0.6049007773399353,-0.07472395896911621,0.21341532468795776,0.6035386323928833,-0.07215506583452225,0.3096216917037964,0.5436840653419495,-0.08877295255661011,0.3426178991794586,0.5889937877655029,-0.07830386608839035,0.3468303978443146,0.627316415309906,-0.0703798308968544,0.23343221843242645,0.6547366976737976,-0.09585852175951004,0.2689253091812134,0.5838899612426758,-0.10661507397890091,0.29359856247901917,0.5374818444252014,-0.10253223031759262,0.3138549029827118,0.5014685988426208,-0.09943239390850067
134,0.7546420097351074,0.7484018206596375,-4.813961709260184e-07,0.6749762296676636,0.675500214099884,0.014978988096117973,0.6361690163612366,0.5996619462966919,0.013319686986505985,0.6122070550918579,0.5435919761657715,0.0029217293485999107,0.5845586061477661,0.5054020881652832,-0.008224806748330593,0.6820688247680664,0.49770641326904297,0.004949003458023071,0.6378588080406189,0.42316025495529175,-0.011770440265536308,0.6116427183151245,0.37769201397895813,-0.02166759967803955,0.5893731713294983,0.33057957887649536,-0.03000669553875923,0.7100989818572998,0.5008467435836792,-0.017291905358433723,0.6231595873832703,0.5060654878616333,-0.05027347430586815,0.6024506688117981,0.5855382680892944,-0.05476081371307373,0.6070016622543335,0.6395149230957031,-0.05255698412656784,0.7242825627326965,0.5314703583717346,-0.040525149554014206,0.6413968205451965,0.5313119292259216,-0.0750526413321495,0.6184346675872803,0.6015896201133728,-0.06790252774953842,0.6220324039459229,0.6564741730690002,-0.05504273250699043,0.7264825701713562,0.573363184928894,-0.0632251501083374,0.6958815455436707,0.517758846282959,-0.09073685109615326,0.6691904664039612,0.4868725538253784,-0.09531266242265701,0.6518585085868835,0.47044044733047485,-0.09439408779144287,0.2143004834651947,0.8111810684204102,-5.11174675921211e-07,0.2890194058418274,0.7168033123016357,0.02997935190796852,0.30876320600509644,0.642149031162262,0.03155263885855675,0.3247365355491638,0.5941303968429565,0.022016111761331558,0.3377549648284912,0.5579778552055359,0.012798096984624863,0.2159946709871292,0.5324461460113525,0.014871953055262566,0.3025800287723541,0.49522531032562256,-0.0068257590755820274,0.3425098657608032,0.531762421131134,-0.0239037424325943,0.3625827431678772,0.5631662607192993,-0.03425982967019081,0.2101372927427292,0.5498757362365723,-0.01634880155324936,0.3245912492275238,0.5228272676467896,-0.04906622692942619,0.3631409704685211,0.5920062065124512,-0.06670203804969788,0.3738824427127838,0.643340528011322,-0.07295875996351242,0.21792185306549072,0.5873469710350037,-0.046429481357336044,0.32272547483444214,0.5471007823944092,-0.07706645131111145,0.36498066782951355,0.6082485914230347,-0.0834430605173111,0.3781118094921112,0.6534032225608826,-0.08089495450258255,0.23871082067489624,0.627598226070404,-0.07363393157720566,0.25897470116615295,0.5583107471466064,-0.09336287528276443,0.26913902163505554,0.5137470364570618,-0.09842469543218613,0.28065943717956543,0.4731444716453552,-0.0994039848446846
135,0.7364509701728821,0.7604833245277405,-3.0523011673722067e-07,0.6723769307136536,0.7377316951751709,-0.01767411269247532,0.6147165894508362,0.6653140783309937,-0.02778245136141777,0.578342080116272,0.6088396310806274,-0.040498036891222,0.5414130091667175,0.5666574239730835,-0.05209590867161751,0.6338469982147217,0.5498144030570984,-0.01481091883033514,0.603875994682312,0.4480512738227844,-0.03725028038024902,0.5827471017837524,0.3906908631324768,-0.0467301569879055,0.5650295615196228,0.33995527029037476,-0.051993463188409805,0.6663086414337158,0.5441292524337769,-0.02043737843632698,0.6234236359596252,0.5061067342758179,-0.06907922029495239,0.6158179044723511,0.5846561789512634,-0.07820241898298264,0.6199601292610168,0.645671010017395,-0.07045657932758331,0.696945309638977,0.5513037443161011,-0.028973253443837166,0.654433012008667,0.5173965096473694,-0.07498343288898468,0.6487717032432556,0.5970270037651062,-0.06672094017267227,0.6518647074699402,0.6499704122543335,-0.04583916813135147,0.7254102230072021,0.5652982592582703,-0.03903057426214218,0.706502377986908,0.5047585964202881,-0.06627192348241806,0.6957151889801025,0.46974483132362366,-0.0650685578584671,0.6879087090492249,0.42713433504104614,-0.056398987770080566,0.23731260001659393,0.8102262020111084,-1.7810404528972867e-07,0.29900333285331726,0.755914568901062,-0.008055350743234158,0.34209033846855164,0.6713361740112305,-0.016626356169581413,0.3671048581600189,0.6095115542411804,-0.030327554792165756,0.38771533966064453,0.552311897277832,-0.043972842395305634,0.2996578514575958,0.5583598017692566,-0.004944794345647097,0.3287498950958252,0.47624173760414124,-0.025635017082095146,0.35104528069496155,0.42860591411590576,-0.03600818291306496,0.3706079423427582,0.38483762741088867,-0.040691230446100235,0.2714993357658386,0.5633531808853149,-0.017715178430080414,0.33673807978630066,0.5378832817077637,-0.06535182893276215,0.36768490076065063,0.6107807755470276,-0.08362042903900146,0.3816080093383789,0.6664180755615234,-0.0826253592967987,0.2492544800043106,0.5855481624603271,-0.0325264036655426,0.3139003813266754,0.5667355060577393,-0.08165202289819717,0.3524278402328491,0.6358990669250488,-0.08797649294137955,0.37176641821861267,0.6847050786018372,-0.07637035101652145,0.23177650570869446,0.6185398697853088,-0.04720207303762436,0.23675911128520966,0.5467069745063782,-0.07433462142944336,0.23364397883415222,0.49981042742729187,-0.078026682138443,0.23015549778938293,0.4551887512207031,-0.07354459911584854
136,0.7456010580062866,0.7752692103385925,-2.250893373911822e-07,0.6749680042266846,0.7596793174743652,-0.019293881952762604,0.6081616282463074,0.6877530217170715,-0.028953880071640015,0.5646642446517944,0.6287645697593689,-0.04096833989024162,0.5232927799224854,0.5908641815185547,-0.05174156278371811,0.6277734041213989,0.5749214887619019,-0.017434468492865562,0.5894856452941895,0.46962305903434753,-0.04073425382375717,0.5678080320358276,0.40998321771621704,-0.050814639776945114,0.5482235550880432,0.3548538386821747,-0.057065971195697784,0.6594030857086182,0.5663176774978638,-0.022684648633003235,0.6196461915969849,0.5240849256515503,-0.07376142591238022,0.6204774379730225,0.604420006275177,-0.08331137150526047,0.6289838552474976,0.6640865206718445,-0.07567427307367325,0.6918297410011292,0.5699036717414856,-0.030848314985632896,0.6514037251472473,0.5333536863327026,-0.07882263511419296,0.6514767408370972,0.6152541637420654,-0.07092640548944473,0.6574045419692993,0.669215202331543,-0.05005506053566933,0.7250159978866577,0.5809389352798462,-0.04069479554891586,0.7100912928581238,0.5148063898086548,-0.06999637186527252,0.6994644999504089,0.4760988652706146,-0.07046627253293991,0.6906243562698364,0.43160706758499146,-0.06293681263923645,0.23460379242897034,0.8139633536338806,-1.663527768869244e-07,0.3023306727409363,0.7751538157463074,-0.012867294251918793,0.3516368269920349,0.6954408884048462,-0.022036952897906303,0.3863755464553833,0.632037341594696,-0.035958461463451385,0.41642075777053833,0.5802784562110901,-0.049119483679533005,0.3181532025337219,0.5816001892089844,-0.008757613599300385,0.34203478693962097,0.48356229066848755,-0.029653867706656456,0.3615853190422058,0.4293568730354309,-0.03919583559036255,0.3778151571750641,0.3804053068161011,-0.04418332502245903,0.28641757369041443,0.5832372903823853,-0.02004603110253811,0.32829874753952026,0.5482288002967834,-0.07101675122976303,0.35306984186172485,0.621259868144989,-0.0910516232252121,0.361400306224823,0.6793950200080872,-0.09174712002277374,0.25734344124794006,0.5980217456817627,-0.033495061099529266,0.29312750697135925,0.5579010248184204,-0.08347199857234955,0.32777872681617737,0.6286108493804932,-0.09009675681591034,0.34514671564102173,0.6825834512710571,-0.08017145097255707,0.23065808415412903,0.6198953986167908,-0.047359611839056015,0.22683082520961761,0.5394852161407471,-0.07653182744979858,0.22340279817581177,0.4862464368343353,-0.08261653780937195,0.21877604722976685,0.43128788471221924,-0.08100919425487518
137,0.7479550838470459,0.7798616290092468,-1.4856007624075573e-07,0.6718590259552002,0.7681286931037903,-0.018751217052340508,0.6021627187728882,0.6979787945747375,-0.027867132797837257,0.5583698153495789,0.6389312744140625,-0.03910869359970093,0.5187273621559143,0.5982896089553833,-0.048667337745428085,0.6238396763801575,0.5845561027526855,-0.014590736478567123,0.5861087441444397,0.475565642118454,-0.03680380806326866,0.5655512809753418,0.41369345784187317,-0.04568134620785713,0.5473804473876953,0.3594840168952942,-0.05097702518105507,0.6591300964355469,0.5758795738220215,-0.02010119892656803,0.6239845752716064,0.5270757079124451,-0.0726025328040123,0.625740110874176,0.6059409379959106,-0.08251770585775375,0.6337621808052063,0.6654238104820251,-0.07419958710670471,0.6942703723907471,0.5775022506713867,-0.028668615967035294,0.6603860259056091,0.5337023735046387,-0.07755915075540543,0.6599225401878357,0.6142972707748413,-0.07073721289634705,0.6623309254646301,0.6687322854995728,-0.050138890743255615,0.729880690574646,0.5863761901855469,-0.03874606639146805,0.7172898054122925,0.5189803242683411,-0.06950972229242325,0.7095686793327332,0.47840261459350586,-0.07130230218172073,0.701752781867981,0.4309857487678528,-0.06422872841358185,0.23618143796920776,0.8101940155029297,-1.4457705788117892e-07,0.3055780827999115,0.778016984462738,-0.014990308322012424,0.36064302921295166,0.7013055086135864,-0.022777831181883812,0.40034782886505127,0.6398711800575256,-0.03414562717080116,0.4344952702522278,0.5941063165664673,-0.04509805887937546,0.32856857776641846,0.5911096930503845,-0.012950051575899124,0.3577141761779785,0.4917186498641968,-0.031765881925821304,0.37638968229293823,0.4340595006942749,-0.0399589017033577,0.3905881941318512,0.38205233216285706,-0.04448330029845238,0.2961985468864441,0.5858621001243591,-0.021706756204366684,0.33301880955696106,0.5449739694595337,-0.0688430517911911,0.35015955567359924,0.6122816801071167,-0.0877014622092247,0.3517950773239136,0.6662997603416443,-0.08884257823228836,0.2628861367702484,0.5929874181747437,-0.03227311745285988,0.2928503751754761,0.5468477606773376,-0.0787108987569809,0.317272812128067,0.6210994720458984,-0.08529987186193466,0.3259783983230591,0.6780454516410828,-0.07648903876543045,0.22977685928344727,0.6075574159622192,-0.043423280119895935,0.2210986465215683,0.5235993266105652,-0.07052232325077057,0.21800920367240906,0.46913355588912964,-0.07689426094293594,0.2138676792383194,0.41472524404525757,-0.07618777453899384
138,0.7528413534164429,0.7754514217376709,-1.4768093592465448e-07,0.6760652661323547,0.7636469006538391,-0.018402520567178726,0.6038650870323181,0.6901147961616516,-0.025967048481106758,0.5601621270179749,0.6285849809646606,-0.0359826497733593,0.5203745365142822,0.5873869061470032,-0.04495076835155487,0.6260671019554138,0.5747319459915161,-0.013305408880114555,0.5908399224281311,0.4673158526420593,-0.03536965698003769,0.5711899995803833,0.40302926301956177,-0.045326028019189835,0.5533283948898315,0.3463295102119446,-0.05174561217427254,0.6638410091400146,0.5640175938606262,-0.019489672034978867,0.635817289352417,0.5110640525817871,-0.07263164967298508,0.6382993459701538,0.5913200974464417,-0.08459354192018509,0.6452207565307617,0.6547449231147766,-0.07707905769348145,0.7024627923965454,0.5653826594352722,-0.02856309525668621,0.6790317296981812,0.5230869054794312,-0.07827693969011307,0.6790908575057983,0.6041594743728638,-0.07352699339389801,0.6795320510864258,0.660295844078064,-0.05374826863408089,0.7407017946243286,0.5743052959442139,-0.03897193446755409,0.7298494577407837,0.5065343379974365,-0.07013116031885147,0.724034309387207,0.46627503633499146,-0.07190901041030884,0.7180459499359131,0.4198412597179413,-0.06441297382116318,0.2347959727048874,0.8039975762367249,-1.1875490457669002e-07,0.3068784177303314,0.7751169204711914,-0.016786813735961914,0.3700637221336365,0.7009893655776978,-0.02370498888194561,0.41066402196884155,0.6402056217193604,-0.033734340220689774,0.441412091255188,0.5951159000396729,-0.04317145049571991,0.33302709460258484,0.5828472375869751,-0.01068071834743023,0.3625921905040741,0.4823942184448242,-0.028822431340813637,0.3804910182952881,0.4255579113960266,-0.036927368491888046,0.3957585096359253,0.3741387128829956,-0.04148165509104729,0.29812267422676086,0.577024519443512,-0.018732186406850815,0.3269203305244446,0.5278157591819763,-0.06747110188007355,0.33911025524139404,0.5979881286621094,-0.08783245086669922,0.3395616412162781,0.6575006246566772,-0.08891401439905167,0.26192647218704224,0.5819610953330994,-0.02885788306593895,0.2845502495765686,0.532135009765625,-0.07620322704315186,0.3042950928211212,0.6074059009552002,-0.0837390199303627,0.311613529920578,0.6671212911605835,-0.07475181668996811,0.22535920143127441,0.5936211943626404,-0.0397457517683506,0.21394164860248566,0.5064883232116699,-0.06666957587003708,0.20918148756027222,0.4511776566505432,-0.07327273488044739,0.20362922549247742,0.3968876004219055,-0.07241880893707275
139,0.7561139464378357,0.7674676179885864,-1.7491899484411988e-07,0.6826073527336121,0.7521289587020874,-0.01792256534099579,0.6153241395950317,0.680942177772522,-0.02651890181005001,0.574347734451294,0.6207062005996704,-0.03726718947291374,0.5377430319786072,0.5753653645515442,-0.046739622950553894,0.6391082406044006,0.565196692943573,-0.015763986855745316,0.6076457500457764,0.45909857749938965,-0.03738398849964142,0.5889797210693359,0.3991160988807678,-0.04612234607338905,0.5724406242370605,0.345106840133667,-0.05188032612204552,0.6759730577468872,0.5594080686569214,-0.02219497784972191,0.6498488783836365,0.5026755928993225,-0.07527410984039307,0.6521249413490295,0.585779070854187,-0.08587685227394104,0.6598222255706787,0.6514118909835815,-0.07749143242835999,0.7134325504302979,0.5642762780189514,-0.0312873050570488,0.6918098330497742,0.5207114815711975,-0.07956121116876602,0.692259669303894,0.6023197174072266,-0.07295309752225876,0.6930574774742126,0.6580182313919067,-0.05257939547300339,0.7508437633514404,0.5754237771034241,-0.041881535202264786,0.7441211342811584,0.506483256816864,-0.07306932657957077,0.7423064112663269,0.4628523588180542,-0.0753142386674881,0.7398484349250793,0.413493275642395,-0.06851062923669815,0.24152839183807373,0.8010822534561157,-1.5493412774958415e-07,0.3140983581542969,0.7701108455657959,-0.015613435767591,0.3765961527824402,0.7017377614974976,-0.022798262536525726,0.4173855185508728,0.6444878578186035,-0.03320765122771263,0.44506287574768066,0.5978897213935852,-0.043383076786994934,0.3388192653656006,0.5807527899742126,-0.009715404361486435,0.36525148153305054,0.48862284421920776,-0.028002990409731865,0.38185545802116394,0.43374761939048767,-0.036888331174850464,0.3958110809326172,0.3851115107536316,-0.041664008051157,0.3035984933376312,0.5757468342781067,-0.01817472092807293,0.329561710357666,0.5298967957496643,-0.0653333067893982,0.34096208214759827,0.5960602760314941,-0.08568638563156128,0.3402038514614105,0.6520769596099854,-0.08719886839389801,0.26667889952659607,0.5823910236358643,-0.02860238589346409,0.2850745916366577,0.5362726449966431,-0.0750136449933052,0.3045441508293152,0.6118700504302979,-0.0824308842420578,0.31229305267333984,0.6704453229904175,-0.07362014800310135,0.23019224405288696,0.5968505144119263,-0.039676032960414886,0.21438062191009521,0.511330246925354,-0.06559620797634125,0.21061888337135315,0.4567389488220215,-0.07151290774345398,0.2071387767791748,0.40124648809432983,-0.07038990408182144
140,0.7566272020339966,0.7611801028251648,-2.0017694168927846e-07,0.6817225217819214,0.744316816329956,-0.01654532179236412,0.6159915328025818,0.6755664944648743,-0.025195354595780373,0.575798511505127,0.6158221364021301,-0.03608998656272888,0.5399993062019348,0.5710735321044922,-0.04601070284843445,0.641777753829956,0.5717675685882568,-0.01786159910261631,0.6042826771736145,0.4720612168312073,-0.04090901091694832,0.5848265886306763,0.4135599732398987,-0.05172501131892204,0.5664054155349731,0.35931313037872314,-0.059268563985824585,0.6801924705505371,0.5625113844871521,-0.023943671956658363,0.6533063650131226,0.5231800675392151,-0.07543233782052994,0.6569435000419617,0.6018782258033752,-0.0859895572066307,0.663274347782135,0.6632378101348877,-0.07972948998212814,0.71723473072052,0.5663241147994995,-0.032565370202064514,0.693997323513031,0.5344396829605103,-0.07955273985862732,0.6948657035827637,0.6137518882751465,-0.07284238189458847,0.6948539614677429,0.6675703525543213,-0.05397329479455948,0.7533858418464661,0.5788399577140808,-0.0426098071038723,0.7511753439903259,0.5201637148857117,-0.07310294359922409,0.7522750496864319,0.4833337664604187,-0.07562727481126785,0.7511522769927979,0.4412200450897217,-0.06976672261953354,0.2654435932636261,0.7962908148765564,-2.3020133710360824e-07,0.3321754038333893,0.7624931335449219,-0.013806319795548916,0.39138931035995483,0.6941352486610413,-0.022121863439679146,0.43068310618400574,0.6400668025016785,-0.03379680588841438,0.4614484906196594,0.5975549817085266,-0.045275744050741196,0.34775668382644653,0.5833808183670044,-0.01872829720377922,0.3787122070789337,0.5001647472381592,-0.03923453763127327,0.3936830759048462,0.4484313428401947,-0.04798852279782295,0.40756934881210327,0.40162551403045654,-0.05361317843198776,0.31295275688171387,0.5797334909439087,-0.028227239847183228,0.3444698452949524,0.552424967288971,-0.07761193811893463,0.35106968879699707,0.6258735060691833,-0.09484235942363739,0.34957122802734375,0.6825116276741028,-0.09473282098770142,0.2778039276599884,0.5920889377593994,-0.0392080582678318,0.3032386600971222,0.5637725591659546,-0.0887032002210617,0.31852805614471436,0.6459571123123169,-0.09338047355413437,0.3251368999481201,0.7050932049751282,-0.08304617553949356,0.24699053168296814,0.6140881180763245,-0.050553128123283386,0.2307588756084442,0.5452013611793518,-0.08201351761817932,0.221932053565979,0.499472975730896,-0.09014781564474106,0.21522574126720428,0.4500121474266052,-0.09031537920236588
141,0.7544363141059875,0.7497813701629639,-1.7853621159247268e-07,0.6820809841156006,0.7350496053695679,-0.017319094389677048,0.6194254755973816,0.6659031510353088,-0.025467848405241966,0.5838178396224976,0.6074729561805725,-0.0354202501475811,0.5502899885177612,0.5636824369430542,-0.044454269111156464,0.6474350690841675,0.5613492131233215,-0.01818404719233513,0.6127148866653442,0.4638204276561737,-0.03851909562945366,0.5955140590667725,0.4064858853816986,-0.04738423600792885,0.5793031454086304,0.3552188277244568,-0.053675077855587006,0.684590220451355,0.553959846496582,-0.023118246346712112,0.6596804261207581,0.5219050645828247,-0.07110617309808731,0.6604712605476379,0.5983845591545105,-0.08099962770938873,0.6651673913002014,0.6567018032073975,-0.075412318110466,0.7200430631637573,0.5591444969177246,-0.030601536855101585,0.6974344253540039,0.5321314334869385,-0.0759047418832779,0.6942786574363708,0.6103113889694214,-0.07121175527572632,0.6918619871139526,0.6628135442733765,-0.05468204617500305,0.7550221681594849,0.5716949701309204,-0.03932371363043785,0.7506494522094727,0.516193687915802,-0.07026579976081848,0.751591682434082,0.48033851385116577,-0.07442917674779892,0.7515140175819397,0.4379369616508484,-0.07005246728658676,0.27458053827285767,0.7857932448387146,-1.9489904445890716e-07,0.3370124399662018,0.7521871328353882,-0.014187272638082504,0.39049506187438965,0.6843425035476685,-0.023893626406788826,0.42718493938446045,0.63166344165802,-0.03643319383263588,0.457125723361969,0.588782012462616,-0.04846591874957085,0.35340002179145813,0.5755108594894409,-0.01956973597407341,0.38256803154945374,0.49280083179473877,-0.0400325171649456,0.3977605104446411,0.4425591230392456,-0.04887881875038147,0.411979079246521,0.39655375480651855,-0.05444486066699028,0.31911036372184753,0.5712487697601318,-0.027972523123025894,0.35282623767852783,0.5527545213699341,-0.07539239525794983,0.3580780327320099,0.6254504323005676,-0.09145420044660568,0.3550122082233429,0.6780939102172852,-0.09134545922279358,0.2858971059322357,0.5840989351272583,-0.037689458578825,0.3088732659816742,0.5585275292396545,-0.08369147777557373,0.32396265864372253,0.6363754272460938,-0.08576034754514694,0.3315816819667816,0.6907762885093689,-0.07469161599874496,0.25690701603889465,0.6081576943397522,-0.048052720725536346,0.24150511622428894,0.5436630249023438,-0.076675646007061,0.23290526866912842,0.5012075304985046,-0.08226212859153748,0.22697782516479492,0.4534689486026764,-0.0807584598660469
142,0.7543385028839111,0.7508774399757385,-1.9681175444929977e-07,0.6824571490287781,0.7371033430099487,-0.01494651846587658,0.6195208430290222,0.664219319820404,-0.02025516889989376,0.5824995636940002,0.6045962572097778,-0.027848558500409126,0.5493990182876587,0.5638548731803894,-0.03467731177806854,0.6468505859375,0.5667830109596252,-0.013370174914598465,0.6149973273277283,0.46853286027908325,-0.03282991796731949,0.5980238914489746,0.41128724813461304,-0.040423665195703506,0.5828184485435486,0.3602154850959778,-0.04524474963545799,0.6832982897758484,0.5600274801254272,-0.01890150085091591,0.6605258584022522,0.5220024585723877,-0.06740088015794754,0.6624226570129395,0.5979235172271729,-0.07760584354400635,0.6678280830383301,0.6558111906051636,-0.0708770751953125,0.7182771563529968,0.56441730260849,-0.02667982131242752,0.6982758641242981,0.5354700684547424,-0.072700634598732,0.6973763704299927,0.6117396354675293,-0.06804104149341583,0.6969464421272278,0.6620316505432129,-0.050086017698049545,0.7523977756500244,0.5758488774299622,-0.03530202433466911,0.7492706179618835,0.5167249441146851,-0.06393742561340332,0.7492173910140991,0.47921204566955566,-0.06580538302659988,0.7483229637145996,0.435683935880661,-0.05934372916817665,0.27476832270622253,0.7826938629150391,-1.521808030702232e-07,0.33534663915634155,0.7535110712051392,-0.017375433817505836,0.3898022174835205,0.6858667135238647,-0.026709059253335,0.42581701278686523,0.6314011812210083,-0.03856152668595314,0.4538074731826782,0.5876335501670837,-0.049699846655130386,0.3556011915206909,0.5769748091697693,-0.015517352148890495,0.38180649280548096,0.48999953269958496,-0.03491801768541336,0.39604899287223816,0.4403684139251709,-0.04340331256389618,0.40931934118270874,0.3934835195541382,-0.048521775752305984,0.3225848376750946,0.5726551413536072,-0.02231515198945999,0.3502219319343567,0.5379183888435364,-0.06928358227014542,0.35823941230773926,0.6083249449729919,-0.08611255139112473,0.357657790184021,0.6621317863464355,-0.0857975110411644,0.2893942892551422,0.5824140310287476,-0.031124841421842575,0.30794885754585266,0.5422844886779785,-0.0763348862528801,0.3247014284133911,0.6195709109306335,-0.07887625694274902,0.3326002359390259,0.6755046844482422,-0.0674985945224762,0.2583165168762207,0.6007511615753174,-0.040994543582201004,0.2448035478591919,0.532048225402832,-0.06803660094738007,0.23850290477275848,0.4877495765686035,-0.07344275712966919,0.2330852597951889,0.43714195489883423,-0.07181311398744583
143,0.7532556653022766,0.7544300556182861,-1.7894559789510822e-07,0.6831831932067871,0.7429162859916687,-0.0158154908567667,0.6209359765052795,0.669856071472168,-0.02176617458462715,0.584314227104187,0.6099476218223572,-0.029617100954055786,0.5494623780250549,0.5701913237571716,-0.03675070405006409,0.6450551152229309,0.5731679201126099,-0.01609593816101551,0.6125331521034241,0.47557711601257324,-0.03645588085055351,0.5966367125511169,0.41758477687835693,-0.04501624032855034,0.5828616619110107,0.3658180832862854,-0.050515178591012955,0.6819890141487122,0.566199779510498,-0.020898107439279556,0.6576878428459167,0.5298725366592407,-0.06850950419902802,0.6590566635131836,0.605724036693573,-0.07760561257600784,0.6646338105201721,0.6628835201263428,-0.07082248479127884,0.717523992061615,0.5700659155845642,-0.028100764378905296,0.6953068375587463,0.5366976261138916,-0.07285616546869278,0.6940943598747253,0.6127808094024658,-0.06696303188800812,0.6939789056777954,0.6632552742958069,-0.04904443770647049,0.7519271969795227,0.5814836621284485,-0.03637698292732239,0.7490642666816711,0.5220069885253906,-0.0653810054063797,0.7481436133384705,0.4845861792564392,-0.06778232008218765,0.7465171813964844,0.4407877027988434,-0.062020573765039444,0.2731289863586426,0.7842543125152588,-1.488263592364092e-07,0.3351154327392578,0.7574704885482788,-0.018489232286810875,0.38983154296875,0.6911805868148804,-0.0273045152425766,0.42540299892425537,0.6362360119819641,-0.03870641812682152,0.45238006114959717,0.5912743806838989,-0.04944564774632454,0.3549165427684784,0.5833286643028259,-0.015557775273919106,0.3808811902999878,0.492982417345047,-0.034720003604888916,0.3950410783290863,0.441348671913147,-0.042488813400268555,0.40836846828460693,0.39462578296661377,-0.04678595811128616,0.3219577670097351,0.5786080956459045,-0.022018827497959137,0.34824100136756897,0.5415341258049011,-0.0701638013124466,0.35558295249938965,0.6088626980781555,-0.08758348971605301,0.3557797074317932,0.663452684879303,-0.08693291991949081,0.2880553901195526,0.586193859577179,-0.03073527291417122,0.3073970079421997,0.5484275817871094,-0.07842742651700974,0.32129159569740295,0.6257487535476685,-0.08302336931228638,0.3276490569114685,0.6820433735847473,-0.07185718417167664,0.256156325340271,0.6008031964302063,-0.04037807881832123,0.24340255558490753,0.5309038758277893,-0.06881014257669449,0.23622094094753265,0.48465314507484436,-0.07519442588090897,0.2299368679523468,0.433711975812912,-0.07374358922243118
144,0.7494471669197083,0.7709113359451294,-1.7238792793250468e-07,0.680363118648529,0.758426308631897,-0.015365035273134708,0.6176468133926392,0.6829833984375,-0.021648885682225227,0.5808078646659851,0.6212222576141357,-0.03006584569811821,0.54472815990448,0.5831194519996643,-0.037866316735744476,0.6439664363861084,0.5815744996070862,-0.017062412574887276,0.6144449710845947,0.4808084964752197,-0.038225505501031876,0.6003543734550476,0.4199066758155823,-0.04723400995135307,0.5873139500617981,0.3666633367538452,-0.05303458869457245,0.6816017627716064,0.5743577480316162,-0.02231602929532528,0.6555254459381104,0.5438777804374695,-0.07057449966669083,0.6559748649597168,0.6246498823165894,-0.07895708829164505,0.6613590717315674,0.6836250424385071,-0.07174471765756607,0.7176765203475952,0.5802207589149475,-0.02996937930583954,0.6920180320739746,0.5524813532829285,-0.076522596180439,0.6911555528640747,0.6319077610969543,-0.07019788771867752,0.693071186542511,0.6842643022537231,-0.05145799368619919,0.7522702217102051,0.5949175953865051,-0.03856838122010231,0.7507588267326355,0.5355294942855835,-0.0698094442486763,0.7498602271080017,0.49910181760787964,-0.07282595336437225,0.7487946152687073,0.4556537866592407,-0.06692899763584137,0.26763349771499634,0.8092986345291138,-1.7088099468764995e-07,0.33174848556518555,0.7822117805480957,-0.020376088097691536,0.3898457884788513,0.7085806131362915,-0.028737707063555717,0.4296443462371826,0.6463896036148071,-0.039042405784130096,0.4591565728187561,0.5991374254226685,-0.0487910732626915,0.35150688886642456,0.6023170948028564,-0.016726000234484673,0.37817642092704773,0.509332537651062,-0.03561035171151161,0.3922611474990845,0.45474928617477417,-0.04363161325454712,0.4045659005641937,0.4038291573524475,-0.049149785190820694,0.31724312901496887,0.5974349975585938,-0.022840207442641258,0.3438457250595093,0.5513639450073242,-0.07125842571258545,0.3543436825275421,0.6210159659385681,-0.0891818255186081,0.3553904592990875,0.677812933921814,-0.08930347859859467,0.28302648663520813,0.6060758233070374,-0.03140699118375778,0.3039001524448395,0.5627622604370117,-0.07949714362621307,0.3203718662261963,0.6400378346443176,-0.08444907516241074,0.3265497088432312,0.6974969506263733,-0.0739385187625885,0.25158172845840454,0.6220288872718811,-0.04119031876325607,0.23873528838157654,0.5475887656211853,-0.07152130454778671,0.2320249080657959,0.4974031448364258,-0.08005870878696442,0.22491702437400818,0.44305408000946045,-0.08047494292259216
145,0.7396125793457031,0.7886674404144287,-1.5432769373546762e-07,0.6670196652412415,0.7741519212722778,-0.015075610019266605,0.6051302552223206,0.6940332651138306,-0.020420195534825325,0.5701780319213867,0.6301797032356262,-0.02813909202814102,0.5334638953208923,0.5930157899856567,-0.03528278321027756,0.6327146887779236,0.5905202031135559,-0.015253276564180851,0.6056430339813232,0.4849519729614258,-0.03686767444014549,0.5915218591690063,0.4214499592781067,-0.04577774554491043,0.5793536901473999,0.3652278780937195,-0.05085068941116333,0.6714069843292236,0.5847185850143433,-0.021021094173192978,0.646192729473114,0.548671305179596,-0.07120741158723831,0.6445217728614807,0.6291543245315552,-0.08066011965274811,0.6504250764846802,0.6889338493347168,-0.07266619801521301,0.7078765034675598,0.5924740433692932,-0.029191110283136368,0.6830608248710632,0.5644553303718567,-0.07724925130605698,0.6800875067710876,0.6456218361854553,-0.07172996550798416,0.681719183921814,0.6980106234550476,-0.052094537764787674,0.7435595393180847,0.608826220035553,-0.038246382027864456,0.7407608032226562,0.5473927855491638,-0.0688897892832756,0.7382552027702332,0.5095078349113464,-0.0710679367184639,0.7370374202728271,0.4634501338005066,-0.06394460797309875,0.2643662989139557,0.8382365703582764,-1.6411863157372863e-07,0.32962149381637573,0.8112921714782715,-0.022022413089871407,0.38960137963294983,0.7300337553024292,-0.030573613941669464,0.4286537170410156,0.6624809503555298,-0.04105125367641449,0.459037721157074,0.6129962205886841,-0.05072953179478645,0.3507331907749176,0.6179577112197876,-0.01760207675397396,0.37797796726226807,0.5215612649917603,-0.03760093078017235,0.3924100995063782,0.46401113271713257,-0.04619508236646652,0.40454545617103577,0.4111482501029968,-0.05191899463534355,0.3129778206348419,0.6132918000221252,-0.023808469995856285,0.340998113155365,0.5670686960220337,-0.07500561326742172,0.35205188393592834,0.637234628200531,-0.09457802027463913,0.35317498445510864,0.694629967212677,-0.09506858885288239,0.27610594034194946,0.6231804490089417,-0.03266819566488266,0.2981894016265869,0.5801623463630676,-0.08424316346645355,0.3152993619441986,0.6623132824897766,-0.09032119065523148,0.3216775953769684,0.7240229845046997,-0.07936582714319229,0.24265795946121216,0.6411690711975098,-0.04274385794997215,0.22796913981437683,0.5630519986152649,-0.07520706206560135,0.21973182260990143,0.5104449391365051,-0.0842510461807251,0.21179614961147308,0.4537115693092346,-0.08438582718372345
146,0.7445223331451416,0.7885900139808655,-1.5602165603922913e-07,0.6691129207611084,0.7794615626335144,-0.02125552110373974,0.5988751649856567,0.6983509063720703,-0.029823996126651764,0.5578805804252625,0.632464587688446,-0.0397966168820858,0.5153535604476929,0.5957935452461243,-0.04919954761862755,0.6254945397377014,0.5866655111312866,-0.022034233435988426,0.5956925749778748,0.47685104608535767,-0.04493851959705353,0.5809149146080017,0.4085264801979065,-0.05424094945192337,0.5675737261772156,0.3487188518047333,-0.060249585658311844,0.666618287563324,0.5793817043304443,-0.02626323327422142,0.6439930200576782,0.5452055335044861,-0.08193246275186539,0.6470385193824768,0.6314956545829773,-0.09314410388469696,0.6543011665344238,0.6983687877655029,-0.08535437285900116,0.7058858871459961,0.5867410898208618,-0.03329259157180786,0.685777485370636,0.559589684009552,-0.08677897602319717,0.6842558979988098,0.6451510787010193,-0.08270054310560226,0.6834978461265564,0.701975405216217,-0.0631425753235817,0.7440713047981262,0.6021573543548584,-0.041481733322143555,0.7403143644332886,0.5391176342964172,-0.07708943635225296,0.7390998005867004,0.4992793798446655,-0.08188033849000931,0.7375993132591248,0.45111215114593506,-0.07617731392383575,0.24626761674880981,0.847747802734375,-1.4351830657233222e-07,0.31876716017723083,0.8182249665260315,-0.025331728160381317,0.3843344748020172,0.7342817783355713,-0.03610040247440338,0.42814624309539795,0.6644443273544312,-0.04789101704955101,0.4624435603618622,0.6141169667243958,-0.0593496672809124,0.34267014265060425,0.6143100261688232,-0.02426876127719879,0.3706062436103821,0.5128902792930603,-0.046287134289741516,0.38500475883483887,0.45152896642684937,-0.05639367923140526,0.39764177799224854,0.39458227157592773,-0.06302843242883682,0.30122309923171997,0.6097826361656189,-0.029651356860995293,0.32956936955451965,0.5643578171730042,-0.08324682712554932,0.33656078577041626,0.6434011459350586,-0.10287638753652573,0.3359747529029846,0.7051649689674377,-0.10271251946687698,0.26044175028800964,0.6226797103881836,-0.03760196268558502,0.27920109033584595,0.5848154425621033,-0.09189851582050323,0.2955818176269531,0.6719822883605957,-0.09740941971540451,0.3030755817890167,0.735322892665863,-0.08527009189128876,0.22239962220191956,0.6450102925300598,-0.04674261808395386,0.2034461349248886,0.5633236169815063,-0.08119030296802521,0.19138465821743011,0.5103966593742371,-0.08926273882389069,0.18023595213890076,0.4523414969444275,-0.08808213472366333
147,0.7473954558372498,0.7840762138366699,-1.6450125883693545e-07,0.6712980270385742,0.7720498442649841,-0.020029371604323387,0.5993010997772217,0.6911615133285522,-0.028257017955183983,0.5559040904045105,0.6282812356948853,-0.03831746429204941,0.5127741694450378,0.5895061492919922,-0.047602660953998566,0.627910852432251,0.5681355595588684,-0.01973767764866352,0.59688401222229,0.4572010636329651,-0.04270485043525696,0.5815144181251526,0.38954654335975647,-0.05259281396865845,0.5676943063735962,0.3286023437976837,-0.05957953631877899,0.6703926920890808,0.5602591633796692,-0.025292204692959785,0.6457720398902893,0.5265675187110901,-0.08131923526525497,0.6525788903236389,0.6152979731559753,-0.09246499836444855,0.6629197597503662,0.6818132400512695,-0.08452919125556946,0.7121559381484985,0.5678523182868958,-0.0338369645178318,0.6906658411026001,0.5465563535690308,-0.08786135911941528,0.6920627355575562,0.6335279941558838,-0.0832548514008522,0.6927567720413208,0.6896834969520569,-0.06311362981796265,0.752415120601654,0.5835192203521729,-0.043579161167144775,0.7478492856025696,0.5182779431343079,-0.08061686903238297,0.7477179169654846,0.4776924252510071,-0.08577992022037506,0.7465713620185852,0.42861852049827576,-0.08012420684099197,0.23390454053878784,0.8394138813018799,-1.877848632148016e-07,0.31027868390083313,0.8058064579963684,-0.019180234521627426,0.3781679570674896,0.718116819858551,-0.027480890974402428,0.42304858565330505,0.650800347328186,-0.03814297914505005,0.45589858293533325,0.6016606688499451,-0.0489702932536602,0.3269954025745392,0.5864385366439819,-0.019183000549674034,0.357759952545166,0.4883193373680115,-0.037746626883745193,0.3728337585926056,0.42718756198883057,-0.045673396438360214,0.38497886061668396,0.37065526843070984,-0.05110267177224159,0.2833225429058075,0.5856568813323975,-0.027054402977228165,0.3120826780796051,0.5511182546615601,-0.07653198391199112,0.31690552830696106,0.6335746049880981,-0.0941496193408966,0.3123948872089386,0.69489985704422,-0.09380914270877838,0.240512877702713,0.6012763977050781,-0.03690158575773239,0.2590009570121765,0.5687732696533203,-0.0894068032503128,0.2739298343658447,0.6624146699905396,-0.09332117438316345,0.27944499254226685,0.7297180891036987,-0.08086112886667252,0.2011207640171051,0.6263526082038879,-0.047334130853414536,0.17756201326847076,0.5392163991928101,-0.08081619441509247,0.1630610078573227,0.48447978496551514,-0.08769089728593826,0.15065814554691315,0.42506569623947144,-0.08621423691511154
148,0.7544176578521729,0.7812049388885498,-1.8069100349293876e-07,0.6732591390609741,0.7691769599914551,-0.022183990105986595,0.59671950340271,0.685645341873169,-0.031724199652671814,0.5489076375961304,0.6191263794898987,-0.04310419410467148,0.5013988614082336,0.5859801173210144,-0.05403726175427437,0.6232544183731079,0.561445415019989,-0.02214384637773037,0.5882841348648071,0.4459056556224823,-0.046241644769907,0.5726072192192078,0.37339240312576294,-0.05677744746208191,0.5590328574180603,0.30793917179107666,-0.064063660800457,0.6681194305419922,0.5517145395278931,-0.027486173436045647,0.6456496715545654,0.5163723230361938,-0.08677347004413605,0.6573532819747925,0.6089750528335571,-0.09857163578271866,0.6700186133384705,0.678070604801178,-0.09010685235261917,0.7124793529510498,0.55743408203125,-0.03586471080780029,0.6927533149719238,0.5309110283851624,-0.0930248573422432,0.6974802613258362,0.6236623525619507,-0.08782106637954712,0.6993606686592102,0.6830730438232422,-0.0662175714969635,0.7557005286216736,0.5712823271751404,-0.04550441727042198,0.7525426149368286,0.4999088644981384,-0.08296772092580795,0.7524347305297852,0.4566047191619873,-0.0868464931845665,0.7500547170639038,0.4043172597885132,-0.08006880432367325,0.2178957611322403,0.8310501575469971,-1.609543858194229e-07,0.2972111701965332,0.8019570708274841,-0.026540391147136688,0.36904945969581604,0.7088645100593567,-0.03594503924250603,0.4146970510482788,0.6343523263931274,-0.046891823410987854,0.4476686120033264,0.5797899961471558,-0.057631660252809525,0.31850335001945496,0.5724993944168091,-0.020220952108502388,0.345676064491272,0.4656619429588318,-0.0411534309387207,0.3594474196434021,0.39962249994277954,-0.05033113434910774,0.3704690933227539,0.3397131562232971,-0.056073013693094254,0.2710339426994324,0.5685914754867554,-0.02544323168694973,0.29515540599823,0.5212516784667969,-0.08005166053771973,0.29925283789634705,0.6074101328849792,-0.09907113760709763,0.29571545124053955,0.6723287105560303,-0.09739944338798523,0.22371214628219604,0.582064151763916,-0.03382408618927002,0.23969925940036774,0.5487302541732788,-0.09168427437543869,0.2539946734905243,0.644451379776001,-0.096158467233181,0.2590639591217041,0.7111973166465759,-0.08145055174827576,0.17791815102100372,0.6034475564956665,-0.043448738753795624,0.15772369503974915,0.5139781832695007,-0.08004257082939148,0.14445920288562775,0.4583897888660431,-0.08722347766160965,0.13164100050926208,0.3964054584503174,-0.08458015322685242
149,0.7581130266189575,0.770246148109436,-1.4982340701408248e-07,0.6744067668914795,0.7584326863288879,-0.0238565094769001,0.5970498323440552,0.6755802631378174,-0.03437543287873268,0.5475156307220459,0.6080302000045776,-0.04675078019499779,0.4994957447052002,0.5714189410209656,-0.05846397951245308,0.6216254234313965,0.5519921779632568,-0.02192113921046257,0.5853254795074463,0.43381351232528687,-0.0476042814552784,0.5687088370323181,0.36018115282058716,-0.058958034962415695,0.5546080470085144,0.29344993829727173,-0.06620051711797714,0.6671287417411804,0.5416538119316101,-0.02640867978334427,0.6432986259460449,0.4991123676300049,-0.08778327703475952,0.654007613658905,0.5909750461578369,-0.10071990638971329,0.6675317287445068,0.6607323884963989,-0.09211575239896774,0.7115858793258667,0.5445142388343811,-0.03418906033039093,0.6920902729034424,0.5103521347045898,-0.0928463339805603,0.6959452033042908,0.6052076816558838,-0.08770117163658142,0.6981483697891235,0.6673410534858704,-0.06509524583816528,0.7549694776535034,0.5553260445594788,-0.043353352695703506,0.7527663111686707,0.48039674758911133,-0.08079466223716736,0.7526628971099854,0.4356590509414673,-0.08425363898277283,0.749861478805542,0.3822709321975708,-0.07660187780857086,0.2184506356716156,0.8073869347572327,4.767763783775081e-08,0.28479287028312683,0.7941902875900269,-0.032990362495183945,0.3597978949546814,0.703352153301239,-0.04455632343888283,0.41000160574913025,0.6297628283500671,-0.05409844592213631,0.44590991735458374,0.572925329208374,-0.06371644884347916,0.3120940327644348,0.5676565170288086,-0.03625478222966194,0.33688053488731384,0.4621281325817108,-0.05587947368621826,0.352641761302948,0.3895019292831421,-0.06550469249486923,0.36594751477241516,0.3267180323600769,-0.07372022420167923,0.2620525658130646,0.5622029304504395,-0.0399886816740036,0.28909194469451904,0.5122073292732239,-0.09299392253160477,0.2947886884212494,0.6006906032562256,-0.11115635186433792,0.2924780249595642,0.671390175819397,-0.11072861403226852,0.21173429489135742,0.5747262835502625,-0.04673219844698906,0.23360955715179443,0.5447688698768616,-0.10235490649938583,0.24633903801441193,0.6453319787979126,-0.10862445831298828,0.2483403980731964,0.7166911959648132,-0.09781033545732498,0.164297416806221,0.599555492401123,-0.05501216650009155,0.14921966195106506,0.5084910988807678,-0.0926874428987503,0.13388773798942566,0.4523560106754303,-0.10287304222583771,0.11659972369670868,0.3871139585971832,-0.10414072871208191
150,0.7584894299507141,0.7441684603691101,-1.168574641496889e-07,0.6784059405326843,0.7370301485061646,-0.027320273220539093,0.5985005497932434,0.6554760336875916,-0.03838321194052696,0.5494333505630493,0.5892017483711243,-0.05037903040647507,0.5024160742759705,0.5475888848304749,-0.06096813082695007,0.6216225624084473,0.519856333732605,-0.02280556596815586,0.5875377655029297,0.4047030210494995,-0.047518257051706314,0.5700235962867737,0.3327617645263672,-0.058500736951828,0.5559123754501343,0.26697105169296265,-0.06617755442857742,0.6689769625663757,0.5080671906471252,-0.026298433542251587,0.6451016664505005,0.468870609998703,-0.08773239701986313,0.6573010683059692,0.5601432919502258,-0.10148121416568756,0.6726680994033813,0.629220724105835,-0.093508280813694,0.7170172333717346,0.5120781064033508,-0.03347066417336464,0.698983371257782,0.4845254123210907,-0.09309175610542297,0.702872633934021,0.5781458020210266,-0.08852492272853851,0.7042041420936584,0.638757050037384,-0.06629417836666107,0.7633129358291626,0.523147463798523,-0.04222814366221428,0.7594662308692932,0.4479767680168152,-0.08135262131690979,0.7598502039909363,0.4006878733634949,-0.08541308343410492,0.7567176222801208,0.34370148181915283,-0.0780785009264946,0.2081814408302307,0.8069279789924622,3.253867575381264e-08,0.2806912660598755,0.7892464399337769,-0.035361457616090775,0.35361799597740173,0.6973774433135986,-0.04836430773139,0.4041367173194885,0.6208049058914185,-0.05947864055633545,0.44277942180633545,0.5617944002151489,-0.07022562623023987,0.30554917454719543,0.5562032461166382,-0.03181888163089752,0.32877394556999207,0.44826412200927734,-0.05166884511709213,0.3446526527404785,0.3743177056312561,-0.061151448637247086,0.3569720983505249,0.30978459119796753,-0.0684121772646904,0.2550472915172577,0.5519217252731323,-0.0332040898501873,0.27709895372390747,0.4957691431045532,-0.08755432814359665,0.2846323847770691,0.5855023264884949,-0.10662437975406647,0.2827187180519104,0.6601724624633789,-0.1050570085644722,0.20535880327224731,0.5633057355880737,-0.03809717297554016,0.22384802997112274,0.5261245965957642,-0.0941845029592514,0.24191433191299438,0.6196695566177368,-0.10203736275434494,0.24783511459827423,0.6900545358657837,-0.09094136953353882,0.15859082341194153,0.5828519463539124,-0.044715262949466705,0.13800372183322906,0.487914115190506,-0.08102025836706161,0.12272921204566956,0.4298388361930847,-0.09163438528776169,0.10699242353439331,0.3650774359703064,-0.09260697662830353
151,0.7608471512794495,0.7507118582725525,-1.792835035985263e-07,0.6807390451431274,0.7390692830085754,-0.02634655497968197,0.6017590761184692,0.6582219004631042,-0.03837892785668373,0.5506765246391296,0.5908517837524414,-0.05246453732252121,0.5012483596801758,0.5525103211402893,-0.06588654220104218,0.6243217587471008,0.5229763984680176,-0.02176748774945736,0.5907136797904968,0.40923449397087097,-0.049098193645477295,0.5753949284553528,0.33673545718193054,-0.06185607612133026,0.5615735650062561,0.26937365531921387,-0.0703350305557251,0.6706951856613159,0.5152615904808044,-0.026768125593662262,0.6490341424942017,0.47143158316612244,-0.09034908562898636,0.6624744534492493,0.564434826374054,-0.10534195601940155,0.6747188568115234,0.6342135667800903,-0.09809695929288864,0.7169327735900879,0.5210880041122437,-0.03562761843204498,0.6975037455558777,0.48722535371780396,-0.09853179007768631,0.7052695155143738,0.5814507603645325,-0.09560961276292801,0.7081895470619202,0.6432522535324097,-0.07377447187900543,0.762629508972168,0.5330048203468323,-0.045955512672662735,0.7584267258644104,0.45442408323287964,-0.08690249919891357,0.761387825012207,0.4056582450866699,-0.09242994338274002,0.7604404091835022,0.34902748465538025,-0.08610522747039795,0.21543361246585846,0.8064602017402649,1.2559610240714392e-08,0.2839115858078003,0.7882081866264343,-0.03269117325544357,0.3539212942123413,0.7010701894760132,-0.044479817152023315,0.40174543857574463,0.6283345222473145,-0.05468226596713066,0.43873536586761475,0.5690323710441589,-0.06528851389884949,0.3072632849216461,0.562982976436615,-0.030658923089504242,0.3290427327156067,0.4583406448364258,-0.04902288317680359,0.3448718190193176,0.385258287191391,-0.05755924805998802,0.35801246762275696,0.3231915235519409,-0.0642022117972374,0.25833362340927124,0.5581014156341553,-0.03261052072048187,0.2765072286128998,0.5054031610488892,-0.08274348080158234,0.28609398007392883,0.5938151478767395,-0.09992605447769165,0.28750917315483093,0.6682674288749695,-0.09844135493040085,0.20882385969161987,0.5712100267410278,-0.03766951709985733,0.226249098777771,0.5391256809234619,-0.09157726913690567,0.24302621185779572,0.6345711946487427,-0.09856906533241272,0.24875953793525696,0.7047837972640991,-0.08794157952070236,0.16249892115592957,0.5940264463424683,-0.04396504536271095,0.14182716608047485,0.49920451641082764,-0.07991458475589752,0.12783773243427277,0.4425710141658783,-0.08956453949213028,0.11269676685333252,0.3795207738876343,-0.09021235257387161
152,0.765798807144165,0.7724040746688843,-2.397959235622693e-07,0.6844565272331238,0.7659977674484253,-0.02336822636425495,0.6060567498207092,0.6881681680679321,-0.034914251416921616,0.5569881796836853,0.6235567331314087,-0.04926197603344917,0.5096520781517029,0.5882442593574524,-0.06311537325382233,0.6265897154808044,0.5593795776367188,-0.023116186261177063,0.5916274189949036,0.440778911113739,-0.05186643451452255,0.5753405690193176,0.3694751560688019,-0.06400836259126663,0.5599364042282104,0.3013034462928772,-0.07137909531593323,0.6724299192428589,0.5495849847793579,-0.029050609096884727,0.6486443281173706,0.5122385025024414,-0.09124209731817245,0.6621161103248596,0.6071613430976868,-0.10307968407869339,0.6760168671607971,0.6717299222946167,-0.09462149441242218,0.7172057628631592,0.5534271001815796,-0.03857370465993881,0.6964926719665527,0.5248410701751709,-0.10114703327417374,0.7054005861282349,0.6227871179580688,-0.09449019283056259,0.7106520533561707,0.6836243271827698,-0.07023289799690247,0.7613326907157898,0.564885675907135,-0.04929130896925926,0.7577498555183411,0.4912841320037842,-0.0878496840596199,0.7600840330123901,0.4479457437992096,-0.08878826349973679,0.7585660219192505,0.3958629369735718,-0.07918598502874374,0.21913249790668488,0.8339070081710815,-4.2178708525852926e-08,0.2878636419773102,0.8094120621681213,-0.029503650963306427,0.3570389151573181,0.7173230648040771,-0.039662089198827744,0.40629464387893677,0.6456047296524048,-0.04795623570680618,0.4393226206302643,0.5882368087768555,-0.05625270679593086,0.307157427072525,0.5876359939575195,-0.03607700765132904,0.3340564966201782,0.48808878660202026,-0.055742714554071426,0.34973639249801636,0.4182611107826233,-0.06557275354862213,0.36307284235954285,0.35725894570350647,-0.07383284717798233,0.25907382369041443,0.5833343267440796,-0.039679594337940216,0.28556784987449646,0.5311659574508667,-0.08838997781276703,0.2934739887714386,0.616088330745697,-0.1041501834988594,0.29374396800994873,0.6850148439407349,-0.10358386486768723,0.21022914350032806,0.5969592928886414,-0.04615236818790436,0.23251810669898987,0.571309506893158,-0.09848596155643463,0.24843904376029968,0.666521430015564,-0.10527414083480835,0.2537127435207367,0.7359338998794556,-0.09623225778341293,0.16577081382274628,0.6228948831558228,-0.05381610244512558,0.14511016011238098,0.5294449329376221,-0.09044697880744934,0.12936462461948395,0.4686318039894104,-0.10254691541194916,0.11425407230854034,0.40163207054138184,-0.1061086356639862
153,0.7676902413368225,0.7641674280166626,-2.197238586632011e-07,0.6863623261451721,0.7532204389572144,-0.018932072445750237,0.6127958297729492,0.6816562414169312,-0.027622751891613007,0.5657258629798889,0.6184284687042236,-0.03972219303250313,0.5238213539123535,0.5782425403594971,-0.051419325172901154,0.630958080291748,0.564809262752533,-0.01456810999661684,0.5979933738708496,0.45346084237098694,-0.03891953080892563,0.582005500793457,0.385921835899353,-0.049368277192115784,0.5666086673736572,0.3235934376716614,-0.05530058965086937,0.6736830472946167,0.5530388355255127,-0.02015756443142891,0.6482192873954773,0.5225023031234741,-0.07534218579530716,0.6613519191741943,0.6055395603179932,-0.08703300356864929,0.674004077911377,0.6670364141464233,-0.07930672913789749,0.7145166993141174,0.553297221660614,-0.028884317725896835,0.6913117170333862,0.5299479961395264,-0.08347476273775101,0.7029702067375183,0.6169977188110352,-0.07900241017341614,0.709112286567688,0.6736716032028198,-0.05805668234825134,0.7534818053245544,0.5607380270957947,-0.03858836740255356,0.7478176355361938,0.4977738857269287,-0.070170097053051,0.7480927109718323,0.4608435034751892,-0.07086917012929916,0.7439559698104858,0.41726410388946533,-0.06222826614975929,0.22927647829055786,0.8139352798461914,-1.151927762066407e-07,0.301349401473999,0.7986389994621277,-0.028232356533408165,0.3639894723892212,0.7119415402412415,-0.0394781194627285,0.4090057611465454,0.6412525773048401,-0.05054069310426712,0.4430423080921173,0.591507613658905,-0.06151171401143074,0.3175184428691864,0.5902654528617859,-0.0273992158472538,0.3456299602985382,0.4938051700592041,-0.05091644078493118,0.36291319131851196,0.42988139390945435,-0.06352487951517105,0.37594786286354065,0.37330925464630127,-0.07259200513362885,0.2752792537212372,0.583743155002594,-0.02966851182281971,0.3046238124370575,0.5392903089523315,-0.08246205747127533,0.3072209656238556,0.62519770860672,-0.09792272001504898,0.3008795976638794,0.6862655878067017,-0.09521917998790741,0.23231980204582214,0.5930608510971069,-0.03545850142836571,0.2511424124240875,0.5631706714630127,-0.08930569142103195,0.26615017652511597,0.6511092185974121,-0.09097691625356674,0.26940760016441345,0.7125885486602783,-0.0763091892004013,0.19197866320610046,0.6117960214614868,-0.04301593080163002,0.1699550449848175,0.5284973382949829,-0.08102218061685562,0.15606731176376343,0.47489842772483826,-0.09113817662000656,0.14296424388885498,0.4169709086418152,-0.09100336581468582
154,0.758650541305542,0.7351779937744141,-1.549467043560071e-07,0.682366132736206,0.7261173725128174,-0.01753256656229496,0.6112394332885742,0.6609703898429871,-0.025898071005940437,0.5663154721260071,0.60463547706604,-0.03725198283791542,0.5286571979522705,0.5631858110427856,-0.04783415421843529,0.6275582313537598,0.5503413081169128,-0.012455758638679981,0.5980082154273987,0.44462883472442627,-0.03482532501220703,0.5830415487289429,0.3833601772785187,-0.04406636580824852,0.5700734257698059,0.3284391164779663,-0.04895699396729469,0.6658341288566589,0.5418910980224609,-0.017539193853735924,0.6426598429679871,0.5049128532409668,-0.07049375027418137,0.6539310812950134,0.5843293070793152,-0.08186490088701248,0.6661072373390198,0.6432356238365173,-0.07396373152732849,0.702183723449707,0.5423523783683777,-0.025492044165730476,0.6789586544036865,0.5099243521690369,-0.07562132179737091,0.6893805265426636,0.5908060073852539,-0.07003704458475113,0.6964089274406433,0.6427793502807617,-0.04922277480363846,0.7384101748466492,0.5491968393325806,-0.03438125550746918,0.7292371392250061,0.48547035455703735,-0.06364450603723526,0.7265253067016602,0.447704941034317,-0.06338746845722198,0.720508337020874,0.4019976258277893,-0.0542069710791111,0.24262453615665436,0.7935536503791809,-1.6514700007519423e-07,0.31255578994750977,0.770870566368103,-0.021426083520054817,0.3761252760887146,0.6939827799797058,-0.029633812606334686,0.4178647994995117,0.6313745379447937,-0.03948500379920006,0.446444571018219,0.5831500887870789,-0.04895415157079697,0.332565039396286,0.5764701962471008,-0.019637376070022583,0.3611166179180145,0.48153156042099,-0.03833576291799545,0.3748759925365448,0.42370569705963135,-0.04599839076399803,0.3852851390838623,0.3705383241176605,-0.050429947674274445,0.29464927315711975,0.5707958936691284,-0.024398529902100563,0.3220098316669464,0.5274157524108887,-0.07272180169820786,0.32590097188949585,0.6020308136940002,-0.08822175115346909,0.3220181465148926,0.6565471291542053,-0.08578725904226303,0.2554243505001068,0.5779893398284912,-0.03146674484014511,0.275144100189209,0.5393139719963074,-0.08024399727582932,0.2887800633907318,0.6214705109596252,-0.08258230239152908,0.2927440106868744,0.6786113977432251,-0.06933941692113876,0.2180585265159607,0.5916427969932556,-0.0396847128868103,0.2017553746700287,0.5079349279403687,-0.06940552592277527,0.19340786337852478,0.4564155340194702,-0.07446028292179108,0.18639302253723145,0.40223079919815063,-0.07165180146694183
155,0.7512076497077942,0.7156050801277161,-1.3078934557597677e-07,0.6771474480628967,0.7092465162277222,-0.017159122973680496,0.6075626015663147,0.6454859972000122,-0.024316364899277687,0.5669681429862976,0.5897643566131592,-0.03373577073216438,0.5298129320144653,0.5485295057296753,-0.04250432923436165,0.6288444995880127,0.5355784893035889,-0.012789193540811539,0.5988388061523438,0.4310730993747711,-0.03251352533698082,0.5831409692764282,0.37053602933883667,-0.04061947390437126,0.5687044858932495,0.3165377378463745,-0.04522544518113136,0.6649447083473206,0.5281364321708679,-0.017898134887218475,0.6413207650184631,0.4827074408531189,-0.06812603771686554,0.649883508682251,0.5562019348144531,-0.07976029068231583,0.6599360108375549,0.6139850616455078,-0.07250139862298965,0.6997790336608887,0.5300840735435486,-0.02546476572751999,0.6771126985549927,0.4942128658294678,-0.0732225552201271,0.6866924166679382,0.5735750794410706,-0.06895004212856293,0.6916040778160095,0.6258717775344849,-0.04974804446101189,0.734851062297821,0.53624427318573,-0.03395123779773712,0.7194446325302124,0.4725155830383301,-0.06337405741214752,0.714141845703125,0.4345080852508545,-0.06432909518480301,0.7065320611000061,0.3891027271747589,-0.05647004395723343,0.248243510723114,0.774264395236969,-1.4599122266645281e-07,0.3195165991783142,0.751855194568634,-0.020896432921290398,0.3809657096862793,0.6819177865982056,-0.028579222038388252,0.4195294678211212,0.6201517581939697,-0.03752908483147621,0.44640618562698364,0.5723934173583984,-0.04603597894310951,0.342700719833374,0.5688509345054626,-0.01853184960782528,0.36594700813293457,0.4745955467224121,-0.03705102950334549,0.37755900621414185,0.417216420173645,-0.045704517513513565,0.3871651887893677,0.3647750914096832,-0.0510033555328846,0.306806743144989,0.5628055334091187,-0.022871894761919975,0.3295752704143524,0.5118728876113892,-0.06925226002931595,0.33532389998435974,0.5802935361862183,-0.08597896248102188,0.3333304226398468,0.6349999904632568,-0.0853070542216301,0.2692887485027313,0.5683103799819946,-0.02930375561118126,0.28442442417144775,0.5204477310180664,-0.07520128041505814,0.2982492446899414,0.5952877998352051,-0.07867619395256042,0.30280864238739014,0.6508909463882446,-0.06744290143251419,0.2325495183467865,0.5791029930114746,-0.03687729686498642,0.21797776222229004,0.49573642015457153,-0.06431889533996582,0.21149688959121704,0.44452929496765137,-0.06950841099023819,0.20559634268283844,0.3914981782436371,-0.06762382388114929
156,0.7422282099723816,0.720603346824646,-1.6743635455895856e-07,0.6707703471183777,0.7159603834152222,-0.017455747351050377,0.6026684045791626,0.6515653729438782,-0.024626586586236954,0.561414361000061,0.5946126580238342,-0.03389585390686989,0.5260300636291504,0.5545796155929565,-0.04243040084838867,0.6226696372032166,0.5431868433952332,-0.01438129786401987,0.5939154028892517,0.43983134627342224,-0.03472476080060005,0.5777237415313721,0.37907594442367554,-0.04231680557131767,0.5636163949966431,0.32516324520111084,-0.046394865959882736,0.657783567905426,0.5344662666320801,-0.018689287826418877,0.6324764490127563,0.49719104170799255,-0.06636089831590652,0.6407450437545776,0.5754354000091553,-0.07455019652843475,0.6512340903282166,0.6309152841567993,-0.06601416319608688,0.6918013691902161,0.5352872610092163,-0.025611290708184242,0.6695675253868103,0.5040030479431152,-0.07273902744054794,0.6769989132881165,0.5802444815635681,-0.06671970337629318,0.682796835899353,0.6288425326347351,-0.0467563271522522,0.7257696986198425,0.5415704250335693,-0.033473167568445206,0.7127418518066406,0.4770725667476654,-0.0625733956694603,0.7067269086837769,0.4379860758781433,-0.06296014785766602,0.7005981206893921,0.3927478790283203,-0.05465364828705788,0.2550484240055084,0.7718015909194946,-1.6342283970516291e-07,0.3232714831829071,0.7499173879623413,-0.019998041912913322,0.38166099786758423,0.6798335313796997,-0.027833241969347,0.419369637966156,0.6205537915229797,-0.03703895956277847,0.44845616817474365,0.5743032097816467,-0.045840367674827576,0.34576675295829773,0.5655983686447144,-0.01864432543516159,0.3677489161491394,0.47362565994262695,-0.03700927644968033,0.37929457426071167,0.41750380396842957,-0.04520324245095253,0.3889942169189453,0.3670136034488678,-0.05013720691204071,0.3106045424938202,0.5597230792045593,-0.023769918829202652,0.33210986852645874,0.5111913681030273,-0.06934710592031479,0.3407926857471466,0.5805321931838989,-0.08578231930732727,0.34032386541366577,0.6359133124351501,-0.08504932373762131,0.27433040738105774,0.5667158961296082,-0.030923426151275635,0.2884436845779419,0.5266579985618591,-0.07639916986227036,0.3030695617198944,0.6020171046257019,-0.08038512617349625,0.30729418992996216,0.6562167406082153,-0.06966584175825119,0.238724023103714,0.5799928903579712,-0.039018966257572174,0.22287186980247498,0.4967833459377289,-0.06646090000867844,0.21769019961357117,0.4447031021118164,-0.07179111242294312,0.2119244933128357,0.38947296142578125,-0.07014069706201553
157,0.7413574457168579,0.7408067584037781,-2.005684791583917e-07,0.6705777645111084,0.738062858581543,-0.01600138284265995,0.6012250781059265,0.668757975101471,-0.022822203114628792,0.559901237487793,0.6080620288848877,-0.032262325286865234,0.5224506258964539,0.5716501474380493,-0.04122285544872284,0.6238526701927185,0.5601010322570801,-0.014903780072927475,0.5928588509559631,0.45355579257011414,-0.03680935129523277,0.5764666199684143,0.39048755168914795,-0.045509692281484604,0.5618689060211182,0.33345556259155273,-0.05050532892346382,0.6596235632896423,0.5521546006202698,-0.02054302766919136,0.6300134062767029,0.5167742967605591,-0.07143479585647583,0.6397711038589478,0.5989128351211548,-0.07988355308771133,0.6531330943107605,0.6555589437484741,-0.07066235691308975,0.6946111917495728,0.5546858906745911,-0.02862742356956005,0.6652582883834839,0.5252190828323364,-0.07811063528060913,0.6763224005699158,0.6054225564002991,-0.07063468545675278,0.687443733215332,0.6558298468589783,-0.04871644079685211,0.7303249835968018,0.5628423690795898,-0.03766390681266785,0.7179059386253357,0.49870866537094116,-0.06834464520215988,0.7107436060905457,0.45929116010665894,-0.0687207579612732,0.7041223645210266,0.4130263924598694,-0.059957265853881836,0.253214955329895,0.8007717728614807,-2.295332848234466e-07,0.32228922843933105,0.7791275382041931,-0.01939684897661209,0.3822976350784302,0.69886714220047,-0.025287002325057983,0.4246116280555725,0.6333554983139038,-0.03336465358734131,0.4572024345397949,0.5883293747901917,-0.04176444187760353,0.34607526659965515,0.5872789025306702,-0.014502909034490585,0.37104737758636475,0.4922458827495575,-0.03263429179787636,0.383635014295578,0.4329577088356018,-0.04095763340592384,0.393398255109787,0.37878483533859253,-0.046719953417778015,0.3091776371002197,0.5810903906822205,-0.02075551077723503,0.33198341727256775,0.534576952457428,-0.06962889432907104,0.33929193019866943,0.612307608127594,-0.08765316009521484,0.33770114183425903,0.6716728806495667,-0.08693788200616837,0.27091044187545776,0.5893731713294983,-0.029245970770716667,0.287210613489151,0.5482726097106934,-0.07917908579111099,0.3002341687679291,0.6339264512062073,-0.08319803327322006,0.3029390573501587,0.6956896781921387,-0.07065171748399734,0.23398065567016602,0.6053062677383423,-0.038627706468105316,0.21697130799293518,0.5195474624633789,-0.07017937302589417,0.21035724878311157,0.4652825891971588,-0.07722814381122589,0.2037634700536728,0.40728989243507385,-0.0756835862994194
158,0.7465159296989441,0.762130618095398,-2.2801768295721558e-07,0.6757252216339111,0.7581875324249268,-0.019884595647454262,0.6026367545127869,0.6857658624649048,-0.028485774993896484,0.5586852431297302,0.6237919330596924,-0.03910281881690025,0.5173193216323853,0.5878715515136719,-0.04930560290813446,0.6264411807060242,0.5719410181045532,-0.020220736041665077,0.5925999283790588,0.4669659733772278,-0.04407951608300209,0.5764026045799255,0.40272754430770874,-0.05428586155176163,0.5611393451690674,0.34332966804504395,-0.060671575367450714,0.6637866497039795,0.5620068311691284,-0.024666069075465202,0.6326736211776733,0.5354112982749939,-0.07747004181146622,0.6446163058280945,0.6202412843704224,-0.08640331029891968,0.6581345200538635,0.6778110265731812,-0.07783984392881393,0.7005652189254761,0.5654557943344116,-0.032097190618515015,0.670494019985199,0.546438992023468,-0.08479563891887665,0.6827442049980164,0.6306149959564209,-0.0787692740559578,0.6922087669372559,0.6826460957527161,-0.05764622986316681,0.736726701259613,0.5753660202026367,-0.040619220584630966,0.7230291366577148,0.5136688947677612,-0.07422210276126862,0.7177934050559998,0.47646889090538025,-0.07644666731357574,0.7114009857177734,0.4315015375614166,-0.06906525045633316,0.2422102391719818,0.8299611806869507,-2.307079682850599e-07,0.3149776756763458,0.8098253607749939,-0.02289607748389244,0.3807899057865143,0.7241294980049133,-0.030011257156729698,0.4247642159461975,0.6518186926841736,-0.038973934948444366,0.45851194858551025,0.6019183397293091,-0.04783550649881363,0.34169572591781616,0.6081377863883972,-0.016394976526498795,0.3686842918395996,0.5087350010871887,-0.036219965666532516,0.3826075494289398,0.4470215439796448,-0.045301031321287155,0.39451760053634644,0.3904251158237457,-0.051826197654008865,0.3020826578140259,0.6009900569915771,-0.02204149216413498,0.3285139203071594,0.5521193742752075,-0.07490022480487823,0.3342251181602478,0.6339571475982666,-0.0941314771771431,0.3315277695655823,0.6974449753761292,-0.09341877698898315,0.2625960409641266,0.609323263168335,-0.030554287135601044,0.2813192307949066,0.5668556690216064,-0.08356089144945145,0.2952847182750702,0.655048668384552,-0.08819287270307541,0.2988894283771515,0.7194899916648865,-0.07547159492969513,0.22478258609771729,0.6252027750015259,-0.040376272052526474,0.20922765135765076,0.540825605392456,-0.07424706220626831,0.200693279504776,0.48515844345092773,-0.08307477831840515,0.19210895895957947,0.4236108362674713,-0.08270617574453354
159,0.7482125163078308,0.7602927088737488,-2.3400353654778883e-07,0.6758301258087158,0.7492911219596863,-0.014959120191633701,0.6049147844314575,0.6815212965011597,-0.02149374596774578,0.5633985996246338,0.6240310668945312,-0.03128232806921005,0.5267587304115295,0.5846210718154907,-0.04074900969862938,0.6285894513130188,0.570612907409668,-0.0142407501116395,0.5962626338005066,0.46645060181617737,-0.03602457046508789,0.579870343208313,0.40474000573158264,-0.04536068066954613,0.5639460682868958,0.3489605784416199,-0.050958119332790375,0.6647256016731262,0.5604116916656494,-0.020570840686559677,0.6348515748977661,0.5329619646072388,-0.07182775437831879,0.6465919613838196,0.6139021515846252,-0.08154312521219254,0.660388171672821,0.672697901725769,-0.07341046631336212,0.699908971786499,0.5618898868560791,-0.029487445950508118,0.6719834804534912,0.5396624207496643,-0.07899419963359833,0.6828994154930115,0.6199437975883484,-0.0734986737370491,0.6920560598373413,0.6727845668792725,-0.05334959924221039,0.7350139617919922,0.5696957111358643,-0.03927416354417801,0.7240726351737976,0.5091162919998169,-0.06990353763103485,0.7199138402938843,0.4736461639404297,-0.07125578075647354,0.7139626145362854,0.43232619762420654,-0.06351831555366516,0.24529273808002472,0.8248937129974365,-2.008404038633671e-07,0.31949180364608765,0.7951442003250122,-0.019724436104297638,0.3815547227859497,0.7133527994155884,-0.02652864344418049,0.421188086271286,0.6462697982788086,-0.03522944077849388,0.4506990611553192,0.5945009589195251,-0.043210648000240326,0.3414549231529236,0.6017277836799622,-0.014191467314958572,0.3650962710380554,0.5045464038848877,-0.03170843794941902,0.3773006796836853,0.4453042447566986,-0.0388883538544178,0.3879264295101166,0.3911224603652954,-0.04373132809996605,0.30420559644699097,0.5956445336341858,-0.019759168848395348,0.32963401079177856,0.54558926820755,-0.0673685222864151,0.3364592492580414,0.6252476572990417,-0.08411318808794022,0.333129346370697,0.688125729560852,-0.08275683969259262,0.2662251591682434,0.6035874485969543,-0.027594756335020065,0.2828952670097351,0.5553429126739502,-0.07483506947755814,0.29842376708984375,0.6410375237464905,-0.07748532295227051,0.3029758334159851,0.7032603025436401,-0.06532025337219238,0.2295997142791748,0.619742751121521,-0.036563027650117874,0.21191951632499695,0.5356808304786682,-0.06538774818181992,0.20562618970870972,0.48358017206192017,-0.07170440256595612,0.19962190091609955,0.4265359044075012,-0.07068488001823425
160,0.7477166652679443,0.7449085712432861,-1.7413118769127323e-07,0.6756926774978638,0.7335633039474487,-0.017420578747987747,0.6088869571685791,0.6655280590057373,-0.024928081780672073,0.5688903331756592,0.6098324060440063,-0.03519662097096443,0.5329329371452332,0.5692239999771118,-0.04466385766863823,0.6282551288604736,0.5587947964668274,-0.012246533297002316,0.5998523831367493,0.4563172459602356,-0.03289677947759628,0.5841593742370605,0.39751213788986206,-0.04144089296460152,0.5697205066680908,0.3436363637447357,-0.046164195984601974,0.6637334227561951,0.5504134893417358,-0.017431993037462234,0.6401411294937134,0.5111154317855835,-0.06694827973842621,0.6477159857749939,0.5873128175735474,-0.07705207914113998,0.6578989028930664,0.6452115178108215,-0.06889267265796661,0.6977975368499756,0.5528950691223145,-0.025445789098739624,0.6752495765686035,0.5231553316116333,-0.0731530636548996,0.6840547323226929,0.6038203239440918,-0.0675177127122879,0.6909141540527344,0.6564934849739075,-0.04713733494281769,0.732075572013855,0.5604684352874756,-0.03458806499838829,0.718468189239502,0.49787062406539917,-0.06273283064365387,0.7127241492271423,0.46212249994277954,-0.062155213207006454,0.7061302661895752,0.41982129216194153,-0.053197115659713745,0.24947355687618256,0.7971757054328918,-1.3991423486459098e-07,0.3206042945384979,0.7702813744544983,-0.018764585256576538,0.38176408410072327,0.6993529796600342,-0.025369275361299515,0.4196587800979614,0.6370706558227539,-0.03396591544151306,0.44355618953704834,0.5863292813301086,-0.041912373155355453,0.3416593074798584,0.5876368284225464,-0.013005003333091736,0.36608290672302246,0.49241170287132263,-0.029899325221776962,0.3785738945007324,0.43635615706443787,-0.037077415734529495,0.38951194286346436,0.38504692912101746,-0.04125041514635086,0.3069785535335541,0.5832273364067078,-0.01849798671901226,0.33118727803230286,0.5307791233062744,-0.06464025378227234,0.3378639221191406,0.6016274094581604,-0.08133881539106369,0.3359598219394684,0.6575525999069214,-0.08015323430299759,0.2707470953464508,0.589360237121582,-0.026241758838295937,0.28777462244033813,0.5412333011627197,-0.07185008376836777,0.3027251958847046,0.6184401512145996,-0.0756836012005806,0.3072457015514374,0.6741704344749451,-0.06451574712991714,0.2353658378124237,0.6000929474830627,-0.035006772726774216,0.21956786513328552,0.5161106586456299,-0.06147060915827751,0.21420970559120178,0.4640936851501465,-0.06679795682430267,0.20887020230293274,0.40929436683654785,-0.06517773121595383
161,0.7469282150268555,0.7448945641517639,-2.0889844165594695e-07,0.6754189133644104,0.7356572151184082,-0.013781378977000713,0.6081291437149048,0.6675344705581665,-0.019955720752477646,0.5684848427772522,0.6096094846725464,-0.02950977347791195,0.5331491231918335,0.5695838928222656,-0.03882458806037903,0.6307457089424133,0.56331866979599,-0.011448421515524387,0.6021708250045776,0.46000292897224426,-0.03307849541306496,0.5858666300773621,0.40071773529052734,-0.042524781078100204,0.5709801912307739,0.3463955521583557,-0.04797976836562157,0.665669322013855,0.5550599694252014,-0.01839669793844223,0.6397640109062195,0.5157960057258606,-0.06812193989753723,0.648086428642273,0.592949628829956,-0.07832497358322144,0.6596327424049377,0.6493416428565979,-0.07076156139373779,0.6997048258781433,0.5571839213371277,-0.02771272324025631,0.6752967238426208,0.5259716510772705,-0.0744793638586998,0.6845020055770874,0.6037439107894897,-0.06772397458553314,0.6928578019142151,0.654579758644104,-0.04727295786142349,0.7345818281173706,0.564365804195404,-0.037997614592313766,0.7192646265029907,0.5006285905838013,-0.06541723757982254,0.7126580476760864,0.46391981840133667,-0.06402777880430222,0.7067245841026306,0.4224840998649597,-0.05477193370461464,0.25108492374420166,0.7957059144973755,-1.3710196355987136e-07,0.32152029871940613,0.770289421081543,-0.019924592226743698,0.3805968463420868,0.6977000832557678,-0.027085701003670692,0.41683945059776306,0.6360375285148621,-0.03587742894887924,0.4418689012527466,0.5862858891487122,-0.04417439177632332,0.3410581350326538,0.5855122804641724,-0.015024276450276375,0.3630068600177765,0.4926152527332306,-0.03285037726163864,0.37704241275787354,0.4358072280883789,-0.041085824370384216,0.3884616196155548,0.3849528431892395,-0.04611779376864433,0.3066665828227997,0.5804197788238525,-0.02013874612748623,0.33075231313705444,0.530749499797821,-0.06604868173599243,0.3404388725757599,0.6019429564476013,-0.08330785483121872,0.339049756526947,0.6601436734199524,-0.0827661082148552,0.27061960101127625,0.5877617597579956,-0.027498384937644005,0.2870153784751892,0.5429482460021973,-0.07305577397346497,0.3027387857437134,0.6202325224876404,-0.07722759991884232,0.3068792521953583,0.6767929792404175,-0.06646770983934402,0.23510871827602386,0.6014607548713684,-0.03589589521288872,0.21970140933990479,0.5193953514099121,-0.06329184770584106,0.21456027030944824,0.46764567494392395,-0.06915389001369476,0.2082286775112152,0.412497878074646,-0.06789471209049225
162,0.7454690337181091,0.742618203163147,-1.9924691230244207e-07,0.677198052406311,0.7331079840660095,-0.016925038769841194,0.6102912425994873,0.6665826439857483,-0.02432507835328579,0.572457492351532,0.6108829975128174,-0.03405441716313362,0.5387965440750122,0.5676960349082947,-0.04298071190714836,0.6352689266204834,0.5568954348564148,-0.015506795607507229,0.6067125797271729,0.456471711397171,-0.03651973605155945,0.5900673866271973,0.4004043638706207,-0.044561564922332764,0.5749469995498657,0.3493843376636505,-0.049129437655210495,0.6706002354621887,0.5499453544616699,-0.02133817784488201,0.6448804140090942,0.5099778175354004,-0.07142757624387741,0.6517640948295593,0.5880842804908752,-0.08070555329322815,0.6618754267692566,0.6451467275619507,-0.07224016636610031,0.7045910358428955,0.5550870895385742,-0.029796237125992775,0.681078314781189,0.5252981781959534,-0.07807086408138275,0.6884270310401917,0.6041735410690308,-0.0716264545917511,0.6941832900047302,0.6542965173721313,-0.05100337043404579,0.7380374073982239,0.5650314092636108,-0.03931298479437828,0.7240432500839233,0.5019072890281677,-0.06920962035655975,0.7159735560417175,0.46444466710090637,-0.0694420263171196,0.7069178819656372,0.41973555088043213,-0.061071932315826416,0.24653442203998566,0.7860704660415649,-1.1563309243456388e-07,0.3163708746433258,0.7634375691413879,-0.021945545449852943,0.3767009973526001,0.6935882568359375,-0.029369570314884186,0.4131453335285187,0.6313590407371521,-0.038020242005586624,0.4386335015296936,0.5811159610748291,-0.046000588685274124,0.3392827808856964,0.5803107619285583,-0.015262473374605179,0.3615688681602478,0.4861106872558594,-0.03221146762371063,0.3740086853504181,0.4300699532032013,-0.03970525413751602,0.3846455216407776,0.3794664740562439,-0.04421919584274292,0.30445054173469543,0.5744340419769287,-0.019215112552046776,0.3246517479419708,0.5226402878761292,-0.06460363417863846,0.3325852155685425,0.5886796116828918,-0.08204060792922974,0.33206966519355774,0.6436436772346497,-0.08183352649211884,0.26786649227142334,0.5804904699325562,-0.025669822469353676,0.2830982804298401,0.5350463390350342,-0.07144242525100708,0.2987518012523651,0.6084083318710327,-0.07699134200811386,0.30413442850112915,0.6632267832756042,-0.06707670539617538,0.2314596176147461,0.5914251208305359,-0.03330133482813835,0.21866083145141602,0.5099265575408936,-0.060809288173913956,0.21261295676231384,0.4576127529144287,-0.06735984981060028,0.20552745461463928,0.4033364951610565,-0.0665573999285698
163,0.7478011250495911,0.7563222050666809,-2.2971937596594216e-07,0.6777388453483582,0.7500439882278442,-0.017000600695610046,0.6108898520469666,0.6817529201507568,-0.024321207776665688,0.5702333450317383,0.6213025450706482,-0.03410223498940468,0.5334938764572144,0.5847759246826172,-0.04298974201083183,0.634026825428009,0.5764984488487244,-0.014887605793774128,0.6018863320350647,0.471859872341156,-0.03698676824569702,0.5844794511795044,0.4104035496711731,-0.045292820781469345,0.5690895318984985,0.3557167053222656,-0.04959162697196007,0.6685741543769836,0.5666936635971069,-0.01964079588651657,0.6384999752044678,0.5353424549102783,-0.07033393532037735,0.6474606990814209,0.6158303022384644,-0.0779355838894844,0.661168098449707,0.6728318333625793,-0.06800039112567902,0.7015901207923889,0.567802906036377,-0.027201488614082336,0.6733670830726624,0.5427150726318359,-0.07666375488042831,0.6835642457008362,0.6217243075370789,-0.06959957629442215,0.6946707963943481,0.6712560057640076,-0.04786420986056328,0.7352102994918823,0.5745779275894165,-0.035784944891929626,0.7268306612968445,0.5147380232810974,-0.06516406685113907,0.7206809520721436,0.4777784049510956,-0.06540418416261673,0.7140389680862427,0.4342157542705536,-0.05678202584385872,0.23945358395576477,0.8123845458030701,-1.7501459126378904e-07,0.3078773617744446,0.7886598110198975,-0.023119240999221802,0.3680570423603058,0.7098850011825562,-0.03134015575051308,0.40820103883743286,0.6433115005493164,-0.04084780067205429,0.43702787160873413,0.5931668281555176,-0.05003971606492996,0.3294945955276489,0.5946398973464966,-0.018035240471363068,0.354899138212204,0.5014315843582153,-0.03778211772441864,0.369937002658844,0.44347018003463745,-0.047294795513153076,0.3821218013763428,0.39079731702804565,-0.053619079291820526,0.2934154272079468,0.5891689658164978,-0.022808896377682686,0.31811779737472534,0.5408926010131836,-0.07163304835557938,0.32750770449638367,0.6151775121688843,-0.09048907458782196,0.3274618089199066,0.6740327477455139,-0.09089444577693939,0.25621187686920166,0.5980135202407837,-0.03023950196802616,0.27504345774650574,0.5564450025558472,-0.0804794505238533,0.28960537910461426,0.6405792832374573,-0.0861106887459755,0.293189138174057,0.7016056180000305,-0.07510524988174438,0.2206910252571106,0.614006757736206,-0.0388120636343956,0.20665720105171204,0.529574453830719,-0.07069787383079529,0.20006108283996582,0.47516193985939026,-0.0789768323302269,0.1928100287914276,0.4161732494831085,-0.07874857634305954
164,0.7548990249633789,0.7613527774810791,-2.467900799274503e-07,0.6832770109176636,0.7539335489273071,-0.01665661297738552,0.6141608357429504,0.6851947903633118,-0.023575901985168457,0.5713948607444763,0.6278408765792847,-0.03331634774804115,0.5333791375160217,0.5900207757949829,-0.0428272970020771,0.6382380723953247,0.5762284994125366,-0.013489854522049427,0.6050379276275635,0.4776104986667633,-0.03484516218304634,0.5880187749862671,0.4174954295158386,-0.0439717136323452,0.5716829299926758,0.36320433020591736,-0.049202773720026016,0.674128532409668,0.565437376499176,-0.018445204943418503,0.6450855731964111,0.5451124906539917,-0.0681079849600792,0.6566600799560547,0.6252957582473755,-0.07772312313318253,0.6694446802139282,0.6831689476966858,-0.06976590305566788,0.7089034914970398,0.5672258734703064,-0.02610822021961212,0.6808916330337524,0.5526344180107117,-0.07553885132074356,0.6929446458816528,0.6329604387283325,-0.07086873799562454,0.7022791504859924,0.6843248605728149,-0.05104357749223709,0.7427529096603394,0.5756694674491882,-0.034573886543512344,0.7311668992042542,0.5195341110229492,-0.06426120549440384,0.7287000417709351,0.48637470602989197,-0.06491046398878098,0.724827766418457,0.4469102621078491,-0.05657871067523956,0.23274731636047363,0.8262475728988647,-1.9335651302299084e-07,0.30321750044822693,0.8011168837547302,-0.023448333144187927,0.3654187321662903,0.7208800315856934,-0.03211677446961403,0.404780775308609,0.6539308428764343,-0.042386580258607864,0.4359249770641327,0.6028125286102295,-0.05209685117006302,0.3256036639213562,0.6062045693397522,-0.017644386738538742,0.35170647501945496,0.5119867920875549,-0.03713918849825859,0.36487725377082825,0.45329856872558594,-0.04552045091986656,0.3759567141532898,0.39962249994277954,-0.05112205818295479,0.28836944699287415,0.6000944972038269,-0.022528372704982758,0.3171748220920563,0.5536028742790222,-0.0727791041135788,0.3230467736721039,0.630988597869873,-0.09050953388214111,0.3204684555530548,0.691323459148407,-0.08921083807945251,0.25029709935188293,0.6089229583740234,-0.03028544783592224,0.27217572927474976,0.568171501159668,-0.08204641938209534,0.2856499254703522,0.6560767889022827,-0.08594170957803726,0.28921377658843994,0.7188278436660767,-0.07290707528591156,0.21448232233524323,0.6247484683990479,-0.03926664590835571,0.19964110851287842,0.5422096848487854,-0.07223322987556458,0.19247983396053314,0.4890848398208618,-0.08023577183485031,0.18572551012039185,0.4305036664009094,-0.07935147732496262
165,0.7514086961746216,0.7443026304244995,-1.665487019408829e-07,0.6840574741363525,0.7321838736534119,-0.021660396829247475,0.6182669401168823,0.6617428064346313,-0.02976379357278347,0.5783096551895142,0.6078555583953857,-0.039256151765584946,0.5408097505569458,0.5690798163414001,-0.04749346897006035,0.6398283839225769,0.5555849075317383,-0.014896339736878872,0.6107699275016785,0.4555853009223938,-0.03358926251530647,0.5938392877578735,0.3987157940864563,-0.04001485928893089,0.5786569714546204,0.34841102361679077,-0.04339998587965965,0.6747296452522278,0.5472614169120789,-0.01761762425303459,0.6489994525909424,0.5134046673774719,-0.06639115512371063,0.6563193202018738,0.5906087160110474,-0.07577577233314514,0.6676727533340454,0.648511528968811,-0.06681539863348007,0.7086672782897949,0.5516279935836792,-0.023475121706724167,0.6855711340904236,0.529058039188385,-0.07234249264001846,0.6933881044387817,0.6103935241699219,-0.06837862730026245,0.6993729472160339,0.6607511043548584,-0.04880322888493538,0.742347240447998,0.560169517993927,-0.03046582266688347,0.7288568019866943,0.5028747916221619,-0.06007099524140358,0.7225067615509033,0.4700026214122772,-0.06107723340392113,0.7152491211891174,0.42763710021972656,-0.053126219660043716,0.24403619766235352,0.7985767126083374,-1.3725565395361627e-07,0.31135234236717224,0.770883321762085,-0.01818746142089367,0.3704527020454407,0.69740229845047,-0.024209382012486458,0.4072129726409912,0.6362982392311096,-0.03204591944813728,0.4307219982147217,0.5860550403594971,-0.03917621821165085,0.33223259449005127,0.5889841914176941,-0.013447361066937447,0.35685601830482483,0.4978181719779968,-0.030420007184147835,0.3703022003173828,0.4437867999076843,-0.037409789860248566,0.381509393453598,0.3948734402656555,-0.04119888320565224,0.29825010895729065,0.5845099091529846,-0.01887543871998787,0.32264450192451477,0.5348789691925049,-0.06383819133043289,0.3294384777545929,0.6026016473770142,-0.07953540235757828,0.32717955112457275,0.6560685634613037,-0.07792040705680847,0.2627514898777008,0.5913094282150269,-0.0265020951628685,0.2806449830532074,0.5481657981872559,-0.07220800220966339,0.29474684596061707,0.6251914501190186,-0.07556908577680588,0.2989571690559387,0.6790422201156616,-0.0639476403594017,0.22846992313861847,0.6035172939300537,-0.0350261889398098,0.21565920114517212,0.5237615704536438,-0.061932969838380814,0.2110549360513687,0.4746759235858917,-0.06696972995996475,0.20674245059490204,0.42201152443885803,-0.06498586386442184
166,0.7534575462341309,0.7446451187133789,-2.1357355706186354e-07,0.68198162317276,0.7326456904411316,-0.015569666400551796,0.6175762414932251,0.6652259826660156,-0.022046314552426338,0.5788269639015198,0.6094304323196411,-0.030693858861923218,0.5465685129165649,0.5676152110099792,-0.038211554288864136,0.6401236653327942,0.5636294484138489,-0.01322472095489502,0.6113704442977905,0.46276015043258667,-0.032635629177093506,0.595154881477356,0.4050435423851013,-0.03929390385746956,0.5805909633636475,0.3550742268562317,-0.04255299270153046,0.6741966009140015,0.5571235418319702,-0.01798119954764843,0.6456608772277832,0.5241056680679321,-0.06343557685613632,0.6498535871505737,0.5992042422294617,-0.07009938359260559,0.6587598919868469,0.652755618095398,-0.061037398874759674,0.7071574926376343,0.5607116222381592,-0.025250103324651718,0.6810626983642578,0.5356788039207458,-0.07021160423755646,0.6843845844268799,0.6096001267433167,-0.06345058977603912,0.6883835792541504,0.6560819149017334,-0.04368550330400467,0.7397357225418091,0.5690420866012573,-0.033365678042173386,0.7254229784011841,0.5102930068969727,-0.06050953269004822,0.7170034646987915,0.47524601221084595,-0.05966876074671745,0.7086060047149658,0.43326646089553833,-0.05093821883201599,0.24128858745098114,0.7870088219642639,-8.833622899828697e-08,0.3104580342769623,0.759623646736145,-0.019818823784589767,0.368728369474411,0.6912035346031189,-0.026324326172471046,0.4050619602203369,0.6285310387611389,-0.03468814119696617,0.42920199036598206,0.5763900876045227,-0.04233020916581154,0.330574631690979,0.5884747505187988,-0.009650674648582935,0.35278671979904175,0.49669575691223145,-0.025321049615740776,0.3658936619758606,0.44162219762802124,-0.032534051686525345,0.37727871537208557,0.3909767270088196,-0.03676362335681915,0.29932889342308044,0.5820674896240234,-0.013820084743201733,0.32267051935195923,0.5327025055885315,-0.0578700415790081,0.33391496539115906,0.5950028896331787,-0.07625555992126465,0.3345381021499634,0.6489034295082092,-0.07673002779483795,0.26593947410583496,0.5851850509643555,-0.02037999778985977,0.284024715423584,0.5357329845428467,-0.06325855851173401,0.3014303743839264,0.6057732701301575,-0.06881877034902573,0.3067696690559387,0.6602635383605957,-0.05928509682416916,0.2318614423274994,0.593353271484375,-0.02815060503780842,0.22103945910930634,0.5126317143440247,-0.052370041608810425,0.21827593445777893,0.46252769231796265,-0.05793100968003273,0.21399575471878052,0.4117778241634369,-0.05663367360830307
167,0.7413408160209656,0.7667028903961182,-1.7696845588943688e-07,0.6720618605613708,0.7500693798065186,-0.015704255551099777,0.6120133399963379,0.6828370094299316,-0.021999573335051537,0.5741263031959534,0.6275752782821655,-0.031023886054754257,0.5381884574890137,0.5929811000823975,-0.03969310596585274,0.6339559555053711,0.5866966843605042,-0.012908240780234337,0.603318452835083,0.48644858598709106,-0.032547298818826675,0.5870723724365234,0.4276912808418274,-0.03928304463624954,0.5722754001617432,0.375422865152359,-0.04212425276637077,0.6677581071853638,0.5786833167076111,-0.0171104334294796,0.6375932097434998,0.5550999641418457,-0.061056237667798996,0.640819787979126,0.6304147243499756,-0.06735118478536606,0.6512222290039062,0.6840169429779053,-0.058537982404232025,0.6985518932342529,0.5823644399642944,-0.024029597640037537,0.6680983901023865,0.5625379085540771,-0.0690765455365181,0.6719893217086792,0.6394123435020447,-0.06324876844882965,0.6801037788391113,0.6876989603042603,-0.04362425580620766,0.7268818020820618,0.591951310634613,-0.03175433725118637,0.715100109577179,0.5341600775718689,-0.058411844074726105,0.7071592211723328,0.5017531514167786,-0.05837181583046913,0.7009117007255554,0.46293896436691284,-0.0500064454972744,0.24791809916496277,0.8002457022666931,-1.4043797591511975e-07,0.3130897879600525,0.7748497724533081,-0.01793946698307991,0.36769527196884155,0.7018293738365173,-0.023786388337612152,0.4031449854373932,0.640737771987915,-0.0314219705760479,0.4272260069847107,0.5927786827087402,-0.03879436105489731,0.33278101682662964,0.5962591767311096,-0.0125375771895051,0.35314276814460754,0.5061824321746826,-0.029509413987398148,0.3677791655063629,0.45104724168777466,-0.037242691963911057,0.3798461854457855,0.40276002883911133,-0.04163241758942604,0.30138394236564636,0.5912986397743225,-0.017849018797278404,0.32444366812705994,0.5432136058807373,-0.06099194288253784,0.33612531423568726,0.6089601516723633,-0.07796468585729599,0.33564916253089905,0.6633439660072327,-0.07785283029079437,0.26772862672805786,0.5978927612304688,-0.02529405802488327,0.2835800051689148,0.5543807744979858,-0.06911536306142807,0.30007439851760864,0.628677248954773,-0.07414145767688751,0.3043125867843628,0.6836642026901245,-0.06423460692167282,0.23379909992218018,0.6108676791191101,-0.033507075160741806,0.22002455592155457,0.5285627841949463,-0.059585291892290115,0.21747492253780365,0.4778319001197815,-0.06534575670957565,0.21367360651493073,0.4247209429740906,-0.06417979300022125
168,0.7358556985855103,0.8011034727096558,-2.126599412122232e-07,0.6654802560806274,0.7870038151741028,-0.016452735289931297,0.6005558967590332,0.7129710912704468,-0.023392893373966217,0.5603717565536499,0.6563400030136108,-0.03257305547595024,0.5227482318878174,0.6210448741912842,-0.04145263135433197,0.6277663707733154,0.6089239716529846,-0.01750023104250431,0.5947835445404053,0.5071582198143005,-0.03897780925035477,0.5763347744941711,0.4464084804058075,-0.047422874718904495,0.5598583817481995,0.3930246829986572,-0.05203314125537872,0.6631525754928589,0.6023402810096741,-0.022448556497693062,0.6306060552597046,0.574577808380127,-0.06876402348279953,0.6330430507659912,0.6559367775917053,-0.0747942104935646,0.6431252360343933,0.7125560641288757,-0.06540220975875854,0.6958069801330566,0.609847366809845,-0.030081091448664665,0.66294264793396,0.5885458588600159,-0.07645061612129211,0.6662563681602478,0.6677175164222717,-0.06956764310598373,0.6744197607040405,0.7168057560920715,-0.04916560277342796,0.7266360521316528,0.6241861581802368,-0.03868252784013748,0.7117684483528137,0.5634899139404297,-0.06741412729024887,0.7025612592697144,0.5285048484802246,-0.06771038472652435,0.6972577571868896,0.4864250421524048,-0.05954563990235329,0.23165833950042725,0.8289645910263062,-9.030778613805523e-08,0.3014512062072754,0.8046902418136597,-0.023822780698537827,0.36188647150993347,0.7263237833976746,-0.03026716038584709,0.3991149067878723,0.6581695079803467,-0.03791044279932976,0.42431503534317017,0.6037757992744446,-0.045043449848890305,0.32257068157196045,0.6152411103248596,-0.010554525069892406,0.34545791149139404,0.5234644412994385,-0.027511589229106903,0.36043334007263184,0.46621882915496826,-0.03550085052847862,0.37358400225639343,0.41528695821762085,-0.040007736533880234,0.2871588170528412,0.6106815934181213,-0.014315432868897915,0.3082089126110077,0.5505356788635254,-0.059050075709819794,0.32063961029052734,0.6137423515319824,-0.07822716981172562,0.3249208927154541,0.6704413890838623,-0.07857128232717514,0.250126451253891,0.617710530757904,-0.02119879424571991,0.2682745158672333,0.5723109841346741,-0.0685628354549408,0.28314757347106934,0.6498353481292725,-0.07557664066553116,0.28769993782043457,0.7087066769599915,-0.06497279554605484,0.21346649527549744,0.6297001838684082,-0.029352733865380287,0.20248976349830627,0.5441878437995911,-0.057405807077884674,0.19826017320156097,0.48910942673683167,-0.06403640657663345,0.19286957383155823,0.4321829080581665,-0.06262906640768051
169,0.7350692749023438,0.8122881054878235,-1.4857356234188046e-07,0.6598918437957764,0.8009139895439148,-0.022745011374354362,0.5922604203224182,0.7243608236312866,-0.032394882291555405,0.5535011291503906,0.661098062992096,-0.04328097030520439,0.5182595252990723,0.6143139004707336,-0.0527522936463356,0.6210699081420898,0.6138652563095093,-0.019325053319334984,0.5893548727035522,0.5038245320320129,-0.04233187064528465,0.5724015235900879,0.43848544359207153,-0.05119190365076065,0.5570899844169617,0.3817608654499054,-0.05598629266023636,0.6588716506958008,0.6076225638389587,-0.022457119077444077,0.6309852600097656,0.5624164938926697,-0.0771922692656517,0.6361241936683655,0.645287275314331,-0.08629171550273895,0.6468666791915894,0.7094512581825256,-0.0758674219250679,0.6939268112182617,0.6129685640335083,-0.028974570333957672,0.6663580536842346,0.5743907690048218,-0.08064998686313629,0.6688976883888245,0.6582838892936707,-0.0736219584941864,0.6736653447151184,0.7140483856201172,-0.051083970814943314,0.727993905544281,0.6254113912582397,-0.0371292345225811,0.7158412337303162,0.561164379119873,-0.0698370486497879,0.7069798707962036,0.5207863450050354,-0.07215283811092377,0.698777973651886,0.471731573343277,-0.06440115720033646,0.21595478057861328,0.8403742909431458,-6.375235273026192e-08,0.28531739115715027,0.8166061639785767,-0.025168590247631073,0.3519074320793152,0.7328472137451172,-0.03203310817480087,0.39285966753959656,0.6628386378288269,-0.04010701924562454,0.41882002353668213,0.6054784655570984,-0.04681318998336792,0.31059202551841736,0.613566517829895,-0.01033948827534914,0.33543363213539124,0.5116428136825562,-0.02484065666794777,0.34964171051979065,0.4513634741306305,-0.029052894562482834,0.36122259497642517,0.3975328803062439,-0.031161466613411903,0.272999107837677,0.6075441837310791,-0.014138062484562397,0.2949492931365967,0.5443917512893677,-0.06006313115358353,0.3062576949596405,0.6175026893615723,-0.07723625004291534,0.3084254562854767,0.67876797914505,-0.07514329999685287,0.233659565448761,0.6130914688110352,-0.021311383694410324,0.25626692175865173,0.5609979629516602,-0.07053661346435547,0.2717519700527191,0.6465053558349609,-0.07586583495140076,0.2747110426425934,0.7096241116523743,-0.06341754645109177,0.19358092546463013,0.6231478452682495,-0.02984425239264965,0.1823345422744751,0.5317990183830261,-0.0591866709291935,0.178378626704216,0.47462353110313416,-0.06591381877660751,0.17263031005859375,0.415255069732666,-0.06436742097139359
170,0.7376276254653931,0.8202955722808838,-4.8726072066074266e-08,0.6603767275810242,0.807386577129364,-0.02882373332977295,0.5907697677612305,0.7288317680358887,-0.041403669863939285,0.5505145788192749,0.6610171794891357,-0.054691381752491,0.5186754465103149,0.6017999649047852,-0.06590448319911957,0.6186798810958862,0.6057261228561401,-0.019350837916135788,0.5894040465354919,0.4929678440093994,-0.045878659933805466,0.5734302401542664,0.42346304655075073,-0.05793522298336029,0.5596765875816345,0.3620300590991974,-0.06450078636407852,0.6572923064231873,0.5970727205276489,-0.021445084363222122,0.6319849491119385,0.5338566899299622,-0.08043454587459564,0.6325985789299011,0.614774227142334,-0.09316974133253098,0.6404359340667725,0.6806393265724182,-0.08344285935163498,0.694085419178009,0.601426899433136,-0.02788040041923523,0.6701380610466003,0.5541666746139526,-0.08387139439582825,0.6691034436225891,0.6417904496192932,-0.07952352613210678,0.6716412901878357,0.7010459899902344,-0.05674147233366966,0.7305601835250854,0.6142234206199646,-0.0364486500620842,0.7180478572845459,0.5421592593193054,-0.07144202291965485,0.7101868391036987,0.4998779296875,-0.07457317411899567,0.7040727734565735,0.449687123298645,-0.06638161838054657,0.20942091941833496,0.8465018272399902,-2.5954776106118516e-08,0.2846854031085968,0.8196884393692017,-0.026459338143467903,0.35185304284095764,0.7349416017532349,-0.03453877568244934,0.3931315243244171,0.659821093082428,-0.04426762834191322,0.42052966356277466,0.5991048216819763,-0.05292073264718056,0.30745381116867065,0.6066691875457764,-0.010933923535048962,0.33379706740379333,0.5003035068511963,-0.027177385985851288,0.348544716835022,0.43609490990638733,-0.033304955810308456,0.36041927337646484,0.37773147225379944,-0.03690028190612793,0.26795873045921326,0.5997212529182434,-0.01512900274246931,0.2886938452720642,0.5303030014038086,-0.06288491189479828,0.3038855791091919,0.5999807119369507,-0.08212428539991379,0.308548241853714,0.6610170602798462,-0.08151847124099731,0.2265254408121109,0.60630863904953,-0.022746054455637932,0.24940913915634155,0.5500049591064453,-0.07370889186859131,0.2680811882019043,0.6356697678565979,-0.07959449291229248,0.27210333943367004,0.7012888789176941,-0.06733665615320206,0.18471074104309082,0.6180328726768494,-0.03193368762731552,0.17423015832901,0.5215746164321899,-0.06273675709962845,0.16988246142864227,0.4597470760345459,-0.0698719173669815,0.16247795522212982,0.39739322662353516,-0.06840290874242783
171,0.7465449571609497,0.8104132413864136,-1.4567017103672697e-07,0.6671833992004395,0.8031247854232788,-0.023764554411172867,0.5909382700920105,0.7183730602264404,-0.031186455860733986,0.5489607453346252,0.643484354019165,-0.04089093580842018,0.5129402875900269,0.5890097618103027,-0.04920433834195137,0.6189037561416626,0.5819866061210632,-0.010954206809401512,0.5887513160705566,0.46911272406578064,-0.03555929660797119,0.5722936987876892,0.39782464504241943,-0.04675249010324478,0.5587389469146729,0.3342142105102539,-0.0527617447078228,0.6604894399642944,0.5709202885627747,-0.01498894952237606,0.635108470916748,0.5120392441749573,-0.0732942745089531,0.6371480822563171,0.6002947092056274,-0.0862690657377243,0.6439382433891296,0.6700915694236755,-0.07614406198263168,0.7010836601257324,0.5731331706047058,-0.02305673621594906,0.6741772890090942,0.5259470343589783,-0.07914044708013535,0.6753593683242798,0.618144690990448,-0.0744866132736206,0.6796303987503052,0.6803141832351685,-0.05068177729845047,0.7418050169944763,0.5835458040237427,-0.032804518938064575,0.7279751300811768,0.5057206153869629,-0.06648097187280655,0.7195641398429871,0.4600001573562622,-0.06840074807405472,0.7133632302284241,0.4068962335586548,-0.05903538689017296,0.20249363780021667,0.850722074508667,-4.6300694833689704e-08,0.2817780375480652,0.8208654522895813,-0.028453359380364418,0.35242682695388794,0.7314112186431885,-0.03712623938918114,0.39563044905662537,0.6525384187698364,-0.04703988507390022,0.4237169623374939,0.5905183553695679,-0.05576218664646149,0.30841779708862305,0.5988610982894897,-0.011135799810290337,0.33344459533691406,0.48775744438171387,-0.02918596938252449,0.34893369674682617,0.42027541995048523,-0.03701832890510559,0.3608708381652832,0.35922032594680786,-0.04170852154493332,0.26580387353897095,0.590134859085083,-0.014799791388213634,0.28725746273994446,0.5178076028823853,-0.06645980477333069,0.29760265350341797,0.5958748459815979,-0.0872936099767685,0.2969873547554016,0.6640526056289673,-0.08666235953569412,0.2206280678510666,0.5948385000228882,-0.022185027599334717,0.24134404957294464,0.5321663618087769,-0.07527444511651993,0.2585538625717163,0.6176087260246277,-0.08151606470346451,0.261924147605896,0.6850201487541199,-0.06886361539363861,0.17372296750545502,0.6046017408370972,-0.03135617449879646,0.16365885734558105,0.5035206079483032,-0.0631122887134552,0.15913847088813782,0.4382622241973877,-0.07081148028373718,0.1514669954776764,0.372270792722702,-0.06950060278177261
172,0.7569136619567871,0.7974395751953125,-1.2267625493223022e-07,0.6717449426651001,0.7907899022102356,-0.027473963797092438,0.5895357728004456,0.704954206943512,-0.036421217024326324,0.545766294002533,0.6254379749298096,-0.046841323375701904,0.5080138444900513,0.5677239894866943,-0.05548495054244995,0.6185656785964966,0.5617121458053589,-0.014856492169201374,0.5855000019073486,0.44492560625076294,-0.039963703602552414,0.5679534077644348,0.37061676383018494,-0.052227847278118134,0.552507758140564,0.30491122603416443,-0.05951577052474022,0.6631644368171692,0.5503020286560059,-0.01808091066777706,0.6385210752487183,0.4864215850830078,-0.07906516641378403,0.6422255039215088,0.5730934143066406,-0.09429039061069489,0.6495428085327148,0.6429508924484253,-0.08530829846858978,0.707029402256012,0.5526065230369568,-0.025389734655618668,0.6832541823387146,0.501591682434082,-0.0834130346775055,0.684009850025177,0.5958746075630188,-0.07935351133346558,0.6854187846183777,0.6600689888000488,-0.05565294250845909,0.7510578036308289,0.5623401999473572,-0.034708064049482346,0.7354117035865784,0.4808706045150757,-0.07053076475858688,0.726740300655365,0.43149006366729736,-0.07312475889921188,0.7197970151901245,0.3735976219177246,-0.0639045387506485,0.1929757297039032,0.8472273349761963,-6.834110166664686e-08,0.2767708897590637,0.8193894028663635,-0.027602611109614372,0.3518128991127014,0.722435712814331,-0.03239329159259796,0.39681869745254517,0.6387414932250977,-0.0385129451751709,0.4235934019088745,0.5730966925621033,-0.0433206781744957,0.3052372634410858,0.5768557190895081,-0.0032893498428165913,0.3291509449481964,0.46387505531311035,-0.019399553537368774,0.3441712558269501,0.39395320415496826,-0.027186689898371696,0.356523334980011,0.33018121123313904,-0.031893644481897354,0.25804534554481506,0.5684279799461365,-0.006299690343439579,0.27923843264579773,0.49454644322395325,-0.058190494775772095,0.28943753242492676,0.5757936835289001,-0.08138488978147507,0.28902721405029297,0.6468097567558289,-0.0812360942363739,0.2097538709640503,0.5737786293029785,-0.013060865923762321,0.22983071208000183,0.5093073844909668,-0.06723220646381378,0.2469978779554367,0.5996783375740051,-0.0761713981628418,0.25126221776008606,0.6702306270599365,-0.06408298015594482,0.16098690032958984,0.5849015712738037,-0.021383266896009445,0.15216132998466492,0.4835219383239746,-0.05372018739581108,0.14657777547836304,0.41862672567367554,-0.06276379525661469,0.13872653245925903,0.350269079208374,-0.06169617548584938
173,0.7622714042663574,0.7935091853141785,-1.2241623892350617e-07,0.6739141345024109,0.7876431941986084,-0.02957639843225479,0.5913429856300354,0.7011207342147827,-0.03982854261994362,0.5468544960021973,0.6214991211891174,-0.05157218500971794,0.5085271596908569,0.5617814064025879,-0.06114029511809349,0.6195800304412842,0.5553680062294006,-0.015109343454241753,0.5849376916885376,0.4336068630218506,-0.04164060205221176,0.5686395168304443,0.3574032187461853,-0.0538133904337883,0.5553746819496155,0.2896086871623993,-0.0609392449259758,0.6659412384033203,0.5445632338523865,-0.01836308091878891,0.6416428089141846,0.4763089418411255,-0.08379927277565002,0.6488646268844604,0.5657578706741333,-0.09891580045223236,0.6590360999107361,0.6405325531959534,-0.08862214535474777,0.7101967930793762,0.545932948589325,-0.026421301066875458,0.6874432563781738,0.4929790496826172,-0.08862487226724625,0.6927258968353271,0.5902840495109558,-0.08455609530210495,0.6964502334594727,0.6567999124526978,-0.059907302260398865,0.7542868256568909,0.553981363773346,-0.036722421646118164,0.7436535358428955,0.47294536232948303,-0.07534126192331314,0.7379112243652344,0.42403852939605713,-0.07936055958271027,0.7306086421012878,0.3662877082824707,-0.07112149149179459,0.18130002915859222,0.8526474833488464,-9.374853249255466e-08,0.2663099467754364,0.8178063035011292,-0.02944408729672432,0.3437832295894623,0.7195929884910583,-0.03791651502251625,0.39077603816986084,0.6357870697975159,-0.04751542955636978,0.4235491454601288,0.5730676651000977,-0.05529380217194557,0.29656901955604553,0.5699959993362427,-0.012475931085646152,0.3229913115501404,0.4505130648612976,-0.031017914414405823,0.33824795484542847,0.3783528208732605,-0.03846220299601555,0.3509467542171478,0.3124445974826813,-0.04288841784000397,0.24925684928894043,0.561958372592926,-0.016410473734140396,0.2716234028339386,0.486968994140625,-0.06956448405981064,0.28068646788597107,0.574165940284729,-0.0888349786400795,0.2819106876850128,0.6463152170181274,-0.08605978637933731,0.20010781288146973,0.5687839388847351,-0.02430574782192707,0.21951830387115479,0.5044063925743103,-0.08017509430646896,0.23498350381851196,0.6015867590904236,-0.08527184277772903,0.23970524966716766,0.6740663647651672,-0.07037574052810669,0.14980070292949677,0.5800597071647644,-0.03397802263498306,0.14001736044883728,0.47288835048675537,-0.06707972288131714,0.13256971538066864,0.405430406332016,-0.07412423193454742,0.12313264608383179,0.33443066477775574,-0.07165949046611786
174,0.7637569308280945,0.8073892593383789,-1.7897728810112312e-07,0.6754480600357056,0.7953022718429565,-0.026510026305913925,0.5945963859558105,0.707527756690979,-0.03710092976689339,0.5489509105682373,0.6276183128356934,-0.0506855808198452,0.5078071355819702,0.569212019443512,-0.0633571445941925,0.6211271286010742,0.5680188536643982,-0.013231432996690273,0.586911141872406,0.44625335931777954,-0.04047020524740219,0.5713666081428528,0.3700786828994751,-0.05456462875008583,0.5562326312065125,0.30079540610313416,-0.0637955516576767,0.665946364402771,0.5571132302284241,-0.01836090162396431,0.6394563317298889,0.5013259053230286,-0.08186366409063339,0.6479171514511108,0.5931991934776306,-0.09870554506778717,0.6574868559837341,0.6642135977745056,-0.09222643822431564,0.709528923034668,0.5591322779655457,-0.02792775258421898,0.6823474168777466,0.5052348971366882,-0.08899951726198196,0.687713086605072,0.6040435433387756,-0.08481890708208084,0.691923201084137,0.6715667247772217,-0.06204819679260254,0.7542934417724609,0.5702592134475708,-0.03957512229681015,0.7434326410293579,0.4882110059261322,-0.07828742265701294,0.7386069893836975,0.4406698942184448,-0.08213505893945694,0.7327067255973816,0.3859366774559021,-0.07457048445940018,0.18129703402519226,0.8670395612716675,-1.952499246726802e-07,0.2715071439743042,0.8273967504501343,-0.02449600212275982,0.34701183438301086,0.7320307493209839,-0.03127036616206169,0.3946315050125122,0.6489011645317078,-0.04131655767560005,0.4258066713809967,0.5842685103416443,-0.05014481768012047,0.3002758026123047,0.58891361951828,-0.0032461723312735558,0.32939156889915466,0.46666526794433594,-0.022687150165438652,0.34291043877601624,0.39242663979530334,-0.03205288574099541,0.35330742597579956,0.3252508342266083,-0.037477727979421616,0.2544189989566803,0.5802072882652283,-0.009621735662221909,0.2753494083881378,0.5067932605743408,-0.06558753550052643,0.28334394097328186,0.590104877948761,-0.08887159824371338,0.28340989351272583,0.6625387668609619,-0.08827788382768631,0.2060607373714447,0.5849837064743042,-0.019620243459939957,0.22201962769031525,0.5144613981246948,-0.07464893162250519,0.23699648678302765,0.611670196056366,-0.07953816652297974,0.24141226708889008,0.688359260559082,-0.06470024585723877,0.1584663689136505,0.5964177250862122,-0.03143610805273056,0.14171212911605835,0.4927186965942383,-0.06271398812532425,0.13443787395954132,0.42729371786117554,-0.06859873980283737,0.1262078583240509,0.3570045232772827,-0.06528516858816147
175,0.7657999992370605,0.8034300804138184,-1.869433674528409e-07,0.6778683066368103,0.7919296026229858,-0.022101543843746185,0.5990997552871704,0.7093502879142761,-0.03060835599899292,0.5533028841018677,0.6321063041687012,-0.04271950572729111,0.514060378074646,0.5774576663970947,-0.05384911969304085,0.6197938323020935,0.5803084969520569,-0.008484466932713985,0.5873547792434692,0.46096938848495483,-0.033467087894678116,0.5712255835533142,0.39100098609924316,-0.044997889548540115,0.5558944940567017,0.3270227015018463,-0.051745202392339706,0.6634484529495239,0.5692719221115112,-0.01427257526665926,0.6355490684509277,0.5130221247673035,-0.07395027577877045,0.643676221370697,0.5995303988456726,-0.08958170562982559,0.6534184217453003,0.6669667959213257,-0.08271362632513046,0.7051425576210022,0.567577600479126,-0.02397831715643406,0.6760696172714233,0.5161536931991577,-0.08093401789665222,0.6813824772834778,0.610316812992096,-0.07678225636482239,0.6854047775268555,0.6742083430290222,-0.05491473525762558,0.7479172348976135,0.5738431215286255,-0.03526982665061951,0.7366603016853333,0.49652865529060364,-0.06792940944433212,0.731715202331543,0.45289528369903564,-0.06873894482851028,0.724161684513092,0.40252912044525146,-0.05995325371623039,0.1947699785232544,0.8682003021240234,-2.0125726507558284e-07,0.281362384557724,0.8267542719841003,-0.019731005653738976,0.3532375693321228,0.7348093390464783,-0.023879308253526688,0.39556169509887695,0.6571801900863647,-0.03217706456780434,0.4234902262687683,0.5942453742027283,-0.039554398506879807,0.30667492747306824,0.5928004384040833,0.002370359841734171,0.3334849774837494,0.4816741347312927,-0.013661259785294533,0.3465147614479065,0.4159508943557739,-0.0209701769053936,0.35635682940483093,0.35623103380203247,-0.02473832294344902,0.26179012656211853,0.5856167674064636,-0.0051699308678507805,0.2844168543815613,0.5203016996383667,-0.05519798398017883,0.2933865487575531,0.5959898829460144,-0.07701824605464935,0.29271307587623596,0.6598434448242188,-0.0767982229590416,0.2150031179189682,0.5923844575881958,-0.01602194271981716,0.23495948314666748,0.5298662781715393,-0.06856270134449005,0.24886824190616608,0.6267271637916565,-0.07498692721128464,0.25148916244506836,0.7003101706504822,-0.0616530142724514,0.1683729887008667,0.6061870455741882,-0.02794911153614521,0.15152007341384888,0.5051063895225525,-0.05752880871295929,0.14647281169891357,0.4424504041671753,-0.06326285004615784,0.141195148229599,0.37621021270751953,-0.06007080525159836
176,0.759032130241394,0.7891486883163452,-1.2839828400501574e-07,0.6756764054298401,0.7796290516853333,-0.020507315173745155,0.601443886756897,0.7027328014373779,-0.02855571359395981,0.5600795149803162,0.6302863359451294,-0.039803799241781235,0.5273433327674866,0.5758826732635498,-0.04993172734975815,0.6218546032905579,0.5763782262802124,-0.009214997291564941,0.5902135372161865,0.46090033650398254,-0.032260458916425705,0.5747309327125549,0.3937583267688751,-0.04255543276667595,0.5603449940681458,0.33287063241004944,-0.048434872180223465,0.6631987690925598,0.5671053528785706,-0.014158392325043678,0.6381453275680542,0.5122472047805786,-0.07143116742372513,0.6459539532661438,0.5924078226089478,-0.08594012260437012,0.6558255553245544,0.6562298536300659,-0.07859433442354202,0.7020626068115234,0.566577672958374,-0.022578980773687363,0.6758258938789368,0.5180027484893799,-0.07555299997329712,0.6809518933296204,0.6074040532112122,-0.07079273462295532,0.6841377019882202,0.6686272621154785,-0.04942922666668892,0.7410215735435486,0.5735909342765808,-0.0325494110584259,0.7312999367713928,0.5016141533851624,-0.06330372393131256,0.7255986332893372,0.4594342112541199,-0.06420579552650452,0.7155950665473938,0.40904301404953003,-0.05569220706820488,0.20492497086524963,0.8599477410316467,-1.4027776273906056e-07,0.2887597382068634,0.8197316527366638,-0.020752467215061188,0.3583524525165558,0.7351590394973755,-0.025357862934470177,0.4023236036300659,0.6614580154418945,-0.03366949036717415,0.42424124479293823,0.5985230803489685,-0.0408073253929615,0.31166762113571167,0.6038457155227661,0.0036140051670372486,0.33912718296051025,0.5019989609718323,-0.011786416172981262,0.35428568720817566,0.4404972195625305,-0.018233301118016243,0.3662562072277069,0.3847370743751526,-0.020646952092647552,0.2715655267238617,0.5966799855232239,-0.0025935047306120396,0.2954220175743103,0.5272721648216248,-0.049550846219062805,0.3081144094467163,0.5950323343276978,-0.0699629932641983,0.31063929200172424,0.6541683673858643,-0.06887471675872803,0.22926947474479675,0.6002718210220337,-0.012476147152483463,0.2530057430267334,0.5376291275024414,-0.06278066337108612,0.27084633708000183,0.6230134963989258,-0.0705791711807251,0.2756997346878052,0.6884680390357971,-0.05825883895158768,0.18683643639087677,0.6086986064910889,-0.023562561720609665,0.1746767908334732,0.509577751159668,-0.05113421007990837,0.1711225062608719,0.446821391582489,-0.05722453072667122,0.16658954322338104,0.382959246635437,-0.05443481355905533
177,0.7540581822395325,0.7804759740829468,-1.3498930684363586e-07,0.6751881837844849,0.7717934846878052,-0.020596379414200783,0.6031348705291748,0.6975802779197693,-0.02788475528359413,0.5626692771911621,0.6311731934547424,-0.03794374316930771,0.5305728316307068,0.5799700021743774,-0.04631847143173218,0.6220367550849915,0.5768185257911682,-0.008936641737818718,0.5911474227905273,0.46357211470603943,-0.03027433343231678,0.5760747194290161,0.4000895619392395,-0.03926093131303787,0.562379002571106,0.34236249327659607,-0.044282782822847366,0.6607967019081116,0.5687782764434814,-0.013179718516767025,0.634831428527832,0.5131204128265381,-0.06649962812662125,0.6401417851448059,0.5896622538566589,-0.07829934358596802,0.6490921974182129,0.6494026780128479,-0.06998002529144287,0.6975283026695251,0.569145679473877,-0.020999401807785034,0.6714046597480774,0.518413782119751,-0.07043197751045227,0.6759333610534668,0.6039261817932129,-0.0641128420829773,0.6791090965270996,0.6608137488365173,-0.042604949325323105,0.734656572341919,0.5761439800262451,-0.030582141131162643,0.7216622829437256,0.5075228214263916,-0.059725791215896606,0.714199423789978,0.46751391887664795,-0.06007879227399826,0.7047961354255676,0.4177246391773224,-0.05148344114422798,0.22287125885486603,0.8360071778297424,-1.0127433824891341e-07,0.300251841545105,0.8069203495979309,-0.018005363643169403,0.36740291118621826,0.7279353141784668,-0.021640021353960037,0.4094344675540924,0.6570231318473816,-0.028466979041695595,0.43087494373321533,0.598145604133606,-0.03446441888809204,0.327005535364151,0.605862557888031,-1.9139342839480378e-05,0.3513478636741638,0.5033906102180481,-0.013846863992512226,0.3646429181098938,0.4410330653190613,-0.019294805824756622,0.37493661046028137,0.3858848810195923,-0.021685438230633736,0.28936758637428284,0.5981422662734985,-0.0065420931205153465,0.31307244300842285,0.5269490480422974,-0.05241604521870613,0.32295966148376465,0.591816246509552,-0.07225694507360458,0.3217366635799408,0.6486657857894897,-0.07137644290924072,0.2488775998353958,0.5999664068222046,-0.015603087842464447,0.26816171407699585,0.5347669124603271,-0.06267400830984116,0.28414005041122437,0.6157634854316711,-0.06853377819061279,0.28737279772758484,0.6775872111320496,-0.056440968066453934,0.2075555920600891,0.606107771396637,-0.025607604533433914,0.19505158066749573,0.5118001699447632,-0.05124815180897713,0.19262085855007172,0.45365917682647705,-0.05589640885591507,0.18934518098831177,0.3932008147239685,-0.05277818441390991
178,0.7512656450271606,0.7672958374023438,-1.1549333578386722e-07,0.6747251152992249,0.7581647634506226,-0.019104797393083572,0.6058775186538696,0.6879566311836243,-0.02790069952607155,0.5657918453216553,0.6234855651855469,-0.03959988057613373,0.5330930948257446,0.5728919506072998,-0.04966597631573677,0.6229197978973389,0.5680142641067505,-0.009178281761705875,0.5923056602478027,0.4600844979286194,-0.032017115503549576,0.5770796537399292,0.39900994300842285,-0.04181505739688873,0.5637574195861816,0.344014048576355,-0.04686350375413895,0.6607319712638855,0.5601575374603271,-0.015083751641213894,0.6345420479774475,0.49899229407310486,-0.07085396349430084,0.6399658918380737,0.5762499570846558,-0.08452098071575165,0.6492196321487427,0.638836681842804,-0.0762447714805603,0.6969581842422485,0.5608143210411072,-0.024057861417531967,0.6700843572616577,0.5130209922790527,-0.07522328943014145,0.6753242015838623,0.5969939231872559,-0.0698225274682045,0.680190920829773,0.6543774604797363,-0.04781649634242058,0.7337833046913147,0.5680935978889465,-0.034400202333927155,0.7191771864891052,0.49998098611831665,-0.06309884041547775,0.7101104259490967,0.4596136212348938,-0.06212553381919861,0.6992466449737549,0.4123052954673767,-0.0521649606525898,0.237929567694664,0.8103315234184265,-6.660273044190035e-08,0.31439584493637085,0.7874197959899902,-0.01959332264959812,0.3787192702293396,0.7150202393531799,-0.024433648213744164,0.4201623797416687,0.6471010446548462,-0.031678106635808945,0.44197845458984375,0.5882231593132019,-0.03838079050183296,0.3403089642524719,0.5955241918563843,-0.003834195202216506,0.36600053310394287,0.4984482526779175,-0.01787811890244484,0.3811320662498474,0.4397515058517456,-0.024716613814234734,0.3926907181739807,0.38661500811576843,-0.028681950643658638,0.30519571900367737,0.587537407875061,-0.00897909700870514,0.3290802836418152,0.5250015258789062,-0.05336211621761322,0.34089845418930054,0.586341381072998,-0.07395932823419571,0.3404536545276642,0.6413956880569458,-0.07537063956260681,0.26619666814804077,0.5876948833465576,-0.016639603301882744,0.28646475076675415,0.5255236625671387,-0.06126398593187332,0.30563145875930786,0.5972205400466919,-0.06884916126728058,0.310634046792984,0.6554920077323914,-0.059825554490089417,0.22580629587173462,0.5921478867530823,-0.02540452778339386,0.2159336507320404,0.4982326626777649,-0.050586387515068054,0.21600626409053802,0.4398946762084961,-0.057095203548669815,0.21506267786026,0.3828160762786865,-0.05625399574637413
179,0.7465499043464661,0.7543463706970215,-9.256694255554976e-08,0.6733291745185852,0.7442309260368347,-0.020561739802360535,0.6077439188957214,0.6738331913948059,-0.02998216822743416,0.5686464309692383,0.6127740740776062,-0.04191695153713226,0.5370603799819946,0.5630866289138794,-0.05204829201102257,0.6253439784049988,0.556181013584137,-0.009383684024214745,0.5964422225952148,0.4501606822013855,-0.03169487044215202,0.5815591812133789,0.3910061717033386,-0.04127470776438713,0.5684276819229126,0.3383028209209442,-0.04607321694493294,0.6608921885490417,0.5484570264816284,-0.014132303185760975,0.6348828673362732,0.4872702360153198,-0.06777835637331009,0.6397669911384583,0.5608236193656921,-0.08091805875301361,0.6489555835723877,0.6210341453552246,-0.07262810319662094,0.6960726976394653,0.5493839979171753,-0.022115623578429222,0.6693605780601501,0.5044983625411987,-0.07160530239343643,0.6756110191345215,0.5867928862571716,-0.06609905511140823,0.6817502975463867,0.6420554518699646,-0.04422245919704437,0.7322790622711182,0.5563561916351318,-0.03166474401950836,0.7161209583282471,0.4894583523273468,-0.0593387633562088,0.7066043019294739,0.45008885860443115,-0.058186620473861694,0.6966230869293213,0.40359029173851013,-0.048198770731687546,0.2519562840461731,0.7895791530609131,-4.162436439969497e-08,0.32429859042167664,0.7701954245567322,-0.020315969362854958,0.388217031955719,0.7000682353973389,-0.02631407044827938,0.4306839108467102,0.6348838806152344,-0.03449530526995659,0.4550333619117737,0.5781387686729431,-0.04209655150771141,0.3517151176929474,0.5863568782806396,-0.008704502135515213,0.37884387373924255,0.48851582407951355,-0.024472279474139214,0.396234929561615,0.4322635233402252,-0.03182528540492058,0.41133585572242737,0.3814086318016052,-0.03609175607562065,0.31768178939819336,0.5773867964744568,-0.013910554349422455,0.34269100427627563,0.518014132976532,-0.06045421585440636,0.35275954008102417,0.577885627746582,-0.08124730736017227,0.35192278027534485,0.6305160522460938,-0.08269080519676208,0.27981650829315186,0.5763615965843201,-0.02152181789278984,0.3002288341522217,0.5137656927108765,-0.06744317710399628,0.31862661242485046,0.5830347537994385,-0.07504461705684662,0.3241698443889618,0.6404492259025574,-0.06596498191356659,0.241180419921875,0.5791501998901367,-0.0302729532122612,0.23459509015083313,0.48688095808029175,-0.05671562999486923,0.2350764274597168,0.42804619669914246,-0.06388532370328903,0.2344643473625183,0.3709169924259186,-0.06338915228843689
180,0.7477563619613647,0.7545992136001587,-1.30542389342736e-07,0.6767023801803589,0.7418683767318726,-0.02109418995678425,0.609653890132904,0.6708958745002747,-0.030256887897849083,0.5699253678321838,0.6102495193481445,-0.04153808206319809,0.5389582514762878,0.5585736036300659,-0.05106481909751892,0.6307893395423889,0.554105818271637,-0.011638373136520386,0.6035980582237244,0.4472735524177551,-0.03311162441968918,0.5894281268119812,0.38807857036590576,-0.04148181155323982,0.5769558548927307,0.3365024924278259,-0.045583710074424744,0.6672036647796631,0.5475406050682068,-0.016034763306379318,0.6427950859069824,0.4899049401283264,-0.06802042573690414,0.6456266641616821,0.5631861090660095,-0.08013691753149033,0.6527090668678284,0.623314380645752,-0.07211507111787796,0.7024931311607361,0.5499334335327148,-0.02371211349964142,0.679410457611084,0.5058630704879761,-0.07324603199958801,0.6825280785560608,0.5859591364860535,-0.06880749762058258,0.68516606092453,0.640600860118866,-0.048246320337057114,0.7380494475364685,0.5572278499603271,-0.03279654309153557,0.7241514325141907,0.4888097941875458,-0.06117938831448555,0.714228630065918,0.44940924644470215,-0.0610758438706398,0.7029192447662354,0.40408027172088623,-0.0522020161151886,0.2681548595428467,0.7902839183807373,-4.7569482575227084e-08,0.3388369679450989,0.7682996988296509,-0.02287178672850132,0.39970749616622925,0.6977706551551819,-0.02990218810737133,0.44017601013183594,0.6320654153823853,-0.0386105552315712,0.4666687250137329,0.5738218426704407,-0.045727282762527466,0.3681230843067169,0.5873157978057861,-0.009361946024000645,0.39381495118141174,0.4924183189868927,-0.02680513635277748,0.4092448651790619,0.435829222202301,-0.03451325371861458,0.4237808883190155,0.38403886556625366,-0.03874831646680832,0.33522024750709534,0.577199399471283,-0.013894086703658104,0.3596653938293457,0.5160559415817261,-0.06194675341248512,0.37071382999420166,0.5799366235733032,-0.08198745548725128,0.37312451004981995,0.6366121768951416,-0.08213333040475845,0.297600656747818,0.5750365257263184,-0.02146740071475506,0.3176391124725342,0.5147289037704468,-0.0688638910651207,0.3346764147281647,0.5869594812393188,-0.07627472281455994,0.34078580141067505,0.6467686891555786,-0.06627804785966873,0.25901535153388977,0.5766106843948364,-0.030486928299069405,0.2533237040042877,0.48533445596694946,-0.057924363762140274,0.25280943512916565,0.42746466398239136,-0.0654277354478836,0.25137031078338623,0.3720148801803589,-0.06472717225551605
181,0.7516047954559326,0.7604454755783081,-1.6517979872787691e-07,0.6776309609413147,0.7472219467163086,-0.019234711304306984,0.610032320022583,0.6737961769104004,-0.02772260084748268,0.5719124674797058,0.6101171970367432,-0.03890102729201317,0.5412920117378235,0.5590593218803406,-0.04882445186376572,0.6368703842163086,0.5602861046791077,-0.011657129973173141,0.607841968536377,0.4537099003791809,-0.03403351083397865,0.5926930904388428,0.3928881883621216,-0.04415220767259598,0.5781670212745667,0.33861273527145386,-0.050149764865636826,0.671940267086029,0.553744912147522,-0.017102504149079323,0.6478011012077332,0.5036939382553101,-0.0688006728887558,0.6508905291557312,0.5762807130813599,-0.0811423659324646,0.6569652557373047,0.6325374841690063,-0.07450712472200394,0.7061940431594849,0.5565975308418274,-0.02571755275130272,0.6821253299713135,0.5138077735900879,-0.07407474517822266,0.6850395202636719,0.5941329002380371,-0.06831926852464676,0.6876840591430664,0.6483113765716553,-0.04800065979361534,0.7413838505744934,0.5648855566978455,-0.03592538461089134,0.7277453541755676,0.4974341094493866,-0.06494107097387314,0.7187183499336243,0.45733511447906494,-0.06511449068784714,0.7090008854866028,0.4106264114379883,-0.05679762363433838,0.27260422706604004,0.808394730091095,-1.0526876792482653e-07,0.3430623710155487,0.7890161275863647,-0.02515193074941635,0.4046231806278229,0.7148838043212891,-0.03338203579187393,0.44555869698524475,0.645732581615448,-0.04265610873699188,0.47265589237213135,0.586790144443512,-0.05049237981438637,0.3741264045238495,0.600011944770813,-0.013211444020271301,0.40086692571640015,0.5020951628684998,-0.0316593311727047,0.4176235496997833,0.4412596821784973,-0.03976518288254738,0.43190819025039673,0.38785508275032043,-0.04444367438554764,0.34019625186920166,0.5890248417854309,-0.01716490462422371,0.3670926094055176,0.5297601819038391,-0.06595918536186218,0.37555500864982605,0.6016988754272461,-0.08505810052156448,0.3738763928413391,0.6632819771766663,-0.08436357975006104,0.3029371201992035,0.5886581540107727,-0.02430487796664238,0.32557374238967896,0.5342511534690857,-0.07235803455114365,0.3418703079223633,0.6086359620094299,-0.07858537137508392,0.3453419506549835,0.6678916215896606,-0.0678648129105568,0.2643733024597168,0.5936440229415894,-0.033046480268239975,0.25547370314598083,0.499447226524353,-0.0612008161842823,0.25599899888038635,0.4414883255958557,-0.06818047910928726,0.2551407814025879,0.3863789439201355,-0.06712120026350021
182,0.7486258149147034,0.7566800713539124,-1.5318624946303316e-07,0.6732035279273987,0.7472778558731079,-0.02109336666762829,0.6046351194381714,0.6732023358345032,-0.028496133163571358,0.568753182888031,0.607207715511322,-0.03789827227592468,0.5358413457870483,0.558272659778595,-0.04568018391728401,0.6322696805000305,0.5574872493743896,-0.01107869204133749,0.6010201573371887,0.45222023129463196,-0.030910078436136246,0.5836184024810791,0.39234668016433716,-0.039098337292671204,0.5672054290771484,0.3401166796684265,-0.043825313448905945,0.6688324213027954,0.5501475930213928,-0.01470627449452877,0.641555666923523,0.4985955059528351,-0.0644315853714943,0.6458013653755188,0.5711628794670105,-0.07464712113142014,0.6546693444252014,0.627892792224884,-0.06600699573755264,0.703504204750061,0.552180290222168,-0.021753521636128426,0.6769904494285583,0.5122514963150024,-0.06873724609613419,0.680237352848053,0.595616340637207,-0.06217355653643608,0.6837170124053955,0.6505146026611328,-0.041141483932733536,0.7388269305229187,0.5589855909347534,-0.030619658529758453,0.7217920422554016,0.49551862478256226,-0.05905793979763985,0.7121824026107788,0.4581531286239624,-0.05922449007630348,0.7026020884513855,0.41204017400741577,-0.05083300173282623,0.26529058814048767,0.8239734172821045,-9.341702877918578e-08,0.3371887505054474,0.803276538848877,-0.026074489578604698,0.40216976404190063,0.7277510166168213,-0.035317786037921906,0.4433927536010742,0.658432126045227,-0.04590066149830818,0.4726218581199646,0.6001065969467163,-0.055267274379730225,0.36773303151130676,0.6038611531257629,-0.012906401418149471,0.3925586938858032,0.5040808320045471,-0.03170151636004448,0.4106503129005432,0.44456472992897034,-0.04003250598907471,0.42571350932121277,0.39205309748649597,-0.04485579580068588,0.33399778604507446,0.5952861905097961,-0.016855716705322266,0.3608401119709015,0.5345107316970825,-0.06643051654100418,0.37077462673187256,0.6072297692298889,-0.08665406703948975,0.3678261935710907,0.6682270765304565,-0.08653265982866287,0.29707595705986023,0.5985630750656128,-0.024211924523115158,0.31865203380584717,0.5431219935417175,-0.07520677149295807,0.33468979597091675,0.6250876188278198,-0.08260302990674973,0.3368699550628662,0.6863518953323364,-0.0717805027961731,0.2588689923286438,0.6071388721466064,-0.03299059346318245,0.2493271827697754,0.5136911869049072,-0.06393718719482422,0.24766606092453003,0.45527005195617676,-0.07255946844816208,0.24343422055244446,0.39432820677757263,-0.07238145172595978
183,0.7429820895195007,0.7457129955291748,-1.414299504176597e-07,0.6675097346305847,0.739416778087616,-0.020229995250701904,0.5978254675865173,0.6688050031661987,-0.028098855167627335,0.5609498620033264,0.6030744910240173,-0.03788772597908974,0.5274662375450134,0.5553901195526123,-0.0458129458129406,0.6229360699653625,0.5525217056274414,-0.011399374343454838,0.5913933515548706,0.4468911290168762,-0.031221725046634674,0.5728312730789185,0.3872266113758087,-0.03957688435912132,0.5555710196495056,0.33561447262763977,-0.044402047991752625,0.6582244634628296,0.5450474619865417,-0.015031175687909126,0.6306464672088623,0.4898585081100464,-0.0641922727227211,0.6353076100349426,0.563060462474823,-0.07438274472951889,0.6450679898262024,0.6193955540657043,-0.06592154502868652,0.6921908259391785,0.5452369451522827,-0.021711835637688637,0.6643348336219788,0.49861663579940796,-0.06656496226787567,0.6689559817314148,0.5802194476127625,-0.0582064725458622,0.6748059391975403,0.6345077157020569,-0.03648928552865982,0.7277304530143738,0.55014967918396,-0.030245495960116386,0.7100874781608582,0.4854471981525421,-0.05684983357787132,0.7004721164703369,0.4475101828575134,-0.05552420765161514,0.6918303370475769,0.4011596441268921,-0.04617851600050926,0.2567034363746643,0.819503903388977,-1.0388423987706119e-07,0.3286798596382141,0.7919421195983887,-0.020269421860575676,0.3927561044692993,0.7163479328155518,-0.027740715071558952,0.43368881940841675,0.6490712761878967,-0.037756629288196564,0.46235501766204834,0.5936447381973267,-0.046798963099718094,0.3592756688594818,0.5979235172271729,-0.009218105114996433,0.3851073086261749,0.4969034194946289,-0.026343967765569687,0.40277060866355896,0.4408705532550812,-0.033057618886232376,0.41770806908607483,0.3900464177131653,-0.036459192633628845,0.3241754174232483,0.5914891958236694,-0.01586746610701084,0.348979115486145,0.530677080154419,-0.0640888512134552,0.3588096797466278,0.601618230342865,-0.08326172828674316,0.3580096960067749,0.6595996022224426,-0.0827435702085495,0.2867960035800934,0.5960828065872192,-0.02527773194015026,0.30865392088890076,0.540608286857605,-0.07443892955780029,0.3261094093322754,0.6209429502487183,-0.08050963282585144,0.3306690752506256,0.6813706755638123,-0.06924659758806229,0.24886417388916016,0.6060892939567566,-0.03570655733346939,0.24027854204177856,0.513699471950531,-0.06402371823787689,0.2392292320728302,0.4544065594673157,-0.07043032348155975,0.2363453209400177,0.39403486251831055,-0.06902001053094864
184,0.7342498898506165,0.7335245013237,-1.281094057503651e-07,0.6597222685813904,0.7260583639144897,-0.020150886848568916,0.5919447541236877,0.6575443744659424,-0.027700018137693405,0.5538508296012878,0.5962737202644348,-0.037142131477594376,0.520071268081665,0.5495090484619141,-0.044815730303525925,0.6133610010147095,0.5453872084617615,-0.010755456984043121,0.5818642377853394,0.4412859380245209,-0.030311893671751022,0.5644479393959045,0.38261955976486206,-0.0384121872484684,0.5486270785331726,0.3313358426094055,-0.04288502410054207,0.6480243802070618,0.5369446277618408,-0.014049525372684002,0.6217731833457947,0.4833366572856903,-0.06273693591356277,0.6275615692138672,0.5552051067352295,-0.07269927859306335,0.6376604437828064,0.6109253764152527,-0.06407083570957184,0.6819706559181213,0.5363830327987671,-0.020461685955524445,0.6566060185432434,0.49264898896217346,-0.06578268855810165,0.6629879474639893,0.5743854641914368,-0.058376651257276535,0.6688392162322998,0.6282839179039001,-0.03698280453681946,0.7171776294708252,0.540620744228363,-0.02862759493291378,0.6989318132400513,0.4779600501060486,-0.05576055124402046,0.6892504692077637,0.4415093660354614,-0.05502808466553688,0.6803164482116699,0.3969438076019287,-0.04592932015657425,0.25583410263061523,0.7992912530899048,-7.475949104218671e-08,0.3279493749141693,0.7684745192527771,-0.02026973105967045,0.39087021350860596,0.6984369158744812,-0.02891336753964424,0.4287470579147339,0.632615864276886,-0.04022936522960663,0.4566141963005066,0.5767015218734741,-0.05071503296494484,0.3545466661453247,0.5858878493309021,-0.008626437745988369,0.37920278310775757,0.48862504959106445,-0.025913696736097336,0.39500612020492554,0.43406206369400024,-0.033053718507289886,0.4090339243412018,0.38410720229148865,-0.03647830709815025,0.32108503580093384,0.58014976978302,-0.014987776055932045,0.3483898937702179,0.5229565501213074,-0.06323355436325073,0.3563726544380188,0.5940930843353271,-0.08250123262405396,0.35418620705604553,0.6520105004310608,-0.0818181037902832,0.28531649708747864,0.5838395953178406,-0.02399141527712345,0.30723661184310913,0.531313419342041,-0.07182864844799042,0.3241817355155945,0.6078134775161743,-0.07708913832902908,0.3285495936870575,0.6651427745819092,-0.06543204933404922,0.24769598245620728,0.5927825570106506,-0.03401997312903404,0.23977947235107422,0.5039138793945312,-0.05982585996389389,0.2392241358757019,0.4490140378475189,-0.06388143450021744,0.2364467978477478,0.3932793140411377,-0.06077312305569649
185,0.7317734956741333,0.7279937863349915,-1.4130796444078442e-07,0.6568558812141418,0.7218367457389832,-0.019036058336496353,0.5893305540084839,0.656674325466156,-0.026086848229169846,0.5530350208282471,0.5970390439033508,-0.03506939485669136,0.5224570035934448,0.5507977604866028,-0.042569294571876526,0.6094287037849426,0.546448826789856,-0.009967921301722527,0.5781825184822083,0.4477551579475403,-0.02910412661731243,0.5632744431495667,0.3916774392127991,-0.03716202825307846,0.5501078367233276,0.3418562114238739,-0.04153294488787651,0.644574761390686,0.5382905006408691,-0.013274102471768856,0.6188122034072876,0.4901925325393677,-0.058997005224227905,0.6249505281448364,0.559482991695404,-0.06833338737487793,0.6341216564178467,0.613315761089325,-0.06052736937999725,0.6782863140106201,0.5372267961502075,-0.019760726019740105,0.652503490447998,0.4960693120956421,-0.06280957907438278,0.6579321026802063,0.5738994479179382,-0.056324515491724014,0.6625202894210815,0.6259424090385437,-0.036748576909303665,0.7123219966888428,0.5410411357879639,-0.027825580909848213,0.6950393319129944,0.4789854884147644,-0.05277736485004425,0.685967743396759,0.4435555338859558,-0.05177655816078186,0.6759774684906006,0.4004203677177429,-0.04338644817471504,0.2602543830871582,0.776376485824585,-9.08500794594147e-08,0.3282162845134735,0.7492324709892273,-0.02147935889661312,0.3891940414905548,0.678111732006073,-0.030109304934740067,0.42713069915771484,0.6141531467437744,-0.04048655182123184,0.455361008644104,0.5619311332702637,-0.04980955272912979,0.3560716509819031,0.5707670450210571,-0.014886043965816498,0.37922972440719604,0.47592681646347046,-0.03410010412335396,0.39359426498413086,0.42162996530532837,-0.04221643507480621,0.4076722264289856,0.37108397483825684,-0.04647953435778618,0.32282933592796326,0.5645701289176941,-0.02007957734167576,0.34763485193252563,0.5102683901786804,-0.06898701190948486,0.35407498478889465,0.5807315707206726,-0.08685071021318436,0.35246720910072327,0.6369513869285583,-0.085633285343647,0.2875085473060608,0.5683628916740417,-0.027874132618308067,0.30766138434410095,0.5180173516273499,-0.07642455399036407,0.322129487991333,0.5955556631088257,-0.07997503876686096,0.3260870575904846,0.6526504158973694,-0.06734783202409744,0.25138959288597107,0.5774832963943481,-0.03688238933682442,0.2441377341747284,0.4920130670070648,-0.06410714983940125,0.24410738050937653,0.4406399726867676,-0.06856288015842438,0.24342790246009827,0.38723424077033997,-0.06570455431938171
186,0.7317133545875549,0.7399502992630005,-1.6278055170459993e-07,0.6596196889877319,0.7360835671424866,-0.018991218879818916,0.5902765989303589,0.6722170114517212,-0.02650526538491249,0.5511721968650818,0.6112805008888245,-0.035814110189676285,0.5211361050605774,0.5623213648796082,-0.04411053657531738,0.6121665835380554,0.5624830722808838,-0.012927401810884476,0.580970048904419,0.46049007773399353,-0.033774446696043015,0.5649124979972839,0.4016200602054596,-0.042880263179540634,0.5503370761871338,0.3494938611984253,-0.04803065210580826,0.6464281678199768,0.5526596903800964,-0.01671430841088295,0.618888258934021,0.5067507028579712,-0.06336504966020584,0.6222232580184937,0.5785909295082092,-0.07356266677379608,0.629167914390564,0.6336632370948792,-0.06680305302143097,0.6794154047966003,0.551256000995636,-0.023427117615938187,0.6521804928779602,0.5098469257354736,-0.06773691624403,0.655370831489563,0.5847207307815552,-0.06256236135959625,0.6586098074913025,0.6357015371322632,-0.044057074934244156,0.713476300239563,0.5549926161766052,-0.031536880880594254,0.6957216858863831,0.49192166328430176,-0.057870179414749146,0.6864464282989502,0.4556316137313843,-0.05786972492933273,0.6777626872062683,0.4140089452266693,-0.050057947635650635,0.2612428367137909,0.7736639380455017,-5.683942561063304e-08,0.32994452118873596,0.7487983703613281,-0.02381293475627899,0.3891112506389618,0.6805368661880493,-0.03408392146229744,0.4278774857521057,0.6176552176475525,-0.046283867210149765,0.4565829038619995,0.56343674659729,-0.05720958858728409,0.3562677502632141,0.5672197937965393,-0.012381470762193203,0.37913021445274353,0.4737998843193054,-0.031481917947530746,0.3938136100769043,0.4180529713630676,-0.040292054414749146,0.40693527460098267,0.3672982454299927,-0.045248888432979584,0.3239203095436096,0.5602710247039795,-0.016956834122538567,0.34679368138313293,0.5065829157829285,-0.0655110701918602,0.35584601759910583,0.572025716304779,-0.08464173227548599,0.3556956946849823,0.6264762878417969,-0.0843609943985939,0.28949663043022156,0.563710629940033,-0.024697229266166687,0.30966296792030334,0.5121809840202332,-0.07248377054929733,0.3246314227581024,0.5873009562492371,-0.07739274948835373,0.32811179757118225,0.6458078622817993,-0.06573140621185303,0.2547781765460968,0.57213294506073,-0.034071702510118484,0.24742399156093597,0.48698872327804565,-0.061593033373355865,0.24780960381031036,0.4334375858306885,-0.0675964429974556,0.24680185317993164,0.37930458784103394,-0.06573379039764404
187,0.7313302755355835,0.7616305351257324,-1.5973576239503018e-07,0.6591190695762634,0.7571386098861694,-0.020219622179865837,0.5911296010017395,0.6881126165390015,-0.02824958600103855,0.5514543056488037,0.6271303296089172,-0.037982095032930374,0.5190497636795044,0.5789881348609924,-0.0465993732213974,0.6158039569854736,0.5730476379394531,-0.013737613335251808,0.5828549265861511,0.4704722762107849,-0.03535819426178932,0.5646981000900269,0.40903520584106445,-0.04470288008451462,0.5500277280807495,0.35592126846313477,-0.04950132966041565,0.6495108008384705,0.5642274022102356,-0.01714617945253849,0.6198675036430359,0.5185251832008362,-0.06661076843738556,0.6234225630760193,0.5937729477882385,-0.07675901800394058,0.6338814496994019,0.652371883392334,-0.06819837540388107,0.6829278469085693,0.5650825500488281,-0.02364971861243248,0.6546080112457275,0.5301176309585571,-0.0698799341917038,0.658836305141449,0.608991265296936,-0.06404709070920944,0.6658378839492798,0.6616347432136536,-0.043565161526203156,0.7177334427833557,0.5714135766029358,-0.031741537153720856,0.6996082067489624,0.5065878033638,-0.058697476983070374,0.6878241300582886,0.46913665533065796,-0.058392174541950226,0.6785110235214233,0.42711561918258667,-0.04958727955818176,0.261150062084198,0.7838679552078247,-6.098927229913897e-08,0.3309432864189148,0.7590166926383972,-0.026545969769358635,0.3901269733905792,0.6883246898651123,-0.03760640323162079,0.428665429353714,0.6230288147926331,-0.04985329881310463,0.4572288990020752,0.5665613412857056,-0.060796212404966354,0.35939478874206543,0.5737659335136414,-0.015721701085567474,0.38185814023017883,0.4760196805000305,-0.03527334704995155,0.3968167304992676,0.41882944107055664,-0.0440448522567749,0.40948808193206787,0.36736154556274414,-0.04894651472568512,0.3257966935634613,0.5653282999992371,-0.019328897818922997,0.34728577733039856,0.5080611109733582,-0.06781071424484253,0.3574572801589966,0.5763684511184692,-0.08652864396572113,0.35720565915107727,0.633574903011322,-0.08614157140254974,0.2895597517490387,0.5686930418014526,-0.026312684640288353,0.30794501304626465,0.5145375728607178,-0.07414642721414566,0.3243844211101532,0.5901614427566528,-0.07897257804870605,0.3284343183040619,0.6483486294746399,-0.06754162162542343,0.2526193857192993,0.5774787664413452,-0.035167135298252106,0.245873361825943,0.4894343912601471,-0.06331683695316315,0.24698275327682495,0.43378496170043945,-0.0698680654168129,0.24536727368831635,0.3767578899860382,-0.06860457360744476
188,0.7363172769546509,0.7707711458206177,-1.7188214940233593e-07,0.6627979278564453,0.7645503878593445,-0.023506132885813713,0.5929325222969055,0.6955292224884033,-0.03316185250878334,0.5528575778007507,0.63397616147995,-0.04448689892888069,0.5197731852531433,0.5835487246513367,-0.05436340719461441,0.6159771680831909,0.5759100914001465,-0.015424560755491257,0.5825711488723755,0.4724994897842407,-0.038753677159547806,0.5654651522636414,0.40996015071868896,-0.04877125099301338,0.550733208656311,0.3551996946334839,-0.054052937775850296,0.6520389914512634,0.5661977529525757,-0.01866222731769085,0.6250617504119873,0.5236344337463379,-0.07313410192728043,0.6307289004325867,0.6033383011817932,-0.08491145819425583,0.6403253078460693,0.6648741960525513,-0.07624946534633636,0.68669193983078,0.5680674314498901,-0.02567012794315815,0.6615535616874695,0.5387436151504517,-0.07787954062223434,0.6661199927330017,0.6221328973770142,-0.0741092637181282,0.6698804497718811,0.6763344407081604,-0.053534600883722305,0.7219057083129883,0.5758930444717407,-0.03433236479759216,0.7056261301040649,0.5129153728485107,-0.0657770037651062,0.6947833895683289,0.4767632782459259,-0.06760508567094803,0.683424711227417,0.4331803321838379,-0.059641700237989426,0.2512364983558655,0.7987720370292664,-7.201979457249763e-08,0.3230769634246826,0.776416003704071,-0.02743728831410408,0.3880566358566284,0.7011475563049316,-0.037569865584373474,0.4273955821990967,0.6314384341239929,-0.048852402716875076,0.4564981460571289,0.5730040669441223,-0.058873046189546585,0.3544040620326996,0.5804530382156372,-0.014751921407878399,0.37807372212409973,0.48434779047966003,-0.03336416184902191,0.39213472604751587,0.4257037043571472,-0.0408044159412384,0.404613196849823,0.37332820892333984,-0.044618673622608185,0.3184134066104889,0.571901798248291,-0.018270865082740784,0.3439337909221649,0.5116171836853027,-0.06703120470046997,0.3531436026096344,0.5794651508331299,-0.08612517267465591,0.35323047637939453,0.6380981206893921,-0.08508459478616714,0.2801610231399536,0.5752519369125366,-0.025234494358301163,0.3018471300601959,0.5227727890014648,-0.07575597614049911,0.31642523407936096,0.603573739528656,-0.08213537931442261,0.3196648955345154,0.6646830439567566,-0.07018037885427475,0.2419419288635254,0.5841245055198669,-0.03375861048698425,0.2359808087348938,0.49224933981895447,-0.0629052147269249,0.23510834574699402,0.4347267746925354,-0.06942956894636154,0.23209533095359802,0.37555742263793945,-0.06755106151103973
189,0.7356815338134766,0.7636759281158447,-1.4238304402169888e-07,0.6634058952331543,0.748939037322998,-0.020372986793518066,0.5985202193260193,0.6740394830703735,-0.027793673798441887,0.5595829486846924,0.6143255829811096,-0.03793584927916527,0.5233012437820435,0.5704052448272705,-0.04684146121144295,0.6163894534111023,0.5676235556602478,-0.00737289572134614,0.5857764482498169,0.46424639225006104,-0.027055177837610245,0.5710461139678955,0.40453338623046875,-0.03500508889555931,0.5582659840583801,0.3512527346611023,-0.03877996653318405,0.6515979766845703,0.5586400032043457,-0.010856587439775467,0.6257665753364563,0.5140610933303833,-0.059649910777807236,0.6311779022216797,0.5856603980064392,-0.0710901990532875,0.6412947177886963,0.6431382894515991,-0.06319280713796616,0.6855390667915344,0.558879017829895,-0.01790042407810688,0.6597611904144287,0.5224288702011108,-0.06510968506336212,0.6643965244293213,0.6043667197227478,-0.06131332367658615,0.6688904166221619,0.6595622897148132,-0.04164141044020653,0.7196784615516663,0.5647109746932983,-0.02638896368443966,0.7026820778846741,0.503054141998291,-0.05322282761335373,0.6940011382102966,0.46851176023483276,-0.05320253223180771,0.684964656829834,0.4261770248413086,-0.04456919804215431,0.24810108542442322,0.7959845662117004,-9.194242522880813e-08,0.3214469850063324,0.7674192786216736,-0.024710794910788536,0.3844412863254547,0.6949629187583923,-0.03367893397808075,0.4233991503715515,0.6278469562530518,-0.044189102947711945,0.4520368278026581,0.5713120102882385,-0.0535217709839344,0.34932053089141846,0.5810016989707947,-0.012911275960505009,0.37252843379974365,0.48489776253700256,-0.031133918091654778,0.3863831162452698,0.4281805157661438,-0.03862069547176361,0.3996589779853821,0.37655460834503174,-0.042514558881521225,0.3136078119277954,0.5738110542297363,-0.017009621486067772,0.3360758125782013,0.5163219571113586,-0.06513121724128723,0.3458627164363861,0.5843569040298462,-0.08375901728868484,0.3469407558441162,0.6427735686302185,-0.08300217986106873,0.27625295519828796,0.578295111656189,-0.024302370846271515,0.2957574427127838,0.5281684398651123,-0.07278193533420563,0.31133708357810974,0.6049569845199585,-0.07864570617675781,0.3162247836589813,0.6634297370910645,-0.06733791530132294,0.23870515823364258,0.5879098773002625,-0.03316538408398628,0.23057612776756287,0.49981802701950073,-0.06090642511844635,0.2300594300031662,0.44319772720336914,-0.06731479614973068,0.22770431637763977,0.3854517638683319,-0.06582866609096527
190,0.735503077507019,0.7536414265632629,-1.595823704292343e-07,0.662472665309906,0.7393180727958679,-0.019725047051906586,0.5960191488265991,0.669385552406311,-0.027831854298710823,0.5588981509208679,0.6103901267051697,-0.038106366991996765,0.5268797278404236,0.5621649026870728,-0.0469876267015934,0.6169898509979248,0.5618109107017517,-0.012029252015054226,0.587645947933197,0.45938122272491455,-0.032544445246458054,0.5731903910636902,0.4008275270462036,-0.040847551077604294,0.559995174407959,0.3493410646915436,-0.04517072066664696,0.6537125706672668,0.555350661277771,-0.016242163255810738,0.6299830675125122,0.5101670622825623,-0.06593236327171326,0.6361545324325562,0.5814736485481262,-0.07669775933027267,0.6446321606636047,0.6380731463432312,-0.06881146132946014,0.6890993118286133,0.5580762028694153,-0.02363608032464981,0.6653363704681396,0.5218008160591125,-0.07120449095964432,0.6707566380500793,0.6007986068725586,-0.06611480563879013,0.6734907627105713,0.6528337001800537,-0.046158384531736374,0.7242599725723267,0.5653288960456848,-0.032363034784793854,0.7065842747688293,0.503990888595581,-0.060160428285598755,0.6956508755683899,0.46840569376945496,-0.05983331426978111,0.6830155849456787,0.4249175786972046,-0.05124497413635254,0.2517682909965515,0.7839211821556091,-9.241790621672408e-08,0.3231143057346344,0.7553521394729614,-0.022543802857398987,0.3811893165111542,0.6844763159751892,-0.031227726489305496,0.42006829380989075,0.6199809908866882,-0.041677068918943405,0.4489653706550598,0.5662046670913696,-0.05126863345503807,0.3498615026473999,0.5756925940513611,-0.013407242484390736,0.37303465604782104,0.482808381319046,-0.03156305477023125,0.3853123188018799,0.42636388540267944,-0.03943026065826416,0.39625608921051025,0.37453919649124146,-0.04365849122405052,0.315140038728714,0.5696302056312561,-0.017979195341467857,0.33472704887390137,0.5137512683868408,-0.06542445719242096,0.3452408015727997,0.5757368803024292,-0.08463232219219208,0.3469502329826355,0.629596471786499,-0.08477287739515305,0.2785586714744568,0.5744752287864685,-0.025256218388676643,0.29544782638549805,0.523944616317749,-0.07266778498888016,0.3127077519893646,0.5964134931564331,-0.07923906296491623,0.3193444609642029,0.6536659002304077,-0.06890109181404114,0.2418787181377411,0.5844650268554688,-0.03381006419658661,0.2331407070159912,0.4986318349838257,-0.06090005487203598,0.23303253948688507,0.4436527192592621,-0.06735149025917053,0.2318342626094818,0.3883877396583557,-0.06599323451519012
191,0.7336326837539673,0.728126585483551,-1.3257688635803788e-07,0.6617296934127808,0.7145007848739624,-0.018435973674058914,0.5985776782035828,0.6465947031974792,-0.026157023385167122,0.5607874393463135,0.5899187326431274,-0.036142006516456604,0.5282219648361206,0.5442525148391724,-0.04486367106437683,0.6214614510536194,0.5420209765434265,-0.008529244922101498,0.5924299955368042,0.4422759413719177,-0.02769041433930397,0.5771269798278809,0.3867780566215515,-0.035458531230688095,0.563617467880249,0.33734580874443054,-0.03902878984808922,0.654765248298645,0.536728024482727,-0.012448797933757305,0.6287173628807068,0.4841623604297638,-0.06032238155603409,0.6328950524330139,0.5529578924179077,-0.07185009866952896,0.6419731378555298,0.6094751954078674,-0.06388077884912491,0.686994731426239,0.5387988090515137,-0.01912093348801136,0.6594724655151367,0.5001505017280579,-0.06376134604215622,0.6653366088867188,0.5774058103561401,-0.05847511813044548,0.6713920831680298,0.6298115849494934,-0.03807712718844414,0.7203409075737,0.5449725389480591,-0.027110431343317032,0.6994490027427673,0.48444485664367676,-0.05161743983626366,0.6898890137672424,0.4484782814979553,-0.0497480109333992,0.6815181970596313,0.40627503395080566,-0.0399126261472702,0.2541693150997162,0.7583144903182983,-9.828022484725807e-08,0.31990566849708557,0.7327178716659546,-0.022921472787857056,0.3783673942089081,0.6641606092453003,-0.032292719930410385,0.4172072112560272,0.6027877330780029,-0.04265624284744263,0.4453749656677246,0.5511808395385742,-0.0521191768348217,0.34696274995803833,0.5547856092453003,-0.017514435574412346,0.37285467982292175,0.4676470458507538,-0.03584957495331764,0.3850637376308441,0.41644561290740967,-0.04303722828626633,0.39692166447639465,0.36784523725509644,-0.046946220099925995,0.31226953864097595,0.5495639443397522,-0.021455848589539528,0.33654674887657166,0.4979274570941925,-0.06851787865161896,0.3413773775100708,0.5685076117515564,-0.08471415191888809,0.34022092819213867,0.6262530088424683,-0.08285844326019287,0.2764941155910492,0.5568830370903015,-0.02798973023891449,0.29677876830101013,0.5124004483222961,-0.07509056478738785,0.3106886148452759,0.5879310369491577,-0.07864493876695633,0.3163602948188782,0.6437819004058838,-0.06658243387937546,0.24145111441612244,0.5698488354682922,-0.03577548265457153,0.2368144989013672,0.4906570613384247,-0.06300866603851318,0.23703643679618835,0.4406309723854065,-0.06833205372095108,0.23656845092773438,0.3877575397491455,-0.06636279821395874
192,0.729421854019165,0.7290067076683044,-1.5792447527473996e-07,0.6594431400299072,0.7171547412872314,-0.01960073597729206,0.5949808359146118,0.6485086679458618,-0.02686403878033161,0.5600539445877075,0.5913891792297363,-0.03578755259513855,0.5314247608184814,0.5430827140808105,-0.04331503435969353,0.6182722449302673,0.5413177013397217,-0.011416682042181492,0.5912706851959229,0.44128426909446716,-0.02986103668808937,0.5783919095993042,0.38584834337234497,-0.03613332286477089,0.5665672421455383,0.33754146099090576,-0.03867011144757271,0.6533758640289307,0.5347715616226196,-0.014543495140969753,0.6270744800567627,0.49034401774406433,-0.06065385043621063,0.6330543756484985,0.5616642236709595,-0.06983484327793121,0.6423760652542114,0.6167251467704773,-0.06099887564778328,0.6865314245223999,0.5368316173553467,-0.020621268078684807,0.6600416898727417,0.5022501349449158,-0.06613150984048843,0.6656118035316467,0.5794094800949097,-0.061293359845876694,0.6701597571372986,0.6297157406806946,-0.04146531969308853,0.7193934321403503,0.5429738163948059,-0.027784109115600586,0.6990001201629639,0.48276668787002563,-0.05361325293779373,0.688034176826477,0.4495130181312561,-0.05241841822862625,0.6767314076423645,0.40837013721466064,-0.04317348822951317,0.25435274839401245,0.750594437122345,-1.1726234561137971e-07,0.3188079595565796,0.7282499670982361,-0.02243962697684765,0.3766130208969116,0.6595948338508606,-0.031150786206126213,0.41542989015579224,0.5993630886077881,-0.0409550666809082,0.44231247901916504,0.5481418967247009,-0.04992059990763664,0.34685570001602173,0.5522708892822266,-0.018307944759726524,0.3694469630718231,0.4602165222167969,-0.03607892245054245,0.3819974660873413,0.40677332878112793,-0.04263157770037651,0.39329901337623596,0.3567434251308441,-0.046034105122089386,0.3131321668624878,0.5463624000549316,-0.02215505577623844,0.3332156836986542,0.4954111874103546,-0.06773293018341064,0.3390767276287079,0.5642567276954651,-0.08288076519966125,0.33822908997535706,0.6199938654899597,-0.0806710422039032,0.27771514654159546,0.5522463321685791,-0.028490472584962845,0.2958610951900482,0.5072383880615234,-0.07432712614536285,0.30887091159820557,0.5842090845108032,-0.07696477323770523,0.3131085932254791,0.6399320960044861,-0.06449806690216064,0.24299770593643188,0.5631898641586304,-0.03610887750983238,0.23648154735565186,0.4845648407936096,-0.06270842254161835,0.23517391085624695,0.4347163140773773,-0.06736680120229721,0.23277194797992706,0.3810955882072449,-0.06491594761610031
193,0.7270979285240173,0.7464730143547058,-2.056824826013326e-07,0.6569979786872864,0.7377663850784302,-0.017894646152853966,0.5921189785003662,0.668468713760376,-0.02509131282567978,0.5550591945648193,0.606807291507721,-0.03441755846142769,0.523640513420105,0.5609593987464905,-0.0427132174372673,0.6155372262001038,0.5600994229316711,-0.01274088490754366,0.5871991515159607,0.4580407440662384,-0.032861776649951935,0.5721022486686707,0.39960557222366333,-0.04013431817293167,0.558569073677063,0.34943610429763794,-0.04346753656864166,0.6507160067558289,0.5527079701423645,-0.017052559182047844,0.6216931939125061,0.5114628672599792,-0.0641164556145668,0.625109851360321,0.5864750742912292,-0.07229574769735336,0.6331247091293335,0.6437520980834961,-0.06329396367073059,0.6843032836914062,0.5547995567321777,-0.024154940620064735,0.6552038788795471,0.5219213366508484,-0.06998807191848755,0.6593578457832336,0.5981353521347046,-0.06346197426319122,0.6647261381149292,0.6484349966049194,-0.04294784739613533,0.7178305387496948,0.5616164207458496,-0.032352592796087265,0.7021694183349609,0.49916261434555054,-0.05901394411921501,0.690115749835968,0.4625777006149292,-0.05792875215411186,0.6776518821716309,0.4203134775161743,-0.04883833974599838,0.25309404730796814,0.7676972150802612,-1.098804887078586e-07,0.32099756598472595,0.7454965114593506,-0.022612854838371277,0.37864670157432556,0.6742663383483887,-0.03050767444074154,0.4173177182674408,0.6114848852157593,-0.03970397636294365,0.4460667669773102,0.5602110624313354,-0.04801705852150917,0.3461218476295471,0.5670572519302368,-0.014806598424911499,0.3686881363391876,0.47342193126678467,-0.03187774121761322,0.3830909729003906,0.4177980124950409,-0.038917265832424164,0.39512914419174194,0.3675341010093689,-0.042916618287563324,0.3130578398704529,0.5594392418861389,-0.018751967698335648,0.3343355655670166,0.5078679323196411,-0.0633879229426384,0.3468111753463745,0.572354793548584,-0.08088236302137375,0.34780168533325195,0.6260003447532654,-0.08085204660892487,0.2780994474887848,0.5628117322921753,-0.02533387392759323,0.294648140668869,0.5122877359390259,-0.06974330544471741,0.31262537837028503,0.5838634967803955,-0.0751078724861145,0.3174488842487335,0.6387739777565002,-0.06506635993719101,0.24311983585357666,0.5711859464645386,-0.03326890990138054,0.23623603582382202,0.48441967368125916,-0.059748001396656036,0.2371118664741516,0.4300895929336548,-0.06617054343223572,0.23498603701591492,0.3748856782913208,-0.06522153317928314
194,0.7236368656158447,0.7632990479469299,-1.6320834106409166e-07,0.6529272198677063,0.7548812627792358,-0.02025393210351467,0.5876970887184143,0.6838191747665405,-0.028507690876722336,0.550646960735321,0.621005654335022,-0.038774315267801285,0.5177150964736938,0.5712557435035706,-0.04749066382646561,0.6108942031860352,0.5689635276794434,-0.010905212722718716,0.5832141041755676,0.4655318260192871,-0.03151605278253555,0.5678865909576416,0.40622955560684204,-0.040149275213479996,0.5541465282440186,0.3558896481990814,-0.04480712115764618,0.6466609239578247,0.5612914562225342,-0.01524172630161047,0.6204946041107178,0.510714054107666,-0.06534160673618317,0.6238086819648743,0.5856594443321228,-0.07668486982584,0.6311271786689758,0.6441501975059509,-0.06901703029870987,0.6818143725395203,0.5629599690437317,-0.022755838930606842,0.656516432762146,0.52092444896698,-0.06974418461322784,0.6581061482429504,0.600050151348114,-0.06351379305124283,0.660610020160675,0.6541288495063782,-0.042848654091358185,0.7173778414726257,0.5698170065879822,-0.031820107251405716,0.6993951201438904,0.5038674473762512,-0.059808824211359024,0.6864929795265198,0.4646768569946289,-0.05934097245335579,0.6741530895233154,0.4201809763908386,-0.050486695021390915,0.2499198466539383,0.7984693646430969,-7.650948674609026e-08,0.3206306993961334,0.7771688103675842,-0.025114819407463074,0.38070663809776306,0.7024067044258118,-0.032762739807367325,0.4202616512775421,0.6344959139823914,-0.04130275174975395,0.44638538360595703,0.5771427750587463,-0.04917705059051514,0.3423919677734375,0.5860385894775391,-0.013363818638026714,0.36592841148376465,0.48771393299102783,-0.02969854697585106,0.38055044412612915,0.4279683828353882,-0.0370623879134655,0.3922012448310852,0.376026451587677,-0.041408687829971313,0.3080905079841614,0.5782402753829956,-0.01650100387632847,0.3319932818412781,0.5214942097663879,-0.061690352857112885,0.34639933705329895,0.5860005021095276,-0.08126475661993027,0.34750622510910034,0.6431776881217957,-0.0822841227054596,0.27093762159347534,0.5811858177185059,-0.02264956198632717,0.29177093505859375,0.5282236337661743,-0.06864532083272934,0.3108191192150116,0.6016298532485962,-0.07655580341815948,0.3151454031467438,0.6594645977020264,-0.06784477084875107,0.23315846920013428,0.590076744556427,-0.030218159779906273,0.2233225405216217,0.49854576587677,-0.05785231664776802,0.22285479307174683,0.4411851167678833,-0.06585822254419327,0.22003602981567383,0.38453730940818787,-0.06603153049945831
195,0.7212194800376892,0.7790656089782715,-8.084196423396861e-08,0.6482670307159424,0.772753894329071,-0.026265336200594902,0.5825246572494507,0.6985078454017639,-0.035706527531147,0.5467191338539124,0.6339684128761292,-0.04596806690096855,0.5149697661399841,0.5802592635154724,-0.053810007870197296,0.6064252853393555,0.57515549659729,-0.012130390852689743,0.5811581611633301,0.46747875213623047,-0.033593520522117615,0.5676888823509216,0.4049280881881714,-0.0428510457277298,0.5559619069099426,0.35183650255203247,-0.04727201536297798,0.6430705189704895,0.5678533911705017,-0.013384060002863407,0.6171861290931702,0.5045446157455444,-0.06643032282590866,0.6177948713302612,0.5760924816131592,-0.07943808287382126,0.6254955530166626,0.6370408535003662,-0.07061819732189178,0.6783502697944641,0.5687209367752075,-0.01852516643702984,0.6530049443244934,0.5216212272644043,-0.06804903596639633,0.6532813906669617,0.6053755283355713,-0.06336470693349838,0.6560689806938171,0.6618975400924683,-0.0415949784219265,0.7140425443649292,0.5737151503562927,-0.025697730481624603,0.6962390542030334,0.5049503445625305,-0.05504138395190239,0.6840061545372009,0.46562251448631287,-0.05579023435711861,0.6721747517585754,0.41803181171417236,-0.0467396005988121,0.24103280901908875,0.8326537013053894,-6.875858105104271e-08,0.3166562616825104,0.8087556958198547,-0.027660228312015533,0.37966278195381165,0.7288292646408081,-0.03630955517292023,0.41987019777297974,0.6549385190010071,-0.04554722458124161,0.44379106163978577,0.5924390554428101,-0.05398295447230339,0.3374502658843994,0.603240430355072,-0.01276232860982418,0.36111128330230713,0.5015448331832886,-0.02914411947131157,0.374732106924057,0.438143253326416,-0.03655899688601494,0.38434362411499023,0.3833158016204834,-0.04098775237798691,0.3003646433353424,0.5970945358276367,-0.015094321221113205,0.32393279671669006,0.533772349357605,-0.061839427798986435,0.3388124704360962,0.602004885673523,-0.08173949271440506,0.33984488248825073,0.6630763411521912,-0.0819307267665863,0.26137518882751465,0.6026369333267212,-0.02077518403530121,0.2806381583213806,0.5436966419219971,-0.06812722235918045,0.30141329765319824,0.6202674508094788,-0.07547027617692947,0.30705374479293823,0.6804408431053162,-0.06553064286708832,0.22164607048034668,0.6147893071174622,-0.028150644153356552,0.21085144579410553,0.5209031701087952,-0.05675423517823219,0.20822075009346008,0.46088024973869324,-0.0649404376745224,0.20276528596878052,0.3995509743690491,-0.06483316421508789
196,0.7242103815078735,0.7872893810272217,-8.967476361476656e-08,0.6479849219322205,0.7823602557182312,-0.023343851789832115,0.579641580581665,0.7035255432128906,-0.030913228169083595,0.543492317199707,0.6343346238136292,-0.04040319472551346,0.5130804181098938,0.580318808555603,-0.047444332391023636,0.6051488518714905,0.579109787940979,-0.007128508761525154,0.5792801976203918,0.4683743119239807,-0.028486089780926704,0.5668418407440186,0.40458613634109497,-0.03785659745335579,0.555485725402832,0.3485846221446991,-0.04242967069149017,0.6417366862297058,0.5701820850372314,-0.009754911065101624,0.6149205565452576,0.5052488446235657,-0.0633712112903595,0.6165803074836731,0.5760633945465088,-0.07700805366039276,0.6242188215255737,0.6358329057693481,-0.06847906857728958,0.6766922473907471,0.5686653256416321,-0.01622043177485466,0.6489048600196838,0.5163628458976746,-0.06640782207250595,0.6506603956222534,0.6036393046379089,-0.06104607507586479,0.6555427312850952,0.6637468338012695,-0.03818216174840927,0.7121906876564026,0.5728497505187988,-0.02463870495557785,0.6954977512359619,0.5020960569381714,-0.05358245223760605,0.6838238835334778,0.46122896671295166,-0.05387181043624878,0.6723421216011047,0.4118706285953522,-0.04428249970078468,0.23245076835155487,0.8586775660514832,-8.707963417009523e-08,0.31095150113105774,0.831576943397522,-0.026911940425634384,0.3778448700904846,0.7448307871818542,-0.03528507798910141,0.41902923583984375,0.6673800349235535,-0.04484977200627327,0.44583559036254883,0.6029618978500366,-0.05337950214743614,0.3343654274940491,0.6203846335411072,-0.01131788082420826,0.35583406686782837,0.5138707756996155,-0.02724619023501873,0.37009483575820923,0.44833123683929443,-0.03372448310256004,0.3806458115577698,0.39185982942581177,-0.0373244434595108,0.295805424451828,0.6152513027191162,-0.014591693878173828,0.31704509258270264,0.5499823689460754,-0.062169041484594345,0.3326092064380646,0.6175408959388733,-0.08222183585166931,0.33464232087135315,0.6778299808502197,-0.08205997198820114,0.2557704746723175,0.6211184859275818,-0.021220698952674866,0.2732033133506775,0.5603842735290527,-0.06983643770217896,0.2943682074546814,0.6414090394973755,-0.07655708491802216,0.2998986542224884,0.7053074240684509,-0.06543862074613571,0.21583926677703857,0.6325235962867737,-0.029466157779097557,0.2018875777721405,0.5351424217224121,-0.05798852816224098,0.1977662444114685,0.47407636046409607,-0.0651959553360939,0.19089144468307495,0.41151583194732666,-0.06410658359527588
197,0.7301520109176636,0.7914063334465027,-1.4072530518660642e-07,0.6536384224891663,0.7848765850067139,-0.02144698053598404,0.5846383571624756,0.7074916958808899,-0.02860420010983944,0.5476635694503784,0.638764500617981,-0.03823661059141159,0.5172609686851501,0.5846783518791199,-0.045872073620557785,0.6061160564422607,0.5862152576446533,-0.006460767239332199,0.5796334743499756,0.4758566617965698,-0.02688203752040863,0.5663813948631287,0.4139229357242584,-0.03481772169470787,0.5540667772293091,0.35926565527915955,-0.03845006972551346,0.6429901719093323,0.5768005847930908,-0.010153933428227901,0.6163074374198914,0.5179964303970337,-0.06253836303949356,0.6200369596481323,0.5902425050735474,-0.07475615292787552,0.629288911819458,0.6487939357757568,-0.06573031842708588,0.6777622103691101,0.5751500725746155,-0.01745603233575821,0.6497892141342163,0.5241454243659973,-0.06665962189435959,0.6528246998786926,0.6089783310890198,-0.06068340316414833,0.6582480669021606,0.6663064956665039,-0.03808807209134102,0.7134386897087097,0.5791809558868408,-0.026499342173337936,0.6957542300224304,0.5084782838821411,-0.05465381592512131,0.6841473579406738,0.46759873628616333,-0.054220348596572876,0.672784686088562,0.4182351231575012,-0.044458355754613876,0.23138707876205444,0.8725088238716125,-1.1638424979310003e-07,0.30994051694869995,0.8415563106536865,-0.024389853700995445,0.3769038915634155,0.7545720934867859,-0.03233552724123001,0.4189716577529907,0.6767150163650513,-0.0423479788005352,0.4425188899040222,0.6089224219322205,-0.05128229409456253,0.33257198333740234,0.6314967274665833,-0.009601918049156666,0.35543587803840637,0.5235244035720825,-0.026992453262209892,0.36988741159439087,0.45781660079956055,-0.03384906426072121,0.3813953399658203,0.39994996786117554,-0.03746086731553078,0.2950180470943451,0.6261801719665527,-0.014279130846261978,0.3194282054901123,0.5625833868980408,-0.06367744505405426,0.3326617479324341,0.6391732692718506,-0.0826285108923912,0.3330162763595581,0.7042757868766785,-0.0810215026140213,0.25559985637664795,0.6326507925987244,-0.02217440865933895,0.2743860185146332,0.5727843642234802,-0.07162053138017654,0.29288560152053833,0.6594732999801636,-0.07512100785970688,0.29685914516448975,0.7252728343009949,-0.06141810119152069,0.2163955122232437,0.6452863216400146,-0.031666774302721024,0.2032179832458496,0.5488258004188538,-0.060054849833250046,0.20144495368003845,0.4896758794784546,-0.06510752439498901,0.19692568480968475,0.42778363823890686,-0.06219739839434624
198,0.7352825403213501,0.8012755513191223,-1.9582843435728137e-07,0.6587761640548706,0.7865920066833496,-0.01706768572330475,0.5905978679656982,0.709337592124939,-0.023602312430739403,0.552125871181488,0.640543520450592,-0.03358946740627289,0.5220203399658203,0.587242841720581,-0.04250078275799751,0.6158238649368286,0.5984102487564087,-0.008218125440180302,0.587753176689148,0.4890398681163788,-0.03132566064596176,0.5722190141677856,0.4256192445755005,-0.04145434871315956,0.5571410655975342,0.3689306080341339,-0.046785712242126465,0.652861475944519,0.5897169709205627,-0.014637963846325874,0.6271807551383972,0.5377953052520752,-0.06826703250408173,0.6292711496353149,0.6131697297096252,-0.08087476342916489,0.6356313228607178,0.6721745133399963,-0.0730704590678215,0.6879233717918396,0.5910552740097046,-0.024164829403162003,0.6615591049194336,0.5492070317268372,-0.07435069978237152,0.664588212966919,0.6316112875938416,-0.06847486644983292,0.6684238314628601,0.6879147291183472,-0.04669046029448509,0.7239962816238403,0.5987638831138611,-0.035061269998550415,0.7078042030334473,0.5306975245475769,-0.06370076537132263,0.697007417678833,0.4907471537590027,-0.06256671249866486,0.6857914924621582,0.4446200132369995,-0.052652619779109955,0.23510253429412842,0.8677918910980225,-1.4641315715380188e-07,0.3140394389629364,0.8336554765701294,-0.020023314282298088,0.38086163997650146,0.7452428936958313,-0.024923648685216904,0.41935449838638306,0.6698565483093262,-0.03264009207487106,0.4422401785850525,0.6063979864120483,-0.03940347954630852,0.3360108733177185,0.6254246234893799,-0.004502403549849987,0.35722923278808594,0.5203650593757629,-0.0199798122048378,0.36939141154289246,0.45709097385406494,-0.025956492871046066,0.37912750244140625,0.4008333384990692,-0.029103178530931473,0.29705169796943665,0.621685266494751,-0.010578323155641556,0.3195638060569763,0.5603775978088379,-0.058565568178892136,0.33080747723579407,0.635280191898346,-0.07689778506755829,0.33060774207115173,0.6979697942733765,-0.07498662173748016,0.2577739357948303,0.63047194480896,-0.01965273544192314,0.2760106027126312,0.5752509832382202,-0.06836230307817459,0.2936294376850128,0.6608827710151672,-0.07226496189832687,0.29811182618141174,0.7247462868690491,-0.05884227901697159,0.2189321517944336,0.6450086236000061,-0.029969174414873123,0.20627671480178833,0.5511372089385986,-0.05799003317952156,0.20348873734474182,0.4926178455352783,-0.06331931799650192,0.19918087124824524,0.430768758058548,-0.0606137216091156
199,0.7325164079666138,0.778963029384613,-1.8112237398781872e-07,0.6608982086181641,0.7626563906669617,-0.015149773098528385,0.5966468453407288,0.6862392425537109,-0.020533164963126183,0.5605269074440002,0.6199663281440735,-0.02952355332672596,0.5298584699630737,0.5698060989379883,-0.03721875697374344,0.620091438293457,0.5818934440612793,-0.004586854949593544,0.5934760570526123,0.4722994267940521,-0.02447904460132122,0.5780986547470093,0.4124474823474884,-0.03242260962724686,0.5637946128845215,0.35947737097740173,-0.03626120835542679,0.6542713642120361,0.5761536359786987,-0.010787020437419415,0.6281940340995789,0.5165895223617554,-0.06269947439432144,0.6308815479278564,0.5925658941268921,-0.0748712345957756,0.639143705368042,0.6536850333213806,-0.06605349481105804,0.6876170039176941,0.5770219564437866,-0.01954459771513939,0.6592550277709961,0.5271521806716919,-0.06642815470695496,0.66370689868927,0.6097182035446167,-0.05882599204778671,0.6697675585746765,0.6672020554542542,-0.03587980195879936,0.7227861881256104,0.5821958780288696,-0.02961510792374611,0.7022411227226257,0.5168356895446777,-0.055842213332653046,0.6902104020118713,0.47837257385253906,-0.053355541080236435,0.6796426177024841,0.4341188371181488,-0.04229477420449257,0.23922300338745117,0.8297035694122314,-1.2307503993724822e-07,0.31545233726501465,0.7947255969047546,-0.015425932593643665,0.3793756663799286,0.7157469391822815,-0.019181935116648674,0.41745540499687195,0.6482188105583191,-0.026438435539603233,0.4406718313694,0.5916023254394531,-0.03278336301445961,0.33467453718185425,0.605484127998352,-0.0008549801423214376,0.3572489321231842,0.5046277642250061,-0.014539324678480625,0.3694938123226166,0.44752049446105957,-0.01943613588809967,0.3789582848548889,0.3958777189254761,-0.02167223021388054,0.2986469566822052,0.6034098863601685,-0.008134465664625168,0.3231142461299896,0.5480128526687622,-0.05262801796197891,0.33436229825019836,0.6171477437019348,-0.07008251547813416,0.3352471888065338,0.6720947027206421,-0.06900467723608017,0.2618698179721832,0.6100644469261169,-0.01800811104476452,0.2841123640537262,0.5590444207191467,-0.06423573940992355,0.3011138141155243,0.6372565627098083,-0.06866560131311417,0.3050681948661804,0.6933186650276184,-0.05670236796140671,0.2260749638080597,0.620507001876831,-0.02861016057431698,0.21606770157814026,0.5301052927970886,-0.054025355726480484,0.21492362022399902,0.47397053241729736,-0.058065228164196014,0.2126094400882721,0.4165917634963989,-0.055063992738723755
200,0.7281966209411621,0.7495501041412354,-1.5277147724646056e-07,0.6590413451194763,0.7330083847045898,-0.018320582807064056,0.5971764326095581,0.6598423719406128,-0.025239644572138786,0.5619720220565796,0.5990711450576782,-0.03433946892619133,0.5328506231307983,0.5468586087226868,-0.04164404422044754,0.6199989318847656,0.5536863207817078,-0.0065402258187532425,0.5964992046356201,0.4490375518798828,-0.023856541141867638,0.5811717510223389,0.39294692873954773,-0.029847990721464157,0.5670099854469299,0.34526050090789795,-0.032350484281778336,0.6530037522315979,0.5504787564277649,-0.010367676615715027,0.6269413232803345,0.4967348277568817,-0.05801309272646904,0.6280286312103271,0.5691492557525635,-0.06875516474246979,0.6336979866027832,0.6272818446159363,-0.059852857142686844,0.684438169002533,0.5544731020927429,-0.01688002608716488,0.6548442840576172,0.5143154859542847,-0.061992038041353226,0.6599896550178528,0.592189610004425,-0.05556396022439003,0.664973258972168,0.6447725296020508,-0.033936843276023865,0.7162982821464539,0.5614883303642273,-0.024671075865626335,0.6927205920219421,0.4988310635089874,-0.050073012709617615,0.6801478862762451,0.46076321601867676,-0.047984860837459564,0.6682459712028503,0.4156867265701294,-0.03756064549088478,0.24988466501235962,0.7943867444992065,-1.2418364292443584e-07,0.31894445419311523,0.7616479396820068,-0.014432004652917385,0.37828323245048523,0.6864379644393921,-0.017512332648038864,0.41392627358436584,0.6235525608062744,-0.023976506665349007,0.43290573358535767,0.5689653158187866,-0.029522109776735306,0.33777672052383423,0.5814850330352783,-0.0008406404522247612,0.35780951380729675,0.4855663478374481,-0.013970745727419853,0.36716383695602417,0.4326358437538147,-0.018114473670721054,0.37481749057769775,0.3842836022377014,-0.019465181976556778,0.3040052056312561,0.5796139240264893,-0.007862848229706287,0.32689201831817627,0.5290356874465942,-0.05071777105331421,0.3384835124015808,0.5940813422203064,-0.06754528731107712,0.3408309817314148,0.6468917727470398,-0.0662926435470581,0.26859256625175476,0.5851685404777527,-0.017330758273601532,0.2890283167362213,0.5382212400436401,-0.061650700867176056,0.3065810799598694,0.6096104979515076,-0.06673027575016022,0.312530517578125,0.6614726781845093,-0.055553678423166275,0.23359689116477966,0.5934988856315613,-0.027394236996769905,0.22733378410339355,0.5077813863754272,-0.05147247388958931,0.22781610488891602,0.453171968460083,-0.05546370893716812,0.2272229790687561,0.39863306283950806,-0.05250650644302368
201,0.7204123735427856,0.7358167171478271,-1.440330805735357e-07,0.6540607810020447,0.7209832072257996,-0.019547801464796066,0.5958104133605957,0.6493192911148071,-0.027844714000821114,0.5627806782722473,0.5909625887870789,-0.038269542157649994,0.5379359722137451,0.5373560190200806,-0.04709533601999283,0.6176807284355164,0.5407826900482178,-0.007432152517139912,0.5948358774185181,0.440668523311615,-0.025934213772416115,0.5813586115837097,0.3869398832321167,-0.03337602689862251,0.5685544013977051,0.3409135341644287,-0.03663709759712219,0.6488736271858215,0.5364381670951843,-0.010675339959561825,0.6241528391838074,0.4844648838043213,-0.05871015042066574,0.6262969374656677,0.5517995953559875,-0.07160729914903641,0.6317562460899353,0.6065745949745178,-0.06443151831626892,0.6791686415672302,0.5391070246696472,-0.016618454828858376,0.6503596901893616,0.5001596808433533,-0.061973970383405685,0.6555252075195312,0.5788654685020447,-0.0568401925265789,0.6605263948440552,0.6321914792060852,-0.03603135421872139,0.7101528644561768,0.545883297920227,-0.023850882425904274,0.6865666508674622,0.4841747581958771,-0.04877800866961479,0.6749388575553894,0.44728147983551025,-0.046520721167325974,0.6637105345726013,0.4033178687095642,-0.03602816164493561,0.24988701939582825,0.7824258804321289,-1.0559494256767721e-07,0.3147566020488739,0.7509700655937195,-0.016254404559731483,0.3711068034172058,0.6760104894638062,-0.02013534866273403,0.4079647660255432,0.6115437150001526,-0.027100177481770515,0.4271388053894043,0.5557348132133484,-0.03306322544813156,0.33579060435295105,0.5744102001190186,-0.0003825216554105282,0.3531915843486786,0.48003047704696655,-0.013470513746142387,0.36251384019851685,0.42717552185058594,-0.017630480229854584,0.37038084864616394,0.3781745433807373,-0.019252194091677666,0.3050634264945984,0.5704175233840942,-0.006839022971689701,0.32657888531684875,0.5119271278381348,-0.04981890320777893,0.33909091353416443,0.574055016040802,-0.06751769781112671,0.341618150472641,0.6273817420005798,-0.06652126461267471,0.27198177576065063,0.5743544101715088,-0.015970293432474136,0.29174134135246277,0.5177876353263855,-0.0596325621008873,0.310407429933548,0.5863931179046631,-0.06558175384998322,0.31642889976501465,0.6404103636741638,-0.0549762099981308,0.2374115139245987,0.5811507105827332,-0.02595820091664791,0.2311858832836151,0.49475911259651184,-0.05007136985659599,0.23197130858898163,0.43988335132598877,-0.05541831627488136,0.23111647367477417,0.3859248757362366,-0.053464047610759735
202,0.7188767790794373,0.7361313104629517,-1.9757762004246615e-07,0.6548534035682678,0.720524787902832,-0.01973339542746544,0.5944499969482422,0.649450957775116,-0.02803090028464794,0.5613241791725159,0.591476321220398,-0.038402482867240906,0.5349931716918945,0.5419939160346985,-0.047402553260326385,0.617680013179779,0.5438628196716309,-0.009943357668817043,0.5960525870323181,0.4449394941329956,-0.028847334906458855,0.5817165970802307,0.39267870783805847,-0.03603512421250343,0.5684808492660522,0.3480953574180603,-0.039312295615673065,0.649432361125946,0.5403154492378235,-0.013961323536932468,0.6237372159957886,0.4891171455383301,-0.06205841526389122,0.6256837844848633,0.5598958730697632,-0.07382506877183914,0.6321476697921753,0.6153683662414551,-0.06628116220235825,0.6801068186759949,0.5439250469207764,-0.020834648981690407,0.6536309719085693,0.5007316470146179,-0.06651028245687485,0.6561706066131592,0.5769726634025574,-0.06173357367515564,0.6597935557365417,0.6296200752258301,-0.041760072112083435,0.7113115191459656,0.550847589969635,-0.028984352946281433,0.6876547336578369,0.48706021904945374,-0.054140545427799225,0.6745410561561584,0.4491368532180786,-0.05245870351791382,0.6630370020866394,0.4056437611579895,-0.04296491667628288,0.24881288409233093,0.7789167165756226,-1.1851292214259956e-07,0.315136581659317,0.7503287196159363,-0.017550932243466377,0.37116357684135437,0.6776034832000732,-0.02165263332426548,0.40537723898887634,0.6139267683029175,-0.028068533167243004,0.4260769486427307,0.560832679271698,-0.03338417783379555,0.33558762073516846,0.5760499835014343,-0.004098397213965654,0.3532484173774719,0.4807838201522827,-0.01734871044754982,0.36314213275909424,0.42711520195007324,-0.021397346630692482,0.3715185225009918,0.3781064748764038,-0.02286967821419239,0.3044574558734894,0.5701883435249329,-0.008982191793620586,0.3249681293964386,0.513947069644928,-0.05141763016581535,0.3359712064266205,0.5767868757247925,-0.06820141524076462,0.3370180130004883,0.629326343536377,-0.06667931377887726,0.2712312936782837,0.5731435418128967,-0.016283974051475525,0.28930798172950745,0.5183299779891968,-0.05908364802598953,0.306922048330307,0.5881168842315674,-0.06439657509326935,0.31205886602401733,0.642021894454956,-0.05360737442970276,0.23663344979286194,0.5796763300895691,-0.024469589814543724,0.22970964014530182,0.4941074848175049,-0.04846162348985672,0.23092985153198242,0.44034481048583984,-0.053641751408576965,0.23019631206989288,0.38689517974853516,-0.05144936591386795
203,0.7148801684379578,0.7524499893188477,-2.050688721055849e-07,0.6501328945159912,0.7417585253715515,-0.019521746784448624,0.5895406603813171,0.673753559589386,-0.028343621641397476,0.5542035698890686,0.6137726306915283,-0.0389028899371624,0.5240581035614014,0.5665066838264465,-0.04829825088381767,0.6127638220787048,0.5659332275390625,-0.01670435070991516,0.5875890851020813,0.46268516778945923,-0.037667665630578995,0.5713908076286316,0.4060302972793579,-0.044701430946588516,0.5566900372505188,0.35725170373916626,-0.047387901693582535,0.6457520723342896,0.5612643957138062,-0.020442800596356392,0.6173480153083801,0.5150052309036255,-0.0689828097820282,0.6182339787483215,0.5890265107154846,-0.07765461504459381,0.6263133883476257,0.6461646556854248,-0.06819632649421692,0.6771049499511719,0.5647222995758057,-0.026770390570163727,0.6487129926681519,0.5296004414558411,-0.07383622974157333,0.6496698260307312,0.6060810685157776,-0.06734750419855118,0.6546212434768677,0.6562110185623169,-0.04604414105415344,0.7087876796722412,0.5713063478469849,-0.0341431200504303,0.6905996203422546,0.5062592029571533,-0.061288654804229736,0.6761406064033508,0.46889230608940125,-0.05977534502744675,0.6627011299133301,0.4255204200744629,-0.04989559203386307,0.25366726517677307,0.7917380928993225,-1.1933953203424608e-07,0.32013189792633057,0.764289140701294,-0.020571056753396988,0.3741737902164459,0.6904680728912354,-0.026016298681497574,0.4089392125606537,0.6255485415458679,-0.033057525753974915,0.43009379506111145,0.569351851940155,-0.03922586143016815,0.3353077173233032,0.5841090083122253,-0.007510942406952381,0.35388025641441345,0.49237677454948425,-0.02265831083059311,0.36637750267982483,0.437663733959198,-0.029036493971943855,0.37683677673339844,0.388711154460907,-0.03216736391186714,0.30451464653015137,0.5790489912033081,-0.011340604163706303,0.3261723220348358,0.5288294553756714,-0.054206397384405136,0.3400874733924866,0.5932988524436951,-0.07193930447101593,0.34132158756256104,0.6474719047546387,-0.071757473051548,0.27115699648857117,0.584429919719696,-0.01788383536040783,0.2886841297149658,0.5366442799568176,-0.061375364661216736,0.30598703026771545,0.6087380051612854,-0.06654219329357147,0.30957114696502686,0.662696123123169,-0.05597758665680885,0.23697827756404877,0.5951693058013916,-0.025634612888097763,0.22614824771881104,0.507455587387085,-0.05071175470948219,0.22845113277435303,0.4529803991317749,-0.05598974972963333,0.22846326231956482,0.3981534242630005,-0.05403650924563408
204,0.7182584404945374,0.7798306941986084,-2.4014801169869315e-07,0.6500988602638245,0.7714049220085144,-0.01852431520819664,0.5851489901542664,0.6987815499305725,-0.024119338020682335,0.5499548316001892,0.6346139907836914,-0.031602758914232254,0.5193813443183899,0.5890841484069824,-0.03789385408163071,0.6107618808746338,0.5927810668945312,-0.012430648319423199,0.5818793773651123,0.48771315813064575,-0.03154773637652397,0.5657180547714233,0.4282369613647461,-0.03760050609707832,0.5501015186309814,0.37642818689346313,-0.03982953354716301,0.643941342830658,0.585570752620697,-0.015340087004005909,0.6132502555847168,0.543693482875824,-0.06258857250213623,0.6156508326530457,0.6195862293243408,-0.07017490267753601,0.6250653862953186,0.6786590814590454,-0.060003526508808136,0.6742938160896301,0.5865055918693542,-0.021162206307053566,0.6424087285995483,0.5513719916343689,-0.06803708523511887,0.6456376314163208,0.6313995718955994,-0.06191843003034592,0.6530325412750244,0.6840330958366394,-0.04042781889438629,0.705126166343689,0.5908884406089783,-0.028039760887622833,0.6896206140518188,0.5263904333114624,-0.05491074174642563,0.676337480545044,0.4890863001346588,-0.05469155311584473,0.663708508014679,0.44444355368614197,-0.04580437391996384,0.24748608469963074,0.8252559900283813,-1.2189784115435032e-07,0.31702736020088196,0.8001489639282227,-0.021339837461709976,0.3734793961048126,0.7199484705924988,-0.026013005524873734,0.4105708599090576,0.6505375504493713,-0.03248452767729759,0.43110015988349915,0.5937920808792114,-0.03825598210096359,0.3314054608345032,0.611095666885376,-0.00682685524225235,0.3506013751029968,0.514081597328186,-0.022387636825442314,0.3638416528701782,0.4547933340072632,-0.029410766437649727,0.3746528625488281,0.40263667702674866,-0.033347658812999725,0.2991348206996918,0.6051660180091858,-0.01118718646466732,0.32332736253738403,0.5496788620948792,-0.05599517747759819,0.3389294147491455,0.6162716150283813,-0.07471340894699097,0.3420524001121521,0.6737664937973022,-0.07432863861322403,0.26434415578842163,0.6105060577392578,-0.018513746559619904,0.2840583324432373,0.5625361204147339,-0.06460223346948624,0.30129891633987427,0.638267457485199,-0.07026634365320206,0.3045378625392914,0.6951677799224854,-0.05879494175314903,0.229433074593544,0.621941864490509,-0.027132326737046242,0.2186913788318634,0.5304982662200928,-0.05482957884669304,0.21754968166351318,0.4725952744483948,-0.061184339225292206,0.2143089324235916,0.41495466232299805,-0.05924360081553459
205,0.723013699054718,0.8076760172843933,-2.0227834340857953e-07,0.6510919332504272,0.7956825494766235,-0.018410393968224525,0.585783839225769,0.7187680602073669,-0.026223953813314438,0.5509045124053955,0.6508139371871948,-0.03617210313677788,0.5213241577148438,0.6019488573074341,-0.04534484073519707,0.6164162755012512,0.6036179065704346,-0.014500943943858147,0.5882226824760437,0.49853789806365967,-0.037310890853405,0.5707563161849976,0.4352523684501648,-0.04729748144745827,0.555046558380127,0.38118278980255127,-0.052779655903577805,0.6522170901298523,0.596824586391449,-0.01989445462822914,0.6207840442657471,0.5501474142074585,-0.07289005815982819,0.620640754699707,0.6292087435722351,-0.08381155133247375,0.6283068060874939,0.6908324360847473,-0.07501859962940216,0.6861761212348938,0.602547287940979,-0.02810695208609104,0.6556886434555054,0.5678908228874207,-0.07755675166845322,0.6556130051612854,0.6490470170974731,-0.07084959000349045,0.6596518754959106,0.7044209241867065,-0.048916518688201904,0.7198601961135864,0.6153101325035095,-0.03771156817674637,0.7020861506462097,0.5488964915275574,-0.06757448613643646,0.6872665882110596,0.5076605081558228,-0.0675695613026619,0.6736253499984741,0.4611548185348511,-0.05851440131664276,0.23380477726459503,0.8555009961128235,-1.0536143690842437e-07,0.3077194392681122,0.8326680064201355,-0.023009607568383217,0.37122511863708496,0.7458766102790833,-0.026979960501194,0.40897998213768005,0.6718985438346863,-0.03250331059098244,0.4263693392276764,0.6087760925292969,-0.03680260106921196,0.32802850008010864,0.6302542686462402,-0.0037437116261571646,0.34558796882629395,0.5259883999824524,-0.01670854538679123,0.358047753572464,0.4625519812107086,-0.02145279012620449,0.3673520088195801,0.40756022930145264,-0.02397839166224003,0.29330700635910034,0.6249285936355591,-0.0070257349871098995,0.31624636054039,0.5624303817749023,-0.05147755891084671,0.32940909266471863,0.6331267356872559,-0.06985306739807129,0.32921314239501953,0.6939904689788818,-0.06844025105237961,0.2555828392505646,0.6293677687644958,-0.013617315329611301,0.27470698952674866,0.5700119733810425,-0.05991039425134659,0.2933235168457031,0.6500392556190491,-0.06564249098300934,0.2964968681335449,0.7121758460998535,-0.053754452615976334,0.21608421206474304,0.6375249028205872,-0.021556617692112923,0.20567819476127625,0.5432564616203308,-0.04904062673449516,0.20305562019348145,0.4842967987060547,-0.05599569156765938,0.19752219319343567,0.42383888363838196,-0.0545375682413578
206,0.7274200916290283,0.8195319771766663,-1.456600102756056e-07,0.6508215665817261,0.8042290210723877,-0.02546389400959015,0.5850204229354858,0.7248575091362,-0.036113522946834564,0.5491327047348022,0.6572492122650146,-0.04844368249177933,0.5197663903236389,0.5992639064788818,-0.05878066644072533,0.614055335521698,0.6047996878623962,-0.013896587304770947,0.5882572531700134,0.4927223324775696,-0.037709858268499374,0.5733798146247864,0.4251173436641693,-0.04783942922949791,0.5595030784606934,0.36793458461761475,-0.052609965205192566,0.6512317061424255,0.5985217690467834,-0.016866207122802734,0.6244374513626099,0.5444586277008057,-0.07325861603021622,0.6264874339103699,0.6255568265914917,-0.08558184653520584,0.6355419754981995,0.6915391683578491,-0.07552880793809891,0.6864995956420898,0.6026082038879395,-0.023828327655792236,0.6603636145591736,0.557735800743103,-0.07684778422117233,0.6615040302276611,0.644398033618927,-0.07164191454648972,0.6656303405761719,0.7034546136856079,-0.04844757914543152,0.7224162817001343,0.6127654910087585,-0.032690178602933884,0.7041184306144714,0.5423675775527954,-0.06336497515439987,0.6899085640907288,0.5024217367172241,-0.0635729432106018,0.6778738498687744,0.4564129114151001,-0.053567152470350266,0.22460632026195526,0.8723220825195312,-4.1393622751684234e-08,0.301766574382782,0.8451992869377136,-0.023953190073370934,0.36819058656692505,0.755638062953949,-0.02894771657884121,0.40585899353027344,0.6774696707725525,-0.03626306354999542,0.42833203077316284,0.6120589971542358,-0.04222686588764191,0.32306143641471863,0.6322145462036133,-0.0012687845155596733,0.34410735964775085,0.5237686634063721,-0.013955642469227314,0.35587078332901,0.45793014764785767,-0.018180575221776962,0.36498376727104187,0.4003355801105499,-0.020365066826343536,0.2854958474636078,0.6282233595848083,-0.005785232409834862,0.30603110790252686,0.5575371384620667,-0.051008399575948715,0.32262054085731506,0.6229941844940186,-0.07069409638643265,0.3271350562572479,0.6831467151641846,-0.06981532275676727,0.2463771104812622,0.6351613402366638,-0.01393003761768341,0.26808708906173706,0.5773831009864807,-0.06221642345190048,0.28835245966911316,0.6607950329780579,-0.06959591060876846,0.29274874925613403,0.7256978750228882,-0.05812373757362366,0.20689472556114197,0.6463128328323364,-0.02347082458436489,0.19622042775154114,0.5490366220474243,-0.05108476057648659,0.19318413734436035,0.48727548122406006,-0.05788850784301758,0.18668493628501892,0.4253367781639099,-0.05633184313774109
207,0.7303798198699951,0.8207342624664307,-1.2851221242726751e-07,0.6512631177902222,0.8036699295043945,-0.023798026144504547,0.5831642746925354,0.7207354307174683,-0.03284113481640816,0.5455629229545593,0.6494137644767761,-0.04459904134273529,0.5145158171653748,0.5911293625831604,-0.05447021499276161,0.61439049243927,0.5972942113876343,-0.00920078530907631,0.5883736610412598,0.4790264964103699,-0.0337640680372715,0.5741013884544373,0.40880993008613586,-0.04406822845339775,0.5604308247566223,0.3471786379814148,-0.04881763085722923,0.6525619029998779,0.5886367559432983,-0.013284176588058472,0.6258392930030823,0.5268107652664185,-0.07250192016363144,0.6262019872665405,0.6095585823059082,-0.08613739162683487,0.6332098245620728,0.6785186529159546,-0.07573849707841873,0.6890490055084229,0.5910607576370239,-0.021428585052490234,0.659942090511322,0.5410419702529907,-0.07715316116809845,0.6613896489143372,0.630702555179596,-0.07265333086252213,0.6668694615364075,0.6924468278884888,-0.048398129642009735,0.7266967296600342,0.6011828184127808,-0.03136269003152847,0.7109357714653015,0.5277663469314575,-0.06349349021911621,0.6964699625968933,0.4856564998626709,-0.06469936668872833,0.6836633086204529,0.4375973343849182,-0.05463450402021408,0.21161405742168427,0.8830698132514954,-5.837804906150268e-08,0.29319819808006287,0.8562613725662231,-0.024094345048069954,0.36519673466682434,0.7625438570976257,-0.029233716428279877,0.40683412551879883,0.6824252605438232,-0.03702746331691742,0.43219196796417236,0.6162243485450745,-0.04331139475107193,0.3172682225704193,0.6345738172531128,-0.0033970819786190987,0.3393993079662323,0.5197716951370239,-0.017587536945939064,0.3533093333244324,0.4520248770713806,-0.02153591997921467,0.36504819989204407,0.3922569155693054,-0.023192133754491806,0.27874019742012024,0.6288825869560242,-0.008610132150352001,0.2999638319015503,0.5538098812103271,-0.05642535537481308,0.3170570135116577,0.6232459545135498,-0.07563111931085587,0.3220692574977875,0.6854678392410278,-0.07385555654764175,0.2375415712594986,0.6347993612289429,-0.017595119774341583,0.2614234685897827,0.571539044380188,-0.06933829933404922,0.2809705138206482,0.6636819839477539,-0.07531169056892395,0.2841225266456604,0.7354714274406433,-0.06180768087506294,0.19528672099113464,0.6440169215202332,-0.027989957481622696,0.18397484719753265,0.5408928394317627,-0.057977549731731415,0.1809595823287964,0.4761435091495514,-0.06485263258218765,0.17487183213233948,0.4117548167705536,-0.06292574107646942
208,0.7366457581520081,0.8191156983375549,-1.5294601496407267e-07,0.6544629335403442,0.8038331866264343,-0.027572188526391983,0.5826914310455322,0.7171694040298462,-0.037553876638412476,0.543143093585968,0.6422419548034668,-0.04986017569899559,0.5100924968719482,0.5797896981239319,-0.06014327332377434,0.6122369766235352,0.5837941765785217,-0.010268470272421837,0.5848821401596069,0.46383175253868103,-0.03442225977778435,0.5705375671386719,0.39217209815979004,-0.04453540965914726,0.5571691989898682,0.32930344343185425,-0.049157820641994476,0.6531955599784851,0.574815034866333,-0.012899159453809261,0.626986026763916,0.5196841955184937,-0.07313418388366699,0.6285355687141418,0.6048004627227783,-0.08783934265375137,0.6358659863471985,0.6746740341186523,-0.07792071253061295,0.6918664574623108,0.5770177245140076,-0.020027099177241325,0.664094090461731,0.5316084027290344,-0.07829976826906204,0.6652063727378845,0.626065194606781,-0.07555384188890457,0.6690352559089661,0.6903473138809204,-0.05177183076739311,0.731852114200592,0.5862850546836853,-0.029078330844640732,0.7132821083068848,0.5121544003486633,-0.06264678388834,0.6982256174087524,0.4693964123725891,-0.06455332040786743,0.6846987009048462,0.4201756715774536,-0.05460858717560768,0.21059134602546692,0.8806931376457214,-1.2216514733154327e-07,0.29108166694641113,0.8497878909111023,-0.020202670246362686,0.36461108922958374,0.7500920295715332,-0.0238506942987442,0.40863341093063354,0.6684828400611877,-0.03095366805791855,0.43396860361099243,0.6027565002441406,-0.03687606006860733,0.31589436531066895,0.6176023483276367,-0.0014066920848563313,0.3402727246284485,0.5031805634498596,-0.016263293102383614,0.3541557788848877,0.4352790117263794,-0.020951146259903908,0.36498507857322693,0.374226838350296,-0.023431314155459404,0.27383604645729065,0.6119120121002197,-0.00897266250103712,0.29835203289985657,0.5392763614654541,-0.05910200625658035,0.3115525543689728,0.621619462966919,-0.07811957597732544,0.312439501285553,0.6898229122161865,-0.07577413320541382,0.23060859739780426,0.619434118270874,-0.019899960607290268,0.25613856315612793,0.5541272163391113,-0.07241997122764587,0.2739086449146271,0.6504859924316406,-0.07655622810125351,0.2759056091308594,0.7231359481811523,-0.062034722417593,0.18795999884605408,0.6327292323112488,-0.03207634389400482,0.17722833156585693,0.5286146402359009,-0.06284434348344803,0.17310333251953125,0.4617663323879242,-0.06941956281661987,0.16623809933662415,0.3938103914260864,-0.06729786098003387
209,0.7440822720527649,0.8185637593269348,-1.8671346424525836e-07,0.660687267780304,0.8001853823661804,-0.02436225116252899,0.5845458507537842,0.7117144465446472,-0.03420605883002281,0.5421335697174072,0.6354832649230957,-0.0472923219203949,0.507587194442749,0.5729346871376038,-0.058467797935009,0.6122452020645142,0.5792701840400696,-0.010073190554976463,0.5839301347732544,0.45588362216949463,-0.03662034124135971,0.569750964641571,0.38314688205718994,-0.04800970479846001,0.5572540163993835,0.318123459815979,-0.05356965214014053,0.654936671257019,0.5702378153800964,-0.01562022790312767,0.629335880279541,0.5082712769508362,-0.07806362211704254,0.6334459185600281,0.5978805422782898,-0.09184635430574417,0.6425382494926453,0.6687951683998108,-0.08115607500076294,0.6958835124969482,0.5734076499938965,-0.02562331221997738,0.6693257689476013,0.5256335735321045,-0.08519604057073593,0.6729131937026978,0.6233934760093689,-0.07975375652313232,0.6780038475990295,0.688795804977417,-0.05426234006881714,0.7382896542549133,0.5839691758155823,-0.037476349622011185,0.7217543721199036,0.5062556266784668,-0.07150153815746307,0.7071762084960938,0.462033212184906,-0.07181132584810257,0.6929898858070374,0.4114213287830353,-0.061042144894599915,0.2098604440689087,0.8728399276733398,-1.1321471760084023e-07,0.2941550612449646,0.839643657207489,-0.022984379902482033,0.36913639307022095,0.7441434264183044,-0.027888081967830658,0.41474592685699463,0.6629758477210999,-0.03589202091097832,0.4373217225074768,0.5923037528991699,-0.042698755860328674,0.3167908489704132,0.6038184762001038,-0.002272699261084199,0.3403172492980957,0.48880255222320557,-0.018799271434545517,0.35472333431243896,0.4199965000152588,-0.025501234456896782,0.3665502071380615,0.35751640796661377,-0.02871726267039776,0.2736905813217163,0.5961177349090576,-0.008426367305219173,0.3022017478942871,0.5290957093238831,-0.05950507894158363,0.3142240345478058,0.6110979318618774,-0.07933122664690018,0.3135351836681366,0.6779842376708984,-0.07705359160900116,0.22894644737243652,0.602128267288208,-0.018307354301214218,0.256830632686615,0.5412327647209167,-0.07198105752468109,0.27435195446014404,0.6385859847068787,-0.07611840218305588,0.27631571888923645,0.7108815908432007,-0.060692012310028076,0.18480828404426575,0.6139497756958008,-0.029689930379390717,0.17569614946842194,0.5078474879264832,-0.06024618819355965,0.17337065935134888,0.4415856599807739,-0.06548413634300232,0.1693468689918518,0.3752234876155853,-0.0617532841861248
210,0.7492004632949829,0.8059781789779663,-1.7902161175697984e-07,0.6636409163475037,0.7858390808105469,-0.020856158807873726,0.5887491106987,0.697431206703186,-0.029292717576026917,0.5465749502182007,0.6211245059967041,-0.04179319739341736,0.5111961960792542,0.5608620047569275,-0.05279727652668953,0.6163047552108765,0.5653955936431885,-0.006698740646243095,0.5877887010574341,0.44027870893478394,-0.03160548582673073,0.5729233026504517,0.3676103949546814,-0.04271601513028145,0.5590178966522217,0.3021232485771179,-0.04863622412085533,0.6579593420028687,0.5573622584342957,-0.013480824418365955,0.6301589012145996,0.49651503562927246,-0.07456324249505997,0.6347435116767883,0.5827816724777222,-0.08986658602952957,0.6438364386558533,0.6525659561157227,-0.08105955272912979,0.6986911296844482,0.5597684383392334,-0.02410328947007656,0.6695441007614136,0.5103403329849243,-0.08090861886739731,0.6726256608963013,0.6052570939064026,-0.07599496096372604,0.6772124767303467,0.6716490387916565,-0.0520157665014267,0.7415860295295715,0.5691059231758118,-0.03644350543618202,0.7245147228240967,0.4915774166584015,-0.06865021586418152,0.7115451693534851,0.44620898365974426,-0.06900618970394135,0.6985694766044617,0.3966905474662781,-0.0588352270424366,0.2014712691307068,0.8778742551803589,-1.3698706879949896e-07,0.2875825762748718,0.8407324552536011,-0.025431403890252113,0.36184102296829224,0.7413643002510071,-0.03214891627430916,0.4073958992958069,0.6580505967140198,-0.041607312858104706,0.43628203868865967,0.5911529660224915,-0.049580398947000504,0.31369972229003906,0.6040797829627991,-0.006795994006097317,0.3380502760410309,0.4867016673088074,-0.02478218451142311,0.3513069152832031,0.4172588884830475,-0.030796268954873085,0.36211442947387695,0.35392212867736816,-0.033534739166498184,0.2696603834629059,0.5962368845939636,-0.012571515515446663,0.29453909397125244,0.5270029306411743,-0.06527603417634964,0.30662214756011963,0.6105453968048096,-0.08398648351430893,0.3090241253376007,0.6773068308830261,-0.08086368441581726,0.22372299432754517,0.6032649278640747,-0.02230699732899666,0.24844376742839813,0.5424647331237793,-0.07846257835626602,0.26438334584236145,0.6439329981803894,-0.08145421743392944,0.26678192615509033,0.7179578542709351,-0.06453023850917816,0.17723619937896729,0.6154791116714478,-0.03369581699371338,0.16731150448322296,0.5074450969696045,-0.06620270013809204,0.16507935523986816,0.43943899869918823,-0.07146359235048294,0.16094034910202026,0.36921876668930054,-0.0673937052488327
211,0.7544078230857849,0.8031895160675049,-1.9966650199876312e-07,0.6696276664733887,0.7830142974853516,-0.019594581797719002,0.5958054661750793,0.6952021718025208,-0.027627794072031975,0.5551222562789917,0.6179771423339844,-0.03981267288327217,0.5234863758087158,0.5555824637413025,-0.05079169571399689,0.6221256256103516,0.5672683715820312,-0.00601922906935215,0.5959327220916748,0.44400542974472046,-0.031469427049160004,0.5828291177749634,0.3718838095664978,-0.04388975724577904,0.5704063177108765,0.30608996748924255,-0.05105209723114967,0.6630695462226868,0.5594901442527771,-0.012958317995071411,0.633777916431427,0.49939343333244324,-0.07225802540779114,0.6395650506019592,0.5849670767784119,-0.08737100660800934,0.6497818231582642,0.6525192856788635,-0.0796448141336441,0.7022392153739929,0.5609515309333801,-0.023673756048083305,0.6734026074409485,0.5061091780662537,-0.07880004495382309,0.6766897439956665,0.5992593169212341,-0.07255539298057556,0.6811078190803528,0.6645728349685669,-0.048948079347610474,0.7435551881790161,0.5695968866348267,-0.036110877990722656,0.7280082106590271,0.4927128255367279,-0.06718273460865021,0.7174770832061768,0.44846028089523315,-0.06628711521625519,0.7061411142349243,0.3989453911781311,-0.05601165443658829,0.19912925362586975,0.8785693049430847,-1.8293260950486e-07,0.2844849228858948,0.8360207676887512,-0.020977288484573364,0.3564179837703705,0.7369775176048279,-0.02501385472714901,0.3990643322467804,0.6570297479629517,-0.0328240767121315,0.42520660161972046,0.5900728702545166,-0.0390293262898922,0.3059068024158478,0.6015893220901489,0.001318038091994822,0.32949376106262207,0.48726987838745117,-0.013425837270915508,0.3417716324329376,0.42144012451171875,-0.017476148903369904,0.35321682691574097,0.361941933631897,-0.018834197893738747,0.2628560960292816,0.5962038040161133,-0.0056536514312028885,0.2919016480445862,0.5351526141166687,-0.056851983070373535,0.30225205421447754,0.6190564036369324,-0.07615186274051666,0.3020535707473755,0.689699649810791,-0.07305910438299179,0.2188064157962799,0.6041720509529114,-0.01628730818629265,0.2460748851299286,0.5458306074142456,-0.06990710645914078,0.2614796757698059,0.6425972580909729,-0.07435853034257889,0.2633093595504761,0.7154962420463562,-0.05883003771305084,0.17533135414123535,0.6176120042800903,-0.028211912140250206,0.16305294632911682,0.5128917694091797,-0.05852430686354637,0.15953199565410614,0.44689875841140747,-0.06398811936378479,0.15470975637435913,0.3786996603012085,-0.06026260927319527
212,0.7552394866943359,0.7943150997161865,-1.2504702340265794e-07,0.668164849281311,0.7732481360435486,-0.022122308611869812,0.5962152481079102,0.6903371810913086,-0.03208429738879204,0.5559622049331665,0.6183223128318787,-0.045227810740470886,0.5264418125152588,0.5538176894187927,-0.056809112429618835,0.6254192590713501,0.5614781975746155,-0.0074382806196808815,0.5997344851493835,0.4409879446029663,-0.03215545788407326,0.5872957110404968,0.3707057535648346,-0.04407963901758194,0.5757461190223694,0.30777180194854736,-0.050632625818252563,0.6663084626197815,0.5569853186607361,-0.013121230527758598,0.6404062509536743,0.4920281767845154,-0.0725117176771164,0.6428746581077576,0.5743550062179565,-0.08821922540664673,0.6500139236450195,0.6431293487548828,-0.080222487449646,0.7055816650390625,0.5616683959960938,-0.022607898339629173,0.6766854524612427,0.504267156124115,-0.0769587978720665,0.6785688996315002,0.5940672159194946,-0.07188770920038223,0.6809783577919006,0.6563280820846558,-0.04881390929222107,0.7461273670196533,0.573412299156189,-0.03386875241994858,0.7307487726211548,0.49798017740249634,-0.06449379026889801,0.7201298475265503,0.4549559950828552,-0.06412941962480545,0.7083337903022766,0.40450042486190796,-0.05396060273051262,0.19319592416286469,0.8673089146614075,-1.6463906149510876e-07,0.27705466747283936,0.8198435306549072,-0.017993498593568802,0.34579038619995117,0.7201160788536072,-0.019801316782832146,0.38931894302368164,0.6413527727127075,-0.02625375986099243,0.4167637825012207,0.5779401659965515,-0.03124600648880005,0.2956102788448334,0.591503918170929,0.009149808436632156,0.31575527787208557,0.4808933436870575,-0.004327316768467426,0.3263615071773529,0.4170135259628296,-0.008685808628797531,0.33735400438308716,0.35973209142684937,-0.010118541307747364,0.2537761330604553,0.5886268615722656,0.0012361679691821337,0.27566754817962646,0.5273876190185547,-0.04809723049402237,0.28657957911491394,0.6041769981384277,-0.06886518746614456,0.29034945368766785,0.6702439785003662,-0.06713087856769562,0.21071524918079376,0.597301185131073,-0.01039688941091299,0.23113365471363068,0.5412735342979431,-0.0628843680024147,0.24549293518066406,0.6308249831199646,-0.06945252418518066,0.24977588653564453,0.6992039084434509,-0.05526883155107498,0.16737335920333862,0.6099364161491394,-0.02301185205578804,0.1562741994857788,0.5103695392608643,-0.051742661744356155,0.1517731249332428,0.4462217390537262,-0.05690257251262665,0.14644452929496765,0.38068094849586487,-0.0528830960392952
213,0.7305525541305542,0.7866831421852112,-9.990065308329577e-08,0.6472147107124329,0.7626863718032837,-0.020945029333233833,0.5780783891677856,0.6772661805152893,-0.02884392812848091,0.5422700643539429,0.6053653359413147,-0.03917716071009636,0.509747326374054,0.5458415746688843,-0.047820623964071274,0.6104537844657898,0.556022047996521,-0.008984227664768696,0.581821084022522,0.4361603558063507,-0.028887461870908737,0.5671529769897461,0.3688012361526489,-0.035882774740457535,0.5558798909187317,0.30813318490982056,-0.03882052004337311,0.6495525240898132,0.551902174949646,-0.012581085786223412,0.6214615702629089,0.493654727935791,-0.06270727515220642,0.6198986768722534,0.5761439204216003,-0.0724186971783638,0.6296836733818054,0.6389482021331787,-0.06264472007751465,0.6855415105819702,0.5568034052848816,-0.019674453884363174,0.655037522315979,0.5011000633239746,-0.06822002679109573,0.6519509553909302,0.5909467339515686,-0.06106763333082199,0.6564660668373108,0.6504663825035095,-0.03820924088358879,0.7220349907875061,0.5677734613418579,-0.028264310210943222,0.7065374255180359,0.489871084690094,-0.05671931803226471,0.6941208243370056,0.44804805517196655,-0.056268591433763504,0.684562087059021,0.39822977781295776,-0.046426091343164444,0.17882588505744934,0.8530839681625366,-1.3379262497892341e-07,0.2602362632751465,0.8065609931945801,-0.017440909519791603,0.3286651074886322,0.7081639766693115,-0.01982039026916027,0.37270408868789673,0.6320040225982666,-0.026750730350613594,0.3963589668273926,0.5743827819824219,-0.03289597108960152,0.2758161723613739,0.5795672535896301,0.0035772097762674093,0.29528939723968506,0.46997082233428955,-0.012348880991339684,0.3074500560760498,0.4068399667739868,-0.01878892444074154,0.3183288276195526,0.35032063722610474,-0.021436315029859543,0.23337112367153168,0.5786982774734497,-0.005011547822505236,0.2539989948272705,0.5127387642860413,-0.055412810295820236,0.2668415606021881,0.5846993327140808,-0.07667205482721329,0.27021127939224243,0.6446904540061951,-0.07573755830526352,0.190138578414917,0.5889739990234375,-0.01693016290664673,0.2093864381313324,0.5299475193023682,-0.07045160233974457,0.22590570151805878,0.6193397641181946,-0.07719923555850983,0.230950266122818,0.6870449781417847,-0.06325866281986237,0.1470498889684677,0.6041562557220459,-0.029819415882229805,0.13647520542144775,0.5045633316040039,-0.05936698988080025,0.1311175674200058,0.4423218071460724,-0.06477146595716476,0.12417995929718018,0.37945643067359924,-0.06115170568227768
214,0.7317036986351013,0.7866933345794678,-1.818032728806429e-07,0.6475734114646912,0.7581785321235657,-0.021820977330207825,0.5787649750709534,0.677557110786438,-0.03131181001663208,0.540290117263794,0.6088519096374512,-0.04352571442723274,0.5092512369155884,0.5469790697097778,-0.05421777069568634,0.6112698316574097,0.553614616394043,-0.00991998240351677,0.5862240195274353,0.4369012713432312,-0.03182148188352585,0.5715380311012268,0.37090200185775757,-0.04061269387602806,0.5586607456207275,0.31207501888275146,-0.04466995596885681,0.6526165008544922,0.5510752201080322,-0.014814543537795544,0.6245439648628235,0.5006982684135437,-0.06761088222265244,0.6217300891876221,0.5808578729629517,-0.08048069477081299,0.6278150677680969,0.6438440084457397,-0.07256481796503067,0.6907088756561279,0.5574257969856262,-0.02333144098520279,0.6625261902809143,0.5143115520477295,-0.07536519318819046,0.6589385867118835,0.5980508923530579,-0.07204301655292511,0.6604509353637695,0.6551315188407898,-0.05108846724033356,0.728800892829895,0.5681393146514893,-0.033155836164951324,0.7080463171005249,0.4916887879371643,-0.06264276802539825,0.6931643486022949,0.4485093355178833,-0.06238263472914696,0.6809006929397583,0.40074604749679565,-0.052559711039066315,0.17922937870025635,0.8507599830627441,-1.2182226782897487e-07,0.26080673933029175,0.8023861050605774,-0.019255828112363815,0.32839301228523254,0.7051084041595459,-0.022512847557663918,0.3676379919052124,0.6268444061279297,-0.02957618236541748,0.3923472762107849,0.567223310470581,-0.03571438044309616,0.27486759424209595,0.576636552810669,0.0022127169650048018,0.2921518385410309,0.4658791422843933,-0.013361790217459202,0.305666983127594,0.40209344029426575,-0.02012498863041401,0.3189258575439453,0.3452286720275879,-0.02280919812619686,0.23330560326576233,0.5760982632637024,-0.004637488164007664,0.25189408659935,0.5124613642692566,-0.05290311947464943,0.262985497713089,0.5833699107170105,-0.07352141290903091,0.2658205032348633,0.6456300020217896,-0.07228682190179825,0.19043226540088654,0.5872644782066345,-0.014758219011127949,0.20548176765441895,0.5302987098693848,-0.06514368206262589,0.22122670710086823,0.6148470640182495,-0.07172953337430954,0.226849764585495,0.6802555918693542,-0.05835042521357536,0.14711959660053253,0.6025652885437012,-0.025969725102186203,0.13516660034656525,0.5049607157707214,-0.0531734898686409,0.12817677855491638,0.4434867799282074,-0.05757472664117813,0.11909902840852737,0.38190752267837524,-0.053245704621076584
215,0.6939865946769714,0.7746703624725342,-1.071560120635695e-07,0.6120964884757996,0.7480869293212891,-0.01457827165722847,0.5483935475349426,0.6679112911224365,-0.02217189408838749,0.5115096569061279,0.601828396320343,-0.03397632762789726,0.47692781686782837,0.5529266595840454,-0.044645749032497406,0.5805004239082336,0.5516477823257446,-0.005271062254905701,0.54994797706604,0.4375974237918854,-0.027338974177837372,0.5329433083534241,0.37394142150878906,-0.03697293624281883,0.5194021463394165,0.31488844752311707,-0.041068706661462784,0.6176359057426453,0.5459321141242981,-0.01293860375881195,0.5851409435272217,0.49301373958587646,-0.0648551732301712,0.579962968826294,0.5695321559906006,-0.07816806435585022,0.5855708122253418,0.6279411315917969,-0.07071448862552643,0.6515053510665894,0.5495738983154297,-0.023304801434278488,0.6148017644882202,0.5128345489501953,-0.07134716957807541,0.6097486019134521,0.5971937775611877,-0.06540635228157043,0.6133365035057068,0.6539071202278137,-0.04337984323501587,0.6842635869979858,0.5590698719024658,-0.03479502350091934,0.664146900177002,0.4842889904975891,-0.05977533012628555,0.6490049958229065,0.44359317421913147,-0.056188181042671204,0.6366443037986755,0.3996078372001648,-0.04446643963456154,0.15716978907585144,0.8406754732131958,-1.5374263284684275e-07,0.2408200055360794,0.7926658391952515,-0.01727442257106304,0.3076569437980652,0.6943598985671997,-0.01759825088083744,0.3501226007938385,0.6166049242019653,-0.02204071171581745,0.37314099073410034,0.5604175925254822,-0.025679174810647964,0.25707346200942993,0.5732579231262207,0.00741621432825923,0.2723304033279419,0.46637898683547974,-0.006311125122010708,0.28079161047935486,0.4034655690193176,-0.013229409232735634,0.287683367729187,0.34488677978515625,-0.01698751002550125,0.21265417337417603,0.5696611404418945,0.0005862825200892985,0.22961941361427307,0.502953052520752,-0.04601925611495972,0.23964713513851166,0.5728728771209717,-0.06714117527008057,0.24057193100452423,0.6301665902137756,-0.06701695173978806,0.16747736930847168,0.5780057907104492,-0.009391496889293194,0.18318645656108856,0.515608012676239,-0.05879828333854675,0.1963786780834198,0.6035163998603821,-0.06446819752454758,0.1990099847316742,0.6703939437866211,-0.050859637558460236,0.12226784974336624,0.591465175151825,-0.0205340888351202,0.10973930358886719,0.4979015588760376,-0.047662317752838135,0.10577568411827087,0.43922489881515503,-0.05245572701096535,0.10121189057826996,0.378518283367157,-0.04876350611448288
216,0.6724451184272766,0.776921808719635,-2.2299907698197785e-07,0.5936835408210754,0.7571554780006409,-0.017839739099144936,0.527174711227417,0.671708881855011,-0.02580961026251316,0.49188292026519775,0.6036015748977661,-0.03707604110240936,0.45583534240722656,0.5524194240570068,-0.047188594937324524,0.5582693219184875,0.548590898513794,-0.008105741813778877,0.5276790857315063,0.435708224773407,-0.028926899656653404,0.5088683366775513,0.37463051080703735,-0.037925492972135544,0.4909946918487549,0.3208509385585785,-0.042452141642570496,0.5939466953277588,0.5440207719802856,-0.014196467585861683,0.5590880513191223,0.5030034780502319,-0.06535599380731583,0.5579962134361267,0.5851386785507202,-0.07794705033302307,0.563123881816864,0.6456813216209412,-0.07072378695011139,0.6277409195899963,0.549799919128418,-0.02319672517478466,0.5886629223823547,0.5130186676979065,-0.07128829509019852,0.5868613123893738,0.6001192927360535,-0.06489710509777069,0.5884555578231812,0.6582624316215515,-0.04328802600502968,0.6618287563323975,0.561043381690979,-0.033588770776987076,0.6380350589752197,0.4885868728160858,-0.06119005009531975,0.6221737861633301,0.4477958679199219,-0.0594288632273674,0.607233464717865,0.4013862609863281,-0.049066439270973206,0.1479693055152893,0.8276422619819641,-7.288352321666025e-08,0.23020343482494354,0.7835390567779541,-0.022136492654681206,0.29755157232284546,0.6903316378593445,-0.023722192272543907,0.3353002369403839,0.6080749034881592,-0.028186572715640068,0.3558098375797272,0.5454315543174744,-0.03132278844714165,0.24681273102760315,0.5696617364883423,0.007818329147994518,0.26402735710144043,0.46125051379203796,-0.0061882734298706055,0.269922137260437,0.39733877778053284,-0.013202628120779991,0.2762761414051056,0.3385850489139557,-0.017156120389699936,0.20307989418506622,0.5657658576965332,0.0029061997774988413,0.21874167025089264,0.4844183921813965,-0.04753268137574196,0.22797448933124542,0.5523495078086853,-0.07156053930521011,0.23147280514240265,0.6168559193611145,-0.07190101593732834,0.1576610505580902,0.5733250379562378,-0.005728844553232193,0.1712016463279724,0.5067166686058044,-0.05687897279858589,0.18666206300258636,0.5884411931037903,-0.06608670949935913,0.19355201721191406,0.6543036699295044,-0.05430568754673004,0.11120222508907318,0.584895133972168,-0.015902992337942123,0.10129258036613464,0.49285590648651123,-0.04390440881252289,0.09606807678937912,0.43255162239074707,-0.05135161057114601,0.08913396298885345,0.37140506505966187,-0.04957779124379158
217,0.6782485246658325,0.7776344418525696,-2.4949264343376854e-07,0.5967850685119629,0.7550309896469116,-0.02035616897046566,0.5284432172775269,0.6760841608047485,-0.028965814039111137,0.4905765652656555,0.6041283011436462,-0.04011717438697815,0.4598592519760132,0.5454270839691162,-0.049588534981012344,0.5603190064430237,0.5608778595924377,-0.008797401562333107,0.5322407484054565,0.44526445865631104,-0.02934783510863781,0.5152917504310608,0.38237881660461426,-0.0365750715136528,0.4994826018810272,0.32808375358581543,-0.03940626606345177,0.5980589389801025,0.5527606010437012,-0.012649881653487682,0.5645477175712585,0.5031243562698364,-0.06267450749874115,0.5644124746322632,0.5822910070419312,-0.07305190712213516,0.5722922086715698,0.6449902057647705,-0.06396181881427765,0.6321357488632202,0.552286684513092,-0.0199020616710186,0.5972567796707153,0.5086480379104614,-0.06865344941616058,0.5967867970466614,0.5927218198776245,-0.06291502714157104,0.601287841796875,0.6517882347106934,-0.04106832295656204,0.6658883690834045,0.5572166442871094,-0.02845146134495735,0.6415649652481079,0.4881492257118225,-0.05522841215133667,0.6242773532867432,0.449938029050827,-0.05366897210478783,0.6080310940742493,0.4067131280899048,-0.04346853867173195,0.1661146581172943,0.818870484828949,-1.2690036044205044e-07,0.24390801787376404,0.7776521444320679,-0.019565772265195847,0.30824434757232666,0.6849215626716614,-0.021540019661188126,0.348915696144104,0.6081984639167786,-0.02634664997458458,0.369178831577301,0.5505720973014832,-0.030409811064600945,0.25721099972724915,0.5622134208679199,0.0020292059052735567,0.2713574171066284,0.45658713579177856,-0.0105027100071311,0.278363972902298,0.39458733797073364,-0.016141511499881744,0.2853116989135742,0.338344007730484,-0.019137101247906685,0.21450631320476532,0.5594115853309631,-0.0029415155295282602,0.22932256758213043,0.4883485436439514,-0.04791799932718277,0.23785701394081116,0.5577049255371094,-0.06809894740581512,0.23781275749206543,0.6195755004882812,-0.06755644828081131,0.17073073983192444,0.5685433745384216,-0.010697790421545506,0.18349790573120117,0.5005803108215332,-0.05764363706111908,0.19870850443840027,0.5830128788948059,-0.06398653984069824,0.20389768481254578,0.648851752281189,-0.05199084058403969,0.12738049030303955,0.5821192860603333,-0.019624818116426468,0.11285260319709778,0.48860621452331543,-0.04615061730146408,0.10800130665302277,0.42998290061950684,-0.052395276725292206,0.10287956148386002,0.36969462037086487,-0.05025589466094971
218,0.7015125155448914,0.7694874405860901,-2.492897408501449e-07,0.623975396156311,0.7461735010147095,-0.018756266683340073,0.5578433275222778,0.6679695844650269,-0.02698051556944847,0.5203139185905457,0.6004123687744141,-0.03825003281235695,0.4861149191856384,0.5497874617576599,-0.048497676849365234,0.5881795287132263,0.5530240535736084,-0.011229046620428562,0.5586023330688477,0.43648964166641235,-0.033198580145835876,0.5412049293518066,0.3702039122581482,-0.04143204912543297,0.5251286625862122,0.31374356150627136,-0.04470093175768852,0.6259836554527283,0.5439043641090393,-0.01610950566828251,0.5905753970146179,0.503051221370697,-0.0672554075717926,0.5912629961967468,0.5823010802268982,-0.07737820595502853,0.6008268594741821,0.6440584063529968,-0.06800370663404465,0.6587750911712646,0.5450829267501831,-0.02405632846057415,0.6206596493721008,0.5059789419174194,-0.0737188532948494,0.6241631507873535,0.5919286012649536,-0.06616083532571793,0.6335455179214478,0.6503371596336365,-0.04275880381464958,0.6898043155670166,0.5526854991912842,-0.03332791104912758,0.672005295753479,0.48151594400405884,-0.06080528348684311,0.6565226912498474,0.4420818090438843,-0.058618973940610886,0.641353189945221,0.39612308144569397,-0.047696612775325775,0.18559439480304718,0.8222200870513916,-1.4588779606583557e-07,0.2643919289112091,0.7876348495483398,-0.02007046341896057,0.33105146884918213,0.6930608153343201,-0.022127384319901466,0.36936843395233154,0.6162922382354736,-0.026753336191177368,0.38736453652381897,0.5555550456047058,-0.03011683188378811,0.2803017199039459,0.5721674561500549,-0.0009854398667812347,0.29940804839134216,0.4692609906196594,-0.014800095930695534,0.308806449174881,0.4058210253715515,-0.02095767855644226,0.3171634078025818,0.3484140634536743,-0.024172089993953705,0.23889119923114777,0.5673709511756897,-0.00586183276027441,0.25759992003440857,0.5021717548370361,-0.050774164497852325,0.26832759380340576,0.5718454718589783,-0.06945209205150604,0.27208173274993896,0.6310124397277832,-0.0680723488330841,0.19599050283432007,0.573796272277832,-0.013621702790260315,0.21209928393363953,0.5111165046691895,-0.05901613458991051,0.22775579988956451,0.5942105650901794,-0.06250645220279694,0.23378902673721313,0.6577745676040649,-0.04906194284558296,0.1535818874835968,0.5857518315315247,-0.02294093556702137,0.141507089138031,0.49229615926742554,-0.04797554388642311,0.13835594058036804,0.4331255853176117,-0.0520484484732151,0.13590335845947266,0.3718547224998474,-0.04851777106523514
219,0.7314427495002747,0.7607676982879639,-2.5352920829391223e-07,0.6528193950653076,0.7361431121826172,-0.02077152207493782,0.5893574357032776,0.6604456901550293,-0.02963537722826004,0.5513418316841125,0.5936088562011719,-0.04129320755600929,0.5171414017677307,0.5404262542724609,-0.051775552332401276,0.6157664656639099,0.547146737575531,-0.010819565504789352,0.5900965929031372,0.4340320825576782,-0.032718125730752945,0.5737865567207336,0.3686855435371399,-0.040725305676460266,0.5596790909767151,0.3110285997390747,-0.04386923462152481,0.65499347448349,0.5391361117362976,-0.01516017410904169,0.6258944272994995,0.5005015134811401,-0.06674350053071976,0.6299519538879395,0.578584611415863,-0.07815363258123398,0.6419212818145752,0.6392377018928528,-0.06941720098257065,0.6901328563690186,0.5411120057106018,-0.022785749286413193,0.6614939570426941,0.5083761215209961,-0.07395627349615097,0.6645931601524353,0.592541515827179,-0.06912418454885483,0.6718422770500183,0.6480618715286255,-0.04723600670695305,0.7236284017562866,0.5489395260810852,-0.03167340159416199,0.7074151039123535,0.4824184477329254,-0.059656694531440735,0.695249617099762,0.4430513381958008,-0.058330439031124115,0.6838648915290833,0.39699870347976685,-0.04794509336352348,0.18012255430221558,0.8068147301673889,-1.2487102196701017e-07,0.2564324736595154,0.7650790810585022,-0.02136349119246006,0.32219982147216797,0.6786435842514038,-0.0244557224214077,0.3598560690879822,0.6062960624694824,-0.029816072434186935,0.3783477544784546,0.5488139390945435,-0.03423403948545456,0.27270418405532837,0.5580248832702637,-0.0012311573373153806,0.28996899724006653,0.45912933349609375,-0.015723319724202156,0.30044710636138916,0.401406466960907,-0.02154489979147911,0.3113820254802704,0.3495123088359833,-0.02372840978205204,0.23183931410312653,0.5567739009857178,-0.005311999935656786,0.2473750114440918,0.4977433979511261,-0.05147302523255348,0.25495609641075134,0.5715157985687256,-0.06994684040546417,0.2575199604034424,0.6332980394363403,-0.06772792339324951,0.1898682415485382,0.5671786665916443,-0.012668123468756676,0.201700359582901,0.5168344378471375,-0.06116563826799393,0.2148679494857788,0.5967726111412048,-0.06718092411756516,0.22135180234909058,0.6563084721565247,-0.05408675596117973,0.1475374549627304,0.5808041095733643,-0.021220717579126358,0.13793060183525085,0.49045461416244507,-0.048127684742212296,0.1326104700565338,0.43389612436294556,-0.053007740527391434,0.12671233713626862,0.37602901458740234,-0.04925975948572159
220,0.7598287463188171,0.7504322528839111,-2.464107637933921e-07,0.6823492646217346,0.7245678901672363,-0.015771767124533653,0.6190978288650513,0.6451468467712402,-0.02216191031038761,0.581814706325531,0.5813401341438293,-0.032639410346746445,0.5521444082260132,0.5267685651779175,-0.04221729561686516,0.6519767045974731,0.5269932150840759,-0.0017210901714861393,0.628815233707428,0.4220346212387085,-0.022184114903211594,0.6156303882598877,0.36002761125564575,-0.031032167375087738,0.6056509613990784,0.3057357966899872,-0.03505993261933327,0.6928144693374634,0.5232402086257935,-0.008544550277292728,0.6674454212188721,0.4834393262863159,-0.058619581162929535,0.6694871187210083,0.55568528175354,-0.07293502986431122,0.6791629195213318,0.614658534526825,-0.0663708969950676,0.7315380573272705,0.5293744206428528,-0.01826547645032406,0.7078218460083008,0.4999282956123352,-0.06762397289276123,0.7069550156593323,0.5785694122314453,-0.06429058313369751,0.7099204659461975,0.633134126663208,-0.043701983988285065,0.7685718536376953,0.5413103699684143,-0.028822636231780052,0.7532256841659546,0.473829448223114,-0.05607156455516815,0.7432599067687988,0.4340583086013794,-0.05421604588627815,0.7348438501358032,0.389980673789978,-0.04318718612194061,0.16337014734745026,0.7803463935852051,-1.3240604346265172e-07,0.23734097182750702,0.7426358461380005,-0.01624402217566967,0.2993457019329071,0.6619678139686584,-0.01825729012489319,0.33918461203575134,0.5929617881774902,-0.02340254746377468,0.3582431972026825,0.5389783382415771,-0.02789894863963127,0.2563539445400238,0.5484867095947266,0.0011174705578014255,0.27017903327941895,0.447348415851593,-0.011911937966942787,0.2762553095817566,0.3899775743484497,-0.01810329593718052,0.2819027602672577,0.33651450276374817,-0.021699441596865654,0.21579445898532867,0.5439422130584717,-0.004363277927041054,0.2289559692144394,0.4805307984352112,-0.04700976982712746,0.23760952055454254,0.5470005869865417,-0.06604726612567902,0.23883336782455444,0.6026307940483093,-0.06674998253583908,0.17385277152061462,0.548949658870697,-0.012178244069218636,0.18520903587341309,0.485484778881073,-0.055030371993780136,0.19908730685710907,0.5611885786056519,-0.05981103703379631,0.20405596494674683,0.6216145157814026,-0.04907737672328949,0.1317814290523529,0.5583633780479431,-0.021116772666573524,0.11935712397098541,0.4732521176338196,-0.04512406885623932,0.11453095078468323,0.41986018419265747,-0.05022415518760681,0.10880893468856812,0.36534789204597473,-0.04829493165016174
221,0.7776063084602356,0.7535967230796814,-2.5727067054504005e-07,0.7030531764030457,0.7342022061347961,-0.025466402992606163,0.6376340985298157,0.6507778167724609,-0.0335627906024456,0.6014166474342346,0.581541895866394,-0.04293140396475792,0.5761616230010986,0.5232178568840027,-0.05098997801542282,0.6691454648971558,0.526773989200592,-0.009683452546596527,0.6533715724945068,0.4210963845252991,-0.02998785674571991,0.6438474655151367,0.357917845249176,-0.03814874216914177,0.6350088715553284,0.3040129542350769,-0.04214388504624367,0.7110894918441772,0.523768961429596,-0.011310421861708164,0.6920979022979736,0.47155535221099854,-0.0643828958272934,0.6961700320243835,0.5533497333526611,-0.07793297618627548,0.702244222164154,0.621678352355957,-0.06957880407571793,0.7511576414108276,0.5297315716743469,-0.016721388325095177,0.7295715808868408,0.4855573773384094,-0.06919869780540466,0.7304897904396057,0.5685067772865295,-0.0668487474322319,0.7306259870529175,0.6252576112747192,-0.04605436325073242,0.7909609079360962,0.5405673384666443,-0.023478196933865547,0.7791323065757751,0.47018617391586304,-0.0540904700756073,0.7703654170036316,0.43005073070526123,-0.055409520864486694,0.7592456340789795,0.38276177644729614,-0.04662604629993439,0.16091762483119965,0.7716376185417175,-5.8077940678913365e-08,0.23355801403522491,0.7333328723907471,-0.023108555004000664,0.29588979482650757,0.6538875699043274,-0.028377581387758255,0.33409813046455383,0.5822919607162476,-0.03536509349942207,0.353132963180542,0.52506023645401,-0.04108991101384163,0.24998825788497925,0.5405734777450562,-0.0026823319494724274,0.2668393552303314,0.44244879484176636,-0.018360041081905365,0.27363863587379456,0.38425081968307495,-0.026536649093031883,0.2807966470718384,0.3315981924533844,-0.030960215255618095,0.21105456352233887,0.536453902721405,-0.006226726807653904,0.22306528687477112,0.46559974551200867,-0.05255090445280075,0.23180519044399261,0.5276678204536438,-0.07372023165225983,0.23551440238952637,0.5872384309768677,-0.07436315715312958,0.17004282772541046,0.5423606634140015,-0.012987546622753143,0.17988274991512299,0.4838259518146515,-0.05866134539246559,0.19297119975090027,0.5558202862739563,-0.06571443378925323,0.19896963238716125,0.6156570911407471,-0.055146344006061554,0.12808144092559814,0.5515042543411255,-0.021467017009854317,0.11615942418575287,0.4652397632598877,-0.04622367396950722,0.10965517163276672,0.4089769124984741,-0.05181953310966492,0.10194110125303268,0.3537140190601349,-0.04975954443216324
222,0.7654656767845154,0.760343074798584,-1.721338662719063e-07,0.6881199479103088,0.7345860600471497,-0.021834900602698326,0.6262628436088562,0.6531974673271179,-0.029830802232027054,0.5901364684104919,0.5880423188209534,-0.04004998505115509,0.5611009001731873,0.5316275954246521,-0.04902727156877518,0.6599715352058411,0.5346835255622864,-0.008473441936075687,0.6390398144721985,0.42799606919288635,-0.027009138837456703,0.6290249228477478,0.36553195118904114,-0.03430486097931862,0.620072066783905,0.31111404299736023,-0.03744818642735481,0.6983886361122131,0.532866358757019,-0.010595676489174366,0.6749369502067566,0.4966668486595154,-0.05743812769651413,0.6738917231559753,0.5694565176963806,-0.06920760124921799,0.6780897378921509,0.6292240619659424,-0.06222158670425415,0.734326183795929,0.5385009050369263,-0.016048692166805267,0.7091232538223267,0.5034398436546326,-0.06334282457828522,0.7080392241477966,0.581833004951477,-0.06058454141020775,0.7091276049613953,0.6355963945388794,-0.04156455025076866,0.7710819840431213,0.5491467714309692,-0.02268444001674652,0.7607144713401794,0.4797476828098297,-0.04928762838244438,0.7529208660125732,0.43975234031677246,-0.049344662576913834,0.7445560097694397,0.3939087986946106,-0.04046447202563286,0.18518608808517456,0.7838789224624634,-1.430771447985535e-07,0.2588394582271576,0.7462916970252991,-0.016370058059692383,0.3186265528202057,0.6643344759941101,-0.019949574023485184,0.3557736873626709,0.5993912816047668,-0.026386532932519913,0.37668073177337646,0.5474709272384644,-0.032448381185531616,0.2687205672264099,0.5457736849784851,-0.003456620266661048,0.2820994257926941,0.4521808624267578,-0.019703708589076996,0.2915498614311218,0.3941918909549713,-0.028193103149533272,0.30056074261665344,0.3426300585269928,-0.03273405879735947,0.22965458035469055,0.5444515943527222,-0.01027594693005085,0.24188232421875,0.48508718609809875,-0.05390678346157074,0.25576967000961304,0.5515834093093872,-0.07254642248153687,0.2617405951023102,0.60887211561203,-0.07254438102245331,0.18904650211334229,0.5549994707107544,-0.01957869902253151,0.19866950809955597,0.500855565071106,-0.06399532407522202,0.21755532920360565,0.5771369338035583,-0.06874594837427139,0.2261965274810791,0.6361215710639954,-0.057363998144865036,0.14980703592300415,0.5712178349494934,-0.029914960265159607,0.13561508059501648,0.4831237196922302,-0.055101100355386734,0.13260748982429504,0.42751574516296387,-0.05981634184718132,0.1285424381494522,0.370042085647583,-0.0573275163769722
223,0.7410542964935303,0.7680593132972717,-1.3461306025419617e-07,0.6669959425926208,0.7411667704582214,-0.017617257311940193,0.6069534420967102,0.6595814228057861,-0.025181658565998077,0.5727699398994446,0.5954079031944275,-0.03592051565647125,0.5432133674621582,0.5402498245239258,-0.04532698541879654,0.6356790661811829,0.5448920726776123,-0.0064043328166007996,0.6139813661575317,0.4384332001209259,-0.024233292788267136,0.6013321876525879,0.37902510166168213,-0.03056538850069046,0.5914520025253296,0.3246792256832123,-0.033275261521339417,0.6724444031715393,0.5423798561096191,-0.011268925853073597,0.6487675309181213,0.5014306306838989,-0.05727658420801163,0.6472578048706055,0.5717553496360779,-0.06912195682525635,0.6523412466049194,0.6254684925079346,-0.06255754828453064,0.7068348526954651,0.5501539707183838,-0.018847191706299782,0.6783543825149536,0.516765832901001,-0.06489715725183487,0.6746066808700562,0.5986347794532776,-0.06057911366224289,0.6755924820899963,0.6530290842056274,-0.041021138429641724,0.7408210039138794,0.5636978149414062,-0.027402790263295174,0.7264072895050049,0.4944993257522583,-0.053204089403152466,0.7163604497909546,0.4560598134994507,-0.051690950989723206,0.7077165842056274,0.41203150153160095,-0.042000412940979004,0.2192154824733734,0.8003331422805786,-2.1420099471924914e-07,0.2886328399181366,0.7610905766487122,-0.009919971227645874,0.3446200489997864,0.6740046739578247,-0.010703667998313904,0.37924569845199585,0.6114974021911621,-0.016396021470427513,0.40039438009262085,0.5589802265167236,-0.021375365555286407,0.29126468300819397,0.565099835395813,0.004365308675915003,0.309133917093277,0.46833616495132446,-0.00826216209679842,0.32125890254974365,0.4139605760574341,-0.0118733961135149,0.3332557678222656,0.36491483449935913,-0.012896694242954254,0.2575596570968628,0.5688177347183228,-0.00612917123362422,0.28503236174583435,0.5188292264938354,-0.04975966364145279,0.30069541931152344,0.5872243046760559,-0.06646744161844254,0.30604758858680725,0.6439461708068848,-0.06405352056026459,0.22314466536045074,0.5799757242202759,-0.019099164754152298,0.24807602167129517,0.5352135300636292,-0.06629446893930435,0.2706569731235504,0.6163276433944702,-0.0717989057302475,0.27933618426322937,0.6755463480949402,-0.05930683761835098,0.18957509100437164,0.5927596688270569,-0.03229561448097229,0.17891305685043335,0.5036352872848511,-0.059346891939640045,0.17460718750953674,0.44573232531547546,-0.06497795134782791,0.16989564895629883,0.38564348220825195,-0.06262199580669403
224,0.737143874168396,0.754031777381897,-2.59700755123049e-07,0.6617051362991333,0.7101274728775024,-0.012217438779771328,0.607643723487854,0.6335923075675964,-0.02128789573907852,0.5743913054466248,0.5736923217773438,-0.03434886783361435,0.5446159243583679,0.5199413895606995,-0.0467071458697319,0.6438614726066589,0.5166525840759277,-0.007961273193359375,0.6142082810401917,0.42454293370246887,-0.029275087639689445,0.5964025259017944,0.3715166449546814,-0.03938490152359009,0.5804132223129272,0.32141029834747314,-0.04576495289802551,0.6816351413726807,0.5179321765899658,-0.01706143654882908,0.6290448904037476,0.49509263038635254,-0.06318163871765137,0.6187454462051392,0.5784093737602234,-0.07315865159034729,0.6208536624908447,0.6383364796638489,-0.06762101501226425,0.71236252784729,0.537131667137146,-0.029160592705011368,0.6581868529319763,0.517292320728302,-0.07572363317012787,0.648240327835083,0.5966710448265076,-0.07036945968866348,0.6492676138877869,0.6529260277748108,-0.051941752433776855,0.73617023229599,0.5661673545837402,-0.04212211072444916,0.7052198052406311,0.5108587145805359,-0.07192159444093704,0.6850060224533081,0.47911691665649414,-0.07374417036771774,0.6692966818809509,0.4454096555709839,-0.06717800348997116,0.23138673603534698,0.8069584965705872,-1.7536083873892494e-07,0.2970769703388214,0.7497931718826294,-0.002430565422400832,0.34033316373825073,0.6614442467689514,-0.0057629914954304695,0.36637499928474426,0.5955962538719177,-0.015983328223228455,0.38455280661582947,0.5338131785392761,-0.025598600506782532,0.2874588370323181,0.5508215427398682,0.0055814762599766254,0.31075793504714966,0.46210306882858276,-0.011939235031604767,0.33291947841644287,0.41498661041259766,-0.019415272399783134,0.3536023497581482,0.37373846769332886,-0.022594835609197617,0.2597202658653259,0.5566868782043457,-0.00986332818865776,0.31996387243270874,0.5338149666786194,-0.05645537003874779,0.34487640857696533,0.6093617081642151,-0.07510342448949814,0.3506211042404175,0.6694860458374023,-0.07530995458364487,0.23670609295368195,0.5777757167816162,-0.027290519326925278,0.29388442635536194,0.5548156499862671,-0.07540173828601837,0.3271019160747528,0.6268665790557861,-0.08169318735599518,0.34118467569351196,0.6811321973800659,-0.07131040841341019,0.2176188826560974,0.6084918975830078,-0.044368255883455276,0.22867566347122192,0.5294429063796997,-0.07258531451225281,0.23181064426898956,0.47374820709228516,-0.07803910225629807,0.2321540117263794,0.42199915647506714,-0.07589569687843323
225,0.7662913203239441,0.7238509654998779,-4.598851148784888e-07,0.6819722652435303,0.6550021171569824,0.012104419991374016,0.64052414894104,0.5792791247367859,0.00808153860270977,0.6119630336761475,0.5196444988250732,-0.0034243653062731028,0.5786736607551575,0.47731176018714905,-0.016027333214879036,0.6975204944610596,0.46855705976486206,-0.0007572713657282293,0.6530879735946655,0.39340925216674805,-0.019428962841629982,0.6293498873710632,0.34743207693099976,-0.028477489948272705,0.6065660715103149,0.3031415343284607,-0.03601227328181267,0.7283179759979248,0.4757983386516571,-0.0213382039219141,0.6335725784301758,0.480756014585495,-0.059174444526433945,0.61733478307724,0.5649904012680054,-0.06607314199209213,0.6179918646812439,0.6233269572257996,-0.06450530886650085,0.7441539764404297,0.5094892978668213,-0.0426967591047287,0.6523058414459229,0.5158563852310181,-0.08195789903402328,0.6336302161216736,0.5900896787643433,-0.0778731107711792,0.6322869658470154,0.6430317759513855,-0.06685865670442581,0.746833860874176,0.555234968662262,-0.06289679557085037,0.7022241353988647,0.5132148861885071,-0.09506449103355408,0.674136221408844,0.4852377474308014,-0.10468693822622299,0.6516416668891907,0.45867979526519775,-0.10770703852176666,0.21006783843040466,0.7840110659599304,-1.8459282102867292e-07,0.28055864572525024,0.6952989101409912,0.027996201068162918,0.3083382248878479,0.6125532984733582,0.031982142478227615,0.3237510323524475,0.5512287020683289,0.023942872881889343,0.32732492685317993,0.5002973079681396,0.014573915861546993,0.23542720079421997,0.5237405896186829,0.018221598118543625,0.2840307652950287,0.44834351539611816,0.0038407521788030863,0.30951282382011414,0.4014575481414795,-0.00279096863232553,0.3321801424026489,0.35955411195755005,-0.007548089139163494,0.21367207169532776,0.5305084586143494,-0.01193105336278677,0.3084619343280792,0.5205332040786743,-0.050485290586948395,0.33748000860214233,0.588724672794342,-0.06244337186217308,0.3479132354259491,0.6374853253364563,-0.061718761920928955,0.20540285110473633,0.5572082996368408,-0.041463397443294525,0.3012842535972595,0.5489600896835327,-0.0821373462677002,0.33439403772354126,0.615619421005249,-0.08362430334091187,0.3457602858543396,0.6592879891395569,-0.07375496625900269,0.2090812623500824,0.5916131734848022,-0.0684635192155838,0.23705211281776428,0.5208511352539062,-0.09486253559589386,0.2521813213825226,0.4751298129558563,-0.09972220659255981,0.2670711278915405,0.4329681992530823,-0.09852861613035202
226,0.7639551758766174,0.7240620851516724,-5.054876055510249e-07,0.6773380637168884,0.6521468162536621,0.010407602414488792,0.6371275186538696,0.5730404257774353,0.004487080033868551,0.6128665804862976,0.5122039318084717,-0.009285787120461464,0.5876561999320984,0.4633157253265381,-0.023664293810725212,0.693619430065155,0.47245919704437256,-0.0067740436643362045,0.6472516655921936,0.3951682448387146,-0.02725100703537464,0.6212344169616699,0.3489535450935364,-0.03960082307457924,0.5991024971008301,0.3017028570175171,-0.05018845200538635,0.7216389179229736,0.4800538420677185,-0.027796044945716858,0.6240882873535156,0.49680009484291077,-0.06487002968788147,0.6016569137573242,0.5775536298751831,-0.07211162149906158,0.6025232076644897,0.629608690738678,-0.07320322096347809,0.7341857552528381,0.516207218170166,-0.04966986924409866,0.6387661099433899,0.534266471862793,-0.08675795793533325,0.6209434866905212,0.6065349578857422,-0.08120191842317581,0.6269630789756775,0.6575911045074463,-0.07101673632860184,0.7357748746871948,0.5617929100990295,-0.07118061929941177,0.6875007748603821,0.5161686539649963,-0.101500503718853,0.6535027027130127,0.4848284423351288,-0.10893464833498001,0.6292063593864441,0.46126702427864075,-0.11111721396446228,0.21548768877983093,0.7760626673698425,-3.3621859074628446e-07,0.28311723470687866,0.6806303262710571,0.0338730625808239,0.3046466112136841,0.5933932065963745,0.04026343673467636,0.32263123989105225,0.5297062993049622,0.034984223544597626,0.334220290184021,0.47377651929855347,0.027974378317594528,0.22656956315040588,0.505654513835907,0.014281189069151878,0.28685590624809265,0.44376498460769653,0.0021768270526081324,0.31237128376960754,0.40144163370132446,-0.003770756535232067,0.33419686555862427,0.3629181981086731,-0.009966902434825897,0.20739103853702545,0.5184029340744019,-0.01843021810054779,0.3089737892150879,0.5180338025093079,-0.05308268219232559,0.3413744866847992,0.5834277868270874,-0.06317256391048431,0.35500478744506836,0.6298719644546509,-0.06374187767505646,0.2048138827085495,0.5580808520317078,-0.049089524894952774,0.30359792709350586,0.5507776141166687,-0.08533591032028198,0.33972662687301636,0.6181524991989136,-0.0837702751159668,0.3534072935581207,0.6588253974914551,-0.07491514086723328,0.21830472350120544,0.6068550944328308,-0.0767950788140297,0.24760690331459045,0.5392531752586365,-0.10641166567802429,0.2615598738193512,0.49187153577804565,-0.11385728418827057,0.27520543336868286,0.4448619484901428,-0.11529041081666946
227,0.7550629377365112,0.7555958032608032,-8.554306418773194e-08,0.669403612613678,0.6826722621917725,0.004895839840173721,0.6301305294036865,0.6072750091552734,-0.00202113832347095,0.601641833782196,0.5493706464767456,-0.014801837503910065,0.568062961101532,0.5067708492279053,-0.026510663330554962,0.6830012798309326,0.5042373538017273,-0.0071310242637991905,0.6305046677589417,0.4339180588722229,-0.02934858947992325,0.6052191853523254,0.38942578434944153,-0.04331439733505249,0.5836896896362305,0.3438400328159332,-0.05410252511501312,0.7061339020729065,0.5136500000953674,-0.024649377912282944,0.6287418603897095,0.47881025075912476,-0.0573706291615963,0.6017571091651917,0.4801098704338074,-0.06939546763896942,0.5847264528274536,0.4742191731929779,-0.07613471895456314,0.7199732065200806,0.5484021902084351,-0.043642617762088776,0.6313067674636841,0.5527122020721436,-0.08182542771100998,0.6016529202461243,0.6251638531684875,-0.0805087685585022,0.5949596762657166,0.6799885034561157,-0.07169527560472488,0.7206844091415405,0.5993965268135071,-0.06278515607118607,0.6771870255470276,0.5658381581306458,-0.09763458371162415,0.6482138633728027,0.5339488983154297,-0.11067979782819748,0.6274945735931396,0.5018205046653748,-0.11618024110794067,0.2184535264968872,0.792426586151123,-3.2616657108519576e-07,0.28210386633872986,0.7236078381538391,0.013080380856990814,0.31284424662590027,0.6325090527534485,0.012224419973790646,0.33280807733535767,0.5680980086326599,0.0019039572216570377,0.3480752110481262,0.5147369503974915,-0.01004402618855238,0.26163142919540405,0.5358558893203735,0.007700691465288401,0.2899203598499298,0.45813074707984924,-0.009902248159050941,0.31536829471588135,0.41208016872406006,-0.018973246216773987,0.3370640277862549,0.374507337808609,-0.023254357278347015,0.23454250395298004,0.543999433517456,-0.01530818548053503,0.31319019198417664,0.5337779521942139,-0.05539565905928612,0.3416542708873749,0.6075049638748169,-0.0684283971786499,0.3489847481250763,0.6611871123313904,-0.06663118302822113,0.21651898324489594,0.5717090964317322,-0.038656000047922134,0.29850441217422485,0.5637204051017761,-0.08134277909994125,0.32923877239227295,0.6352847218513489,-0.0819450244307518,0.3374609351158142,0.6826485991477966,-0.06952087581157684,0.2065051794052124,0.6078603863716125,-0.06053483486175537,0.22506199777126312,0.5402054786682129,-0.08517704904079437,0.2343967705965042,0.4967539310455322,-0.08488351851701736,0.24317920207977295,0.45628151297569275,-0.07877286523580551
228,0.7434488534927368,0.7937848567962646,-5.710852519769105e-07,0.6616232991218567,0.7331770658493042,0.0014593744417652488,0.6120476722717285,0.6533563137054443,-0.004428850952535868,0.5788689851760864,0.5878356099128723,-0.0147430170327425,0.5374472737312317,0.5485150218009949,-0.02551935240626335,0.6594208478927612,0.5415401458740234,-0.01700456067919731,0.6151782274246216,0.4699479043483734,-0.04016000032424927,0.5905992984771729,0.42445576190948486,-0.05264882370829582,0.5685614347457886,0.37810108065605164,-0.06334290653467178,0.6951053738594055,0.5481514930725098,-0.032175518572330475,0.6094369292259216,0.5608000755310059,-0.07376548647880554,0.5933562517166138,0.6479318737983704,-0.07830001413822174,0.5969629287719727,0.7026442885398865,-0.07568345963954926,0.718216598033905,0.584932804107666,-0.04879753664135933,0.6357839107513428,0.5957455039024353,-0.09174031019210815,0.6159296631813049,0.6756024956703186,-0.08369255810976028,0.6171337366104126,0.7301416993141174,-0.06966300308704376,0.7292730808258057,0.6357930898666382,-0.06529125571250916,0.6861078143119812,0.6000129580497742,-0.10511578619480133,0.6547432541847229,0.5706603527069092,-0.11663978546857834,0.6331733465194702,0.5408811569213867,-0.11945434659719467,0.2249346226453781,0.8265767097473145,-2.6463010271982057e-07,0.2889324724674225,0.7800673842430115,-0.011980618350207806,0.336068332195282,0.6950476169586182,-0.01887563057243824,0.3693382740020752,0.6298776268959045,-0.030877938494086266,0.38953185081481934,0.5725401043891907,-0.04262872412800789,0.28843578696250916,0.587720513343811,-0.005172844044864178,0.3098834156990051,0.49364933371543884,-0.025701798498630524,0.33129292726516724,0.44111567735671997,-0.035241782665252686,0.3494662642478943,0.3934558629989624,-0.03915960341691971,0.2579699754714966,0.5900298357009888,-0.015377135016024113,0.31065136194229126,0.5574867725372314,-0.06508294492959976,0.32766565680503845,0.6392211318016052,-0.08217863738536835,0.32822349667549133,0.6992167234420776,-0.07935737073421478,0.22990897297859192,0.6052957773208618,-0.0280157383531332,0.27776461839675903,0.574708878993988,-0.07907276600599289,0.29810476303100586,0.6575824022293091,-0.08187571913003922,0.3030626177787781,0.7151171565055847,-0.06656119227409363,0.20425650477409363,0.6288654804229736,-0.041098058223724365,0.200842946767807,0.5481246709823608,-0.0708143338561058,0.19910205900669098,0.4940313398838043,-0.07479026168584824,0.19785529375076294,0.4414219558238983,-0.06966938078403473
229,0.7369880676269531,0.8142390847206116,-3.635596783624351e-07,0.6567775011062622,0.7766361236572266,-0.016539566218852997,0.6021385788917542,0.695706307888031,-0.02604331076145172,0.5674612522125244,0.6276519894599915,-0.0379500649869442,0.5268957018852234,0.5808917880058289,-0.04979449883103371,0.6337097883224487,0.577375054359436,-0.01824425905942917,0.5990901589393616,0.48260200023651123,-0.04080354794859886,0.5777632594108582,0.42343735694885254,-0.051135770976543427,0.5585566163063049,0.36868423223495483,-0.057042431086301804,0.6735778450965881,0.5737122297286987,-0.02464361861348152,0.6167198419570923,0.5588181018829346,-0.0723503902554512,0.6016108393669128,0.6448103785514832,-0.08190037310123444,0.6007477045059204,0.7130607962608337,-0.07540611177682877,0.7058941125869751,0.5923431515693665,-0.03365091234445572,0.6493157744407654,0.5843372344970703,-0.08172643184661865,0.6332472562789917,0.671118974685669,-0.07725493609905243,0.6292755603790283,0.7314344644546509,-0.05891253799200058,0.728155255317688,0.6241708993911743,-0.04365069046616554,0.6930081844329834,0.5775457620620728,-0.07369542121887207,0.6733404397964478,0.5457944273948669,-0.07527763396501541,0.6597877740859985,0.5079026222229004,-0.06844072788953781,0.2182895392179489,0.8371703028678894,-1.8558591818873538e-07,0.28769972920417786,0.803164541721344,-0.018995210528373718,0.34812241792678833,0.7120878100395203,-0.025305524468421936,0.38701963424682617,0.6409709453582764,-0.035094793885946274,0.4144444763660431,0.586247444152832,-0.04418360814452171,0.3036560118198395,0.6049367189407349,-0.00739740114659071,0.33165428042411804,0.505996823310852,-0.026551861315965652,0.3483554720878601,0.44827985763549805,-0.03387293964624405,0.3631060719490051,0.3960120379924774,-0.03711940348148346,0.2682892084121704,0.6001218557357788,-0.014203689992427826,0.3059772849082947,0.5545779466629028,-0.06649203598499298,0.31268110871315,0.6330724358558655,-0.08391779661178589,0.3099949061870575,0.6934078931808472,-0.08010925352573395,0.23299318552017212,0.6092777848243713,-0.024019790813326836,0.2646734416484833,0.5699558854103088,-0.07784320414066315,0.2769068479537964,0.6610140800476074,-0.07988431304693222,0.2781866788864136,0.7231364250183105,-0.06282554566860199,0.20002932846546173,0.6249288320541382,-0.03490398824214935,0.19235551357269287,0.5404298305511475,-0.06702273339033127,0.1887008249759674,0.4864243268966675,-0.07184164971113205,0.18519258499145508,0.4272381663322449,-0.06699864566326141
230,0.7210898399353027,0.8037217855453491,-2.303755479715619e-07,0.6418569684028625,0.7770102620124817,-0.021783869713544846,0.5806494951248169,0.6973142623901367,-0.03206924349069595,0.5449692010879517,0.6325057744979858,-0.04433627054095268,0.5091111660003662,0.5792638063430786,-0.05505247786641121,0.6121265888214111,0.5825390815734863,-0.014124318026006222,0.5820153951644897,0.47340935468673706,-0.03501421958208084,0.5636262893676758,0.4114828109741211,-0.04331447184085846,0.5484968423843384,0.35476648807525635,-0.04736597463488579,0.6493319272994995,0.5776750445365906,-0.017688723281025887,0.6142584085464478,0.5456629395484924,-0.0678640604019165,0.6108521223068237,0.6325744986534119,-0.07756699621677399,0.6199480295181274,0.6959245800971985,-0.06874728947877884,0.6816050410270691,0.5865100026130676,-0.024716950953006744,0.6436623930931091,0.5604447722434998,-0.07366260886192322,0.6395632028579712,0.6481356024742126,-0.0675790011882782,0.6456106305122375,0.7053661942481995,-0.04617224633693695,0.7117354869842529,0.6019893288612366,-0.03334350511431694,0.6879647970199585,0.5381553173065186,-0.061915069818496704,0.6704058647155762,0.5018429160118103,-0.06169579550623894,0.6595931649208069,0.4607517123222351,-0.05250721424818039,0.21194174885749817,0.8349289298057556,-1.828152846883313e-07,0.2845507860183716,0.8053029775619507,-0.022161582484841347,0.3491953909397125,0.7172372937202454,-0.02956792712211609,0.3882107138633728,0.6469663381576538,-0.039547745138406754,0.41667670011520386,0.5918264389038086,-0.04866352677345276,0.3067496418952942,0.5978403687477112,-0.013051049783825874,0.3324693441390991,0.4967857003211975,-0.03269736096262932,0.3469929099082947,0.4385429918766022,-0.040304020047187805,0.35977861285209656,0.3851552903652191,-0.04418815299868584,0.2673116624355316,0.5919531583786011,-0.019019316881895065,0.29725730419158936,0.5480141639709473,-0.07139774411916733,0.30251938104629517,0.6280144453048706,-0.08946993947029114,0.29941675066947937,0.6893613934516907,-0.0870748907327652,0.2271021157503128,0.6005996465682983,-0.028149522840976715,0.2518489956855774,0.5622782111167908,-0.0830439031124115,0.2649040222167969,0.6538112163543701,-0.08716649562120438,0.26809629797935486,0.7177773714065552,-0.07239973545074463,0.1887538731098175,0.6154876351356506,-0.03839727118611336,0.17880034446716309,0.526458740234375,-0.07168339192867279,0.173285111784935,0.4694519639015198,-0.07836084067821503,0.1682373583316803,0.40859538316726685,-0.07557851821184158
231,0.7214156985282898,0.8025396466255188,-1.251535479696031e-07,0.6431856751441956,0.7862148284912109,-0.02847338281571865,0.5735634565353394,0.7039483785629272,-0.040198810398578644,0.5333427786827087,0.6316666603088379,-0.052879251539707184,0.4999523460865021,0.5693345069885254,-0.06329254060983658,0.6021144986152649,0.5820104479789734,-0.015846166759729385,0.5717083215713501,0.46449971199035645,-0.039077028632164,0.5560333132743835,0.39483872056007385,-0.04761587455868721,0.5427234172821045,0.3333927392959595,-0.05105610936880112,0.6399322152137756,0.5715453624725342,-0.016862085089087486,0.6100373864173889,0.5138105154037476,-0.07328945398330688,0.6104987263679504,0.599310576915741,-0.08454057574272156,0.6198057532310486,0.6685288548469543,-0.07344143092632294,0.6747137308120728,0.5738124847412109,-0.022058030590415,0.6419236660003662,0.5285930037498474,-0.07683557271957397,0.6416177153587341,0.6248173713684082,-0.07137283682823181,0.646847665309906,0.6904260516166687,-0.047230251133441925,0.7091900110244751,0.5841834545135498,-0.0292048342525959,0.6876276135444641,0.5128897428512573,-0.06104820966720581,0.671701192855835,0.4721933603286743,-0.062193892896175385,0.6578674912452698,0.42364758253097534,-0.052736323326826096,0.19547578692436218,0.837651789188385,-1.513489422677594e-07,0.2697363793849945,0.8115248680114746,-0.02310938760638237,0.3401843309402466,0.7161084413528442,-0.027653392404317856,0.38118064403533936,0.6411508321762085,-0.0345267690718174,0.40746381878852844,0.5832008719444275,-0.04072986915707588,0.2969367802143097,0.585320234298706,-0.007320544682443142,0.31831806898117065,0.4816637635231018,-0.023905273526906967,0.32975539565086365,0.42200422286987305,-0.029440540820360184,0.34079885482788086,0.36883023381233215,-0.03172401338815689,0.2531765103340149,0.580592155456543,-0.012725085020065308,0.2794520854949951,0.5264824628829956,-0.06303286552429199,0.28344306349754333,0.6088986396789551,-0.0811733603477478,0.2811008095741272,0.6730333566665649,-0.0782182440161705,0.20790083706378937,0.5897411704063416,-0.021575026214122772,0.22946974635124207,0.5466381907463074,-0.07666528970003128,0.2405802607536316,0.6419569253921509,-0.08122239261865616,0.24356406927108765,0.708818256855011,-0.06568051129579544,0.16201576590538025,0.6040263175964355,-0.03143715113401413,0.15482717752456665,0.5084189176559448,-0.06343133002519608,0.15217477083206177,0.4510316848754883,-0.06843283027410507,0.14949828386306763,0.3900755047798157,-0.06423673778772354
232,0.7192083597183228,0.790096640586853,-1.0235486769261115e-07,0.6404774188995361,0.7714946269989014,-0.024963798001408577,0.5676882266998291,0.6865343451499939,-0.03572383522987366,0.5249707698822021,0.6124107837677002,-0.048700179904699326,0.4879903197288513,0.5525792241096497,-0.06011856719851494,0.5954194664955139,0.5594837069511414,-0.012488322332501411,0.5670592784881592,0.43949586153030396,-0.03772689029574394,0.552337110042572,0.36763477325439453,-0.048975009471178055,0.5384981036186218,0.3041316568851471,-0.05440150946378708,0.6351537704467773,0.5497746467590332,-0.0163104385137558,0.6083419919013977,0.48586001992225647,-0.07552030682563782,0.609554648399353,0.5706676840782166,-0.09006787836551666,0.615304172039032,0.6399521231651306,-0.0804058238863945,0.6737832427024841,0.5522209405899048,-0.023768899962306023,0.643608033657074,0.5030407905578613,-0.0795278251171112,0.6447887420654297,0.5934262871742249,-0.07492984086275101,0.6473751068115234,0.6570888757705688,-0.05066176503896713,0.7134101986885071,0.5628408193588257,-0.032917462289333344,0.6907972097396851,0.4851974546909332,-0.06483477354049683,0.6772172451019287,0.43967077136039734,-0.06471195071935654,0.6654840707778931,0.38886523246765137,-0.053542882204055786,0.17754891514778137,0.8314605951309204,-1.353439103013443e-07,0.2552371621131897,0.8035545349121094,-0.027912959456443787,0.33019277453422546,0.7067319750785828,-0.03383300453424454,0.375430166721344,0.6264252066612244,-0.04073198884725571,0.3966801166534424,0.56197190284729,-0.046317458152770996,0.2836528420448303,0.5696465373039246,-0.015089849941432476,0.3055749535560608,0.45706433057785034,-0.035069916397333145,0.31839755177497864,0.38882699608802795,-0.04328603297472,0.3291734457015991,0.3252697288990021,-0.047955743968486786,0.23713861405849457,0.5624344348907471,-0.01884637586772442,0.25704219937324524,0.4946696162223816,-0.0736832246184349,0.264240026473999,0.5836350321769714,-0.0928247943520546,0.2635994255542755,0.6520997285842896,-0.08997925370931625,0.18905162811279297,0.5708059072494507,-0.02622682973742485,0.20522141456604004,0.5148075819015503,-0.08385276794433594,0.21857371926307678,0.6164988875389099,-0.08740516006946564,0.22215184569358826,0.6887549161911011,-0.07091987133026123,0.14126023650169373,0.5853779911994934,-0.03530432656407356,0.12870502471923828,0.48479968309402466,-0.0705268532037735,0.12313708662986755,0.42426300048828125,-0.07782456278800964,0.1165105551481247,0.3578760623931885,-0.0751006081700325
233,0.7263362407684326,0.7730888724327087,-1.7411437625014514e-07,0.6459510326385498,0.757182776927948,-0.025971943512558937,0.5743755102157593,0.6689680814743042,-0.036064524203538895,0.5354461073875427,0.5931288003921509,-0.048451606184244156,0.4970359206199646,0.5355429649353027,-0.059464216232299805,0.6013192534446716,0.5386091470718384,-0.014660375192761421,0.570020854473114,0.4177144765853882,-0.0399983674287796,0.5552525520324707,0.34659668803215027,-0.05143275856971741,0.5427600145339966,0.28188252449035645,-0.05687843635678291,0.6435336470603943,0.5303210020065308,-0.018338944762945175,0.615081250667572,0.46399837732315063,-0.07757510244846344,0.6172275543212891,0.5507842302322388,-0.0918935015797615,0.6248555779457092,0.6191093325614929,-0.08194402605295181,0.6838940978050232,0.5336219668388367,-0.025648754090070724,0.6516817212104797,0.4813980460166931,-0.08083337545394897,0.6548654437065125,0.5752789378166199,-0.07466183602809906,0.6606382131576538,0.6381902694702148,-0.049344927072525024,0.7238659262657166,0.5433130860328674,-0.034940969198942184,0.6999643445014954,0.46365565061569214,-0.06626278162002563,0.6834883093833923,0.4175169765949249,-0.06508387625217438,0.6699537634849548,0.36402714252471924,-0.05321711301803589,0.1692683845758438,0.8249189257621765,-1.5179392676145653e-07,0.2517801821231842,0.7928018569946289,-0.027229024097323418,0.32628682255744934,0.6917165517807007,-0.03200962021946907,0.3686376214027405,0.6069310307502747,-0.03793135657906532,0.39330124855041504,0.5421351194381714,-0.04248204082250595,0.2767080068588257,0.5547313690185547,-0.010565830394625664,0.3004997670650482,0.4398213028907776,-0.02851755917072296,0.3146205544471741,0.37085312604904175,-0.03619980067014694,0.3281722068786621,0.30808669328689575,-0.04042784869670868,0.23202106356620789,0.5508440136909485,-0.014060290530323982,0.2560637295246124,0.4814894497394562,-0.06729952991008759,0.26133993268013,0.5661436319351196,-0.08709894865751266,0.25995904207229614,0.6360884308815002,-0.08431219309568405,0.18568111956119537,0.5598016381263733,-0.021195372566580772,0.2046511471271515,0.504298210144043,-0.07681461423635483,0.2176096886396408,0.5997431874275208,-0.08222555369138718,0.22136150300502777,0.6699879169464111,-0.06704512983560562,0.1387465000152588,0.5716561079025269,-0.029945742338895798,0.12575966119766235,0.46715787053108215,-0.06242598965764046,0.11942493170499802,0.40129929780960083,-0.06931906193494797,0.11350244283676147,0.333109974861145,-0.06652403622865677
234,0.7296110391616821,0.7682614922523499,-2.4215185590037436e-07,0.6484014391899109,0.745193600654602,-0.02150917984545231,0.577844500541687,0.6613790392875671,-0.03129538148641586,0.5381860136985779,0.5913928747177124,-0.04393791779875755,0.505068838596344,0.5329691171646118,-0.055415619164705276,0.6070688962936401,0.5374156832695007,-0.01280825026333332,0.5812905430793762,0.4212062656879425,-0.03718089684844017,0.567142903804779,0.3546808958053589,-0.04752526059746742,0.5550956726074219,0.2948218286037445,-0.05231188237667084,0.6490585207939148,0.5331565141677856,-0.018690725788474083,0.6228119134902954,0.47713667154312134,-0.07488474249839783,0.6248512864112854,0.5594078302383423,-0.08820505440235138,0.6330686211585999,0.6234942078590393,-0.0794256404042244,0.6882429122924805,0.5384731888771057,-0.02790595218539238,0.662257194519043,0.49359408020973206,-0.081656314432621,0.6639294028282166,0.5803806185722351,-0.07595749944448471,0.6672555208206177,0.6385875940322876,-0.05260579660534859,0.7274186611175537,0.5480934381484985,-0.03845016658306122,0.7036325931549072,0.4706968367099762,-0.0674358680844307,0.6886674165725708,0.4258147180080414,-0.06416048854589462,0.675383985042572,0.37542659044265747,-0.052041422575712204,0.1937636137008667,0.8275700807571411,-2.770832736587181e-07,0.2716509997844696,0.7842337489128113,-0.017715545371174812,0.33578088879585266,0.6912169456481934,-0.021849870681762695,0.37587159872055054,0.6183302402496338,-0.030084459111094475,0.3983922600746155,0.5593209266662598,-0.037878889590501785,0.2862575352191925,0.5624676942825317,-0.003900006413459778,0.3079414963722229,0.4607542157173157,-0.022732140496373177,0.31932973861694336,0.3983098268508911,-0.029568370431661606,0.3303932845592499,0.34259897470474243,-0.0319560244679451,0.24386511743068695,0.5599988698959351,-0.012347203679382801,0.26923668384552,0.5034241676330566,-0.06493021547794342,0.2770715653896332,0.5852786302566528,-0.08366652578115463,0.2779064476490021,0.65200275182724,-0.07992655783891678,0.20080633461475372,0.5717650055885315,-0.023702695965766907,0.22259405255317688,0.5270827412605286,-0.08063909411430359,0.23465029895305634,0.624319851398468,-0.08479079604148865,0.23813149333000183,0.691058874130249,-0.06789931654930115,0.1595468521118164,0.5914226174354553,-0.035647835582494736,0.1420423537492752,0.4953209161758423,-0.06841564178466797,0.13934281468391418,0.4355264902114868,-0.07320675253868103,0.13897526264190674,0.37017565965652466,-0.06824402511119843
235,0.7329188585281372,0.7683175802230835,-2.962136136375193e-07,0.6522724628448486,0.7432458400726318,-0.016516054049134254,0.5857211351394653,0.6635870933532715,-0.024512603878974915,0.5440714359283447,0.5967212915420532,-0.03614693135023117,0.5086309909820557,0.5470032095909119,-0.047509562224149704,0.6109423637390137,0.5567291975021362,-0.0106925368309021,0.5860334634780884,0.44504988193511963,-0.03388964384794235,0.5716513395309448,0.38206973671913147,-0.043230485171079636,0.5584916472434998,0.3235743045806885,-0.0473647266626358,0.6521075367927551,0.5489568114280701,-0.016980407759547234,0.6242082715034485,0.5079487562179565,-0.07086409628391266,0.6265149712562561,0.5924270153045654,-0.08245835453271866,0.6340793371200562,0.6562391519546509,-0.0737185999751091,0.6902180910110474,0.5519930124282837,-0.02599157765507698,0.660631000995636,0.5222080945968628,-0.07893864810466766,0.6649876236915588,0.6089374423027039,-0.0740942656993866,0.6706509590148926,0.6662905216217041,-0.05194718390703201,0.7270944714546204,0.5607313513755798,-0.03563149645924568,0.7100077271461487,0.4922644793987274,-0.0633409321308136,0.7003268003463745,0.4542209506034851,-0.06043505668640137,0.6898192763328552,0.4116758108139038,-0.049086686223745346,0.21003367006778717,0.8158447742462158,-3.358664173447323e-07,0.28719228506088257,0.7745497822761536,-0.01627400703728199,0.35021454095840454,0.6862698793411255,-0.021564099937677383,0.38906049728393555,0.6181028485298157,-0.030888980254530907,0.4175099730491638,0.5670763254165649,-0.039813391864299774,0.29638785123825073,0.5720153450965881,-0.009294162504374981,0.32176390290260315,0.4777988791465759,-0.028758343309164047,0.3342812955379486,0.42053771018981934,-0.03529317304491997,0.34744879603385925,0.36824101209640503,-0.037787631154060364,0.2540547251701355,0.5690690279006958,-0.016681410372257233,0.2879578769207001,0.5343242883682251,-0.07139400392770767,0.28674423694610596,0.6267521381378174,-0.08774755150079727,0.28089821338653564,0.6964731216430664,-0.08205793052911758,0.21304458379745483,0.5811067223548889,-0.026405641809105873,0.24186697602272034,0.5538623929023743,-0.08332888782024384,0.24889405071735382,0.6498973965644836,-0.0854014903306961,0.2501276135444641,0.7151830792427063,-0.0673227608203888,0.17542873322963715,0.6012471318244934,-0.036562174558639526,0.162370502948761,0.5200672745704651,-0.07049763202667236,0.15587525069713593,0.4683084785938263,-0.0757327750325203,0.15294022858142853,0.4118923246860504,-0.07045252621173859
236,0.7321092486381531,0.7445071935653687,-1.8005569302204094e-07,0.6559369564056396,0.721076250076294,-0.02093297615647316,0.5941720008850098,0.6497380137443542,-0.03138698637485504,0.5585625767707825,0.5894496440887451,-0.04412947595119476,0.5286363959312439,0.534727931022644,-0.05564276501536369,0.6195557117462158,0.5385911464691162,-0.013170108199119568,0.5936101675033569,0.43286848068237305,-0.03507399559020996,0.5793351531028748,0.37458404898643494,-0.04419805854558945,0.5662091374397278,0.32054853439331055,-0.04856704920530319,0.6574925184249878,0.5337088108062744,-0.017303047701716423,0.6304174065589905,0.4861880838871002,-0.06775224953889847,0.6343109607696533,0.5626790523529053,-0.07983224093914032,0.6427315473556519,0.6199228763580322,-0.07229547202587128,0.6923935413360596,0.5387309193611145,-0.024383006617426872,0.6628097295761108,0.5002965927124023,-0.07272220402956009,0.6678115129470825,0.5821453332901001,-0.0670085996389389,0.6740524172782898,0.6359696388244629,-0.04560134932398796,0.7270818948745728,0.5498977899551392,-0.03278988227248192,0.7046113014221191,0.48481982946395874,-0.059241075068712234,0.6915991306304932,0.4477684795856476,-0.05679163336753845,0.6803890466690063,0.40502387285232544,-0.046083126217126846,0.23383045196533203,0.7804533839225769,-2.3901606027720845e-07,0.30206891894340515,0.7485214471817017,-0.01730669103562832,0.3603332042694092,0.666191816329956,-0.023434514179825783,0.3968445658683777,0.6027826070785522,-0.03243407979607582,0.4217109680175781,0.5526521801948547,-0.04073076322674751,0.3139321208000183,0.5573415160179138,-0.01162393856793642,0.3381972908973694,0.4668062925338745,-0.02854757010936737,0.3491561710834503,0.41408681869506836,-0.033459071069955826,0.35868072509765625,0.36589205265045166,-0.0350305438041687,0.2768697738647461,0.5557146668434143,-0.01757183112204075,0.3063221871852875,0.5194100141525269,-0.06613018363714218,0.3067435324192047,0.5991668701171875,-0.0806950032711029,0.30099424719810486,0.656718909740448,-0.07611138373613358,0.2397439032793045,0.5662245750427246,-0.025721821933984756,0.26375851035118103,0.5323677062988281,-0.07682004570960999,0.27368366718292236,0.6200293898582458,-0.07832317799329758,0.2762182652950287,0.6782045364379883,-0.062364786863327026,0.2049148827791214,0.5828916430473328,-0.03442104905843735,0.1926720291376114,0.504965603351593,-0.06412991136312485,0.18745745718479156,0.4552004337310791,-0.06787040829658508,0.184751495718956,0.4010326862335205,-0.06311985850334167
237,0.7301068305969238,0.724133312702179,-1.7115688422109088e-07,0.6569539904594421,0.7043510675430298,-0.020258229225873947,0.5977298021316528,0.6311928629875183,-0.02987450174987316,0.5636547803878784,0.5731236338615417,-0.041007209569215775,0.5345618724822998,0.5234096646308899,-0.05091997608542442,0.6245251297950745,0.5231560468673706,-0.01364998146891594,0.5991743803024292,0.42285585403442383,-0.03341041877865791,0.5842598676681519,0.3678871691226959,-0.04136482626199722,0.57145094871521,0.318620890378952,-0.04476744309067726,0.6612603664398193,0.5196143984794617,-0.017453426495194435,0.6341845393180847,0.4688448905944824,-0.06590279936790466,0.6350820064544678,0.5390971899032593,-0.07835660874843597,0.6419668197631836,0.595148503780365,-0.0710143893957138,0.6949242353439331,0.5253121852874756,-0.023721877485513687,0.6661380529403687,0.49231642484664917,-0.06945955753326416,0.6673409938812256,0.5703577399253845,-0.06475003063678741,0.6710383892059326,0.6225142478942871,-0.04444613680243492,0.7267745733261108,0.5357201099395752,-0.03115706518292427,0.7015489935874939,0.471046507358551,-0.05525442212820053,0.6867535710334778,0.4327493906021118,-0.05193972587585449,0.6739357709884644,0.3900001645088196,-0.041097208857536316,0.2419746220111847,0.7498696446418762,-1.361410255640294e-07,0.30466294288635254,0.7220076322555542,-0.021574845537543297,0.36035966873168945,0.6452544927597046,-0.029569927603006363,0.3965962529182434,0.5812358260154724,-0.038839977234601974,0.42220988869667053,0.5314276814460754,-0.047262731939554214,0.32207709550857544,0.5434843897819519,-0.01601542718708515,0.34436726570129395,0.4502597153186798,-0.03317474201321602,0.3554890751838684,0.39723408222198486,-0.03913722559809685,0.3649456202983856,0.34722647070884705,-0.04204150289297104,0.288316547870636,0.5394835472106934,-0.01965714991092682,0.31161758303642273,0.49033674597740173,-0.06554387509822845,0.3192477822303772,0.5620939135551453,-0.08005912601947784,0.3191533088684082,0.6165879368782043,-0.07704563438892365,0.25369852781295776,0.5469803214073181,-0.025769999250769615,0.27234864234924316,0.5033714175224304,-0.07190507650375366,0.2879909873008728,0.5784233212471008,-0.07377130538225174,0.2932586967945099,0.630791962146759,-0.06051234155893326,0.21938885748386383,0.5598248243331909,-0.033112142235040665,0.20805755257606506,0.47855764627456665,-0.059860166162252426,0.20458698272705078,0.4281225800514221,-0.06422331929206848,0.20072785019874573,0.3753504157066345,-0.06134992092847824
238,0.7258769273757935,0.7237520217895508,-2.0895039654078573e-07,0.6553543210029602,0.7060257792472839,-0.0214152280241251,0.5937362909317017,0.6342334747314453,-0.031104592606425285,0.5596514344215393,0.5725007057189941,-0.04187994450330734,0.5307813286781311,0.5223780870437622,-0.05122210085391998,0.6204918622970581,0.528856098651886,-0.01821954920887947,0.595935046672821,0.4260234534740448,-0.03869657590985298,0.5819019675254822,0.37027227878570557,-0.0455569252371788,0.5692751407623291,0.3207864463329315,-0.04829713702201843,0.6572583913803101,0.5242141485214233,-0.021287135779857635,0.6284406185150146,0.47909310460090637,-0.06911030411720276,0.6290992498397827,0.5538648366928101,-0.07804731279611588,0.6358026266098022,0.609950065612793,-0.06903287023305893,0.6914640069007874,0.5294123291969299,-0.027068816125392914,0.6630344390869141,0.4962499141693115,-0.07465966790914536,0.6640341281890869,0.5734260082244873,-0.06912238895893097,0.6679002046585083,0.6240687966346741,-0.04844742268323898,0.7248951196670532,0.5387936234474182,-0.0338783822953701,0.7003746032714844,0.4761148691177368,-0.06076345965266228,0.6833801865577698,0.44111278653144836,-0.05887126922607422,0.6681171655654907,0.40036335587501526,-0.04886685684323311,0.24156072735786438,0.7470968961715698,-1.4278789706168027e-07,0.3057226240634918,0.7210717797279358,-0.022648651152849197,0.3623813986778259,0.6448765993118286,-0.030410991981625557,0.39667394757270813,0.5798061490058899,-0.03909933194518089,0.422516793012619,0.529316246509552,-0.04679517075419426,0.3223850727081299,0.5373697280883789,-0.015438842587172985,0.3427080810070038,0.4462486505508423,-0.03131385147571564,0.352520614862442,0.3924063444137573,-0.03654613345861435,0.3614075183868408,0.3440578579902649,-0.039107877761125565,0.28853243589401245,0.5330673456192017,-0.018476324155926704,0.3129817843437195,0.48742935061454773,-0.06256773322820663,0.3219774663448334,0.5553195476531982,-0.07781202346086502,0.32254594564437866,0.6108125448226929,-0.07560055702924728,0.25445881485939026,0.5413773655891418,-0.02399611473083496,0.27379313111305237,0.5029696822166443,-0.0693449079990387,0.28915292024612427,0.5778785347938538,-0.07260243594646454,0.2938705086708069,0.6313371062278748,-0.06036549061536789,0.22088304162025452,0.5562002062797546,-0.03071666695177555,0.20927417278289795,0.47596004605293274,-0.057495344430208206,0.20654666423797607,0.42528069019317627,-0.06236238405108452,0.20303410291671753,0.3717265725135803,-0.05975445732474327
239,0.7130169868469238,0.7414602041244507,-2.2509361485845147e-07,0.645135760307312,0.726469874382019,-0.02151593007147312,0.5852489471435547,0.6559858322143555,-0.031189292669296265,0.5491941571235657,0.5956192016601562,-0.04245764762163162,0.5168037414550781,0.5491469502449036,-0.05289696529507637,0.6099515557289124,0.5497296452522278,-0.02002573385834694,0.5820668339729309,0.4451908767223358,-0.042225442826747894,0.5659266114234924,0.386262446641922,-0.050471846014261246,0.5511989593505859,0.334317147731781,-0.05380742996931076,0.644793689250946,0.5428993701934814,-0.02258538268506527,0.6142157316207886,0.5088688135147095,-0.07049636542797089,0.6146641373634338,0.5866871476173401,-0.07868710160255432,0.6222618818283081,0.6431639194488525,-0.06959433108568192,0.6770628690719604,0.5478129982948303,-0.0279574953019619,0.6452659964561462,0.525881826877594,-0.07605649530887604,0.6467993855476379,0.6052231192588806,-0.07064560800790787,0.6535853147506714,0.6548858880996704,-0.049954865127801895,0.7080007791519165,0.5571985840797424,-0.03439309448003769,0.6884845495223999,0.49483442306518555,-0.061592426151037216,0.6725602746009827,0.459745854139328,-0.06022303178906441,0.659892737865448,0.4204419255256653,-0.050302814692258835,0.2363813817501068,0.7680164575576782,-2.0911122078359767e-07,0.301906555891037,0.7433381080627441,-0.02044830657541752,0.35916000604629517,0.6620205044746399,-0.026907913386821747,0.3972059190273285,0.5968678593635559,-0.035457611083984375,0.42255884408950806,0.5485493540763855,-0.04382097348570824,0.3189919590950012,0.5536670088768005,-0.01366218738257885,0.3406410217285156,0.46175745129585266,-0.03146017715334892,0.3514077067375183,0.40664029121398926,-0.038704633712768555,0.3611707389354706,0.3568211793899536,-0.04276496544480324,0.28310954570770264,0.5492457151412964,-0.018812716007232666,0.3096851110458374,0.5080167055130005,-0.06642933934926987,0.3169819116592407,0.5826783776283264,-0.08375763893127441,0.31674572825431824,0.6412460207939148,-0.0822754055261612,0.24620197713375092,0.5580588579177856,-0.026402819901704788,0.2679818272590637,0.5251979827880859,-0.07597379386425018,0.2808377742767334,0.6081392765045166,-0.07998389005661011,0.2844938635826111,0.6662655472755432,-0.06685816496610641,0.21070876717567444,0.5743818283081055,-0.03494347631931305,0.1995246708393097,0.4937587082386017,-0.0648387223482132,0.19572535157203674,0.4422750771045685,-0.07046940922737122,0.19257773458957672,0.38784730434417725,-0.06768450886011124
240,0.7153091430664062,0.7595343589782715,-2.5440243689445197e-07,0.6424103379249573,0.7441226243972778,-0.023029278963804245,0.5797048807144165,0.6715375185012817,-0.03395478054881096,0.5426979660987854,0.6072750687599182,-0.045642316341400146,0.5068128108978271,0.5608611106872559,-0.05626595392823219,0.6104967594146729,0.5580991506576538,-0.021356251090765,0.5797620415687561,0.45751774311065674,-0.042891278862953186,0.5618239045143127,0.3971725106239319,-0.05054907873272896,0.5458943247795105,0.34505200386047363,-0.05400204658508301,0.6477384567260742,0.5504637956619263,-0.02306266315281391,0.6130467653274536,0.5224793553352356,-0.0720973089337349,0.6134734153747559,0.6043061017990112,-0.08001398295164108,0.6226428747177124,0.6646352410316467,-0.07048939168453217,0.681179404258728,0.5565975904464722,-0.027708958834409714,0.6463342905044556,0.5362153649330139,-0.07672379910945892,0.6467199921607971,0.6182858943939209,-0.07118365913629532,0.6529902815818787,0.6724203824996948,-0.05043427273631096,0.7122533917427063,0.5695990324020386,-0.033545199781656265,0.6922057867050171,0.5107218027114868,-0.0628710389137268,0.6750376224517822,0.47439199686050415,-0.06372039020061493,0.6603503227233887,0.43339627981185913,-0.055492859333753586,0.22455893456935883,0.7928343415260315,-2.0523570753994136e-07,0.29334771633148193,0.7687815427780151,-0.02412056364119053,0.3562248647212982,0.6819316148757935,-0.03171052411198616,0.3958031237125397,0.6117759346961975,-0.04088585078716278,0.423322856426239,0.558739423751831,-0.049469511955976486,0.3108747601509094,0.5709347128868103,-0.017013326287269592,0.33494943380355835,0.47653335332870483,-0.036543991416692734,0.3462519645690918,0.4185832738876343,-0.04497087001800537,0.356827974319458,0.3656914234161377,-0.05002863332629204,0.272017240524292,0.5653441548347473,-0.02097449265420437,0.30318278074264526,0.5252714157104492,-0.07243727892637253,0.3096441328525543,0.6045145392417908,-0.09066857397556305,0.30906450748443604,0.667723536491394,-0.08875170350074768,0.23320460319519043,0.5746075510978699,-0.02784818224608898,0.2598833441734314,0.5434526801109314,-0.0803895965218544,0.2727057933807373,0.6312375664710999,-0.08432973176240921,0.2766170799732208,0.6942955255508423,-0.07020604610443115,0.19693893194198608,0.5913118124008179,-0.03607884421944618,0.18813595175743103,0.5102142095565796,-0.06860657036304474,0.18239706754684448,0.4562060236930847,-0.07573243230581284,0.1778465211391449,0.39915144443511963,-0.0734633132815361
241,0.7200426459312439,0.7690267562866211,-2.3875432475506386e-07,0.6450814604759216,0.7545626163482666,-0.02543400041759014,0.5807614922523499,0.682965874671936,-0.03763054311275482,0.5429267883300781,0.6165257692337036,-0.050281621515750885,0.5086964964866638,0.5659875869750977,-0.061759524047374725,0.6114140152931213,0.5685941576957703,-0.023394783958792686,0.5807837247848511,0.46488070487976074,-0.04660320654511452,0.5650487542152405,0.4024452567100525,-0.056014783680438995,0.550067663192749,0.3473527729511261,-0.060859277844429016,0.6491239666938782,0.5579822659492493,-0.02438405528664589,0.6173181533813477,0.5315713286399841,-0.07545337080955505,0.621246874332428,0.6133670806884766,-0.0845811739563942,0.6300845742225647,0.6736427545547485,-0.07580514997243881,0.6833047270774841,0.5628065466880798,-0.028603488579392433,0.6507348418235779,0.5469174981117249,-0.07961774617433548,0.6529715657234192,0.62989342212677,-0.07498277723789215,0.6576489806175232,0.68343585729599,-0.0546671561896801,0.7148493528366089,0.5755282640457153,-0.034163929522037506,0.6962247490882874,0.5179126858711243,-0.06456658244132996,0.6816393136978149,0.481640100479126,-0.06561332941055298,0.6671817302703857,0.4397861659526825,-0.05750550702214241,0.22727766633033752,0.7931612730026245,-2.02420977757356e-07,0.2978402078151703,0.7642669677734375,-0.021651741117239,0.35946840047836304,0.6806811094284058,-0.028465867042541504,0.3949543237686157,0.6121287941932678,-0.03715180978178978,0.41996753215789795,0.5589064955711365,-0.045074816793203354,0.3149867653846741,0.5705434679985046,-0.014166885055601597,0.3399769365787506,0.47667476534843445,-0.03275911137461662,0.35118043422698975,0.4199773669242859,-0.03959815576672554,0.36261969804763794,0.3689653277397156,-0.04320772364735603,0.27751946449279785,0.565544068813324,-0.018851764500141144,0.30790770053863525,0.5221908092498779,-0.06954111158847809,0.3114975094795227,0.6009243130683899,-0.08637536317110062,0.30936330556869507,0.6639134287834167,-0.08324024826288223,0.23991918563842773,0.5754870772361755,-0.02624138630926609,0.2625872790813446,0.5405198335647583,-0.07800137996673584,0.27494266629219055,0.6249475479125977,-0.0812399610877037,0.2798166871070862,0.684827983379364,-0.06671205163002014,0.20452430844306946,0.592586874961853,-0.03469085693359375,0.19382035732269287,0.5114973783493042,-0.06594438850879669,0.18799492716789246,0.4586992859840393,-0.071963831782341,0.18275168538093567,0.4019981026649475,-0.06905050575733185
242,0.7222922444343567,0.7904099225997925,-2.911620242684876e-07,0.6475825905799866,0.7745057940483093,-0.020367033779621124,0.5833694934844971,0.699439287185669,-0.030175145715475082,0.5449351072311401,0.6332772970199585,-0.042140427976846695,0.507675290107727,0.5903098583221436,-0.05321870371699333,0.6112371683120728,0.5890113711357117,-0.018992742523550987,0.5778888463973999,0.48459354043006897,-0.04118720069527626,0.5603235960006714,0.42379918694496155,-0.049216486513614655,0.5446985363960266,0.36893272399902344,-0.05329328402876854,0.6475367546081543,0.578575849533081,-0.02261338382959366,0.6145629286766052,0.5555096864700317,-0.07214302569627762,0.6192506551742554,0.6401636004447937,-0.07863514870405197,0.6312456130981445,0.6996222734451294,-0.06851595640182495,0.6808121204376221,0.5839008092880249,-0.029359960928559303,0.6463487148284912,0.5640907883644104,-0.07911372184753418,0.6522820591926575,0.6490105986595154,-0.07159579545259476,0.6630715727806091,0.70284104347229,-0.049707747995853424,0.712513267993927,0.5980029106140137,-0.037410102784633636,0.699242889881134,0.5400317311286926,-0.06822174042463303,0.6847496628761292,0.5038671493530273,-0.06944183260202408,0.6717941761016846,0.4609109163284302,-0.0614343024790287,0.23539867997169495,0.7738685011863708,-1.3904589479807328e-07,0.3037008047103882,0.747140109539032,-0.02274368889629841,0.3643094301223755,0.6687085032463074,-0.030239244922995567,0.40059930086135864,0.601911187171936,-0.039036672562360764,0.4250156879425049,0.547691822052002,-0.047008268535137177,0.3241731524467468,0.5603827834129333,-0.014721831306815147,0.3472527861595154,0.467488169670105,-0.032342735677957535,0.35765278339385986,0.4126678705215454,-0.03936237096786499,0.36724209785461426,0.36173883080482483,-0.04336313158273697,0.28776654601097107,0.5551932454109192,-0.018311364576220512,0.3123592436313629,0.5022610425949097,-0.06607521325349808,0.3179161846637726,0.5759900808334351,-0.08228342235088348,0.3164033591747284,0.6350486278533936,-0.07984048128128052,0.2503786087036133,0.5627868175506592,-0.0246683731675148,0.27085691690444946,0.5164435505867004,-0.07290082424879074,0.2845035493373871,0.5972900986671448,-0.07584045827388763,0.2891920208930969,0.6553910374641418,-0.06263001263141632,0.2139463722705841,0.5761028528213501,-0.032339949160814285,0.2026481032371521,0.4945267140865326,-0.06093832477927208,0.19938042759895325,0.44287624955177307,-0.06685242056846619,0.19679363071918488,0.38862526416778564,-0.06484074145555496
243,0.7333184480667114,0.7795529961585999,-2.4431591327811475e-07,0.6568781733512878,0.7613658905029297,-0.021566733717918396,0.5888515114784241,0.6911158561706543,-0.031199589371681213,0.547996997833252,0.6298960447311401,-0.04318293556571007,0.5111663937568665,0.5833509564399719,-0.054120983928442,0.6110782623291016,0.5841092467308044,-0.014761949889361858,0.5792821645736694,0.47855299711227417,-0.03750436007976532,0.5628124475479126,0.41655534505844116,-0.04687036946415901,0.5472007989883423,0.3608105182647705,-0.05136295035481453,0.6474039554595947,0.5746162533760071,-0.018044648692011833,0.6199583411216736,0.5426225662231445,-0.0686248317360878,0.6290526986122131,0.6266891360282898,-0.07739711552858353,0.6425732970237732,0.6875216960906982,-0.06771881878376007,0.6812490820884705,0.5767883062362671,-0.024869561195373535,0.653532862663269,0.5437441468238831,-0.07465718686580658,0.661601722240448,0.6283704042434692,-0.06800364702939987,0.6711632609367371,0.6840710043907166,-0.04581210017204285,0.7153126001358032,0.5863993167877197,-0.0331147238612175,0.6960116624832153,0.5246082544326782,-0.0616905502974987,0.6843776106834412,0.4915904998779297,-0.06065898388624191,0.6751680374145508,0.45229193568229675,-0.05070383846759796,0.2331094741821289,0.7790592908859253,-1.8563954995443055e-07,0.30013009905815125,0.7539038062095642,-0.02552247792482376,0.36187034845352173,0.6737813949584961,-0.03327552229166031,0.3976002037525177,0.6083589792251587,-0.04199150577187538,0.42116886377334595,0.5553838610649109,-0.049605268985033035,0.31888312101364136,0.5596894025802612,-0.01565915159881115,0.3410283327102661,0.4697119891643524,-0.03417681157588959,0.35114872455596924,0.4159054160118103,-0.04098083823919296,0.36220821738243103,0.36808979511260986,-0.04417739808559418,0.2817195653915405,0.5548911094665527,-0.018536461517214775,0.31132155656814575,0.5124105215072632,-0.06829123944044113,0.31336912512779236,0.5902891755104065,-0.08546901494264603,0.3108954131603241,0.6534374356269836,-0.08249829709529877,0.24346980452537537,0.5643827319145203,-0.024532217532396317,0.26745229959487915,0.5341169238090515,-0.07688800245523453,0.27701541781425476,0.6184520125389099,-0.08165175467729568,0.28020644187927246,0.6776160597801208,-0.06768965721130371,0.20697201788425446,0.5800013542175293,-0.031720761209726334,0.1985737383365631,0.4969898760318756,-0.06311344355344772,0.19365565478801727,0.44318222999572754,-0.06941772252321243,0.18947461247444153,0.38712751865386963,-0.06651197373867035
244,0.7244781255722046,0.7403017282485962,-1.4129275882623915e-07,0.6486133933067322,0.7196540832519531,-0.016082199290394783,0.586786150932312,0.6523082852363586,-0.02537251077592373,0.5477652549743652,0.5940707921981812,-0.03795330598950386,0.512744665145874,0.5486921072006226,-0.05003180727362633,0.6092528700828552,0.5484755635261536,-0.010837740264832973,0.5793364644050598,0.44757673144340515,-0.034756697714328766,0.5651494264602661,0.38939738273620605,-0.04657430201768875,0.5528762340545654,0.33367374539375305,-0.05289407819509506,0.6451600193977356,0.5407773852348328,-0.01686064898967743,0.6187915205955505,0.49359482526779175,-0.06736933439970016,0.6258985996246338,0.573002815246582,-0.07857196778059006,0.6360378265380859,0.6298990249633789,-0.07082809507846832,0.6808202266693115,0.5428382158279419,-0.025484532117843628,0.6525555849075317,0.5023966431617737,-0.0719720721244812,0.6598212718963623,0.5794313549995422,-0.06425464898347855,0.6682112216949463,0.6314989924430847,-0.042118512094020844,0.717082142829895,0.552819550037384,-0.03535624220967293,0.699521005153656,0.48729729652404785,-0.06158819794654846,0.6882330775260925,0.44906720519065857,-0.05916241928935051,0.6791254281997681,0.4073998034000397,-0.04830797389149666,0.21528197824954987,0.815919816493988,-2.6569492206363066e-07,0.284858763217926,0.7896522879600525,-0.025540046393871307,0.3484954833984375,0.7055844068527222,-0.034227728843688965,0.3915794789791107,0.6343071460723877,-0.04380594566464424,0.41794073581695557,0.5772092938423157,-0.053340133279561996,0.3034757375717163,0.5867478847503662,-0.020828386768698692,0.3268880844116211,0.4953879714012146,-0.04281491041183472,0.3402937352657318,0.43777692317962646,-0.052882153540849686,0.3524935245513916,0.38548827171325684,-0.05827755853533745,0.26193201541900635,0.5832970142364502,-0.024604924023151398,0.2946878969669342,0.5476980805397034,-0.07800842821598053,0.2964264750480652,0.6397591233253479,-0.09530667215585709,0.2902336120605469,0.7090755701065063,-0.0917125940322876,0.22047309577465057,0.5951890349388123,-0.03147624060511589,0.24447721242904663,0.5700482726097107,-0.08656664192676544,0.2561386823654175,0.6612746715545654,-0.09085484594106674,0.2594900131225586,0.7269986867904663,-0.07585857808589935,0.18082183599472046,0.6141632199287415,-0.039444323629140854,0.1683133840560913,0.5253855586051941,-0.07346880435943604,0.15975742042064667,0.47052159905433655,-0.0801498219370842,0.1526378095149994,0.41306817531585693,-0.07695036381483078
245,0.7197981476783752,0.7301598787307739,-1.4963649164201343e-07,0.6458446979522705,0.7153376340866089,-0.02263753116130829,0.5826177597045898,0.6478868722915649,-0.033722925931215286,0.5451062321662903,0.5909507870674133,-0.045610424131155014,0.5137375593185425,0.5447026491165161,-0.056290533393621445,0.604773998260498,0.5417415499687195,-0.0219314843416214,0.5698252320289612,0.44504883885383606,-0.04710112884640694,0.5510485172271729,0.38615188002586365,-0.0599488765001297,0.5339547395706177,0.33267462253570557,-0.06777831166982651,0.6421704292297363,0.5308722853660583,-0.02401617355644703,0.6189666986465454,0.4852110743522644,-0.07407525926828384,0.6281480193138123,0.5584425926208496,-0.08304785192012787,0.6388506889343262,0.6152944564819336,-0.07485755532979965,0.6787179708480835,0.5324492454528809,-0.029414016753435135,0.6567540168762207,0.4969104528427124,-0.0767703503370285,0.6633772253990173,0.5789069533348083,-0.06952734291553497,0.6679435968399048,0.6328689455986023,-0.048751767724752426,0.7144415378570557,0.5412871241569519,-0.036468688398599625,0.7020387649536133,0.47801801562309265,-0.06651553511619568,0.6928170919418335,0.44353288412094116,-0.0675334706902504,0.6823824644088745,0.40097570419311523,-0.05998728424310684,0.21185782551765442,0.8308172821998596,-2.5301079631390166e-07,0.28766801953315735,0.8057692050933838,-0.02442198060452938,0.35410958528518677,0.7184163331985474,-0.03216784447431564,0.39381861686706543,0.6446572542190552,-0.04164513200521469,0.42149823904037476,0.5898798108100891,-0.05066124349832535,0.3064669370651245,0.5986902713775635,-0.01780887506902218,0.33135858178138733,0.5104244351387024,-0.03983926400542259,0.34259650111198425,0.45121070742607117,-0.05051025375723839,0.353210985660553,0.39741379022598267,-0.05688219144940376,0.26091063022613525,0.5902234315872192,-0.022039003670215607,0.29212915897369385,0.5635429620742798,-0.07855994254350662,0.29408398270606995,0.6503590941429138,-0.09860669821500778,0.28940072655677795,0.716645359992981,-0.09665299206972122,0.21708886325359344,0.5997726917266846,-0.029168151319026947,0.23959872126579285,0.581541121006012,-0.08662337064743042,0.25022271275520325,0.6756548881530762,-0.09073522686958313,0.25371700525283813,0.7418870329856873,-0.07512342184782028,0.17733880877494812,0.6193544864654541,-0.037576064467430115,0.16717854142189026,0.5417314767837524,-0.07287614792585373,0.16041341423988342,0.4895503520965576,-0.07976698875427246,0.15545791387557983,0.43282970786094666,-0.0762648656964302
246,0.7217425107955933,0.7403144836425781,-2.5096505851252005e-07,0.652521014213562,0.7270872592926025,-0.020978683605790138,0.5865044593811035,0.6591809988021851,-0.03040054254233837,0.5457408428192139,0.6004523038864136,-0.04064864665269852,0.5046240091323853,0.5674660205841064,-0.04986892268061638,0.6083440184593201,0.5476027131080627,-0.022681890055537224,0.5614873170852661,0.4657897651195526,-0.0455281063914299,0.5354161858558655,0.41466036438941956,-0.05842868238687515,0.5103798508644104,0.36667805910110474,-0.06922352313995361,0.6499255895614624,0.533062219619751,-0.026744607836008072,0.6269192099571228,0.5029308795928955,-0.07637060433626175,0.6398953795433044,0.5845317244529724,-0.08648901432752609,0.652126133441925,0.6451165676116943,-0.08152920752763748,0.691164493560791,0.536403477191925,-0.03376517444849014,0.6722793579101562,0.5118706226348877,-0.0812494233250618,0.6774723529815674,0.5947757959365845,-0.07422886788845062,0.6812015175819397,0.6506887674331665,-0.05605248734354973,0.7302679419517517,0.5501754879951477,-0.042577192187309265,0.7355243563652039,0.49190545082092285,-0.07902781665325165,0.7431176900863647,0.4534893333911896,-0.08563487231731415,0.7488219141960144,0.4067640006542206,-0.08252175897359848,0.22147077322006226,0.8071350455284119,-2.257762190538415e-07,0.2941117584705353,0.7808645367622375,-0.020618414506316185,0.35698023438453674,0.6953881978988647,-0.02662302367389202,0.3960503935813904,0.628368079662323,-0.0345713272690773,0.42227432131767273,0.5768593549728394,-0.042030416429042816,0.3117666244506836,0.580550491809845,-0.014785081148147583,0.3375352621078491,0.49273717403411865,-0.03270656242966652,0.34836068749427795,0.4386028051376343,-0.04006735235452652,0.3584829568862915,0.3876427412033081,-0.04437795281410217,0.27188608050346375,0.5748392939567566,-0.018617110326886177,0.29782503843307495,0.5408014059066772,-0.06643300503492355,0.29790014028549194,0.6243777275085449,-0.08077404648065567,0.2934635281562805,0.6851264238357544,-0.0772601068019867,0.23199963569641113,0.5842142701148987,-0.025092927739024162,0.25241273641586304,0.5499083995819092,-0.07538137584924698,0.2610887587070465,0.6416119337081909,-0.07628710567951202,0.2631964385509491,0.7055289149284363,-0.06111083924770355,0.19481277465820312,0.5998967289924622,-0.03260413557291031,0.18151743710041046,0.5186831951141357,-0.06383897364139557,0.17313989996910095,0.46735548973083496,-0.06949511915445328,0.167373389005661,0.4118841290473938,-0.06661688536405563
247,0.7330918312072754,0.7516490817070007,-2.2312292458082084e-07,0.6569820642471313,0.7425692081451416,-0.024009764194488525,0.5866789221763611,0.6766413450241089,-0.034694891422986984,0.5436747670173645,0.615916907787323,-0.04497884213924408,0.5007216930389404,0.5839065313339233,-0.05372801423072815,0.610957145690918,0.5629145503044128,-0.02698509953916073,0.5619552135467529,0.4797690808773041,-0.05143801122903824,0.5341796875,0.4286150336265564,-0.0647566169500351,0.5072928667068481,0.37937307357788086,-0.07612985372543335,0.6557629704475403,0.543401837348938,-0.03020373173058033,0.6352777481079102,0.5076716542243958,-0.08336470276117325,0.6502845287322998,0.5941015481948853,-0.0942699983716011,0.6627871990203857,0.6583302021026611,-0.08921399712562561,0.6991821527481079,0.5446056723594666,-0.03664793074131012,0.6852384209632874,0.5198369026184082,-0.08738686889410019,0.6866680383682251,0.6057503819465637,-0.08174093812704086,0.6856281161308289,0.6644051671028137,-0.06397530436515808,0.7394260168075562,0.5574564933776855,-0.044895753264427185,0.7476019859313965,0.4985589385032654,-0.08488056808710098,0.7594540119171143,0.4595174789428711,-0.09371228516101837,0.7678232789039612,0.4118257761001587,-0.0919521227478981,0.2206740826368332,0.7793083786964417,-1.414236834307303e-07,0.29202988743782043,0.756870448589325,-0.025424836203455925,0.3561396598815918,0.6783268451690674,-0.032415665686130524,0.39346078038215637,0.6106458902359009,-0.040231410413980484,0.41573432087898254,0.556740403175354,-0.04711360111832619,0.3120337128639221,0.5629120469093323,-0.01515188068151474,0.33547258377075195,0.4704093039035797,-0.03297850862145424,0.34650686383247375,0.41615891456604004,-0.04026114568114281,0.3566916584968567,0.36582958698272705,-0.04437577351927757,0.27324268221855164,0.5578901767730713,-0.01685560867190361,0.2949395179748535,0.5113991498947144,-0.06587765365839005,0.2962574064731598,0.5905278921127319,-0.08164475113153458,0.2928090989589691,0.6511003971099854,-0.07842664420604706,0.23378397524356842,0.5653552412986755,-0.021832067519426346,0.2500818967819214,0.5262682437896729,-0.07238958775997162,0.25946035981178284,0.6086305379867554,-0.07538465410470963,0.2624017894268036,0.6673079133033752,-0.06121429428458214,0.19492408633232117,0.5765663385391235,-0.028259463608264923,0.18616417050361633,0.49645155668258667,-0.059382837265729904,0.17920106649398804,0.44472736120224,-0.06592933088541031,0.1726333647966385,0.38922375440597534,-0.0635669156908989
248,0.734474778175354,0.7329165935516357,-1.7944566366168146e-07,0.6613273024559021,0.7255208492279053,-0.02457653358578682,0.5907890200614929,0.6602681875228882,-0.035974640399217606,0.5484240055084229,0.6026440262794495,-0.046712521463632584,0.5040625333786011,0.5731335878372192,-0.055751945823431015,0.6085346937179565,0.5455955862998962,-0.027988387271761894,0.5608596205711365,0.4629419445991516,-0.050242625176906586,0.5330379009246826,0.41385558247566223,-0.06097669526934624,0.5067861080169678,0.3672904968261719,-0.07011552155017853,0.6531714200973511,0.5262210369110107,-0.030374594032764435,0.6344777345657349,0.4912402927875519,-0.0810307115316391,0.6490724682807922,0.5747803449630737,-0.09022655338048935,0.6618661880493164,0.6386914849281311,-0.08375543355941772,0.6977030038833618,0.5271686315536499,-0.03583035618066788,0.6855244636535645,0.501964271068573,-0.08487745374441147,0.6876920461654663,0.5852051973342896,-0.07918987423181534,0.6874772906303406,0.6418468952178955,-0.061411868780851364,0.7395858764648438,0.5383865833282471,-0.04288481920957565,0.7447803020477295,0.4762088358402252,-0.08012868463993073,0.7531362175941467,0.43719351291656494,-0.08722013235092163,0.7578650712966919,0.3897668719291687,-0.08441971987485886,0.20890867710113525,0.7933858633041382,-2.26353762400322e-07,0.28078368306159973,0.7738466262817383,-0.02704949490725994,0.34382057189941406,0.6907389760017395,-0.03440408408641815,0.3834724724292755,0.6203084588050842,-0.04194973036646843,0.4085835814476013,0.566595196723938,-0.04906218871474266,0.30568239092826843,0.5656650066375732,-0.018277181312441826,0.3248964548110962,0.47830167412757874,-0.03778674080967903,0.3349834680557251,0.4211295247077942,-0.04591381549835205,0.343872606754303,0.3717960715293884,-0.0500982403755188,0.26266369223594666,0.5606922507286072,-0.02073274552822113,0.2841316759586334,0.5177434682846069,-0.07252197712659836,0.2834496796131134,0.602974534034729,-0.09026335179805756,0.2776567041873932,0.6705485582351685,-0.08686118572950363,0.21825817227363586,0.5707851052284241,-0.02632102183997631,0.23096980154514313,0.5419886112213135,-0.08172595500946045,0.2415454387664795,0.632415771484375,-0.08701781183481216,0.2463352084159851,0.6968898773193359,-0.0722287967801094,0.1748829483985901,0.5876963138580322,-0.03289349749684334,0.1608009785413742,0.501124918460846,-0.06642917543649673,0.15317228436470032,0.44715356826782227,-0.07279256731271744,0.14757832884788513,0.38784313201904297,-0.06937600672245026
249,0.7389863729476929,0.7141338586807251,-1.5848235079829465e-07,0.6632884740829468,0.7030463218688965,-0.023747358471155167,0.5963800549507141,0.637392520904541,-0.03421088680624962,0.5573623180389404,0.5766573548316956,-0.04363035038113594,0.5185668468475342,0.5374681353569031,-0.05147075280547142,0.6207407712936401,0.5243327617645264,-0.02896958962082863,0.5729763507843018,0.4408677816390991,-0.05103586986660957,0.5464957356452942,0.3892084062099457,-0.06283088773488998,0.5210974216461182,0.3411415219306946,-0.0727856457233429,0.6622843742370605,0.5086067914962769,-0.030433641746640205,0.6401832103729248,0.4695293605327606,-0.07734012603759766,0.6498210430145264,0.5497878193855286,-0.08536306023597717,0.6598641276359558,0.6103923916816711,-0.0796147808432579,0.7040358781814575,0.5104267597198486,-0.034907735884189606,0.6881921291351318,0.48246076703071594,-0.08054395765066147,0.6865859031677246,0.5640812516212463,-0.07496432214975357,0.6841947436332703,0.618108868598938,-0.05870195850729942,0.7429121136665344,0.521842360496521,-0.041016023606061935,0.7488968968391418,0.4575747847557068,-0.07736152410507202,0.7562207579612732,0.41860777139663696,-0.08518364280462265,0.7601599097251892,0.3701653778553009,-0.083481565117836,0.2159506231546402,0.7937796115875244,-2.0348502971501148e-07,0.28777167201042175,0.770703911781311,-0.026208875700831413,0.35163214802742004,0.6903223991394043,-0.034532222896814346,0.3903808295726776,0.6225470304489136,-0.04355722665786743,0.4171016216278076,0.568464994430542,-0.051799703389406204,0.30611974000930786,0.5706538558006287,-0.01888076215982437,0.3289925456047058,0.4791882038116455,-0.03691820055246353,0.33856356143951416,0.42200303077697754,-0.043712493032217026,0.3483044505119324,0.3717503547668457,-0.04737148433923721,0.26379653811454773,0.566577136516571,-0.021241148933768272,0.2881520688533783,0.5238747596740723,-0.07010428607463837,0.28837886452674866,0.6038796305656433,-0.08639850467443466,0.2851789891719818,0.668448805809021,-0.08337736129760742,0.22126758098602295,0.5761321187019348,-0.026567596942186356,0.23948712646961212,0.5449560284614563,-0.07845604419708252,0.2490050047636032,0.6314326524734497,-0.08271972835063934,0.25302791595458984,0.6928110122680664,-0.06911773234605789,0.1813337504863739,0.5920472741127014,-0.03315085917711258,0.16622349619865417,0.5109512805938721,-0.06517252326011658,0.15783533453941345,0.4577164649963379,-0.07213739305734634,0.15165749192237854,0.4009245038032532,-0.07002691179513931
250,0.7429166436195374,0.7370718717575073,-1.7888629599838168e-07,0.668119490146637,0.721881091594696,-0.02452983893454075,0.5991442203521729,0.6546840071678162,-0.03508034348487854,0.5559884309768677,0.59559565782547,-0.045048683881759644,0.515812337398529,0.5554302334785461,-0.053458139300346375,0.6221582889556885,0.5417043566703796,-0.026125572621822357,0.5756462812423706,0.45611414313316345,-0.05012858286499977,0.5493708252906799,0.4001200795173645,-0.06333822011947632,0.5247290730476379,0.34907230734825134,-0.07416151463985443,0.6649792194366455,0.5250322222709656,-0.02805369161069393,0.6416324973106384,0.4900999963283539,-0.07830465584993362,0.6544082164764404,0.5721660852432251,-0.08792363852262497,0.6669989228248596,0.6337076425552368,-0.0825769379734993,0.707732617855072,0.5272322297096252,-0.03348256275057793,0.690265953540802,0.5014469623565674,-0.0827205628156662,0.6913687586784363,0.5844032168388367,-0.0776769146323204,0.6913793683052063,0.6409137845039368,-0.06054983660578728,0.7485924363136292,0.540998637676239,-0.04070708528161049,0.7564600706100464,0.4766855835914612,-0.07966837286949158,0.7672152519226074,0.4356798827648163,-0.08883136510848999,0.7749394178390503,0.3871655762195587,-0.08738923072814941,0.22908060252666473,0.7712911367416382,-1.8334972651246062e-07,0.29887497425079346,0.74937504529953,-0.0201652180403471,0.36208465695381165,0.6702274084091187,-0.025023167952895164,0.40033507347106934,0.6050826907157898,-0.031603969633579254,0.4234579801559448,0.5536182522773743,-0.037703271955251694,0.31994882225990295,0.5574312210083008,-0.0119033083319664,0.34131956100463867,0.46555253863334656,-0.027688389644026756,0.3517626225948334,0.41173237562179565,-0.033486902713775635,0.361069917678833,0.3609476685523987,-0.03671605512499809,0.2823713421821594,0.5512501001358032,-0.015858206897974014,0.30197611451148987,0.5007680654525757,-0.061855584383010864,0.3050229847431183,0.5768632292747498,-0.07713738083839417,0.3019677698612213,0.6345681548118591,-0.0743693932890892,0.24307753145694733,0.5577901601791382,-0.02228490263223648,0.2589218020439148,0.5107870101928711,-0.06982171535491943,0.2713024914264679,0.5935831665992737,-0.07227738946676254,0.2746717631816864,0.6526941061019897,-0.05880804359912872,0.20392951369285583,0.5694625377655029,-0.029764028266072273,0.19181281328201294,0.4862881302833557,-0.058810628950595856,0.18637996912002563,0.4344438910484314,-0.06483515352010727,0.18141388893127441,0.3787705898284912,-0.06277386099100113
251,0.7369216680526733,0.7258166670799255,-1.5499935557272693e-07,0.6611459255218506,0.7058342099189758,-0.021925587207078934,0.5955957770347595,0.6371554732322693,-0.03142661601305008,0.5582852363586426,0.5780656337738037,-0.041274573653936386,0.5215482711791992,0.5335891246795654,-0.049798253923654556,0.6197962760925293,0.5374230146408081,-0.023049956187605858,0.5836510062217712,0.4471428394317627,-0.04576792195439339,0.5646089315414429,0.39244991540908813,-0.05635053664445877,0.5470522046089172,0.3389146625995636,-0.06413669139146805,0.6615386009216309,0.5243334174156189,-0.025203393772244453,0.6359881162643433,0.49589982628822327,-0.07345672696828842,0.642261266708374,0.5777618288993835,-0.08164186030626297,0.6509709358215332,0.6356906890869141,-0.07512982934713364,0.7009372115135193,0.5283482670783997,-0.030493710190057755,0.6789971590042114,0.502204179763794,-0.07726389914751053,0.6794677972793579,0.5835980772972107,-0.07079349458217621,0.6800589561462402,0.6364861726760864,-0.05286414921283722,0.7381107211112976,0.5431509017944336,-0.03736341372132301,0.7386389970779419,0.4860381484031677,-0.07078465074300766,0.7428432703018188,0.44937190413475037,-0.07600121945142746,0.7445879578590393,0.4042200446128845,-0.07217274606227875,0.21951797604560852,0.7875404953956604,-2.1686780371510395e-07,0.2873760163784027,0.7600173354148865,-0.022163335233926773,0.3504200875759125,0.6744306683540344,-0.028040163218975067,0.38568535447120667,0.6039424538612366,-0.035907596349716187,0.41196808218955994,0.5522907376289368,-0.042781244963407516,0.3037475347518921,0.561307966709137,-0.009598209522664547,0.3227265477180481,0.4755127429962158,-0.02680160105228424,0.3281725347042084,0.42262405157089233,-0.03322949260473251,0.3356224596500397,0.3748226761817932,-0.03673096001148224,0.2643939256668091,0.557839572429657,-0.014271234162151814,0.2947860360145569,0.5134372115135193,-0.06393243372440338,0.30227530002593994,0.5926470160484314,-0.08246319741010666,0.3037877678871155,0.6581708788871765,-0.08031731098890305,0.2261044681072235,0.568121075630188,-0.02198769338428974,0.25261440873146057,0.5361413359642029,-0.07502805441617966,0.26676231622695923,0.6243415474891663,-0.08121887594461441,0.2721724510192871,0.6891813278198242,-0.06792665272951126,0.19026091694831848,0.5842143893241882,-0.030552586540579796,0.18324065208435059,0.5031280517578125,-0.06279893219470978,0.17729829251766205,0.4505123496055603,-0.07046016305685043,0.1714596152305603,0.39455920457839966,-0.0685415118932724
252,0.7394104599952698,0.7115205526351929,-1.726051834793907e-07,0.6676663160324097,0.6943728923797607,-0.01960724964737892,0.6053348183631897,0.630450963973999,-0.029376886785030365,0.5692780017852783,0.5744031667709351,-0.04002685472369194,0.5380553007125854,0.528482973575592,-0.04938792809844017,0.6353286504745483,0.5269052982330322,-0.018624888733029366,0.6047161817550659,0.4377789795398712,-0.039537884294986725,0.5890726447105408,0.38542139530181885,-0.04923174902796745,0.5745998620986938,0.3372642397880554,-0.05601505935192108,0.6715087294578552,0.5201140642166138,-0.022683177143335342,0.6482118964195251,0.48296377062797546,-0.0710751861333847,0.6509050726890564,0.5595774054527283,-0.08172515779733658,0.6560587286949158,0.6172200441360474,-0.07589267194271088,0.7068299651145935,0.5256854891777039,-0.029402201995253563,0.688349723815918,0.499236136674881,-0.07475867867469788,0.6865929365158081,0.575673520565033,-0.07033342123031616,0.6833678483963013,0.6251072287559509,-0.053286269307136536,0.7412997484207153,0.5379601716995239,-0.037463460117578506,0.7374522686004639,0.48000669479370117,-0.06735467910766602,0.7382910251617432,0.44294095039367676,-0.07051686942577362,0.7366464734077454,0.3983446955680847,-0.06523295491933823,0.2284173220396042,0.7669304609298706,-1.645527305527139e-07,0.2921953797340393,0.7339171767234802,-0.020023124292492867,0.3506258726119995,0.6530476808547974,-0.026466723531484604,0.38480857014656067,0.5873458385467529,-0.03449145331978798,0.40593403577804565,0.5315293073654175,-0.041265539824962616,0.3026123344898224,0.5500808358192444,-0.012464980594813824,0.31767913699150085,0.4624060392379761,-0.02805832214653492,0.3227750062942505,0.4128701090812683,-0.033022113144397736,0.3288024365901947,0.3659780025482178,-0.035153139382600784,0.2686302065849304,0.5479848980903625,-0.01640642248094082,0.29605570435523987,0.5048012733459473,-0.060164231806993484,0.30391475558280945,0.5734888315200806,-0.07462067902088165,0.30419081449508667,0.6268092393875122,-0.07199828326702118,0.2338138073682785,0.5569965839385986,-0.02293008379638195,0.2567209005355835,0.5131049752235413,-0.06866350769996643,0.2713528871536255,0.5913577675819397,-0.07119262218475342,0.27664420008659363,0.648859977722168,-0.05819238722324371,0.20064327120780945,0.5714874863624573,-0.030487338081002235,0.19090381264686584,0.48883697390556335,-0.057367853820323944,0.18641188740730286,0.4364449381828308,-0.06254184991121292,0.18246208131313324,0.3843381404876709,-0.0601608082652092
253,0.7315860986709595,0.7231015563011169,-2.2671359545256564e-07,0.6601989269256592,0.7012196183204651,-0.015471328981220722,0.6019129157066345,0.6387813687324524,-0.02371365576982498,0.5647892355918884,0.587534487247467,-0.03389216959476471,0.5308352708816528,0.5501351952552795,-0.04405161738395691,0.6291998028755188,0.5412460565567017,-0.018021969124674797,0.5950300097465515,0.4590466618537903,-0.04099615290760994,0.5765018463134766,0.40723004937171936,-0.05233938246965408,0.5596377849578857,0.35813987255096436,-0.05924999341368675,0.6660992503166199,0.5288764834403992,-0.022644298151135445,0.6344066858291626,0.5150615572929382,-0.06794032454490662,0.6335142254829407,0.5919097661972046,-0.07675733417272568,0.6388296484947205,0.647761881351471,-0.07097399234771729,0.7001739144325256,0.5345060229301453,-0.029682762920856476,0.671112596988678,0.5302499532699585,-0.07498742640018463,0.67014080286026,0.6065138578414917,-0.0703563317656517,0.6728816628456116,0.6559039354324341,-0.05285785719752312,0.7312539219856262,0.55084627866745,-0.03757086768746376,0.7239705324172974,0.5019235014915466,-0.06630709022283554,0.7208593487739563,0.46964141726493835,-0.0680776908993721,0.7184010148048401,0.4318161606788635,-0.061544448137283325,0.24010883271694183,0.7604231834411621,-2.2432686819229275e-07,0.3026164472103119,0.7309715151786804,-0.015152204781770706,0.3573780655860901,0.6519220471382141,-0.019537581130862236,0.39101237058639526,0.5913779139518738,-0.02662530168890953,0.41475629806518555,0.5440797209739685,-0.03318612277507782,0.31263265013694763,0.5477004647254944,-0.009342201054096222,0.3295065760612488,0.4647069275379181,-0.024883443489670753,0.3359893560409546,0.4154666066169739,-0.029629383236169815,0.34223100543022156,0.37004703283309937,-0.03166936710476875,0.2783939242362976,0.5436277985572815,-0.01518115121871233,0.30652356147766113,0.5068687796592712,-0.058425068855285645,0.3156202733516693,0.580378532409668,-0.07207626104354858,0.31552186608314514,0.6356339454650879,-0.06865181773900986,0.2449338436126709,0.5540464520454407,-0.023100093007087708,0.2678787410259247,0.5223260521888733,-0.06912398338317871,0.28272324800491333,0.6044325828552246,-0.07078448683023453,0.287536084651947,0.6601203680038452,-0.05673965811729431,0.21339590847492218,0.5726890563964844,-0.03154347836971283,0.20303495228290558,0.4973917603492737,-0.05929015949368477,0.20103159546852112,0.45046085119247437,-0.06378946453332901,0.19950105249881744,0.4000495672225952,-0.06039863079786301
254,0.7042300701141357,0.769099235534668,-2.035201163153033e-07,0.6418660283088684,0.748611330986023,-0.017201004549860954,0.585211992263794,0.6782878041267395,-0.02470960095524788,0.5507540106773376,0.6231622695922852,-0.03428111597895622,0.5167402625083923,0.5873429179191589,-0.04377799853682518,0.6113056540489197,0.5770321488380432,-0.017624476924538612,0.5831544399261475,0.4841107726097107,-0.03934158384799957,0.5660078525543213,0.424272745847702,-0.04891016706824303,0.5505782961845398,0.37329936027526855,-0.054384004324674606,0.6474552154541016,0.5662360787391663,-0.021860120818018913,0.6134551167488098,0.5540500283241272,-0.0676359161734581,0.6125389933586121,0.6341619491577148,-0.07501153647899628,0.6207250356674194,0.6918002963066101,-0.06735175848007202,0.6808106303215027,0.5745104551315308,-0.028877608478069305,0.6471502184867859,0.5612606406211853,-0.07499397546052933,0.6448491215705872,0.6383836269378662,-0.06913391500711441,0.6499989032745361,0.6901489496231079,-0.05010421574115753,0.7106389403343201,0.5930390954017639,-0.03696420416235924,0.7015300393104553,0.5413808226585388,-0.06675974279642105,0.6942731738090515,0.5096237063407898,-0.06858867406845093,0.6900908946990967,0.4725196361541748,-0.06149565801024437,0.22987236082553864,0.7841571569442749,-2.19866223005738e-07,0.29514095187187195,0.7593246698379517,-0.021672891452908516,0.3538273274898529,0.6740567684173584,-0.028549641370773315,0.3892555832862854,0.6054441332817078,-0.037157513201236725,0.416236937046051,0.5547105669975281,-0.045186396688222885,0.3089275360107422,0.5695059299468994,-0.014824424870312214,0.3270912170410156,0.48334163427352905,-0.033289603888988495,0.33531081676483154,0.4300205409526825,-0.04094385355710983,0.34309035539627075,0.38087767362594604,-0.04518495127558708,0.272208034992218,0.5649440288543701,-0.01898379623889923,0.3040153384208679,0.5275992751121521,-0.06706929951906204,0.31160658597946167,0.6033142805099487,-0.08354996144771576,0.3107166588306427,0.6623736619949341,-0.08112388849258423,0.2358357161283493,0.5746588110923767,-0.02583044208586216,0.26244160532951355,0.5429800748825073,-0.0757124051451683,0.2761203348636627,0.6280720233917236,-0.07829313725233078,0.28022757172584534,0.6890558004379272,-0.06374646723270416,0.2012602686882019,0.5925901532173157,-0.033830687403678894,0.19374799728393555,0.5147424340248108,-0.06420520693063736,0.18931394815444946,0.46420398354530334,-0.06984970718622208,0.18548941612243652,0.4109923839569092,-0.06670938432216644
255,0.7254672050476074,0.7899832129478455,-1.6106763212064834e-07,0.6505174040794373,0.7823625206947327,-0.02443605288863182,0.5804567337036133,0.702998161315918,-0.034750401973724365,0.5408748984336853,0.6372268795967102,-0.04526350647211075,0.5002931356430054,0.5941378474235535,-0.054342709481716156,0.6075294017791748,0.5745538473129272,-0.02305944263935089,0.5802208781242371,0.46896910667419434,-0.04736340790987015,0.5672769546508789,0.3982875347137451,-0.06014644354581833,0.5552160143852234,0.3366396427154541,-0.06915439665317535,0.6520732641220093,0.5651689171791077,-0.02688485197722912,0.6287902593612671,0.5291268825531006,-0.08258627355098724,0.6354658007621765,0.6178392767906189,-0.09435296803712845,0.6431758403778076,0.6883584260940552,-0.08666229993104935,0.6955597400665283,0.5743652582168579,-0.03395012021064758,0.6737314462661743,0.5504780411720276,-0.08750355243682861,0.6734104752540588,0.6356005072593689,-0.08133688569068909,0.6723234057426453,0.6923246383666992,-0.059951312839984894,0.7376703023910522,0.5912775993347168,-0.0425499752163887,0.7285741567611694,0.5243251919746399,-0.07824729382991791,0.7227661609649658,0.4831477403640747,-0.08055699616670609,0.7155925035476685,0.4333330988883972,-0.07293151319026947,0.203698992729187,0.8159636855125427,-9.02079122511168e-08,0.27406546473503113,0.7972580790519714,-0.029052233323454857,0.3386911451816559,0.7009443044662476,-0.035337235778570175,0.3791162371635437,0.6223985552787781,-0.041690852493047714,0.40030282735824585,0.5582982897758484,-0.04653967544436455,0.2911871671676636,0.5804526209831238,-0.01682845875620842,0.30372342467308044,0.4800472855567932,-0.035785503685474396,0.30806490778923035,0.41480329632759094,-0.04351121932268143,0.31197020411491394,0.3554914891719818,-0.04824749380350113,0.24799378216266632,0.5749651789665222,-0.01938188076019287,0.27429983019828796,0.51334547996521,-0.06988447159528732,0.2831666171550751,0.5909484624862671,-0.08679122477769852,0.2844086289405823,0.65299391746521,-0.08347417414188385,0.20351561903953552,0.5831084847450256,-0.026093363761901855,0.22502397000789642,0.5387051701545715,-0.08121229708194733,0.2412319779396057,0.634296715259552,-0.08583744615316391,0.2482987493276596,0.7040408253669739,-0.07050321996212006,0.16064320504665375,0.5981537699699402,-0.0346187949180603,0.15245579183101654,0.5078704357147217,-0.06974460929632187,0.14466586709022522,0.45050883293151855,-0.07906467467546463,0.13672994077205658,0.3893294632434845,-0.07799825072288513
256,0.725492000579834,0.797357976436615,-1.7240606098312128e-07,0.6479681134223938,0.7831321954727173,-0.02407320775091648,0.5794055461883545,0.7045239210128784,-0.034583427011966705,0.5401033163070679,0.6387437582015991,-0.04662065953016281,0.4988000690937042,0.5946882963180542,-0.05782304331660271,0.6058390140533447,0.5793374180793762,-0.02093520015478134,0.5777617692947388,0.46970152854919434,-0.04422866925597191,0.5659247040748596,0.3993847668170929,-0.054484203457832336,0.5549774169921875,0.33656415343284607,-0.06104845926165581,0.6498069167137146,0.5725908279418945,-0.024578720331192017,0.6247645020484924,0.5417611598968506,-0.07966327667236328,0.6291120648384094,0.6289737820625305,-0.09172859787940979,0.637104332447052,0.6974824666976929,-0.08472994714975357,0.6913823485374451,0.5812520980834961,-0.0316346175968647,0.6666818261146545,0.5558335185050964,-0.08707919716835022,0.6682755947113037,0.6440058350563049,-0.08443814516067505,0.670245349407196,0.7022883892059326,-0.06505920737981796,0.7314531207084656,0.5973445177078247,-0.0399581603705883,0.7269117832183838,0.5314009189605713,-0.0762132927775383,0.7234204411506653,0.49085211753845215,-0.08152227103710175,0.7185766696929932,0.4429287910461426,-0.07603110373020172,0.2078869491815567,0.8205239176750183,-1.835976206621126e-07,0.28151100873947144,0.7899452447891235,-0.02236873470246792,0.3479273021221161,0.6998781561851501,-0.02831462398171425,0.3882371783256531,0.625541090965271,-0.03656172752380371,0.4096411466598511,0.5649384260177612,-0.0434805229306221,0.2970086634159088,0.5810697674751282,-0.009610562585294247,0.3095906972885132,0.47757241129875183,-0.027888556942343712,0.3150753974914551,0.4150065779685974,-0.035238008946180344,0.32044100761413574,0.35673651099205017,-0.039148103445768356,0.2572515904903412,0.576583981513977,-0.014723718166351318,0.2816465198993683,0.518846869468689,-0.066513791680336,0.29093286395072937,0.6020975708961487,-0.0848851203918457,0.28986963629722595,0.668591320514679,-0.08196070790290833,0.21656480431556702,0.5841294527053833,-0.022955453023314476,0.23669947683811188,0.5300247073173523,-0.07560675591230392,0.25185155868530273,0.6230586767196655,-0.07780872285366058,0.2548495829105377,0.6918399333953857,-0.06153321638703346,0.17687135934829712,0.597342312335968,-0.03263098746538162,0.16355586051940918,0.5041608810424805,-0.06346840411424637,0.15962329506874084,0.4459485411643982,-0.06881885230541229,0.15466025471687317,0.3856862485408783,-0.06506458669900894
257,0.7088889479637146,0.7741235494613647,-9.958577606994368e-08,0.6321998834609985,0.7576875686645508,-0.02426375448703766,0.5677188038825989,0.6837488412857056,-0.03525504842400551,0.5296552777290344,0.620846152305603,-0.04753132537007332,0.49126049876213074,0.5736238360404968,-0.05826973542571068,0.5895799398422241,0.5638754367828369,-0.02053946815431118,0.5630271434783936,0.4506828784942627,-0.04510826990008354,0.5492124557495117,0.3838149309158325,-0.05407988652586937,0.5394279956817627,0.32267507910728455,-0.058127231895923615,0.6310868263244629,0.5587008595466614,-0.02263760380446911,0.606078028678894,0.5123370289802551,-0.07883135229349136,0.6084679365158081,0.6015477180480957,-0.08729585260152817,0.6193774342536926,0.6667991876602173,-0.07549238204956055,0.6696743369102478,0.5659527778625488,-0.02825077809393406,0.6437751054763794,0.5230041742324829,-0.08193997293710709,0.6461159586906433,0.6114660501480103,-0.07403913885354996,0.6525272727012634,0.6664738655090332,-0.04973805323243141,0.7078935503959656,0.5814441442489624,-0.03537335246801376,0.7022293210029602,0.515009343624115,-0.06924151629209518,0.6951389312744141,0.4753354489803314,-0.071124367415905,0.6888351440429688,0.4245401620864868,-0.06197090446949005,0.18825915455818176,0.8319975137710571,-2.3775709223627928e-07,0.2635604739189148,0.8027170300483704,-0.02523907832801342,0.33258718252182007,0.7019437551498413,-0.029830776154994965,0.372464656829834,0.6222198605537415,-0.03599757328629494,0.39460188150405884,0.5614928603172302,-0.04105725139379501,0.27737706899642944,0.5786632895469666,-0.014540647156536579,0.29320451617240906,0.47954267263412476,-0.03418871387839317,0.2972923517227173,0.41739630699157715,-0.040598612278699875,0.3034047782421112,0.36151379346847534,-0.043571483343839645,0.23125474154949188,0.5747613906860352,-0.01902831718325615,0.2591015100479126,0.5258829593658447,-0.0751274824142456,0.26089656352996826,0.6150014400482178,-0.0927405059337616,0.25792643427848816,0.6836251020431519,-0.08766642957925797,0.18558135628700256,0.5861821174621582,-0.02704734168946743,0.20285432040691376,0.5486199259757996,-0.08736059814691544,0.2165732979774475,0.6506750583648682,-0.09145352989435196,0.22406306862831116,0.7231504917144775,-0.07363863289356232,0.1422603577375412,0.6045525074005127,-0.03617371618747711,0.12991614639759064,0.5111796855926514,-0.07273555546998978,0.12075474858283997,0.4532002806663513,-0.08011547476053238,0.11281146109104156,0.3907749652862549,-0.07647787034511566
258,0.7324117422103882,0.7671866416931152,-2.4646661245242285e-07,0.659619927406311,0.7472559213638306,-0.015633096918463707,0.5922402739524841,0.6658283472061157,-0.021007569506764412,0.5528230667114258,0.6015312075614929,-0.02974524535238743,0.5164728164672852,0.5517541766166687,-0.037899263203144073,0.6158154010772705,0.5387855768203735,-0.008715900592505932,0.5909755825996399,0.43107426166534424,-0.029606053605675697,0.579021692276001,0.36181652545928955,-0.038792699575424194,0.5682556629180908,0.3029654324054718,-0.0442221537232399,0.6581147313117981,0.5302457213401794,-0.01534191519021988,0.6287255883216858,0.5025901198387146,-0.06556565314531326,0.6358234882354736,0.5907120108604431,-0.07645507156848907,0.6473525762557983,0.6580789089202881,-0.06871003657579422,0.6997604370117188,0.5359140634536743,-0.024837231263518333,0.669944703578949,0.5072427988052368,-0.07533182203769684,0.6728803515434265,0.5907936692237854,-0.07079881429672241,0.6783286333084106,0.6486387252807617,-0.05045833811163902,0.7397574782371521,0.5498754382133484,-0.03507272154092789,0.7350982427597046,0.4815318286418915,-0.06699799746274948,0.7334156036376953,0.44151371717453003,-0.06904474645853043,0.7310428619384766,0.39759916067123413,-0.061034370213747025,0.21896135807037354,0.788733184337616,-1.5689536780882918e-07,0.2940208613872528,0.758601188659668,-0.019355490803718567,0.3584904074668884,0.6746473908424377,-0.02328285202383995,0.39702582359313965,0.6040483117103577,-0.029936371371150017,0.41782426834106445,0.547518253326416,-0.03550048545002937,0.3075641393661499,0.5566176176071167,-0.001734458957798779,0.32216623425483704,0.46275538206100464,-0.01493868324905634,0.328208863735199,0.4067043662071228,-0.01958361268043518,0.3345269560813904,0.3555765450000763,-0.021760888397693634,0.2713494300842285,0.5553500056266785,-0.006621764972805977,0.29475104808807373,0.5009958148002625,-0.05119302496314049,0.30261483788490295,0.5718547701835632,-0.06701591610908508,0.30464452505111694,0.6292933225631714,-0.06404606252908707,0.2331024408340454,0.5638443231582642,-0.014614079147577286,0.251377671957016,0.5133981704711914,-0.06167781725525856,0.26505640149116516,0.5923084616661072,-0.0648011639714241,0.2700690031051636,0.6489574909210205,-0.05095632001757622,0.19519995152950287,0.5756593942642212,-0.023785298690199852,0.18216532468795776,0.49026310443878174,-0.051405202597379684,0.17565760016441345,0.4341282248497009,-0.05636170506477356,0.17009910941123962,0.3749261498451233,-0.053141962736845016
259,0.7628757357597351,0.7584423422813416,1.124373483207819e-07,0.6912392377853394,0.7389382719993591,-0.024346835911273956,0.6250572800636292,0.6568875908851624,-0.03680228441953659,0.5885958075523376,0.5884485244750977,-0.04876839742064476,0.5552483201026917,0.5346875190734863,-0.06082907319068909,0.6648661494255066,0.5252150297164917,-0.0312076173722744,0.6447206139564514,0.41213899850845337,-0.057826001197099686,0.634558916091919,0.33779430389404297,-0.07441912591457367,0.6252222061157227,0.27510005235671997,-0.08728189766407013,0.7105278968811035,0.5201704502105713,-0.03514456748962402,0.6892680525779724,0.4872954487800598,-0.09034360945224762,0.6936537027359009,0.5849074125289917,-0.10679448395967484,0.7021490931510925,0.6550683379173279,-0.10563264787197113,0.7562599778175354,0.532802402973175,-0.04176745191216469,0.7325222492218018,0.5001656413078308,-0.0945233702659607,0.7269189953804016,0.5941118597984314,-0.09474752098321915,0.7238489985466003,0.6604933142662048,-0.08069785684347153,0.8003734946250916,0.5575332045555115,-0.04950029402971268,0.8053115010261536,0.4834257662296295,-0.09471219033002853,0.8091921806335449,0.4409622550010681,-0.10742821544408798,0.8094118237495422,0.39055436849594116,-0.10664943605661392,0.1971028596162796,0.7621641159057617,-4.269793763000962e-08,0.2654518783092499,0.7305203080177307,-0.024701306596398354,0.327770471572876,0.646542489528656,-0.029563426971435547,0.3680534362792969,0.5788657665252686,-0.03538583219051361,0.38341882824897766,0.5166868567466736,-0.03959885612130165,0.27679693698883057,0.5272060632705688,-0.007420188281685114,0.2885076701641083,0.4308793842792511,-0.021150726824998856,0.29483506083488464,0.3736211657524109,-0.026440361514687538,0.301144540309906,0.32156309485435486,-0.029119670391082764,0.2380971610546112,0.5266841650009155,-0.010428115725517273,0.257565438747406,0.4705815613269806,-0.05349985510110855,0.2691100537776947,0.541150689125061,-0.06967563182115555,0.27281540632247925,0.598227858543396,-0.0677107647061348,0.19794651865959167,0.5376437902450562,-0.016904260963201523,0.21586114168167114,0.4878883957862854,-0.06272931396961212,0.23043549060821533,0.5690993070602417,-0.06576095521450043,0.23524712026119232,0.6289461851119995,-0.05241943895816803,0.15895862877368927,0.5526711940765381,-0.02513645403087139,0.148832768201828,0.46574580669403076,-0.052206654101610184,0.14573046565055847,0.4122138023376465,-0.057034965604543686,0.14163494110107422,0.3572670817375183,-0.05410126596689224
260,0.7554776668548584,0.7534865140914917,-1.3269068688259722e-07,0.6808133721351624,0.7250188589096069,-0.02915978990495205,0.6150662302970886,0.6431967616081238,-0.04323160648345947,0.5759519338607788,0.5798969864845276,-0.057851336896419525,0.5451219081878662,0.520682156085968,-0.07026123255491257,0.6512582898139954,0.5091821551322937,-0.023897813633084297,0.6347167491912842,0.39832252264022827,-0.0480777844786644,0.6259646415710449,0.33052563667297363,-0.057616058737039566,0.6184356808662415,0.2708897888660431,-0.06315554678440094,0.6981012225151062,0.5080150961875916,-0.025434207171201706,0.6772347092628479,0.4779023230075836,-0.08119466155767441,0.6805824041366577,0.5654431581497192,-0.09280720353126526,0.6877307891845703,0.6320593357086182,-0.0849771574139595,0.7419034242630005,0.5212934017181396,-0.03097650036215782,0.7235658764839172,0.4989965260028839,-0.08730356395244598,0.7215450406074524,0.5845047831535339,-0.08380773663520813,0.719872236251831,0.6394649744033813,-0.06338298320770264,0.784674882888794,0.5411245226860046,-0.03800943121314049,0.783842921257019,0.4733762741088867,-0.07310643792152405,0.7848098874092102,0.433637410402298,-0.07566440105438232,0.7832748889923096,0.3848339915275574,-0.06790800392627716,0.18503914773464203,0.7742882370948792,-1.8705456739098736e-07,0.2561284303665161,0.7388925552368164,-0.02551456354558468,0.3186308741569519,0.6556347608566284,-0.033499620854854584,0.35624295473098755,0.5817128419876099,-0.04232282564043999,0.37512820959091187,0.5206071138381958,-0.04987715557217598,0.2713494896888733,0.5382518172264099,-0.013638539239764214,0.278893381357193,0.43980666995048523,-0.03199477866292,0.2799021303653717,0.3796123266220093,-0.03971584513783455,0.2808534801006317,0.32538527250289917,-0.0438469760119915,0.23068735003471375,0.5344422459602356,-0.016786910593509674,0.2444666028022766,0.47623497247695923,-0.06586934626102448,0.2540276348590851,0.5534037947654724,-0.08374248445034027,0.256583034992218,0.6160829067230225,-0.08165717124938965,0.18827861547470093,0.5430760979652405,-0.023222653195261955,0.19949233531951904,0.49551767110824585,-0.07455804198980331,0.2163468599319458,0.579555869102478,-0.07888229936361313,0.22351416945457458,0.6414687037467957,-0.06498102098703384,0.1453736424446106,0.5574110746383667,-0.031049223616719246,0.1269243359565735,0.46899205446243286,-0.06096392497420311,0.11859670281410217,0.41503477096557617,-0.06666406244039536,0.11007872223854065,0.35730236768722534,-0.06375353038311005
261,0.705511212348938,0.7573984861373901,-1.33110290789773e-07,0.6293341517448425,0.7324029207229614,-0.027918480336666107,0.5709084272384644,0.6519715785980225,-0.04020390659570694,0.5363383889198303,0.585938036441803,-0.053687967360019684,0.5007890462875366,0.5348503589630127,-0.06580131500959396,0.5978226661682129,0.5334432721138,-0.019987601786851883,0.5755383372306824,0.4218497574329376,-0.04265739023685455,0.5655333995819092,0.3555140197277069,-0.05253811925649643,0.5563637018203735,0.29598307609558105,-0.057699963450431824,0.6378628015518188,0.5309606194496155,-0.02107141725718975,0.6122811436653137,0.49057334661483765,-0.07364871352910995,0.6088416576385498,0.5724412202835083,-0.08517112582921982,0.612004280090332,0.6353467702865601,-0.0773809403181076,0.6753057837486267,0.5393368601799011,-0.026005282998085022,0.651242733001709,0.5069530010223389,-0.07731416076421738,0.6459240913391113,0.5917598009109497,-0.07307036966085434,0.6439832448959351,0.6463757753372192,-0.05286853015422821,0.7110324501991272,0.5524652600288391,-0.03296462446451187,0.7032584547996521,0.4861273169517517,-0.06307587772607803,0.6961047053337097,0.44535768032073975,-0.06414001435041428,0.6895391345024109,0.39574694633483887,-0.056098245084285736,0.23820199072360992,0.791093647480011,-2.2182767622780375e-07,0.30857640504837036,0.7609826326370239,-0.021336974576115608,0.37391090393066406,0.6711509823799133,-0.027264798060059547,0.41367530822753906,0.6004478931427002,-0.03545822575688362,0.44164299964904785,0.5451317429542542,-0.04259826987981796,0.3256916403770447,0.5515832901000977,-0.008692066185176373,0.34272730350494385,0.4536934494972229,-0.024086683988571167,0.3494024872779846,0.39670318365097046,-0.027951745316386223,0.35657036304473877,0.3463365137577057,-0.029111618176102638,0.2882399260997772,0.5487720370292664,-0.013836899772286415,0.31571006774902344,0.4955761134624481,-0.062240295112133026,0.32274240255355835,0.5713961124420166,-0.07842040807008743,0.32220733165740967,0.6336607933044434,-0.074265256524086,0.24872879683971405,0.5579159259796143,-0.02215956710278988,0.2742522358894348,0.5149950385093689,-0.07297105342149734,0.28869423270225525,0.6013686060905457,-0.07752617448568344,0.2926484942436218,0.664078414440155,-0.06329274922609329,0.20922890305519104,0.5720090270042419,-0.031391698867082596,0.19978956878185272,0.4818398058414459,-0.059950824826955795,0.1937927007675171,0.42533743381500244,-0.06497861444950104,0.18687407672405243,0.3663196861743927,-0.06168410927057266
262,0.6972795724868774,0.7678639888763428,-1.3228735440407036e-07,0.6237255334854126,0.7452792525291443,-0.023511376231908798,0.5638397932052612,0.6689195036888123,-0.0357573926448822,0.5270926356315613,0.6055870652198792,-0.049751199781894684,0.4920731484889984,0.5583250522613525,-0.06323584914207458,0.5896369218826294,0.5533395409584045,-0.0234691072255373,0.5652564167976379,0.4390494227409363,-0.04918351396918297,0.554482102394104,0.37011921405792236,-0.060623280704021454,0.5451952219009399,0.3087252974510193,-0.06628485023975372,0.6272028088569641,0.5497003197669983,-0.025768833234906197,0.5962454080581665,0.5118135213851929,-0.07741361856460571,0.5939843654632568,0.5941656827926636,-0.08594954013824463,0.6001878380775452,0.6549778580665588,-0.07671056687831879,0.6619428992271423,0.5577100515365601,-0.03135968744754791,0.6306152939796448,0.527370274066925,-0.08190561085939407,0.6286828517913818,0.6152626872062683,-0.07451888173818588,0.6324948072433472,0.6708613634109497,-0.052310049533843994,0.6958616971969604,0.572257936000824,-0.03854066878557205,0.6885943412780762,0.5047731399536133,-0.06802602112293243,0.6819052696228027,0.46638792753219604,-0.06730534136295319,0.6762039661407471,0.419877827167511,-0.05781273916363716,0.2512507438659668,0.7635114789009094,-8.215908309239239e-08,0.3225392699241638,0.7319485545158386,-0.02273027040064335,0.3818565309047699,0.6519466042518616,-0.031487055122852325,0.42130813002586365,0.5818058252334595,-0.04233448952436447,0.448914110660553,0.5221982002258301,-0.05211334675550461,0.34447774291038513,0.5423533916473389,-0.011211877688765526,0.3623347580432892,0.44390010833740234,-0.028741996735334396,0.3697108328342438,0.3852750062942505,-0.035738248378038406,0.37439268827438354,0.33090919256210327,-0.039228104054927826,0.30833205580711365,0.5366459488868713,-0.016118941828608513,0.32803061604499817,0.4762750566005707,-0.06403043866157532,0.34202975034713745,0.5410169363021851,-0.08248694241046906,0.3462678790092468,0.594565212726593,-0.08148951828479767,0.2698729932308197,0.5418617129325867,-0.023927707225084305,0.2867461144924164,0.4891206622123718,-0.07286206632852554,0.305022656917572,0.5664581656455994,-0.07695990800857544,0.3117472529411316,0.6247775554656982,-0.06388162076473236,0.23126046359539032,0.5507463216781616,-0.03313206508755684,0.2203884869813919,0.46193915605545044,-0.06154746562242508,0.21749478578567505,0.4039970636367798,-0.06672454625368118,0.2133912742137909,0.34433794021606445,-0.06378953903913498
263,0.7173067331314087,0.79124516248703,-2.7487726583785843e-07,0.6420813798904419,0.7732282876968384,-0.02203378826379776,0.5757774114608765,0.6911752820014954,-0.03202776610851288,0.5363511443138123,0.6248002052307129,-0.0438908226788044,0.5002557635307312,0.5752122402191162,-0.055325817316770554,0.6049370765686035,0.5737046599388123,-0.021570688113570213,0.5786557197570801,0.46139752864837646,-0.04484705626964569,0.5675992369651794,0.394403874874115,-0.05480387806892395,0.5570536851882935,0.3328467607498169,-0.060617804527282715,0.6469294428825378,0.5657029747962952,-0.024388041347265244,0.6169708371162415,0.5401700735092163,-0.0756639614701271,0.6186986565589905,0.6264179944992065,-0.08526025712490082,0.6271666288375854,0.6893813610076904,-0.0771087035536766,0.6856752038002014,0.573100209236145,-0.03014039248228073,0.6537822484970093,0.5473116040229797,-0.08161183446645737,0.6542938947677612,0.6344544887542725,-0.0767921581864357,0.6589063405990601,0.6928219795227051,-0.05629400536417961,0.7217294573783875,0.5892801880836487,-0.037022922188043594,0.7136105298995972,0.5282516479492188,-0.06943795084953308,0.7066613435745239,0.4922388792037964,-0.07179103046655655,0.7013812065124512,0.4496724009513855,-0.06399988383054733,0.24386441707611084,0.7393785715103149,-6.398400387297443e-08,0.3125479221343994,0.7087066173553467,-0.02051141858100891,0.37333622574806213,0.6323633193969727,-0.026456687599420547,0.41427743434906006,0.564116358757019,-0.03429025784134865,0.42842230200767517,0.5049701929092407,-0.04093067720532417,0.33046361804008484,0.5232738852500916,-0.006225960794836283,0.34688541293144226,0.4271552562713623,-0.020569704473018646,0.35415738821029663,0.36995571851730347,-0.026403119787573814,0.35911843180656433,0.3164833188056946,-0.030132366344332695,0.2976238429546356,0.5192168951034546,-0.011075746268033981,0.3169778287410736,0.45610734820365906,-0.05479207634925842,0.33154600858688354,0.5206233859062195,-0.07323542982339859,0.336514949798584,0.5750700235366821,-0.07386881113052368,0.2620351016521454,0.5228779315948486,-0.018747728317975998,0.28064894676208496,0.4624444246292114,-0.06310759484767914,0.3021290898323059,0.5312508940696716,-0.06935019046068192,0.31028681993484497,0.5868552923202515,-0.059914518147706985,0.2245711386203766,0.5307372808456421,-0.027721934020519257,0.21569624543190002,0.44426387548446655,-0.05361432582139969,0.2126075178384781,0.3878805637359619,-0.060899488627910614,0.20779092609882355,0.332489550113678,-0.060939084738492966
264,0.7274368405342102,0.7867457866668701,-2.2708250924097229e-07,0.6502846479415894,0.766937792301178,-0.02184390090405941,0.5831798315048218,0.6875935792922974,-0.031044168397784233,0.5454870462417603,0.6215964555740356,-0.04198906198143959,0.5120050311088562,0.5689101219177246,-0.05207592621445656,0.6164788007736206,0.5674978494644165,-0.01966686360538006,0.5904448628425598,0.45567408204078674,-0.04189673811197281,0.5771865248680115,0.38893842697143555,-0.05042049288749695,0.5641942620277405,0.3293059766292572,-0.05543385073542595,0.6579368114471436,0.5630866289138794,-0.023612216114997864,0.6291466355323792,0.5307326912879944,-0.07820246368646622,0.6309518814086914,0.6188104152679443,-0.0887843668460846,0.6377599835395813,0.6855512857437134,-0.0799853727221489,0.6959972977638245,0.5728829503059387,-0.03070906177163124,0.6683163046836853,0.5469749569892883,-0.08431372791528702,0.667374312877655,0.6346110701560974,-0.08066553622484207,0.6671178936958313,0.6913741827011108,-0.06058264523744583,0.7318962812423706,0.5905274152755737,-0.038970377296209335,0.7240314483642578,0.5297082662582397,-0.07350877672433853,0.7212992310523987,0.49118661880493164,-0.07764813303947449,0.7181923985481262,0.4440659284591675,-0.07117105275392532,0.2346297800540924,0.7375158071517944,-1.1394305943213112e-07,0.3027142584323883,0.7120310068130493,-0.024257905781269073,0.36480411887168884,0.6303344964981079,-0.03001249022781849,0.4028778374195099,0.5592311024665833,-0.03619548678398132,0.42375850677490234,0.5018441677093506,-0.04068620875477791,0.32197704911231995,0.518247663974762,-0.010612614452838898,0.3373277187347412,0.42355746030807495,-0.024470632895827293,0.3427419364452362,0.3659418821334839,-0.028328919783234596,0.34755080938339233,0.3151569366455078,-0.030103061348199844,0.28736889362335205,0.5127837657928467,-0.013192643411457539,0.30970412492752075,0.4499945640563965,-0.056763045489788055,0.31849563121795654,0.5170557498931885,-0.07277868688106537,0.31943196058273315,0.57513827085495,-0.0706205815076828,0.2499704658985138,0.5173112154006958,-0.018899165093898773,0.2717302441596985,0.46185198426246643,-0.06554427742958069,0.285953551530838,0.5383195877075195,-0.07053961604833603,0.28906261920928955,0.5974949598312378,-0.058681659400463104,0.21085406839847565,0.5263435244560242,-0.02583949640393257,0.20110076665878296,0.43657392263412476,-0.05293862894177437,0.19692763686180115,0.3798198699951172,-0.05904647707939148,0.19195719063282013,0.3228650689125061,-0.057484693825244904
265,0.7207680940628052,0.7723119258880615,-1.5582246248868614e-07,0.6436281800270081,0.7493719458580017,-0.023282812908291817,0.5785152316093445,0.6739673018455505,-0.03563084825873375,0.5417173504829407,0.6123167276382446,-0.04957885667681694,0.5096078515052795,0.5581746697425842,-0.06220128387212753,0.607627272605896,0.5535508394241333,-0.01983187533915043,0.5843274593353271,0.44349098205566406,-0.0431937500834465,0.5737439393997192,0.3776046931743622,-0.053182218223810196,0.5644317865371704,0.319305956363678,-0.058729249984025955,0.6503073573112488,0.5489286780357361,-0.023092282935976982,0.6243856549263,0.5164655447006226,-0.07653535902500153,0.6254568696022034,0.6020040512084961,-0.08748389780521393,0.63163822889328,0.6676554083824158,-0.07943875342607498,0.6886754035949707,0.556740939617157,-0.029705243185162544,0.6611418724060059,0.5248691439628601,-0.08164249360561371,0.6612180471420288,0.6094738841056824,-0.07695423811674118,0.6630270481109619,0.6656556725502014,-0.05654282867908478,0.72564697265625,0.5720587372779846,-0.03756652772426605,0.714763879776001,0.5091801881790161,-0.06900275498628616,0.7090569138526917,0.4730619192123413,-0.0703701451420784,0.7029147148132324,0.428733766078949,-0.062202516943216324,0.22158460319042206,0.7610960006713867,-1.3187585068408225e-07,0.2903207242488861,0.7338435649871826,-0.026118051260709763,0.3513624668121338,0.6510118842124939,-0.03300720453262329,0.38891392946243286,0.5783517956733704,-0.04028039053082466,0.4106069803237915,0.519605815410614,-0.0461067296564579,0.30675584077835083,0.5333362221717834,-0.012083779089152813,0.32184213399887085,0.435097873210907,-0.028518037870526314,0.328602135181427,0.37504732608795166,-0.03511819615960121,0.33459073305130005,0.3217772841453552,-0.03870456665754318,0.2707667648792267,0.529675304889679,-0.014257799834012985,0.2919219732284546,0.46700426936149597,-0.06038428843021393,0.30511507391929626,0.5381973385810852,-0.07867774367332458,0.3100571632385254,0.6005188226699829,-0.0775117576122284,0.2323281466960907,0.5373668670654297,-0.01966892182826996,0.25194883346557617,0.4851701855659485,-0.06843863427639008,0.2693917751312256,0.563387393951416,-0.07478505373001099,0.2756442427635193,0.6235959529876709,-0.06316037476062775,0.19314774870872498,0.5498279929161072,-0.026416487991809845,0.18252763152122498,0.46035802364349365,-0.05605775862932205,0.17741401493549347,0.4029862880706787,-0.06350419670343399,0.1707027405500412,0.3445241451263428,-0.06218055635690689
266,0.7145938277244568,0.7648540735244751,-1.5490493865399912e-07,0.6365651488304138,0.7427635788917542,-0.023525655269622803,0.5741448998451233,0.665814995765686,-0.03533271700143814,0.5365269780158997,0.6018273234367371,-0.04816523939371109,0.5010789036750793,0.5508516430854797,-0.05942465737462044,0.6048577427864075,0.55321204662323,-0.02248554676771164,0.579590380191803,0.441256046295166,-0.045945920050144196,0.5672286748886108,0.3750757575035095,-0.05490238964557648,0.5564553141593933,0.31667569279670715,-0.05949576944112778,0.6460530757904053,0.5482867360115051,-0.02475321851670742,0.617274284362793,0.5137424468994141,-0.07824090868234634,0.6156020760536194,0.5972731113433838,-0.08740989863872528,0.6217963695526123,0.6624954342842102,-0.07813538610935211,0.6824597120285034,0.5560837388038635,-0.030272312462329865,0.6537758111953735,0.5255061388015747,-0.0821237862110138,0.651748776435852,0.6089242100715637,-0.0767320767045021,0.6532914042472839,0.6638320088386536,-0.05591792240738869,0.7167205810546875,0.5712969303131104,-0.0371345579624176,0.709205687046051,0.5096572041511536,-0.06972642242908478,0.7021660804748535,0.4708065986633301,-0.07280974090099335,0.6948487162590027,0.4231990575790405,-0.06579004973173141,0.21834991872310638,0.7736184597015381,-1.3335788651147595e-07,0.2871280610561371,0.7434314489364624,-0.02636931650340557,0.35022875666618347,0.6583594083786011,-0.034535545855760574,0.38689950108528137,0.5858677625656128,-0.043670572340488434,0.40676867961883545,0.5245260000228882,-0.05111522227525711,0.30137717723846436,0.5395358800888062,-0.012839282862842083,0.3159058690071106,0.43963855504989624,-0.029975926503539085,0.3235824704170227,0.3801358938217163,-0.03609926998615265,0.3312760591506958,0.3269639015197754,-0.03918557986617088,0.2655600309371948,0.5364475250244141,-0.01554154697805643,0.2889435291290283,0.4796174466609955,-0.06377013027667999,0.3015897870063782,0.5540593266487122,-0.0809887945652008,0.3051161468029022,0.616102397441864,-0.07854938507080078,0.2282349169254303,0.545585572719574,-0.021703947335481644,0.24744223058223724,0.49313703179359436,-0.07142461091279984,0.2646031379699707,0.5757578015327454,-0.07541225105524063,0.2702680826187134,0.6377780437469482,-0.06195618957281113,0.19123724102973938,0.5594874024391174,-0.02950221672654152,0.17865782976150513,0.4697277843952179,-0.059463683515787125,0.17241902649402618,0.41159892082214355,-0.06632598489522934,0.16425547003746033,0.35099703073501587,-0.06451494991779327
267,0.6862401366233826,0.7640697956085205,-1.2683379679856444e-07,0.6127063035964966,0.7377429008483887,-0.0173542071133852,0.5533257126808167,0.6569387316703796,-0.026436038315296173,0.5168293118476868,0.5959165096282959,-0.038204893469810486,0.47659191489219666,0.5554088354110718,-0.049392253160476685,0.5806789398193359,0.5449270606040955,-0.01531972736120224,0.551559567451477,0.43792295455932617,-0.03685951232910156,0.5391251444816589,0.3754688501358032,-0.04562995582818985,0.5288093686103821,0.318026602268219,-0.05013728514313698,0.6183494329452515,0.5392343997955322,-0.02044810727238655,0.5844992995262146,0.5117676854133606,-0.06926713138818741,0.5848060846328735,0.5927497148513794,-0.07852883636951447,0.5940237641334534,0.6520923972129822,-0.07077962905168533,0.652207612991333,0.548069179058075,-0.028403792530298233,0.6174832582473755,0.5219002366065979,-0.07651830464601517,0.6145418286323547,0.6073617935180664,-0.07037685066461563,0.6178537607192993,0.6636578440666199,-0.050193239003419876,0.6827523112297058,0.5655978918075562,-0.03745269402861595,0.6728652715682983,0.5013676881790161,-0.06728470325469971,0.6647330522537231,0.4648144543170929,-0.06846468895673752,0.657489001750946,0.42091965675354004,-0.06078050285577774,0.2134300321340561,0.7907151579856873,-1.429056055712863e-07,0.2838479280471802,0.7574317455291748,-0.026245445013046265,0.34672170877456665,0.668177604675293,-0.03312830254435539,0.38140588998794556,0.5933204889297485,-0.0409272238612175,0.4040256142616272,0.5343031883239746,-0.04714692384004593,0.2959347665309906,0.5524393320083618,-0.01148569118231535,0.31155264377593994,0.45410823822021484,-0.029428105801343918,0.3190459609031677,0.3955264687538147,-0.03638667240738869,0.3276520371437073,0.3431972861289978,-0.03963182866573334,0.25882962346076965,0.5494334697723389,-0.014299699105322361,0.2854640483856201,0.4886700510978699,-0.06331826746463776,0.2960954010486603,0.5622106790542603,-0.08165020495653152,0.29914769530296326,0.6263884902000427,-0.07922772318124771,0.21956002712249756,0.5583576560020447,-0.02059892751276493,0.2410815805196762,0.5125490427017212,-0.07240039110183716,0.25624799728393555,0.5962778925895691,-0.07803349941968918,0.2614765167236328,0.6582146286964417,-0.06439711153507233,0.17988091707229614,0.5719398856163025,-0.028221840038895607,0.16791263222694397,0.48203861713409424,-0.058400366455316544,0.1618930995464325,0.42496609687805176,-0.06458846479654312,0.15471571683883667,0.36631476879119873,-0.0617561899125576
268,0.6739183664321899,0.7573618292808533,-1.8710007054778544e-07,0.5986359715461731,0.7331616282463074,-0.019951632246375084,0.5387347340583801,0.6591452360153198,-0.03077501431107521,0.49826231598854065,0.6009898781776428,-0.04385313391685486,0.4591749310493469,0.5574527978897095,-0.055862970650196075,0.5640445947647095,0.5471926331520081,-0.017397308722138405,0.5299824476242065,0.441430926322937,-0.04036708548665047,0.5108946561813354,0.380695104598999,-0.05034807324409485,0.4945105314254761,0.3258988857269287,-0.05555572733283043,0.5988202095031738,0.5425702929496765,-0.021370232105255127,0.5656111240386963,0.5119161009788513,-0.07140666991472244,0.5642840266227722,0.592144250869751,-0.08116805553436279,0.5704947710037231,0.6510220170021057,-0.07345137745141983,0.6313803195953369,0.5499263405799866,-0.028258057311177254,0.5984209775924683,0.5224981307983398,-0.07561803609132767,0.5961471796035767,0.6060882806777954,-0.0682050883769989,0.5989941358566284,0.6595949530601501,-0.047208938747644424,0.6625428795814514,0.5649568438529968,-0.03667985647916794,0.6512263417243958,0.5008504986763,-0.06423098593950272,0.6403685212135315,0.46427053213119507,-0.06299836933612823,0.6310537457466125,0.42167818546295166,-0.05366666615009308,0.18704980611801147,0.7983108758926392,-1.5493976945890608e-07,0.25839555263519287,0.7645795941352844,-0.024402260780334473,0.3235214352607727,0.673409640789032,-0.03018973581492901,0.363629549741745,0.6011136174201965,-0.03717615082859993,0.3870500922203064,0.5456526875495911,-0.04275801405310631,0.27026283740997314,0.5557231903076172,-0.013825355097651482,0.28281086683273315,0.4569370746612549,-0.03175906836986542,0.2905552387237549,0.3978615999221802,-0.03789377957582474,0.2998419404029846,0.345270574092865,-0.04044928029179573,0.22884905338287354,0.5533812046051025,-0.017890743911266327,0.253012090921402,0.49580898880958557,-0.06740394234657288,0.2599664330482483,0.5717030167579651,-0.08335854113101959,0.2600005269050598,0.6323777437210083,-0.07895123213529587,0.18666082620620728,0.5647377371788025,-0.02530929259955883,0.2039712518453598,0.5222878456115723,-0.07941501587629318,0.21883277595043182,0.6132300496101379,-0.083255335688591,0.22511520981788635,0.6775567531585693,-0.06734471768140793,0.14571183919906616,0.5808413028717041,-0.03382761776447296,0.13041554391384125,0.49150168895721436,-0.0659758672118187,0.12158049643039703,0.4376588463783264,-0.07171647995710373,0.11303424835205078,0.37886229157447815,-0.06801757216453552
269,0.6619420051574707,0.760000467300415,-2.4185953861888265e-07,0.5867027044296265,0.7426319122314453,-0.019466524943709373,0.5233117341995239,0.670279860496521,-0.02991527132689953,0.48348185420036316,0.6098078489303589,-0.04259321838617325,0.44450730085372925,0.5671727061271667,-0.054168689996004105,0.5479871034622192,0.5551273226737976,-0.018131518736481667,0.5154619216918945,0.4518085718154907,-0.04204908013343811,0.4958348274230957,0.3954716920852661,-0.05209081247448921,0.47746074199676514,0.34625571966171265,-0.05709432065486908,0.5832532644271851,0.5483044981956482,-0.022988388314843178,0.5463650822639465,0.5178125500679016,-0.07447666674852371,0.5461307764053345,0.6023757457733154,-0.08414791524410248,0.5539983510971069,0.6627436876296997,-0.07603048533201218,0.6170291900634766,0.5550002455711365,-0.03075864166021347,0.5826614499092102,0.5302230715751648,-0.0808447077870369,0.581473708152771,0.6153708696365356,-0.07416244596242905,0.5852720141410828,0.6695660352706909,-0.05290033668279648,0.6495102643966675,0.5691785216331482,-0.039753321558237076,0.6351684927940369,0.5047135949134827,-0.06959526240825653,0.6202744841575623,0.46796557307243347,-0.06919872760772705,0.6067550182342529,0.4256039261817932,-0.060036685317754745,0.16364695131778717,0.8065986633300781,-2.248142294547506e-07,0.2353964000940323,0.7709578275680542,-0.022480782121419907,0.29499590396881104,0.679489016532898,-0.02658948488533497,0.330809086561203,0.6045138239860535,-0.03204770013689995,0.3524770736694336,0.5509781241416931,-0.03631238266825676,0.24659132957458496,0.564258337020874,-0.011579280719161034,0.2558731436729431,0.4694763720035553,-0.029563745483756065,0.2553555369377136,0.4087386727333069,-0.03634750470519066,0.254469633102417,0.3551226258277893,-0.03985791653394699,0.203248992562294,0.5621896982192993,-0.016177933663129807,0.2208409607410431,0.5014877915382385,-0.06677263975143433,0.22742167115211487,0.5789370536804199,-0.08395068347454071,0.22834616899490356,0.6423810124397278,-0.08042843639850616,0.1592031717300415,0.5731841921806335,-0.023883484303951263,0.16862989962100983,0.5301417112350464,-0.07788644731044769,0.18375252187252045,0.6181372404098511,-0.08295118063688278,0.1919722855091095,0.6817784309387207,-0.06822393834590912,0.11598925292491913,0.5903467535972595,-0.03260554373264313,0.09721584618091583,0.5051010847091675,-0.06503567844629288,0.08507587015628815,0.4516723155975342,-0.07223297655582428,0.07361361384391785,0.39407020807266235,-0.06973794102668762
270,0.661948025226593,0.7620530724525452,-2.1843217723471753e-07,0.5861240029335022,0.7482843995094299,-0.0218539796769619,0.520824670791626,0.6809234023094177,-0.03347141295671463,0.480387806892395,0.6207919120788574,-0.046482887119054794,0.44372421503067017,0.5740517973899841,-0.05803453177213669,0.5457467436790466,0.562271237373352,-0.021475374698638916,0.5091466307640076,0.46048277616500854,-0.04548852518200874,0.4881155788898468,0.40122437477111816,-0.054827842861413956,0.46909821033477783,0.35015684366226196,-0.05963512510061264,0.5814876556396484,0.5545438528060913,-0.025048084557056427,0.5453705787658691,0.5218997597694397,-0.07722633332014084,0.5455334782600403,0.6036569476127625,-0.08582678437232971,0.5536829233169556,0.664318859577179,-0.07701965421438217,0.6160240769386292,0.5604578852653503,-0.03179296478629112,0.5800150632858276,0.5339131951332092,-0.08222206681966782,0.576946496963501,0.6162875890731812,-0.07598204910755157,0.5794612169265747,0.6704707741737366,-0.05536852031946182,0.6497600078582764,0.5742515325546265,-0.03996506705880165,0.6331395506858826,0.5119047164916992,-0.07185310125350952,0.6163306832313538,0.4745752513408661,-0.07376795262098312,0.6006177663803101,0.4309636056423187,-0.06637970358133316,0.1561031937599182,0.8073498010635376,-1.5709248657458375e-07,0.22917771339416504,0.7654383778572083,-0.02365141734480858,0.2874561846256256,0.6781513690948486,-0.0292544886469841,0.32233503460884094,0.6036146879196167,-0.036296963691711426,0.3411392569541931,0.5453140735626221,-0.04186597838997841,0.23842841386795044,0.5652741193771362,-0.006844181101769209,0.2452596127986908,0.4698503613471985,-0.025114886462688446,0.24407561123371124,0.4098053276538849,-0.03396068513393402,0.24301709234714508,0.35568860173225403,-0.0390445776283741,0.19662044942378998,0.5650619268417358,-0.010926220566034317,0.20720639824867249,0.49877819418907166,-0.061966270208358765,0.21697628498077393,0.5735394954681396,-0.08252023905515671,0.22101370990276337,0.6382396817207336,-0.08149566501379013,0.15346036851406097,0.5762240886688232,-0.01852709986269474,0.160262793302536,0.5242388248443604,-0.07087405025959015,0.17702560126781464,0.6052021980285645,-0.07799992710351944,0.18661728501319885,0.6672801971435547,-0.06548816710710526,0.11000571399927139,0.5915834307670593,-0.027451010420918465,0.09003771096467972,0.5061838030815125,-0.05747874081134796,0.07831236720085144,0.45193183422088623,-0.06474585831165314,0.06628037989139557,0.3943887948989868,-0.06295887380838394
271,0.6667037010192871,0.7524406909942627,-2.3381649327802734e-07,0.5925267934799194,0.7344026565551758,-0.01872088760137558,0.5281627178192139,0.6633894443511963,-0.028010133653879166,0.4900968074798584,0.6012623310089111,-0.03951974958181381,0.45345228910446167,0.559007465839386,-0.05080239102244377,0.5554754734039307,0.5471621155738831,-0.01815865747630596,0.5190317630767822,0.4471849501132965,-0.03986562788486481,0.4995265007019043,0.38634413480758667,-0.04905993491411209,0.48046791553497314,0.3337411880493164,-0.05400652438402176,0.5933541059494019,0.5354475975036621,-0.02219690941274166,0.5553888082504272,0.5174099206924438,-0.06919793784618378,0.5580240488052368,0.5999309420585632,-0.0781053826212883,0.5666192770004272,0.6584701538085938,-0.07097681611776352,0.6267400979995728,0.5391163229942322,-0.02887335792183876,0.5881636738777161,0.5187721848487854,-0.07709289342164993,0.5884832739830017,0.6020247340202332,-0.07142558693885803,0.5932925939559937,0.6584644913673401,-0.05168304592370987,0.6564725637435913,0.5522157549858093,-0.03636712580919266,0.6389511227607727,0.4891272485256195,-0.06602245569229126,0.6281300187110901,0.45410752296447754,-0.06588146835565567,0.6175436973571777,0.41303759813308716,-0.057126712054014206,0.16576415300369263,0.7947415709495544,-1.4749616639164742e-07,0.2374584972858429,0.7566036581993103,-0.021978378295898438,0.29590755701065063,0.6692578196525574,-0.02679099515080452,0.3304188847541809,0.5973832011222839,-0.03330044820904732,0.347817987203598,0.5419592261314392,-0.038947392255067825,0.24645258486270905,0.5569654703140259,-0.009610584937036037,0.2557201683521271,0.46103358268737793,-0.025744788348674774,0.25498414039611816,0.40288975834846497,-0.03247798606753349,0.253677636384964,0.34930938482284546,-0.03615907207131386,0.20455490052700043,0.5550796985626221,-0.013323909603059292,0.21687345206737518,0.4935813546180725,-0.059871137142181396,0.22660572826862335,0.5639115571975708,-0.07755133509635925,0.2291119396686554,0.6236382722854614,-0.07588404417037964,0.1614859253168106,0.5653226971626282,-0.019920334219932556,0.1698559820652008,0.513426661491394,-0.06798148155212402,0.18721924722194672,0.5935431718826294,-0.07352873682975769,0.19591639935970306,0.655533492565155,-0.061494529247283936,0.11934522539377213,0.5802749395370483,-0.02776341885328293,0.10167276859283447,0.4958763122558594,-0.05618811398744583,0.09190267324447632,0.44136184453964233,-0.06346384435892105,0.08146998286247253,0.38559138774871826,-0.06223197653889656
272,0.6693389415740967,0.7524896860122681,-2.3412155769619858e-07,0.5920487642288208,0.7341110706329346,-0.01995791867375374,0.5297932028770447,0.6620125770568848,-0.02994203381240368,0.4901927411556244,0.5998711585998535,-0.0415872223675251,0.4529128968715668,0.5550945401191711,-0.052400484681129456,0.5565330982208252,0.5517670512199402,-0.018732020631432533,0.5200626850128174,0.45084017515182495,-0.04110031947493553,0.5007684826850891,0.3898654878139496,-0.0500679537653923,0.4837680757045746,0.3375844955444336,-0.054524846374988556,0.5943818092346191,0.5422630906105042,-0.02191021665930748,0.5586663484573364,0.5147051215171814,-0.07115163654088974,0.5593127608299255,0.5953468084335327,-0.07930255681276321,0.5664420127868652,0.6561028361320496,-0.07057278603315353,0.6288445591926575,0.5456693172454834,-0.028122542425990105,0.592017412185669,0.5185169577598572,-0.07600891590118408,0.5905686020851135,0.5973703861236572,-0.06988140195608139,0.5932638645172119,0.6517832279205322,-0.04982033371925354,0.6611075401306152,0.5571562647819519,-0.03550225496292114,0.6452169418334961,0.4974924325942993,-0.06455085426568985,0.6339883804321289,0.4613630175590515,-0.06527353823184967,0.6232165098190308,0.4190463721752167,-0.057333216071128845,0.16347837448120117,0.7953458428382874,-1.6925993406857742e-07,0.23512062430381775,0.7555458545684814,-0.02289682626724243,0.29270899295806885,0.668219804763794,-0.028395693749189377,0.32945406436920166,0.5960056781768799,-0.03523295372724533,0.3513520061969757,0.5407180786132812,-0.0409497432410717,0.24720211327075958,0.5549607276916504,-0.009371279738843441,0.25692227482795715,0.45994848012924194,-0.026137815788388252,0.25609350204467773,0.4005151391029358,-0.033561404794454575,0.2548680305480957,0.3462798595428467,-0.037890318781137466,0.20572210848331451,0.5533304810523987,-0.01333646010607481,0.21523873507976532,0.48963701725006104,-0.06135016307234764,0.22272074222564697,0.5600807070732117,-0.08012611418962479,0.22498616576194763,0.6207161545753479,-0.07886434346437454,0.16290497779846191,0.564033031463623,-0.020405318588018417,0.1697763353586197,0.5133378505706787,-0.06981991231441498,0.18656125664710999,0.5914910435676575,-0.07621538639068604,0.1958409994840622,0.6514644622802734,-0.06433594226837158,0.12041710317134857,0.5790436863899231,-0.028774229809641838,0.10282625257968903,0.49394872784614563,-0.05746905133128166,0.09217146784067154,0.4395850896835327,-0.06446313858032227,0.08106254041194916,0.3823285698890686,-0.06294262409210205
273,0.6825287938117981,0.7453118562698364,-2.2207692040865368e-07,0.609250009059906,0.7209816575050354,-0.0180826336145401,0.5491378307342529,0.6435091495513916,-0.026527227833867073,0.5153342485427856,0.581437885761261,-0.0372094102203846,0.48324549198150635,0.5327420830726624,-0.04737555608153343,0.5818765163421631,0.5326771140098572,-0.017927322536706924,0.5536476373672485,0.42961692810058594,-0.0407867468893528,0.5368655920028687,0.3664391338825226,-0.05056844279170036,0.5215193033218384,0.3119508624076843,-0.0559360533952713,0.6205524206161499,0.5242251753807068,-0.022768618538975716,0.5875598192214966,0.5001926422119141,-0.07087696343660355,0.5871196985244751,0.5790230631828308,-0.07931165397167206,0.5935588479042053,0.6385095119476318,-0.07137095183134079,0.6559792160987854,0.5321763753890991,-0.03052704967558384,0.6223328113555908,0.5071258544921875,-0.07905828952789307,0.6220735907554626,0.5882012248039246,-0.07268252223730087,0.6253904104232788,0.6419818997383118,-0.05229755491018295,0.6873648166656494,0.5486948490142822,-0.039367977529764175,0.6755051612854004,0.48706915974617004,-0.07121562957763672,0.6679773330688477,0.45047086477279663,-0.07319491356611252,0.6609152555465698,0.4061833620071411,-0.06562642008066177,0.1763363927602768,0.7821218967437744,-1.5953624199482874e-07,0.24679936468601227,0.7453240752220154,-0.0193166546523571,0.3045329451560974,0.6594427824020386,-0.023134669288992882,0.3396410644054413,0.5879489183425903,-0.02877206541597843,0.3573293685913086,0.5335702300071716,-0.03362247720360756,0.2578299045562744,0.5508849620819092,-0.00811881385743618,0.26789548993110657,0.4536593556404114,-0.02282746508717537,0.2681165039539337,0.39544081687927246,-0.028726203367114067,0.2677052319049835,0.3414710760116577,-0.03206707537174225,0.21781936287879944,0.548506498336792,-0.012604058720171452,0.22954261302947998,0.483018159866333,-0.05707786977291107,0.2398214191198349,0.5532187819480896,-0.07412939518690109,0.2426227331161499,0.6120530366897583,-0.07259464263916016,0.17609436810016632,0.5569184422492981,-0.019460678100585938,0.18402855098247528,0.49937039613723755,-0.06494235247373581,0.20150181651115417,0.5774408578872681,-0.06929998099803925,0.20940913259983063,0.6383152008056641,-0.057343415915966034,0.13456907868385315,0.5694835782051086,-0.027385391294956207,0.11555618047714233,0.4834034740924835,-0.053947992622852325,0.10706485062837601,0.4284764528274536,-0.060001716017723083,0.09821318835020065,0.37216877937316895,-0.058358170092105865
274,0.703007698059082,0.7503370046615601,-2.7234835897615994e-07,0.6355105042457581,0.7189508676528931,-0.015985699370503426,0.5817894339561462,0.6312559247016907,-0.022089313715696335,0.5534871220588684,0.5659582614898682,-0.030383896082639694,0.5287052392959595,0.5144708156585693,-0.038613248616456985,0.6249054670333862,0.5215528607368469,-0.015551012009382248,0.6064678430557251,0.41558462381362915,-0.03663742542266846,0.5952179431915283,0.35260143876075745,-0.04544789716601372,0.5849578380584717,0.29738056659698486,-0.050470054149627686,0.6636842489242554,0.5227506756782532,-0.02089465968310833,0.6287845969200134,0.4922536313533783,-0.06712926179170609,0.6184123754501343,0.5734615921974182,-0.07482961565256119,0.6201624274253845,0.6330624222755432,-0.06670401990413666,0.6962131857872009,0.5404094457626343,-0.02877127192914486,0.6591575741767883,0.5111817121505737,-0.07593788206577301,0.6484817266464233,0.5934325456619263,-0.068808913230896,0.6475632190704346,0.6476907730102539,-0.048216670751571655,0.7235623598098755,0.5661139488220215,-0.03750523924827576,0.7143669128417969,0.5039960741996765,-0.06844250857830048,0.7078899145126343,0.46487510204315186,-0.06938830763101578,0.7046610116958618,0.41807520389556885,-0.061267293989658356,0.21459555625915527,0.7859275937080383,-1.3076443394766102e-07,0.27897125482559204,0.743280827999115,-0.016189299523830414,0.33288341760635376,0.6607167720794678,-0.02178097330033779,0.3659818768501282,0.595405101776123,-0.030792104080319405,0.38550227880477905,0.5386645793914795,-0.038537684828042984,0.2828761041164398,0.5499496459960938,-0.00440677534788847,0.29926401376724243,0.45432573556900024,-0.021233724430203438,0.31025952100753784,0.399431437253952,-0.027402939274907112,0.320212185382843,0.35120224952697754,-0.029471471905708313,0.249754399061203,0.5511661767959595,-0.012013874016702175,0.2765415608882904,0.49532777070999146,-0.05758724734187126,0.2933451235294342,0.5588833689689636,-0.0752304196357727,0.29885125160217285,0.6128970384597778,-0.07396245747804642,0.2158629298210144,0.5615724921226501,-0.022388586774468422,0.24203374981880188,0.5116600394248962,-0.06989724934101105,0.26437801122665405,0.5872111916542053,-0.07565582543611526,0.2733060121536255,0.6446628570556641,-0.06413965672254562,0.18347634375095367,0.5778357982635498,-0.03363988548517227,0.17473569512367249,0.49099451303482056,-0.060525573790073395,0.1715189665555954,0.4357437491416931,-0.06619388610124588,0.16725482046604156,0.3823947310447693,-0.06411303579807281
275,0.7028094530105591,0.7520090341567993,-2.50277764735074e-07,0.6310814619064331,0.7171447277069092,-0.02150261029601097,0.5792679190635681,0.631268322467804,-0.031633321195840836,0.5502904057502747,0.5650466084480286,-0.04275832697749138,0.5254068970680237,0.5096825957298279,-0.052758216857910156,0.622035562992096,0.5235057473182678,-0.022009728476405144,0.604485034942627,0.41798901557922363,-0.04397508502006531,0.5933172106742859,0.35517096519470215,-0.05228136107325554,0.5821139812469482,0.30017217993736267,-0.05677925795316696,0.6618843078613281,0.5256749391555786,-0.024515366181731224,0.6299538612365723,0.4949532449245453,-0.07272232323884964,0.6187272071838379,0.5758683085441589,-0.07914727181196213,0.6171454787254333,0.6353989243507385,-0.06977549940347672,0.6956050395965576,0.5426730513572693,-0.029975013807415962,0.6629945039749146,0.517809271812439,-0.07888002693653107,0.6507933139801025,0.6002650260925293,-0.07098788768053055,0.6459121704101562,0.6532307863235474,-0.04965817555785179,0.7245641350746155,0.567338228225708,-0.03666241094470024,0.7160006165504456,0.5083590745925903,-0.06790642440319061,0.7097656726837158,0.4688078761100769,-0.06850846856832504,0.7052310109138489,0.4201294183731079,-0.060222674161195755,0.21405480802059174,0.7894666194915771,-1.0535650574183819e-07,0.28079167008399963,0.744278609752655,-0.01458024699240923,0.33617880940437317,0.6593319177627563,-0.018963657319545746,0.3679322302341461,0.5926008224487305,-0.027040088549256325,0.3853588104248047,0.5375815033912659,-0.03417646884918213,0.28429874777793884,0.5499555468559265,-0.002335705328732729,0.29817327857017517,0.4533040523529053,-0.017981601879000664,0.3086082339286804,0.398556649684906,-0.02421909011900425,0.3176969289779663,0.3487461507320404,-0.026408497244119644,0.2505028545856476,0.5501692295074463,-0.00953853502869606,0.27489086985588074,0.5008106827735901,-0.052136506885290146,0.2932163178920746,0.5593021512031555,-0.0692884549498558,0.29939693212509155,0.6076835989952087,-0.06850684434175491,0.21685831248760223,0.5614563226699829,-0.019198225811123848,0.23812173306941986,0.5094011425971985,-0.0635395422577858,0.26088622212409973,0.5847756266593933,-0.06774798780679703,0.2703961133956909,0.6438971757888794,-0.05549609661102295,0.18414071202278137,0.5794156193733215,-0.029753196984529495,0.17542973160743713,0.49333804845809937,-0.05542125180363655,0.17212416231632233,0.4367961883544922,-0.060430675745010376,0.1672513782978058,0.3812655806541443,-0.057461075484752655
276,0.6902854442596436,0.7637660503387451,-2.679319663911883e-07,0.6228134632110596,0.7176669239997864,-0.018627071753144264,0.5768866539001465,0.6344670057296753,-0.03030000999569893,0.5465550422668457,0.572356104850769,-0.04428711533546448,0.515900731086731,0.5192378163337708,-0.05801863595843315,0.6207262873649597,0.5260810852050781,-0.02234450913965702,0.5964211225509644,0.4257914125919342,-0.0456693097949028,0.5810515284538269,0.36510807275772095,-0.055921655148267746,0.5674479007720947,0.31080496311187744,-0.06177226081490517,0.6593138575553894,0.5283559560775757,-0.02745036408305168,0.611821174621582,0.5093204975128174,-0.07287395000457764,0.5951944589614868,0.5889558792114258,-0.07990050315856934,0.5949238538742065,0.6456183195114136,-0.07289580255746841,0.6900608539581299,0.5499104261398315,-0.03541162610054016,0.6416670083999634,0.5315439105033875,-0.08265060931444168,0.6263135671615601,0.6129857897758484,-0.07538944482803345,0.626532793045044,0.6673502922058105,-0.05554971471428871,0.7137466073036194,0.5802203416824341,-0.04456297308206558,0.6960648894309998,0.5198619365692139,-0.07525420188903809,0.6825091242790222,0.48276597261428833,-0.07616429030895233,0.675665020942688,0.44227105379104614,-0.06856320053339005,0.21858948469161987,0.793996274471283,-8.985522015336755e-08,0.2849077582359314,0.7541807889938354,-0.018886283040046692,0.34166064858436584,0.6698117256164551,-0.025383614003658295,0.37519919872283936,0.5983134508132935,-0.03503088653087616,0.3956083059310913,0.53874671459198,-0.043007880449295044,0.29114753007888794,0.5664266347885132,-0.0035927947610616684,0.3076574504375458,0.4658327102661133,-0.020817790180444717,0.3212725520133972,0.40885889530181885,-0.02721426449716091,0.3328039050102234,0.35734307765960693,-0.029576001688838005,0.25999143719673157,0.5636729598045349,-0.009868928231298923,0.292282372713089,0.5032994747161865,-0.05740230157971382,0.31143808364868164,0.5733086466789246,-0.07467060536146164,0.3161504566669464,0.6323596239089966,-0.07192912697792053,0.22871911525726318,0.5703092217445374,-0.01927983947098255,0.2577410340309143,0.5093077421188354,-0.0669805258512497,0.28091922402381897,0.5870551466941833,-0.0701262429356575,0.28844311833381653,0.6472042798995972,-0.05594469606876373,0.1960907280445099,0.5819599628448486,-0.029925284907221794,0.18917453289031982,0.4951445162296295,-0.05672236531972885,0.18801000714302063,0.437998503446579,-0.061492688953876495,0.18463847041130066,0.38012880086898804,-0.05806597322225571
277,0.6998481154441833,0.7590044140815735,-4.4688596290143323e-07,0.6183797121047974,0.7005093097686768,-0.0011568262707442045,0.5737451314926147,0.628598153591156,-0.009898592717945576,0.5428164005279541,0.5705759525299072,-0.025589101016521454,0.5049927234649658,0.5244752764701843,-0.0432090163230896,0.6137554049491882,0.5038512945175171,-0.003491194685921073,0.5824655294418335,0.42825400829315186,-0.025281211361289024,0.5626997947692871,0.3731011152267456,-0.04211607947945595,0.5458715558052063,0.3207009434700012,-0.05508381500840187,0.6502752900123596,0.5029280781745911,-0.020238887518644333,0.5827445387840271,0.5060211420059204,-0.058004554361104965,0.5595331192016602,0.5856242179870605,-0.06934250146150589,0.5581375956535339,0.6490229368209839,-0.06931830942630768,0.6765794157981873,0.5286515951156616,-0.03859599679708481,0.6053770780563354,0.537200927734375,-0.07620023190975189,0.5786406993865967,0.6110811829566956,-0.07136356830596924,0.5743789076805115,0.673514723777771,-0.058164965361356735,0.6902319192886353,0.5728482007980347,-0.05743151903152466,0.6286481022834778,0.5599199533462524,-0.08388740569353104,0.596437931060791,0.6043140292167664,-0.07807856798171997,0.582942545413971,0.6558865904808044,-0.06627769768238068,0.22204770147800446,0.7962384223937988,-7.681970970452312e-08,0.2869254946708679,0.744329571723938,-0.010461818426847458,0.3360949754714966,0.6599339246749878,-0.014947907999157906,0.3684942126274109,0.5943248271942139,-0.023900683969259262,0.38605764508247375,0.5345926880836487,-0.03170311450958252,0.28458520770072937,0.5577059388160706,-0.0014130919007584453,0.30359506607055664,0.4587196409702301,-0.019528498873114586,0.32198768854141235,0.40555235743522644,-0.027374811470508575,0.33895769715309143,0.3576775789260864,-0.03032599948346615,0.25593215227127075,0.5598942041397095,-0.011495974846184254,0.2982172966003418,0.50838303565979,-0.05643237382173538,0.32092174887657166,0.5762960314750671,-0.07410605996847153,0.3270133435726166,0.6320309638977051,-0.07357797771692276,0.22791467607021332,0.5717958211898804,-0.0239971075206995,0.2665279507637024,0.5213479399681091,-0.07022496312856674,0.2958950996398926,0.5952902436256409,-0.07584267109632492,0.30705446004867554,0.6523864269256592,-0.06480734795331955,0.19971364736557007,0.5909695029258728,-0.03684725612401962,0.1964544951915741,0.5016126036643982,-0.0628972202539444,0.19787859916687012,0.4435315728187561,-0.0684373527765274,0.19746220111846924,0.3881184756755829,-0.06644231826066971
278,0.7140060663223267,0.754985511302948,-3.8388438383663015e-07,0.6243040561676025,0.6826218366622925,0.00923009030520916,0.5786670446395874,0.6067725419998169,0.001772029441781342,0.5465781092643738,0.5490905046463013,-0.012927810661494732,0.5068991184234619,0.5095809102058411,-0.029117465019226074,0.630577027797699,0.496407151222229,-0.004484307486563921,0.576775312423706,0.4257811903953552,-0.025127826258540154,0.5501367449760437,0.3789210021495819,-0.039380162954330444,0.5275136232376099,0.3291770815849304,-0.05122430622577667,0.6575098037719727,0.5052996873855591,-0.025226425379514694,0.5594583749771118,0.5181519985198975,-0.06330881267786026,0.5369605422019958,0.5993518829345703,-0.0741223469376564,0.5379822254180908,0.6552990078926086,-0.0769263505935669,0.6708660125732422,0.5438361763954163,-0.04673973098397255,0.5795787572860718,0.5480737686157227,-0.08491913229227066,0.5535231232643127,0.6194552779197693,-0.08210498094558716,0.5512351393699646,0.6733718514442444,-0.07300246506929398,0.6728041768074036,0.5969478487968445,-0.06760185956954956,0.6334771513938904,0.5486791729927063,-0.09658845514059067,0.6055899858474731,0.5204741954803467,-0.10297087579965591,0.5856319665908813,0.5017909407615662,-0.10426897555589676,0.21175506711006165,0.790149450302124,-7.095868426176821e-08,0.27394941449165344,0.7234143614768982,-0.0036125315818935633,0.31538155674934387,0.6284499764442444,-0.008587685413658619,0.33918121457099915,0.5606215596199036,-0.01912054978311062,0.3585446774959564,0.4995017349720001,-0.028527885675430298,0.2540258765220642,0.5259130001068115,0.0002461062977090478,0.28240513801574707,0.43953990936279297,-0.016964688897132874,0.3040435016155243,0.3908228576183319,-0.023778138682246208,0.3240763247013092,0.34828823804855347,-0.026737945154309273,0.22590112686157227,0.5328527688980103,-0.01402793824672699,0.2954927682876587,0.5063812732696533,-0.05738530308008194,0.3275667726993561,0.5782467722892761,-0.07387503981590271,0.33911195397377014,0.6344433426856995,-0.0740107074379921,0.2057311236858368,0.5565418004989624,-0.030133331194519997,0.27361130714416504,0.5291107296943665,-0.07587911933660507,0.31432294845581055,0.5957604050636292,-0.08222611248493195,0.3326941728591919,0.6453019380569458,-0.073328398168087,0.191864013671875,0.5902068018913269,-0.045824386179447174,0.20713666081428528,0.5078795552253723,-0.07331787794828415,0.21494586765766144,0.4538838267326355,-0.07942535728216171,0.21983659267425537,0.40380245447158813,-0.07845211029052734
279,0.7135670781135559,0.7515113949775696,-3.485507136247179e-07,0.6240414381027222,0.6796550750732422,0.012650877237319946,0.5794839262962341,0.6023511290550232,0.005821028724312782,0.5458773374557495,0.5430486798286438,-0.009542254731059074,0.5036813616752625,0.5017420053482056,-0.026613283902406693,0.630407989025116,0.49039655923843384,0.0004129422304686159,0.5800341963768005,0.4143213629722595,-0.018939774483442307,0.553514838218689,0.36825090646743774,-0.032568588852882385,0.5287038683891296,0.3182101249694824,-0.04450429603457451,0.6590985655784607,0.4960941970348358,-0.022852474823594093,0.5665543079376221,0.4965134859085083,-0.06018512696027756,0.5431681871414185,0.5821509957313538,-0.07048755884170532,0.5422770380973816,0.6416987180709839,-0.07293042540550232,0.6742632389068604,0.5318738222122192,-0.046851057559251785,0.5883762240409851,0.5284109711647034,-0.0831633135676384,0.5619979500770569,0.60670006275177,-0.07854261249303818,0.5596396327018738,0.6654804944992065,-0.06880240887403488,0.6768031120300293,0.5823503136634827,-0.07032568752765656,0.6442814469337463,0.5258515477180481,-0.0990363210439682,0.6197770833969116,0.4964466691017151,-0.10596781224012375,0.6028478741645813,0.47819405794143677,-0.10811474174261093,0.20912736654281616,0.7865774631500244,-1.3281589872349286e-07,0.272469162940979,0.7225427627563477,-0.006219158880412579,0.3143802881240845,0.6256327629089355,-0.011608156375586987,0.3386981785297394,0.5555739402770996,-0.02297637052834034,0.35772526264190674,0.4929487705230713,-0.033573854714632034,0.25464174151420593,0.5239613056182861,-0.0005714186117984354,0.2802062928676605,0.4296704828739166,-0.01852901093661785,0.3012658953666687,0.38210001587867737,-0.025085775181651115,0.31985384225845337,0.33918243646621704,-0.02746565081179142,0.22433345019817352,0.530221700668335,-0.01410092506557703,0.28744763135910034,0.49837636947631836,-0.06001473590731621,0.32046040892601013,0.571151852607727,-0.07657117396593094,0.333793580532074,0.6288788318634033,-0.07561218738555908,0.20220109820365906,0.5524547100067139,-0.029795773327350616,0.2653151750564575,0.5212321281433105,-0.0784687027335167,0.30588123202323914,0.5917325019836426,-0.08388562500476837,0.32557064294815063,0.6428396701812744,-0.07276388257741928,0.18584850430488586,0.5833859443664551,-0.045367371290922165,0.19984719157218933,0.5021957159042358,-0.07374335080385208,0.20637951791286469,0.448716938495636,-0.07884630560874939,0.21090050041675568,0.3976723551750183,-0.07637141644954681
280,0.6955208778381348,0.7590264081954956,-2.961418203994981e-07,0.6156745553016663,0.7180988192558289,-0.01418239064514637,0.566152811050415,0.6417141556739807,-0.023341873660683632,0.5337432026863098,0.5812657475471497,-0.03571049124002457,0.49511250853538513,0.5342074036598206,-0.04744855314493179,0.602399468421936,0.5258049964904785,-0.009936240501701832,0.567643940448761,0.43331101536750793,-0.029856888577342033,0.5458182692527771,0.37934058904647827,-0.038071103394031525,0.5261398553848267,0.3273678719997406,-0.04322288557887077,0.6374879479408264,0.525635838508606,-0.017518121749162674,0.5736831426620483,0.5045543313026428,-0.0630943551659584,0.5580313205718994,0.5837095379829407,-0.07335212081670761,0.5590816140174866,0.6465177536010742,-0.06813423335552216,0.6644650101661682,0.543985903263092,-0.028098711743950844,0.6015220880508423,0.5229424834251404,-0.0743049830198288,0.5839468240737915,0.6026304364204407,-0.07128263264894485,0.5797165632247925,0.65666663646698,-0.054982997477054596,0.6820547580718994,0.5724925398826599,-0.0396186038851738,0.654012143611908,0.5214617848396301,-0.06982878595590591,0.6396529674530029,0.4878547191619873,-0.07461079210042953,0.6295696496963501,0.4455227255821228,-0.07090700417757034,0.2045251876115799,0.7889519929885864,-1.6113924061755824e-07,0.27080583572387695,0.7348465919494629,-0.011328044347465038,0.3176783323287964,0.6441366076469421,-0.019444329664111137,0.34772151708602905,0.5748690962791443,-0.0330011360347271,0.369864284992218,0.5117660760879517,-0.0456320084631443,0.26854971051216125,0.5340096950531006,-0.003803103929385543,0.28894200921058655,0.43951892852783203,-0.023932810872793198,0.3066277801990509,0.38964128494262695,-0.03251328691840172,0.322015643119812,0.343896746635437,-0.035873427987098694,0.2365427315235138,0.5373770594596863,-0.015726597979664803,0.28737884759902954,0.50091952085495,-0.06554049998521805,0.31522512435913086,0.5716270804405212,-0.0839783102273941,0.3254689574241638,0.6292431354522705,-0.08269865065813065,0.20939701795578003,0.5551297664642334,-0.03014705702662468,0.2571966350078583,0.518520712852478,-0.07957310229539871,0.29253995418548584,0.5872936248779297,-0.0846765860915184,0.30926722288131714,0.6387000679969788,-0.07237357646226883,0.18523001670837402,0.5818588733673096,-0.045065537095069885,0.1895805299282074,0.49950602650642395,-0.07198990881443024,0.19241636991500854,0.44481736421585083,-0.0758400484919548,0.1940053105354309,0.3921537697315216,-0.07195017486810684
281,0.6885524392127991,0.7495741248130798,-2.5873288223010604e-07,0.6197924613952637,0.7266781330108643,-0.019031671807169914,0.5593625903129578,0.6506739854812622,-0.028812812641263008,0.5251579284667969,0.5911826491355896,-0.040733885020017624,0.4904504716396332,0.5423439741134644,-0.05123041197657585,0.5825999975204468,0.5316892266273499,-0.01685241609811783,0.5502608418464661,0.43411558866500854,-0.0391119159758091,0.5315618515014648,0.3781485855579376,-0.04860540106892586,0.5152711272239685,0.32659199833869934,-0.05380094051361084,0.6185075640678406,0.5273607969284058,-0.021802185103297234,0.5786094665527344,0.4946019649505615,-0.07088591903448105,0.572702169418335,0.5763258934020996,-0.07950624078512192,0.5763310790061951,0.6363993883132935,-0.07105319201946259,0.6513511538505554,0.5369104146957397,-0.029802221804857254,0.6092347502708435,0.5088374614715576,-0.07773421704769135,0.6040454506874084,0.5944074392318726,-0.07006584107875824,0.6056297421455383,0.6504825353622437,-0.04879140108823776,0.6817953586578369,0.553680419921875,-0.03914966434240341,0.6632875204086304,0.49176013469696045,-0.06790398806333542,0.6518955230712891,0.4577541649341583,-0.06693965196609497,0.6422103047370911,0.41528642177581787,-0.05797605216503143,0.20027683675289154,0.7927448749542236,-1.211492417496629e-07,0.2683873474597931,0.7440210580825806,-0.015359745360910892,0.3191515803337097,0.6559584140777588,-0.023395033553242683,0.3532990515232086,0.5873789191246033,-0.03637044504284859,0.38078951835632324,0.5264915227890015,-0.048369549214839935,0.2731607258319855,0.550057590007782,-0.002715157577767968,0.2928868234157562,0.4481803774833679,-0.022968534380197525,0.3106791377067566,0.39342767000198364,-0.031151428818702698,0.326170951128006,0.3441830277442932,-0.03388957679271698,0.24138948321342468,0.549257218837738,-0.012346234172582626,0.2869105935096741,0.5009814500808716,-0.06271620839834213,0.30770424008369446,0.573891282081604,-0.08135836571455002,0.3115755319595337,0.6307978630065918,-0.0793619453907013,0.2119094729423523,0.560737133026123,-0.025023169815540314,0.25224554538726807,0.5116519331932068,-0.0759749785065651,0.2784302830696106,0.5903445482254028,-0.07988931238651276,0.28722095489501953,0.6476170420646667,-0.06540925055742264,0.18241998553276062,0.579660952091217,-0.038560111075639725,0.18272238969802856,0.4927777647972107,-0.06651458144187927,0.1865994781255722,0.4367072582244873,-0.070224329829216,0.18842080235481262,0.38118231296539307,-0.06555411219596863
282,0.692983865737915,0.7383458614349365,-2.0367718889247044e-07,0.6221580505371094,0.7258933782577515,-0.02448437176644802,0.5575288534164429,0.6537599563598633,-0.03561228886246681,0.5215656161308289,0.5928793549537659,-0.04811997339129448,0.4867280423641205,0.544903576374054,-0.058937348425388336,0.5791850090026855,0.5373744368553162,-0.018074728548526764,0.5433185696601868,0.4360063076019287,-0.03934856131672859,0.5244103670120239,0.3794576823711395,-0.047807712107896805,0.5071864128112793,0.32913368940353394,-0.05220397934317589,0.6149194836616516,0.5310724377632141,-0.020289625972509384,0.5818799734115601,0.489959180355072,-0.07183688133955002,0.583074688911438,0.5705268979072571,-0.08214986324310303,0.58997642993927,0.6316584944725037,-0.07351824641227722,0.6474590301513672,0.5341272354125977,-0.025894688442349434,0.6133443117141724,0.49397921562194824,-0.07449137419462204,0.6134767532348633,0.580912172794342,-0.06736703217029572,0.6165905594825745,0.6387925744056702,-0.04571564123034477,0.6792621612548828,0.5429850220680237,-0.033330000936985016,0.6627551317214966,0.4798841178417206,-0.06117674335837364,0.654119074344635,0.4429851770401001,-0.060215193778276443,0.6456749439239502,0.3962404727935791,-0.05107852816581726,0.20211710035800934,0.7897846698760986,-1.4928103553302208e-07,0.27075502276420593,0.7471871376037598,-0.015215849503874779,0.3307443857192993,0.6630336046218872,-0.021074384450912476,0.3683246374130249,0.5956425666809082,-0.030847499147057533,0.3946901261806488,0.540862500667572,-0.0396619588136673,0.28245052695274353,0.5567203760147095,-0.0048566581681370735,0.306010365486145,0.4579280614852905,-0.022465063259005547,0.3212308883666992,0.4033415913581848,-0.02904813550412655,0.33362120389938354,0.3517535328865051,-0.03137495741248131,0.24971036612987518,0.5522183179855347,-0.012639841996133327,0.2868577837944031,0.502561628818512,-0.059620387852191925,0.3029874563217163,0.5760070085525513,-0.07666894048452377,0.3043547570705414,0.6328643560409546,-0.07444889843463898,0.2174277901649475,0.5594267249107361,-0.022787518799304962,0.248749777674675,0.5058852434158325,-0.06975019723176956,0.268845796585083,0.5886540412902832,-0.07200552523136139,0.27426961064338684,0.6482466459274292,-0.05764542892575264,0.1846807897090912,0.5738940834999084,-0.033853352069854736,0.17953747510910034,0.48658210039138794,-0.05965249985456467,0.18108946084976196,0.430505633354187,-0.06296726316213608,0.18074612319469452,0.3737682104110718,-0.058607060462236404
283,0.6948046684265137,0.7367395162582397,-1.9220696856336872e-07,0.6220322847366333,0.7264705300331116,-0.02306107059121132,0.5546290874481201,0.6593740582466125,-0.033890459686517715,0.5160971879959106,0.5981613993644714,-0.04655185714364052,0.4806998670101166,0.5510146617889404,-0.05783617123961449,0.5772525668144226,0.5432088971138,-0.016833772882819176,0.5407007336616516,0.4425407648086548,-0.03913845494389534,0.5210297703742981,0.38580596446990967,-0.04848432168364525,0.5037331581115723,0.33464908599853516,-0.05383238196372986,0.6131035089492798,0.5340784192085266,-0.020450687035918236,0.5821085572242737,0.48926788568496704,-0.07183577865362167,0.5859158635139465,0.5690910220146179,-0.08257503807544708,0.5943319797515869,0.6276018023490906,-0.0751531794667244,0.6471346616744995,0.534821093082428,-0.02757744863629341,0.6181930303573608,0.49605894088745117,-0.07685121893882751,0.6194995045661926,0.5810495615005493,-0.07092593610286713,0.6225405931472778,0.6376315951347351,-0.0506901741027832,0.6813980340957642,0.541031539440155,-0.036475278437137604,0.6640844941139221,0.47560009360313416,-0.06596033275127411,0.6554970741271973,0.4370056390762329,-0.06639107316732407,0.647542417049408,0.39167284965515137,-0.05852552875876427,0.20162850618362427,0.7914277911186218,-1.6319150120125414e-07,0.26956886053085327,0.759496808052063,-0.01931762881577015,0.33389812707901,0.6756207346916199,-0.025061020627617836,0.37195003032684326,0.6078091263771057,-0.033763669431209564,0.39681583642959595,0.5532227754592896,-0.040943995118141174,0.28976720571517944,0.561352550983429,-0.005436432547867298,0.3142991364002228,0.4657433331012726,-0.021861733868718147,0.3270759880542755,0.4109869599342346,-0.02703954093158245,0.33800846338272095,0.36041364073753357,-0.028692342340946198,0.2551249563694,0.5541265606880188,-0.011056741699576378,0.2883893847465515,0.5050711631774902,-0.0586395226418972,0.2970389127731323,0.579020082950592,-0.07469155639410019,0.295563280582428,0.6377373933792114,-0.07077135890722275,0.22036956250667572,0.5596176981925964,-0.019574850797653198,0.2504749000072479,0.5124680995941162,-0.0685197040438652,0.2623472511768341,0.6011881828308105,-0.06972178816795349,0.26278170943260193,0.6630775928497314,-0.05330633372068405,0.18615706264972687,0.5723809599876404,-0.0293258186429739,0.18359504640102386,0.48586899042129517,-0.05700988695025444,0.18451455235481262,0.43127134442329407,-0.06028580293059349,0.18404243886470795,0.3733453154563904,-0.055088598281145096
284,0.701353132724762,0.7378740310668945,-2.203301789904799e-07,0.626838743686676,0.7225528359413147,-0.019866716116666794,0.5593850016593933,0.6536375880241394,-0.029084233567118645,0.5193997621536255,0.5936909914016724,-0.04037654399871826,0.4842851161956787,0.5469459891319275,-0.0507059246301651,0.5833958387374878,0.5451308488845825,-0.01559475064277649,0.5451684594154358,0.4476301968097687,-0.038160648196935654,0.5238140225410461,0.39170631766319275,-0.04790514335036278,0.503578782081604,0.3409579396247864,-0.053634919226169586,0.6188696026802063,0.5350804328918457,-0.020024368539452553,0.5831215977668762,0.4959257245063782,-0.07053512334823608,0.5853636860847473,0.5768579840660095,-0.08044581115245819,0.5929903388023376,0.6366474032402039,-0.07300148159265518,0.6526493430137634,0.5362591743469238,-0.027675822377204895,0.6175955533981323,0.501184344291687,-0.07698741555213928,0.6178786158561707,0.5847058296203613,-0.07125403732061386,0.6210956573486328,0.6416312456130981,-0.05126789212226868,0.6861134767532349,0.5440154671669006,-0.03669625520706177,0.6659198999404907,0.4811439514160156,-0.06715107709169388,0.6560117602348328,0.444369375705719,-0.06828591227531433,0.6469775438308716,0.40118587017059326,-0.060795530676841736,0.20272518694400787,0.7983538508415222,-1.6605565633653896e-07,0.27241915464401245,0.7500124573707581,-0.009694634936749935,0.3283487558364868,0.6670491695404053,-0.014028999954462051,0.366019070148468,0.6053111553192139,-0.02349136397242546,0.39172080159187317,0.5519585609436035,-0.031870994716882706,0.27912548184394836,0.5548486113548279,0.000668930821120739,0.30255281925201416,0.4597216248512268,-0.016612224280834198,0.3207492232322693,0.4077158272266388,-0.023492513224482536,0.3370983898639679,0.3603312373161316,-0.026065707206726074,0.24665158987045288,0.5544138550758362,-0.009786981157958508,0.287399560213089,0.5211777687072754,-0.05638810992240906,0.302169531583786,0.5977655053138733,-0.0742013230919838,0.30274897813796997,0.6553559303283691,-0.07319993525743484,0.21524176001548767,0.5645493865013123,-0.022497769445180893,0.24781189858913422,0.5212100744247437,-0.07015491276979446,0.2696322500705719,0.6040052175521851,-0.0737999826669693,0.27706295251846313,0.6664167642593384,-0.060649678111076355,0.18467499315738678,0.582472562789917,-0.03555845469236374,0.18228062987327576,0.49256885051727295,-0.06303475797176361,0.182885080575943,0.4346185326576233,-0.06774193793535233,0.18211659789085388,0.3769385814666748,-0.06435870379209518
285,0.7302455902099609,0.733430027961731,-1.9546415330751188e-07,0.6406720280647278,0.6760969758033752,0.0006566570373252034,0.5922803282737732,0.601046621799469,-0.008756180293858051,0.557305634021759,0.5409075021743774,-0.023330658674240112,0.5142397880554199,0.5032193660736084,-0.03937990963459015,0.6452468633651733,0.483554482460022,-0.011310084722936153,0.5848588347434998,0.42262721061706543,-0.034227434545755386,0.5528920292854309,0.380815327167511,-0.04996125400066376,0.5232614874839783,0.3373437225818634,-0.06301412731409073,0.6732122898101807,0.4898674786090851,-0.027915211394429207,0.5804347395896912,0.48572736978530884,-0.06539582461118698,0.5623189210891724,0.550848662853241,-0.07903290539979935,0.5600223541259766,0.5943548679351807,-0.08478311449289322,0.6926161050796509,0.5225422978401184,-0.04567515105009079,0.606921374797821,0.5210577845573425,-0.08351422101259232,0.5828708410263062,0.5985559225082397,-0.0811326652765274,0.5784429311752319,0.6568829417228699,-0.07256501168012619,0.7003214955329895,0.5728058218955994,-0.06370826810598373,0.6582602262496948,0.5222642421722412,-0.09627615660429001,0.6365596055984497,0.4920005798339844,-0.10636939108371735,0.6216576099395752,0.46386539936065674,-0.10997243225574493,0.1801488697528839,0.7858216762542725,-6.046330014441992e-08,0.24959233403205872,0.695724606513977,0.011463229544460773,0.27908769249916077,0.6011679768562317,0.009619316086173058,0.29141342639923096,0.5301679968833923,0.00046898273285478354,0.2966706454753876,0.4670315682888031,-0.00838480144739151,0.2076387107372284,0.5035999417304993,-0.0005157582927495241,0.2565977871417999,0.4335554838180542,-0.019933858886361122,0.28357404470443726,0.38441458344459534,-0.028788378462195396,0.31034427881240845,0.3451478183269501,-0.03434211388230324,0.18361741304397583,0.511712908744812,-0.02293773554265499,0.2763957679271698,0.5122907161712646,-0.06451191008090973,0.310151606798172,0.5818113088607788,-0.07801613956689835,0.32424280047416687,0.6369075775146484,-0.07865772396326065,0.17142406105995178,0.5457261204719543,-0.04581601545214653,0.2650715410709381,0.5433655381202698,-0.08972595632076263,0.30676838755607605,0.6102784872055054,-0.09483333677053452,0.32433372735977173,0.6590097546577454,-0.08806858956813812,0.17037096619606018,0.5932532548904419,-0.06732568144798279,0.194948211312294,0.525016188621521,-0.09709946811199188,0.20629748702049255,0.4767484962940216,-0.10595107823610306,0.2159591168165207,0.4351579546928406,-0.10815921425819397
286,0.740874171257019,0.7289614677429199,-3.91357815487936e-07,0.6531456708908081,0.6579791307449341,0.010154245421290398,0.6079185605049133,0.5804891586303711,0.0017674166010692716,0.5727887749671936,0.5215722918510437,-0.01303368341177702,0.5311916470527649,0.4779127240180969,-0.02972814440727234,0.6731199026107788,0.46987777948379517,-0.014216696843504906,0.6085321307182312,0.4017677903175354,-0.03532145544886589,0.5763894319534302,0.3559369444847107,-0.04899013787508011,0.547435462474823,0.3073121905326843,-0.061709530651569366,0.6991658210754395,0.483026921749115,-0.035606030374765396,0.5958866477012634,0.48462581634521484,-0.07481002062559128,0.5713226199150085,0.5639715194702148,-0.08387207984924316,0.5663460493087769,0.6200274229049683,-0.08623810857534409,0.7107381820678711,0.5247936248779297,-0.05708988383412361,0.6159176826477051,0.5273933410644531,-0.093966543674469,0.5861973166465759,0.6022877097129822,-0.0895206481218338,0.5782143473625183,0.6568145155906677,-0.08119729906320572,0.709033191204071,0.5777320265769958,-0.07790426164865494,0.668573796749115,0.5327584743499756,-0.11303883045911789,0.6456151008605957,0.5033916234970093,-0.12637042999267578,0.6285036206245422,0.4756712317466736,-0.133180633187294,0.16493326425552368,0.777616024017334,-1.874833941428733e-07,0.23682032525539398,0.6738163828849792,0.02491331659257412,0.2613581120967865,0.5822210311889648,0.027013543993234634,0.27920418977737427,0.5194442868232727,0.017993832007050514,0.29267123341560364,0.46258020401000977,0.008150771260261536,0.161528542637825,0.48500895500183105,0.01504492200911045,0.22644023597240448,0.4187808334827423,-0.0017739429604262114,0.2562792897224426,0.3742138147354126,-0.010545065626502037,0.2813560664653778,0.3339904546737671,-0.01679445430636406,0.14186012744903564,0.4983275234699249,-0.014123323373496532,0.2559809684753418,0.4873647689819336,-0.056018371134996414,0.288589745759964,0.5631999373435974,-0.06960740685462952,0.29931995272636414,0.6138325929641724,-0.06903700530529022,0.14127036929130554,0.5368967056274414,-0.04230484366416931,0.2517664432525635,0.5214964747428894,-0.08749383687973022,0.28629517555236816,0.5982977747917175,-0.0872650220990181,0.29492706060409546,0.6458617448806763,-0.07449760288000107,0.15403304994106293,0.5870441198348999,-0.0680006891489029,0.18594081699848175,0.512687623500824,-0.1005130484700203,0.20223060250282288,0.45901334285736084,-0.1063537746667862,0.2175871878862381,0.4080801010131836,-0.10405844449996948
287,0.745831310749054,0.7325801849365234,-4.1237257164539187e-07,0.6532774567604065,0.6662313938140869,0.00017394126916769892,0.6046832799911499,0.5861285924911499,-0.011430439539253712,0.5733588337898254,0.5234699249267578,-0.026667967438697815,0.5323699116706848,0.47896379232406616,-0.04241948202252388,0.6727674603462219,0.47212445735931396,-0.024941837415099144,0.6091788411140442,0.4001427888870239,-0.04782228544354439,0.5764583945274353,0.3516092300415039,-0.06123045086860657,0.5497578382492065,0.3042510449886322,-0.07357898354530334,0.7023191452026367,0.4865148961544037,-0.0404474176466465,0.5962619781494141,0.4841206669807434,-0.07752962410449982,0.5696146488189697,0.5720008611679077,-0.07811106741428375,0.5706053972244263,0.6300131678581238,-0.07435531169176102,0.715787947177887,0.5308271050453186,-0.057249195873737335,0.6201097965240479,0.5264238715171814,-0.09154313057661057,0.5913078784942627,0.6002552509307861,-0.07754167169332504,0.5904419422149658,0.6537023186683655,-0.06303231418132782,0.7162441611289978,0.5881226062774658,-0.0747237429022789,0.6797961592674255,0.5426461696624756,-0.11099464446306229,0.6547713279724121,0.5080596804618835,-0.12161897122859955,0.6400871276855469,0.47601404786109924,-0.12551911175251007,0.16793738305568695,0.7864454984664917,-2.8122468620495056e-07,0.23705868422985077,0.6944326162338257,0.011464164592325687,0.2666802406311035,0.5958510637283325,0.007404088508337736,0.2868039608001709,0.5303903818130493,-0.005420446861535311,0.3103483021259308,0.47080790996551514,-0.01957228220999241,0.19207000732421875,0.49562549591064453,0.0014272552216425538,0.23791182041168213,0.4218564033508301,-0.018633559346199036,0.26006966829299927,0.37185031175613403,-0.029091691598296165,0.28029075264930725,0.3285348415374756,-0.03503991290926933,0.1614263355731964,0.5059933066368103,-0.020685816183686256,0.2638278603553772,0.5027734637260437,-0.06496579200029373,0.2983541786670685,0.5741411447525024,-0.07855454087257385,0.31477415561676025,0.6253950595855713,-0.07671519368886948,0.1476476490497589,0.542783260345459,-0.04290228709578514,0.25339674949645996,0.5362331867218018,-0.09062769263982773,0.291642427444458,0.6057395339012146,-0.0919022187590599,0.30812135338783264,0.6519100666046143,-0.07864493876695633,0.14709538221359253,0.5912593007087708,-0.06349537521600723,0.17472253739833832,0.5160667896270752,-0.09416227042675018,0.1865997612476349,0.4668906331062317,-0.09702497720718384,0.1991690695285797,0.4208739399909973,-0.09183412790298462
288,0.7464482188224792,0.7329155802726746,-3.735123641490645e-07,0.6515145301818848,0.6831751465797424,-0.011166756972670555,0.5978395342826843,0.613427460193634,-0.024240313097834587,0.5638445019721985,0.55583256483078,-0.04049796983599663,0.5215655565261841,0.5119041204452515,-0.056451279670000076,0.6471202969551086,0.49133533239364624,-0.02298656664788723,0.5940908193588257,0.415601909160614,-0.05040711909532547,0.5633426308631897,0.3648397922515869,-0.06713587045669556,0.5347346663475037,0.31469249725341797,-0.08018437772989273,0.6812491416931152,0.49606314301490784,-0.033695850521326065,0.5939428806304932,0.4946856200695038,-0.0817713513970375,0.5751942992210388,0.5884586572647095,-0.08866275101900101,0.5803948640823364,0.6502553820610046,-0.08440840244293213,0.7035958170890808,0.5290592312812805,-0.04726501181721687,0.6246227025985718,0.5254430770874023,-0.09235221147537231,0.6041082143783569,0.6102340817451477,-0.08147239685058594,0.6064859628677368,0.6681531071662903,-0.06319651752710342,0.7142212986946106,0.5770497918128967,-0.06253624707460403,0.6844273805618286,0.5315013527870178,-0.09977292269468307,0.6633746027946472,0.4968263506889343,-0.10721401125192642,0.6513436436653137,0.46066954731941223,-0.1061391532421112,0.1844066083431244,0.7957879900932312,-2.84115856175049e-07,0.2535381317138672,0.7315545082092285,-0.006118634715676308,0.29843127727508545,0.6342188715934753,-0.011404508724808693,0.3257450461387634,0.5652467012405396,-0.023299923166632652,0.3505816161632538,0.5028902888298035,-0.03565826639533043,0.23825407028198242,0.518430233001709,0.0008501310367137194,0.2645445168018341,0.43490099906921387,-0.019268393516540527,0.28646957874298096,0.38605600595474243,-0.02850288525223732,0.3055880069732666,0.34187155961990356,-0.031352169811725616,0.20534774661064148,0.5238544940948486,-0.01211191900074482,0.27267712354660034,0.5093972086906433,-0.058231476694345474,0.29616275429725647,0.5910959243774414,-0.0735723227262497,0.30154961347579956,0.6497659683227539,-0.0701499804854393,0.1798449456691742,0.5499568581581116,-0.02717777155339718,0.24326854944229126,0.5359574556350708,-0.07684937864542007,0.2707672119140625,0.6154435873031616,-0.07886935025453568,0.28079575300216675,0.669021725654602,-0.06289013475179672,0.15828493237495422,0.5850581526756287,-0.04214845970273018,0.16799668967723846,0.5037521123886108,-0.06966307014226913,0.17385023832321167,0.44912204146385193,-0.07024236023426056,0.18040984869003296,0.3969198763370514,-0.06216181814670563
289,0.7234789133071899,0.7407390475273132,-3.051299302114785e-07,0.6430774331092834,0.7125775814056396,-0.01631889119744301,0.5787250995635986,0.6447411775588989,-0.02748645469546318,0.5341501832008362,0.5925179123878479,-0.040838830173015594,0.4882819652557373,0.5616289973258972,-0.05413840338587761,0.6038452982902527,0.525985062122345,-0.021653084084391594,0.5575393438339233,0.44212958216667175,-0.044361721724271774,0.5290942192077637,0.38900524377822876,-0.055467359721660614,0.5028964281082153,0.34151971340179443,-0.06241006776690483,0.6407466530799866,0.5190895199775696,-0.02753284014761448,0.5849472284317017,0.5239251852035522,-0.07544122636318207,0.5833727121353149,0.6108861565589905,-0.08412318676710129,0.5932694673538208,0.6727347373962402,-0.07778860628604889,0.67281174659729,0.5342642068862915,-0.03586099296808243,0.6199510097503662,0.5350114107131958,-0.0832824632525444,0.6140792965888977,0.6189447641372681,-0.07782072573900223,0.6182036995887756,0.6751698851585388,-0.059762414544820786,0.6981498003005981,0.5614326000213623,-0.0452117919921875,0.6798883080482483,0.5108730792999268,-0.07457717508077621,0.669424831867218,0.4748043417930603,-0.07642846554517746,0.6622387170791626,0.43262696266174316,-0.07060470432043076,0.1894141584634781,0.8045558929443359,-2.7939350388805906e-07,0.26164039969444275,0.7556400299072266,-0.014396102167665958,0.3195485472679138,0.6714820265769958,-0.023520926013588905,0.3573591411113739,0.6074490547180176,-0.03758503496646881,0.38200876116752625,0.5490947365760803,-0.05124669522047043,0.2644540071487427,0.5499388575553894,-0.00966227799654007,0.292863667011261,0.4602394998073578,-0.03245645761489868,0.31184977293014526,0.40592870116233826,-0.04304773360490799,0.3270877003669739,0.35415104031562805,-0.04755397140979767,0.2269904762506485,0.5478909015655518,-0.020018119364976883,0.27927497029304504,0.5265545845031738,-0.07377266883850098,0.2920643985271454,0.6145399212837219,-0.09190510958433151,0.2912961542606354,0.6781904101371765,-0.08882644027471542,0.19361869990825653,0.5641905069351196,-0.032611653208732605,0.2397659420967102,0.5374636650085449,-0.08730222284793854,0.2592932879924774,0.6243606209754944,-0.08934734761714935,0.2659159004688263,0.6846349239349365,-0.07221616059541702,0.1638863980770111,0.5905910134315491,-0.045866478234529495,0.16238895058631897,0.5065620541572571,-0.07726624608039856,0.16350287199020386,0.449897825717926,-0.08024531602859497,0.16585823893547058,0.3932207226753235,-0.07347423583269119
290,0.7068816423416138,0.7472887635231018,-2.510781200726342e-07,0.6287911534309387,0.735301673412323,-0.022029094398021698,0.5588486194610596,0.6690236926078796,-0.032854676246643066,0.5124872922897339,0.6107676029205322,-0.04546985775232315,0.4674654006958008,0.5741732120513916,-0.0568929985165596,0.5739443898200989,0.5602988600730896,-0.020495744422078133,0.5272536277770996,0.4674909710884094,-0.044241633266210556,0.5020418167114258,0.41440629959106445,-0.054678600281476974,0.4795306921005249,0.3626062273979187,-0.06144322082400322,0.6113265752792358,0.5436415672302246,-0.024462498724460602,0.5818361639976501,0.5176414847373962,-0.0765194520354271,0.5899176001548767,0.6008345484733582,-0.08692379295825958,0.5997768640518188,0.6610931158065796,-0.08052866905927658,0.6490678191184998,0.5417190790176392,-0.03163177892565727,0.62188321352005,0.5218632817268372,-0.08207955956459045,0.6273565888404846,0.6089231967926025,-0.07629600912332535,0.6315574645996094,0.6653091311454773,-0.05693919211626053,0.6867878437042236,0.5486884713172913,-0.04049483314156532,0.674976110458374,0.4887453615665436,-0.0721324160695076,0.6703277826309204,0.4518410861492157,-0.0741640031337738,0.6648806929588318,0.4088946580886841,-0.06766066700220108,0.19349132478237152,0.8015783429145813,-3.0339208478835644e-07,0.26763132214546204,0.7677798867225647,-0.015207349322736263,0.3349810838699341,0.6837257146835327,-0.021741172298789024,0.37740689516067505,0.618769645690918,-0.03302779048681259,0.4025459289550781,0.5664919018745422,-0.04359414055943489,0.2844744324684143,0.5599691867828369,-0.006339041516184807,0.31399574875831604,0.47416940331459045,-0.027458928525447845,0.32880616188049316,0.42196857929229736,-0.0356856994330883,0.3434469699859619,0.37308934330940247,-0.03900744765996933,0.24349965155124664,0.5525568127632141,-0.015461177565157413,0.2857929468154907,0.5264631509780884,-0.07091173529624939,0.28637492656707764,0.6176541447639465,-0.08755544573068619,0.28077778220176697,0.6834832429885864,-0.08198598772287369,0.20546148717403412,0.5640841722488403,-0.027350392192602158,0.2435033917427063,0.545083224773407,-0.08422119915485382,0.25016361474990845,0.6417115926742554,-0.08503026515245438,0.24905580282211304,0.706250011920929,-0.0657283365726471,0.17184774577617645,0.5845866799354553,-0.04003220796585083,0.1664198338985443,0.5030226111412048,-0.0742819681763649,0.16193723678588867,0.4485652446746826,-0.0788521096110344,0.1594390571117401,0.3899816870689392,-0.07254616171121597
291,0.707793653011322,0.7516958117485046,-2.203939288847323e-07,0.6292738914489746,0.7438075542449951,-0.02249751053750515,0.5558810234069824,0.6796212792396545,-0.03344300761818886,0.5098364949226379,0.6202967762947083,-0.04571102187037468,0.46656888723373413,0.57950758934021,-0.05703030154109001,0.5719714164733887,0.5666679739952087,-0.021251488476991653,0.5261415839195251,0.4753967523574829,-0.04596652463078499,0.49881139397621155,0.42220407724380493,-0.05758211016654968,0.47328272461891174,0.37136703729629517,-0.06552436202764511,0.6108412146568298,0.5481140613555908,-0.025556616485118866,0.5819274187088013,0.5118222832679749,-0.07855042070150375,0.5929551124572754,0.5960977077484131,-0.0896882489323616,0.6049779653549194,0.6573962569236755,-0.08341454714536667,0.6501066088676453,0.5466340780258179,-0.03310395032167435,0.624684751033783,0.5175549387931824,-0.08442586660385132,0.6310285329818726,0.6064069271087646,-0.07890143990516663,0.6355255246162415,0.665340781211853,-0.05940369889140129,0.6899940967559814,0.555590808391571,-0.042273685336112976,0.6766353845596313,0.49104368686676025,-0.07627513259649277,0.6701520681381226,0.4516429305076599,-0.07984604686498642,0.6634694933891296,0.40686851739883423,-0.07405753433704376,0.194984570145607,0.7977964282035828,-2.488507959697017e-07,0.26838597655296326,0.7699998617172241,-0.02231437899172306,0.33571821451187134,0.6883902549743652,-0.030210578814148903,0.3756527304649353,0.6224509477615356,-0.040611859411001205,0.40229731798171997,0.5699451565742493,-0.049795035272836685,0.2918227016925812,0.5682609677314758,-0.01362310815602541,0.31870409846305847,0.4769443869590759,-0.03478166460990906,0.3307388424873352,0.4211716651916504,-0.04266533628106117,0.3429391384124756,0.37014615535736084,-0.04631505906581879,0.25150394439697266,0.5592292547225952,-0.018905244767665863,0.28811728954315186,0.525510847568512,-0.07411682605743408,0.2865571677684784,0.6131494641304016,-0.09121915698051453,0.2793836295604706,0.6796839237213135,-0.0866522490978241,0.21149423718452454,0.5663877129554749,-0.02738545835018158,0.23894816637039185,0.5394091010093689,-0.08324063569307327,0.24727463722229004,0.6305239200592041,-0.08595672994852066,0.24891942739486694,0.6928515434265137,-0.06920670717954636,0.17468099296092987,0.5812670588493347,-0.037107404321432114,0.16760598123073578,0.49676328897476196,-0.0706799179315567,0.16263800859451294,0.44258254766464233,-0.0768660381436348,0.15921559929847717,0.38480448722839355,-0.07286785542964935
292,0.7121210694313049,0.7490273714065552,-3.058971458358428e-07,0.6296434998512268,0.7206599712371826,-0.00643977802246809,0.5633808970451355,0.6540706753730774,-0.011779171414673328,0.5234567523002625,0.5953827500343323,-0.02198682352900505,0.48971229791641235,0.5513778924942017,-0.03246993571519852,0.5920242667198181,0.534056544303894,-0.003609737614169717,0.5452739000320435,0.45217466354370117,-0.024010751396417618,0.5165684223175049,0.40095841884613037,-0.03751125559210777,0.48937493562698364,0.3539324998855591,-0.04809976741671562,0.6292916536331177,0.5195611715316772,-0.01512768305838108,0.5774021148681641,0.5102591514587402,-0.05798739567399025,0.5780971646308899,0.5933058857917786,-0.07087564468383789,0.5874207019805908,0.6498501300811768,-0.07032330334186554,0.66361403465271,0.524186909198761,-0.02891683392226696,0.6108875274658203,0.5079125165939331,-0.07156349718570709,0.6044110059738159,0.588976263999939,-0.06761955469846725,0.608315110206604,0.6508921384811401,-0.05332464352250099,0.6947111487388611,0.5424129366874695,-0.0433909147977829,0.6625242233276367,0.487417995929718,-0.07283923774957657,0.6445197463035583,0.4675084948539734,-0.07436088472604752,0.6326833367347717,0.4522823691368103,-0.06888304650783539,0.19832612574100494,0.8035527467727661,-1.3542818066980544e-07,0.2681826949119568,0.7460622191429138,-0.0007505562389269471,0.3216136693954468,0.6686081886291504,-0.006175506394356489,0.35626447200775146,0.6123353242874146,-0.018553772941231728,0.3736763000488281,0.5535362958908081,-0.030666382983326912,0.2601954936981201,0.5367950201034546,0.000756097724661231,0.2921583354473114,0.4605633616447449,-0.019695475697517395,0.31583666801452637,0.4109015464782715,-0.030798425897955894,0.3400914669036865,0.3707115948200226,-0.03702349588274956,0.23115958273410797,0.5381119251251221,-0.01729712262749672,0.2967450022697449,0.5323526859283447,-0.06364771723747253,0.3201398253440857,0.6097906231880188,-0.08385278284549713,0.32545608282089233,0.6712282299995422,-0.0864071175456047,0.20486968755722046,0.5604687333106995,-0.037128202617168427,0.2661248445510864,0.5565873384475708,-0.08606860786676407,0.29942548274993896,0.6364676356315613,-0.09510171413421631,0.31422072649002075,0.6948577761650085,-0.08796362578868866,0.18497973680496216,0.5981966257095337,-0.05637415871024132,0.18908098340034485,0.5269411206245422,-0.08728110045194626,0.18863362073898315,0.47495394945144653,-0.09602364897727966,0.18843451142311096,0.4284944534301758,-0.0966431051492691
293,0.7347019910812378,0.7495846748352051,-4.498787120610359e-07,0.6473546028137207,0.6607435941696167,0.022870687767863274,0.6072806715965271,0.5834622979164124,0.017028644680976868,0.5758835673332214,0.5233193039894104,0.0016207488952204585,0.5467938780784607,0.47309762239456177,-0.01661846414208412,0.6754935383796692,0.4774593710899353,-0.0018980986205860972,0.6009028553962708,0.42467913031578064,-0.024851655587553978,0.5608949065208435,0.3957557678222656,-0.03916150704026222,0.5291838049888611,0.3611970841884613,-0.05135125666856766,0.6957571506500244,0.4958137273788452,-0.03101920895278454,0.5885233879089355,0.4994983673095703,-0.06742478907108307,0.5578108429908752,0.5638769865036011,-0.08093796670436859,0.5446994304656982,0.6120949983596802,-0.08928276598453522,0.7037123441696167,0.5377342104911804,-0.0594448447227478,0.6014631390571594,0.5359359979629517,-0.09481336921453476,0.5696181058883667,0.6064174771308899,-0.09495573490858078,0.5588631629943848,0.6605384349822998,-0.09172165393829346,0.6997328996658325,0.5902799963951111,-0.08596855401992798,0.6463727951049805,0.546415388584137,-0.11788393557071686,0.6187735199928284,0.5155521631240845,-0.13153856992721558,0.5976510047912598,0.48607152700424194,-0.1402968317270279,0.19597473740577698,0.7982417941093445,-2.6495037275253708e-08,0.2657453119754791,0.6935571432113647,0.025579486042261124,0.28445956110954285,0.604577362537384,0.023181412369012833,0.29453158378601074,0.5390470027923584,0.008724549785256386,0.29636329412460327,0.49741849303245544,-0.006788300815969706,0.18813762068748474,0.5137675404548645,0.012348504737019539,0.25455528497695923,0.44122904539108276,-0.004130576737225056,0.2847541868686676,0.39294031262397766,-0.013216840103268623,0.3080080449581146,0.34814023971557617,-0.021239522844552994,0.17305660247802734,0.5290663242340088,-0.02007673867046833,0.28216010332107544,0.5024791359901428,-0.058781497180461884,0.31337690353393555,0.5717551708221436,-0.06968165189027786,0.3206729590892792,0.6184580326080322,-0.06995511054992676,0.1757032573223114,0.5649155378341675,-0.051871784031391144,0.2801404595375061,0.531501054763794,-0.09058842808008194,0.3166664242744446,0.6003672480583191,-0.08604203164577484,0.32517656683921814,0.6467792391777039,-0.07407975941896439,0.1920338273048401,0.6081390976905823,-0.08199453353881836,0.2279234230518341,0.5244202613830566,-0.10657641291618347,0.25013524293899536,0.47226402163505554,-0.10847262293100357,0.2679593861103058,0.428017795085907,-0.10680685192346573
294,0.7326063513755798,0.7494799494743347,-5.486074883265246e-07,0.6589447259902954,0.6743024587631226,0.0179090965539217,0.6306528449058533,0.5866714119911194,0.014736201614141464,0.6076006889343262,0.5229589343070984,0.0049353730864822865,0.5848569869995117,0.47552430629730225,-0.006710834335535765,0.6934556365013123,0.48714369535446167,-0.01626819744706154,0.6329627633094788,0.3960757255554199,-0.036500491201877594,0.6024857759475708,0.3448445200920105,-0.046272050589323044,0.5760771632194519,0.2927283048629761,-0.05581450089812279,0.7090572118759155,0.5050568580627441,-0.03943174332380295,0.5966089367866516,0.4947528541088104,-0.07558747380971909,0.5654153227806091,0.5698400139808655,-0.07950679212808609,0.5578789710998535,0.6238080263137817,-0.0803162008523941,0.7063714265823364,0.5481453537940979,-0.06212690845131874,0.6012287139892578,0.5344681143760681,-0.09707491844892502,0.5719501972198486,0.602535605430603,-0.09263306111097336,0.5680511593818665,0.6495707631111145,-0.08677136898040771,0.6937226057052612,0.5959503650665283,-0.08317408710718155,0.6409156918525696,0.5380052924156189,-0.11764321476221085,0.6063605546951294,0.4964839518070221,-0.13313408195972443,0.581504225730896,0.4543030261993408,-0.14330464601516724,0.19200389087200165,0.7844038009643555,-1.187307603345289e-07,0.23775294423103333,0.6847003698348999,0.029035545885562897,0.2528531551361084,0.5930911898612976,0.033913664519786835,0.27325761318206787,0.5272814631462097,0.028464606031775475,0.2902508080005646,0.4778401851654053,0.02117455191910267,0.17185382544994354,0.5186738967895508,0.011280647478997707,0.23563578724861145,0.43097245693206787,0.0017301375046372414,0.2685061991214752,0.38056761026382446,-0.005141821224242449,0.2894057631492615,0.338398814201355,-0.01188636850565672,0.1676180362701416,0.5340838432312012,-0.01624925620853901,0.27613431215286255,0.49434682726860046,-0.04358401894569397,0.3169313371181488,0.5468488335609436,-0.05365145206451416,0.32837045192718506,0.5877431631088257,-0.05622759833931923,0.18218106031417847,0.5655142664909363,-0.04117347300052643,0.28424134850502014,0.5164310932159424,-0.06937092542648315,0.32779955863952637,0.572897732257843,-0.06674086302518845,0.342753142118454,0.6149749755859375,-0.05872685834765434,0.2079617828130722,0.6015962362289429,-0.06344300508499146,0.24603469669818878,0.5220831036567688,-0.08279144018888474,0.2680567800998688,0.4703007936477661,-0.08381946384906769,0.2871490716934204,0.4233132600784302,-0.08177176117897034
295,0.7314553260803223,0.7501105666160583,-5.345428348846326e-07,0.6555842161178589,0.6644649505615234,0.009836019948124886,0.6270328760147095,0.5744183659553528,0.004216795787215233,0.6087156534194946,0.5052668452262878,-0.0072324238717556,0.5926427245140076,0.455026239156723,-0.019535362720489502,0.6967764496803284,0.4792666733264923,-0.018155425786972046,0.6350889801979065,0.3866860270500183,-0.0389028899371624,0.6059420108795166,0.3310566544532776,-0.04911765456199646,0.5816238522529602,0.276229590177536,-0.058713264763355255,0.7144885063171387,0.4950999915599823,-0.03762855753302574,0.5969987511634827,0.4910455346107483,-0.07654649019241333,0.5674625039100647,0.5643181800842285,-0.08316420018672943,0.5641438364982605,0.6155285239219666,-0.08442001044750214,0.713235080242157,0.5362617373466492,-0.057133179157972336,0.5997314453125,0.5303485989570618,-0.09505876153707504,0.5712046027183533,0.5987524390220642,-0.091901496052742,0.5710999369621277,0.6463711261749268,-0.08476686477661133,0.7019419074058533,0.5854328870773315,-0.07578907161951065,0.6444271802902222,0.5302538275718689,-0.10939101129770279,0.6082126498222351,0.4893002510070801,-0.1228577196598053,0.5846792459487915,0.4508403539657593,-0.13020063936710358,0.1776585578918457,0.7763574719429016,-6.603384861136874e-08,0.19189351797103882,0.6757317781448364,0.0274687260389328,0.20222502946853638,0.5805652737617493,0.029556293040513992,0.23179404437541962,0.5181590914726257,0.021624989807605743,0.25825235247612,0.47857919335365295,0.011738788336515427,0.1554572880268097,0.5166484713554382,0.007135715335607529,0.22464068233966827,0.4219743609428406,-0.0038632620126008987,0.25835171341896057,0.3696027398109436,-0.010776753537356853,0.27965521812438965,0.3244887590408325,-0.016236938536167145,0.1600889265537262,0.530665934085846,-0.018425967544317245,0.2591682970523834,0.4895857572555542,-0.04386549070477486,0.2888375222682953,0.5434151887893677,-0.05129396170377731,0.29242318868637085,0.5818884968757629,-0.051317036151885986,0.17976520955562592,0.5574817061424255,-0.04096021130681038,0.271649032831192,0.5104604363441467,-0.06398274004459381,0.29757845401763916,0.5724886059761047,-0.056618381291627884,0.2993851602077484,0.6131399869918823,-0.04517890512943268,0.20868965983390808,0.5889735817909241,-0.061210691928863525,0.24981574714183807,0.5081477165222168,-0.07310662418603897,0.27264267206192017,0.45941272377967834,-0.06763989478349686,0.29033467173576355,0.41281622648239136,-0.06055060401558876
296,0.740683913230896,0.7425975799560547,-5.507449714059476e-07,0.6640096306800842,0.6563819646835327,0.004284515045583248,0.631264865398407,0.5662440657615662,-0.002678115153685212,0.6094784140586853,0.49731409549713135,-0.014665658585727215,0.5883255004882812,0.4462701380252838,-0.02677413821220398,0.7010655999183655,0.4683850407600403,-0.01895826682448387,0.6369269490242004,0.37946557998657227,-0.0412270613014698,0.6054959297180176,0.3240596652030945,-0.053252432495355606,0.5808814167976379,0.2727827727794647,-0.06361781805753708,0.7190579771995544,0.48749345541000366,-0.0348789319396019,0.5961598753929138,0.48771342635154724,-0.07657888531684875,0.5693613290786743,0.5613539814949036,-0.08650009334087372,0.5710947513580322,0.6109214425086975,-0.08912038803100586,0.7174311280250549,0.5307433009147644,-0.05112801492214203,0.6003496646881104,0.533499538898468,-0.09353291243314743,0.5731761455535889,0.6016129851341248,-0.09321801364421844,0.5757535099983215,0.6495310068130493,-0.08575507998466492,0.7049687504768372,0.5818285942077637,-0.06675238162279129,0.6467047333717346,0.5279760956764221,-0.1024882048368454,0.6052640676498413,0.4871421754360199,-0.11595556885004044,0.5767799615859985,0.45240548253059387,-0.12182898074388504,0.16619253158569336,0.7732620239257812,9.547362900264034e-09,0.15492336452007294,0.6747942566871643,0.02547682262957096,0.16074895858764648,0.5792129039764404,0.02682601846754551,0.19319967925548553,0.5211122632026672,0.01963786967098713,0.2251707762479782,0.48723483085632324,0.009119808673858643,0.1407938301563263,0.5102837681770325,-0.00421061972156167,0.21746566891670227,0.4144843816757202,-0.015053514391183853,0.25389719009399414,0.36065298318862915,-0.018655920401215553,0.27660366892814636,0.31635189056396484,-0.020219456404447556,0.15382583439350128,0.5248109102249146,-0.02691572718322277,0.2603059411048889,0.4825500547885895,-0.050474103540182114,0.29343193769454956,0.5348877906799316,-0.0540388748049736,0.29868564009666443,0.574161946773529,-0.05026504397392273,0.18045145273208618,0.5538543462753296,-0.04581429436802864,0.2781473696231842,0.5064783096313477,-0.06789328902959824,0.3068527281284332,0.566789448261261,-0.06025925278663635,0.3114224970340729,0.6061093807220459,-0.047414205968379974,0.2136441022157669,0.5913851261138916,-0.06197173148393631,0.2596135139465332,0.5073004961013794,-0.0719871073961258,0.2851417064666748,0.4606546461582184,-0.06507793068885803,0.30602723360061646,0.4155295491218567,-0.05590030923485756
297,0.7427196502685547,0.7321670651435852,-5.857743872184074e-07,0.6957313418388367,0.6397308111190796,0.01149077620357275,0.6594675183296204,0.5512608885765076,0.005743998568505049,0.6239285469055176,0.48801928758621216,-0.006023600231856108,0.5944539308547974,0.44204825162887573,-0.017908567562699318,0.7068817019462585,0.46091848611831665,-0.016337858512997627,0.6417623162269592,0.3714987337589264,-0.03803584724664688,0.6099364161491394,0.3155292570590973,-0.047249551862478256,0.5858700275421143,0.265377938747406,-0.055428601801395416,0.7178252935409546,0.4824480414390564,-0.03520028665661812,0.5975434184074402,0.4790910482406616,-0.07559911161661148,0.580461323261261,0.5516729354858398,-0.0818110853433609,0.5906068682670593,0.598599374294281,-0.08219335973262787,0.7109097838401794,0.5274902582168579,-0.05372962728142738,0.5977200865745544,0.5263195037841797,-0.09511765837669373,0.5802115797996521,0.592451274394989,-0.0922565758228302,0.5893751978874207,0.6374428272247314,-0.08368901908397675,0.6932893395423889,0.5785796642303467,-0.07064562290906906,0.6271249055862427,0.5285255312919617,-0.1056411936879158,0.5830528736114502,0.49125707149505615,-0.11806069314479828,0.5514066219329834,0.4565792679786682,-0.1236785501241684,0.16303636133670807,0.772759199142456,-8.459619671441487e-09,0.1497601568698883,0.6727948188781738,0.023242268711328506,0.1597634255886078,0.5715465545654297,0.02413877286016941,0.19862796366214752,0.5093338489532471,0.017756611108779907,0.23332485556602478,0.4782693386077881,0.00901367049664259,0.13431161642074585,0.5073306560516357,-0.006090398412197828,0.21070192754268646,0.41060566902160645,-0.016089946031570435,0.24734525382518768,0.357524037361145,-0.020328622311353683,0.27088046073913574,0.31328052282333374,-0.023035503923892975,0.15276935696601868,0.5249871611595154,-0.0263017937541008,0.2574581801891327,0.4836675822734833,-0.046329133212566376,0.27655312418937683,0.5393809080123901,-0.049836210906505585,0.26834261417388916,0.5743556022644043,-0.04794519022107124,0.18430528044700623,0.5536608099937439,-0.04242298752069473,0.27810460329055786,0.505314290523529,-0.06174851953983307,0.2907736897468567,0.5695213079452515,-0.05267145857214928,0.281419038772583,0.6070460677146912,-0.04049929231405258,0.22114591300487518,0.58818119764328,-0.05588788911700249,0.27245426177978516,0.5038763880729675,-0.06397971510887146,0.3004302680492401,0.46164560317993164,-0.05538858473300934,0.3223646879196167,0.41799163818359375,-0.045594219118356705
298,0.7410896420478821,0.7200927138328552,-5.625894345939741e-07,0.7147088646888733,0.6282762885093689,0.010144553147256374,0.685001015663147,0.5352774858474731,0.005400240886956453,0.6493993401527405,0.46939149498939514,-0.003888739738613367,0.6164544820785522,0.43377065658569336,-0.014377276413142681,0.7140383720397949,0.46129918098449707,-0.023139744997024536,0.6450408697128296,0.3639954924583435,-0.0455087311565876,0.6153566837310791,0.30560821294784546,-0.05406427010893822,0.5919074416160583,0.2526388466358185,-0.060653455555438995,0.7152050733566284,0.48222559690475464,-0.03829493746161461,0.5982530117034912,0.4714914560317993,-0.07586883008480072,0.5826838612556458,0.5392576456069946,-0.07942263036966324,0.59037184715271,0.5858614444732666,-0.07817895710468292,0.7015729546546936,0.5232111215591431,-0.052500851452350616,0.5929440259933472,0.5110822916030884,-0.08883675187826157,0.5786170959472656,0.5776975750923157,-0.08381500095129013,0.5877194404602051,0.623337984085083,-0.07458467036485672,0.6800457239151001,0.5693826675415039,-0.06520595401525497,0.6141953468322754,0.5124148726463318,-0.09457314759492874,0.5755307674407959,0.4760398864746094,-0.10427575558423996,0.5476175546646118,0.44094622135162354,-0.10861462354660034,0.16666407883167267,0.7703261971473694,-3.852267127513187e-08,0.15323477983474731,0.6712788343429565,0.02730153501033783,0.15943816304206848,0.5683375000953674,0.028598332777619362,0.19465798139572144,0.5041085481643677,0.022158632054924965,0.22806736826896667,0.47713327407836914,0.013125266879796982,0.13474716246128082,0.5042226910591125,-0.007097125984728336,0.20988479256629944,0.4077693819999695,-0.01792365312576294,0.24693115055561066,0.35533198714256287,-0.02294418402016163,0.2715567648410797,0.311400443315506,-0.026415197178721428,0.15339577198028564,0.5234889984130859,-0.02939416840672493,0.2573052942752838,0.4764535427093506,-0.04933493211865425,0.27220091223716736,0.5342717170715332,-0.051732733845710754,0.25924521684646606,0.5687158107757568,-0.04968614503741264,0.18590079247951508,0.5526605248451233,-0.04718167707324028,0.2791720926761627,0.4978679418563843,-0.0656883642077446,0.2876356542110443,0.5614292025566101,-0.05566878244280815,0.27476775646209717,0.5973848104476929,-0.04374372586607933,0.22483134269714355,0.5865857601165771,-0.06191646307706833,0.2784392237663269,0.4983599781990051,-0.06990073621273041,0.30810612440109253,0.45544615387916565,-0.0617007240653038,0.33125612139701843,0.4095979928970337,-0.052707359194755554
299,0.7332221269607544,0.704321026802063,-5.504616069629265e-07,0.7085310220718384,0.6128270030021667,0.010565712116658688,0.6807624697685242,0.5211781859397888,0.005586954299360514,0.6462084054946899,0.4549939036369324,-0.003515088465064764,0.6142723560333252,0.41983112692832947,-0.013946128077805042,0.7132310271263123,0.453982412815094,-0.025338569656014442,0.6471513509750366,0.35686373710632324,-0.04693123325705528,0.6184454560279846,0.3009624481201172,-0.05437112972140312,0.5954010486602783,0.2498619556427002,-0.0603853203356266,0.7129767537117004,0.4748486876487732,-0.040437694638967514,0.6002551913261414,0.45742112398147583,-0.07681720703840256,0.5856748819351196,0.5252558588981628,-0.07889975607395172,0.5931705236434937,0.5715422630310059,-0.07702016830444336,0.6973555088043213,0.5147656798362732,-0.05435875803232193,0.5924104452133179,0.5002332329750061,-0.08998734503984451,0.5807621479034424,0.5654143691062927,-0.08400443196296692,0.5912670493125916,0.6110696196556091,-0.07435774803161621,0.6725062131881714,0.5594398379325867,-0.0665820762515068,0.6068999171257019,0.5030137896537781,-0.09542514383792877,0.5690671801567078,0.46835845708847046,-0.10462894290685654,0.5417426824569702,0.4359714984893799,-0.10897322744131088,0.15951508283615112,0.7710829377174377,-3.196058884213926e-08,0.14459556341171265,0.6666844487190247,0.030157068744301796,0.151877298951149,0.567070484161377,0.03414019197225571,0.1872866302728653,0.5051925182342529,0.029555058106780052,0.2213747501373291,0.47632619738578796,0.0218253992497921,0.12869404256343842,0.5036492943763733,-0.0014587750192731619,0.20447559654712677,0.4039558172225952,-0.009707814082503319,0.24125254154205322,0.35143953561782837,-0.012272493913769722,0.26547592878341675,0.3085498809814453,-0.013802415691316128,0.14967872202396393,0.5199928879737854,-0.024701425805687904,0.2556943893432617,0.47347402572631836,-0.043038249015808105,0.27797985076904297,0.5307366847991943,-0.04549406096339226,0.27190250158309937,0.5676996111869812,-0.04282921925187111,0.18348531424999237,0.5477401614189148,-0.043230365961790085,0.277957558631897,0.4967975318431854,-0.06159345805644989,0.2949267625808716,0.5597310066223145,-0.053029537200927734,0.2886974811553955,0.5978703498840332,-0.041174616664648056,0.22325819730758667,0.5815256834030151,-0.05827886983752251,0.2738901376724243,0.4918765127658844,-0.06577359139919281,0.3040781021118164,0.44869470596313477,-0.057171594351530075,0.32777297496795654,0.4051162004470825,-0.04730143025517464
300,0.7278186678886414,0.7204887866973877,-5.561248599406099e-07,0.6450613737106323,0.6377608180046082,0.001882757875137031,0.6124659776687622,0.549535870552063,-0.0045248353853821754,0.5933566689491272,0.47935590147972107,-0.016145991161465645,0.5783553123474121,0.42736437916755676,-0.027980877086520195,0.6880586743354797,0.452538400888443,-0.01271248422563076,0.6261131763458252,0.374517560005188,-0.03189893066883087,0.5966062545776367,0.3209376335144043,-0.041765354573726654,0.5725822448730469,0.26925212144851685,-0.04987474903464317,0.7082731127738953,0.46620461344718933,-0.028528206050395966,0.5927747488021851,0.475507527589798,-0.06997226178646088,0.5677319765090942,0.543715238571167,-0.08174983412027359,0.5648872256278992,0.5953792333602905,-0.08362419158220291,0.7098865509033203,0.5028804540634155,-0.045032355934381485,0.59560626745224,0.512677013874054,-0.08753003180027008,0.5734617710113525,0.5816287398338318,-0.08881115913391113,0.5746853351593018,0.6303079128265381,-0.08053601533174515,0.7009616494178772,0.548522412776947,-0.06109698489308357,0.6375479102134705,0.4979473650455475,-0.09117864072322845,0.6020253300666809,0.46180298924446106,-0.10038727521896362,0.5771265029907227,0.4271366596221924,-0.10310374945402145,0.1563962996006012,0.7700007557868958,-5.8085340981506306e-08,0.18098323047161102,0.6622361540794373,0.01885894685983658,0.20660275220870972,0.5576539635658264,0.014509286731481552,0.2500990927219391,0.4877832531929016,0.001178430044092238,0.2876218557357788,0.4321906864643097,-0.01396793033927679,0.14713478088378906,0.4944257438182831,-0.0019660440739244223,0.2191774845123291,0.4079189896583557,-0.018320875242352486,0.2543387711048126,0.3571312725543976,-0.027579212561249733,0.27815136313438416,0.3128420114517212,-0.03316929191350937,0.14835503697395325,0.513264000415802,-0.025710515677928925,0.2554347515106201,0.48045122623443604,-0.05871798098087311,0.27985942363739014,0.5425629615783691,-0.06852489709854126,0.2794586420059204,0.5855669975280762,-0.06767404079437256,0.16619162261486053,0.5482980012893677,-0.04711625725030899,0.2661803960800171,0.5087961554527283,-0.07741216570138931,0.2815605401992798,0.5775192975997925,-0.06965839862823486,0.2770044803619385,0.6203406453132629,-0.054844800382852554,0.19398833811283112,0.5895253419876099,-0.06675904244184494,0.2459288239479065,0.5096541047096252,-0.08019538968801498,0.27671390771865845,0.46177229285240173,-0.07246033847332001,0.30143359303474426,0.4168316721916199,-0.06229120492935181
301,0.7331434488296509,0.749294638633728,-2.642820220444264e-07,0.6465422511100769,0.685558557510376,0.002301291096955538,0.5997849106788635,0.6089763641357422,-0.006807172670960426,0.5699509978294373,0.5521045327186584,-0.022910386323928833,0.5355927348136902,0.5108407735824585,-0.03825439140200615,0.6509943008422852,0.48590198159217834,-0.004422702360898256,0.5935930013656616,0.41426852345466614,-0.028919879347085953,0.5598809719085693,0.36660048365592957,-0.0464918427169323,0.5325832962989807,0.3188861012458801,-0.059382736682891846,0.6789723634719849,0.48873892426490784,-0.024064719676971436,0.6003621816635132,0.44562000036239624,-0.06118367984890938,0.567150354385376,0.4622165858745575,-0.07634285092353821,0.5530396699905396,0.4667336642742157,-0.08218985795974731,0.6983116865158081,0.5174493789672852,-0.04549047723412514,0.6128047704696655,0.5055476427078247,-0.08801226317882538,0.5825707316398621,0.5857943892478943,-0.08504613488912582,0.579171359539032,0.6494327783584595,-0.0715222954750061,0.7068076729774475,0.5622146725654602,-0.06751405447721481,0.6659891605377197,0.503487229347229,-0.10042324662208557,0.6368443965911865,0.4674285352230072,-0.10492751747369766,0.6180944442749023,0.4384060800075531,-0.10212568193674088,0.16651608049869537,0.7964580059051514,-2.675726022971503e-07,0.23720306158065796,0.703916072845459,0.025319859385490417,0.2658022940158844,0.6080892086029053,0.026488879695534706,0.2822808623313904,0.5382969379425049,0.014774980023503304,0.29344168305397034,0.487225204706192,0.0006985666113905609,0.1855732798576355,0.5047173500061035,0.017777834087610245,0.23885738849639893,0.43077215552330017,-0.0009985044598579407,0.2699720859527588,0.3822256028652191,-0.01335484255105257,0.29660898447036743,0.3377104103565216,-0.02133786305785179,0.16306833922863007,0.5110400319099426,-0.01370178535580635,0.27610254287719727,0.4966884255409241,-0.056505728513002396,0.3081907033920288,0.5781209468841553,-0.06947169452905655,0.31665247678756714,0.6328468918800354,-0.06719180196523666,0.1542167067527771,0.5391868352890015,-0.044657476246356964,0.2663952112197876,0.5284755229949951,-0.0893290787935257,0.3003427982330322,0.6059665679931641,-0.08585727959871292,0.3098457455635071,0.655232310295105,-0.06972165405750275,0.1576196700334549,0.5806187391281128,-0.07366105169057846,0.20288726687431335,0.5055385231971741,-0.09896960109472275,0.22646890580654144,0.4623328149318695,-0.09556499123573303,0.24747531116008759,0.42273736000061035,-0.0864146277308464
302,0.7109664082527161,0.7696453332901001,-3.326982778162346e-07,0.6338890194892883,0.7435336112976074,-0.023601990193128586,0.5663057565689087,0.6671868562698364,-0.035237282514572144,0.5248565673828125,0.6029709577560425,-0.049762334674596786,0.4852781295776367,0.5542597770690918,-0.06285705417394638,0.593238890171051,0.5541673302650452,-0.01374523714184761,0.5535590648651123,0.45215311646461487,-0.041129231452941895,0.5275694131851196,0.39433443546295166,-0.05449747294187546,0.5036923885345459,0.34087246656417847,-0.0619620606303215,0.6280131936073303,0.5439475774765015,-0.018910076469182968,0.5888278484344482,0.49881482124328613,-0.07568861544132233,0.5852668285369873,0.5876736044883728,-0.08804936707019806,0.590045154094696,0.6552850008010864,-0.08023127913475037,0.6609025001525879,0.5461881756782532,-0.02849494107067585,0.6230764389038086,0.5034348964691162,-0.08185996860265732,0.6180129051208496,0.5933700799942017,-0.07475138455629349,0.620344877243042,0.6558540463447571,-0.05189429223537445,0.6925584077835083,0.5577712655067444,-0.0403483510017395,0.6735635995864868,0.4893868863582611,-0.07079074531793594,0.6620020270347595,0.45090630650520325,-0.07040058821439743,0.6536766886711121,0.40692800283432007,-0.06138375401496887,0.18628086149692535,0.8113587498664856,-2.3764823708916083e-07,0.2547527849674225,0.7531360387802124,-0.013560915365815163,0.3065430819988251,0.6639895439147949,-0.025651544332504272,0.3404809832572937,0.5981554388999939,-0.0433768592774868,0.3687278926372528,0.5352894067764282,-0.06109608709812164,0.2479538470506668,0.5376763343811035,-0.009423122741281986,0.27637606859207153,0.45083197951316833,-0.0352371484041214,0.29751527309417725,0.39762014150619507,-0.04868262633681297,0.31527069211006165,0.3486713767051697,-0.05472958832979202,0.21121598780155182,0.539483904838562,-0.021616604179143906,0.27438825368881226,0.518923819065094,-0.07529864460229874,0.29338595271110535,0.6032174229621887,-0.0940234363079071,0.2937655448913574,0.6627610921859741,-0.09182316064834595,0.18040184676647186,0.5637284517288208,-0.03629119694232941,0.23677513003349304,0.5424399971961975,-0.09150174260139465,0.2635549306869507,0.6293232440948486,-0.09266875684261322,0.272908478975296,0.6859899163246155,-0.07526452094316483,0.1541976034641266,0.6004132032394409,-0.051625654101371765,0.15468479692935944,0.5228298306465149,-0.08327428996562958,0.15757639706134796,0.4696974754333496,-0.08478668332099915,0.16170693933963776,0.41368427872657776,-0.07691255956888199
303,0.7146048545837402,0.7706688642501831,-1.6798396984540886e-07,0.6347695589065552,0.7620996236801147,-0.029328303411602974,0.5613350868225098,0.6874088048934937,-0.04156600311398506,0.519082248210907,0.6196029186248779,-0.05465918034315109,0.4805075526237488,0.5670970678329468,-0.06554607301950455,0.5864377021789551,0.5656680464744568,-0.01840868778526783,0.5408813953399658,0.46127912402153015,-0.041873618960380554,0.5145168304443359,0.40284261107444763,-0.05164449289441109,0.4906710982322693,0.3491498529911041,-0.05736691132187843,0.6237782835960388,0.5523508787155151,-0.019660048186779022,0.5891575217247009,0.5012603998184204,-0.075564444065094,0.5897898077964783,0.583891749382019,-0.08776156604290009,0.5977975130081177,0.6479206085205078,-0.0794282928109169,0.6583490967750549,0.5516607165336609,-0.025179343298077583,0.6233991980552673,0.5055362582206726,-0.07832133769989014,0.6215547323226929,0.599114716053009,-0.07226455211639404,0.6245945692062378,0.6619865894317627,-0.05006282031536102,0.6922580003738403,0.5596557855606079,-0.0331866554915905,0.673923909664154,0.49332761764526367,-0.06631314009428024,0.6633780598640442,0.45277559757232666,-0.06903261691331863,0.6553178429603577,0.402271568775177,-0.06166916713118553,0.1860499233007431,0.8239980340003967,-2.393038585069007e-07,0.2588736414909363,0.7790234088897705,-0.019198691472411156,0.3221421241760254,0.690790593624115,-0.02915225736796856,0.36106735467910767,0.6221862435340881,-0.04305925965309143,0.38380324840545654,0.5614852905273438,-0.05604849010705948,0.26935529708862305,0.5719173550605774,-0.014803850091993809,0.2957978844642639,0.4705832898616791,-0.03976807743310928,0.311065137386322,0.41081535816192627,-0.05070171132683754,0.3234546184539795,0.35316354036331177,-0.055687952786684036,0.22910232841968536,0.5681800842285156,-0.02349441684782505,0.27299588918685913,0.5313035845756531,-0.08100710809230804,0.2845320403575897,0.6195866465568542,-0.09939626604318619,0.28413715958595276,0.6837056279182434,-0.09597038477659225,0.19157826900482178,0.5818583369255066,-0.03496287390589714,0.22820331156253815,0.5438642501831055,-0.09186764061450958,0.24630503356456757,0.6376733779907227,-0.09199843555688858,0.2519623339176178,0.7019379138946533,-0.07329445332288742,0.15710154175758362,0.6057625412940979,-0.04774104431271553,0.1481788456439972,0.5186893939971924,-0.08088818937540054,0.14526811242103577,0.46218663454055786,-0.0842890590429306,0.1427554488182068,0.40190136432647705,-0.07786740362644196
304,0.7181400060653687,0.7627878785133362,-2.2642080921286833e-07,0.6380188465118408,0.7409365177154541,-0.02202615886926651,0.5657980442047119,0.6657317876815796,-0.03180943429470062,0.5224791169166565,0.6036393642425537,-0.04415188729763031,0.4816102981567383,0.5568569302558899,-0.05543890967965126,0.5899245738983154,0.5469729900360107,-0.011881707236170769,0.5451964139938354,0.45343291759490967,-0.033635471016168594,0.5215488076210022,0.3959501385688782,-0.043786849826574326,0.49874958395957947,0.34473004937171936,-0.05005492642521858,0.6298014521598816,0.5328819751739502,-0.016157394275069237,0.5956929922103882,0.5071672201156616,-0.06596777588129044,0.6023134589195251,0.5903603434562683,-0.07675692439079285,0.6122027635574341,0.6523911356925964,-0.06975933164358139,0.6673895120620728,0.5350912809371948,-0.024317389354109764,0.6325493454933167,0.5093684792518616,-0.07602846622467041,0.6369596123695374,0.5997176766395569,-0.07166605442762375,0.6429036259651184,0.6606761813163757,-0.05152240768074989,0.7031176686286926,0.5468473434448242,-0.033868398517370224,0.6858183145523071,0.48326653242111206,-0.06656286120414734,0.6772736310958862,0.4494190812110901,-0.06866621226072311,0.6685603857040405,0.40742799639701843,-0.06111365556716919,0.19132821261882782,0.8150367736816406,-2.6860055868382915e-07,0.26559194922447205,0.7654396295547485,-0.013901920057833195,0.32812339067459106,0.6810421347618103,-0.022232484072446823,0.36246761679649353,0.6149765253067017,-0.03505915403366089,0.3828308582305908,0.5575480461120605,-0.047337956726551056,0.2693251371383667,0.5555076599121094,-0.012578939087688923,0.2957177460193634,0.4690290093421936,-0.03445550426840782,0.3069998025894165,0.41333699226379395,-0.04305058717727661,0.3194873631000519,0.3632800579071045,-0.04688236117362976,0.22765599191188812,0.5518701076507568,-0.022755099460482597,0.2742438316345215,0.5353651642799377,-0.07687725871801376,0.28290286660194397,0.6224240064620972,-0.09517606347799301,0.2812001407146454,0.6884886026382446,-0.09253277629613876,0.18927127122879028,0.5693630576133728,-0.03475486487150192,0.22543835639953613,0.5515554547309875,-0.0905185416340828,0.24173036217689514,0.6463945508003235,-0.09344339370727539,0.24771495163440704,0.7121075391769409,-0.07741932570934296,0.15709470212459564,0.5996995568275452,-0.047093890607357025,0.14482012391090393,0.5180435180664062,-0.08052842319011688,0.13875600695610046,0.4657009243965149,-0.08563215285539627,0.13402584195137024,0.41223013401031494,-0.08082248270511627
305,0.7218078970909119,0.7531275749206543,-3.035437714515865e-07,0.6404222846031189,0.7300897836685181,-0.018929902464151382,0.5732970833778381,0.6623988151550293,-0.0294872485101223,0.5301913022994995,0.6057792901992798,-0.04266182705760002,0.492060124874115,0.5602812767028809,-0.05570066720247269,0.598617672920227,0.5505076050758362,-0.01784229278564453,0.5560063719749451,0.45889750123023987,-0.04148413985967636,0.5318832397460938,0.40494075417518616,-0.05232202261686325,0.5087361931800842,0.3548625707626343,-0.05818178504705429,0.6386337280273438,0.5383155345916748,-0.022131750360131264,0.6043179035186768,0.5259024500846863,-0.07237239927053452,0.6090734601020813,0.6112056970596313,-0.08314628154039383,0.6183872818946838,0.6719744205474854,-0.07657789438962936,0.6746863126754761,0.5418168306350708,-0.029284337535500526,0.6408982276916504,0.5322024822235107,-0.08022697269916534,0.6454700827598572,0.6191220879554749,-0.07648783177137375,0.651896059513092,0.676726758480072,-0.05744927376508713,0.7081442475318909,0.5543085336685181,-0.0372232124209404,0.6943520903587341,0.49887895584106445,-0.06631604582071304,0.6900144219398499,0.46880364418029785,-0.06583049148321152,0.6857607364654541,0.4334251284599304,-0.05697586014866829,0.20652368664741516,0.7925552725791931,-2.7730376928047917e-07,0.27689793705940247,0.745803952217102,-0.01478275191038847,0.33591440320014954,0.6692505478858948,-0.024535594508051872,0.3699991703033447,0.6092631220817566,-0.03783952444791794,0.39164891839027405,0.5575559735298157,-0.050516676157712936,0.27920883893966675,0.5433601140975952,-0.016071628779172897,0.3048824071884155,0.46533191204071045,-0.03793748840689659,0.3170490860939026,0.41267305612564087,-0.04731791839003563,0.32865431904792786,0.3657304048538208,-0.05176277831196785,0.23807157576084137,0.5412882566452026,-0.02460898645222187,0.28023001551628113,0.5295339226722717,-0.07605680823326111,0.286516010761261,0.6169369220733643,-0.09226737171411514,0.282437801361084,0.679966926574707,-0.08897071331739426,0.20165495574474335,0.5613884925842285,-0.03473585471510887,0.23706650733947754,0.5508387684822083,-0.08774048835039139,0.2502361536026001,0.6392598152160645,-0.08913049846887589,0.2536740303039551,0.6972423195838928,-0.07309427857398987,0.1712002456188202,0.5936570763587952,-0.04528048634529114,0.1587708443403244,0.5227808356285095,-0.07815538346767426,0.1535744071006775,0.47514456510543823,-0.08271010220050812,0.15015746653079987,0.42487120628356934,-0.07748526334762573
306,0.7193166613578796,0.7471506595611572,-2.727333878738136e-07,0.6403182744979858,0.7256619334220886,-0.020826395601034164,0.5743811726570129,0.6591556668281555,-0.03078078292310238,0.532281756401062,0.6034976243972778,-0.04196372255682945,0.4937081038951874,0.5620828866958618,-0.052514392882585526,0.5967390537261963,0.550666868686676,-0.019229279831051826,0.5542435050010681,0.4689398407936096,-0.04029025137424469,0.529691755771637,0.41734880208969116,-0.049237627536058426,0.508090078830719,0.3683900833129883,-0.054343730211257935,0.6363601088523865,0.5375266075134277,-0.021644942462444305,0.6066445708274841,0.5277050137519836,-0.06827957928180695,0.6093621253967285,0.6092286109924316,-0.07660505920648575,0.6168205738067627,0.6690727472305298,-0.06945990771055222,0.6724478006362915,0.5434704422950745,-0.027083292603492737,0.6425926685333252,0.5355657339096069,-0.07588614523410797,0.6449265480041504,0.6214131116867065,-0.07214579731225967,0.6483969688415527,0.6768078207969666,-0.05416116863489151,0.7049009799957275,0.5597556829452515,-0.033439721912145615,0.6931824684143066,0.5093178749084473,-0.06340381503105164,0.6874622106552124,0.4776579737663269,-0.06532815098762512,0.6809244751930237,0.4378090500831604,-0.058783937245607376,0.21210792660713196,0.784939169883728,-2.653339379321551e-07,0.2804543972015381,0.7398247718811035,-0.01280372217297554,0.33975428342819214,0.6617381572723389,-0.021080905571579933,0.37694478034973145,0.6016201376914978,-0.033650290220975876,0.4006580114364624,0.5503659248352051,-0.0456697978079319,0.28334394097328186,0.5457082390785217,-0.011591042391955853,0.3131326735019684,0.4685152769088745,-0.03209328651428223,0.3261163532733917,0.4180358648300171,-0.04093284159898758,0.3385748267173767,0.3707799017429352,-0.04540066793560982,0.24457460641860962,0.5412081480026245,-0.021246854215860367,0.2896508276462555,0.529171884059906,-0.07154345512390137,0.29612183570861816,0.6137042045593262,-0.0877399817109108,0.2937016189098358,0.6753095984458923,-0.0848374217748642,0.21007846295833588,0.5574796795845032,-0.03269831836223602,0.24998776614665985,0.544077455997467,-0.08382526785135269,0.263546884059906,0.6307386159896851,-0.08518839627504349,0.2682109475135803,0.6900470852851868,-0.06963715702295303,0.18142303824424744,0.5856457352638245,-0.044750917702913284,0.17493847012519836,0.5159354209899902,-0.07624837756156921,0.16931892931461334,0.46815025806427,-0.08107401430606842,0.1651989221572876,0.41821759939193726,-0.07648172229528427
307,0.7126416563987732,0.7382186651229858,-2.0340267781193688e-07,0.637607991695404,0.717199981212616,-0.02096528932452202,0.5742049813270569,0.6526191234588623,-0.03125365078449249,0.5344228148460388,0.5984464883804321,-0.042863573879003525,0.4985979199409485,0.556136965751648,-0.053690917789936066,0.5976365208625793,0.5448253154754639,-0.016204137355089188,0.5565074682235718,0.46030086278915405,-0.036179933696985245,0.5341231226921082,0.4071439504623413,-0.04507187753915787,0.5140334963798523,0.35921257734298706,-0.05034865066409111,0.6351628303527832,0.5336099863052368,-0.01867382787168026,0.6018860340118408,0.5172786116600037,-0.06452314555644989,0.6062048673629761,0.5977075099945068,-0.07370955497026443,0.6158815026283264,0.6569677591323853,-0.06722244620323181,0.6684695482254028,0.5380622744560242,-0.024300264194607735,0.6346847414970398,0.5188959836959839,-0.07100139558315277,0.6374231576919556,0.6016374826431274,-0.06656715273857117,0.6428425312042236,0.6572252511978149,-0.048757921904325485,0.6989071369171143,0.552325427532196,-0.031126519665122032,0.6835516095161438,0.5012931227684021,-0.05986481532454491,0.6775625944137573,0.4696807861328125,-0.06148592010140419,0.6719880104064941,0.4297943711280823,-0.05500791221857071,0.21591010689735413,0.7852175831794739,-2.4316358349096845e-07,0.2813742458820343,0.7427892684936523,-0.013495130464434624,0.3408140540122986,0.66527259349823,-0.022417381405830383,0.37939420342445374,0.6052995920181274,-0.035562776029109955,0.40438932180404663,0.5555285215377808,-0.04806787148118019,0.289692223072052,0.5468260049819946,-0.01057093683630228,0.3189120888710022,0.47130686044692993,-0.03114781714975834,0.33237123489379883,0.42221155762672424,-0.040375541895627975,0.34569498896598816,0.3759046792984009,-0.04543732479214668,0.2530733644962311,0.5413757562637329,-0.020265525206923485,0.29884102940559387,0.527022123336792,-0.06951259076595306,0.3043414354324341,0.6103376150131226,-0.08507655560970306,0.3012003004550934,0.6690528392791748,-0.08201119303703308,0.22018620371818542,0.5578560829162598,-0.03206242620944977,0.2592882513999939,0.5439232587814331,-0.08243778347969055,0.2721860110759735,0.6325467824935913,-0.082469642162323,0.27603021264076233,0.6913171410560608,-0.06630057841539383,0.19270850718021393,0.5859494209289551,-0.044612932950258255,0.18738922476768494,0.518720805644989,-0.07583785057067871,0.18229371309280396,0.473255455493927,-0.07987324893474579,0.17805559933185577,0.42309361696243286,-0.07487735152244568
308,0.7096203565597534,0.7383725643157959,-2.483838557054696e-07,0.6352623701095581,0.7176417708396912,-0.019459156319499016,0.5715204477310181,0.6509132981300354,-0.0293270293623209,0.5320395231246948,0.5960103869438171,-0.04103127494454384,0.494579017162323,0.5556412935256958,-0.052147723734378815,0.5981524586677551,0.5453160405158997,-0.01753859780728817,0.5555678009986877,0.4610256254673004,-0.039193231612443924,0.5317345857620239,0.4075203537940979,-0.048585984855890274,0.511052668094635,0.36015039682388306,-0.053583238273859024,0.6350018382072449,0.5344557166099548,-0.02107319049537182,0.6042113900184631,0.5174232721328735,-0.06908871978521347,0.6076666712760925,0.5993378162384033,-0.07802712917327881,0.6169729828834534,0.6596980094909668,-0.07043589651584625,0.6683019399642944,0.5391141176223755,-0.0276505034416914,0.6393899917602539,0.5242175459861755,-0.07645004242658615,0.6409554481506348,0.6085001826286316,-0.0723280981183052,0.6456766128540039,0.6644251942634583,-0.05358301103115082,0.6989772915840149,0.5530484318733215,-0.03521022945642471,0.6848641037940979,0.49872639775276184,-0.06487675756216049,0.6784604787826538,0.46582454442977905,-0.06626133620738983,0.6741308569908142,0.42649030685424805,-0.05892779305577278,0.2180548757314682,0.7931141257286072,-2.7929252155445283e-07,0.2841407060623169,0.7519857287406921,-0.01168973557651043,0.34317389130592346,0.672036349773407,-0.01878940872848034,0.3795543313026428,0.6121601462364197,-0.030133387073874474,0.40611934661865234,0.5648698210716248,-0.04101191833615303,0.29499056935310364,0.5565908551216125,-0.010214429348707199,0.3233972191810608,0.47978919744491577,-0.029142335057258606,0.3360249400138855,0.431718647480011,-0.036863669753074646,0.3489800989627838,0.38708725571632385,-0.040896154940128326,0.258136123418808,0.5516814589500427,-0.019975513219833374,0.3019505441188812,0.5423569679260254,-0.06765445321798325,0.3092895448207855,0.6231361031532288,-0.08303660899400711,0.3091525733470917,0.6818695068359375,-0.08054128289222717,0.22407656908035278,0.5670608282089233,-0.03142445534467697,0.2613082528114319,0.5503814816474915,-0.080365389585495,0.2741619050502777,0.638598620891571,-0.08103242516517639,0.2791460156440735,0.7005845308303833,-0.06592493504285812,0.19547608494758606,0.5943626761436462,-0.0433628112077713,0.18809238076210022,0.5241060853004456,-0.07326207309961319,0.18207819759845734,0.47785866260528564,-0.07727038115262985,0.17865201830863953,0.42898106575012207,-0.07267582416534424
309,0.7031108736991882,0.7616602182388306,-2.7601774377217225e-07,0.6305587291717529,0.7445567846298218,-0.017077500000596046,0.5662873387336731,0.6707108616828918,-0.025668760761618614,0.5263235569000244,0.6105737090110779,-0.03645743057131767,0.4861401915550232,0.5772628784179688,-0.0471816211938858,0.5932902097702026,0.5649654269218445,-0.019238656386733055,0.5521631240844727,0.4738011956214905,-0.04258260130882263,0.5292962789535522,0.4198780655860901,-0.053170859813690186,0.5084073543548584,0.3690149486064911,-0.059856563806533813,0.6312791109085083,0.5519497990608215,-0.02423764578998089,0.5992178916931152,0.5323846340179443,-0.07366466522216797,0.6040549874305725,0.6174944639205933,-0.08201864361763,0.613128662109375,0.678398847579956,-0.07470560818910599,0.6669254302978516,0.5565486550331116,-0.03201976418495178,0.6337827444076538,0.5409865379333496,-0.08168110996484756,0.6370500326156616,0.6280971765518188,-0.07548313587903976,0.6434919834136963,0.6855605840682983,-0.05561253800988197,0.7005295157432556,0.5718453526496887,-0.04076942428946495,0.6914319396018982,0.5128862261772156,-0.07231103628873825,0.6852870583534241,0.4778997600078583,-0.07444517314434052,0.679579496383667,0.4371771812438965,-0.06787378340959549,0.21889621019363403,0.8046186566352844,-2.3316822250762925e-07,0.2849988639354706,0.7694206237792969,-0.018466642126441002,0.3444405794143677,0.6899223327636719,-0.027326196432113647,0.38070547580718994,0.6257814764976501,-0.03908955678343773,0.4045184254646301,0.5736754536628723,-0.05005556717514992,0.30053624510765076,0.5732899904251099,-0.015496443957090378,0.3255065977573395,0.4868893325328827,-0.037116460502147675,0.3363448977470398,0.4336059093475342,-0.04616836458444595,0.34737396240234375,0.3855281174182892,-0.05072302371263504,0.2620198726654053,0.5679782032966614,-0.022186968475580215,0.30026334524154663,0.5431292653083801,-0.0739574283361435,0.30564212799072266,0.6250019669532776,-0.09036676585674286,0.3042435944080353,0.6861738562583923,-0.08711595088243484,0.22476300597190857,0.5804055333137512,-0.03124498948454857,0.2558501660823822,0.5573479533195496,-0.08379780501127243,0.2678493857383728,0.6470032334327698,-0.08477788418531418,0.27273449301719666,0.7098143696784973,-0.0684020146727562,0.19145536422729492,0.603728175163269,-0.04126164689660072,0.18388766050338745,0.5290144085884094,-0.07338809221982956,0.17809876799583435,0.4804934859275818,-0.07807442545890808,0.1743663251399994,0.42837947607040405,-0.07329178601503372
310,0.7061020135879517,0.7850189805030823,-2.4388168640143704e-07,0.6312773823738098,0.7739624977111816,-0.0221365038305521,0.5611063241958618,0.6951675415039062,-0.030637621879577637,0.521611213684082,0.6267020106315613,-0.04059474542737007,0.48178958892822266,0.5858240723609924,-0.049560125917196274,0.5883743166923523,0.5767790675163269,-0.017063800245523453,0.5476652979850769,0.4807216227054596,-0.03810563310980797,0.5239702463150024,0.4232955574989319,-0.04656723141670227,0.5022944808006287,0.37188997864723206,-0.051788970828056335,0.6275568008422852,0.5636740922927856,-0.020641524344682693,0.5971037149429321,0.5294331312179565,-0.07267353683710098,0.6010230183601379,0.6162338852882385,-0.0828763097524643,0.6090648770332336,0.6833772659301758,-0.07447491586208344,0.6643714308738708,0.5674197673797607,-0.02743501402437687,0.6330416202545166,0.5400912165641785,-0.07889733463525772,0.6348337531089783,0.6323716640472412,-0.07350966334342957,0.6391004323959351,0.6937959790229797,-0.05265185609459877,0.699268639087677,0.5820161700248718,-0.035725370049476624,0.6892722845077515,0.5185250043869019,-0.06818412989377975,0.6812043190002441,0.4776344299316406,-0.07119458168745041,0.6736702919006348,0.428911954164505,-0.0646415576338768,0.20341311395168304,0.8201838731765747,-1.2294427165215893e-07,0.2743011713027954,0.7922273278236389,-0.027131536975502968,0.33911579847335815,0.7108606100082397,-0.03522678464651108,0.3753812313079834,0.6408501267433167,-0.04429814964532852,0.39602428674697876,0.5825083255767822,-0.0521618016064167,0.294797420501709,0.5915480852127075,-0.013226472772657871,0.3163098096847534,0.4960874319076538,-0.03391581028699875,0.32789531350135803,0.4384809136390686,-0.04247840866446495,0.33947938680648804,0.38639312982559204,-0.046389997005462646,0.25780805945396423,0.5862513780593872,-0.01652533747255802,0.28757041692733765,0.5267406702041626,-0.06919365376234055,0.29493507742881775,0.6054259538650513,-0.0883944109082222,0.29511207342147827,0.670885443687439,-0.0854601189494133,0.21821390092372894,0.5944783091545105,-0.023472733795642853,0.24241866171360016,0.5520937442779541,-0.07870137691497803,0.25705647468566895,0.6386767625808716,-0.08425559103488922,0.26214149594306946,0.7000818848609924,-0.06928140670061111,0.17811959981918335,0.6079670786857605,-0.03175466135144234,0.16941025853157043,0.5200995802879333,-0.06409458816051483,0.16502217948436737,0.46506786346435547,-0.07013992965221405,0.15941780805587769,0.40663373470306396,-0.06643428653478622
311,0.7125064134597778,0.8096623420715332,-2.0174383053017664e-07,0.6364473700523376,0.7982067465782166,-0.027403699234128,0.5620609521865845,0.7163208723068237,-0.03942272439599037,0.5215719938278198,0.6448730230331421,-0.052810728549957275,0.4837554097175598,0.590116560459137,-0.06474092602729797,0.587935745716095,0.5886973142623901,-0.0190762747079134,0.5485263466835022,0.48505622148513794,-0.04503222554922104,0.5253520607948303,0.42080068588256836,-0.05738984793424606,0.5048583149909973,0.36365944147109985,-0.06508724391460419,0.629641056060791,0.5774861574172974,-0.022462226450443268,0.6002107262611389,0.5264828205108643,-0.08135762065649033,0.6026151180267334,0.6187563538551331,-0.09434201568365097,0.6112051606178284,0.6901827454566956,-0.08577688783407211,0.6694135069847107,0.5815603733062744,-0.0299871526658535,0.6413518786430359,0.5313332676887512,-0.08612170815467834,0.6407676935195923,0.6267199516296387,-0.07978074997663498,0.6439168453216553,0.69255131483078,-0.05652270093560219,0.7089205980300903,0.5963060855865479,-0.03965773433446884,0.6971441507339478,0.5216971039772034,-0.0757993534207344,0.6874800324440002,0.476283997297287,-0.07910662889480591,0.6794601082801819,0.4237719476222992,-0.0715329498052597,0.1918197125196457,0.8359061479568481,-8.44049523607282e-08,0.26225337386131287,0.8063772916793823,-0.025913577526807785,0.329229474067688,0.7200635671615601,-0.033273544162511826,0.36841994524002075,0.6474395990371704,-0.041573286056518555,0.39013946056365967,0.5875270962715149,-0.04845550283789635,0.28751978278160095,0.5938977003097534,-0.012954155914485455,0.3072611689567566,0.49249401688575745,-0.031142763793468475,0.31866028904914856,0.43211251497268677,-0.03790421411395073,0.3295043408870697,0.3783995807170868,-0.041028592735528946,0.24754440784454346,0.5882768630981445,-0.016917245462536812,0.2731667459011078,0.5227775573730469,-0.06566239893436432,0.2826187014579773,0.5986321568489075,-0.0835464596748352,0.28385934233665466,0.6622268557548523,-0.08124867081642151,0.20484007894992828,0.5956786870956421,-0.02433515340089798,0.22888262569904327,0.544003963470459,-0.07633211463689804,0.24454569816589355,0.6311611533164978,-0.08169301599264145,0.24904760718345642,0.6949225664138794,-0.06829845905303955,0.16071897745132446,0.6081336140632629,-0.03306364268064499,0.15378433465957642,0.5152083039283752,-0.06335683166980743,0.15034687519073486,0.45714324712753296,-0.06939343363046646,0.1445491909980774,0.39654555916786194,-0.06680982559919357
312,0.718017041683197,0.8340097665786743,-2.275266552942412e-07,0.6387151479721069,0.8149313926696777,-0.02661997266113758,0.5652778148651123,0.7323402166366577,-0.03793466091156006,0.5231260061264038,0.6608853936195374,-0.05098317191004753,0.4847589135169983,0.6080227494239807,-0.06283736228942871,0.5893065333366394,0.6076191663742065,-0.015680961310863495,0.551209568977356,0.5038873553276062,-0.039648015052080154,0.5297969579696655,0.4415513873100281,-0.05062262713909149,0.5098584890365601,0.38399970531463623,-0.05757838860154152,0.6326270699501038,0.5949352979660034,-0.01894337125122547,0.601510763168335,0.5482597947120667,-0.07577051967382431,0.606946587562561,0.6381132006645203,-0.08923985809087753,0.6169539093971252,0.7089553475379944,-0.08164139837026596,0.6738184690475464,0.5977939367294312,-0.02623733878135681,0.642820417881012,0.5516237616539001,-0.08258172124624252,0.6444759964942932,0.6480194926261902,-0.07759435474872589,0.6485650539398193,0.7154172658920288,-0.055158842355012894,0.7140651345252991,0.6120947599411011,-0.03539533168077469,0.7032350301742554,0.5377491116523743,-0.07121703028678894,0.6958407759666443,0.49380210041999817,-0.07475586235523224,0.6881170868873596,0.44265520572662354,-0.06750991195440292,0.18640804290771484,0.8634503483772278,-1.8042982219412806e-07,0.2610778212547302,0.8324353098869324,-0.026492523029446602,0.327934205532074,0.745184063911438,-0.033441003412008286,0.36601099371910095,0.6691927909851074,-0.042144738137722015,0.3841729760169983,0.6038858890533447,-0.0493217371404171,0.2833700478076935,0.6153222322463989,-0.00936000607907772,0.30562546849250793,0.512427031993866,-0.02888059802353382,0.31447577476501465,0.44959649443626404,-0.03620881587266922,0.32383257150650024,0.3939981460571289,-0.039373524487018585,0.24110813438892365,0.6086516976356506,-0.013731580227613449,0.27075567841529846,0.5459086894989014,-0.06830944120883942,0.278164803981781,0.6287039518356323,-0.08846722543239594,0.27860555052757263,0.6999560594558716,-0.08501371741294861,0.1975959986448288,0.6155970692634583,-0.021863732486963272,0.221818745136261,0.5708366632461548,-0.0795721709728241,0.23468220233917236,0.6647493839263916,-0.08576618880033493,0.23842395842075348,0.7321866750717163,-0.06994210183620453,0.15484391152858734,0.6287838220596313,-0.0312565453350544,0.14421388506889343,0.5346965789794922,-0.06493888795375824,0.1397511214017868,0.47658008337020874,-0.07149745523929596,0.13443881273269653,0.41469699144363403,-0.06751307100057602
313,0.7280869483947754,0.8189738392829895,-1.5759310656449088e-07,0.6421483755111694,0.7963942885398865,-0.02415844239294529,0.5697111487388611,0.7248215079307556,-0.03547295555472374,0.5270420908927917,0.6583338379859924,-0.04905035346746445,0.494145929813385,0.6029089093208313,-0.060550838708877563,0.5949451923370361,0.6065676212310791,-0.009096388705074787,0.55317622423172,0.5067864060401917,-0.03184470906853676,0.5305072665214539,0.44792258739471436,-0.042664434760808945,0.5094499588012695,0.39305686950683594,-0.04947170242667198,0.6334096789360046,0.5934485197067261,-0.012522123754024506,0.6010392904281616,0.5465288162231445,-0.06577320396900177,0.6070365905761719,0.6271215677261353,-0.07851587235927582,0.6178984045982361,0.690248966217041,-0.0715150460600853,0.6698586940765381,0.5930145978927612,-0.020261254161596298,0.6377366781234741,0.5434210300445557,-0.07183130085468292,0.6396891474723816,0.6323632001876831,-0.06623668223619461,0.6450717449188232,0.6955096125602722,-0.04479668661952019,0.7058472633361816,0.6035921573638916,-0.02999047562479973,0.6976946592330933,0.5370011329650879,-0.06125287339091301,0.6935916543006897,0.5003655552864075,-0.06312565505504608,0.6879161596298218,0.4560413956642151,-0.05541973188519478,0.20287485420703888,0.845951497554779,-1.4047159879737592e-07,0.2756274342536926,0.8114076852798462,-0.020703444257378578,0.339653879404068,0.7312809824943542,-0.026720203459262848,0.37504804134368896,0.6630859971046448,-0.03543013334274292,0.39051270484924316,0.6013274788856506,-0.04293657839298248,0.294650137424469,0.6072390079498291,-0.005141441244632006,0.31526029109954834,0.51375412940979,-0.023244531825184822,0.32558101415634155,0.4555113911628723,-0.0302211195230484,0.33372023701667786,0.4031769633293152,-0.032622601836919785,0.25539085268974304,0.6038125157356262,-0.01080401986837387,0.2816089987754822,0.5430784821510315,-0.06107265502214432,0.2891017496585846,0.619511067867279,-0.07926143705844879,0.2871500551700592,0.6832893490791321,-0.07546817511320114,0.214316263794899,0.6118102669715881,-0.01950616016983986,0.23594875633716583,0.5616870522499084,-0.07214116305112839,0.24830393493175507,0.6505359411239624,-0.07579085975885391,0.25037240982055664,0.7137095332145691,-0.05953115224838257,0.17415329813957214,0.6251583695411682,-0.029129503294825554,0.1627705991268158,0.5328191518783569,-0.05859648808836937,0.16013596951961517,0.47744476795196533,-0.06223078817129135,0.1567057967185974,0.41944801807403564,-0.056641556322574615
314,0.720420241355896,0.7776607275009155,-1.2841410068631376e-07,0.6390727758407593,0.7582587003707886,-0.0189098808914423,0.5738021731376648,0.6921218633651733,-0.027626000344753265,0.5352151393890381,0.6296261548995972,-0.03933246433734894,0.500270664691925,0.5794098973274231,-0.04973432421684265,0.5947748422622681,0.5795040130615234,-0.007626247592270374,0.5571280121803284,0.4840945601463318,-0.0290985107421875,0.5385032892227173,0.4279305934906006,-0.04026027023792267,0.5198439359664917,0.37582850456237793,-0.04752323031425476,0.6321093440055847,0.5694831013679504,-0.01207950059324503,0.6029000878334045,0.5304461717605591,-0.061340317130088806,0.6119201183319092,0.6068381071090698,-0.07352305203676224,0.6236172318458557,0.6658573150634766,-0.06795167922973633,0.6680571436882019,0.5696514248847961,-0.020037079229950905,0.6395590305328369,0.5283749103546143,-0.06705368310213089,0.6437895894050598,0.6114557981491089,-0.06104923039674759,0.6494565010070801,0.6704457998275757,-0.04126838967204094,0.7039568424224854,0.5792005658149719,-0.029660984873771667,0.6961532235145569,0.5154097676277161,-0.05908214673399925,0.6929683685302734,0.4779273271560669,-0.060670699924230576,0.6888887286186218,0.4342189431190491,-0.05332856997847557,0.2151898294687271,0.8065367341041565,-1.4695744710024883e-07,0.2826610207557678,0.7770598530769348,-0.01763937436044216,0.3458927273750305,0.6985363364219666,-0.02191336639225483,0.3822675347328186,0.6321649551391602,-0.02898753620684147,0.3979167342185974,0.5757095813751221,-0.03508157655596733,0.3059033155441284,0.5879548788070679,-0.003545105457305908,0.3271293342113495,0.49410533905029297,-0.018530575558543205,0.3373379707336426,0.4404175877571106,-0.023913338780403137,0.34630581736564636,0.391145259141922,-0.025937899947166443,0.27050456404685974,0.5825952291488647,-0.008806667290627956,0.29587608575820923,0.5307009816169739,-0.054357483983039856,0.3003524839878082,0.6021525263786316,-0.0704319030046463,0.29785460233688354,0.6581994295120239,-0.06732845306396484,0.23290397226810455,0.5872015357017517,-0.016761168837547302,0.25396728515625,0.537527322769165,-0.063783660531044,0.2650426924228668,0.6187261939048767,-0.06623555719852448,0.26712343096733093,0.6759962439537048,-0.051962338387966156,0.19552770256996155,0.5961255431175232,-0.025641774758696556,0.1860913634300232,0.5124666690826416,-0.052651625126600266,0.1827235370874405,0.46033889055252075,-0.056804388761520386,0.17995941638946533,0.40388602018356323,-0.05289968103170395
315,0.716702938079834,0.751745343208313,-9.084280350180052e-08,0.6413186192512512,0.7364529371261597,-0.02192220464348793,0.5774381160736084,0.6713517308235168,-0.03281514346599579,0.5384578108787537,0.6121720671653748,-0.04577791690826416,0.5050556063652039,0.5618926286697388,-0.05734441056847572,0.5982767939567566,0.5636626482009888,-0.012839519418776035,0.5612725615501404,0.4683859944343567,-0.03551881015300751,0.5432255268096924,0.41190463304519653,-0.04663974046707153,0.5270427465438843,0.35988545417785645,-0.053672708570957184,0.6341044902801514,0.5527163743972778,-0.01643715240061283,0.6061968803405762,0.5092900991439819,-0.06821126490831375,0.6140949726104736,0.5835703015327454,-0.08066204190254211,0.6266079545021057,0.6406664848327637,-0.07467513531446457,0.6687458157539368,0.5521022081375122,-0.023677008226513863,0.6410179138183594,0.5074782967567444,-0.07252711802721024,0.6437608599662781,0.5903591513633728,-0.06733526289463043,0.6493207216262817,0.6484763026237488,-0.04785269498825073,0.7034538388252258,0.5600219368934631,-0.03265921026468277,0.6935287117958069,0.49751120805740356,-0.06347136199474335,0.6881800293922424,0.46173202991485596,-0.06591936945915222,0.6820912957191467,0.41927358508110046,-0.05933356285095215,0.22388722002506256,0.7862288355827332,-1.3307708002230356e-07,0.28834691643714905,0.7625572681427002,-0.020335327833890915,0.34769997000694275,0.6871405243873596,-0.02597581222653389,0.3836858570575714,0.6215705275535583,-0.03302578255534172,0.40358930826187134,0.5679957270622253,-0.03889390081167221,0.3123399615287781,0.5774289965629578,-0.010321968235075474,0.33120477199554443,0.48199328780174255,-0.02590288780629635,0.3398909568786621,0.4259028434753418,-0.031674690544605255,0.347384512424469,0.37479645013809204,-0.03450737148523331,0.2779651880264282,0.5711907744407654,-0.013867408037185669,0.3021516799926758,0.5167328715324402,-0.05944159999489784,0.3079938292503357,0.5880888104438782,-0.07508619129657745,0.3061217665672302,0.64447420835495,-0.07213471829891205,0.24169903993606567,0.5752375721931458,-0.019894465804100037,0.26142576336860657,0.5249418616294861,-0.06575760990381241,0.2731679081916809,0.6017502546310425,-0.0680677518248558,0.27529284358024597,0.6571462154388428,-0.05449827015399933,0.2044631838798523,0.5837762951850891,-0.026987997815012932,0.19896984100341797,0.4999925494194031,-0.0536336787045002,0.1974983811378479,0.44812679290771484,-0.058011244982481,0.1947747766971588,0.39306843280792236,-0.05467475950717926
316,0.7107862830162048,0.7491540908813477,-1.273512708621638e-07,0.6359243988990784,0.7370137572288513,-0.0216685738414526,0.5726607441902161,0.6715928912162781,-0.03228940814733505,0.538922905921936,0.6112671494483948,-0.04422793537378311,0.5099804997444153,0.5623320937156677,-0.054817624390125275,0.599112868309021,0.5617074370384216,-0.016432790085673332,0.5637022256851196,0.46650031208992004,-0.03851058706641197,0.5435999035835266,0.4107092618942261,-0.04839210584759712,0.5261943936347961,0.3598645329475403,-0.05410119891166687,0.6351245641708374,0.5533350706100464,-0.02013091742992401,0.6115667819976807,0.5022790431976318,-0.07239251583814621,0.6131117343902588,0.5812700986862183,-0.08417223393917084,0.6195706129074097,0.6426504850387573,-0.07662823796272278,0.6682326793670654,0.5557458996772766,-0.02685737982392311,0.645412027835846,0.5138273239135742,-0.07552625983953476,0.6448132395744324,0.5978493094444275,-0.0703258290886879,0.6462329626083374,0.6541117429733276,-0.05025697872042656,0.700689971446991,0.5662125945091248,-0.03515946865081787,0.6894482970237732,0.502781093120575,-0.06480353325605392,0.6829404234886169,0.4640381336212158,-0.0662393569946289,0.676554799079895,0.4168834090232849,-0.0587371364235878,0.22132360935211182,0.7857798337936401,-1.286469029082582e-07,0.28753867745399475,0.7613788843154907,-0.020248034968972206,0.34863245487213135,0.685955822467804,-0.02516872063279152,0.38517510890960693,0.619553804397583,-0.03216494619846344,0.4059901237487793,0.5652778148651123,-0.03812551498413086,0.31166383624076843,0.5759400129318237,-0.004927687346935272,0.3312804698944092,0.48062026500701904,-0.01893010176718235,0.3402520716190338,0.42437952756881714,-0.02381746843457222,0.348149836063385,0.37375304102897644,-0.026071809232234955,0.278761088848114,0.5699372291564941,-0.00894780084490776,0.3019770085811615,0.5148500204086304,-0.052731361240148544,0.30842360854148865,0.5834773778915405,-0.06902165710926056,0.30698421597480774,0.6405402421951294,-0.06655009090900421,0.24393069744110107,0.5740047693252563,-0.015848759561777115,0.2630292773246765,0.5242921710014343,-0.06028352305293083,0.27409785985946655,0.6026816964149475,-0.06323316693305969,0.2753523290157318,0.6610329151153564,-0.05003742128610611,0.20799465477466583,0.5820229649543762,-0.02402402274310589,0.1999240219593048,0.49689415097236633,-0.04909547418355942,0.1992642730474472,0.4435831308364868,-0.053281646221876144,0.19728338718414307,0.38858968019485474,-0.05002767965197563
317,0.705687403678894,0.7662248015403748,-1.9079421065271163e-07,0.6340494751930237,0.7526863217353821,-0.021970059722661972,0.5711308121681213,0.6831145286560059,-0.03139054775238037,0.5350338220596313,0.6206965446472168,-0.04207778349518776,0.4995843768119812,0.5766727924346924,-0.051963064819574356,0.5942957997322083,0.5744495391845703,-0.01718777045607567,0.5574274659156799,0.48071908950805664,-0.038956645876169205,0.5371843576431274,0.42324697971343994,-0.04855761677026749,0.5192673206329346,0.37127214670181274,-0.05420975387096405,0.6318339109420776,0.5625329613685608,-0.019611002877354622,0.6049554944038391,0.5270891189575195,-0.06868384778499603,0.6092560291290283,0.6077114939689636,-0.07867086678743362,0.6183397769927979,0.6683961749076843,-0.07142134010791779,0.6670587062835693,0.5642905831336975,-0.025130007416009903,0.6415984034538269,0.5307639837265015,-0.07346788793802261,0.6438808441162109,0.6162617802619934,-0.06752052158117294,0.6485878229141235,0.6736823320388794,-0.047450724989175797,0.701629102230072,0.5762184262275696,-0.032130900770425797,0.6926840543746948,0.51457679271698,-0.06280763447284698,0.6864925622940063,0.47645270824432373,-0.06485257297754288,0.6810814738273621,0.4317253828048706,-0.0577230341732502,0.21689829230308533,0.7991798520088196,-1.793501525071406e-07,0.2837059795856476,0.7753692865371704,-0.021879028528928757,0.3461649417877197,0.6971567273139954,-0.026411836966872215,0.38155150413513184,0.6300619840621948,-0.03279316425323486,0.4029429852962494,0.5728312730789185,-0.03787773475050926,0.3071501553058624,0.5820972323417664,-0.004935963079333305,0.32840895652770996,0.4877915382385254,-0.019750060513615608,0.33829426765441895,0.4317565858364105,-0.024380264803767204,0.34839528799057007,0.3823034465312958,-0.026093043386936188,0.27285489439964294,0.5758408904075623,-0.008351198397576809,0.30303946137428284,0.527674674987793,-0.054013874381780624,0.3068176209926605,0.6013965010643005,-0.07075828313827515,0.3037145733833313,0.6624801754951477,-0.06770879030227661,0.23659172654151917,0.5808027982711792,-0.014984025619924068,0.2619512677192688,0.5403432250022888,-0.0635911077260971,0.27119457721710205,0.6221278309822083,-0.06847801804542542,0.27195966243743896,0.6813124418258667,-0.055125925689935684,0.20015817880630493,0.5900979042053223,-0.022617559880018234,0.19413802027702332,0.5048260688781738,-0.05123695358633995,0.19186489284038544,0.4509856700897217,-0.05702592059969902,0.18884284794330597,0.3947373330593109,-0.0539989210665226
318,0.7092615962028503,0.7846747040748596,-2.3572744112243527e-07,0.6368022561073303,0.7712935209274292,-0.0228731669485569,0.5711647272109985,0.697030246257782,-0.0328068733215332,0.5344586372375488,0.6313967704772949,-0.04376164451241493,0.49814486503601074,0.5875726342201233,-0.05396901071071625,0.5974465608596802,0.584399402141571,-0.02069111168384552,0.5586889386177063,0.49187880754470825,-0.04445931315422058,0.5376642942428589,0.4347267150878906,-0.05573488026857376,0.5183266401290894,0.38200265169143677,-0.06292610615491867,0.636731743812561,0.573552131652832,-0.02416890487074852,0.6070800423622131,0.5370071530342102,-0.07760525494813919,0.612983763217926,0.6208631992340088,-0.08902866393327713,0.6221755146980286,0.6854857802391052,-0.08188030123710632,0.673733651638031,0.5783824920654297,-0.030771931633353233,0.6451840996742249,0.5501850843429565,-0.08257298916578293,0.6483522057533264,0.6373693346977234,-0.07702171802520752,0.6528613567352295,0.6962278485298157,-0.05635744705796242,0.7094248533248901,0.5924173593521118,-0.03891652077436447,0.6989531517028809,0.5275691747665405,-0.0719255805015564,0.6916224956512451,0.48621147871017456,-0.07458801567554474,0.6839621067047119,0.4386301040649414,-0.06782311946153641,0.20725283026695251,0.8274195194244385,-1.7709291455503262e-07,0.2743377089500427,0.8032251596450806,-0.023309947922825813,0.33769670128822327,0.7193006277084351,-0.029342466965317726,0.37426120042800903,0.6491706967353821,-0.03723674267530441,0.3965972661972046,0.5908726453781128,-0.043684378266334534,0.30047252774238586,0.5957977771759033,-0.00830256100744009,0.3224267363548279,0.49870190024375916,-0.02578924410045147,0.33275312185287476,0.4401895999908447,-0.032413579523563385,0.34277665615081787,0.38843297958374023,-0.03553139045834541,0.2632787227630615,0.5889008045196533,-0.012606753036379814,0.29518821835517883,0.5393065214157104,-0.06195983663201332,0.30062955617904663,0.6178844571113586,-0.08012088388204575,0.2984873652458191,0.6820259094238281,-0.07738879323005676,0.22482553124427795,0.5946532487869263,-0.020223084837198257,0.252202570438385,0.5524659156799316,-0.07195071876049042,0.261912077665329,0.6414828896522522,-0.07616553455591202,0.2625647485256195,0.7056100964546204,-0.06150772422552109,0.18671253323554993,0.6070074439048767,-0.029082126915454865,0.1809503138065338,0.5185317993164062,-0.05980796739459038,0.17870566248893738,0.46257179975509644,-0.06570771336555481,0.17644444108009338,0.4032290279865265,-0.06226729601621628
319,0.7162615656852722,0.7790309190750122,-1.5765689909130742e-07,0.6416030526161194,0.7614948749542236,-0.02614472433924675,0.5764698386192322,0.6930460929870605,-0.03856499865651131,0.540096640586853,0.628993034362793,-0.052060503512620926,0.5099594593048096,0.574797511100769,-0.06354762613773346,0.6020492911338806,0.5801082849502563,-0.017427509650588036,0.5652548670768738,0.48488160967826843,-0.0417216457426548,0.5444505214691162,0.42733442783355713,-0.05244443193078041,0.5262199640274048,0.37446892261505127,-0.058379460126161575,0.6393879652023315,0.5705947875976562,-0.019875314086675644,0.6143538951873779,0.5222219228744507,-0.07537714391946793,0.6176743507385254,0.6047227382659912,-0.08732299506664276,0.6255288124084473,0.6693829298019409,-0.07866743952035904,0.6740673780441284,0.5732126832008362,-0.026282669976353645,0.6503729820251465,0.5350258946418762,-0.07932969182729721,0.6497736573219299,0.6226260662078857,-0.0748174637556076,0.6517223715782166,0.681311309337616,-0.05347202718257904,0.7083191871643066,0.5842143297195435,-0.03456134721636772,0.6991888284683228,0.5200100541114807,-0.06589954346418381,0.6901710033416748,0.48207658529281616,-0.06794560700654984,0.6800087094306946,0.4371988773345947,-0.06032847613096237,0.21565382182598114,0.822647750377655,-1.6401111224695342e-07,0.28418394923210144,0.7912245392799377,-0.019694996997714043,0.34671473503112793,0.7111349701881409,-0.02530265599489212,0.3811919093132019,0.6439676880836487,-0.033456332981586456,0.4002688527107239,0.5863334536552429,-0.04031253606081009,0.303271621465683,0.594467282295227,-0.006900398526340723,0.32337522506713867,0.4970207214355469,-0.023037590086460114,0.33372941613197327,0.4411875605583191,-0.028316183015704155,0.3424549102783203,0.39076128602027893,-0.03008083812892437,0.26846790313720703,0.5904613733291626,-0.011903124861419201,0.2957434356212616,0.5389710664749146,-0.05866893008351326,0.3033149540424347,0.6116822361946106,-0.07475444674491882,0.3007279336452484,0.6708675622940063,-0.071210578083992,0.23242232203483582,0.5978325009346008,-0.019757527858018875,0.25682616233825684,0.5494244694709778,-0.06859665364027023,0.26795700192451477,0.6355820894241333,-0.07102663069963455,0.26834285259246826,0.6976485252380371,-0.05579133704304695,0.196649432182312,0.6107620000839233,-0.028633207082748413,0.18797199428081512,0.523047685623169,-0.05683364346623421,0.1865719109773636,0.469205379486084,-0.06109241023659706,0.18446916341781616,0.41254088282585144,-0.05676403269171715
320,0.7150672078132629,0.7618691325187683,-1.158247897592446e-07,0.6419063806533813,0.7475377917289734,-0.023818742483854294,0.5790926218032837,0.6820152401924133,-0.03526386246085167,0.5440080761909485,0.6207830905914307,-0.047864656895399094,0.5151920318603516,0.5679388642311096,-0.05852394551038742,0.6015604138374329,0.5717402100563049,-0.01471350621432066,0.5670143961906433,0.47684359550476074,-0.036731068044900894,0.5479757189750671,0.4215848445892334,-0.04636605456471443,0.5314213633537292,0.37084582448005676,-0.051490310579538345,0.6375209093093872,0.5614203214645386,-0.0170112494379282,0.6126224398612976,0.5097388029098511,-0.0683434009552002,0.6164836287498474,0.5836467742919922,-0.0800694152712822,0.6251291036605835,0.6435175538063049,-0.07216230779886246,0.6708864569664001,0.5618770122528076,-0.022685764357447624,0.6444862484931946,0.5212917923927307,-0.07081228494644165,0.646593451499939,0.6042601466178894,-0.06503691524267197,0.6510796546936035,0.6609017252922058,-0.044019073247909546,0.7034866809844971,0.5702676177024841,-0.03009636513888836,0.6901998519897461,0.509506106376648,-0.05736515298485756,0.6824767589569092,0.47362035512924194,-0.05684402957558632,0.6741774678230286,0.4304109215736389,-0.04792580008506775,0.22305163741111755,0.8027522563934326,-1.5170392941854516e-07,0.28848347067832947,0.7757853865623474,-0.0182016771286726,0.3501710295677185,0.6986794471740723,-0.02313857339322567,0.3852270245552063,0.6316823959350586,-0.030470149591565132,0.4029211401939392,0.5753166675567627,-0.036571137607097626,0.3125140964984894,0.5878729820251465,-0.004912740085273981,0.33262181282043457,0.4929961562156677,-0.019827909767627716,0.3427705764770508,0.43829208612442017,-0.024320002645254135,0.3520577549934387,0.3893653154373169,-0.025705037638545036,0.27830442786216736,0.5819736123085022,-0.010236542671918869,0.3073384761810303,0.5248004198074341,-0.05646088719367981,0.31158503890037537,0.5980837345123291,-0.07187624275684357,0.3078368008136749,0.6556843519210815,-0.06746603548526764,0.24307981133460999,0.5867745280265808,-0.01820220611989498,0.2665598392486572,0.5357418060302734,-0.0655147135257721,0.2767622470855713,0.617966890335083,-0.0674675777554512,0.27775371074676514,0.6745019555091858,-0.05230547487735748,0.207382470369339,0.5961359143257141,-0.027004718780517578,0.20044487714767456,0.5117098689079285,-0.053280070424079895,0.19925546646118164,0.4599842131137848,-0.056520428508520126,0.197613924741745,0.40339797735214233,-0.051863934844732285
321,0.7170306444168091,0.7562625408172607,-1.2302598406677134e-07,0.6420219540596008,0.74501633644104,-0.02431011013686657,0.5792561769485474,0.6789892911911011,-0.03509780019521713,0.5448195934295654,0.6174173355102539,-0.0469689667224884,0.5171368718147278,0.5640717148780823,-0.05691736191511154,0.6041013598442078,0.5697057843208313,-0.015054946765303612,0.5699282288551331,0.4736877381801605,-0.037078842520713806,0.5508853197097778,0.4170955419540405,-0.04672880843281746,0.5334083437919617,0.36686795949935913,-0.05222959816455841,0.6390864253044128,0.5593783259391785,-0.01714658923447132,0.6135089993476868,0.5093765258789062,-0.06825602799654007,0.6173783540725708,0.584077000617981,-0.07946735620498657,0.625527024269104,0.6430158019065857,-0.07165370881557465,0.6718899011611938,0.5595216751098633,-0.022839471697807312,0.6464290022850037,0.5167832970619202,-0.07123895734548569,0.6474723815917969,0.5992592573165894,-0.06588197499513626,0.6508145332336426,0.6551342606544495,-0.04548965021967888,0.70423424243927,0.5676445364952087,-0.030423341318964958,0.6910313367843628,0.5065577030181885,-0.05999583378434181,0.682431161403656,0.47093167901039124,-0.061600010842084885,0.6742870211601257,0.42737114429473877,-0.05400395020842552,0.22291778028011322,0.7948581576347351,-1.0103668302008373e-07,0.2890826463699341,0.7674792408943176,-0.01864759437739849,0.3495350182056427,0.6925392746925354,-0.0230364128947258,0.38557082414627075,0.6263779997825623,-0.029991967603564262,0.40479257702827454,0.5707539916038513,-0.03585954010486603,0.3128001391887665,0.5811021327972412,-0.001588611863553524,0.3321995735168457,0.487157940864563,-0.015526427887380123,0.3417612910270691,0.4320421516895294,-0.020672323182225227,0.35038501024246216,0.38213956356048584,-0.022826826199889183,0.27942392230033875,0.575006902217865,-0.006467199884355068,0.3053897023200989,0.5185211896896362,-0.05056723579764366,0.31369319558143616,0.5865655541419983,-0.06767813116312027,0.31280943751335144,0.6436306834220886,-0.06535664945840836,0.24433299899101257,0.579013466835022,-0.014192583039402962,0.2671029567718506,0.5283632278442383,-0.058948345482349396,0.27975475788116455,0.6061166524887085,-0.06288149207830429,0.2819758653640747,0.6639875173568726,-0.050021156668663025,0.2084065079689026,0.5872965455055237,-0.023011386394500732,0.20332162082195282,0.5031309723854065,-0.047502025961875916,0.2033526599407196,0.45011138916015625,-0.051650047302246094,0.20204608142375946,0.39613646268844604,-0.04826969653367996
322,0.7109695076942444,0.7668107151985168,-1.5962994837082078e-07,0.6370416283607483,0.7511060237884521,-0.02158721350133419,0.5741136074066162,0.682955801486969,-0.031512707471847534,0.5383359789848328,0.621810793876648,-0.043037574738264084,0.5066769123077393,0.5721343755722046,-0.053441449999809265,0.6015518307685852,0.5738188028335571,-0.013921957463026047,0.5666397213935852,0.480396032333374,-0.03629803657531738,0.5461245775222778,0.42323410511016846,-0.046848610043525696,0.5280303955078125,0.37227699160575867,-0.052956756204366684,0.6377639174461365,0.5646874308586121,-0.017565075308084488,0.6122070550918579,0.5187156796455383,-0.06905531883239746,0.6134882569313049,0.5981860756874084,-0.08125163614749908,0.6199809908866882,0.6600654125213623,-0.07433944940567017,0.6716188788414001,0.5669863224029541,-0.024445567280054092,0.6471900939941406,0.5287516117095947,-0.07311950623989105,0.6464793086051941,0.6121593713760376,-0.06831105798482895,0.6488605737686157,0.6690865159034729,-0.04845904931426048,0.7051144242286682,0.577824592590332,-0.032944876700639725,0.693072497844696,0.5142674446105957,-0.06271150708198547,0.6855446100234985,0.4752945303916931,-0.0643419697880745,0.6794429421424866,0.4305708408355713,-0.056862764060497284,0.2195015549659729,0.8047661185264587,-1.1525103360554567e-07,0.28720802068710327,0.7792066335678101,-0.021861879155039787,0.35037925839424133,0.7023745775222778,-0.02735898457467556,0.38569262623786926,0.6347889304161072,-0.03478763625025749,0.4077307879924774,0.5771535634994507,-0.04105927422642708,0.31193307042121887,0.5871008038520813,-0.00492904195562005,0.33222246170043945,0.4911978840827942,-0.019175009801983833,0.3425782322883606,0.4348157048225403,-0.02381361648440361,0.352220356464386,0.38467341661453247,-0.02557799033820629,0.27814584970474243,0.580597996711731,-0.008840220049023628,0.3056652545928955,0.5257089138031006,-0.05336989089846611,0.3136253356933594,0.5944471955299377,-0.0702677071094513,0.3115620017051697,0.6542788147926331,-0.06757409125566483,0.24220895767211914,0.5852798223495483,-0.015854699537158012,0.26595255732536316,0.5375234484672546,-0.06229957565665245,0.27781638503074646,0.6182091236114502,-0.0662945806980133,0.2788006365299225,0.6775205135345459,-0.052861738950014114,0.2050132155418396,0.5946064591407776,-0.02409859374165535,0.19908571243286133,0.5077452063560486,-0.05053163319826126,0.19922234117984772,0.4538375735282898,-0.05512282997369766,0.197586327791214,0.3976287245750427,-0.05164279416203499
323,0.7113713622093201,0.7673540115356445,-1.546879531133527e-07,0.6380288004875183,0.7536582946777344,-0.025166146457195282,0.5732570290565491,0.6859550476074219,-0.036815058439970016,0.5378979444503784,0.6239525675773621,-0.04940957948565483,0.5075260400772095,0.5718861222267151,-0.060299620032310486,0.6006481051445007,0.5732144713401794,-0.017374323680996895,0.565764844417572,0.4789680242538452,-0.0405438058078289,0.5456022620201111,0.42197299003601074,-0.05082428827881813,0.5280216932296753,0.3705480098724365,-0.056455764919519424,0.637396514415741,0.5630627870559692,-0.019771791994571686,0.6118645668029785,0.5164697170257568,-0.07289738208055496,0.6151651740074158,0.5971322655677795,-0.08423340320587158,0.6235342025756836,0.6595083475112915,-0.07565431296825409,0.670956552028656,0.5648572444915771,-0.025816859677433968,0.6455954313278198,0.5281162261962891,-0.07639826089143753,0.6467222571372986,0.6143271327018738,-0.07109110057353973,0.6508342623710632,0.6714264154434204,-0.04984534904360771,0.7036420702934265,0.5748218894004822,-0.03369205817580223,0.6898965835571289,0.5125026702880859,-0.06367582082748413,0.6819978356361389,0.47601422667503357,-0.06460567563772202,0.675272524356842,0.43181872367858887,-0.05631081387400627,0.22176527976989746,0.8058106899261475,-1.2386254866214585e-07,0.29013776779174805,0.7776088118553162,-0.019599149003624916,0.3514649271965027,0.6997760534286499,-0.024755029007792473,0.3860536515712738,0.6321743726730347,-0.03231501206755638,0.4065312445163727,0.5751395225524902,-0.038822244852781296,0.31228092312812805,0.5860450863838196,-0.005177185870707035,0.3322642743587494,0.49004441499710083,-0.01988343708217144,0.3427262306213379,0.4341996908187866,-0.025071008130908012,0.3520379960536957,0.38391703367233276,-0.02733364887535572,0.278428316116333,0.5803117156028748,-0.009916980750858784,0.30435875058174133,0.5266571640968323,-0.05456772819161415,0.31251204013824463,0.5960657000541687,-0.07131325453519821,0.3106115758419037,0.6536905169487,-0.06914342939853668,0.24272900819778442,0.5856781005859375,-0.017449593171477318,0.2640719711780548,0.5350023508071899,-0.06315737217664719,0.27672266960144043,0.616635262966156,-0.06623125821352005,0.2784935534000397,0.6773119568824768,-0.05291425809264183,0.2063646763563156,0.5966855883598328,-0.026156390085816383,0.1988314688205719,0.5093330144882202,-0.052158016711473465,0.1989172399044037,0.4542764127254486,-0.05664650723338127,0.1975594460964203,0.39797717332839966,-0.053504396229982376
324,0.7100739479064941,0.7925795912742615,-2.6213118076157116e-07,0.6379203200340271,0.7761542797088623,-0.02124936878681183,0.5734768509864807,0.6999655961990356,-0.030301881954073906,0.537732720375061,0.6334704756736755,-0.040910784155130386,0.5040014982223511,0.5857842564582825,-0.0508110485970974,0.6027277708053589,0.590575635433197,-0.016902578994631767,0.5664755702018738,0.4955334961414337,-0.03989127278327942,0.5449463129043579,0.43788355588912964,-0.05026314780116081,0.524946928024292,0.3860410451889038,-0.056332703679800034,0.6406192779541016,0.5807271003723145,-0.02065342478454113,0.6118595600128174,0.5421936511993408,-0.07304364442825317,0.6148297786712646,0.6262438893318176,-0.08364470303058624,0.6226567625999451,0.6912013292312622,-0.07547024637460709,0.6758260726928711,0.5854943990707397,-0.027510127052664757,0.6475702524185181,0.5510364770889282,-0.07819201052188873,0.6500424146652222,0.6370444297790527,-0.07193700224161148,0.6550471186637878,0.6955035328865051,-0.0503668338060379,0.7101873159408569,0.599322497844696,-0.03578289970755577,0.6986014246940613,0.534214973449707,-0.06687185913324356,0.6899887323379517,0.4943402111530304,-0.06809043139219284,0.6821207404136658,0.4485734701156616,-0.05998604744672775,0.21538077294826508,0.8169825673103333,-1.4151494553971133e-07,0.28478068113327026,0.7890745401382446,-0.019993780180811882,0.3490715026855469,0.7092685699462891,-0.025020718574523926,0.38411328196525574,0.6404977440834045,-0.03267999738454819,0.4080749750137329,0.5831083059310913,-0.039195746183395386,0.309017539024353,0.593258798122406,-0.0023084275890141726,0.33009904623031616,0.4965362250804901,-0.016911474987864494,0.34088605642318726,0.4400676488876343,-0.02213161066174507,0.35074955224990845,0.38952112197875977,-0.024616999551653862,0.2739354372024536,0.5863733887672424,-0.007538165431469679,0.3045845925807953,0.5328058004379272,-0.05371139571070671,0.31117749214172363,0.6061640977859497,-0.07129521667957306,0.3073767125606537,0.6678329110145569,-0.06876038759946823,0.23762190341949463,0.5917564630508423,-0.015857942402362823,0.2629186809062958,0.5430982708930969,-0.06319446861743927,0.2744091749191284,0.6266911029815674,-0.06652090698480606,0.27490270137786865,0.6873080730438232,-0.05252835527062416,0.20046371221542358,0.6028977632522583,-0.025365935638546944,0.19420570135116577,0.5185744166374207,-0.052719950675964355,0.19388912618160248,0.4659534692764282,-0.057580024003982544,0.1919659674167633,0.40864792466163635,-0.054184749722480774
325,0.7177199721336365,0.7855984568595886,-1.6047309259192843e-07,0.6434181332588196,0.7675825357437134,-0.02766907960176468,0.5790034532546997,0.6992232799530029,-0.040575332939624786,0.5427091121673584,0.6350246667861938,-0.054353248327970505,0.5139999985694885,0.5793595314025879,-0.06624653190374374,0.6054372191429138,0.5891754031181335,-0.017841387540102005,0.5697873830795288,0.4931248724460602,-0.04209677502512932,0.5490875244140625,0.4335494935512543,-0.05304386839270592,0.5304073095321655,0.380995512008667,-0.05870697274804115,0.6419739723205566,0.5780127644538879,-0.01867147721350193,0.6188680529594421,0.5326449275016785,-0.07224872708320618,0.6229029297828674,0.6122943162918091,-0.0835033431649208,0.6312631964683533,0.6768745183944702,-0.07446519285440445,0.6756689548492432,0.5786261558532715,-0.02353276126086712,0.6531380414962769,0.5369892120361328,-0.07470938563346863,0.6545222401618958,0.6217944025993347,-0.06925968825817108,0.6587013006210327,0.6803880929946899,-0.04734943434596062,0.7086089849472046,0.5888335704803467,-0.03039609268307686,0.6979187726974487,0.526445746421814,-0.0602031908929348,0.6899446249008179,0.48996037244796753,-0.06093402951955795,0.68264240026474,0.44602200388908386,-0.05208684504032135,0.219835564494133,0.8084423542022705,-1.2245138236721687e-07,0.28721481561660767,0.779573917388916,-0.018848057836294174,0.34900152683258057,0.7013704776763916,-0.023618275299668312,0.38388434052467346,0.6330176591873169,-0.030688730999827385,0.40461909770965576,0.5769111514091492,-0.03650861978530884,0.31013351678848267,0.588742733001709,-0.004371339455246925,0.3313980996608734,0.4940264821052551,-0.018711701035499573,0.34204262495040894,0.43858271837234497,-0.023466911166906357,0.35130056738853455,0.38844749331474304,-0.02542901039123535,0.2762497663497925,0.5822653770446777,-0.009046407416462898,0.3049692213535309,0.5264270305633545,-0.053446777164936066,0.31278327107429504,0.5957620739936829,-0.06941970437765121,0.3108844459056854,0.6533573865890503,-0.06634878367185593,0.24125763773918152,0.5871237516403198,-0.01645359769463539,0.2662006914615631,0.5353720188140869,-0.062005411833524704,0.27892789244651794,0.6157884001731873,-0.06503334641456604,0.2809731960296631,0.6749724745750427,-0.051506925374269485,0.20590880513191223,0.5973590016365051,-0.024852147325873375,0.20039966702461243,0.5135691165924072,-0.05058538168668747,0.20039112865924835,0.46137285232543945,-0.05500510707497597,0.1992816925048828,0.4067062735557556,-0.0516846738755703
326,0.7137970328330994,0.7679413557052612,-1.202923982646098e-07,0.6392032504081726,0.7524993419647217,-0.023414401337504387,0.5748162865638733,0.6839507222175598,-0.03414478898048401,0.539183497428894,0.6201038360595703,-0.04606451094150543,0.5107793211936951,0.5647878050804138,-0.05617540702223778,0.6021420359611511,0.5733804106712341,-0.013751985505223274,0.5702379941940308,0.47584977746009827,-0.03533601015806198,0.5507378578186035,0.4194135069847107,-0.04510116204619408,0.5330623984336853,0.36865073442459106,-0.050620194524526596,0.6372612118721008,0.5643715262413025,-0.016199680045247078,0.6128965616226196,0.5108100771903992,-0.06719829887151718,0.6145453453063965,0.5879804491996765,-0.07829847931861877,0.621013879776001,0.650165319442749,-0.06991254538297653,0.6705282926559448,0.5664013624191284,-0.02204471081495285,0.6443792581558228,0.522011399269104,-0.06984525173902512,0.6460534930229187,0.6056717038154602,-0.06332437694072723,0.6499208807945251,0.6635481119155884,-0.041742876172065735,0.7039134502410889,0.5761863589286804,-0.029713638126850128,0.6893620491027832,0.5134610533714294,-0.05813727155327797,0.6803876757621765,0.4756786823272705,-0.058283790946006775,0.6718195080757141,0.4310944974422455,-0.04947749152779579,0.2199060022830963,0.8020702004432678,-9.015710844550995e-08,0.2876650094985962,0.7734619975090027,-0.020911643281579018,0.3498961925506592,0.6970228552818298,-0.026529474183917046,0.3860715627670288,0.6287470459938049,-0.03433825820684433,0.40533700585365295,0.5707244873046875,-0.04086517542600632,0.3109319806098938,0.584374189376831,-0.004556386731564999,0.3312913477420807,0.48902761936187744,-0.019875695928931236,0.34190934896469116,0.4330880343914032,-0.025837989524006844,0.3516228199005127,0.382134348154068,-0.028490621596574783,0.2771930396556854,0.5784660577774048,-0.00879749096930027,0.3037031292915344,0.5214864611625671,-0.054627858102321625,0.31153982877731323,0.5893389582633972,-0.07218431681394577,0.31072714924812317,0.6462695598602295,-0.06993351876735687,0.2416396290063858,0.5828273296356201,-0.01607695035636425,0.26463761925697327,0.5309141278266907,-0.0627744197845459,0.2774892747402191,0.6103536486625671,-0.06671500951051712,0.2802698612213135,0.6699188947677612,-0.053343404084444046,0.2053792029619217,0.591712236404419,-0.024620143696665764,0.20073118805885315,0.5066241025924683,-0.050712235271930695,0.19982492923736572,0.45227694511413574,-0.05539444088935852,0.19773659110069275,0.3968769311904907,-0.052095845341682434
327,0.7116200923919678,0.7817583084106445,-1.9502877535160223e-07,0.6386871933937073,0.7644688487052917,-0.023961752653121948,0.5745340585708618,0.6949976682662964,-0.035863835364580154,0.5380678176879883,0.6322832107543945,-0.04929627105593681,0.5061447620391846,0.5806353092193604,-0.061571091413497925,0.6005878448486328,0.5843903422355652,-0.017335593700408936,0.5650438070297241,0.4877789616584778,-0.04191815108060837,0.5446624159812927,0.4290855824947357,-0.05327186360955238,0.5262644290924072,0.37714776396751404,-0.059547197073698044,0.6379782557487488,0.5730184316635132,-0.020350581035017967,0.6092727780342102,0.5323067307472229,-0.07403945922851562,0.6136950254440308,0.6155666708946228,-0.08504609018564224,0.6234975457191467,0.6791858673095703,-0.0766628086566925,0.6726995706558228,0.5748113989830017,-0.027033943682909012,0.6450031399726868,0.5330196022987366,-0.07856261730194092,0.6480335593223572,0.619450569152832,-0.07206747680902481,0.6540469527244568,0.6785846948623657,-0.05001092329621315,0.7073246240615845,0.5866369009017944,-0.03543801233172417,0.6948099136352539,0.5227131843566895,-0.06682823598384857,0.6865513920783997,0.4851106107234955,-0.06790077686309814,0.6794182062149048,0.4409502148628235,-0.05937863886356354,0.21806326508522034,0.8131402730941772,-1.3371986540278158e-07,0.288093626499176,0.7844821214675903,-0.019532745704054832,0.35079383850097656,0.7065480947494507,-0.024235587567090988,0.38602215051651,0.6379789710044861,-0.03140273690223694,0.40814703702926636,0.5799943208694458,-0.03761284425854683,0.3110068738460541,0.5928825736045837,-0.003306317375972867,0.3320481777191162,0.4969780147075653,-0.01818958856165409,0.3428303599357605,0.4399093687534332,-0.02376934140920639,0.3523399829864502,0.38915717601776123,-0.026372773572802544,0.2769577205181122,0.5867819786071777,-0.0085667185485363,0.3047330677509308,0.5297510623931885,-0.05429951846599579,0.31343525648117065,0.5992119908332825,-0.07224347442388535,0.3109840154647827,0.6595337390899658,-0.07030404359102249,0.2410571277141571,0.5921112895011902,-0.016742058098316193,0.2633786201477051,0.5418911576271057,-0.06371361762285233,0.27692294120788574,0.6231216192245483,-0.06793206185102463,0.27877649664878845,0.6834845542907715,-0.05477338284254074,0.20418301224708557,0.6029784679412842,-0.026014672592282295,0.1968054175376892,0.5157805681228638,-0.05297566205263138,0.19723962247371674,0.46135932207107544,-0.05802500993013382,0.19576296210289001,0.40433424711227417,-0.054998788982629776
328,0.7119907736778259,0.7872932553291321,-2.092473465609146e-07,0.6376439929008484,0.7669917345046997,-0.023833071812987328,0.5744322538375854,0.6983396410942078,-0.03604079410433769,0.5384523868560791,0.6359497904777527,-0.049417439848184586,0.509713888168335,0.5824453830718994,-0.06146089732646942,0.6036895513534546,0.5890615582466125,-0.01932689920067787,0.5690914988517761,0.49384886026382446,-0.04389911890029907,0.5480173230171204,0.43811744451522827,-0.05493459478020668,0.5292808413505554,0.38671910762786865,-0.06121747940778732,0.6415228843688965,0.58078932762146,-0.022398069500923157,0.6143523454666138,0.5358638167381287,-0.07633234560489655,0.6170205473899841,0.6192523241043091,-0.08694469183683395,0.6249396800994873,0.6827111840248108,-0.07837605476379395,0.6759435534477234,0.5854300856590271,-0.02893402986228466,0.6490887999534607,0.5447618365287781,-0.08006510883569717,0.6504324674606323,0.6302340030670166,-0.07333361357450485,0.6549245715141296,0.6879824995994568,-0.051382578909397125,0.7094691395759583,0.599162757396698,-0.03719964250922203,0.6963323354721069,0.5353845953941345,-0.06806761771440506,0.6876851320266724,0.4969120919704437,-0.06904391944408417,0.6802707314491272,0.45199376344680786,-0.06078101694583893,0.22003021836280823,0.8200042247772217,-1.3916218222220778e-07,0.28811320662498474,0.7896801829338074,-0.019118187949061394,0.35002535581588745,0.7111079692840576,-0.024191755801439285,0.38535240292549133,0.643480658531189,-0.03175532817840576,0.4075576066970825,0.5860369801521301,-0.03810817375779152,0.31153279542922974,0.5971677899360657,-0.003864390542730689,0.332092821598053,0.5026567578315735,-0.0187191404402256,0.34333178400993347,0.44714510440826416,-0.023740412667393684,0.352969229221344,0.3978862762451172,-0.02587747946381569,0.2780618965625763,0.5914048552513123,-0.009131573140621185,0.30694276094436646,0.5361200571060181,-0.05382869392633438,0.3146779239177704,0.6066128611564636,-0.06999856233596802,0.3112116754055023,0.6651617884635925,-0.06705936044454575,0.24293315410614014,0.5977339744567871,-0.017354289069771767,0.266946941614151,0.5477584600448608,-0.0638052225112915,0.2789837718009949,0.6305543780326843,-0.06684266775846481,0.2797052562236786,0.6906216144561768,-0.05306461080908775,0.20715710520744324,0.6101550459861755,-0.02665359526872635,0.19964715838432312,0.5253992676734924,-0.05381046608090401,0.19970400631427765,0.47216105461120605,-0.05890241265296936,0.1980893313884735,0.4153560400009155,-0.05588426813483238
329,0.7134795784950256,0.7946435213088989,5.58180204279779e-07,0.6405495405197144,0.7759526371955872,-0.025667963549494743,0.577207088470459,0.7110480070114136,-0.03815077990293503,0.538141667842865,0.6495697498321533,-0.05225416645407677,0.5093602538108826,0.5910277962684631,-0.06262961775064468,0.5937115550041199,0.6005483865737915,-0.010651599615812302,0.5595169067382812,0.5131534337997437,-0.030852433294057846,0.5411317348480225,0.4558666944503784,-0.04161262884736061,0.5253926515579224,0.4057227373123169,-0.048225924372673035,0.6248303651809692,0.5866749882698059,-0.014354688115417957,0.5888062715530396,0.49899426102638245,-0.04717380926012993,0.5593073964118958,0.4499949812889099,-0.0630318745970726,0.537115216255188,0.4085237979888916,-0.06850988417863846,0.6597356200218201,0.5882495641708374,-0.022428007796406746,0.6290147304534912,0.5324052572250366,-0.06484963744878769,0.6249596476554871,0.6177962422370911,-0.05880831554532051,0.6249789595603943,0.6812764406204224,-0.03998275473713875,0.6963232755661011,0.6014164090156555,-0.03345629200339317,0.6840200424194336,0.5403643250465393,-0.06481889635324478,0.6804856061935425,0.5020279884338379,-0.06718077510595322,0.6747754812240601,0.45648181438446045,-0.060915540903806686,0.2212146520614624,0.831960916519165,-1.232522492955468e-07,0.29018259048461914,0.7983819842338562,-0.018726488575339317,0.349607914686203,0.7247234582901001,-0.025310693308711052,0.38281455636024475,0.6602463722229004,-0.03471815958619118,0.4034973680973053,0.6021051406860352,-0.04328259080648422,0.31019914150238037,0.6073759198188782,-0.0052726613357663155,0.33282312750816345,0.5170008540153503,-0.022991249337792397,0.3467622995376587,0.4621547758579254,-0.03061687760055065,0.35923731327056885,0.4136948585510254,-0.03387625515460968,0.2763286530971527,0.6025477051734924,-0.011152217164635658,0.3059740364551544,0.5529152750968933,-0.056735433638095856,0.31835100054740906,0.6203264594078064,-0.07498771697282791,0.3186219334602356,0.6781152486801147,-0.07381007075309753,0.24170704185962677,0.6100035309791565,-0.019813550636172295,0.26416221261024475,0.5670222640037537,-0.06685512512922287,0.27864664793014526,0.646915078163147,-0.07148260623216629,0.28200533986091614,0.7067581415176392,-0.05871938169002533,0.20745092630386353,0.6246856451034546,-0.029413513839244843,0.19725540280342102,0.53996741771698,-0.05623779073357582,0.19790446758270264,0.4870533347129822,-0.06085459887981415,0.1976308524608612,0.43287089467048645,-0.05740894749760628
330,0.0,0.0,0.0,0.0,0.0,0.0,0.0,0.0,0.0,0.0,0.0,0.0,0.0,0.0,0.0,0.0,0.0,0.0,0.0,0.0,0.0,0.0,0.0,0.0,0.0,0.0,0.0,0.0,0.0,0.0,0.0,0.0,0.0,0.0,0.0,0.0,0.0,0.0,0.0,0.0,0.0,0.0,0.0,0.0,0.0,0.0,0.0,0.0,0.0,0.0,0.0,0.0,0.0,0.0,0.0,0.0,0.0,0.0,0.0,0.0,0.0,0.0,0.0,0.0,0.0,0.0,0.0,0.0,0.0,0.0,0.0,0.0,0.0,0.0,0.0,0.0,0.0,0.0,0.0,0.0,0.0,0.0,0.0,0.0,0.0,0.0,0.0,0.0,0.0,0.0,0.0,0.0,0.0,0.0,0.0,0.0,0.0,0.0,0.0,0.0,0.0,0.0,0.0,0.0,0.0,0.0,0.0,0.0,0.0,0.0,0.0,0.0,0.0,0.0,0.0,0.0,0.0,0.0,0.0,0.0,0.0,0.0,0.0,0.0,0.0,0.0
331,0.0,0.0,0.0,0.0,0.0,0.0,0.0,0.0,0.0,0.0,0.0,0.0,0.0,0.0,0.0,0.0,0.0,0.0,0.0,0.0,0.0,0.0,0.0,0.0,0.0,0.0,0.0,0.0,0.0,0.0,0.0,0.0,0.0,0.0,0.0,0.0,0.0,0.0,0.0,0.0,0.0,0.0,0.0,0.0,0.0,0.0,0.0,0.0,0.0,0.0,0.0,0.0,0.0,0.0,0.0,0.0,0.0,0.0,0.0,0.0,0.0,0.0,0.0,0.0,0.0,0.0,0.0,0.0,0.0,0.0,0.0,0.0,0.0,0.0,0.0,0.0,0.0,0.0,0.0,0.0,0.0,0.0,0.0,0.0,0.0,0.0,0.0,0.0,0.0,0.0,0.0,0.0,0.0,0.0,0.0,0.0,0.0,0.0,0.0,0.0,0.0,0.0,0.0,0.0,0.0,0.0,0.0,0.0,0.0,0.0,0.0,0.0,0.0,0.0,0.0,0.0,0.0,0.0,0.0,0.0,0.0,0.0,0.0,0.0,0.0,0.0
332,0.0,0.0,0.0,0.0,0.0,0.0,0.0,0.0,0.0,0.0,0.0,0.0,0.0,0.0,0.0,0.0,0.0,0.0,0.0,0.0,0.0,0.0,0.0,0.0,0.0,0.0,0.0,0.0,0.0,0.0,0.0,0.0,0.0,0.0,0.0,0.0,0.0,0.0,0.0,0.0,0.0,0.0,0.0,0.0,0.0,0.0,0.0,0.0,0.0,0.0,0.0,0.0,0.0,0.0,0.0,0.0,0.0,0.0,0.0,0.0,0.0,0.0,0.0,0.0,0.0,0.0,0.0,0.0,0.0,0.0,0.0,0.0,0.0,0.0,0.0,0.0,0.0,0.0,0.0,0.0,0.0,0.0,0.0,0.0,0.0,0.0,0.0,0.0,0.0,0.0,0.0,0.0,0.0,0.0,0.0,0.0,0.0,0.0,0.0,0.0,0.0,0.0,0.0,0.0,0.0,0.0,0.0,0.0,0.0,0.0,0.0,0.0,0.0,0.0,0.0,0.0,0.0,0.0,0.0,0.0,0.0,0.0,0.0,0.0,0.0,0.0
333,0.0,0.0,0.0,0.0,0.0,0.0,0.0,0.0,0.0,0.0,0.0,0.0,0.0,0.0,0.0,0.0,0.0,0.0,0.0,0.0,0.0,0.0,0.0,0.0,0.0,0.0,0.0,0.0,0.0,0.0,0.0,0.0,0.0,0.0,0.0,0.0,0.0,0.0,0.0,0.0,0.0,0.0,0.0,0.0,0.0,0.0,0.0,0.0,0.0,0.0,0.0,0.0,0.0,0.0,0.0,0.0,0.0,0.0,0.0,0.0,0.0,0.0,0.0,0.0,0.0,0.0,0.0,0.0,0.0,0.0,0.0,0.0,0.0,0.0,0.0,0.0,0.0,0.0,0.0,0.0,0.0,0.0,0.0,0.0,0.0,0.0,0.0,0.0,0.0,0.0,0.0,0.0,0.0,0.0,0.0,0.0,0.0,0.0,0.0,0.0,0.0,0.0,0.0,0.0,0.0,0.0,0.0,0.0,0.0,0.0,0.0,0.0,0.0,0.0,0.0,0.0,0.0,0.0,0.0,0.0,0.0,0.0,0.0,0.0,0.0,0.0
334,0.0,0.0,0.0,0.0,0.0,0.0,0.0,0.0,0.0,0.0,0.0,0.0,0.0,0.0,0.0,0.0,0.0,0.0,0.0,0.0,0.0,0.0,0.0,0.0,0.0,0.0,0.0,0.0,0.0,0.0,0.0,0.0,0.0,0.0,0.0,0.0,0.0,0.0,0.0,0.0,0.0,0.0,0.0,0.0,0.0,0.0,0.0,0.0,0.0,0.0,0.0,0.0,0.0,0.0,0.0,0.0,0.0,0.0,0.0,0.0,0.0,0.0,0.0,0.0,0.0,0.0,0.0,0.0,0.0,0.0,0.0,0.0,0.0,0.0,0.0,0.0,0.0,0.0,0.0,0.0,0.0,0.0,0.0,0.0,0.0,0.0,0.0,0.0,0.0,0.0,0.0,0.0,0.0,0.0,0.0,0.0,0.0,0.0,0.0,0.0,0.0,0.0,0.0,0.0,0.0,0.0,0.0,0.0,0.0,0.0,0.0,0.0,0.0,0.0,0.0,0.0,0.0,0.0,0.0,0.0,0.0,0.0,0.0,0.0,0.0,0.0
335,0.0,0.0,0.0,0.0,0.0,0.0,0.0,0.0,0.0,0.0,0.0,0.0,0.0,0.0,0.0,0.0,0.0,0.0,0.0,0.0,0.0,0.0,0.0,0.0,0.0,0.0,0.0,0.0,0.0,0.0,0.0,0.0,0.0,0.0,0.0,0.0,0.0,0.0,0.0,0.0,0.0,0.0,0.0,0.0,0.0,0.0,0.0,0.0,0.0,0.0,0.0,0.0,0.0,0.0,0.0,0.0,0.0,0.0,0.0,0.0,0.0,0.0,0.0,0.0,0.0,0.0,0.0,0.0,0.0,0.0,0.0,0.0,0.0,0.0,0.0,0.0,0.0,0.0,0.0,0.0,0.0,0.0,0.0,0.0,0.0,0.0,0.0,0.0,0.0,0.0,0.0,0.0,0.0,0.0,0.0,0.0,0.0,0.0,0.0,0.0,0.0,0.0,0.0,0.0,0.0,0.0,0.0,0.0,0.0,0.0,0.0,0.0,0.0,0.0,0.0,0.0,0.0,0.0,0.0,0.0,0.0,0.0,0.0,0.0,0.0,0.0
336,0.0,0.0,0.0,0.0,0.0,0.0,0.0,0.0,0.0,0.0,0.0,0.0,0.0,0.0,0.0,0.0,0.0,0.0,0.0,0.0,0.0,0.0,0.0,0.0,0.0,0.0,0.0,0.0,0.0,0.0,0.0,0.0,0.0,0.0,0.0,0.0,0.0,0.0,0.0,0.0,0.0,0.0,0.0,0.0,0.0,0.0,0.0,0.0,0.0,0.0,0.0,0.0,0.0,0.0,0.0,0.0,0.0,0.0,0.0,0.0,0.0,0.0,0.0,0.0,0.0,0.0,0.0,0.0,0.0,0.0,0.0,0.0,0.0,0.0,0.0,0.0,0.0,0.0,0.0,0.0,0.0,0.0,0.0,0.0,0.0,0.0,0.0,0.0,0.0,0.0,0.0,0.0,0.0,0.0,0.0,0.0,0.0,0.0,0.0,0.0,0.0,0.0,0.0,0.0,0.0,0.0,0.0,0.0,0.0,0.0,0.0,0.0,0.0,0.0,0.0,0.0,0.0,0.0,0.0,0.0,0.0,0.0,0.0,0.0,0.0,0.0
337,0.0,0.0,0.0,0.0,0.0,0.0,0.0,0.0,0.0,0.0,0.0,0.0,0.0,0.0,0.0,0.0,0.0,0.0,0.0,0.0,0.0,0.0,0.0,0.0,0.0,0.0,0.0,0.0,0.0,0.0,0.0,0.0,0.0,0.0,0.0,0.0,0.0,0.0,0.0,0.0,0.0,0.0,0.0,0.0,0.0,0.0,0.0,0.0,0.0,0.0,0.0,0.0,0.0,0.0,0.0,0.0,0.0,0.0,0.0,0.0,0.0,0.0,0.0,0.0,0.0,0.0,0.0,0.0,0.0,0.0,0.0,0.0,0.0,0.0,0.0,0.0,0.0,0.0,0.0,0.0,0.0,0.0,0.0,0.0,0.0,0.0,0.0,0.0,0.0,0.0,0.0,0.0,0.0,0.0,0.0,0.0,0.0,0.0,0.0,0.0,0.0,0.0,0.0,0.0,0.0,0.0,0.0,0.0,0.0,0.0,0.0,0.0,0.0,0.0,0.0,0.0,0.0,0.0,0.0,0.0,0.0,0.0,0.0,0.0,0.0,0.0
338,0.0,0.0,0.0,0.0,0.0,0.0,0.0,0.0,0.0,0.0,0.0,0.0,0.0,0.0,0.0,0.0,0.0,0.0,0.0,0.0,0.0,0.0,0.0,0.0,0.0,0.0,0.0,0.0,0.0,0.0,0.0,0.0,0.0,0.0,0.0,0.0,0.0,0.0,0.0,0.0,0.0,0.0,0.0,0.0,0.0,0.0,0.0,0.0,0.0,0.0,0.0,0.0,0.0,0.0,0.0,0.0,0.0,0.0,0.0,0.0,0.0,0.0,0.0,0.0,0.0,0.0,0.0,0.0,0.0,0.0,0.0,0.0,0.0,0.0,0.0,0.0,0.0,0.0,0.0,0.0,0.0,0.0,0.0,0.0,0.0,0.0,0.0,0.0,0.0,0.0,0.0,0.0,0.0,0.0,0.0,0.0,0.0,0.0,0.0,0.0,0.0,0.0,0.0,0.0,0.0,0.0,0.0,0.0,0.0,0.0,0.0,0.0,0.0,0.0,0.0,0.0,0.0,0.0,0.0,0.0,0.0,0.0,0.0,0.0,0.0,0.0
