frame_index,0,1,2,3,4,5,6,7,8,9,10,11,12,13,14,15,16,17,18,19,20,21,22,23,24,25,26,27,28,29,30,31,32,33,34,35,36,37,38,39,40,41,42,43,44,45,46,47,48,49,50,51,52,53,54,55,56,57,58,59,60,61,62,63,64,65,66,67,68,69,70,71,72,73,74,75,76,77,78,79,80,81,82,83,84,85,86,87,88,89,90,91,92,93,94,95,96,97,98,99,100,101,102,103,104,105,106,107,108,109,110,111,112,113,114,115,116,117,118,119,120,121,122,123,124,125
0,0.0,0.0,0.0,0.0,0.0,0.0,0.0,0.0,0.0,0.0,0.0,0.0,0.0,0.0,0.0,0.0,0.0,0.0,0.0,0.0,0.0,0.0,0.0,0.0,0.0,0.0,0.0,0.0,0.0,0.0,0.0,0.0,0.0,0.0,0.0,0.0,0.0,0.0,0.0,0.0,0.0,0.0,0.0,0.0,0.0,0.0,0.0,0.0,0.0,0.0,0.0,0.0,0.0,0.0,0.0,0.0,0.0,0.0,0.0,0.0,0.0,0.0,0.0,0.0,0.0,0.0,0.0,0.0,0.0,0.0,0.0,0.0,0.0,0.0,0.0,0.0,0.0,0.0,0.0,0.0,0.0,0.0,0.0,0.0,0.0,0.0,0.0,0.0,0.0,0.0,0.0,0.0,0.0,0.0,0.0,0.0,0.0,0.0,0.0,0.0,0.0,0.0,0.0,0.0,0.0,0.0,0.0,0.0,0.0,0.0,0.0,0.0,0.0,0.0,0.0,0.0,0.0,0.0,0.0,0.0,0.0,0.0,0.0,0.0,0.0,0.0
1,0.0,0.0,0.0,0.0,0.0,0.0,0.0,0.0,0.0,0.0,0.0,0.0,0.0,0.0,0.0,0.0,0.0,0.0,0.0,0.0,0.0,0.0,0.0,0.0,0.0,0.0,0.0,0.0,0.0,0.0,0.0,0.0,0.0,0.0,0.0,0.0,0.0,0.0,0.0,0.0,0.0,0.0,0.0,0.0,0.0,0.0,0.0,0.0,0.0,0.0,0.0,0.0,0.0,0.0,0.0,0.0,0.0,0.0,0.0,0.0,0.0,0.0,0.0,0.0,0.0,0.0,0.0,0.0,0.0,0.0,0.0,0.0,0.0,0.0,0.0,0.0,0.0,0.0,0.0,0.0,0.0,0.0,0.0,0.0,0.0,0.0,0.0,0.0,0.0,0.0,0.0,0.0,0.0,0.0,0.0,0.0,0.0,0.0,0.0,0.0,0.0,0.0,0.0,0.0,0.0,0.0,0.0,0.0,0.0,0.0,0.0,0.0,0.0,0.0,0.0,0.0,0.0,0.0,0.0,0.0,0.0,0.0,0.0,0.0,0.0,0.0
2,0.0,0.0,0.0,0.0,0.0,0.0,0.0,0.0,0.0,0.0,0.0,0.0,0.0,0.0,0.0,0.0,0.0,0.0,0.0,0.0,0.0,0.0,0.0,0.0,0.0,0.0,0.0,0.0,0.0,0.0,0.0,0.0,0.0,0.0,0.0,0.0,0.0,0.0,0.0,0.0,0.0,0.0,0.0,0.0,0.0,0.0,0.0,0.0,0.0,0.0,0.0,0.0,0.0,0.0,0.0,0.0,0.0,0.0,0.0,0.0,0.0,0.0,0.0,0.0,0.0,0.0,0.0,0.0,0.0,0.0,0.0,0.0,0.0,0.0,0.0,0.0,0.0,0.0,0.0,0.0,0.0,0.0,0.0,0.0,0.0,0.0,0.0,0.0,0.0,0.0,0.0,0.0,0.0,0.0,0.0,0.0,0.0,0.0,0.0,0.0,0.0,0.0,0.0,0.0,0.0,0.0,0.0,0.0,0.0,0.0,0.0,0.0,0.0,0.0,0.0,0.0,0.0,0.0,0.0,0.0,0.0,0.0,0.0,0.0,0.0,0.0
3,0.0,0.0,0.0,0.0,0.0,0.0,0.0,0.0,0.0,0.0,0.0,0.0,0.0,0.0,0.0,0.0,0.0,0.0,0.0,0.0,0.0,0.0,0.0,0.0,0.0,0.0,0.0,0.0,0.0,0.0,0.0,0.0,0.0,0.0,0.0,0.0,0.0,0.0,0.0,0.0,0.0,0.0,0.0,0.0,0.0,0.0,0.0,0.0,0.0,0.0,0.0,0.0,0.0,0.0,0.0,0.0,0.0,0.0,0.0,0.0,0.0,0.0,0.0,0.0,0.0,0.0,0.0,0.0,0.0,0.0,0.0,0.0,0.0,0.0,0.0,0.0,0.0,0.0,0.0,0.0,0.0,0.0,0.0,0.0,0.0,0.0,0.0,0.0,0.0,0.0,0.0,0.0,0.0,0.0,0.0,0.0,0.0,0.0,0.0,0.0,0.0,0.0,0.0,0.0,0.0,0.0,0.0,0.0,0.0,0.0,0.0,0.0,0.0,0.0,0.0,0.0,0.0,0.0,0.0,0.0,0.0,0.0,0.0,0.0,0.0,0.0
4,0.5718674063682556,0.8599883317947388,1.5298995492685208e-07,0.5966172814369202,0.7703264951705933,0.0066528464667499065,0.606115996837616,0.6830050349235535,0.0009554939460940659,0.6071867942810059,0.6153479814529419,-0.00632861303165555,0.6152614951133728,0.5637285709381104,-0.016516605392098427,0.6013898849487305,0.6656358242034912,-0.026660040020942688,0.5609452128410339,0.5727390050888062,-0.04252597689628601,0.5361394882202148,0.5237124562263489,-0.04955480620265007,0.5133229494094849,0.48430007696151733,-0.0540645532310009,0.5774631500244141,0.6914176344871521,-0.040247783064842224,0.5336311459541321,0.5876097679138184,-0.05638417601585388,0.5088027715682983,0.5307665467262268,-0.06154473498463631,0.48883572220802307,0.4827258288860321,-0.06613031029701233,0.5482878684997559,0.723689615726471,-0.051924414932727814,0.5110049247741699,0.6200640201568604,-0.06570689380168915,0.48825788497924805,0.5634400844573975,-0.0675092339515686,0.4710092544555664,0.5173680782318115,-0.0694393515586853,0.5149049758911133,0.7597777843475342,-0.062248345464468,0.49011874198913574,0.6791825890541077,-0.0739961788058281,0.47876840829849243,0.6313647031784058,-0.0743195191025734,0.4680771231651306,0.5905960202217102,-0.07473019510507584,0.40000119805336,0.9618033170700073,4.6594985292358615e-07,0.3367066979408264,0.8746104836463928,-0.005463365465402603,0.30171316862106323,0.7848204374313354,-0.012049058452248573,0.2924245595932007,0.7098708748817444,-0.019834738224744797,0.29704004526138306,0.6619850397109985,-0.026948528364300728,0.33764567971229553,0.7391337156295776,-0.004892329685389996,0.36698925495147705,0.6312087178230286,-0.014995831996202469,0.3855304718017578,0.572088360786438,-0.02305584028363228,0.4016422927379608,0.5243771076202393,-0.028139442205429077,0.3760424256324768,0.749242901802063,-0.00960485078394413,0.3963482975959778,0.625693678855896,-0.01813194714486599,0.41194096207618713,0.5560747385025024,-0.02562292106449604,0.4250935912132263,0.5009703636169434,-0.03106463886797428,0.4150938093662262,0.7663334012031555,-0.015501576475799084,0.42984244227409363,0.647345244884491,-0.022920900955796242,0.4410053789615631,0.5789392590522766,-0.02873452939093113,0.44815680384635925,0.5232295989990234,-0.032785676419734955,0.45530030131340027,0.7877725958824158,-0.021700678393244743,0.46460050344467163,0.6970993280410767,-0.02651909925043583,0.46801725029945374,0.6437284350395203,-0.026583658531308174,0.4689789414405823,0.5970025658607483,-0.02594086155295372
5,0.5534788966178894,0.8291988372802734,4.4272930210809136e-08,0.5819648504257202,0.7598852515220642,0.0016240895492956042,0.5917885303497314,0.6792282462120056,-0.008534365333616734,0.5898445248603821,0.6122431755065918,-0.01854029670357704,0.5929089784622192,0.5589010715484619,-0.03147537261247635,0.5967977046966553,0.6719793677330017,-0.041182324290275574,0.5560591220855713,0.5712252259254456,-0.06252448260784149,0.5317411422729492,0.5213357210159302,-0.07329985499382019,0.511259913444519,0.48472386598587036,-0.07879950106143951,0.5731062293052673,0.6980465054512024,-0.05313260108232498,0.5332257151603699,0.5848371982574463,-0.07035452872514725,0.5046969056129456,0.5246775150299072,-0.07734846323728561,0.482170045375824,0.48147982358932495,-0.08379176259040833,0.542048990726471,0.7252220511436462,-0.06294991821050644,0.5118641257286072,0.6185569167137146,-0.0770622193813324,0.4886931777000427,0.5594733357429504,-0.0804971233010292,0.4709603786468506,0.5150945782661438,-0.08425034582614899,0.5046143531799316,0.7512586712837219,-0.07136552780866623,0.48599448800086975,0.6695246696472168,-0.08408143371343613,0.4766923785209656,0.6230159401893616,-0.08550645411014557,0.4672088027000427,0.58356773853302,-0.08669891953468323,0.0,0.0,0.0,0.0,0.0,0.0,0.0,0.0,0.0,0.0,0.0,0.0,0.0,0.0,0.0,0.0,0.0,0.0,0.0,0.0,0.0,0.0,0.0,0.0,0.0,0.0,0.0,0.0,0.0,0.0,0.0,0.0,0.0,0.0,0.0,0.0,0.0,0.0,0.0,0.0,0.0,0.0,0.0,0.0,0.0,0.0,0.0,0.0,0.0,0.0,0.0,0.0,0.0,0.0,0.0,0.0,0.0,0.0,0.0,0.0,0.0,0.0,0.0
6,0.5528844594955444,0.8198198080062866,-3.364827350083033e-08,0.5786144733428955,0.7586424946784973,-0.0011958528775721788,0.5911797285079956,0.6781213879585266,-0.01206873543560505,0.5888352394104004,0.6107390522956848,-0.02189089171588421,0.5902542471885681,0.5560843348503113,-0.0344582162797451,0.5971694588661194,0.6719653010368347,-0.046892065554857254,0.557529091835022,0.5720059275627136,-0.07025040686130524,0.5322368741035461,0.5224974155426025,-0.08221881091594696,0.5109429955482483,0.48716607689857483,-0.08865701407194138,0.5735350847244263,0.6972265243530273,-0.05771428346633911,0.5353059768676758,0.5846566557884216,-0.07709262520074844,0.5067898035049438,0.5226138234138489,-0.08530016243457794,0.48349177837371826,0.47784096002578735,-0.09262342751026154,0.5431210398674011,0.7229781150817871,-0.06651417165994644,0.51458340883255,0.6180134415626526,-0.08343766629695892,0.4910205006599426,0.5572716593742371,-0.08885975182056427,0.4723457098007202,0.511056661605835,-0.09369514882564545,0.5072508454322815,0.7459959983825684,-0.07386578619480133,0.4900009334087372,0.6667423248291016,-0.09020989388227463,0.48044630885124207,0.6209169030189514,-0.09472881257534027,0.471353143453598,0.579903781414032,-0.09778042882680893,0.0,0.0,0.0,0.0,0.0,0.0,0.0,0.0,0.0,0.0,0.0,0.0,0.0,0.0,0.0,0.0,0.0,0.0,0.0,0.0,0.0,0.0,0.0,0.0,0.0,0.0,0.0,0.0,0.0,0.0,0.0,0.0,0.0,0.0,0.0,0.0,0.0,0.0,0.0,0.0,0.0,0.0,0.0,0.0,0.0,0.0,0.0,0.0,0.0,0.0,0.0,0.0,0.0,0.0,0.0,0.0,0.0,0.0,0.0,0.0,0.0,0.0,0.0
7,0.5535950660705566,0.8158993124961853,-3.1187951776701084e-08,0.5790737867355347,0.7569385766983032,-0.0012721962993964553,0.5920640826225281,0.677782416343689,-0.01238234993070364,0.587216317653656,0.6107292771339417,-0.022361548617482185,0.5855295658111572,0.5545240044593811,-0.03488378971815109,0.5974951982498169,0.668923020362854,-0.04657582566142082,0.5573261976242065,0.5678848624229431,-0.06991509348154068,0.530780553817749,0.5191096663475037,-0.08178901672363281,0.5082172751426697,0.4840788245201111,-0.08799181878566742,0.5732823610305786,0.6941194534301758,-0.057288456708192825,0.5352555513381958,0.5797303915023804,-0.07671400904655457,0.5060471296310425,0.5180841684341431,-0.0843692347407341,0.4822429418563843,0.47433316707611084,-0.09098946303129196,0.542385995388031,0.7191348671913147,-0.06597951054573059,0.5145713090896606,0.6109537482261658,-0.08276991546154022,0.4911963939666748,0.5523562431335449,-0.0869230255484581,0.4724158048629761,0.5086864233016968,-0.09051685035228729,0.5064300298690796,0.7417513728141785,-0.07322995364665985,0.49107056856155396,0.6599106788635254,-0.08910521119832993,0.4819425046443939,0.6143951416015625,-0.09266748279333115,0.4733213782310486,0.5744640231132507,-0.09473511576652527,0.24939484894275665,0.8703631162643433,1.855043336718154e-07,0.25518831610679626,0.7933437824249268,0.0049885292537510395,0.26661503314971924,0.7225717306137085,0.01164117269217968,0.286044180393219,0.6719183921813965,0.015345796011388302,0.29836905002593994,0.6376734972000122,0.02104055881500244,0.2160494029521942,0.6931008100509644,0.03773397579789162,0.2679738998413086,0.650907039642334,0.03893616050481796,0.2932722866535187,0.6616805195808411,0.03269872069358826,0.30115386843681335,0.6772615313529968,0.02910437062382698,0.21762703359127045,0.7012677192687988,0.035380780696868896,0.2710103988647461,0.6636635065078735,0.039248332381248474,0.29271599650382996,0.6772516965866089,0.030674980953335762,0.2993239164352417,0.690372109413147,0.0245127622038126,0.22815808653831482,0.7182338237762451,0.031314194202423096,0.2775077819824219,0.6827207207679749,0.03295022249221802,0.2967112958431244,0.6949949264526367,0.028743736445903778,0.30184999108314514,0.7075480222702026,0.025990823283791542,0.24546276032924652,0.7414838671684265,0.02754521556198597,0.28646132349967957,0.7080656290054321,0.031195495277643204,0.30281585454940796,0.7132779955863953,0.03444675728678703,0.3082732856273651,0.7215026617050171,0.03765086829662323
8,0.5522266626358032,0.8137156963348389,-1.585832443140589e-08,0.5786848068237305,0.7550737857818604,-0.001698817708529532,0.5924286246299744,0.6726616024971008,-0.013226447626948357,0.5916075110435486,0.6052129864692688,-0.023554567247629166,0.5913521647453308,0.5481472015380859,-0.03661756217479706,0.5988622903823853,0.6672384738922119,-0.05006640776991844,0.5595071315765381,0.5640620589256287,-0.07478423416614532,0.5321296453475952,0.5136348605155945,-0.08721808344125748,0.508442759513855,0.47828948497772217,-0.09355971217155457,0.5738103985786438,0.6939018964767456,-0.061368826776742935,0.5370827913284302,0.5774369835853577,-0.08254197984933853,0.5063371658325195,0.5135891437530518,-0.09072982519865036,0.4812279939651489,0.46881693601608276,-0.09753226488828659,0.5416727066040039,0.7200784683227539,-0.07055068761110306,0.5158535242080688,0.6090465188026428,-0.08896197378635406,0.4911016821861267,0.5484832525253296,-0.09346379339694977,0.471071720123291,0.5037403106689453,-0.09702800959348679,0.5043941736221313,0.7429858446121216,-0.07818125188350677,0.48831331729888916,0.6590302586555481,-0.09552180767059326,0.47884809970855713,0.611958384513855,-0.09916867315769196,0.4703713357448578,0.5711865425109863,-0.10104797780513763,0.0,0.0,0.0,0.0,0.0,0.0,0.0,0.0,0.0,0.0,0.0,0.0,0.0,0.0,0.0,0.0,0.0,0.0,0.0,0.0,0.0,0.0,0.0,0.0,0.0,0.0,0.0,0.0,0.0,0.0,0.0,0.0,0.0,0.0,0.0,0.0,0.0,0.0,0.0,0.0,0.0,0.0,0.0,0.0,0.0,0.0,0.0,0.0,0.0,0.0,0.0,0.0,0.0,0.0,0.0,0.0,0.0,0.0,0.0,0.0,0.0,0.0,0.0
9,0.5555155277252197,0.8150768876075745,-3.394830017100503e-08,0.5799465179443359,0.7537768483161926,-0.0015557849546894431,0.591768205165863,0.6711007356643677,-0.012586268596351147,0.589792013168335,0.6033285856246948,-0.022531716153025627,0.5892622470855713,0.5466246008872986,-0.035043343901634216,0.5980308055877686,0.6668073534965515,-0.04776212200522423,0.5597624182701111,0.5655600428581238,-0.07208441942930222,0.532580554485321,0.5153738856315613,-0.08462578803300858,0.509552001953125,0.48017340898513794,-0.09120044112205505,0.57268226146698,0.6933727264404297,-0.05882513150572777,0.5365890860557556,0.5792712569236755,-0.0804356038570404,0.5065027475357056,0.5150521993637085,-0.08928604423999786,0.4819810092449188,0.4695989489555359,-0.09650883823633194,0.5408202409744263,0.7189987301826477,-0.0678035095334053,0.5144333243370056,0.6095536351203918,-0.08670946210622787,0.49018749594688416,0.5487469434738159,-0.09126083552837372,0.47074297070503235,0.5029208064079285,-0.09474949538707733,0.5042269825935364,0.7415056824684143,-0.07525214552879333,0.4872000813484192,0.6587114334106445,-0.09292159229516983,0.4777679443359375,0.6119535565376282,-0.09657628834247589,0.46974992752075195,0.5711097717285156,-0.09841743111610413,0.0,0.0,0.0,0.0,0.0,0.0,0.0,0.0,0.0,0.0,0.0,0.0,0.0,0.0,0.0,0.0,0.0,0.0,0.0,0.0,0.0,0.0,0.0,0.0,0.0,0.0,0.0,0.0,0.0,0.0,0.0,0.0,0.0,0.0,0.0,0.0,0.0,0.0,0.0,0.0,0.0,0.0,0.0,0.0,0.0,0.0,0.0,0.0,0.0,0.0,0.0,0.0,0.0,0.0,0.0,0.0,0.0,0.0,0.0,0.0,0.0,0.0,0.0
10,0.5522457957267761,0.817143976688385,4.319854252088362e-09,0.5787374377250671,0.7591253519058228,-0.002670850371941924,0.591796338558197,0.6741805672645569,-0.015062527731060982,0.5899074077606201,0.6036754250526428,-0.026031309738755226,0.5930623412132263,0.547211229801178,-0.03987254574894905,0.6012008190155029,0.6705615520477295,-0.05321967974305153,0.5614970922470093,0.5648637413978577,-0.07916615903377533,0.5346546173095703,0.5125818848609924,-0.09211748093366623,0.5110606551170349,0.4758937954902649,-0.0989285260438919,0.5756557583808899,0.6966527104377747,-0.06460709869861603,0.5390974283218384,0.5772944092750549,-0.08746620267629623,0.5086351633071899,0.5130157470703125,-0.09632504731416702,0.4837965965270996,0.46793630719184875,-0.10338747501373291,0.5429208874702454,0.722827136516571,-0.07386885583400726,0.5163487195968628,0.6106762886047363,-0.09361588209867477,0.4915921688079834,0.5477091073989868,-0.09920326620340347,0.47197338938713074,0.500459611415863,-0.10354407131671906,0.5039944648742676,0.7461310625076294,-0.08156293630599976,0.48890095949172974,0.6621411442756653,-0.100173719227314,0.4796123206615448,0.6146897673606873,-0.10483735799789429,0.47113049030303955,0.5727407336235046,-0.10748889297246933,0.0,0.0,0.0,0.0,0.0,0.0,0.0,0.0,0.0,0.0,0.0,0.0,0.0,0.0,0.0,0.0,0.0,0.0,0.0,0.0,0.0,0.0,0.0,0.0,0.0,0.0,0.0,0.0,0.0,0.0,0.0,0.0,0.0,0.0,0.0,0.0,0.0,0.0,0.0,0.0,0.0,0.0,0.0,0.0,0.0,0.0,0.0,0.0,0.0,0.0,0.0,0.0,0.0,0.0,0.0,0.0,0.0,0.0,0.0,0.0,0.0,0.0,0.0
11,0.5558667778968811,0.8245574235916138,-8.388794725533444e-08,0.5802357792854309,0.7646666765213013,-0.00325735448859632,0.5946212410926819,0.6802025437355042,-0.01519625075161457,0.5933865308761597,0.6102309226989746,-0.02563493140041828,0.595660924911499,0.5522146224975586,-0.03899889066815376,0.6046246886253357,0.6770307421684265,-0.05214676633477211,0.564921498298645,0.5734851956367493,-0.0774189680814743,0.5365164279937744,0.5220921635627747,-0.0904640257358551,0.5131139755249023,0.48460298776626587,-0.09770545363426208,0.5810755491256714,0.7060362696647644,-0.06289668381214142,0.5416940450668335,0.5884619951248169,-0.08523590117692947,0.5094861388206482,0.5235252976417542,-0.09470394253730774,0.4830526113510132,0.4773503541946411,-0.10293281823396683,0.549157977104187,0.733100175857544,-0.07149409502744675,0.5172606110572815,0.6203024983406067,-0.09170812368392944,0.48953965306282043,0.5594528913497925,-0.0968850702047348,0.46780478954315186,0.5139272809028625,-0.10115855187177658,0.5096464157104492,0.7554946541786194,-0.07856741547584534,0.4886784851551056,0.6679486632347107,-0.09763436764478683,0.4778619408607483,0.6215707659721375,-0.1020900160074234,0.469728946685791,0.5812234282493591,-0.10474363714456558,0.40111809968948364,0.9253085851669312,4.057428952819464e-07,0.33572348952293396,0.8466097712516785,-0.0011486904695630074,0.2973570227622986,0.7648537158966064,-0.009046445600688457,0.28298497200012207,0.6950209736824036,-0.017981357872486115,0.2843042314052582,0.647235631942749,-0.02709326334297657,0.33173316717147827,0.7418615221977234,-0.02330910600721836,0.3566046357154846,0.6334444284439087,-0.037262316793203354,0.3750896453857422,0.5731736421585083,-0.04412706196308136,0.3912484645843506,0.5260012745857239,-0.047186266630887985,0.3715663552284241,0.7555728554725647,-0.031390514224767685,0.3926227390766144,0.6297138333320618,-0.04281260073184967,0.4087919294834137,0.5554540157318115,-0.047206781804561615,0.4219163656234741,0.49682942032814026,-0.05053917318582535,0.41221001744270325,0.7702651619911194,-0.03878003731369972,0.42941901087760925,0.6488064527511597,-0.04723597690463066,0.4413825273513794,0.5780640840530396,-0.04868319630622864,0.44898098707199097,0.520084023475647,-0.04999874159693718,0.45283809304237366,0.786601185798645,-0.045884400606155396,0.4611244201660156,0.6938430070877075,-0.051602765917778015,0.4656915068626404,0.6368849277496338,-0.049654506146907806,0.4685061573982239,0.5862674117088318,-0.047814421355724335
12,0.5560951828956604,0.8216241598129272,-6.785104744722048e-08,0.5807057619094849,0.7619812488555908,-0.0021219628397375345,0.5933502912521362,0.677976667881012,-0.01423673890531063,0.5919297933578491,0.6089346408843994,-0.02489274926483631,0.5941067337989807,0.5514287352561951,-0.0386953242123127,0.6045277118682861,0.6743761897087097,-0.054819174110889435,0.5648707151412964,0.5724858045578003,-0.08053864538669586,0.5360909104347229,0.5219665169715881,-0.09341034293174744,0.5126429200172424,0.4856831431388855,-0.10034621506929398,0.5799264907836914,0.7054140567779541,-0.0661374032497406,0.5415241122245789,0.5880258679389954,-0.08964787423610687,0.5096048712730408,0.5234987735748291,-0.09870640188455582,0.48369649052619934,0.4783734977245331,-0.10632054507732391,0.5473021268844604,0.7336424589157104,-0.07496445626020432,0.5172020792961121,0.621031641960144,-0.09576179087162018,0.4902806282043457,0.559318482875824,-0.1003718450665474,0.4695294201374054,0.5137791633605957,-0.10391683876514435,0.5083636045455933,0.7570086121559143,-0.0820399820804596,0.4885708689689636,0.6682772636413574,-0.10092658549547195,0.4784351885318756,0.6208718419075012,-0.10463760048151016,0.4711049795150757,0.5812562108039856,-0.10661651194095612,0.3930857181549072,0.8740043640136719,6.207093861121393e-07,0.3490196764469147,0.8191087245941162,-0.008834646083414555,0.310194194316864,0.7574183344841003,-0.02643064223229885,0.2896272540092468,0.69800865650177,-0.042270228266716,0.282164067029953,0.6466928124427795,-0.059053245931863785,0.3256932497024536,0.7408249974250793,-0.05820271000266075,0.3475324213504791,0.632774293422699,-0.0843939259648323,0.3647465407848358,0.5735488533973694,-0.0947447121143341,0.37891143560409546,0.5289921164512634,-0.09867602586746216,0.36428946256637573,0.755046546459198,-0.06572762876749039,0.3865061402320862,0.6305456161499023,-0.08945348113775253,0.4032844007015228,0.5559819936752319,-0.09416913241147995,0.41547030210494995,0.5019378662109375,-0.09665197879076004,0.4060882329940796,0.7671473026275635,-0.07163801789283752,0.4234786629676819,0.6508376598358154,-0.08926607668399811,0.4356168806552887,0.5813189744949341,-0.09063966572284698,0.44272035360336304,0.5269767642021179,-0.09097247570753098,0.44552671909332275,0.7772051095962524,-0.07718712091445923,0.4540179669857025,0.685925304889679,-0.08933842927217484,0.4576333463191986,0.6315401196479797,-0.0889585092663765,0.46047231554985046,0.5851773023605347,-0.08785367012023926
13,0.5521218180656433,0.8236705660820007,-6.064636437486115e-08,0.5762973427772522,0.7633453011512756,-0.0024845609441399574,0.5897632837295532,0.679595410823822,-0.014900670386850834,0.5882828235626221,0.6110185384750366,-0.02585308626294136,0.5893463492393494,0.5526075959205627,-0.03998814523220062,0.6038545966148376,0.6759529113769531,-0.05521216616034508,0.5644741654396057,0.5735176205635071,-0.08101871609687805,0.5360828042030334,0.5226866006851196,-0.0941496193408966,0.5129232406616211,0.48557984828948975,-0.10152767598628998,0.5798762440681458,0.7060088515281677,-0.06681006401777267,0.5424371957778931,0.5886172652244568,-0.0902310311794281,0.5100963115692139,0.5247253179550171,-0.09997238218784332,0.4837947189807892,0.4797711968421936,-0.10835087299346924,0.5472749471664429,0.7341921329498291,-0.07592785358428955,0.5186905860900879,0.6206951141357422,-0.09678682684898376,0.49053487181663513,0.5593366026878357,-0.10241386294364929,0.4686013162136078,0.514543890953064,-0.10696803778409958,0.5078274607658386,0.7580525875091553,-0.08330223709344864,0.48988357186317444,0.6706451773643494,-0.10285292565822601,0.47923192381858826,0.6233250498771667,-0.1076444461941719,0.4712294340133667,0.5833851099014282,-0.11054767668247223,0.3959830403327942,0.856081485748291,7.23767016097554e-07,0.35265541076660156,0.8049343824386597,-0.01627006195485592,0.31262221932411194,0.742876410484314,-0.037691544741392136,0.2881012558937073,0.687473714351654,-0.0554182343184948,0.2780114412307739,0.6423567533493042,-0.07434621453285217,0.3222109079360962,0.7405112385749817,-0.0734390839934349,0.3486596345901489,0.6384297609329224,-0.10550568997859955,0.3662242889404297,0.5797817707061768,-0.12071198970079422,0.3825913667678833,0.5322554111480713,-0.1285753846168518,0.36478391289711,0.7558693885803223,-0.07929052412509918,0.3859102725982666,0.6383031606674194,-0.11084623634815216,0.40252313017845154,0.5623378157615662,-0.12143944948911667,0.415962815284729,0.5045187473297119,-0.127619206905365,0.4087736904621124,0.7675807476043701,-0.08322782814502716,0.42456430196762085,0.6562552452087402,-0.10832449793815613,0.4368761479854584,0.5839843153953552,-0.11426404863595963,0.44482794404029846,0.5270795822143555,-0.11674904078245163,0.4484294056892395,0.7736083269119263,-0.08700387179851532,0.45627138018608093,0.6873672008514404,-0.10595657676458359,0.45696091651916504,0.6325262188911438,-0.10987216979265213,0.4567718505859375,0.586024820804596,-0.11127664148807526
14,0.5706221461296082,0.8594392538070679,3.1189102855933015e-07,0.5936305522918701,0.7710078954696655,0.0015621534548699856,0.6010019779205322,0.6818689107894897,-0.00859933253377676,0.5962452292442322,0.6092959642410278,-0.01903804950416088,0.5938025116920471,0.552101731300354,-0.03304718807339668,0.6019390225410461,0.6741350293159485,-0.04219948872923851,0.5604663491249084,0.5734586119651794,-0.0635749027132988,0.5330580472946167,0.5207143425941467,-0.07254961878061295,0.50661301612854,0.478246808052063,-0.0776783749461174,0.5786013007164001,0.6994766592979431,-0.05506844446063042,0.5335895419120789,0.5826800465583801,-0.07582978904247284,0.5034725666046143,0.5217152237892151,-0.0831976905465126,0.4772769510746002,0.4723334312438965,-0.08901256322860718,0.5488970875740051,0.732798159122467,-0.06568785756826401,0.5099400877952576,0.6175438165664673,-0.08383418619632721,0.48119404911994934,0.5568689703941345,-0.08897830545902252,0.45643147826194763,0.5081422328948975,-0.09316391497850418,0.5133388638496399,0.7715671062469482,-0.07477033138275146,0.49084368348121643,0.6859255433082581,-0.09012176096439362,0.4789264500141144,0.6344987750053406,-0.09263261407613754,0.465883731842041,0.5884985327720642,-0.09472475945949554,0.40552258491516113,0.9006761312484741,2.946011932181136e-07,0.3415222764015198,0.8351598978042603,-0.002418265677988529,0.2929917871952057,0.762826681137085,-0.014142831787467003,0.27230390906333923,0.6985014081001282,-0.02646196261048317,0.27168571949005127,0.6451206207275391,-0.03914283961057663,0.32846614718437195,0.7258496880531311,-0.03159642219543457,0.35813048481941223,0.6185197234153748,-0.04777185618877411,0.37696728110313416,0.5625056624412537,-0.055154889822006226,0.39280080795288086,0.5189308524131775,-0.05890262499451637,0.3694014549255371,0.7405117154121399,-0.0414978563785553,0.39449432492256165,0.6183478832244873,-0.054508134722709656,0.41204896569252014,0.5490366220474243,-0.057532839477062225,0.4249509871006012,0.494945228099823,-0.06093376874923706,0.4118938744068146,0.758380651473999,-0.050860486924648285,0.4323262572288513,0.63966965675354,-0.062168095260858536,0.4455629289150238,0.5732949376106262,-0.0622367188334465,0.45250245928764343,0.5177845358848572,-0.06302875280380249,0.45437169075012207,0.7780771851539612,-0.059735968708992004,0.46388155221939087,0.6865165829658508,-0.06805777549743652,0.4679093360900879,0.6341335773468018,-0.06511058658361435,0.46766144037246704,0.5872046947479248,-0.06285934150218964
15,0.5455402731895447,0.8354557156562805,1.9496750880421132e-08,0.5772650241851807,0.7687199711799622,0.00031751926871947944,0.5910840630531311,0.6812207698822021,-0.011087109334766865,0.5913633108139038,0.6070109009742737,-0.02145403064787388,0.5938634872436523,0.5483084917068481,-0.03518171235918999,0.601909339427948,0.6799286603927612,-0.051701005548238754,0.5620837211608887,0.5713822245597839,-0.07689357548952103,0.5359837412834167,0.5186372995376587,-0.08895332366228104,0.5134786367416382,0.48256194591522217,-0.09485241770744324,0.5804187655448914,0.7081766724586487,-0.06411019712686539,0.5411304831504822,0.5865033268928528,-0.08511832356452942,0.5091174840927124,0.5210500955581665,-0.09331991523504257,0.48211631178855896,0.47618675231933594,-0.10054722428321838,0.5490129590034485,0.7377561330795288,-0.07407498359680176,0.519018828868866,0.6226311326026917,-0.09233677387237549,0.49272069334983826,0.5576469898223877,-0.0980718806385994,0.47147035598754883,0.5103213787078857,-0.10314934700727463,0.508621335029602,0.76581871509552,-0.0822196751832962,0.4902826249599457,0.6774989366531372,-0.09973184019327164,0.4804711937904358,0.6262852549552917,-0.1041606143116951,0.4707525372505188,0.5825901031494141,-0.107234425842762,0.39652255177497864,0.8581047654151917,7.015589744696626e-07,0.3531549870967865,0.8004318475723267,-0.013521654531359673,0.30702638626098633,0.7410084009170532,-0.03539964184165001,0.2784021198749542,0.6876718997955322,-0.054400186985731125,0.2715227007865906,0.6361388564109802,-0.0743584856390953,0.32074838876724243,0.7402330636978149,-0.07208111137151718,0.34848731756210327,0.6367743611335754,-0.10547149181365967,0.36682137846946716,0.5762080550193787,-0.12165568768978119,0.3813064992427826,0.5267530679702759,-0.13012754917144775,0.36149540543556213,0.7610628604888916,-0.07938167452812195,0.3849828839302063,0.6378961801528931,-0.11148856580257416,0.40414685010910034,0.5583175420761108,-0.12178558111190796,0.41767868399620056,0.49763861298561096,-0.12836527824401855,0.4048495888710022,0.7740492820739746,-0.08474890142679214,0.42251110076904297,0.6554701328277588,-0.11027275025844574,0.4370104968547821,0.5801836252212524,-0.11513889580965042,0.4453939199447632,0.5198997259140015,-0.11717808246612549,0.4441688358783722,0.7787684798240662,-0.08975212275981903,0.4549601078033447,0.6879145503044128,-0.10802819579839706,0.45781776309013367,0.6318439841270447,-0.11107724905014038,0.4586256742477417,0.5839666128158569,-0.11229848861694336
16,0.5516443252563477,0.8276247978210449,-1.6146194070643105e-07,0.5760321617126465,0.7669873833656311,-0.0009932039538398385,0.5902796387672424,0.6779729723930359,-0.012302135117352009,0.5947892665863037,0.6050317287445068,-0.02265157923102379,0.6002002954483032,0.5457189679145813,-0.03665412962436676,0.6112295389175415,0.6734157800674438,-0.05323341488838196,0.5721026062965393,0.5714005827903748,-0.08017505705356598,0.5418766736984253,0.5183947086334229,-0.0956529974937439,0.5161319971084595,0.48119473457336426,-0.10509025305509567,0.5885347127914429,0.7055507302284241,-0.06596788763999939,0.5470327734947205,0.5886194705963135,-0.09010057896375656,0.5125814080238342,0.5212138891220093,-0.10163873434066772,0.4832954406738281,0.47396576404571533,-0.11232362687587738,0.5559706091880798,0.7363657355308533,-0.07632657140493393,0.5214062333106995,0.6231789588928223,-0.09761328250169754,0.49205854535102844,0.5572908520698547,-0.10418307781219482,0.4676799476146698,0.5084719061851501,-0.1103701964020729,0.5152699947357178,0.7614325881004333,-0.08497195690870285,0.49302831292152405,0.6750385761260986,-0.10566049069166183,0.4820753037929535,0.6249329447746277,-0.1119026467204094,0.4741747975349426,0.5815778374671936,-0.11640642583370209,0.3934386372566223,0.8410599231719971,8.246948368650919e-07,0.3488534986972809,0.7916293144226074,-0.02251039445400238,0.3057425022125244,0.7294600009918213,-0.04693659394979477,0.27780717611312866,0.6779559850692749,-0.06602764874696732,0.26586708426475525,0.6282859444618225,-0.08640485256910324,0.3186693787574768,0.7316787838935852,-0.08202874660491943,0.3500511050224304,0.637826681137085,-0.11699334532022476,0.3691244125366211,0.5789439678192139,-0.13467246294021606,0.3860829770565033,0.528982937335968,-0.14482396841049194,0.3616194427013397,0.7495825290679932,-0.08576317876577377,0.387873113155365,0.6353780031204224,-0.12033429741859436,0.40525075793266296,0.5603117942810059,-0.1331711858510971,0.41916924715042114,0.5013232231140137,-0.14143644273281097,0.406139999628067,0.7635152339935303,-0.08776114881038666,0.4253562092781067,0.6525062918663025,-0.11622262746095657,0.43813902139663696,0.5788537263870239,-0.12280290573835373,0.44586920738220215,0.520654559135437,-0.12579399347305298,0.445476770401001,0.7704613208770752,-0.08974412828683853,0.4571288228034973,0.6881929039955139,-0.11024115234613419,0.45974603295326233,0.6317374110221863,-0.1143174096941948,0.4616869390010834,0.5828918218612671,-0.11635597050189972
17,0.5652039051055908,0.8651478290557861,1.0766760993874414e-07,0.5916944742202759,0.7779509425163269,0.006385792046785355,0.602534830570221,0.685089647769928,-0.0011367659317329526,0.6031092405319214,0.6104503870010376,-0.009426672011613846,0.6058295369148254,0.5537610650062561,-0.021384619176387787,0.6108242273330688,0.6727705001831055,-0.03916935250163078,0.5706040859222412,0.5704395174980164,-0.05886904522776604,0.5418548583984375,0.5205342769622803,-0.06673590838909149,0.5154983401298523,0.4836946129798889,-0.07091275602579117,0.5894915461540222,0.7000924348831177,-0.054644934833049774,0.5441432595252991,0.5833426117897034,-0.07367175817489624,0.5104064345359802,0.5231145024299622,-0.07909348607063293,0.48299235105514526,0.4784852862358093,-0.08379587531089783,0.559066116809845,0.7360159754753113,-0.06761965900659561,0.5196120142936707,0.6205108165740967,-0.08399054408073425,0.4893234670162201,0.5605618357658386,-0.08733763545751572,0.4653683602809906,0.5145240426063538,-0.09034869819879532,0.5203592777252197,0.7769936919212341,-0.07866030186414719,0.4981920123100281,0.6887298226356506,-0.09265493601560593,0.48539015650749207,0.6373902559280396,-0.09350075572729111,0.47240498661994934,0.5937490463256836,-0.09414609521627426,0.3923419415950775,0.8420964479446411,9.090212529372366e-07,0.3478909134864807,0.7949428558349609,-0.026222802698612213,0.30480432510375977,0.736132800579071,-0.05517393723130226,0.27754509449005127,0.6891937255859375,-0.07817994803190231,0.2657650113105774,0.6374022960662842,-0.10286379605531693,0.314068466424942,0.7360174655914307,-0.09308288246393204,0.3429388999938965,0.6492753624916077,-0.13410449028015137,0.3636387884616852,0.5893627405166626,-0.15649662911891937,0.3833521604537964,0.5376341938972473,-0.16988074779510498,0.3581576645374298,0.7556416988372803,-0.09753087908029556,0.3831160366535187,0.6413735747337341,-0.13922810554504395,0.40393179655075073,0.5611564517021179,-0.15768489241600037,0.420529842376709,0.49846503138542175,-0.16962231695652008,0.40536758303642273,0.7711533308029175,-0.09984979033470154,0.4223388433456421,0.6586504578590393,-0.133949875831604,0.4387764632701874,0.5819677114486694,-0.14248725771903992,0.4478091597557068,0.522992730140686,-0.14644362032413483,0.4463568329811096,0.779411256313324,-0.10215936601161957,0.4557842016220093,0.6963099837303162,-0.12676234543323517,0.460075318813324,0.6378533840179443,-0.13148145377635956,0.4625805914402008,0.5889400839805603,-0.13380557298660278
18,0.5516383051872253,0.8513144850730896,-9.675259349251064e-08,0.5821500420570374,0.7846531271934509,0.0009802052518352866,0.5957610011100769,0.6954692602157593,-0.010193431749939919,0.5976548790931702,0.6192257404327393,-0.02046314999461174,0.5998908877372742,0.557971179485321,-0.0343988873064518,0.6098945140838623,0.687701404094696,-0.050665561109781265,0.5713528990745544,0.5799275636672974,-0.07722903788089752,0.5426474809646606,0.5266980528831482,-0.09232666343450546,0.5174001455307007,0.4896245002746582,-0.1009734719991684,0.5878832936286926,0.7156012654304504,-0.06412021815776825,0.5494136810302734,0.5954172015190125,-0.08511759340763092,0.5174267888069153,0.5297048687934875,-0.0943385511636734,0.48949456214904785,0.48218879103660583,-0.10322356969118118,0.5552529096603394,0.7465914487838745,-0.07522623240947723,0.5270158052444458,0.6309263110160828,-0.0933498740196228,0.5006793141365051,0.564144492149353,-0.09863349795341492,0.4780501127243042,0.513113260269165,-0.10446731746196747,0.5135180354118347,0.7760154604911804,-0.08457230776548386,0.4961424767971039,0.6897932887077332,-0.10275804996490479,0.48745566606521606,0.6387080550193787,-0.10706590116024017,0.47934532165527344,0.5929940938949585,-0.11048392951488495,0.3812354803085327,0.8659204244613647,4.577442211939342e-07,0.320729523897171,0.805655837059021,-0.010713644325733185,0.27522504329681396,0.7366014719009399,-0.02895469032227993,0.26176580786705017,0.6817135214805603,-0.04590357095003128,0.27279239892959595,0.6392213106155396,-0.06385283917188644,0.3030243515968323,0.7304916381835938,-0.05789557844400406,0.34285369515419006,0.6366754174232483,-0.08169851452112198,0.3650238811969757,0.5835433006286621,-0.09183450043201447,0.3827790319919586,0.5382435917854309,-0.09792636334896088,0.3478512763977051,0.7548771500587463,-0.06770927459001541,0.3837556540966034,0.6387333273887634,-0.08933365345001221,0.40717530250549316,0.5672937631607056,-0.0935860276222229,0.42443037033081055,0.5095252990722656,-0.09782683849334717,0.3925471007823944,0.7766614556312561,-0.07636042684316635,0.4205780625343323,0.661981463432312,-0.09612888097763062,0.44098639488220215,0.5941868424415588,-0.09659871459007263,0.454307496547699,0.5367889404296875,-0.09666858613491058,0.43361565470695496,0.7955093383789062,-0.08486355096101761,0.44883209466934204,0.7064528465270996,-0.09917651116847992,0.4584220349788666,0.6514927744865417,-0.09821541607379913,0.4645163416862488,0.6012091636657715,-0.09767081588506699
19,0.554897665977478,0.8428316712379456,-1.497713526532607e-07,0.5779812335968018,0.7754172086715698,-0.0008768349653109908,0.5907897353172302,0.6864972710609436,-0.012675200589001179,0.5929856300354004,0.6118739247322083,-0.023616457358002663,0.5985357761383057,0.5491625070571899,-0.038382984697818756,0.6105257868766785,0.6836894750595093,-0.05376443266868591,0.5703672766685486,0.5798307657241821,-0.08113789558410645,0.5412123799324036,0.5273444652557373,-0.09613578766584396,0.51634281873703,0.48922640085220337,-0.10499150305986404,0.5887353420257568,0.717492401599884,-0.06711885333061218,0.5476967692375183,0.59807288646698,-0.09051663428544998,0.5137088894844055,0.5312342643737793,-0.10092247277498245,0.4844508469104767,0.48330429196357727,-0.11074178665876389,0.5561406016349792,0.7511147856712341,-0.07821210473775864,0.5233815908432007,0.6353545188903809,-0.09935487061738968,0.4946736693382263,0.570191502571106,-0.10548081994056702,0.4707978367805481,0.5208384394645691,-0.11134349554777145,0.515172004699707,0.780266523361206,-0.0875568836927414,0.49645668268203735,0.69447922706604,-0.10824070125818253,0.48701849579811096,0.6448480486869812,-0.11414379626512527,0.4795191287994385,0.6015269756317139,-0.11844107508659363,0.0,0.0,0.0,0.0,0.0,0.0,0.0,0.0,0.0,0.0,0.0,0.0,0.0,0.0,0.0,0.0,0.0,0.0,0.0,0.0,0.0,0.0,0.0,0.0,0.0,0.0,0.0,0.0,0.0,0.0,0.0,0.0,0.0,0.0,0.0,0.0,0.0,0.0,0.0,0.0,0.0,0.0,0.0,0.0,0.0,0.0,0.0,0.0,0.0,0.0,0.0,0.0,0.0,0.0,0.0,0.0,0.0,0.0,0.0,0.0,0.0,0.0,0.0
20,0.0,0.0,0.0,0.0,0.0,0.0,0.0,0.0,0.0,0.0,0.0,0.0,0.0,0.0,0.0,0.0,0.0,0.0,0.0,0.0,0.0,0.0,0.0,0.0,0.0,0.0,0.0,0.0,0.0,0.0,0.0,0.0,0.0,0.0,0.0,0.0,0.0,0.0,0.0,0.0,0.0,0.0,0.0,0.0,0.0,0.0,0.0,0.0,0.0,0.0,0.0,0.0,0.0,0.0,0.0,0.0,0.0,0.0,0.0,0.0,0.0,0.0,0.0,0.0,0.0,0.0,0.0,0.0,0.0,0.0,0.0,0.0,0.0,0.0,0.0,0.0,0.0,0.0,0.0,0.0,0.0,0.0,0.0,0.0,0.0,0.0,0.0,0.0,0.0,0.0,0.0,0.0,0.0,0.0,0.0,0.0,0.0,0.0,0.0,0.0,0.0,0.0,0.0,0.0,0.0,0.0,0.0,0.0,0.0,0.0,0.0,0.0,0.0,0.0,0.0,0.0,0.0,0.0,0.0,0.0,0.0,0.0,0.0,0.0,0.0,0.0
21,0.0,0.0,0.0,0.0,0.0,0.0,0.0,0.0,0.0,0.0,0.0,0.0,0.0,0.0,0.0,0.0,0.0,0.0,0.0,0.0,0.0,0.0,0.0,0.0,0.0,0.0,0.0,0.0,0.0,0.0,0.0,0.0,0.0,0.0,0.0,0.0,0.0,0.0,0.0,0.0,0.0,0.0,0.0,0.0,0.0,0.0,0.0,0.0,0.0,0.0,0.0,0.0,0.0,0.0,0.0,0.0,0.0,0.0,0.0,0.0,0.0,0.0,0.0,0.0,0.0,0.0,0.0,0.0,0.0,0.0,0.0,0.0,0.0,0.0,0.0,0.0,0.0,0.0,0.0,0.0,0.0,0.0,0.0,0.0,0.0,0.0,0.0,0.0,0.0,0.0,0.0,0.0,0.0,0.0,0.0,0.0,0.0,0.0,0.0,0.0,0.0,0.0,0.0,0.0,0.0,0.0,0.0,0.0,0.0,0.0,0.0,0.0,0.0,0.0,0.0,0.0,0.0,0.0,0.0,0.0,0.0,0.0,0.0,0.0,0.0,0.0
22,0.0,0.0,0.0,0.0,0.0,0.0,0.0,0.0,0.0,0.0,0.0,0.0,0.0,0.0,0.0,0.0,0.0,0.0,0.0,0.0,0.0,0.0,0.0,0.0,0.0,0.0,0.0,0.0,0.0,0.0,0.0,0.0,0.0,0.0,0.0,0.0,0.0,0.0,0.0,0.0,0.0,0.0,0.0,0.0,0.0,0.0,0.0,0.0,0.0,0.0,0.0,0.0,0.0,0.0,0.0,0.0,0.0,0.0,0.0,0.0,0.0,0.0,0.0,0.0,0.0,0.0,0.0,0.0,0.0,0.0,0.0,0.0,0.0,0.0,0.0,0.0,0.0,0.0,0.0,0.0,0.0,0.0,0.0,0.0,0.0,0.0,0.0,0.0,0.0,0.0,0.0,0.0,0.0,0.0,0.0,0.0,0.0,0.0,0.0,0.0,0.0,0.0,0.0,0.0,0.0,0.0,0.0,0.0,0.0,0.0,0.0,0.0,0.0,0.0,0.0,0.0,0.0,0.0,0.0,0.0,0.0,0.0,0.0,0.0,0.0,0.0
23,0.0,0.0,0.0,0.0,0.0,0.0,0.0,0.0,0.0,0.0,0.0,0.0,0.0,0.0,0.0,0.0,0.0,0.0,0.0,0.0,0.0,0.0,0.0,0.0,0.0,0.0,0.0,0.0,0.0,0.0,0.0,0.0,0.0,0.0,0.0,0.0,0.0,0.0,0.0,0.0,0.0,0.0,0.0,0.0,0.0,0.0,0.0,0.0,0.0,0.0,0.0,0.0,0.0,0.0,0.0,0.0,0.0,0.0,0.0,0.0,0.0,0.0,0.0,0.0,0.0,0.0,0.0,0.0,0.0,0.0,0.0,0.0,0.0,0.0,0.0,0.0,0.0,0.0,0.0,0.0,0.0,0.0,0.0,0.0,0.0,0.0,0.0,0.0,0.0,0.0,0.0,0.0,0.0,0.0,0.0,0.0,0.0,0.0,0.0,0.0,0.0,0.0,0.0,0.0,0.0,0.0,0.0,0.0,0.0,0.0,0.0,0.0,0.0,0.0,0.0,0.0,0.0,0.0,0.0,0.0,0.0,0.0,0.0,0.0,0.0,0.0
24,0.0,0.0,0.0,0.0,0.0,0.0,0.0,0.0,0.0,0.0,0.0,0.0,0.0,0.0,0.0,0.0,0.0,0.0,0.0,0.0,0.0,0.0,0.0,0.0,0.0,0.0,0.0,0.0,0.0,0.0,0.0,0.0,0.0,0.0,0.0,0.0,0.0,0.0,0.0,0.0,0.0,0.0,0.0,0.0,0.0,0.0,0.0,0.0,0.0,0.0,0.0,0.0,0.0,0.0,0.0,0.0,0.0,0.0,0.0,0.0,0.0,0.0,0.0,0.38272884488105774,0.9141756296157837,3.989675292359607e-07,0.3490033447742462,0.8228579759597778,-0.007938485592603683,0.3324301242828369,0.7238459587097168,-0.02323342114686966,0.32983267307281494,0.6506252884864807,-0.03854741156101227,0.3210222125053406,0.590703547000885,-0.054854098707437515,0.3328233063220978,0.7374881505966187,-0.061198968440294266,0.3631778061389923,0.6435983777046204,-0.09563956409692764,0.3921489119529724,0.5956701040267944,-0.11299823224544525,0.4197067618370056,0.5561086535453796,-0.12298474460840225,0.35442665219306946,0.7753530144691467,-0.07436783611774445,0.3806513249874115,0.679740309715271,-0.10973779857158661,0.4121909439563751,0.6178596615791321,-0.12333504855632782,0.4404846727848053,0.5678590536117554,-0.131370410323143,0.384096622467041,0.8180365562438965,-0.0862724557518959,0.4021128714084625,0.7308739423751831,-0.11728721112012863,0.42816394567489624,0.6726804375648499,-0.1258639097213745,0.45033007860183716,0.6213316917419434,-0.1293262243270874,0.41906315088272095,0.8612539172172546,-0.09780385345220566,0.43189847469329834,0.7934127449989319,-0.12365846335887909,0.4425674080848694,0.7475195527076721,-0.13032564520835876,0.4533323049545288,0.7053970098495483,-0.1329406499862671
25,0.0,0.0,0.0,0.0,0.0,0.0,0.0,0.0,0.0,0.0,0.0,0.0,0.0,0.0,0.0,0.0,0.0,0.0,0.0,0.0,0.0,0.0,0.0,0.0,0.0,0.0,0.0,0.0,0.0,0.0,0.0,0.0,0.0,0.0,0.0,0.0,0.0,0.0,0.0,0.0,0.0,0.0,0.0,0.0,0.0,0.0,0.0,0.0,0.0,0.0,0.0,0.0,0.0,0.0,0.0,0.0,0.0,0.0,0.0,0.0,0.0,0.0,0.0,0.0,0.0,0.0,0.0,0.0,0.0,0.0,0.0,0.0,0.0,0.0,0.0,0.0,0.0,0.0,0.0,0.0,0.0,0.0,0.0,0.0,0.0,0.0,0.0,0.0,0.0,0.0,0.0,0.0,0.0,0.0,0.0,0.0,0.0,0.0,0.0,0.0,0.0,0.0,0.0,0.0,0.0,0.0,0.0,0.0,0.0,0.0,0.0,0.0,0.0,0.0,0.0,0.0,0.0,0.0,0.0,0.0,0.0,0.0,0.0,0.0,0.0,0.0
26,0.5474122166633606,0.8980401754379272,2.987484037930699e-07,0.5663697719573975,0.8062469363212585,0.00018912856467068195,0.5758512616157532,0.7114595770835876,-0.0071545857936143875,0.5735297799110413,0.6353574395179749,-0.014377476647496223,0.5644357800483704,0.5765008330345154,-0.025400618091225624,0.5950916409492493,0.7155687808990479,-0.037482745945453644,0.5648523569107056,0.6359130144119263,-0.0570383220911026,0.538135826587677,0.5863068699836731,-0.06832937896251678,0.5114312171936035,0.5464682579040527,-0.07565471529960632,0.5789878964424133,0.7464050054550171,-0.05020124465227127,0.5415434837341309,0.6562345623970032,-0.06745908409357071,0.506736159324646,0.6002813577651978,-0.0784093365073204,0.4771744906902313,0.5562291741371155,-0.08803992718458176,0.5513885021209717,0.7830427289009094,-0.060867149382829666,0.5225504040718079,0.6964279413223267,-0.07723343372344971,0.49373456835746765,0.6408324837684631,-0.0860593318939209,0.47033292055130005,0.5950496792793274,-0.09341967105865479,0.5151845216751099,0.8249513506889343,-0.06997242569923401,0.4987240731716156,0.7635246515274048,-0.08564425259828568,0.4851866066455841,0.7216032147407532,-0.09032796323299408,0.4731426239013672,0.6834078431129456,-0.09365364909172058,0.37525492906570435,0.7872706055641174,4.759799310249946e-07,0.3181837499141693,0.7320517301559448,-0.026869917288422585,0.28106188774108887,0.6897901296615601,-0.053493306040763855,0.27149245142936707,0.6743617653846741,-0.07614735513925552,0.2729862630367279,0.6618931293487549,-0.10066031664609909,0.29526203870773315,0.773060142993927,-0.0877172127366066,0.33072590827941895,0.7027755379676819,-0.12022420763969421,0.3600226640701294,0.6437327265739441,-0.13696369528770447,0.3858821392059326,0.5968272686004639,-0.14751145243644714,0.3374781012535095,0.8112199902534485,-0.09190893173217773,0.3683570623397827,0.7205127477645874,-0.12250275909900665,0.39960411190986633,0.6440664529800415,-0.1331854909658432,0.42501986026763916,0.5812819600105286,-0.14290568232536316,0.38089698553085327,0.8327018022537231,-0.0948544293642044,0.40672045946121216,0.7432672381401062,-0.12353022396564484,0.43432629108428955,0.668778657913208,-0.13025034964084625,0.4552738666534424,0.6038740873336792,-0.1345471441745758,0.42140892148017883,0.8432019352912903,-0.0987597182393074,0.437799334526062,0.7823367118835449,-0.12074649333953857,0.4523790776729584,0.7306452393531799,-0.12423152476549149,0.46432462334632874,0.681507408618927,-0.12765061855316162
27,0.5222741961479187,0.7870141267776489,2.2003288790983788e-07,0.551302433013916,0.7181229591369629,-0.014245191588997841,0.5840674042701721,0.6664854884147644,-0.03460853919386864,0.5935675501823425,0.6164591312408447,-0.05343123897910118,0.5848135948181152,0.5708671808242798,-0.076067715883255,0.6051918268203735,0.7165648937225342,-0.06742358952760696,0.5799642205238342,0.6498706340789795,-0.09750799834728241,0.5480534434318542,0.6008846163749695,-0.11720014363527298,0.5168541669845581,0.558571994304657,-0.13113056123256683,0.578170657157898,0.7580953240394592,-0.07722581177949905,0.5546212792396545,0.6825105547904968,-0.10409951955080032,0.5200151205062866,0.6240576505661011,-0.11605610698461533,0.489573210477829,0.5725626349449158,-0.12945134937763214,0.5398966073989868,0.7947051525115967,-0.08569924533367157,0.5235633850097656,0.7274876832962036,-0.11153566837310791,0.4951131045818329,0.6647727489471436,-0.11834181100130081,0.4710859954357147,0.6093721985816956,-0.12640295922756195,0.49385866522789,0.831789493560791,-0.09448757022619247,0.48521173000335693,0.7868397235870361,-0.11644235253334045,0.47289183735847473,0.7403317093849182,-0.12078488618135452,0.45914438366889954,0.6922984719276428,-0.12708823382854462,0.29023513197898865,0.7400545477867126,6.899804247950669e-07,0.25962215662002563,0.705295979976654,-0.025575516745448112,0.23938769102096558,0.6965405941009521,-0.05181419849395752,0.2448941171169281,0.6917443871498108,-0.07317378371953964,0.25705549120903015,0.6762948036193848,-0.09636672586202621,0.2726779580116272,0.7707086205482483,-0.08123551309108734,0.32380107045173645,0.733148455619812,-0.11309992522001266,0.35238268971443176,0.6807805895805359,-0.13273343443870544,0.3752308487892151,0.6328319311141968,-0.1465608924627304,0.31063318252563477,0.7943251132965088,-0.08238691091537476,0.36170804500579834,0.7259644865989685,-0.11027219891548157,0.3904169797897339,0.6590088605880737,-0.12006748467683792,0.4108459949493408,0.5997740626335144,-0.13068494200706482,0.34405753016471863,0.8036003708839417,-0.08226445317268372,0.38872092962265015,0.737795889377594,-0.10881272703409195,0.41604310274124146,0.6792596578598022,-0.11065702885389328,0.43521255254745483,0.6241776347160339,-0.1121995747089386,0.37029096484184265,0.8085246682167053,-0.08292119204998016,0.41267502307891846,0.7661217451095581,-0.10099751502275467,0.4345148205757141,0.7242175340652466,-0.10071650892496109,0.44907093048095703,0.6806246638298035,-0.10234282165765762
28,0.5348691940307617,0.7999885082244873,2.1061482868844905e-07,0.5629659295082092,0.7296469211578369,-0.01286351028829813,0.5939562320709229,0.6760943531990051,-0.033064309507608414,0.6008949279785156,0.625544548034668,-0.0516301691532135,0.5960716009140015,0.576912522315979,-0.07401594519615173,0.6102831363677979,0.7199301719665527,-0.06968089193105698,0.5812630653381348,0.6467533707618713,-0.09977100044488907,0.5489016175270081,0.5984717011451721,-0.1179286316037178,0.5178890824317932,0.5584624409675598,-0.1299356371164322,0.5794861912727356,0.7619563937187195,-0.07965614646673203,0.5503139495849609,0.6783600449562073,-0.10649333894252777,0.5162838697433472,0.6185539960861206,-0.11678633838891983,0.4879993200302124,0.5688733458518982,-0.12816065549850464,0.5398775339126587,0.7983838319778442,-0.08792977035045624,0.5170868635177612,0.7260211706161499,-0.11297757178544998,0.48882201313972473,0.6645450592041016,-0.11827508360147476,0.46630412340164185,0.6131166219711304,-0.12460635602474213,0.4940494894981384,0.8324500322341919,-0.09616667777299881,0.47977080941200256,0.78350830078125,-0.11689118295907974,0.4686758518218994,0.7348359823226929,-0.11979702860116959,0.45893871784210205,0.6873941421508789,-0.12419606000185013,0.3425935208797455,0.7080011367797852,6.069337246117357e-07,0.30179116129875183,0.6722272634506226,-0.028545983135700226,0.2642539441585541,0.6775428652763367,-0.0590105764567852,0.24741804599761963,0.6940137147903442,-0.08529293537139893,0.24839362502098083,0.6929827332496643,-0.11438091099262238,0.2904043197631836,0.7756825089454651,-0.08989708125591278,0.3247717618942261,0.7355117201805115,-0.12475603073835373,0.34502696990966797,0.6801214814186096,-0.1459176391363144,0.3644357919692993,0.6291579008102417,-0.16077540814876556,0.3362177610397339,0.8054251670837402,-0.09326038509607315,0.3686201870441437,0.7339581847190857,-0.12362578511238098,0.39101797342300415,0.6643751263618469,-0.13765834271907806,0.40821775794029236,0.6000030040740967,-0.15212801098823547,0.3748776316642761,0.8150582313537598,-0.09525919705629349,0.40489059686660767,0.7491863965988159,-0.12591756880283356,0.42592793703079224,0.6861225962638855,-0.13421016931533813,0.4396513104438782,0.6258912086486816,-0.14066344499588013,0.40343478322029114,0.8146007061004639,-0.09799707680940628,0.4321175813674927,0.7777628302574158,-0.1209694966673851,0.4480607509613037,0.7350464463233948,-0.12496422976255417,0.45768553018569946,0.690743088722229,-0.13025601208209991
29,0.5530941486358643,0.8502473831176758,2.3462460774226201e-07,0.5747425556182861,0.7661601901054382,-0.010471486486494541,0.5972522497177124,0.6851163506507874,-0.028958803042769432,0.5992611050605774,0.6229662299156189,-0.04557092487812042,0.5917850732803345,0.5761789679527283,-0.06540153175592422,0.6120017170906067,0.7152347564697266,-0.07025229930877686,0.5799201130867004,0.6347468495368958,-0.10205177217721939,0.5476453900337219,0.5913175344467163,-0.11804722994565964,0.5167213082313538,0.5575268864631653,-0.12785479426383972,0.5826549530029297,0.75649493932724,-0.08120609819889069,0.5464193224906921,0.6658088564872742,-0.1107858270406723,0.5128636360168457,0.6075467467308044,-0.12143131345510483,0.4862575829029083,0.5614548325538635,-0.1317087560892105,0.5462430715560913,0.7973368763923645,-0.09057845920324326,0.5175243616104126,0.7191120386123657,-0.11874280124902725,0.49077296257019043,0.6583547592163086,-0.1282307356595993,0.46925896406173706,0.6071773171424866,-0.13594812154769897,0.5051432847976685,0.8379397988319397,-0.0990682989358902,0.48867955803871155,0.7799360752105713,-0.12358347326517105,0.47688499093055725,0.733125627040863,-0.1314253956079483,0.4656423330307007,0.6874791979789734,-0.13823853433132172,0.31514599919319153,0.7193878293037415,6.928403877282108e-07,0.2783033549785614,0.6865665912628174,-0.02901250123977661,0.2491629272699356,0.6864557862281799,-0.057442184537649155,0.2452637255191803,0.6906977891921997,-0.08104841411113739,0.252986878156662,0.6750984787940979,-0.10661206394433975,0.2816503643989563,0.7763820290565491,-0.08540194481611252,0.3215136229991913,0.7320419549942017,-0.1184769719839096,0.34533724188804626,0.6781260967254639,-0.13901136815547943,0.36616790294647217,0.6279391646385193,-0.15371131896972656,0.32410138845443726,0.8020833730697632,-0.08659342676401138,0.3645089864730835,0.7296535968780518,-0.11683537065982819,0.3893384337425232,0.6612507700920105,-0.13080723583698273,0.4064471125602722,0.6002042889595032,-0.14481717348098755,0.36027032136917114,0.8101334571838379,-0.0865476131439209,0.3964063823223114,0.7427384853363037,-0.11515191942453384,0.41995102167129517,0.679865837097168,-0.12168456614017487,0.43487071990966797,0.6219506859779358,-0.12705127894878387,0.38633063435554504,0.8098451495170593,-0.08741403371095657,0.42151784896850586,0.7720323801040649,-0.10735100507736206,0.439312219619751,0.7301597595214844,-0.10990212857723236,0.44931402802467346,0.6885100603103638,-0.11429786682128906
30,0.544056236743927,0.8525700569152832,-2.01519171127984e-07,0.5701482892036438,0.779242992401123,-0.006745730526745319,0.5868867039680481,0.7049067616462708,-0.021786950528621674,0.5900695323944092,0.6409714221954346,-0.03571713715791702,0.5982564091682434,0.5857788920402527,-0.053417861461639404,0.6043745875358582,0.7244604825973511,-0.05710212141275406,0.5738186240196228,0.6441033482551575,-0.08781172335147858,0.546247661113739,0.5997368097305298,-0.10790860652923584,0.5196694731712341,0.5636758804321289,-0.12061833590269089,0.5809628963470459,0.7656237483024597,-0.06917759031057358,0.5459388494491577,0.6724610924720764,-0.09424615651369095,0.5139338970184326,0.6157214641571045,-0.10777969658374786,0.4837028384208679,0.5740357041358948,-0.12145576626062393,0.548485279083252,0.8025566339492798,-0.07990986853837967,0.5189979672431946,0.7195380926132202,-0.10313080251216888,0.492143452167511,0.6601471304893494,-0.11188621819019318,0.4685356020927429,0.6118770837783813,-0.1205410361289978,0.5090730786323547,0.8314664959907532,-0.08964168280363083,0.4894784688949585,0.769881010055542,-0.1114833727478981,0.47777318954467773,0.727595865726471,-0.11854906380176544,0.4655906558036804,0.6913492679595947,-0.12463120371103287,0.3480435013771057,0.6913650631904602,6.181454637044226e-07,0.30991965532302856,0.6541353464126587,-0.03340378776192665,0.2664770483970642,0.6668645143508911,-0.06872569769620895,0.24718180298805237,0.689471960067749,-0.09924428164958954,0.2575241029262543,0.6859287023544312,-0.13197870552539825,0.29233518242836,0.7657685279846191,-0.10027161985635757,0.32341963052749634,0.73542720079422,-0.13960161805152893,0.3430650532245636,0.6847598552703857,-0.16318170726299286,0.36286047101020813,0.6344737410545349,-0.17998479306697845,0.335174560546875,0.7982876896858215,-0.10241790860891342,0.3663296103477478,0.7368884682655334,-0.1400962620973587,0.38951432704925537,0.6714301109313965,-0.1568324863910675,0.4078669846057892,0.6057724952697754,-0.1727319210767746,0.3714214563369751,0.8072293996810913,-0.10332134366035461,0.4012471139431,0.752998948097229,-0.14079853892326355,0.42385947704315186,0.6910411715507507,-0.15049850940704346,0.438395619392395,0.6310821771621704,-0.15694110095500946,0.3971606194972992,0.8058114051818848,-0.10512133687734604,0.42721793055534363,0.7789443731307983,-0.13272756338119507,0.4455936551094055,0.7379335761070251,-0.13860563933849335,0.45698434114456177,0.6953011155128479,-0.14472681283950806
31,0.5162662267684937,0.7358129024505615,2.889077563850151e-07,0.5484088063240051,0.6803529858589172,-0.020189903676509857,0.5947209596633911,0.6518685221672058,-0.046349696815013885,0.6141309142112732,0.6209469437599182,-0.06916489452123642,0.6144435405731201,0.5892521739006042,-0.09473573416471481,0.6136984825134277,0.7219529747962952,-0.08733028918504715,0.5962374210357666,0.6694091558456421,-0.12461964040994644,0.5645653605461121,0.6220523118972778,-0.14885194599628448,0.5319835543632507,0.5811759233474731,-0.1653755158185959,0.5841882228851318,0.7676832675933838,-0.09431878477334976,0.5614985823631287,0.6996557712554932,-0.1289989948272705,0.5278724431991577,0.6393870711326599,-0.14363469183444977,0.4982297420501709,0.5867565870285034,-0.1584971696138382,0.5449131727218628,0.7981040477752686,-0.09914196282625198,0.5290194749832153,0.7425571084022522,-0.12999802827835083,0.5023919939994812,0.6810292601585388,-0.13697735965251923,0.480758935213089,0.626255452632904,-0.1441965401172638,0.5024893879890442,0.8221554756164551,-0.10478644073009491,0.4952164590358734,0.7949377298355103,-0.12844344973564148,0.4820011854171753,0.7525689005851746,-0.13373485207557678,0.46915730834007263,0.706876814365387,-0.14064837992191315,0.36125266551971436,0.6944772005081177,6.9533183477688e-07,0.3136700689792633,0.6463264226913452,-0.03685464709997177,0.2640833854675293,0.6535868644714355,-0.07295556366443634,0.24402861297130585,0.6792535781860352,-0.10380256175994873,0.25400733947753906,0.6927723288536072,-0.13580840826034546,0.2962218225002289,0.771773099899292,-0.10196196287870407,0.3251502811908722,0.7654796838760376,-0.14485900104045868,0.3493734300136566,0.7088025212287903,-0.1721150130033493,0.37432122230529785,0.651702880859375,-0.19096584618091583,0.3442020118236542,0.8136197328567505,-0.10259971767663956,0.36946672201156616,0.7761063575744629,-0.14038093388080597,0.3953624963760376,0.7000861167907715,-0.15292848646640778,0.41368669271469116,0.6258177757263184,-0.16552501916885376,0.38559603691101074,0.8295104503631592,-0.1029059886932373,0.40645962953567505,0.7910701632499695,-0.14050616323947906,0.4321013391017914,0.7181366086006165,-0.14285904169082642,0.4472746253013611,0.6492106914520264,-0.1429087370634079,0.4155387282371521,0.8323143124580383,-0.10531466454267502,0.4393467903137207,0.8095633387565613,-0.13162319362163544,0.45720726251602173,0.7604717016220093,-0.13234829902648926,0.4678683876991272,0.7110938429832458,-0.13386087119579315
32,0.5204886198043823,0.7346934080123901,2.912855450176721e-07,0.5515862703323364,0.6826473474502563,-0.017097249627113342,0.5985320806503296,0.658752977848053,-0.042477041482925415,0.6189454197883606,0.6298328042030334,-0.06529612094163895,0.6184268593788147,0.5984506011009216,-0.09125761687755585,0.6137323379516602,0.7357335090637207,-0.0832696184515953,0.5982837677001953,0.685493528842926,-0.11924989521503448,0.5692291259765625,0.6344252228736877,-0.14294640719890594,0.5399927496910095,0.5910762548446655,-0.15924108028411865,0.583734393119812,0.7775931358337402,-0.09170761704444885,0.5632878541946411,0.713472843170166,-0.12553191184997559,0.5320761799812317,0.649983823299408,-0.13998518884181976,0.506083071231842,0.5942085981369019,-0.15480099618434906,0.5442513823509216,0.8043129444122314,-0.09781007468700409,0.5312471985816956,0.7529369592666626,-0.12803806364536285,0.5062894225120544,0.6889126896858215,-0.13445599377155304,0.4871726632118225,0.6311297416687012,-0.14142048358917236,0.5018713474273682,0.8260918855667114,-0.10446412116289139,0.49340158700942993,0.8009834289550781,-0.12712793052196503,0.482832670211792,0.7585281729698181,-0.1311129927635193,0.4744587540626526,0.7121946215629578,-0.1371799111366272,0.3720463514328003,0.6972984671592712,4.926902761326346e-07,0.32457318902015686,0.6593936085700989,-0.028918391093611717,0.27224600315093994,0.6766587495803833,-0.06002368405461311,0.24522534012794495,0.7050607204437256,-0.08900336176156998,0.24579474329948425,0.7086411118507385,-0.11960601806640625,0.3056409955024719,0.7750494480133057,-0.08239306509494781,0.33113473653793335,0.7593653798103333,-0.12045074254274368,0.34976926445961,0.7110525965690613,-0.14590784907341003,0.3706294000148773,0.6585797071456909,-0.16419123113155365,0.3544365465641022,0.8072251081466675,-0.08696459233760834,0.3773233890533447,0.7675362229347229,-0.12136854976415634,0.3970322012901306,0.7022203207015991,-0.1359134018421173,0.40966421365737915,0.6339867115020752,-0.15011394023895264,0.3959115445613861,0.8174661993980408,-0.09145208448171616,0.41694796085357666,0.7796561121940613,-0.1273839771747589,0.43657034635543823,0.7186886072158813,-0.13190379738807678,0.443452924489975,0.6557528972625732,-0.13399580121040344,0.4262382388114929,0.8150054812431335,-0.09751211106777191,0.45299649238586426,0.8008711934089661,-0.12346801906824112,0.46809715032577515,0.7613202333450317,-0.12470513582229614,0.47367042303085327,0.7162821888923645,-0.12656280398368835
33,0.5325705409049988,0.7511305809020996,2.8013150199512893e-07,0.5598405003547668,0.6923428773880005,-0.019312798976898193,0.6015305519104004,0.6578251719474792,-0.04380805045366287,0.6205384135246277,0.6245428919792175,-0.06571701169013977,0.6279798746109009,0.5961015820503235,-0.09068695455789566,0.6182075142860413,0.7303809523582458,-0.08263824135065079,0.600627064704895,0.6707037687301636,-0.11816858500242233,0.5711185932159424,0.6221174597740173,-0.14051266014575958,0.53968745470047,0.5829652547836304,-0.15566016733646393,0.5880486965179443,0.773948073387146,-0.09028887748718262,0.5648676753044128,0.7059506177902222,-0.12378019094467163,0.5342075228691101,0.6430855989456177,-0.13844406604766846,0.5086501240730286,0.5921202898025513,-0.15330688655376434,0.54961097240448,0.8034297227859497,-0.09617209434509277,0.5317703485488892,0.7485977411270142,-0.12613070011138916,0.5100425481796265,0.6848021149635315,-0.1344064474105835,0.4939326345920563,0.630909264087677,-0.14220324158668518,0.5070513486862183,0.8248938322067261,-0.10273589193820953,0.4949378967285156,0.7895298600196838,-0.1256740689277649,0.4843270778656006,0.7463376522064209,-0.1315118968486786,0.4752720892429352,0.7024291753768921,-0.1386054903268814,0.3760160505771637,0.7009568214416504,5.395742164182593e-07,0.3272991180419922,0.6617364883422852,-0.03247838839888573,0.27369850873947144,0.6708769202232361,-0.06969936192035675,0.24596741795539856,0.696444571018219,-0.10317592322826385,0.2468445748090744,0.6977749466896057,-0.13843446969985962,0.30336371064186096,0.7760244011878967,-0.10383977741003036,0.3267847001552582,0.7599199414253235,-0.1462988257408142,0.3461599349975586,0.7057567834854126,-0.17230436205863953,0.3663778603076935,0.649285614490509,-0.19082804024219513,0.35036686062812805,0.813215970993042,-0.10844216495752335,0.3734721541404724,0.765047013759613,-0.1477580964565277,0.39826691150665283,0.6940232515335083,-0.16241256892681122,0.41625547409057617,0.6233036518096924,-0.17703601717948914,0.3924168348312378,0.8251004219055176,-0.11196816712617874,0.4142495095729828,0.7800009250640869,-0.15001869201660156,0.4384075999259949,0.7128751873970032,-0.15511487424373627,0.45029523968696594,0.6456469297409058,-0.15836267173290253,0.42561066150665283,0.8232821226119995,-0.11706338077783585,0.4493888020515442,0.8049931526184082,-0.14328472316265106,0.4655195474624634,0.7613027095794678,-0.14534613490104675,0.4730803370475769,0.713263750076294,-0.14877961575984955
34,0.515625536441803,0.7250813841819763,2.7575850936045754e-07,0.5454515814781189,0.6708680391311646,-0.016898171976208687,0.5881537199020386,0.6409114003181458,-0.04288240522146225,0.6038659811019897,0.6062062978744507,-0.06678590923547745,0.6034172177314758,0.5737103223800659,-0.0947074294090271,0.6116824746131897,0.7081084847450256,-0.08003628998994827,0.5927919149398804,0.6592886447906494,-0.11489761620759964,0.5580630898475647,0.6116389632225037,-0.13899609446525574,0.525010883808136,0.5735841393470764,-0.15534532070159912,0.5837523937225342,0.7528185248374939,-0.08874664455652237,0.5635623335838318,0.691116452217102,-0.11687365174293518,0.5277807712554932,0.6319785714149475,-0.12810571491718292,0.49786293506622314,0.5840007066726685,-0.14196202158927917,0.5461274981498718,0.7867457270622253,-0.09562113881111145,0.5319133400917053,0.7372945547103882,-0.11952609568834305,0.504511296749115,0.6764072179794312,-0.12194900214672089,0.483408659696579,0.6247354745864868,-0.12807032465934753,0.504500687122345,0.8174978494644165,-0.10362212359905243,0.497963547706604,0.7933540344238281,-0.1218750923871994,0.4840543270111084,0.7520069479942322,-0.1230129823088646,0.4699401557445526,0.7101868391036987,-0.12819188833236694,0.390272319316864,0.7297422885894775,3.93730715586571e-07,0.3357945382595062,0.694516658782959,-0.027081996202468872,0.28456342220306396,0.6905055642127991,-0.059562407433986664,0.25968578457832336,0.6845145225524902,-0.08895494788885117,0.2600296139717102,0.666904091835022,-0.12023341655731201,0.3087422549724579,0.7744898796081543,-0.09350796043872833,0.32613158226013184,0.7334210872650146,-0.13151729106903076,0.348296582698822,0.6763101816177368,-0.15430258214473724,0.3716422915458679,0.6257947683334351,-0.16981515288352966,0.3523690402507782,0.8098999857902527,-0.09965962916612625,0.37354162335395813,0.7409816384315491,-0.13499367237091064,0.39740443229675293,0.6664170026779175,-0.14769425988197327,0.41757267713546753,0.6038825511932373,-0.16012731194496155,0.39361315965652466,0.8253139853477478,-0.10459604114294052,0.41218137741088867,0.7656798362731934,-0.1382891833782196,0.4377765655517578,0.6959510445594788,-0.14325271546840668,0.4570077061653137,0.6352103352546692,-0.14657801389694214,0.4311140179634094,0.830615758895874,-0.11070379614830017,0.4462487995624542,0.7968604564666748,-0.13542602956295013,0.4591774344444275,0.7492068409919739,-0.13794228434562683,0.46913549304008484,0.7011801600456238,-0.14125949144363403
35,0.544223427772522,0.8158988952636719,2.3068164978212735e-07,0.5662770867347717,0.7346078753471375,-0.009684406220912933,0.5903279781341553,0.6655255556106567,-0.027502162382006645,0.5905694365501404,0.6066688299179077,-0.04457800090312958,0.5749236345291138,0.5564174652099609,-0.06514872610569,0.6040740609169006,0.7053415179252625,-0.059891823679208755,0.5825926661491394,0.6411398649215698,-0.08968119323253632,0.5518195629119873,0.5981922149658203,-0.10748939216136932,0.5227192044258118,0.5636646151542664,-0.11886242032051086,0.5794126391410828,0.7465424537658691,-0.070441335439682,0.5570084452629089,0.6769452691078186,-0.09630265086889267,0.5204679369926453,0.626702606678009,-0.10731930285692215,0.489737331867218,0.5854114294052124,-0.11888156086206436,0.5469949245452881,0.7874042987823486,-0.07976805418729782,0.5305240154266357,0.726305365562439,-0.10315591096878052,0.49796417355537415,0.6723456382751465,-0.10942262411117554,0.4687800407409668,0.6246285438537598,-0.11641432344913483,0.5099369287490845,0.8292012214660645,-0.0889797955751419,0.49857568740844727,0.7862248420715332,-0.10875383764505386,0.4828801155090332,0.7452266216278076,-0.11262667179107666,0.4648241400718689,0.7043677568435669,-0.11751857399940491,0.38082700967788696,0.7676317095756531,3.677606059682148e-07,0.33062276244163513,0.7199780344963074,-0.02630639635026455,0.2861897051334381,0.6905348896980286,-0.05266783758997917,0.2660001814365387,0.6675773859024048,-0.07516170293092728,0.2599875330924988,0.6359941959381104,-0.09885087609291077,0.31078043580055237,0.7598892450332642,-0.08422642946243286,0.33147644996643066,0.7025884389877319,-0.11963928490877151,0.35601913928985596,0.648452877998352,-0.14018367230892181,0.3796467185020447,0.6032576560974121,-0.15376271307468414,0.35151490569114685,0.7955377101898193,-0.08952794224023819,0.37345090508461,0.7228304743766785,-0.12229075282812119,0.3999372720718384,0.6514430046081543,-0.13513308763504028,0.4227461814880371,0.5934345126152039,-0.14693698287010193,0.38991838693618774,0.8182084560394287,-0.09425728023052216,0.4121505618095398,0.7501987814903259,-0.12631826102733612,0.43964093923568726,0.6858301162719727,-0.134170800447464,0.46248024702072144,0.6301240921020508,-0.1394178569316864,0.4254019856452942,0.8330695629119873,-0.10002908110618591,0.4414280652999878,0.7948037385940552,-0.12738202512264252,0.456687331199646,0.7517872452735901,-0.13400593400001526,0.47081950306892395,0.7083396911621094,-0.13935798406600952
36,0.5488325953483582,0.7899003028869629,1.7487035108842974e-07,0.563238799571991,0.7037779092788696,-0.008504409343004227,0.5790299773216248,0.6396284103393555,-0.02413785830140114,0.5725764036178589,0.5875623226165771,-0.03921474143862724,0.5566699504852295,0.5352056622505188,-0.05830428749322891,0.6006987690925598,0.6781682968139648,-0.052784886211156845,0.5746225714683533,0.6293734312057495,-0.07793209701776505,0.5404603481292725,0.5917580127716064,-0.09402534365653992,0.5080010294914246,0.5586862564086914,-0.10549291968345642,0.5837492346763611,0.7216195464134216,-0.06424900144338608,0.5561376214027405,0.660571813583374,-0.08797529339790344,0.5169824361801147,0.6124032139778137,-0.10153811424970627,0.4826298952102661,0.5697876214981079,-0.11515478789806366,0.5584657192230225,0.7651935815811157,-0.07418803125619888,0.5382527709007263,0.7137854099273682,-0.09736721217632294,0.5034386515617371,0.661078155040741,-0.10691174864768982,0.47299519181251526,0.6109209060668945,-0.1160840317606926,0.5273640751838684,0.8100167512893677,-0.08372588455677032,0.5061265826225281,0.7782269716262817,-0.1032552570104599,0.4880644977092743,0.7411010265350342,-0.10790238529443741,0.471963107585907,0.701713502407074,-0.11358623206615448,0.36758702993392944,0.87447589635849,3.9629836123822315e-07,0.32061493396759033,0.7960363626480103,-0.013690553605556488,0.28485044836997986,0.7132527232170105,-0.031209707260131836,0.27585744857788086,0.656531810760498,-0.04721667245030403,0.276137113571167,0.6086235046386719,-0.06353304535150528,0.30514249205589294,0.7335628271102905,-0.06085243448615074,0.33710721135139465,0.6685284972190857,-0.09048556536436081,0.36424508690834045,0.6234960556030273,-0.10582893341779709,0.39084067940711975,0.5822502374649048,-0.11552834510803223,0.34260281920433044,0.7695363759994507,-0.07065892219543457,0.37365832924842834,0.6950531005859375,-0.09842539578676224,0.40328317880630493,0.6339733600616455,-0.10762060433626175,0.4286700487136841,0.5816468596458435,-0.11481253802776337,0.3811284303665161,0.8068780303001404,-0.07979041337966919,0.409961462020874,0.7338137626647949,-0.10673350840806961,0.4383004307746887,0.6793828010559082,-0.11059404909610748,0.4595869779586792,0.6272913813591003,-0.11184153705835342,0.41888177394866943,0.8415024280548096,-0.0890849158167839,0.44008421897888184,0.7859207391738892,-0.11203306913375854,0.4564686715602875,0.74310302734375,-0.11542151123285294,0.4694826006889343,0.697708249092102,-0.11657130718231201
37,0.5528505444526672,0.8507917523384094,-9.224314112543652e-08,0.5600873827934265,0.7472242116928101,-0.0026610728818923235,0.5637783408164978,0.6560025215148926,-0.01330873928964138,0.5530856251716614,0.5878686904907227,-0.024010753259062767,0.538082480430603,0.5381055474281311,-0.03811969235539436,0.5716370344161987,0.6555638313293457,-0.03833300247788429,0.536156952381134,0.5867665410041809,-0.06307734549045563,0.5114374160766602,0.5646501779556274,-0.07968034595251083,0.49392691254615784,0.551041841506958,-0.09002211689949036,0.5605018734931946,0.698837399482727,-0.05039827898144722,0.5250594019889832,0.629516065120697,-0.07080524414777756,0.4951249957084656,0.5970538854598999,-0.08189694583415985,0.4738644063472748,0.575703501701355,-0.09247855842113495,0.5428892374038696,0.752373218536377,-0.061750464141368866,0.5155496001243591,0.6893529891967773,-0.08226466923952103,0.4837281107902527,0.6484914422035217,-0.08960805833339691,0.46021029353141785,0.6169421672821045,-0.0962841585278511,0.5169216990470886,0.8102743625640869,-0.0719832107424736,0.4942014217376709,0.760097086429596,-0.09127089381217957,0.4784611165523529,0.7230520844459534,-0.0954207256436348,0.4646219313144684,0.689632773399353,-0.09888599812984467,0.39682936668395996,0.8571455478668213,5.550718924496323e-07,0.3636315166950226,0.7766221165657043,-0.012656285427510738,0.33093807101249695,0.6991520524024963,-0.029464656487107277,0.30978092551231384,0.6413339972496033,-0.04501459002494812,0.3020455241203308,0.5853950381278992,-0.06082036346197128,0.3312874138355255,0.7085864543914795,-0.05418495461344719,0.357313334941864,0.6467429399490356,-0.08695756644010544,0.38295090198516846,0.6058912873268127,-0.1058034747838974,0.4072781801223755,0.5702753663063049,-0.11767229437828064,0.35855114459991455,0.7510311603546143,-0.06438665091991425,0.38586148619651794,0.6794871091842651,-0.09632626920938492,0.41535618901252747,0.6180428862571716,-0.11009465157985687,0.44011786580085754,0.5668700337409973,-0.11942707002162933,0.3932342529296875,0.7923799753189087,-0.07418590784072876,0.4166547954082489,0.7230516076087952,-0.10571074485778809,0.44346463680267334,0.6664069890975952,-0.11281786113977432,0.46268361806869507,0.6191452145576477,-0.11501871049404144,0.4293532967567444,0.8245612382888794,-0.08393087983131409,0.44693174958229065,0.7724789381027222,-0.1100306436419487,0.46009525656700134,0.7303435802459717,-0.11506734043359756,0.47113025188446045,0.6913914084434509,-0.11620444059371948
38,0.5261975526809692,0.8394827842712402,-5.8163923455367694e-08,0.5396062731742859,0.7618004083633423,0.003197555895894766,0.5485024452209473,0.6778442859649658,-0.0032607284374535084,0.5466813445091248,0.6113386750221252,-0.010047261603176594,0.5357863306999207,0.5583212375640869,-0.020334426313638687,0.5752081871032715,0.6767374873161316,-0.03914550691843033,0.5509946346282959,0.6002116799354553,-0.06056167930364609,0.5308743119239807,0.5578946471214294,-0.07429946213960648,0.5127233862876892,0.5232332944869995,-0.08400896936655045,0.5665352940559387,0.7080740332603455,-0.05360821634531021,0.534479558467865,0.623369574546814,-0.07265246659517288,0.5055950284004211,0.5717999935150146,-0.08351775258779526,0.4797692894935608,0.5336858630180359,-0.09425342828035355,0.5474429130554199,0.7480038404464722,-0.06604724377393723,0.5210775136947632,0.6671136021614075,-0.0848650112748146,0.49825355410575867,0.6198094487190247,-0.09448688477277756,0.4804432988166809,0.5851064324378967,-0.10324402898550034,0.5185936689376831,0.7890759110450745,-0.0769617035984993,0.5030022263526917,0.7372045516967773,-0.09822828322649002,0.4920598864555359,0.6998107433319092,-0.10808689892292023,0.4833328127861023,0.6695693135261536,-0.11553329974412918,0.0,0.0,0.0,0.0,0.0,0.0,0.0,0.0,0.0,0.0,0.0,0.0,0.0,0.0,0.0,0.0,0.0,0.0,0.0,0.0,0.0,0.0,0.0,0.0,0.0,0.0,0.0,0.0,0.0,0.0,0.0,0.0,0.0,0.0,0.0,0.0,0.0,0.0,0.0,0.0,0.0,0.0,0.0,0.0,0.0,0.0,0.0,0.0,0.0,0.0,0.0,0.0,0.0,0.0,0.0,0.0,0.0,0.0,0.0,0.0,0.0,0.0,0.0
39,0.5262290835380554,0.824857234954834,-8.100879966832508e-08,0.5356737375259399,0.7566911578178406,-0.0018424717709422112,0.5466086268424988,0.6784729361534119,-0.013049319386482239,0.5464815497398376,0.6158154010772705,-0.02369454875588417,0.5390192270278931,0.56389981508255,-0.03835476562380791,0.5746396780014038,0.6746566295623779,-0.05328768119215965,0.5535610318183899,0.5963273048400879,-0.08274704962968826,0.5362390279769897,0.5486042499542236,-0.10309112071990967,0.5192159414291382,0.5106734037399292,-0.11700607091188431,0.5652588605880737,0.7058424353599548,-0.06721244752407074,0.5359126329421997,0.6204887628555298,-0.09356877207756042,0.5066596269607544,0.5639827251434326,-0.10773016512393951,0.47925400733947754,0.5216962099075317,-0.12057975679636002,0.5441870093345642,0.7431574463844299,-0.0794062465429306,0.5206136107444763,0.6595242619514465,-0.10426173359155655,0.4956706166267395,0.6058266758918762,-0.1166892871260643,0.4743277430534363,0.5650503635406494,-0.127393901348114,0.512917160987854,0.7793129086494446,-0.09024186432361603,0.4991409182548523,0.7278459668159485,-0.11754067987203598,0.4888019859790802,0.6883752346038818,-0.13078919053077698,0.4803752601146698,0.6531829237937927,-0.14047859609127045,0.0,0.0,0.0,0.0,0.0,0.0,0.0,0.0,0.0,0.0,0.0,0.0,0.0,0.0,0.0,0.0,0.0,0.0,0.0,0.0,0.0,0.0,0.0,0.0,0.0,0.0,0.0,0.0,0.0,0.0,0.0,0.0,0.0,0.0,0.0,0.0,0.0,0.0,0.0,0.0,0.0,0.0,0.0,0.0,0.0,0.0,0.0,0.0,0.0,0.0,0.0,0.0,0.0,0.0,0.0,0.0,0.0,0.0,0.0,0.0,0.0,0.0,0.0
40,0.5555906891822815,0.8447130918502808,-1.7472212121560915e-08,0.5693345665931702,0.7315171360969543,0.0018194401636719704,0.5774902105331421,0.646968424320221,-0.002469691215083003,0.5654247999191284,0.5784754157066345,-0.009380017407238483,0.5408123731613159,0.53519606590271,-0.019023412838578224,0.5833405256271362,0.6419515013694763,-0.004756632260978222,0.5549262166023254,0.5724214315414429,-0.02068733237683773,0.5308086276054382,0.5400071740150452,-0.0366332083940506,0.5120013952255249,0.5140044689178467,-0.047315437346696854,0.5668728947639465,0.6783004403114319,-0.015147815458476543,0.5358433723449707,0.5981056094169617,-0.02729714661836624,0.5061001777648926,0.5553350448608398,-0.040151748806238174,0.48081347346305847,0.518213152885437,-0.051553621888160706,0.5448059439659119,0.7190836071968079,-0.025790229439735413,0.5170618295669556,0.6482214331626892,-0.03555784374475479,0.49205106496810913,0.6048450469970703,-0.03813350945711136,0.47205618023872375,0.5677449703216553,-0.042013075202703476,0.5166071057319641,0.763599157333374,-0.03646223992109299,0.49423518776893616,0.711499035358429,-0.04288667440414429,0.4817977845668793,0.6735084056854248,-0.03930973261594772,0.46946001052856445,0.63836270570755,-0.037754204124212265,0.3903335630893707,0.9250061511993408,7.463034421562043e-07,0.3433416187763214,0.8344383239746094,-0.005411183927208185,0.30928754806518555,0.7468335628509521,-0.019310221076011658,0.2957290709018707,0.674828052520752,-0.032950494438409805,0.2818990647792816,0.6185188889503479,-0.04728683456778526,0.3132617175579071,0.7545528411865234,-0.04575732722878456,0.32949987053871155,0.6640846729278564,-0.07360099256038666,0.3522462844848633,0.6001410484313965,-0.08943969011306763,0.3736308813095093,0.549747109413147,-0.09761293977499008,0.34634408354759216,0.7764884233474731,-0.05615733936429024,0.37070566415786743,0.6725030541419983,-0.08077893406152725,0.3985289931297302,0.5952796936035156,-0.09216802567243576,0.42121246457099915,0.5396662950515747,-0.09892300516366959,0.38767167925834656,0.798556387424469,-0.06493758410215378,0.40820854902267456,0.6991286277770996,-0.08447501063346863,0.43076613545417786,0.6277534365653992,-0.0906192734837532,0.44799262285232544,0.5735595226287842,-0.09327369928359985,0.43179893493652344,0.8197131752967834,-0.07319533079862595,0.443251371383667,0.7388862371444702,-0.08772464096546173,0.4525201916694641,0.6850876808166504,-0.08928854763507843,0.46088090538978577,0.641845166683197,-0.08838879317045212
41,0.526017427444458,0.8235721588134766,-6.038605704361544e-08,0.5501697063446045,0.7547259330749512,0.002517200540751219,0.5652697682380676,0.6645077466964722,-0.00538010336458683,0.5669395923614502,0.5878810286521912,-0.012150728143751621,0.5640298128128052,0.5304543375968933,-0.022943150252103806,0.5893250703811646,0.6679009795188904,-0.05036637932062149,0.55765700340271,0.5737007260322571,-0.07342839986085892,0.5329363942146301,0.5248082876205444,-0.08540474623441696,0.5106867551803589,0.48984989523887634,-0.09262258559465408,0.5755436420440674,0.7001414895057678,-0.06418342888355255,0.5414028167724609,0.5954424142837524,-0.08424816280603409,0.5104309320449829,0.5367012023925781,-0.09290886670351028,0.4835837781429291,0.4948822259902954,-0.10143332183361053,0.5494565963745117,0.736032247543335,-0.07526753842830658,0.5216482281684875,0.637275755405426,-0.09401287138462067,0.4962734878063202,0.5754464864730835,-0.10199518501758575,0.47601866722106934,0.5278154015541077,-0.10962791740894318,0.51190185546875,0.7700707912445068,-0.08418358117341995,0.4942302703857422,0.6979815363883972,-0.10317628085613251,0.48511287569999695,0.6520439386367798,-0.10963782668113708,0.4787282347679138,0.6117310523986816,-0.11501649022102356,0.0,0.0,0.0,0.0,0.0,0.0,0.0,0.0,0.0,0.0,0.0,0.0,0.0,0.0,0.0,0.0,0.0,0.0,0.0,0.0,0.0,0.0,0.0,0.0,0.0,0.0,0.0,0.0,0.0,0.0,0.0,0.0,0.0,0.0,0.0,0.0,0.0,0.0,0.0,0.0,0.0,0.0,0.0,0.0,0.0,0.0,0.0,0.0,0.0,0.0,0.0,0.0,0.0,0.0,0.0,0.0,0.0,0.0,0.0,0.0,0.0,0.0,0.0
42,0.557399570941925,0.8612338900566101,-1.2698476936634506e-08,0.5762850046157837,0.7510300278663635,0.005395245272666216,0.5878539085388184,0.6621363759040833,-0.003396689658984542,0.5856000185012817,0.5903434753417969,-0.015341194346547127,0.5764811635017395,0.5345472693443298,-0.030611036345362663,0.5988561511039734,0.6435275673866272,-0.024009350687265396,0.5610247254371643,0.5537866353988647,-0.04837741330265999,0.5318476557731628,0.5144209861755371,-0.06566871702671051,0.5078763961791992,0.48577219247817993,-0.07669009268283844,0.5776605606079102,0.6788620948791504,-0.04053027927875519,0.5450887084007263,0.58738112449646,-0.06379388272762299,0.5098726153373718,0.5371841192245483,-0.0776929035782814,0.48074033856391907,0.4990963339805603,-0.0891546979546547,0.5497941970825195,0.7223365306854248,-0.05617762729525566,0.5235249996185303,0.6399537920951843,-0.07542454451322556,0.49358028173446655,0.5857119560241699,-0.0806381106376648,0.47001391649246216,0.5402616858482361,-0.08579276502132416,0.5155051350593567,0.7715675830841064,-0.07086388766765594,0.495228111743927,0.7101345658302307,-0.08614003658294678,0.4826031029224396,0.6649113893508911,-0.08683270215988159,0.47044700384140015,0.6198782920837402,-0.08813631534576416,0.0,0.0,0.0,0.0,0.0,0.0,0.0,0.0,0.0,0.0,0.0,0.0,0.0,0.0,0.0,0.0,0.0,0.0,0.0,0.0,0.0,0.0,0.0,0.0,0.0,0.0,0.0,0.0,0.0,0.0,0.0,0.0,0.0,0.0,0.0,0.0,0.0,0.0,0.0,0.0,0.0,0.0,0.0,0.0,0.0,0.0,0.0,0.0,0.0,0.0,0.0,0.0,0.0,0.0,0.0,0.0,0.0,0.0,0.0,0.0,0.0,0.0,0.0
43,0.5254173278808594,0.8397696614265442,-1.0705915798325805e-07,0.5560015439987183,0.7643659710884094,0.005446971394121647,0.574226975440979,0.6743205785751343,-0.002051452174782753,0.5793516039848328,0.5954436659812927,-0.009624006226658821,0.5799911618232727,0.5335978269577026,-0.02117060124874115,0.5923758149147034,0.6780416965484619,-0.042458150535821915,0.5659753680229187,0.5754231810569763,-0.06543735414743423,0.5430359840393066,0.5223443508148193,-0.07812796533107758,0.5220028162002563,0.48343032598495483,-0.08584818243980408,0.5772797465324402,0.7067286372184753,-0.05826910212635994,0.5491103529930115,0.5922629237174988,-0.07745814323425293,0.5203373432159424,0.5278697609901428,-0.08691568672657013,0.494356632232666,0.4799681305885315,-0.09643768519163132,0.5492948889732361,0.7395296692848206,-0.07156147807836533,0.5259233713150024,0.6286749839782715,-0.08877485990524292,0.5022225975990295,0.5624898672103882,-0.0961892306804657,0.4819771647453308,0.5110085010528564,-0.10411283373832703,0.5101988911628723,0.7711668610572815,-0.08277031779289246,0.49431654810905457,0.6916245818138123,-0.09969796985387802,0.4845922589302063,0.6412354111671448,-0.10503031313419342,0.4755837321281433,0.5964081883430481,-0.11015301942825317,0.3538409173488617,0.8328050971031189,3.6501560884971695e-07,0.30423739552497864,0.7685906291007996,-0.014581681229174137,0.2750385105609894,0.7065216898918152,-0.029716555029153824,0.26853856444358826,0.6578238010406494,-0.04189305379986763,0.26443004608154297,0.6135159730911255,-0.0543525405228138,0.30683577060699463,0.7117982506752014,-0.0552753284573555,0.3414553701877594,0.6281566023826599,-0.07792389392852783,0.3650217354297638,0.5750730633735657,-0.08696364611387253,0.38570842146873474,0.5327092409133911,-0.0913994163274765,0.34920135140419006,0.7360312938690186,-0.05964398756623268,0.3818208575248718,0.6334137916564941,-0.08112577348947525,0.4058353006839752,0.5629014372825623,-0.08745516091585159,0.42507949471473694,0.505061149597168,-0.09222350269556046,0.38785621523857117,0.7579569816589355,-0.06343937665224075,0.41787806153297424,0.6578686237335205,-0.0838293731212616,0.4385358691215515,0.5914971232414246,-0.08937063813209534,0.45447680354118347,0.5324264168739319,-0.0920175090432167,0.4224134683609009,0.7764137387275696,-0.06705192476511002,0.4434305727481842,0.7005435228347778,-0.08526752889156342,0.4574853181838989,0.6496376395225525,-0.09021041542291641,0.46955257654190063,0.6001325249671936,-0.09248821437358856
44,0.5602371096611023,0.8611263632774353,-7.54421662918503e-08,0.5863299369812012,0.7480272054672241,0.009022034704685211,0.6022998094558716,0.6622493863105774,0.00911207776516676,0.5983383059501648,0.5885551571846008,0.004791709128767252,0.5776755213737488,0.5384665727615356,-0.001210929243825376,0.592115581035614,0.6392924189567566,0.009620553813874722,0.5620648860931396,0.5609524846076965,-0.0020978765096515417,0.5397538542747498,0.5260745882987976,-0.01656099036335945,0.5193322896957397,0.4936975836753845,-0.02750219777226448,0.5628734230995178,0.673309862613678,-0.003610192332416773,0.5346118211746216,0.5853767395019531,-0.012015759013593197,0.5116161704063416,0.5407383441925049,-0.023548191413283348,0.4908037483692169,0.49762803316116333,-0.03470398113131523,0.5313335061073303,0.7090023159980774,-0.017395801842212677,0.5070753693580627,0.6289541125297546,-0.024086100980639458,0.48715153336524963,0.5810852646827698,-0.026165978983044624,0.46981051564216614,0.532120406627655,-0.030810903757810593,0.497479647397995,0.7498413324356079,-0.03089228831231594,0.4789055287837982,0.6922655701637268,-0.03444404527544975,0.46965065598487854,0.6529829502105713,-0.029581252485513687,0.4604218006134033,0.609171450138092,-0.027926765382289886,0.3915741443634033,0.8450828790664673,6.570978712261422e-07,0.3493088185787201,0.7883567810058594,-0.017424995079636574,0.30670684576034546,0.7191697359085083,-0.03948736935853958,0.2802863121032715,0.6654378175735474,-0.05782041698694229,0.26517385244369507,0.6199440956115723,-0.07749027758836746,0.3105669617652893,0.7319007515907288,-0.07846011966466904,0.33453476428985596,0.6443359851837158,-0.11574683338403702,0.35592976212501526,0.5859490036964417,-0.13519977033138275,0.37698137760162354,0.5375196933746338,-0.14632081985473633,0.3526078760623932,0.75389164686203,-0.08555994182825089,0.3769545555114746,0.647933304309845,-0.12247461825609207,0.3984774351119995,0.5735559463500977,-0.13831119239330292,0.4151613414287567,0.5130739808082581,-0.14866361021995544,0.39779579639434814,0.7711196541786194,-0.09076045453548431,0.41819730401039124,0.6684271097183228,-0.12218547612428665,0.43456506729125977,0.597478985786438,-0.13300566375255585,0.44408151507377625,0.5373361706733704,-0.13875068724155426,0.4403218924999237,0.7805653810501099,-0.09540655463933945,0.4521825313568115,0.702761709690094,-0.1206628829240799,0.4577268958091736,0.652011513710022,-0.12883269786834717,0.46059858798980713,0.6050915122032166,-0.1334942877292633
45,0.5283563137054443,0.8378192782402039,-3.2235281111070435e-08,0.5629825592041016,0.763624906539917,0.003316807094961405,0.5821840167045593,0.6708083152770996,-0.00616511981934309,0.5868771076202393,0.5921352505683899,-0.014716584235429764,0.5905775427818298,0.5324363708496094,-0.027030786499381065,0.5989702939987183,0.672629177570343,-0.05107150226831436,0.5661652684211731,0.5693885087966919,-0.07482536882162094,0.5402238965034485,0.5184967517852783,-0.08592449128627777,0.5165685415267944,0.4802434742450714,-0.09214520454406738,0.5833559036254883,0.7024967670440674,-0.06539507955312729,0.5491876006126404,0.584209680557251,-0.08546740561723709,0.5177251100540161,0.5215333700180054,-0.09297581017017365,0.48997974395751953,0.4771953225135803,-0.10059657692909241,0.554187536239624,0.7365657687187195,-0.07692581415176392,0.5270599722862244,0.6234825253486633,-0.09517163783311844,0.5009781718254089,0.5591486096382141,-0.1017792597413063,0.47852396965026855,0.511746883392334,-0.10839453339576721,0.5124495029449463,0.770873486995697,-0.08627155423164368,0.4976806640625,0.6888090372085571,-0.1048058345913887,0.4871174693107605,0.636400043964386,-0.1109437644481659,0.4760928153991699,0.5903779864311218,-0.116026870906353,0.39207759499549866,0.8324223756790161,7.848871632631926e-07,0.34797587990760803,0.7778187990188599,-0.021368881687521935,0.30351847410202026,0.718787431716919,-0.045153263956308365,0.2738882303237915,0.6735140085220337,-0.06515520066022873,0.2560524642467499,0.6226136088371277,-0.08615752309560776,0.3082265853881836,0.7218136191368103,-0.07270506769418716,0.3381601870059967,0.6392160654067993,-0.10848155617713928,0.3587930202484131,0.5857043862342834,-0.12818217277526855,0.37505608797073364,0.5384142398834229,-0.14004355669021606,0.34933537244796753,0.7472301721572876,-0.07880259305238724,0.3760316073894501,0.643417477607727,-0.11346481740474701,0.3964196443557739,0.5703403949737549,-0.12713196873664856,0.41152095794677734,0.5115728378295898,-0.13618986308574677,0.39605143666267395,0.7668273448944092,-0.0841711238026619,0.4141322672367096,0.6611945033073425,-0.11544407159090042,0.43135005235671997,0.5908771753311157,-0.12092392891645432,0.4398535490036011,0.5360617637634277,-0.12238234281539917,0.43838685750961304,0.7760376930236816,-0.08965852111577988,0.4508335292339325,0.6963348984718323,-0.1127019003033638,0.45655766129493713,0.6424465179443359,-0.1152978390455246,0.4587266445159912,0.5965284705162048,-0.11562732607126236
46,0.0,0.0,0.0,0.0,0.0,0.0,0.0,0.0,0.0,0.0,0.0,0.0,0.0,0.0,0.0,0.0,0.0,0.0,0.0,0.0,0.0,0.0,0.0,0.0,0.0,0.0,0.0,0.0,0.0,0.0,0.0,0.0,0.0,0.0,0.0,0.0,0.0,0.0,0.0,0.0,0.0,0.0,0.0,0.0,0.0,0.0,0.0,0.0,0.0,0.0,0.0,0.0,0.0,0.0,0.0,0.0,0.0,0.0,0.0,0.0,0.0,0.0,0.0,0.0,0.0,0.0,0.0,0.0,0.0,0.0,0.0,0.0,0.0,0.0,0.0,0.0,0.0,0.0,0.0,0.0,0.0,0.0,0.0,0.0,0.0,0.0,0.0,0.0,0.0,0.0,0.0,0.0,0.0,0.0,0.0,0.0,0.0,0.0,0.0,0.0,0.0,0.0,0.0,0.0,0.0,0.0,0.0,0.0,0.0,0.0,0.0,0.0,0.0,0.0,0.0,0.0,0.0,0.0,0.0,0.0,0.0,0.0,0.0,0.0,0.0,0.0
47,0.5526016354560852,0.8541656732559204,2.567810497566825e-07,0.5763615965843201,0.7555172443389893,0.0016515245661139488,0.5941191911697388,0.6621161103248596,-0.008482140488922596,0.595145583152771,0.5903692841529846,-0.020046381279826164,0.5926318168640137,0.5291182994842529,-0.03512583673000336,0.5988746285438538,0.6569894552230835,-0.036649513989686966,0.5718094706535339,0.5725992918014526,-0.058808185160160065,0.5481649041175842,0.5258261561393738,-0.07017593085765839,0.5252847075462341,0.486031174659729,-0.07773998379707336,0.5720182657241821,0.6857810616493225,-0.050601325929164886,0.5488537549972534,0.5974831581115723,-0.07156585901975632,0.5234520435333252,0.5405731797218323,-0.08044645190238953,0.5021247863769531,0.4914659857749939,-0.08927302062511444,0.539654552936554,0.7248082160949707,-0.06346651166677475,0.5249319672584534,0.6428044438362122,-0.08348599821329117,0.5017545223236084,0.5824471712112427,-0.08994738757610321,0.482269287109375,0.5265942215919495,-0.09621033072471619,0.5013130307197571,0.7708220481872559,-0.0751710832118988,0.48958319425582886,0.7058141231536865,-0.09426061809062958,0.48086634278297424,0.6563460230827332,-0.09945091605186462,0.471088171005249,0.607143759727478,-0.10398734360933304,0.39253392815589905,0.8414462804794312,4.043706098855182e-07,0.3380429744720459,0.7840527892112732,-0.01966286078095436,0.29017868638038635,0.723176121711731,-0.04339248687028885,0.2671498954296112,0.6723560690879822,-0.06380091607570648,0.25724804401397705,0.620415449142456,-0.08450176566839218,0.3130835294723511,0.7489557266235352,-0.07923366129398346,0.3337075114250183,0.655602216720581,-0.11359183490276337,0.3542744219303131,0.594232439994812,-0.12965373694896698,0.3745808005332947,0.5432843565940857,-0.13762196898460388,0.3571537733078003,0.7721614837646484,-0.08475913852453232,0.37446919083595276,0.6565015316009521,-0.1151408925652504,0.39413201808929443,0.5764014720916748,-0.12405237555503845,0.41119447350502014,0.51255202293396,-0.13039973378181458,0.40274253487586975,0.7856054306030273,-0.0889570564031601,0.41572293639183044,0.6757965087890625,-0.11393501609563828,0.4319034218788147,0.5993950366973877,-0.11749447882175446,0.4441460072994232,0.5361881256103516,-0.11854422092437744,0.44761142134666443,0.791185200214386,-0.09359825402498245,0.45576515793800354,0.7056224346160889,-0.111336350440979,0.46171754598617554,0.6498512625694275,-0.11205677688121796,0.46627622842788696,0.5991936922073364,-0.11161290854215622
48,0.5273683667182922,0.8270558714866638,-3.138893234222451e-08,0.5591282248497009,0.7605808973312378,0.0003366205783095211,0.5809882283210754,0.6729555726051331,-0.009652453474700451,0.5899167060852051,0.5986585021018982,-0.018326282501220703,0.5951776504516602,0.5404505729675293,-0.03087163344025612,0.6014475226402283,0.675997793674469,-0.05261879786849022,0.575178861618042,0.5769579410552979,-0.07736756652593613,0.5522242188453674,0.5244860053062439,-0.09024479985237122,0.5297887325286865,0.4842337667942047,-0.09785690903663635,0.5837957262992859,0.7063930630683899,-0.06587757915258408,0.5564988851547241,0.5952971577644348,-0.08702117949724197,0.5285332202911377,0.5310400128364563,-0.09637850522994995,0.5018027424812317,0.48343443870544434,-0.10553763061761856,0.5536365509033203,0.739228367805481,-0.0766521617770195,0.5311638116836548,0.6383460164070129,-0.09567555040121078,0.510973334312439,0.5723386406898499,-0.10319157689809799,0.4934535622596741,0.5199716091156006,-0.11055262386798859,0.5119082927703857,0.7693987488746643,-0.08559392392635345,0.49783945083618164,0.6927708983421326,-0.10402492433786392,0.4917259216308594,0.6443207263946533,-0.10980644822120667,0.4873865246772766,0.6012495160102844,-0.11490388214588165,0.39275866746902466,0.83636873960495,7.361082339230052e-07,0.347955584526062,0.7810136079788208,-0.017831383273005486,0.30205053091049194,0.7220421433448792,-0.03744789585471153,0.2723116874694824,0.6759200692176819,-0.05433063581585884,0.25487059354782104,0.6254225373268127,-0.07117881625890732,0.30568915605545044,0.7278523445129395,-0.05747866630554199,0.32943716645240784,0.6471099853515625,-0.08964758366346359,0.3489246368408203,0.5930023193359375,-0.10754140466451645,0.36421650648117065,0.5470777750015259,-0.11815136671066284,0.3451858460903168,0.7529385685920715,-0.06450048834085464,0.3696369230747223,0.6459078192710876,-0.09439852833747864,0.38881877064704895,0.5725388526916504,-0.10580138862133026,0.4028661549091339,0.5158240795135498,-0.1129327267408371,0.3921853303909302,0.7710679769515991,-0.07165558636188507,0.4102644920349121,0.6651336550712585,-0.10063904523849487,0.4263949394226074,0.593620777130127,-0.10604850202798843,0.432657927274704,0.5406123995780945,-0.10685460269451141,0.4352506697177887,0.7786220908164978,-0.07896310091018677,0.45048993825912476,0.7010416388511658,-0.10184802114963531,0.4546818137168884,0.6498168706893921,-0.10494180023670197,0.4537758231163025,0.6080693006515503,-0.10494448244571686
49,0.5562196969985962,0.8466306924819946,1.3972866952371987e-07,0.5832353234291077,0.7464897036552429,-0.0015928755747154355,0.605587363243103,0.6637042164802551,-0.014930414967238903,0.6113473773002625,0.5950623154640198,-0.029673639684915543,0.5987579226493835,0.5381218194961548,-0.04752796143293381,0.6107660531997681,0.6811428070068359,-0.045963507145643234,0.5843081474304199,0.594772219657898,-0.07374724000692368,0.5598453283309937,0.5433194041252136,-0.0901767909526825,0.533691942691803,0.49674296379089355,-0.101633220911026,0.5836115479469299,0.7061493396759033,-0.06005530804395676,0.5604670643806458,0.6079468131065369,-0.09008379280567169,0.5345224142074585,0.5462508797645569,-0.1029779240489006,0.5099897384643555,0.4919796586036682,-0.11396023631095886,0.5486441254615784,0.7360587120056152,-0.07263905555009842,0.5340825319290161,0.6498355865478516,-0.09811751544475555,0.5122092962265015,0.585237979888916,-0.10350269824266434,0.4917290508747101,0.526190996170044,-0.10863778740167618,0.5057345032691956,0.772005558013916,-0.08457420021295547,0.4960227608680725,0.7128586173057556,-0.10386205464601517,0.4876787066459656,0.6605283617973328,-0.1072520762681961,0.4788959324359894,0.6080526113510132,-0.11135328561067581,0.38405701518058777,0.828119158744812,8.077907978076837e-07,0.33657172322273254,0.7723080515861511,-0.020087556913495064,0.2936919331550598,0.7146492004394531,-0.04430760070681572,0.2672649025917053,0.6658563613891602,-0.06473678350448608,0.2524076998233795,0.6099162101745605,-0.08569445461034775,0.29878830909729004,0.7144320011138916,-0.07560788094997406,0.32560962438583374,0.6291030049324036,-0.11427348107099533,0.34838172793388367,0.5741317868232727,-0.13575637340545654,0.36591777205467224,0.5281803011894226,-0.1484767496585846,0.3372341990470886,0.7417306900024414,-0.08293750882148743,0.3627626299858093,0.6360949277877808,-0.11966509371995926,0.38644617795944214,0.5601844787597656,-0.1334715187549591,0.40369582176208496,0.5020797252655029,-0.1425268054008484,0.3831765353679657,0.7634861469268799,-0.08934146165847778,0.40242210030555725,0.6572962403297424,-0.12195815145969391,0.4214699864387512,0.5857688784599304,-0.12660910189151764,0.4310675263404846,0.5349146723747253,-0.12725770473480225,0.42583540081977844,0.7743055820465088,-0.09585703909397125,0.4383465349674225,0.6943818926811218,-0.1190030425786972,0.44248467683792114,0.6437554359436035,-0.12040997296571732,0.4431754946708679,0.6062344908714294,-0.11962384730577469
50,0.5430139303207397,0.8164570331573486,-2.279626265533352e-08,0.5669593811035156,0.7505629658699036,-0.0007729590870440006,0.5853478312492371,0.66513592004776,-0.011438177898526192,0.5932289361953735,0.5926364064216614,-0.020736493170261383,0.5943513512611389,0.5335103273391724,-0.033725883811712265,0.6064819693565369,0.6734315156936646,-0.0564761646091938,0.5818741321563721,0.5781969428062439,-0.08418646454811096,0.5591236352920532,0.5247198939323425,-0.09921205043792725,0.5365670919418335,0.4839961528778076,-0.10810902714729309,0.5882672667503357,0.7040411829948425,-0.07020855695009232,0.5609321594238281,0.59562087059021,-0.09552895277738571,0.5333012938499451,0.5313144326210022,-0.10717011988162994,0.5073772072792053,0.48497605323791504,-0.11735353618860245,0.5585917830467224,0.7371781468391418,-0.08135680109262466,0.5380120873451233,0.636538028717041,-0.10463789105415344,0.5177508592605591,0.5709782242774963,-0.11421699076890945,0.4995763599872589,0.5208098888397217,-0.12208017706871033,0.5183558464050293,0.7670343518257141,-0.09049616008996964,0.5071999430656433,0.692335307598114,-0.11310897767543793,0.5037357211112976,0.6456838250160217,-0.12142884731292725,0.5010465979576111,0.6047866344451904,-0.1275690346956253,0.37480753660202026,0.8464729189872742,4.680203744555911e-07,0.3165532052516937,0.7812426686286926,-0.011664469726383686,0.2765401601791382,0.7119133472442627,-0.029197491705417633,0.2641052007675171,0.657471239566803,-0.044375158846378326,0.25804704427719116,0.6062494516372681,-0.060362331569194794,0.29859477281570435,0.7314189672470093,-0.06905203312635422,0.32894065976142883,0.6377146244049072,-0.09724601358175278,0.35195839405059814,0.5766996145248413,-0.10895432531833649,0.37248772382736206,0.5275080800056458,-0.11438557505607605,0.3420925438404083,0.7568590044975281,-0.07708007842302322,0.3684253692626953,0.6475378274917603,-0.10257720947265625,0.39304718375205994,0.5692833065986633,-0.10960976779460907,0.4121597409248352,0.5068391561508179,-0.11479810625314713,0.3874641954898834,0.7765514850616455,-0.08299119770526886,0.4078724980354309,0.6721007823944092,-0.10368374735116959,0.42681702971458435,0.5998683571815491,-0.10728399455547333,0.43986326456069946,0.5387158393859863,-0.10912086069583893,0.43203091621398926,0.7898250222206116,-0.08860468119382858,0.44391295313835144,0.7094696760177612,-0.10463207960128784,0.45214295387268066,0.6558366417884827,-0.10621238499879837,0.4579036235809326,0.6066429615020752,-0.10649150609970093
51,0.5632786750793457,0.8354302644729614,2.9924203204245714e-07,0.5833473205566406,0.7396563291549683,-0.004985805135220289,0.599657416343689,0.6505743861198425,-0.02153395116329193,0.6009650230407715,0.5820683240890503,-0.038541607558727264,0.595145583152771,0.5203620195388794,-0.058995675295591354,0.6023236513137817,0.6545435786247253,-0.05580143257975578,0.5772621035575867,0.5746186375617981,-0.08624979108572006,0.5552365779876709,0.5274296998977661,-0.10248992592096329,0.5326170921325684,0.48632127046585083,-0.11373783648014069,0.5770660638809204,0.6850662231445312,-0.06993626803159714,0.5568591952323914,0.5966841578483582,-0.10148206353187561,0.5318772792816162,0.5395756959915161,-0.11512453854084015,0.5104818940162659,0.49055302143096924,-0.12680691480636597,0.546853244304657,0.7238228917121887,-0.08277786523103714,0.5363317131996155,0.6408735513687134,-0.1124315932393074,0.5158385038375854,0.5799685716629028,-0.12266907840967178,0.49882254004478455,0.5251300930976868,-0.1309765726327896,0.5111352801322937,0.7698748111724854,-0.09466060250997543,0.5054395198822021,0.712238609790802,-0.12281733006238937,0.49999135732650757,0.6640324592590332,-0.1334361881017685,0.49400874972343445,0.614446222782135,-0.1416349858045578,0.39131617546081543,0.8328604698181152,7.41393989756034e-07,0.34808850288391113,0.7765214443206787,-0.019019585102796555,0.30230146646499634,0.7135388851165771,-0.04090913012623787,0.27466002106666565,0.662370502948761,-0.05949045345187187,0.26457351446151733,0.6073186993598938,-0.07856565713882446,0.3042002022266388,0.7185181379318237,-0.06885980069637299,0.3321232497692108,0.6350099444389343,-0.10267273336648941,0.3541581928730011,0.5812481045722961,-0.12070194631814957,0.37194547057151794,0.5355235934257507,-0.1310671716928482,0.34294387698173523,0.7477619051933289,-0.07490479201078415,0.3698139190673828,0.642063319683075,-0.1072191670536995,0.39326247572898865,0.5670340061187744,-0.11967716366052628,0.41134634613990784,0.5106979012489319,-0.1273508071899414,0.3897823691368103,0.7705246210098267,-0.07999148964881897,0.40871018171310425,0.6652616858482361,-0.10945181548595428,0.4280596077442169,0.591894268989563,-0.11541871726512909,0.4368962347507477,0.5379323959350586,-0.11679898947477341,0.43250638246536255,0.7800142765045166,-0.08501239866018295,0.44513529539108276,0.7013764381408691,-0.10754825174808502,0.44970834255218506,0.6502336263656616,-0.11056950688362122,0.44941675662994385,0.6100093126296997,-0.1106470450758934
52,0.5416268110275269,0.8125278353691101,4.729146141357887e-08,0.5655498504638672,0.7449661493301392,-0.0024960546288639307,0.5842287540435791,0.6565824747085571,-0.01372439507395029,0.5915240049362183,0.5834962129592896,-0.022653885185718536,0.5937209725379944,0.5291249752044678,-0.03529401496052742,0.6112431287765503,0.668028712272644,-0.06161559000611305,0.5833139419555664,0.5740097761154175,-0.08820679783821106,0.5578261613845825,0.5211082696914673,-0.1014881432056427,0.5321146845817566,0.48151668906211853,-0.10930345952510834,0.5930195450782776,0.7010000944137573,-0.07379031926393509,0.564295768737793,0.5929553508758545,-0.09906839579343796,0.5347269177436829,0.529344379901886,-0.10983169078826904,0.506595253944397,0.48346585035324097,-0.11939018219709396,0.5622426271438599,0.7356114983558655,-0.08295532315969467,0.5419614315032959,0.6403965353965759,-0.10611119866371155,0.5205378532409668,0.5733899474143982,-0.1153399646282196,0.5015957951545715,0.5207538604736328,-0.12299121171236038,0.5194364190101624,0.7672380208969116,-0.09006424993276596,0.5084583759307861,0.6952561736106873,-0.11213931441307068,0.504360020160675,0.6476773023605347,-0.1200789138674736,0.501569926738739,0.604659378528595,-0.12627649307250977,0.36734071373939514,0.8351661562919617,6.166940238472307e-07,0.322726309299469,0.770854115486145,-0.013994940556585789,0.28722935914993286,0.7015519738197327,-0.0325448252260685,0.2694872319698334,0.6508793234825134,-0.048138994723558426,0.2582453489303589,0.5999476909637451,-0.06438042968511581,0.2957545816898346,0.7217940092086792,-0.06906170397996902,0.3277590870857239,0.6340979933738708,-0.09880930930376053,0.35072195529937744,0.5777174234390259,-0.11123110353946686,0.3717120885848999,0.5312749743461609,-0.11713626235723495,0.33724871277809143,0.7487104535102844,-0.07570996135473251,0.36840471625328064,0.6401999592781067,-0.10495796799659729,0.3940611183643341,0.5657373666763306,-0.11551866680383682,0.4146689474582672,0.5055181384086609,-0.12240851670503616,0.38021573424339294,0.7690222859382629,-0.08042433112859726,0.40631455183029175,0.6666683554649353,-0.10550867766141891,0.4272770881652832,0.5982319712638855,-0.11341510713100433,0.4413423538208008,0.5390052795410156,-0.11751057952642441,0.420075386762619,0.782646656036377,-0.08448881655931473,0.4369761347770691,0.7074388265609741,-0.1037810742855072,0.44708919525146484,0.6581988334655762,-0.1082642525434494,0.45348620414733887,0.6115657687187195,-0.11054525524377823
53,0.5613387823104858,0.8261721134185791,1.5437716172073124e-07,0.5796678066253662,0.7276855111122131,0.0016723083099350333,0.5977180004119873,0.6425146460533142,-0.00881177093833685,0.5980762839317322,0.5787574052810669,-0.020907314494252205,0.5872334241867065,0.5280450582504272,-0.03685903549194336,0.6125586032867432,0.6477242708206177,-0.04273111745715141,0.5802832245826721,0.563109815120697,-0.06804902106523514,0.55460524559021,0.5175560712814331,-0.08326849341392517,0.5283848643302917,0.48170268535614014,-0.09379857778549194,0.5922601819038391,0.6799366474151611,-0.058596108108758926,0.5669788718223572,0.5874984860420227,-0.08415988087654114,0.5360768437385559,0.5332037806510925,-0.09673702716827393,0.505949079990387,0.4906775951385498,-0.10821107029914856,0.5643811225891113,0.7196683883666992,-0.07303822785615921,0.5479852557182312,0.6402945518493652,-0.09575986117124557,0.5237661004066467,0.5825514197349548,-0.10373145341873169,0.5021703839302063,0.5326758027076721,-0.11148732900619507,0.5279212594032288,0.7645248174667358,-0.08640778064727783,0.5175169706344604,0.7099008560180664,-0.10700713098049164,0.508513331413269,0.6632384061813354,-0.11361505091190338,0.49868741631507874,0.616572916507721,-0.12015248835086823,0.0,0.0,0.0,0.0,0.0,0.0,0.0,0.0,0.0,0.0,0.0,0.0,0.0,0.0,0.0,0.0,0.0,0.0,0.0,0.0,0.0,0.0,0.0,0.0,0.0,0.0,0.0,0.0,0.0,0.0,0.0,0.0,0.0,0.0,0.0,0.0,0.0,0.0,0.0,0.0,0.0,0.0,0.0,0.0,0.0,0.0,0.0,0.0,0.0,0.0,0.0,0.0,0.0,0.0,0.0,0.0,0.0,0.0,0.0,0.0,0.0,0.0,0.0
54,0.5267198085784912,0.8333671689033508,-8.413225316417083e-08,0.5134885907173157,0.7500718832015991,0.001744006876833737,0.5189856290817261,0.6667616367340088,-0.009751423262059689,0.5146002769470215,0.6062563061714172,-0.02228240855038166,0.5023542642593384,0.5545125603675842,-0.03777499496936798,0.5899074077606201,0.6686742901802063,-0.042120810598134995,0.5679554343223572,0.5759617686271667,-0.07271062582731247,0.5445517301559448,0.5241739153862,-0.09349579364061356,0.5171396136283875,0.48696380853652954,-0.10681507736444473,0.5842124223709106,0.6954559087753296,-0.06002135947346687,0.5661453008651733,0.5919884443283081,-0.09050486236810684,0.5364207625389099,0.5316861271858215,-0.10755424946546555,0.5042126178741455,0.4867875576019287,-0.11986075341701508,0.5646267533302307,0.72719806432724,-0.07655885070562363,0.5505192279815674,0.6273788213729858,-0.10419128090143204,0.5267226696014404,0.5685209035873413,-0.1167827621102333,0.5039249062538147,0.5229974985122681,-0.12539969384670258,0.531633198261261,0.756549596786499,-0.09152790904045105,0.5241503119468689,0.6903185844421387,-0.11779436469078064,0.5191003084182739,0.6445940136909485,-0.12915034592151642,0.5172027349472046,0.6038057804107666,-0.13676251471042633,0.0,0.0,0.0,0.0,0.0,0.0,0.0,0.0,0.0,0.0,0.0,0.0,0.0,0.0,0.0,0.0,0.0,0.0,0.0,0.0,0.0,0.0,0.0,0.0,0.0,0.0,0.0,0.0,0.0,0.0,0.0,0.0,0.0,0.0,0.0,0.0,0.0,0.0,0.0,0.0,0.0,0.0,0.0,0.0,0.0,0.0,0.0,0.0,0.0,0.0,0.0,0.0,0.0,0.0,0.0,0.0,0.0,0.0,0.0,0.0,0.0,0.0,0.0
55,0.5465710163116455,0.851677417755127,-2.886304706350984e-08,0.5576243996620178,0.7558130025863647,0.010581918060779572,0.5687849521636963,0.6749626398086548,0.004416803363710642,0.5645525455474854,0.621153712272644,-0.005031418986618519,0.5512979626655579,0.5733374357223511,-0.01819073222577572,0.5890810489654541,0.6457354426383972,-0.03125394135713577,0.5607007145881653,0.5642815828323364,-0.055289190262556076,0.536285936832428,0.524176836013794,-0.0702546015381813,0.5103957653045654,0.492168664932251,-0.08097291737794876,0.5787993669509888,0.6694402098655701,-0.05267397686839104,0.5498796701431274,0.5756809711456299,-0.0769149512052536,0.5194859504699707,0.527005136013031,-0.0922146812081337,0.48824653029441833,0.4894028902053833,-0.10490438342094421,0.5622268915176392,0.7076845765113831,-0.072215236723423,0.5409708023071289,0.6236293315887451,-0.09495905041694641,0.515532374382019,0.5693918466567993,-0.10958879441022873,0.4932969808578491,0.525399386882782,-0.1218295693397522,0.5393020510673523,0.7517751455307007,-0.08973507583141327,0.5280531048774719,0.6933022141456604,-0.1143203154206276,0.5224422812461853,0.6496744155883789,-0.12756237387657166,0.5197031497955322,0.6100940108299255,-0.1380835771560669,0.0,0.0,0.0,0.0,0.0,0.0,0.0,0.0,0.0,0.0,0.0,0.0,0.0,0.0,0.0,0.0,0.0,0.0,0.0,0.0,0.0,0.0,0.0,0.0,0.0,0.0,0.0,0.0,0.0,0.0,0.0,0.0,0.0,0.0,0.0,0.0,0.0,0.0,0.0,0.0,0.0,0.0,0.0,0.0,0.0,0.0,0.0,0.0,0.0,0.0,0.0,0.0,0.0,0.0,0.0,0.0,0.0,0.0,0.0,0.0,0.0,0.0,0.0
56,0.5187608003616333,0.8479136228561401,-2.0480662499267055e-07,0.5114219784736633,0.7599745988845825,0.008955835364758968,0.5256078839302063,0.6881039142608643,0.0034082576166838408,0.5325104594230652,0.6367672681808472,-0.004573498852550983,0.5318076014518738,0.5921953320503235,-0.01487882249057293,0.5798019170761108,0.6702083945274353,-0.023496514186263084,0.5563947558403015,0.5834909081459045,-0.04583456739783287,0.5340486168861389,0.5386214852333069,-0.06147434562444687,0.5094884634017944,0.5032495260238647,-0.07186540216207504,0.576452910900116,0.6936997175216675,-0.04163931682705879,0.5503748655319214,0.5943335890769958,-0.062039799988269806,0.5217599868774414,0.5397753715515137,-0.07373496890068054,0.4922206699848175,0.4968869090080261,-0.08358134329319,0.5609063506126404,0.7251927852630615,-0.05877859145402908,0.5418199896812439,0.6306513547897339,-0.07810928672552109,0.51773601770401,0.577380359172821,-0.08765684068202972,0.4950716197490692,0.5350527167320251,-0.09562456607818604,0.5343995094299316,0.7576558589935303,-0.0744142234325409,0.5255034565925598,0.6989622712135315,-0.09548419713973999,0.5177010297775269,0.6562422513961792,-0.10582363605499268,0.5109907984733582,0.617027997970581,-0.11342024803161621,0.0,0.0,0.0,0.0,0.0,0.0,0.0,0.0,0.0,0.0,0.0,0.0,0.0,0.0,0.0,0.0,0.0,0.0,0.0,0.0,0.0,0.0,0.0,0.0,0.0,0.0,0.0,0.0,0.0,0.0,0.0,0.0,0.0,0.0,0.0,0.0,0.0,0.0,0.0,0.0,0.0,0.0,0.0,0.0,0.0,0.0,0.0,0.0,0.0,0.0,0.0,0.0,0.0,0.0,0.0,0.0,0.0,0.0,0.0,0.0,0.0,0.0,0.0
57,0.0,0.0,0.0,0.0,0.0,0.0,0.0,0.0,0.0,0.0,0.0,0.0,0.0,0.0,0.0,0.0,0.0,0.0,0.0,0.0,0.0,0.0,0.0,0.0,0.0,0.0,0.0,0.0,0.0,0.0,0.0,0.0,0.0,0.0,0.0,0.0,0.0,0.0,0.0,0.0,0.0,0.0,0.0,0.0,0.0,0.0,0.0,0.0,0.0,0.0,0.0,0.0,0.0,0.0,0.0,0.0,0.0,0.0,0.0,0.0,0.0,0.0,0.0,0.0,0.0,0.0,0.0,0.0,0.0,0.0,0.0,0.0,0.0,0.0,0.0,0.0,0.0,0.0,0.0,0.0,0.0,0.0,0.0,0.0,0.0,0.0,0.0,0.0,0.0,0.0,0.0,0.0,0.0,0.0,0.0,0.0,0.0,0.0,0.0,0.0,0.0,0.0,0.0,0.0,0.0,0.0,0.0,0.0,0.0,0.0,0.0,0.0,0.0,0.0,0.0,0.0,0.0,0.0,0.0,0.0,0.0,0.0,0.0,0.0,0.0,0.0
58,0.541041910648346,0.846041202545166,-2.9567170045652347e-08,0.5414522290229797,0.7543836236000061,0.012278382666409016,0.5525836944580078,0.6813230514526367,0.004487210419028997,0.5478714108467102,0.6289965510368347,-0.00703218812122941,0.5338824391365051,0.5859309434890747,-0.021576030179858208,0.5792654752731323,0.6393390893936157,-0.025919275358319283,0.5503139495849609,0.561352014541626,-0.04823298007249832,0.5269414782524109,0.5237987637519836,-0.06435306370258331,0.5012926459312439,0.4917096495628357,-0.07676515728235245,0.5683397054672241,0.6627534627914429,-0.046795137226581573,0.5409873127937317,0.5760525465011597,-0.06927052140235901,0.5136279463768005,0.5301159620285034,-0.08337067812681198,0.4854234457015991,0.49280136823654175,-0.0964723527431488,0.5516035556793213,0.7008026838302612,-0.06603722274303436,0.53719162940979,0.6250268220901489,-0.0864347442984581,0.5163032412528992,0.5755822658538818,-0.09795992821455002,0.49638932943344116,0.5327332019805908,-0.10945151746273041,0.529269814491272,0.7430976629257202,-0.08345849812030792,0.5287838578224182,0.6963233351707458,-0.10580823570489883,0.5235843658447266,0.655933141708374,-0.11797372996807098,0.518347978591919,0.6137610077857971,-0.12880638241767883,0.0,0.0,0.0,0.0,0.0,0.0,0.0,0.0,0.0,0.0,0.0,0.0,0.0,0.0,0.0,0.0,0.0,0.0,0.0,0.0,0.0,0.0,0.0,0.0,0.0,0.0,0.0,0.0,0.0,0.0,0.0,0.0,0.0,0.0,0.0,0.0,0.0,0.0,0.0,0.0,0.0,0.0,0.0,0.0,0.0,0.0,0.0,0.0,0.0,0.0,0.0,0.0,0.0,0.0,0.0,0.0,0.0,0.0,0.0,0.0,0.0,0.0,0.0
59,0.5623329877853394,0.8641119003295898,1.5283139020993985e-07,0.5813134908676147,0.7544305324554443,-0.0036803518887609243,0.5916320085525513,0.6562554836273193,-0.014335006475448608,0.5767207145690918,0.5811968445777893,-0.027000168338418007,0.5525087118148804,0.5240992307662964,-0.042519211769104004,0.579255998134613,0.6324484944343567,-0.023482821881771088,0.5481901168823242,0.5596202611923218,-0.046976201236248016,0.5274960398674011,0.5270331501960754,-0.06432051956653595,0.5071989893913269,0.49578821659088135,-0.0767674520611763,0.5540221929550171,0.6667493581771851,-0.03571974113583565,0.5291370749473572,0.5894856452941895,-0.05787748098373413,0.5051702260971069,0.5490801334381104,-0.07252854853868484,0.4824053645133972,0.5087171196937561,-0.08478370308876038,0.5271993279457092,0.7126845717430115,-0.0484260730445385,0.5057211518287659,0.6357477903366089,-0.07036513090133667,0.485518217086792,0.5929214358329773,-0.0766746774315834,0.4669301211833954,0.5482403039932251,-0.08195161074399948,0.4971869885921478,0.7701915502548218,-0.060981351882219315,0.48251718282699585,0.7146954536437988,-0.08053921908140182,0.4748551547527313,0.6752520203590393,-0.08362983912229538,0.46576473116874695,0.6294938325881958,-0.0858641117811203,0.3887529969215393,0.8703542351722717,4.2861285010076244e-07,0.33548906445503235,0.8004331588745117,-0.009556271135807037,0.29630184173583984,0.7241696715354919,-0.029727088287472725,0.2832711637020111,0.6614382863044739,-0.047863543033599854,0.2778802514076233,0.6070840358734131,-0.06684651225805283,0.3152559697628021,0.7338075637817383,-0.07625838369131088,0.34952211380004883,0.6271092891693115,-0.10877037048339844,0.3758530914783478,0.566450297832489,-0.12129383534193039,0.3976283669471741,0.5201714038848877,-0.12670794129371643,0.3530401885509491,0.7613519430160522,-0.08675780147314072,0.38374269008636475,0.6389618515968323,-0.11789790540933609,0.4118327498435974,0.5616822838783264,-0.12567844986915588,0.4328565001487732,0.504082202911377,-0.13045473396778107,0.3937475085258484,0.7847571969032288,-0.09485509246587753,0.41978374123573303,0.6687046885490417,-0.12038717418909073,0.44356483221054077,0.5927063822746277,-0.12562145292758942,0.4607285261154175,0.5310268402099609,-0.12782619893550873,0.4357237219810486,0.8017063140869141,-0.10213227570056915,0.4538728594779968,0.7116392850875854,-0.12339125573635101,0.4656496047973633,0.6540548205375671,-0.12787459790706635,0.47402262687683105,0.6034748554229736,-0.1294775903224945
60,0.5463460087776184,0.8502671718597412,8.564420284074004e-08,0.5771893262863159,0.7637474536895752,-0.0017781929345801473,0.5996851325035095,0.6684781908988953,-0.01301979273557663,0.6020694375038147,0.5925812721252441,-0.023030752316117287,0.5984881520271301,0.5343503355979919,-0.036350954324007034,0.616437554359436,0.6733916997909546,-0.05281706899404526,0.5858864784240723,0.5722671747207642,-0.07880422472953796,0.5594016909599304,0.5210422277450562,-0.09215398877859116,0.5335841178894043,0.48312148451805115,-0.09991488605737686,0.5986086130142212,0.7062555551528931,-0.06625577062368393,0.5669056177139282,0.5929524898529053,-0.09000030905008316,0.5350939631462097,0.5300393104553223,-0.10064848512411118,0.5060175061225891,0.48300665616989136,-0.10987023264169693,0.5677106976509094,0.7431455254554749,-0.07742703706026077,0.5436755418777466,0.6379792094230652,-0.09905535727739334,0.5203138589859009,0.5730168223381042,-0.10670670121908188,0.5010539293289185,0.5231381058692932,-0.11314040422439575,0.524224042892456,0.7809962630271912,-0.08693109452724457,0.512625515460968,0.70463627576828,-0.10594403743743896,0.5072206854820251,0.6543861627578735,-0.1107628121972084,0.50247722864151,0.6100062131881714,-0.11477445065975189,0.38338252902030945,0.8509252071380615,8.214303193199157e-07,0.3400336802005768,0.7922419309616089,-0.02069081738591194,0.2946801483631134,0.7273318767547607,-0.04456082731485367,0.26662182807922363,0.6769078969955444,-0.06449102610349655,0.25852805376052856,0.6224415898323059,-0.08520559966564178,0.30370020866394043,0.7330544590950012,-0.07523123174905777,0.3386266529560089,0.642292320728302,-0.11119553446769714,0.3611065149307251,0.5865718722343445,-0.13021741807460785,0.37877464294433594,0.5377760529518127,-0.14131002128124237,0.3468969464302063,0.7610726952552795,-0.08148027211427689,0.37697505950927734,0.644804835319519,-0.11614105105400085,0.3994678258895874,0.5675857067108154,-0.12938790023326874,0.4150484800338745,0.5077675580978394,-0.13790203630924225,0.3943284749984741,0.7824525833129883,-0.08669017255306244,0.416402667760849,0.6698458790779114,-0.11696001142263412,0.4351070523262024,0.5954098701477051,-0.12353174388408661,0.44283735752105713,0.5388611555099487,-0.1257316917181015,0.437098890542984,0.7917948365211487,-0.09192536771297455,0.45166710019111633,0.7066755294799805,-0.1144736111164093,0.45752936601638794,0.6522344946861267,-0.11804541200399399,0.45724189281463623,0.6089308857917786,-0.11911861598491669
61,0.5767221450805664,0.8726754188537598,1.6137764191626047e-07,0.6001666188240051,0.7723770141601562,-0.0035660038702189922,0.6172958612442017,0.6726046800613403,-0.016784410923719406,0.6176950335502625,0.5936079025268555,-0.029267264530062675,0.6051152348518372,0.530397891998291,-0.04559822380542755,0.6267473101615906,0.6816333532333374,-0.05915503948926926,0.5932168960571289,0.5840588212013245,-0.0871085450053215,0.5647521018981934,0.5324211716651917,-0.10049889981746674,0.535686194896698,0.49139517545700073,-0.10945085436105728,0.6023856401443481,0.7113601565361023,-0.0731709823012352,0.5714550614356995,0.6023896932601929,-0.10176339000463486,0.5400892496109009,0.5397540330886841,-0.11300866305828094,0.5123942494392395,0.49187976121902466,-0.12312588095664978,0.5693504810333252,0.7497754096984863,-0.08532944321632385,0.5458701848983765,0.6486523151397705,-0.11161018908023834,0.5215421915054321,0.5829036235809326,-0.1209833025932312,0.5007286071777344,0.5282447338104248,-0.12912899255752563,0.5264215469360352,0.7933264970779419,-0.09603556990623474,0.5135157704353333,0.7255340218544006,-0.1208738163113594,0.5046237707138062,0.6704480648040771,-0.1306188553571701,0.4961979389190674,0.6174423098564148,-0.13860243558883667,0.3800413906574249,0.852155327796936,8.444482659797359e-07,0.3372823894023895,0.7962359189987183,-0.024124350398778915,0.2937694191932678,0.7330742478370667,-0.05009084567427635,0.2669372260570526,0.681873619556427,-0.0709567740559578,0.2521272301673889,0.6278376579284668,-0.09252594411373138,0.30137380957603455,0.7342255711555481,-0.08213892579078674,0.33362823724746704,0.6461195945739746,-0.11910946667194366,0.35490259528160095,0.591312050819397,-0.13862892985343933,0.3712212145328522,0.5433512330055237,-0.1503003090620041,0.34294602274894714,0.7607744932174683,-0.0865316316485405,0.3732905089855194,0.6479577422142029,-0.12345238029956818,0.3967224955558777,0.571053683757782,-0.1375792771577835,0.4140779376029968,0.5112746357917786,-0.14638067781925201,0.3901059627532959,0.7819613218307495,-0.0896197184920311,0.412386029958725,0.6709030866622925,-0.12207792699337006,0.4320211708545685,0.5942692756652832,-0.12845449149608612,0.44229093194007874,0.5370252132415771,-0.1301671713590622,0.4320817291736603,0.7912375926971436,-0.0927860215306282,0.44547584652900696,0.7087763547897339,-0.11649317294359207,0.44980937242507935,0.6550578474998474,-0.1200280636548996,0.4511464834213257,0.6114543676376343,-0.12097878009080887
62,0.5468556880950928,0.8349801301956177,-5.321945195646549e-08,0.5772562026977539,0.757146418094635,-0.00033656368032097816,0.6016343235969543,0.66975337266922,-0.0118600744754076,0.6068587303161621,0.5969504117965698,-0.022062700241804123,0.610794723033905,0.5371212363243103,-0.035570040345191956,0.6232476234436035,0.6814386248588562,-0.055418964475393295,0.5945702195167542,0.5850750803947449,-0.0824810191988945,0.5695043802261353,0.5331298112869263,-0.09666285663843155,0.5452909469604492,0.4925827383995056,-0.10504280775785446,0.6056573390960693,0.7159391641616821,-0.0691257193684578,0.5728649497032166,0.603595495223999,-0.09346406906843185,0.5417568683624268,0.5381209850311279,-0.10394149273633957,0.51250821352005,0.4900737404823303,-0.11363775283098221,0.5747438073158264,0.7507293224334717,-0.08031542599201202,0.5497190356254578,0.6448400020599365,-0.10322330892086029,0.5255202054977417,0.5787323117256165,-0.11167943477630615,0.5029978156089783,0.5267120599746704,-0.11888270080089569,0.5313026905059814,0.7816280722618103,-0.08945856988430023,0.5188248753547668,0.7055356502532959,-0.11195629090070724,0.5117955207824707,0.6551103591918945,-0.11995378136634827,0.5036909580230713,0.6088871955871582,-0.12592703104019165,0.3752962648868561,0.85256028175354,8.567502618461731e-07,0.33265021443367004,0.7988439798355103,-0.024955755099654198,0.29055798053741455,0.7337057590484619,-0.05005168542265892,0.26474180817604065,0.6825103163719177,-0.06995504349470139,0.24971702694892883,0.6294355392456055,-0.09080341458320618,0.2982074022293091,0.7380849719047546,-0.08093864470720291,0.32960984110832214,0.651994526386261,-0.1176101416349411,0.3519386053085327,0.5966991186141968,-0.13736256957054138,0.37014079093933105,0.5477297306060791,-0.14928416907787323,0.3410031199455261,0.7647479772567749,-0.08515069633722305,0.3719661831855774,0.6526209712028503,-0.12082334607839584,0.3954295814037323,0.5767657160758972,-0.13508938252925873,0.4125148057937622,0.5172662138938904,-0.14460624754428864,0.38823753595352173,0.786435067653656,-0.0883626863360405,0.411413311958313,0.6763836741447449,-0.12022855132818222,0.4305969476699829,0.6010101437568665,-0.126816064119339,0.4401669204235077,0.5446896553039551,-0.12911519408226013,0.4297301769256592,0.7971013784408569,-0.0917786955833435,0.44363781809806824,0.7146590352058411,-0.11525450646877289,0.4481619894504547,0.6599480509757996,-0.1187886893749237,0.4493432641029358,0.6159141063690186,-0.12008567899465561
63,0.5872730612754822,0.8599791526794434,2.2082556938585185e-07,0.609849750995636,0.7620782852172852,-0.0008741446654312313,0.6216017007827759,0.6687310338020325,-0.01270328089594841,0.6199197173118591,0.5987697839736938,-0.024850904941558838,0.6100926995277405,0.5356584191322327,-0.04076968505978584,0.6322337985038757,0.6670135855674744,-0.05059456080198288,0.5974215269088745,0.5716729760169983,-0.0748215839266777,0.5677041411399841,0.5245447754859924,-0.08624267578125,0.53764408826828,0.488849014043808,-0.09335446357727051,0.6079630851745605,0.6978646516799927,-0.06480050832033157,0.5789907574653625,0.5951852798461914,-0.08782608807086945,0.5437119007110596,0.5365775227546692,-0.09763528406620026,0.51280277967453,0.49489957094192505,-0.10673901438713074,0.5773469805717468,0.738844096660614,-0.07707532495260239,0.5573097467422485,0.647337794303894,-0.09668663889169693,0.5279470086097717,0.5873147249221802,-0.10397932678461075,0.5041031241416931,0.538788914680481,-0.11110198497772217,0.5401000380516052,0.7867792844772339,-0.08808653056621552,0.5241442918777466,0.7228718400001526,-0.1066708043217659,0.5130595564842224,0.6726892590522766,-0.11215776205062866,0.5044006109237671,0.6269799470901489,-0.11694681644439697,0.37852591276168823,0.8479706048965454,8.912866746868531e-07,0.33545035123825073,0.7961671352386475,-0.02618660032749176,0.29199540615081787,0.7343867421150208,-0.053107619285583496,0.266266405582428,0.6852151155471802,-0.07457490265369415,0.2519627511501312,0.6318490505218506,-0.09680131822824478,0.29697054624557495,0.7384814620018005,-0.08421298116445541,0.3271072506904602,0.6533543467521667,-0.1222713440656662,0.3496941030025482,0.5974608659744263,-0.14268508553504944,0.36965659260749817,0.5475555062294006,-0.1549079716205597,0.3394201099872589,0.7653994560241699,-0.08813045173883438,0.3696731626987457,0.6520995497703552,-0.12606805562973022,0.3936188220977783,0.5754092931747437,-0.14143113791942596,0.41155436635017395,0.5152392387390137,-0.15120679140090942,0.3868826925754547,0.7860323786735535,-0.0909779965877533,0.4094734191894531,0.6758955121040344,-0.12439426779747009,0.4291108250617981,0.6003826260566711,-0.13175104558467865,0.43808338046073914,0.5444239974021912,-0.13426007330417633,0.42823362350463867,0.7945024967193604,-0.09404759109020233,0.4412962794303894,0.7134566307067871,-0.11825378239154816,0.44594642519950867,0.6598267555236816,-0.12241558730602264,0.4466172456741333,0.6163203716278076,-0.1240617111325264
64,0.5517528057098389,0.8352879285812378,-4.795968777671078e-08,0.577892005443573,0.7529915571212769,0.0004287536721676588,0.6009963154792786,0.663970947265625,-0.010532481595873833,0.6064680814743042,0.5894452929496765,-0.020340967923402786,0.6119747757911682,0.530479907989502,-0.03334483876824379,0.6276407837867737,0.680122435092926,-0.053739000111818314,0.5965473651885986,0.5810755491256714,-0.08038390427827835,0.5693996548652649,0.5282884240150452,-0.09420477598905563,0.5428970456123352,0.4884040355682373,-0.10185542702674866,0.6092053055763245,0.7146662473678589,-0.06736554950475693,0.5769833326339722,0.601987361907959,-0.09066367149353027,0.5456126928329468,0.5365545153617859,-0.10052413493394852,0.5162991285324097,0.4902403652667999,-0.10944851487874985,0.5780224800109863,0.7485694885253906,-0.07831880450248718,0.5529350638389587,0.6445735692977905,-0.09910178929567337,0.5291811227798462,0.5793679356575012,-0.10581435263156891,0.5078897476196289,0.5292665958404541,-0.11178001016378403,0.535853385925293,0.7780647277832031,-0.08732128888368607,0.5219161510467529,0.7030007243156433,-0.1058121994137764,0.5163105130195618,0.655821681022644,-0.11042263358831406,0.5108799338340759,0.6140421628952026,-0.11423441022634506,0.3691377341747284,0.8561584949493408,4.841575105274387e-07,0.313312292098999,0.7916033864021301,-0.015879005193710327,0.27241867780685425,0.7238844037055969,-0.03617620840668678,0.256178617477417,0.6730526089668274,-0.053364768624305725,0.25138235092163086,0.6260427832603455,-0.07115522027015686,0.2954554259777069,0.7539056539535522,-0.07427097856998444,0.3285333216190338,0.6543265581130981,-0.10575807839632034,0.35216307640075684,0.5922658443450928,-0.11905591189861298,0.37205448746681213,0.5427772402763367,-0.12532587349414825,0.3396056592464447,0.7794502377510071,-0.081300288438797,0.36955752968788147,0.6587580442428589,-0.11061957478523254,0.3938632607460022,0.5786466002464294,-0.12090793997049332,0.4123159945011139,0.5156676769256592,-0.12792856991291046,0.38342994451522827,0.7978488206863403,-0.08648021519184113,0.40629780292510986,0.683630108833313,-0.11113923043012619,0.42562639713287354,0.6088030338287354,-0.11812211573123932,0.4395197033882141,0.5451439619064331,-0.12197276949882507,0.42448708415031433,0.8085022568702698,-0.09134727716445923,0.43863481283187866,0.7238215804100037,-0.11080337315797806,0.447056382894516,0.6702655553817749,-0.11450975388288498,0.4528960585594177,0.6211938261985779,-0.11629080027341843
65,0.5786100625991821,0.8614374995231628,1.584953963629232e-07,0.6066889762878418,0.7713488936424255,-0.0025428510271012783,0.6229817867279053,0.6709932684898376,-0.012457405216991901,0.6221857070922852,0.594117283821106,-0.021494051441550255,0.6160081624984741,0.5314925312995911,-0.034182414412498474,0.6349399089813232,0.6748631000518799,-0.04957226291298866,0.6026900410652161,0.5760756134986877,-0.07230549305677414,0.5755887627601624,0.5271254777908325,-0.08258528262376785,0.5486630797386169,0.4908400774002075,-0.08852221071720123,0.6121997237205505,0.7029399275779724,-0.06188291683793068,0.5790227055549622,0.5948389768600464,-0.08240148425102234,0.5453159213066101,0.5348522067070007,-0.09183492511510849,0.515658438205719,0.49037569761276245,-0.10045194625854492,0.5797685384750366,0.7392645478248596,-0.07224239408969879,0.5554179549217224,0.6394348740577698,-0.0911615714430809,0.5296050310134888,0.5800053477287292,-0.09950415045022964,0.5089037418365479,0.5329760313034058,-0.10682089626789093,0.5376577377319336,0.7810665369033813,-0.08121711760759354,0.5215349197387695,0.7127682566642761,-0.098911814391613,0.5144121646881104,0.6652453541755676,-0.1045544445514679,0.5096563696861267,0.6224673390388489,-0.10924963653087616,0.3780077397823334,0.8536484241485596,7.939092938613612e-07,0.3329118490219116,0.7993732690811157,-0.02116389386355877,0.28815460205078125,0.734900951385498,-0.044333815574645996,0.2622378468513489,0.6831194162368774,-0.06325472891330719,0.2545586824417114,0.6293597221374512,-0.08275824785232544,0.2964980900287628,0.7374052405357361,-0.07453487813472748,0.3283226490020752,0.6507465243339539,-0.10853125900030136,0.34982720017433167,0.5960633158683777,-0.1261679232120514,0.3670969009399414,0.5487070083618164,-0.13657346367835999,0.3364395797252655,0.7647318243980408,-0.0798364207148552,0.3690498471260071,0.6505638957023621,-0.11259468644857407,0.39269307255744934,0.5747271180152893,-0.12485682219266891,0.4095841348171234,0.5166840553283691,-0.1327298879623413,0.3823906481266022,0.7864234447479248,-0.0839567705988884,0.4058738052845001,0.6735301613807678,-0.11366177350282669,0.4258790910243988,0.5983712077140808,-0.11915510892868042,0.4346960783004761,0.544719934463501,-0.12037735432386398,0.4237419664859772,0.7966191172599792,-0.0881107896566391,0.43831998109817505,0.7121372818946838,-0.1099969670176506,0.4443250894546509,0.6584959030151367,-0.11241673678159714,0.4454631209373474,0.6181609630584717,-0.11249836534261703
66,0.5566877126693726,0.8271322250366211,-1.1437546021397793e-07,0.5885988473892212,0.7506974339485168,-0.0005428388249129057,0.611121416091919,0.6670741438865662,-0.012211019173264503,0.6157242655754089,0.5933392643928528,-0.022772865369915962,0.6192857623100281,0.53190016746521,-0.03669636696577072,0.631971001625061,0.6763244867324829,-0.05299844592809677,0.600520670413971,0.5786922574043274,-0.08028503507375717,0.5725327134132385,0.5278006196022034,-0.09543877840042114,0.546174943447113,0.48884525895118713,-0.10408306121826172,0.6123265027999878,0.710936427116394,-0.06591492891311646,0.5781636238098145,0.5994386672973633,-0.08902806043624878,0.5466566681861877,0.534980058670044,-0.09978578239679337,0.5173219442367554,0.4908721148967743,-0.11002297699451447,0.5809764862060547,0.744417667388916,-0.0764986127614975,0.5525042414665222,0.6431516408920288,-0.09699185937643051,0.5303145051002502,0.5788386464118958,-0.10444401204586029,0.5104677081108093,0.5312338471412659,-0.11149055510759354,0.5399942398071289,0.7720382213592529,-0.08532518148422241,0.5226342082023621,0.697786808013916,-0.10458142310380936,0.5176277160644531,0.6522613763809204,-0.11076325178146362,0.5133949518203735,0.6137933731079102,-0.11589009314775467,0.3771771192550659,0.8481626510620117,8.046782795645413e-07,0.33286696672439575,0.7951805591583252,-0.02424004301428795,0.28948885202407837,0.729212760925293,-0.04683424159884453,0.2628047466278076,0.6767241954803467,-0.06476645916700363,0.24650287628173828,0.6236462593078613,-0.08289946615695953,0.2956169843673706,0.7351844906806946,-0.07223407924175262,0.32698962092399597,0.6487516164779663,-0.1066238209605217,0.34938129782676697,0.5948290824890137,-0.12479986250400543,0.36701250076293945,0.5485538244247437,-0.13549603521823883,0.336796373128891,0.7609865665435791,-0.07615268230438232,0.36926984786987305,0.6508496403694153,-0.10859700292348862,0.39291292428970337,0.5773049592971802,-0.1205669641494751,0.4093230366706848,0.5195436477661133,-0.12852874398231506,0.3831612467765808,0.7818397283554077,-0.0798225849866867,0.40692996978759766,0.6734307408332825,-0.1103886142373085,0.4259619414806366,0.5988329648971558,-0.11590241640806198,0.4355861246585846,0.5436122417449951,-0.11711118370294571,0.42537984251976013,0.7920743823051453,-0.08393018692731857,0.4392223358154297,0.7103071808815002,-0.10686392337083817,0.4443599283695221,0.6575904488563538,-0.10959313809871674,0.445929616689682,0.616432785987854,-0.10987117141485214
67,0.576511025428772,0.8397380113601685,1.5971862410424364e-07,0.6044086217880249,0.7561173439025879,-0.005594077054411173,0.6211941242218018,0.6581552028656006,-0.018098101019859314,0.6205904483795166,0.5835736989974976,-0.02934187650680542,0.6223544478416443,0.5223173499107361,-0.0446024164557457,0.6346517205238342,0.6660251617431641,-0.057236943393945694,0.6044685244560242,0.5734043717384338,-0.08340349793434143,0.5771639943122864,0.5275988578796387,-0.09630586951971054,0.5489896535873413,0.4925650358200073,-0.10444099456071854,0.6103639006614685,0.6974921226501465,-0.06913845241069794,0.5791608095169067,0.5977911353111267,-0.0938187763094902,0.548214852809906,0.5396347045898438,-0.10592202097177505,0.5198906064033508,0.4960392713546753,-0.11712668836116791,0.5775794982910156,0.7362431287765503,-0.07922019809484482,0.5534365177154541,0.6503118872642517,-0.10159038007259369,0.5309591293334961,0.5902805328369141,-0.11169696599245071,0.5132103562355042,0.5411728024482727,-0.12056247144937515,0.5353503823280334,0.7788291573524475,-0.08800680935382843,0.5191556215286255,0.7135928273200989,-0.10839392989873886,0.5136868357658386,0.6667108535766602,-0.11615760624408722,0.5095939636230469,0.6228182315826416,-0.12309275567531586,0.36947593092918396,0.8512493968009949,7.583569754388009e-07,0.3279738128185272,0.7930330038070679,-0.022900454699993134,0.28705617785453796,0.7282025218009949,-0.04457680881023407,0.2615966498851776,0.6791736483573914,-0.061898086220026016,0.24645330011844635,0.6265738010406494,-0.07940086722373962,0.2982620298862457,0.7309170961380005,-0.0663146823644638,0.32814064621925354,0.6571125984191895,-0.09949763864278793,0.34956425428390503,0.6040588021278381,-0.11830830574035645,0.3670227527618408,0.556126058101654,-0.12991344928741455,0.3395307660102844,0.7571729421615601,-0.07084132730960846,0.3743153512477875,0.6563762426376343,-0.10239630937576294,0.39627864956855774,0.5844720602035522,-0.11520352959632874,0.41087210178375244,0.5258418321609497,-0.1239825040102005,0.3853272497653961,0.7789965271949768,-0.07528224587440491,0.41284453868865967,0.6781334280967712,-0.10539164394140244,0.43252044916152954,0.6063686013221741,-0.11078222841024399,0.44166669249534607,0.5527585744857788,-0.1117846667766571,0.42574405670166016,0.7910737991333008,-0.0801362469792366,0.4449794888496399,0.7146252989768982,-0.10208407044410706,0.4511612057685852,0.6630510091781616,-0.10401950776576996,0.4523070454597473,0.621249794960022,-0.10382045060396194
68,0.5595353841781616,0.8170390725135803,-1.0018154483759645e-07,0.5886384844779968,0.7403605580329895,-0.0016926846001297235,0.6094117760658264,0.6563960909843445,-0.012637129053473473,0.6156054735183716,0.5845889449119568,-0.022770419716835022,0.6224533915519714,0.5251333117485046,-0.036005496978759766,0.6255368590354919,0.6687946319580078,-0.050350628793239594,0.6005834341049194,0.5800784230232239,-0.07711813598871231,0.5756663084030151,0.5313048362731934,-0.09235266596078873,0.5505873560905457,0.4917064905166626,-0.10185587406158447,0.6064156889915466,0.7021533846855164,-0.06318999826908112,0.5759095549583435,0.6025896668434143,-0.0871497169137001,0.5474922060966492,0.541068434715271,-0.0984959527850151,0.5190414786338806,0.4980680048465729,-0.10925492644309998,0.5754777193069458,0.7359669804573059,-0.0741453543305397,0.5490865111351013,0.6444456577301025,-0.09681262820959091,0.5284789204597473,0.5838500261306763,-0.1045478954911232,0.5087303519248962,0.5384105443954468,-0.11142004281282425,0.5350395441055298,0.7654674649238586,-0.08346839249134064,0.5178552269935608,0.6969013214111328,-0.1053207740187645,0.5113929510116577,0.6535739302635193,-0.11240217834711075,0.5045941472053528,0.6171884536743164,-0.1177688017487526,0.3743038475513458,0.844231367111206,7.951343832246494e-07,0.33223456144332886,0.7899957895278931,-0.025843242183327675,0.28942883014678955,0.7234926223754883,-0.049831464886665344,0.26052701473236084,0.6715682744979858,-0.06865240633487701,0.24206599593162537,0.6178107261657715,-0.0880042091012001,0.30128753185272217,0.732731282711029,-0.07643229514360428,0.33004796504974365,0.6584801077842712,-0.11239293217658997,0.3522317409515381,0.6087995171546936,-0.13169045746326447,0.37203845381736755,0.5641806125640869,-0.14356854557991028,0.34380459785461426,0.7589359283447266,-0.07999049127101898,0.3766597509384155,0.6580606698989868,-0.11504297703504562,0.4005456566810608,0.5907134413719177,-0.13002733886241913,0.41794928908348083,0.5357508659362793,-0.14070425927639008,0.38888469338417053,0.7807241678237915,-0.08303512632846832,0.41508200764656067,0.6835880279541016,-0.11547264456748962,0.4366641938686371,0.6172211170196533,-0.122649185359478,0.4481765627861023,0.5642045736312866,-0.12555661797523499,0.42864683270454407,0.7934037446975708,-0.08634517341852188,0.4466193616390228,0.7196075320243835,-0.11013584583997726,0.4549211263656616,0.6710745692253113,-0.11396793276071548,0.4586934447288513,0.6294113993644714,-0.11573181301355362
69,0.5786664485931396,0.8442827463150024,2.3249550906712102e-07,0.600698709487915,0.7505694627761841,-0.004869385156780481,0.6151138544082642,0.6508401036262512,-0.016826367005705833,0.6168341636657715,0.5745980143547058,-0.02821810357272625,0.6230427026748657,0.5099568963050842,-0.04355974122881889,0.6280578970909119,0.6671061515808105,-0.050023019313812256,0.6016269326210022,0.5793314576148987,-0.07375477254390717,0.5756538510322571,0.5335603356361389,-0.08582203090190887,0.5493072867393494,0.49802523851394653,-0.09410004317760468,0.6035477519035339,0.6986556053161621,-0.06161506101489067,0.576913058757782,0.607673704624176,-0.0838516429066658,0.547669529914856,0.5498121380805969,-0.0955338329076767,0.5221071243286133,0.5041605830192566,-0.1070597767829895,0.5719420909881592,0.7381969094276428,-0.07177410274744034,0.5512794852256775,0.6551945209503174,-0.09355654567480087,0.5286983251571655,0.5959591269493103,-0.10404808074235916,0.5103416442871094,0.5458582043647766,-0.11350513249635696,0.5323510766029358,0.7830219864845276,-0.08068051934242249,0.517948567867279,0.7219964861869812,-0.10221435129642487,0.5104825496673584,0.676716148853302,-0.11086756736040115,0.5029522180557251,0.6339893937110901,-0.11832250654697418,0.3687034249305725,0.8445550799369812,6.996516503932071e-07,0.3290773928165436,0.7839736938476562,-0.023477226495742798,0.2893637418746948,0.7125502824783325,-0.04420313239097595,0.26181620359420776,0.6609159111976624,-0.06075967848300934,0.24146375060081482,0.6079607009887695,-0.07744323462247849,0.305024653673172,0.7199892997741699,-0.06528760492801666,0.33579838275909424,0.6542927622795105,-0.09893476963043213,0.35757288336753845,0.6083659529685974,-0.11799577623605728,0.375942587852478,0.5649231672286987,-0.1300238072872162,0.3443283140659332,0.751102089881897,-0.06964045017957687,0.37910857796669006,0.6597875952720642,-0.101853147149086,0.4023076593875885,0.5951504707336426,-0.11575822532176971,0.41939839720726013,0.5405092239379883,-0.12572729587554932,0.38749587535858154,0.7780097126960754,-0.07409536838531494,0.41572073101997375,0.6877297163009644,-0.10525132715702057,0.43808528780937195,0.6237719655036926,-0.11125832796096802,0.45054152607917786,0.5731156468391418,-0.11297009885311127,0.4254249930381775,0.7950499653816223,-0.07900414615869522,0.44606560468673706,0.7253316044807434,-0.10202980786561966,0.4545694887638092,0.6763436198234558,-0.10474013537168503,0.4587622582912445,0.6332627534866333,-0.10541554540395737
70,0.5606579780578613,0.8097206950187683,-3.148639393657504e-08,0.5844060778617859,0.7257040143013,-0.005244048777967691,0.6038954257965088,0.6390499472618103,-0.01677233912050724,0.6117045879364014,0.5667402744293213,-0.02688654325902462,0.6223479509353638,0.5070408582687378,-0.039773646742105484,0.6202009916305542,0.6601333022117615,-0.04789797589182854,0.5972332954406738,0.5786762237548828,-0.07292700558900833,0.5729644894599915,0.5324499011039734,-0.0875052884221077,0.5486676692962646,0.4941881597042084,-0.09667781740427017,0.6029738187789917,0.6940463781356812,-0.058390531688928604,0.5748788118362427,0.6019717454910278,-0.0793604776263237,0.5477825999259949,0.5433627367019653,-0.08993624150753021,0.5211280584335327,0.5014595985412598,-0.10087887197732925,0.5743455290794373,0.7293009161949158,-0.06752834469079971,0.5491584539413452,0.6454092860221863,-0.08724375814199448,0.5290806293487549,0.5873430967330933,-0.09416842460632324,0.5108708739280701,0.5419894456863403,-0.10139217972755432,0.5358022451400757,0.7609491944313049,-0.07569529861211777,0.5198178291320801,0.7000377178192139,-0.09397485852241516,0.514157772064209,0.6592366695404053,-0.09957550466060638,0.5080747604370117,0.6245101094245911,-0.10488404333591461,0.3697355091571808,0.8340036273002625,7.438736133735802e-07,0.33243438601493835,0.770872175693512,-0.02531534433364868,0.2903076410293579,0.699523389339447,-0.047383375465869904,0.2620256543159485,0.6457105278968811,-0.06477299332618713,0.24393148720264435,0.590756893157959,-0.08229754865169525,0.30162182450294495,0.7204306721687317,-0.07022561132907867,0.330996572971344,0.653842568397522,-0.10591936856508255,0.35420310497283936,0.6051151156425476,-0.12612223625183105,0.3753918409347534,0.5601961016654968,-0.13851206004619598,0.3423149585723877,0.751606285572052,-0.07333482056856155,0.37574371695518494,0.6592655181884766,-0.1074942871928215,0.4019652009010315,0.5922194719314575,-0.12270617485046387,0.42202913761138916,0.5375480651855469,-0.1333984136581421,0.386161208152771,0.7757910490036011,-0.07643094658851624,0.4123128056526184,0.6847968697547913,-0.10823262482881546,0.4356158971786499,0.6182883381843567,-0.11538143455982208,0.44845616817474365,0.5646953582763672,-0.11787392944097519,0.4243851602077484,0.7878950834274292,-0.08002524077892303,0.4429439604282379,0.7178824543952942,-0.10306309163570404,0.4507737159729004,0.6703129410743713,-0.10685773193836212,0.45393747091293335,0.6290647387504578,-0.10842675715684891
71,0.5755204558372498,0.8271112442016602,8.601671908081698e-08,0.5984976291656494,0.7368029952049255,-0.007678214926272631,0.6145094633102417,0.635826587677002,-0.020676346495747566,0.6183711290359497,0.5565078854560852,-0.0322231724858284,0.626380443572998,0.49346786737442017,-0.04740214720368385,0.6278762221336365,0.6524933576583862,-0.055735744535923004,0.5997441411018372,0.5668443441390991,-0.08049093186855316,0.5733954906463623,0.5229520797729492,-0.09313078969717026,0.5463773012161255,0.48614567518234253,-0.10194703936576843,0.6076600551605225,0.684400200843811,-0.06635940074920654,0.5807515382766724,0.5947793126106262,-0.09040167182683945,0.5505785346031189,0.5400712490081787,-0.10228589177131653,0.5223264098167419,0.49669915437698364,-0.11397640407085419,0.5784737467765808,0.7223411798477173,-0.07558239251375198,0.5582836270332336,0.6418473124504089,-0.09879867732524872,0.5349611639976501,0.5849519371986389,-0.10962779819965363,0.5151612162590027,0.5377458930015564,-0.1192464679479599,0.5382910370826721,0.7639669179916382,-0.08380967378616333,0.524530291557312,0.7043137550354004,-0.10459637641906738,0.5164331197738647,0.658663272857666,-0.11343755573034286,0.5096668004989624,0.6155607104301453,-0.12165338546037674,0.36979714035987854,0.8350911140441895,6.643149959018047e-07,0.331157922744751,0.7719046473503113,-0.01936362124979496,0.2927866578102112,0.6963040232658386,-0.037678640335798264,0.2680736780166626,0.6387245655059814,-0.0527082122862339,0.25319087505340576,0.5819177031517029,-0.06821813434362411,0.30379053950309753,0.710274338722229,-0.05897396802902222,0.33787471055984497,0.6427217721939087,-0.09033233672380447,0.36030545830726624,0.5960050821304321,-0.10760609805583954,0.3803519904613495,0.553290843963623,-0.11853326857089996,0.3429502844810486,0.7415097951889038,-0.06486451625823975,0.38032323122024536,0.6477546691894531,-0.09427511692047119,0.4047515094280243,0.5813032984733582,-0.10670361667871475,0.42340776324272156,0.5262457132339478,-0.11620873957872391,0.38479629158973694,0.7686628699302673,-0.07081149518489838,0.41518086194992065,0.6740803122520447,-0.09974292665719986,0.43765971064567566,0.6107217073440552,-0.10532915592193604,0.4504013657569885,0.5611076354980469,-0.10730940103530884,0.4222256541252136,0.7859839200973511,-0.07694896310567856,0.44333431124687195,0.7154269218444824,-0.09898105263710022,0.4523164629936218,0.6662974953651428,-0.10196942090988159,0.4565120339393616,0.6241939067840576,-0.1030862033367157
72,0.5658945441246033,0.8114154934883118,-1.1264889110407239e-07,0.5839729905128479,0.7211679816246033,-0.0049239350482821465,0.5964036583900452,0.6293166875839233,-0.016612868756055832,0.5985348224639893,0.5546858310699463,-0.027709124609827995,0.609337329864502,0.4945940375328064,-0.041570570319890976,0.6186004877090454,0.6529505252838135,-0.04615261033177376,0.5970189571380615,0.5715164542198181,-0.0744020864367485,0.573360025882721,0.5241217613220215,-0.09239368885755539,0.5482596755027771,0.4838736951351166,-0.1043066680431366,0.6025637984275818,0.6874900460243225,-0.05833850055932999,0.5735418200492859,0.5941534638404846,-0.08297093957662582,0.5451098680496216,0.5352506637573242,-0.09608396887779236,0.5160288214683533,0.49172288179397583,-0.10873188078403473,0.5755693316459656,0.7227431535720825,-0.06976242363452911,0.5499383211135864,0.637215793132782,-0.09313544631004333,0.5286926031112671,0.5783352255821228,-0.10221727937459946,0.5086827874183655,0.5322108268737793,-0.11046040803194046,0.5395066142082214,0.7557340860366821,-0.08027943223714828,0.5227715373039246,0.6937155723571777,-0.10182634741067886,0.5158980488777161,0.651752233505249,-0.10989250242710114,0.5086780190467834,0.6166117787361145,-0.11675065755844116,0.37401053309440613,0.835923433303833,6.290574674494565e-07,0.34092283248901367,0.7718951106071472,-0.016023293137550354,0.3076394498348236,0.6898606419563293,-0.03159289062023163,0.28606677055358887,0.6238889694213867,-0.04459376260638237,0.26845210790634155,0.5651968717575073,-0.05812849849462509,0.3104786276817322,0.7023818492889404,-0.0544685460627079,0.3380100131034851,0.6280768513679504,-0.08419013023376465,0.3612748086452484,0.5806077718734741,-0.09971460700035095,0.3815937936306,0.5398198366165161,-0.10884355753660202,0.3432859182357788,0.7327535152435303,-0.06124473363161087,0.37667107582092285,0.6374040246009827,-0.08889427781105042,0.4029602110385895,0.5713241100311279,-0.09942946583032608,0.42480790615081787,0.5197150707244873,-0.1066354364156723,0.3824656903743744,0.762092649936676,-0.06807734072208405,0.41143882274627686,0.6666613817214966,-0.09516489505767822,0.43466705083847046,0.6022961735725403,-0.10075212270021439,0.4495711028575897,0.5518679618835449,-0.10241232812404633,0.4210878908634186,0.7829901576042175,-0.07489269971847534,0.44057807326316833,0.7102624177932739,-0.09667599201202393,0.44902563095092773,0.6610192060470581,-0.10033673793077469,0.4531911015510559,0.6203299164772034,-0.10121281445026398
73,0.5535109639167786,0.8243988752365112,1.6527866364413057e-07,0.567825973033905,0.728880763053894,0.010557967238128185,0.5882705450057983,0.6484311819076538,0.0028966835234314203,0.5951603055000305,0.5855023860931396,-0.007998805493116379,0.5862017273902893,0.5347437858581543,-0.023326316848397255,0.6047808527946472,0.6673300266265869,-0.03700803965330124,0.589116096496582,0.5824896693229675,-0.06022244319319725,0.5719589591026306,0.5352083444595337,-0.07399264723062515,0.5508663058280945,0.49043384194374084,-0.08488040417432785,0.5877402424812317,0.6921145915985107,-0.057209499180316925,0.5748836994171143,0.5984944701194763,-0.08525077998638153,0.5509236454963684,0.5394065976142883,-0.09917096793651581,0.5258559584617615,0.4844658672809601,-0.11191879957914352,0.5615601539611816,0.7254775166511536,-0.0748303011059761,0.5541245341300964,0.6447972655296326,-0.09988641738891602,0.5336376428604126,0.5865199565887451,-0.10942046344280243,0.5146904587745667,0.5298439860343933,-0.11893992871046066,0.5252721309661865,0.7642500400543213,-0.09038922190666199,0.5203533172607422,0.7135509848594666,-0.11371847242116928,0.5183525681495667,0.6681574583053589,-0.12272568047046661,0.5162554979324341,0.6188501119613647,-0.13168595731258392,0.38106247782707214,0.8314833045005798,5.880417006665084e-07,0.3500961363315582,0.7641075253486633,-0.009230930358171463,0.32491230964660645,0.6781402826309204,-0.025412268936634064,0.3156692385673523,0.6049913167953491,-0.04075968265533447,0.3088938593864441,0.5400600433349609,-0.05774932727217674,0.3166043758392334,0.6858762502670288,-0.05759316682815552,0.341784805059433,0.6058356165885925,-0.09007878601551056,0.3653237223625183,0.5587138533592224,-0.10678132623434067,0.38497114181518555,0.5194272398948669,-0.11688258498907089,0.34138938784599304,0.7198930978775024,-0.06950090080499649,0.3731224238872528,0.62171471118927,-0.10116134583950043,0.4005151093006134,0.5580741167068481,-0.11292791366577148,0.42304864525794983,0.5096694827079773,-0.12051602452993393,0.37652695178985596,0.7533437609672546,-0.08063903450965881,0.4031561613082886,0.6564323306083679,-0.1101415678858757,0.4280899167060852,0.5926466584205627,-0.1174793541431427,0.442979633808136,0.5415197610855103,-0.12073623389005661,0.4138975143432617,0.7785524725914001,-0.09119481593370438,0.43256911635398865,0.7072653770446777,-0.11537554115056992,0.4422287046909332,0.6584471464157104,-0.1216316893696785,0.4470081627368927,0.6170735359191895,-0.12459062039852142
74,0.5632621645927429,0.8204623460769653,-2.9718554728219715e-08,0.578078031539917,0.7530234456062317,0.00400313688442111,0.5864898562431335,0.6716493368148804,-0.004470594692975283,0.5871427655220032,0.603890061378479,-0.013234633021056652,0.5808277130126953,0.5488631129264832,-0.02578788436949253,0.6124194860458374,0.6653054356575012,-0.046087950468063354,0.5917223691940308,0.5773945450782776,-0.07332423329353333,0.5734814405441284,0.5247963666915894,-0.08955106884241104,0.5541648268699646,0.4843738079071045,-0.09956999123096466,0.6007657051086426,0.6902953386306763,-0.062094297260046005,0.574591875076294,0.5886581540107727,-0.08911063522100449,0.549669086933136,0.5280281901359558,-0.10268645733594894,0.525038480758667,0.48344117403030396,-0.11284356564283371,0.5771113634109497,0.7219399809837341,-0.07533717900514603,0.5544489026069641,0.6258774399757385,-0.09995613247156143,0.5337676405906677,0.5663655400276184,-0.1097508892416954,0.5156635046005249,0.5201475024223328,-0.11663159728050232,0.5423310399055481,0.7518534064292908,-0.08635523915290833,0.5265500545501709,0.6856652498245239,-0.10986018180847168,0.5235230922698975,0.6428582072257996,-0.11827287822961807,0.5232046246528625,0.6047163009643555,-0.12349945306777954,0.3816782236099243,0.8335379362106323,5.767078619101085e-07,0.3502274453639984,0.7636593580245972,-0.00845454353839159,0.3254825472831726,0.6777099967002869,-0.024059632793068886,0.31680572032928467,0.6041405200958252,-0.03902128338813782,0.307925820350647,0.5412269830703735,-0.05551512911915779,0.3170147240161896,0.6854777336120605,-0.057763099670410156,0.34040290117263794,0.6075699329376221,-0.09120617806911469,0.3637537658214569,0.558636486530304,-0.10874822735786438,0.38358089327812195,0.5181803107261658,-0.11940935254096985,0.34277936816215515,0.7207018136978149,-0.07043623924255371,0.3729972243309021,0.6253959536552429,-0.10320407152175903,0.4008963704109192,0.5595049858093262,-0.11523693799972534,0.4231160581111908,0.50801682472229,-0.12337015569210052,0.3781872093677521,0.7539914846420288,-0.0824178010225296,0.4051934480667114,0.6595871448516846,-0.11281432211399078,0.4311037063598633,0.5962314009666443,-0.11919327080249786,0.44707486033439636,0.5454604625701904,-0.12169310450553894,0.4146592319011688,0.7795168161392212,-0.09394041448831558,0.4324573874473572,0.7086068987846375,-0.11784094572067261,0.4424070715904236,0.6590390205383301,-0.12316471338272095,0.44882577657699585,0.6168423891067505,-0.1255960315465927
75,0.554438054561615,0.8242990374565125,-1.743629596262508e-08,0.5357227325439453,0.7417480945587158,0.00010721151920733973,0.5378590822219849,0.6687085032463074,-0.010740800760686398,0.5344470739364624,0.613714873790741,-0.02232327125966549,0.5261359214782715,0.5663148164749146,-0.036414794623851776,0.5977069735527039,0.6617144346237183,-0.03780199959874153,0.5841025114059448,0.5751235485076904,-0.06714171916246414,0.5661700963973999,0.5227142572402954,-0.0875265970826149,0.5447818040847778,0.483365535736084,-0.10000912845134735,0.5926473140716553,0.6842977404594421,-0.05278429016470909,0.576084315776825,0.5885988473892212,-0.08039315789937973,0.5516858100891113,0.5296323299407959,-0.09555894881486893,0.5259944200515747,0.48580819368362427,-0.1059960350394249,0.5741764903068542,0.7133814692497253,-0.06665793806314468,0.5575569272041321,0.6232814788818359,-0.09073977917432785,0.5369462966918945,0.5692992806434631,-0.10023676604032516,0.5189331769943237,0.5262957215309143,-0.10631535202264786,0.5428721904754639,0.7417284846305847,-0.07949129492044449,0.5301318168640137,0.682501494884491,-0.10194738954305649,0.5259134769439697,0.6414883732795715,-0.11020823568105698,0.5262933969497681,0.6050763130187988,-0.11500091105699539,0.38877037167549133,0.8340616822242737,5.89441810916469e-07,0.36122140288352966,0.7578556537628174,-0.00723787909373641,0.33759161829948425,0.6696075797080994,-0.024581629782915115,0.3291832208633423,0.5930197834968567,-0.04107588157057762,0.32641685009002686,0.5253198742866516,-0.05934193357825279,0.32747840881347656,0.6840032339096069,-0.06493548303842545,0.34512192010879517,0.6018955707550049,-0.10265696048736572,0.3706134557723999,0.5530602335929871,-0.12260282784700394,0.39443570375442505,0.5136038064956665,-0.13512232899665833,0.34841248393058777,0.7173080444335938,-0.07940397411584854,0.37683555483818054,0.6208671927452087,-0.1177586242556572,0.4069055914878845,0.554964005947113,-0.13222838938236237,0.43168750405311584,0.5057998895645142,-0.14203254878520966,0.3813486099243164,0.7523376941680908,-0.09256254881620407,0.4049904942512512,0.6566776633262634,-0.12699729204177856,0.4309994578361511,0.5951118469238281,-0.13408657908439636,0.448342889547348,0.5458318591117859,-0.13729733228683472,0.41623905301094055,0.7826310396194458,-0.10496695339679718,0.429985374212265,0.7170494198799133,-0.13314804434776306,0.43938809633255005,0.6661851406097412,-0.14053457975387573,0.4467656910419464,0.6214293837547302,-0.1443661004304886
76,0.5466850996017456,0.8427291512489319,-1.0287105567385879e-07,0.5239689350128174,0.7592546343803406,0.002151279943063855,0.5279523730278015,0.6905436515808105,-0.0060348957777023315,0.5325276851654053,0.6409417390823364,-0.01536402478814125,0.5331469178199768,0.5961655378341675,-0.026852639392018318,0.581253707408905,0.6674800515174866,-0.03218310326337814,0.5642039775848389,0.5836649537086487,-0.05832124128937721,0.5464242100715637,0.5326260328292847,-0.07679951936006546,0.526354193687439,0.49160444736480713,-0.08941591531038284,0.5821113586425781,0.6895063519477844,-0.048818375915288925,0.5608524084091187,0.5942319631576538,-0.07288386672735214,0.5375481247901917,0.5373426079750061,-0.08717099577188492,0.5136362314224243,0.4927002191543579,-0.09822892397642136,0.5695739984512329,0.7223978042602539,-0.06471261382102966,0.5513210892677307,0.6302257180213928,-0.08793079107999802,0.5307035446166992,0.5774555802345276,-0.09926725178956985,0.5118056535720825,0.5334938168525696,-0.10774939507246017,0.5436022877693176,0.7579671144485474,-0.07955845445394516,0.5321578979492188,0.7024198770523071,-0.10548317432403564,0.5247929096221924,0.6601768732070923,-0.11761823296546936,0.5200949311256409,0.6196019649505615,-0.1255103200674057,0.4002631902694702,0.844974935054779,5.283892505758558e-07,0.3755858838558197,0.7629756927490234,-0.0006459553260356188,0.3545335531234741,0.6772950291633606,-0.016294263303279877,0.3481513559818268,0.6043263673782349,-0.03254188224673271,0.35319066047668457,0.5425228476524353,-0.051089465618133545,0.3392392098903656,0.6808163523674011,-0.062305133789777756,0.3583604097366333,0.5912846326828003,-0.09943481534719467,0.3853795826435089,0.5438447594642639,-0.11938633024692535,0.4100455045700073,0.5094702243804932,-0.13149648904800415,0.3546011745929718,0.7178055644035339,-0.07998288422822952,0.38149601221084595,0.6160904169082642,-0.1168760135769844,0.4132310748100281,0.5529454350471497,-0.13065198063850403,0.4401388168334961,0.5103716850280762,-0.13933804631233215,0.3839546740055084,0.756132960319519,-0.09547965228557587,0.4070323705673218,0.657355546951294,-0.12690022587776184,0.43321752548217773,0.5974789261817932,-0.13383392989635468,0.45189982652664185,0.5523375868797302,-0.13724134862422943,0.41779014468193054,0.7894578576087952,-0.10982805490493774,0.43135854601860046,0.7234801054000854,-0.13531383872032166,0.43957602977752686,0.6735841035842896,-0.14186209440231323,0.4469802677631378,0.6303203701972961,-0.14506767690181732
77,0.5442774295806885,0.8370246887207031,-9.157889024891119e-08,0.5231616497039795,0.7514383792877197,0.002834751969203353,0.5263201594352722,0.677255392074585,-0.00582948699593544,0.5282036662101746,0.6232685446739197,-0.01476309634745121,0.5252699851989746,0.5781378746032715,-0.026201562955975533,0.5808193683624268,0.6649675369262695,-0.03855983167886734,0.5597960352897644,0.5809211730957031,-0.06616313755512238,0.539510190486908,0.5319707989692688,-0.08465620875358582,0.5168406367301941,0.4941311776638031,-0.0964733138680458,0.5798288583755493,0.689765214920044,-0.05417639762163162,0.558598518371582,0.5951753854751587,-0.07941512763500214,0.5329134464263916,0.5398009419441223,-0.09186474233865738,0.5067418217658997,0.49688720703125,-0.10136380046606064,0.5664964914321899,0.7226988673210144,-0.06856244802474976,0.5503138303756714,0.6334723234176636,-0.09203671663999557,0.5289713740348816,0.579637885093689,-0.10239329189062119,0.5091110467910767,0.5363553166389465,-0.11010681837797165,0.5407626032829285,0.7570415735244751,-0.08147421479225159,0.5291343331336975,0.7013294696807861,-0.10593777149915695,0.5226078629493713,0.6591467261314392,-0.11690832674503326,0.5192830562591553,0.6193824410438538,-0.124315544962883,0.39730530977249146,0.8468867540359497,6.167504693621595e-07,0.37356603145599365,0.7634832859039307,-0.001964981434866786,0.35333266854286194,0.6772557497024536,-0.01925932802259922,0.3466275632381439,0.602017879486084,-0.03687594458460808,0.35062670707702637,0.5391040444374084,-0.0570075660943985,0.3379386067390442,0.6855220198631287,-0.06724706292152405,0.36058494448661804,0.5909926891326904,-0.10668561607599258,0.3872961699962616,0.5395950078964233,-0.1274936944246292,0.4113140106201172,0.501779317855835,-0.14001215994358063,0.3536731004714966,0.7222954630851746,-0.08547145873308182,0.38101279735565186,0.6179576516151428,-0.12562185525894165,0.4136474132537842,0.5519504547119141,-0.14039331674575806,0.4415520131587982,0.5073808431625366,-0.14944639801979065,0.38384658098220825,0.7598782181739807,-0.10145209729671478,0.40634751319885254,0.6584489941596985,-0.1363563984632492,0.43277227878570557,0.5956436991691589,-0.14438396692276,0.4509706199169159,0.5475478172302246,-0.14821746945381165,0.41782569885253906,0.7927488088607788,-0.11615655571222305,0.43139734864234924,0.7261637449264526,-0.14473100006580353,0.4402709901332855,0.6758159399032593,-0.15226060152053833,0.4478849172592163,0.6322442293167114,-0.1559179276227951
78,0.5537778735160828,0.8349313735961914,-5.296436000890026e-08,0.5429670810699463,0.7525614500045776,0.004808799829334021,0.5467578172683716,0.6731319427490234,-0.004957385826855898,0.544483482837677,0.6140139698982239,-0.015382900834083557,0.5358955264091492,0.567312479019165,-0.028942612931132317,0.5919604301452637,0.6682604551315308,-0.044589564204216,0.5695871114730835,0.577741801738739,-0.07516064494848251,0.5480133891105652,0.5262461304664612,-0.09474257379770279,0.5239262580871582,0.4887908101081848,-0.10631724447011948,0.5850327014923096,0.6941020488739014,-0.06175845116376877,0.562781572341919,0.5956384539604187,-0.08903984725475311,0.5362407565116882,0.5362331867218018,-0.10175114870071411,0.509101390838623,0.49300670623779297,-0.11111987382173538,0.5653486251831055,0.7263292670249939,-0.07695728540420532,0.5453222990036011,0.6334632039070129,-0.10070648044347763,0.5239590406417847,0.5762839913368225,-0.10979115217924118,0.5054537057876587,0.5316190123558044,-0.11657266318798065,0.5328344702720642,0.7575340270996094,-0.09036218374967575,0.5200270414352417,0.6965879201889038,-0.11395502835512161,0.5150995254516602,0.6542404890060425,-0.12291644513607025,0.5139801502227783,0.6168387532234192,-0.12876543402671814,0.0,0.0,0.0,0.0,0.0,0.0,0.0,0.0,0.0,0.0,0.0,0.0,0.0,0.0,0.0,0.0,0.0,0.0,0.0,0.0,0.0,0.0,0.0,0.0,0.0,0.0,0.0,0.0,0.0,0.0,0.0,0.0,0.0,0.0,0.0,0.0,0.0,0.0,0.0,0.0,0.0,0.0,0.0,0.0,0.0,0.0,0.0,0.0,0.0,0.0,0.0,0.0,0.0,0.0,0.0,0.0,0.0,0.0,0.0,0.0,0.0,0.0,0.0
79,0.5524593591690063,0.8166096210479736,-1.846811414907279e-08,0.5713754892349243,0.7443614602088928,0.00019161758245900273,0.5802459120750427,0.6555306315422058,-0.009697476401925087,0.5794014930725098,0.5787660479545593,-0.01892212964594364,0.5762267708778381,0.5164952278137207,-0.031450871378183365,0.6041218042373657,0.6672359108924866,-0.05134550482034683,0.5807487964630127,0.5769025683403015,-0.0794847309589386,0.5595883131027222,0.5250505208969116,-0.09530586004257202,0.5384970903396606,0.48583680391311646,-0.1047530248761177,0.5884682536125183,0.6964577436447144,-0.06510966271162033,0.5625299215316772,0.5955265164375305,-0.09146366268396378,0.5367079973220825,0.5323203802108765,-0.10407233983278275,0.5121130347251892,0.48623961210250854,-0.11460959166288376,0.5617290735244751,0.7293522953987122,-0.07645288854837418,0.541267991065979,0.6340605020523071,-0.10056737810373306,0.5204299092292786,0.5715851187705994,-0.1098066046833992,0.5023998618125916,0.5230257511138916,-0.11697489768266678,0.5248573422431946,0.7600048184394836,-0.08580707013607025,0.5108035802841187,0.691974937915802,-0.10911301523447037,0.5074916481971741,0.6463972926139832,-0.11789765954017639,0.5056914687156677,0.6063265204429626,-0.12394117563962936,0.3060016930103302,0.8689730167388916,5.784570475952933e-07,0.27942994236946106,0.788222074508667,-0.012174516916275024,0.27333542704582214,0.6945121884346008,-0.021041810512542725,0.2810264527797699,0.6241940259933472,-0.02823718450963497,0.2764837145805359,0.5696342587471008,-0.03645062446594238,0.28790566325187683,0.7007755041122437,-0.03670277073979378,0.32616016268730164,0.6224026083946228,-0.0574621856212616,0.35167038440704346,0.5729677081108093,-0.06867460161447525,0.3720737397670746,0.5314375162124634,-0.07538983970880508,0.3205450773239136,0.7235219478607178,-0.04229062423110008,0.36247026920318604,0.6337535977363586,-0.06368664652109146,0.3908916711807251,0.5691900253295898,-0.07527902722358704,0.4126490354537964,0.516750693321228,-0.08282430469989777,0.3537406921386719,0.7520503997802734,-0.04782981052994728,0.39211782813072205,0.66338711977005,-0.06757227331399918,0.41552475094795227,0.6038018465042114,-0.07590032368898392,0.4322862923145294,0.5522093772888184,-0.08028072863817215,0.38521212339401245,0.7825497984886169,-0.0533975213766098,0.41421064734458923,0.7165029048919678,-0.07000746577978134,0.42945724725723267,0.6677154302597046,-0.07525458931922913,0.44151735305786133,0.6226474642753601,-0.07779428362846375
80,0.561286985874176,0.8423010110855103,1.444163473252047e-07,0.57570880651474,0.7409018874168396,-0.0018808116437867284,0.584477961063385,0.6447054147720337,-0.014743123203516006,0.5812231302261353,0.5707130432128906,-0.028846049681305885,0.5750764608383179,0.5100051760673523,-0.04717491567134857,0.6016756296157837,0.6534131169319153,-0.04826425388455391,0.5769899487495422,0.5690883994102478,-0.07650421559810638,0.5549805760383606,0.5261741876602173,-0.09306676685810089,0.5308642387390137,0.48718446493148804,-0.10546784102916718,0.5830568075180054,0.6838029623031616,-0.06484371423721313,0.5633798837661743,0.5934526324272156,-0.09586842358112335,0.5354393124580383,0.5381712913513184,-0.11224225163459778,0.5085250735282898,0.487551212310791,-0.12631778419017792,0.5564988255500793,0.7250143885612488,-0.08009728044271469,0.5425217151641846,0.6418194770812988,-0.10983308404684067,0.5196307897567749,0.5840123295783997,-0.12226495891809464,0.5000439286231995,0.5286670923233032,-0.1325664073228836,0.5184538960456848,0.7735121846199036,-0.09408114105463028,0.5080007910728455,0.7182477116584778,-0.12230890989303589,0.5031260848045349,0.6692531108856201,-0.1338055580854416,0.4998827874660492,0.6154581308364868,-0.14340470731258392,0.3797992765903473,0.8622573614120483,5.189983198761183e-07,0.33946308493614197,0.787659227848053,-0.01243103388696909,0.3075694143772125,0.6984549760818481,-0.02800733968615532,0.2908467948436737,0.6277503967285156,-0.04145883396267891,0.2770965099334717,0.5712387561798096,-0.05541318655014038,0.3108358681201935,0.7196331024169922,-0.0576636977493763,0.331401526927948,0.6317272186279297,-0.08729376643896103,0.353820264339447,0.5760947465896606,-0.10174401849508286,0.3731553554534912,0.5317503809928894,-0.10921842604875565,0.34473350644111633,0.7473284602165222,-0.06472737342119217,0.3676702082157135,0.6465863585472107,-0.09354241192340851,0.392598956823349,0.5749114155769348,-0.1041070744395256,0.4116973280906677,0.5167380571365356,-0.11044135689735413,0.3842833340167999,0.772678017616272,-0.07080303877592087,0.40433648228645325,0.6756882071495056,-0.0947834700345993,0.42290282249450684,0.6066688299179077,-0.10112188011407852,0.4353874921798706,0.5486579537391663,-0.10360043495893478,0.42519503831863403,0.7927112579345703,-0.07674050331115723,0.43616247177124023,0.7152899503707886,-0.09622970968484879,0.4431605637073517,0.662243127822876,-0.1011846661567688,0.4478188753128052,0.6159343719482422,-0.10303729772567749
81,0.5513326525688171,0.8201790452003479,5.535339298035069e-09,0.5759207010269165,0.7423304915428162,-0.003356086788699031,0.5912367105484009,0.6526122093200684,-0.014647227711975574,0.5950617790222168,0.5765058398246765,-0.024359893053770065,0.5977014303207397,0.5138164758682251,-0.037420690059661865,0.6103785634040833,0.6661471128463745,-0.05443376675248146,0.5856326818466187,0.5740155577659607,-0.08160155266523361,0.5639585256576538,0.5218573808670044,-0.09600406885147095,0.5419745445251465,0.4801582098007202,-0.1047770082950592,0.5944672226905823,0.6977861523628235,-0.06661949306726456,0.5670522451400757,0.5951329469680786,-0.09085045754909515,0.5399450659751892,0.5331798195838928,-0.10147296637296677,0.5143176913261414,0.48692452907562256,-0.11129148304462433,0.5661274790763855,0.7322395443916321,-0.07689335197210312,0.5454607605934143,0.6395326256752014,-0.0997808501124382,0.5254757404327393,0.5760989189147949,-0.10853893309831619,0.5088661909103394,0.525031328201294,-0.11610233783721924,0.5271080136299133,0.7652501463890076,-0.08562526851892471,0.5145969390869141,0.6983603835105896,-0.10722386091947556,0.5114229917526245,0.6535022258758545,-0.11510032415390015,0.5096231698989868,0.6136455535888672,-0.12147247046232224,0.3829613924026489,0.8529426455497742,6.056126835574105e-07,0.34180372953414917,0.7876328229904175,-0.01325304713100195,0.2987818121910095,0.7087437510490417,-0.029155591502785683,0.27246347069740295,0.6416357755661011,-0.04321301728487015,0.25771284103393555,0.580955982208252,-0.05741328001022339,0.3009118437767029,0.7283231616020203,-0.052193596959114075,0.32440638542175293,0.6495510339736938,-0.08235568553209305,0.34378278255462646,0.5962305068969727,-0.0985698252916336,0.36070314049720764,0.5506271719932556,-0.10850511491298676,0.3395117223262787,0.7578133940696716,-0.06099484860897064,0.36418357491493225,0.656014084815979,-0.09049134701490402,0.3856933116912842,0.5828251838684082,-0.1022787094116211,0.40242987871170044,0.5245814919471741,-0.11049991846084595,0.38315102458000183,0.781363308429718,-0.0696842148900032,0.40194621682167053,0.6777852773666382,-0.09908639639616013,0.4211811423301697,0.6075234413146973,-0.10664799064397812,0.43106406927108765,0.5511432886123657,-0.10938111692667007,0.42507031559944153,0.7928778529167175,-0.077972412109375,0.43856942653656006,0.7147461771965027,-0.10166648775339127,0.44362789392471313,0.6655386686325073,-0.10689390450716019,0.4427400827407837,0.6235730648040771,-0.10892007499933243
82,0.5647768974304199,0.8105759620666504,-9.119206367813604e-08,0.5832793116569519,0.7359966039657593,-0.0029200976714491844,0.5973261594772339,0.6493360996246338,-0.013934662565588951,0.6040436029434204,0.5762156248092651,-0.024211758747696877,0.6133544445037842,0.5144327878952026,-0.037829507142305374,0.6195178031921387,0.6591032147407532,-0.04935355484485626,0.5961350798606873,0.5755580067634583,-0.0764721930027008,0.5750889778137207,0.5256634950637817,-0.09244834631681442,0.5548697710037231,0.48418551683425903,-0.10288743674755096,0.6006985902786255,0.6923609972000122,-0.06212526187300682,0.5710828304290771,0.5919190049171448,-0.08744893223047256,0.5451025366783142,0.5307344198226929,-0.0994601845741272,0.5198439359664917,0.4863241910934448,-0.11045493930578232,0.5706733465194702,0.7261413335800171,-0.0732160359621048,0.5459781289100647,0.6334376931190491,-0.09752724319696426,0.5257144570350647,0.5730371475219727,-0.1052049845457077,0.5077040195465088,0.5259829759597778,-0.11154307425022125,0.5320202708244324,0.7547262907028198,-0.08278106898069382,0.5160989761352539,0.685746431350708,-0.10604429990053177,0.5110463500022888,0.6440433859825134,-0.113468699157238,0.5068300366401672,0.608339786529541,-0.11869034916162491,0.3732777237892151,0.8507764339447021,6.150306148811069e-07,0.3293185830116272,0.7883744835853577,-0.01681722328066826,0.28541576862335205,0.7100319862365723,-0.03360217064619064,0.2588444650173187,0.6467922925949097,-0.04760336875915527,0.24521523714065552,0.5880447030067444,-0.06225467100739479,0.2977656424045563,0.7345909476280212,-0.056413084268569946,0.32343101501464844,0.6558658480644226,-0.0863797515630722,0.34173402190208435,0.6026568412780762,-0.10199955850839615,0.35763680934906006,0.557026207447052,-0.11211037635803223,0.33997198939323425,0.7607553601264954,-0.06356998533010483,0.36549845337867737,0.6562831401824951,-0.09294107556343079,0.38431909680366516,0.5835273861885071,-0.10398777574300766,0.3986384868621826,0.524618923664093,-0.11264662444591522,0.3838346600532532,0.7809938788414001,-0.07088057696819305,0.4033297002315521,0.678552508354187,-0.1002524346113205,0.4188264012336731,0.6083318591117859,-0.10736310482025146,0.42710649967193604,0.5516787767410278,-0.11060410737991333,0.423860102891922,0.79132080078125,-0.07811521738767624,0.43704161047935486,0.7148833870887756,-0.10135617107152939,0.44087204337120056,0.6648526787757874,-0.10647467523813248,0.4406178593635559,0.622607946395874,-0.10944244265556335
83,0.5679894685745239,0.8411411046981812,2.44629660528517e-07,0.5916377902030945,0.7467285990715027,-0.004794074222445488,0.6092702746391296,0.6501463055610657,-0.01807989366352558,0.6130058169364929,0.5729893445968628,-0.03051718883216381,0.6136144995689392,0.5060253143310547,-0.046668633818626404,0.6200616955757141,0.6601094007492065,-0.05489104241132736,0.5928183197975159,0.5705205202102661,-0.07875418663024902,0.5667020678520203,0.520736038684845,-0.09007186442613602,0.5387287139892578,0.48126542568206787,-0.09780094027519226,0.595251202583313,0.6864543557167053,-0.0666976347565651,0.5725510120391846,0.5878207683563232,-0.0886184573173523,0.5423879027366638,0.5280364751815796,-0.09755392372608185,0.5149990320205688,0.4831414222717285,-0.10700946301221848,0.5628089904785156,0.7221229076385498,-0.07673773914575577,0.5490359663963318,0.6351016163825989,-0.09573648124933243,0.5253703594207764,0.5747148990631104,-0.10224206000566483,0.5050714015960693,0.5243661403656006,-0.10968739539384842,0.5227389931678772,0.764780580997467,-0.08596396446228027,0.5124343633651733,0.703567624092102,-0.10339623689651489,0.50568687915802,0.6543863415718079,-0.10874911397695541,0.4998418390750885,0.6084116697311401,-0.11447881907224655,0.3749935030937195,0.8486576080322266,6.369535299199924e-07,0.3336513936519623,0.7869681119918823,-0.019761772826313972,0.29057765007019043,0.7079797983169556,-0.038007624447345734,0.2648795247077942,0.6438366174697876,-0.05278300866484642,0.24911938607692719,0.5850023627281189,-0.06774277985095978,0.29656782746315,0.7301245927810669,-0.06205783411860466,0.32301536202430725,0.6548433303833008,-0.09352903813123703,0.34352555871009827,0.6031302809715271,-0.11060893535614014,0.3624972105026245,0.5574470162391663,-0.12120876461267471,0.3389621078968048,0.7589634656906128,-0.06774815917015076,0.36787739396095276,0.6569775938987732,-0.09849931299686432,0.3898482322692871,0.5837600231170654,-0.11121948063373566,0.40716785192489624,0.523293673992157,-0.12056524306535721,0.3841768801212311,0.7812368869781494,-0.07327715307474136,0.40625664591789246,0.6774562001228333,-0.10344962030649185,0.424841046333313,0.6083199977874756,-0.11092076450586319,0.43532443046569824,0.5540882349014282,-0.11362287402153015,0.4254077672958374,0.7919747233390808,-0.07889682054519653,0.44028061628341675,0.7104068994522095,-0.10149385780096054,0.44378527998924255,0.660526692867279,-0.10552891343832016,0.44256243109703064,0.6202298998832703,-0.10712666064500809
84,0.5484613180160522,0.8087624311447144,-1.207046906870346e-08,0.5722205638885498,0.728975772857666,-0.0033019997645169497,0.5918173789978027,0.6431926488876343,-0.015928514301776886,0.6000189185142517,0.5686847567558289,-0.026827558875083923,0.6109187602996826,0.5083016753196716,-0.040922749787569046,0.6110569834709167,0.6637701392173767,-0.05688204616308212,0.5876954197883606,0.5726585984230042,-0.08420835435390472,0.5651208162307739,0.5213381052017212,-0.09855677932500839,0.5426254272460938,0.48031991720199585,-0.10702782869338989,0.5939940810203552,0.69695645570755,-0.06858795881271362,0.5667843818664551,0.5935652852058411,-0.09335155040025711,0.5399531722068787,0.5290520191192627,-0.10427401214838028,0.5139083862304688,0.4821677803993225,-0.11451740562915802,0.5649072527885437,0.7301267385482788,-0.0779435858130455,0.5435202717781067,0.6351835131645203,-0.10047794133424759,0.5237077474594116,0.5712068676948547,-0.1086355596780777,0.5054001808166504,0.5211939811706543,-0.11587206274271011,0.5251883864402771,0.7591652274131775,-0.08562619984149933,0.5108090043067932,0.6902000308036804,-0.1065279170870781,0.5071606636047363,0.6440610885620117,-0.11373136937618256,0.5034081339836121,0.6038738489151001,-0.11955408751964569,0.37592577934265137,0.8434369564056396,6.676268640148919e-07,0.3331511616706848,0.7828875184059143,-0.020931124687194824,0.29026350378990173,0.7036847472190857,-0.03974670171737671,0.26487118005752563,0.6390749216079712,-0.054679933935403824,0.2504793107509613,0.5793616771697998,-0.06980730593204498,0.2983957529067993,0.7257898449897766,-0.063589908182621,0.3285089433193207,0.6489912271499634,-0.09577126801013947,0.3495364487171173,0.5959600210189819,-0.11333196610212326,0.3681371212005615,0.5496072173118591,-0.12441089749336243,0.3408730626106262,0.7553709149360657,-0.06871768087148666,0.3713267147541046,0.6529062986373901,-0.10011398792266846,0.3929811120033264,0.5788376331329346,-0.11306576430797577,0.4091760814189911,0.518610954284668,-0.12281875312328339,0.38590312004089355,0.7772873640060425,-0.0738196074962616,0.4087556004524231,0.6740102171897888,-0.10441857576370239,0.42787468433380127,0.6025814414024353,-0.11205445975065231,0.4379580616950989,0.5467662811279297,-0.1151822879910469,0.42597663402557373,0.7875546216964722,-0.07910008728504181,0.4421937167644501,0.708027184009552,-0.10244277864694595,0.44673895835876465,0.6574280261993408,-0.10711528360843658,0.4465107023715973,0.6157341003417969,-0.10936341434717178
85,0.5741346478462219,0.8408927917480469,2.5639158707235765e-07,0.5972044467926025,0.7468277215957642,-0.005623146425932646,0.6139736175537109,0.6497160196304321,-0.019334733486175537,0.6171407699584961,0.5725095868110657,-0.032165709882974625,0.6206450462341309,0.5054019689559937,-0.048624735325574875,0.6223322749137878,0.6569218039512634,-0.05371291935443878,0.5923231244087219,0.565048098564148,-0.07777392119169235,0.5648079514503479,0.5172949433326721,-0.08915987610816956,0.5366517305374146,0.48083412647247314,-0.09662361443042755,0.5970063209533691,0.6847315430641174,-0.0647566094994545,0.5722804665565491,0.586432158946991,-0.08683843165636063,0.5424171686172485,0.5285719037055969,-0.09623179584741592,0.5164750218391418,0.4859147071838379,-0.10554274916648865,0.5649704933166504,0.7221254706382751,-0.07420501857995987,0.5504196882247925,0.6347525715827942,-0.09387876838445663,0.5274564027786255,0.5751407146453857,-0.10140574723482132,0.5082350969314575,0.5259601473808289,-0.10907240211963654,0.5255658626556396,0.7665801048278809,-0.08280512690544128,0.515205442905426,0.7051312923431396,-0.10082482546567917,0.5073681473731995,0.6574739217758179,-0.10674581676721573,0.5004953145980835,0.6126216053962708,-0.11248448491096497,0.37364423274993896,0.8428168296813965,6.454173444581102e-07,0.3322989344596863,0.7803477644920349,-0.020567595958709717,0.2884037494659424,0.7016656994819641,-0.03772716596722603,0.25922977924346924,0.6386210322380066,-0.05149701610207558,0.24087712168693542,0.5792900919914246,-0.06534503400325775,0.3020855188369751,0.7212884426116943,-0.05520569905638695,0.33370375633239746,0.6448708772659302,-0.08594933897256851,0.35404714941978455,0.5927569270133972,-0.10312886536121368,0.37288740277290344,0.5470244884490967,-0.11400384455919266,0.34609198570251465,0.749033510684967,-0.06056356430053711,0.3767256438732147,0.6488881707191467,-0.08983419090509415,0.39660167694091797,0.5768124461174011,-0.10230293869972229,0.41218820214271545,0.5174700617790222,-0.1118113249540329,0.39121055603027344,0.7705680131912231,-0.06662385910749435,0.41609126329421997,0.6688333749771118,-0.09626849740743637,0.43320924043655396,0.5991678237915039,-0.10341756790876389,0.4416162371635437,0.5436311960220337,-0.10615169256925583,0.43089333176612854,0.7819905877113342,-0.07302980870008469,0.45126041769981384,0.7042699456214905,-0.0961092934012413,0.45593175292015076,0.6524320244789124,-0.10050966590642929,0.45511943101882935,0.6084445118904114,-0.10240425169467926
86,0.5517573356628418,0.816675066947937,-1.2862380494027548e-08,0.5808491110801697,0.742080569267273,-0.002287020441144705,0.5994364619255066,0.6504712700843811,-0.012431023642420769,0.6042605638504028,0.5712817907333374,-0.021221457049250603,0.6117388606071472,0.5087539553642273,-0.03343452140688896,0.617926836013794,0.6637016534805298,-0.05075449123978615,0.5985896587371826,0.5726032257080078,-0.07645649462938309,0.5769898891448975,0.5202584266662598,-0.09027862548828125,0.5546450018882751,0.4782157242298126,-0.0988222137093544,0.6016719341278076,0.6941438317298889,-0.06306909024715424,0.5782739520072937,0.5901390314102173,-0.08575849235057831,0.5517879724502563,0.5263088941574097,-0.09669490158557892,0.526493489742279,0.47812652587890625,-0.10697543621063232,0.5730197429656982,0.7275102734565735,-0.07336481660604477,0.5546746253967285,0.6320984363555908,-0.09480440616607666,0.534774124622345,0.5675784945487976,-0.10388222336769104,0.5176097750663757,0.5160809755325317,-0.11190143972635269,0.5327828526496887,0.7589472532272339,-0.08194627612829208,0.5207921862602234,0.6902482509613037,-0.10214534401893616,0.5171525478363037,0.6434409022331238,-0.10974978655576706,0.5145833492279053,0.6018354892730713,-0.11607053875923157,0.3684515357017517,0.8481619954109192,6.994055183895398e-07,0.3278915286064148,0.7818063497543335,-0.023019839078187943,0.28475528955459595,0.7015023827552795,-0.042550258338451385,0.2564074397087097,0.6366475820541382,-0.0574880950152874,0.23757708072662354,0.5762751698493958,-0.07255494594573975,0.30122533440589905,0.7192656397819519,-0.06480294466018677,0.33515167236328125,0.6457121968269348,-0.09909369796514511,0.3586825728416443,0.5930036306381226,-0.11868883669376373,0.3807549774646759,0.5451557636260986,-0.1309700310230255,0.3470986783504486,0.7475765347480774,-0.06923368573188782,0.3805258274078369,0.6461909413337708,-0.10050807893276215,0.4044864773750305,0.5752161145210266,-0.11425173282623291,0.4239330291748047,0.5173457264900208,-0.12477586418390274,0.3929726183414459,0.7719188332557678,-0.07386376708745956,0.41826099157333374,0.669872522354126,-0.10483825206756592,0.43896329402923584,0.6002082824707031,-0.11228746920824051,0.4516514837741852,0.5432214736938477,-0.11536823958158493,0.433077335357666,0.7876013517379761,-0.07869421690702438,0.4524717628955841,0.7108286023139954,-0.10241246968507767,0.4603186845779419,0.6601340770721436,-0.10627546161413193,0.4633060693740845,0.6149585247039795,-0.10788138955831528
87,0.5729244351387024,0.8342714905738831,1.2692962059190904e-07,0.5895746946334839,0.7426885366439819,-0.00751488609239459,0.6020709872245789,0.6345054507255554,-0.019208764657378197,0.6025996208190918,0.5542580485343933,-0.02897639200091362,0.5984799861907959,0.49497032165527344,-0.0419636070728302,0.6182344555854797,0.6548736095428467,-0.06246666982769966,0.5979799628257751,0.5630084872245789,-0.08853106945753098,0.5746514201164246,0.5135061740875244,-0.10104726254940033,0.5478723049163818,0.4743694067001343,-0.10974466800689697,0.6017845869064331,0.684585690498352,-0.07370362430810928,0.58443284034729,0.589918851852417,-0.10060551762580872,0.5546201467514038,0.5292782783508301,-0.11339600384235382,0.5254572629928589,0.482810378074646,-0.12529537081718445,0.577336847782135,0.7222978472709656,-0.08285833150148392,0.563264012336731,0.6398856043815613,-0.10802146792411804,0.5392263531684875,0.5786672830581665,-0.12026605010032654,0.5177354216575623,0.5271648168563843,-0.13080628216266632,0.5428876876831055,0.7632027864456177,-0.09076499938964844,0.5306586027145386,0.7075230479240417,-0.11395087093114853,0.5225549340248108,0.662248432636261,-0.12445582449436188,0.5158647894859314,0.6193503737449646,-0.1337634176015854,0.3596252501010895,0.8498587012290955,7.008594593571615e-07,0.3241204619407654,0.7800567150115967,-0.01932440511882305,0.28589022159576416,0.6951583623886108,-0.036006029695272446,0.2599793076515198,0.6303412914276123,-0.049510180950164795,0.24079565703868866,0.5728834867477417,-0.06337150931358337,0.29467546939849854,0.7176135778427124,-0.054749563336372375,0.32560357451438904,0.6453328728675842,-0.08614886552095413,0.34818369150161743,0.5928463339805603,-0.10401105880737305,0.3696401119232178,0.5459232330322266,-0.11503244191408157,0.336599200963974,0.7481646537780762,-0.06078784912824631,0.3716825842857361,0.6480476260185242,-0.09032328426837921,0.39568814635276794,0.5758965015411377,-0.104772187769413,0.41540756821632385,0.5155489444732666,-0.11540775001049042,0.3805736303329468,0.7744418382644653,-0.06716504693031311,0.4107927083969116,0.6778305768966675,-0.09691481292247772,0.4333542287349701,0.6090422868728638,-0.10630755126476288,0.44721078872680664,0.5502151846885681,-0.1106596365571022,0.4202824532985687,0.7915669679641724,-0.07357563823461533,0.4416578412055969,0.7184197902679443,-0.09675925970077515,0.4511212706565857,0.6694709062576294,-0.1018960103392601,0.45589396357536316,0.6250659227371216,-0.10448327660560608
88,0.5362465977668762,0.8575473427772522,-7.090196163517248e-08,0.5409950613975525,0.7844481468200684,0.0068759857676923275,0.5466589331626892,0.7099061012268066,0.005061760079115629,0.545356273651123,0.6502631902694702,0.00026689248625189066,0.5389547944068909,0.6032962203025818,-0.006930189207196236,0.5742272734642029,0.6725054979324341,-0.012829747051000595,0.5619613528251648,0.5906887650489807,-0.03284512832760811,0.5486734509468079,0.5367644429206848,-0.04758629575371742,0.5343220233917236,0.49104684591293335,-0.05856841430068016,0.5667731165885925,0.6834068298339844,-0.029421085491776466,0.5555759072303772,0.5878413319587708,-0.05076523870229721,0.5438669323921204,0.5300104022026062,-0.06452380865812302,0.5307040214538574,0.4780215620994568,-0.07443913072347641,0.555321991443634,0.7070401906967163,-0.045823898166418076,0.5472280383110046,0.6190676093101501,-0.06718649715185165,0.5398851037025452,0.5645421147346497,-0.07846225798130035,0.5327960848808289,0.5159810185432434,-0.086013063788414,0.5386679768562317,0.7385456562042236,-0.061174239963293076,0.5381233096122742,0.6808183789253235,-0.08311546593904495,0.5412757396697998,0.6398195028305054,-0.09370899200439453,0.5468550324440002,0.6019256711006165,-0.10071731358766556,0.0,0.0,0.0,0.0,0.0,0.0,0.0,0.0,0.0,0.0,0.0,0.0,0.0,0.0,0.0,0.0,0.0,0.0,0.0,0.0,0.0,0.0,0.0,0.0,0.0,0.0,0.0,0.0,0.0,0.0,0.0,0.0,0.0,0.0,0.0,0.0,0.0,0.0,0.0,0.0,0.0,0.0,0.0,0.0,0.0,0.0,0.0,0.0,0.0,0.0,0.0,0.0,0.0,0.0,0.0,0.0,0.0,0.0,0.0,0.0,0.0,0.0,0.0
89,0.5169720649719238,0.8501989841461182,6.728456014570838e-08,0.5265975594520569,0.7945952415466309,-0.004516120068728924,0.5370668768882751,0.724213182926178,-0.00910173635929823,0.5347795486450195,0.6619454622268677,-0.013745656237006187,0.5306090116500854,0.607487678527832,-0.019591161981225014,0.5637071132659912,0.6750614643096924,-0.016376761719584465,0.5518295168876648,0.5935474038124084,-0.03437476232647896,0.5383278727531433,0.539029598236084,-0.048594266176223755,0.5219292640686035,0.4920389652252197,-0.05934766307473183,0.5582897663116455,0.6761820912361145,-0.02550412341952324,0.5522627234458923,0.5848438739776611,-0.04230862110853195,0.5397226214408875,0.5260354280471802,-0.05512271076440811,0.523298978805542,0.47663599252700806,-0.06496410816907883,0.5459666848182678,0.6923121213912964,-0.03525901213288307,0.5475863218307495,0.6103091239929199,-0.05236589163541794,0.5402460694313049,0.5582494735717773,-0.06283047050237656,0.5299429893493652,0.5137562155723572,-0.07092908769845963,0.5249236226081848,0.7176142334938049,-0.044987499713897705,0.5317363142967224,0.6721207499504089,-0.06398505717515945,0.5377686023712158,0.6367497444152832,-0.07338680326938629,0.5433882474899292,0.6029111742973328,-0.07978826761245728,0.0,0.0,0.0,0.0,0.0,0.0,0.0,0.0,0.0,0.0,0.0,0.0,0.0,0.0,0.0,0.0,0.0,0.0,0.0,0.0,0.0,0.0,0.0,0.0,0.0,0.0,0.0,0.0,0.0,0.0,0.0,0.0,0.0,0.0,0.0,0.0,0.0,0.0,0.0,0.0,0.0,0.0,0.0,0.0,0.0,0.0,0.0,0.0,0.0,0.0,0.0,0.0,0.0,0.0,0.0,0.0,0.0,0.0,0.0,0.0,0.0,0.0,0.0
90,0.5138407349586487,0.8599196076393127,3.340085896752498e-08,0.49622154235839844,0.7748921513557434,-0.0036524382885545492,0.50013267993927,0.680964469909668,-0.009605017490684986,0.5025138854980469,0.6047241687774658,-0.01635841839015484,0.5017824769020081,0.5355092883110046,-0.024830477312207222,0.551141083240509,0.667457103729248,-0.019568845629692078,0.5402137041091919,0.5885179042816162,-0.04178444668650627,0.5280448794364929,0.5361983180046082,-0.059471067041158676,0.514208972454071,0.48653167486190796,-0.07380346953868866,0.557090163230896,0.6837982535362244,-0.03302783519029617,0.5523582100868225,0.5887379050254822,-0.05456950515508652,0.5408498644828796,0.5320428609848022,-0.0711902603507042,0.5270522236824036,0.4800224304199219,-0.08484618365764618,0.5531980395317078,0.7145900726318359,-0.04728241264820099,0.5555157661437988,0.6211885809898376,-0.07044770568609238,0.5488452911376953,0.5697675347328186,-0.08316215127706528,0.5410358309745789,0.5223050713539124,-0.09285786747932434,0.5365229249000549,0.7523723840713501,-0.061195340007543564,0.5402281880378723,0.7003554701805115,-0.08641475439071655,0.5446909070014954,0.6585812568664551,-0.09929391741752625,0.5521562695503235,0.6153263449668884,-0.10848330706357956,0.0,0.0,0.0,0.0,0.0,0.0,0.0,0.0,0.0,0.0,0.0,0.0,0.0,0.0,0.0,0.0,0.0,0.0,0.0,0.0,0.0,0.0,0.0,0.0,0.0,0.0,0.0,0.0,0.0,0.0,0.0,0.0,0.0,0.0,0.0,0.0,0.0,0.0,0.0,0.0,0.0,0.0,0.0,0.0,0.0,0.0,0.0,0.0,0.0,0.0,0.0,0.0,0.0,0.0,0.0,0.0,0.0,0.0,0.0,0.0,0.0,0.0,0.0
91,0.5043648481369019,0.8661664724349976,-3.836959905356707e-08,0.47549304366111755,0.7811604142189026,-0.008035815320909023,0.4801405072212219,0.6839635372161865,-0.01503882184624672,0.48619380593299866,0.6090866923332214,-0.02239840477705002,0.4852103590965271,0.5395541787147522,-0.030796252191066742,0.5483618974685669,0.6658583283424377,-0.021137738600373268,0.5405371785163879,0.5879977941513062,-0.045428644865751266,0.527255654335022,0.5382407903671265,-0.06525849550962448,0.508811891078949,0.49233007431030273,-0.08065227419137955,0.5572254657745361,0.686656653881073,-0.03378826379776001,0.5535868406295776,0.594673752784729,-0.057601381093263626,0.5398532152175903,0.540542721748352,-0.07555615156888962,0.5205543637275696,0.4921077489852905,-0.08939998596906662,0.5555983781814575,0.722774088382721,-0.04804064333438873,0.5577477216720581,0.6336522698402405,-0.07293905317783356,0.5496411323547363,0.583687424659729,-0.08540643751621246,0.5382789373397827,0.5370426774024963,-0.09425263851881027,0.5392255783081055,0.7659260034561157,-0.06252274662256241,0.5421242713928223,0.7113057374954224,-0.08877468854188919,0.5452650785446167,0.6668903827667236,-0.10112334787845612,0.5508859753608704,0.6213420629501343,-0.10945051908493042,0.0,0.0,0.0,0.0,0.0,0.0,0.0,0.0,0.0,0.0,0.0,0.0,0.0,0.0,0.0,0.0,0.0,0.0,0.0,0.0,0.0,0.0,0.0,0.0,0.0,0.0,0.0,0.0,0.0,0.0,0.0,0.0,0.0,0.0,0.0,0.0,0.0,0.0,0.0,0.0,0.0,0.0,0.0,0.0,0.0,0.0,0.0,0.0,0.0,0.0,0.0,0.0,0.0,0.0,0.0,0.0,0.0,0.0,0.0,0.0,0.0,0.0,0.0
92,0.5170213580131531,0.9043147563934326,-8.628835956869807e-08,0.4830227494239807,0.8084656000137329,-0.004585507791489363,0.4892067015171051,0.7130349278450012,-0.012902529910206795,0.4961158335208893,0.6434023380279541,-0.021395215764641762,0.49866220355033875,0.5865877866744995,-0.031219329684972763,0.5792393684387207,0.7093632817268372,-0.03271590545773506,0.5707719326019287,0.6173892021179199,-0.06119503080844879,0.555097222328186,0.5532382726669312,-0.08262798935174942,0.5332762598991394,0.502321720123291,-0.09778007864952087,0.5819241404533386,0.7336827516555786,-0.04660565033555031,0.5715656280517578,0.6251939535140991,-0.07366042584180832,0.5495065450668335,0.556280791759491,-0.09021669626235962,0.5244099497795105,0.5005893707275391,-0.10232973843812943,0.5688604116439819,0.7662656307220459,-0.060731202363967896,0.5603222250938416,0.6593482494354248,-0.08671357482671738,0.5423672199249268,0.5983477234840393,-0.09775901585817337,0.5232198238372803,0.550212562084198,-0.10490282624959946,0.5382115840911865,0.8000404834747314,-0.07461385428905487,0.5379614233970642,0.7331763505935669,-0.10199977457523346,0.5365285277366638,0.6841747164726257,-0.11429737508296967,0.537411093711853,0.6392320394515991,-0.12177599966526031,0.0,0.0,0.0,0.0,0.0,0.0,0.0,0.0,0.0,0.0,0.0,0.0,0.0,0.0,0.0,0.0,0.0,0.0,0.0,0.0,0.0,0.0,0.0,0.0,0.0,0.0,0.0,0.0,0.0,0.0,0.0,0.0,0.0,0.0,0.0,0.0,0.0,0.0,0.0,0.0,0.0,0.0,0.0,0.0,0.0,0.0,0.0,0.0,0.0,0.0,0.0,0.0,0.0,0.0,0.0,0.0,0.0,0.0,0.0,0.0,0.0,0.0,0.0
93,0.5645263195037842,0.9028835296630859,-5.47339809031655e-08,0.5698565244674683,0.8134616017341614,0.005148864351212978,0.5819688439369202,0.7165733575820923,-0.0034677372314035892,0.5837087631225586,0.6415091753005981,-0.013248042203485966,0.5743600130081177,0.5853695273399353,-0.026946254074573517,0.6296995878219604,0.7111724615097046,-0.04447539523243904,0.6137711405754089,0.6025371551513672,-0.07695258408784866,0.5929393172264099,0.5375909805297852,-0.09902837872505188,0.5678746700286865,0.4916573762893677,-0.11204100400209427,0.6178028583526611,0.7423964738845825,-0.06280367076396942,0.5964019298553467,0.6125423908233643,-0.09001673012971878,0.5702643394470215,0.5355497598648071,-0.1050807312130928,0.5418882369995117,0.48164862394332886,-0.11643172055482864,0.5879376530647278,0.7771540880203247,-0.07905444502830505,0.5697851777076721,0.6562490463256836,-0.10539425164461136,0.5507271885871887,0.5829296708106995,-0.11767207086086273,0.5324034690856934,0.528710663318634,-0.1262652724981308,0.5421050786972046,0.8070588111877441,-0.09295225143432617,0.5335464477539062,0.7268171310424805,-0.11946770548820496,0.5327489972114563,0.6739413738250732,-0.12965679168701172,0.5343762040138245,0.6288187503814697,-0.1358957588672638,0.0,0.0,0.0,0.0,0.0,0.0,0.0,0.0,0.0,0.0,0.0,0.0,0.0,0.0,0.0,0.0,0.0,0.0,0.0,0.0,0.0,0.0,0.0,0.0,0.0,0.0,0.0,0.0,0.0,0.0,0.0,0.0,0.0,0.0,0.0,0.0,0.0,0.0,0.0,0.0,0.0,0.0,0.0,0.0,0.0,0.0,0.0,0.0,0.0,0.0,0.0,0.0,0.0,0.0,0.0,0.0,0.0,0.0,0.0,0.0,0.0,0.0,0.0
94,0.5843459367752075,0.9379067420959473,-3.767362954931741e-07,0.5940160751342773,0.8355774879455566,0.03088875487446785,0.6149833798408508,0.7386870384216309,0.03410336747765541,0.6225149035453796,0.6654913425445557,0.03029530681669712,0.6277852058410645,0.6121105551719666,0.022409699857234955,0.6464675664901733,0.6830698847770691,0.0035942839458584785,0.6300988793373108,0.5838151574134827,-0.006203436758369207,0.6167721152305603,0.5450651049613953,-0.016560683026909828,0.601312518119812,0.503106415271759,-0.026922982186079025,0.6289166212081909,0.7076858282089233,-0.022723788395524025,0.609610915184021,0.6006834506988525,-0.03306185081601143,0.5880070924758911,0.5495055913925171,-0.04185056686401367,0.5679892897605896,0.4938472807407379,-0.054189298301935196,0.5996617674827576,0.7469232678413391,-0.04623326659202576,0.582938551902771,0.6472645998001099,-0.054733239114284515,0.5617402791976929,0.5943090915679932,-0.05832067131996155,0.5443029403686523,0.5363937020301819,-0.06806434690952301,0.5545063614845276,0.7911713719367981,-0.06669754534959793,0.5421180129051208,0.7326499819755554,-0.07918344438076019,0.5341240763664246,0.6863608360290527,-0.08280704915523529,0.527449369430542,0.6306709051132202,-0.08959154784679413,0.3382960557937622,0.9227501749992371,5.569845598074608e-07,0.2783130705356598,0.8457704782485962,-0.029966114088892937,0.23503683507442474,0.7487813234329224,-0.05377579107880592,0.21680378913879395,0.674718976020813,-0.07089640945196152,0.20648768544197083,0.6070104837417603,-0.08764423429965973,0.27324584126472473,0.78968346118927,-0.09173782914876938,0.3140026032924652,0.6943206191062927,-0.13143551349639893,0.34462350606918335,0.6261193156242371,-0.15156561136245728,0.3721613883972168,0.5673472285270691,-0.16274294257164001,0.32507991790771484,0.8229632377624512,-0.09355618059635162,0.36903896927833557,0.6992679834365845,-0.12942463159561157,0.40220773220062256,0.6076703667640686,-0.14209981262683868,0.42846524715423584,0.5330409407615662,-0.15180502831935883,0.3715919852256775,0.8482089042663574,-0.09468962252140045,0.4090040326118469,0.7270860075950623,-0.1270681470632553,0.4385414719581604,0.6422587037086487,-0.13446836173534393,0.4617464244365692,0.5712341070175171,-0.1376727819442749,0.4106135964393616,0.8650715947151184,-0.09657851606607437,0.43933066725730896,0.7749879360198975,-0.12147223949432373,0.45861637592315674,0.7122896909713745,-0.12660536170005798,0.47401994466781616,0.65424644947052,-0.12950961291790009
95,0.0,0.0,0.0,0.0,0.0,0.0,0.0,0.0,0.0,0.0,0.0,0.0,0.0,0.0,0.0,0.0,0.0,0.0,0.0,0.0,0.0,0.0,0.0,0.0,0.0,0.0,0.0,0.0,0.0,0.0,0.0,0.0,0.0,0.0,0.0,0.0,0.0,0.0,0.0,0.0,0.0,0.0,0.0,0.0,0.0,0.0,0.0,0.0,0.0,0.0,0.0,0.0,0.0,0.0,0.0,0.0,0.0,0.0,0.0,0.0,0.0,0.0,0.0,0.3556636869907379,0.9428280591964722,8.683040846335643e-07,0.30832749605178833,0.8654727935791016,-0.03329746425151825,0.25871312618255615,0.7692523002624512,-0.06419368088245392,0.22745366394519806,0.6939510107040405,-0.08776969462633133,0.2136709988117218,0.6209207773208618,-0.11219101399183273,0.2801564037799835,0.7965731024742126,-0.10206242650747299,0.3211856484413147,0.6998745799064636,-0.14858733117580414,0.34745925664901733,0.6317079067230225,-0.1731443703174591,0.3727687895298004,0.5718594789505005,-0.18799909949302673,0.3350785970687866,0.8297171592712402,-0.10549676418304443,0.37666308879852295,0.7067562341690063,-0.15216654539108276,0.40527212619781494,0.616976797580719,-0.17294657230377197,0.42702341079711914,0.5426626205444336,-0.18693934381008148,0.39061439037323,0.857374906539917,-0.10766042768955231,0.4225957691669464,0.732408881187439,-0.15060535073280334,0.44834649562835693,0.6432205438613892,-0.16474218666553497,0.46355122327804565,0.5697324275970459,-0.17134064435958862,0.4391982853412628,0.8729133009910583,-0.10962682962417603,0.4600178599357605,0.780350387096405,-0.1421794593334198,0.47089141607284546,0.7182868123054504,-0.15135832130908966,0.4775124788284302,0.6627188324928284,-0.15634244680404663
96,0.0,0.0,0.0,0.0,0.0,0.0,0.0,0.0,0.0,0.0,0.0,0.0,0.0,0.0,0.0,0.0,0.0,0.0,0.0,0.0,0.0,0.0,0.0,0.0,0.0,0.0,0.0,0.0,0.0,0.0,0.0,0.0,0.0,0.0,0.0,0.0,0.0,0.0,0.0,0.0,0.0,0.0,0.0,0.0,0.0,0.0,0.0,0.0,0.0,0.0,0.0,0.0,0.0,0.0,0.0,0.0,0.0,0.0,0.0,0.0,0.0,0.0,0.0,0.35611841082572937,0.9403277635574341,9.028591989590495e-07,0.30852237343788147,0.8593460917472839,-0.03284873440861702,0.2608024477958679,0.7667229771614075,-0.06288207322359085,0.23090213537216187,0.6919017434120178,-0.08609263598918915,0.21792441606521606,0.6190459728240967,-0.10982482135295868,0.2824774384498596,0.7918738126754761,-0.097860187292099,0.3209538459777832,0.7031959891319275,-0.14341363310813904,0.3478541076183319,0.637737512588501,-0.16800299286842346,0.3747890293598175,0.5775274634361267,-0.18329167366027832,0.33763545751571655,0.8246234655380249,-0.10145138204097748,0.3779529929161072,0.7058384418487549,-0.14680886268615723,0.4075007140636444,0.617199182510376,-0.16778473556041718,0.4312548041343689,0.5426349639892578,-0.18284043669700623,0.39264166355133057,0.8523925542831421,-0.10409482568502426,0.4258797764778137,0.7334010601043701,-0.14621245861053467,0.4535284638404846,0.6475001573562622,-0.15933220088481903,0.47113746404647827,0.5765616297721863,-0.1656600832939148,0.4400552809238434,0.8696759343147278,-0.10687457770109177,0.4602885842323303,0.7779646515846252,-0.13815565407276154,0.47124338150024414,0.7146063446998596,-0.1467132866382599,0.4790026843547821,0.6578910946846008,-0.15174780786037445
97,0.0,0.0,0.0,0.0,0.0,0.0,0.0,0.0,0.0,0.0,0.0,0.0,0.0,0.0,0.0,0.0,0.0,0.0,0.0,0.0,0.0,0.0,0.0,0.0,0.0,0.0,0.0,0.0,0.0,0.0,0.0,0.0,0.0,0.0,0.0,0.0,0.0,0.0,0.0,0.0,0.0,0.0,0.0,0.0,0.0,0.0,0.0,0.0,0.0,0.0,0.0,0.0,0.0,0.0,0.0,0.0,0.0,0.0,0.0,0.0,0.0,0.0,0.0,0.35417214035987854,0.9351044297218323,8.807640483610157e-07,0.31048858165740967,0.8520398736000061,-0.02817930281162262,0.2657698094844818,0.7578201293945312,-0.05544793978333473,0.23603098094463348,0.6856119632720947,-0.07695101946592331,0.22071389853954315,0.6161590814590454,-0.09898415207862854,0.2858882546424866,0.7909519672393799,-0.09012850373983383,0.32262122631073,0.6982500553131104,-0.13231143355369568,0.3495292067527771,0.6329189538955688,-0.1546081304550171,0.3755694031715393,0.5740784406661987,-0.16799412667751312,0.339805006980896,0.8243131041526794,-0.09489355236291885,0.3777243494987488,0.6994765400886536,-0.13664108514785767,0.40689584612846375,0.6103760004043579,-0.15564346313476562,0.4299401044845581,0.5370175838470459,-0.16902214288711548,0.39334237575531006,0.8513681292533875,-0.0984172597527504,0.4243810176849365,0.7285102605819702,-0.13678421080112457,0.45143580436706543,0.6428300142288208,-0.14916259050369263,0.4688285291194916,0.5732367038726807,-0.15510183572769165,0.4398042559623718,0.8667340278625488,-0.10181403160095215,0.45891493558883667,0.7727867364883423,-0.13026081025600433,0.46929246187210083,0.7107988595962524,-0.13778932392597198,0.4759179353713989,0.6569468975067139,-0.14216487109661102
98,0.5797914266586304,0.8913761377334595,3.643363655214671e-08,0.6185917854309082,0.7809398770332336,-0.0036552331876009703,0.6402456760406494,0.6722186207771301,-0.01287143025547266,0.6438088417053223,0.58945232629776,-0.022633176296949387,0.6363465785980225,0.520759642124176,-0.03626864776015282,0.6402720808982849,0.674680233001709,-0.04338574409484863,0.6273505091667175,0.5778830647468567,-0.06882193684577942,0.6125351786613464,0.5328657031059265,-0.08571258187294006,0.5945637226104736,0.49110615253448486,-0.09883691370487213,0.6156091094017029,0.7082608938217163,-0.05816613510251045,0.6024376153945923,0.6063041090965271,-0.08631572872400284,0.5797971487045288,0.546162486076355,-0.10589450597763062,0.5574876666069031,0.49332043528556824,-0.12307140231132507,0.5843365788459778,0.7516173124313354,-0.07146084308624268,0.5737673044204712,0.6665773391723633,-0.09868886321783066,0.5565747618675232,0.604281485080719,-0.1133226826786995,0.5427747964859009,0.5472266674041748,-0.12561661005020142,0.544217050075531,0.7988758683204651,-0.08342774957418442,0.5349340438842773,0.7428175210952759,-0.1088540330529213,0.5331538915634155,0.6969627737998962,-0.11852306872606277,0.5325152277946472,0.6494550108909607,-0.12685483694076538,0.36418741941452026,0.9116173982620239,8.679954248691502e-07,0.3213511109352112,0.830869197845459,-0.028560368344187737,0.27443110942840576,0.741468071937561,-0.05616613104939461,0.24469131231307983,0.6725987792015076,-0.07769983261823654,0.23260366916656494,0.6053586602210999,-0.0996103286743164,0.29332640767097473,0.7749415040016174,-0.09024544805288315,0.33024775981903076,0.6853224039077759,-0.13223442435264587,0.3572748303413391,0.6212571859359741,-0.15537269413471222,0.38310307264328003,0.5649529695510864,-0.1694764941930771,0.3464426100254059,0.8082520961761475,-0.09349240362644196,0.38319289684295654,0.6894590258598328,-0.1354091465473175,0.4112754166126251,0.6031589508056641,-0.15505293011665344,0.4323272109031677,0.5323516130447388,-0.1691288948059082,0.3985718786716461,0.8334163427352905,-0.09537035971879959,0.42776045203208923,0.7151961922645569,-0.13248811662197113,0.4519079327583313,0.6339400410652161,-0.1446494609117508,0.4664359986782074,0.5682653188705444,-0.1508520543575287,0.4438745975494385,0.8457942605018616,-0.09718622267246246,0.46340036392211914,0.7561848163604736,-0.12452630698680878,0.4721319377422333,0.6975328922271729,-0.13223956525325775,0.4765779376029968,0.6459967494010925,-0.13692571222782135
99,0.5666435956954956,0.8828848600387573,-3.5081274774029225e-08,0.5970630645751953,0.7900890707969666,0.0008840591763146222,0.6195448637008667,0.6872982978820801,-0.00897226482629776,0.6263989210128784,0.6005004644393921,-0.01837257482111454,0.6311078667640686,0.528697669506073,-0.03123103268444538,0.6470974087715149,0.7066531777381897,-0.049917496740818024,0.6312655210494995,0.6036154627799988,-0.07812502980232239,0.6134611964225769,0.5456701517105103,-0.09450990706682205,0.5937726497650146,0.49753597378730774,-0.10505926609039307,0.6288618445396423,0.7405779361724854,-0.06619194149971008,0.6094196438789368,0.6215989589691162,-0.09161830693483353,0.5859713554382324,0.5498216152191162,-0.10519566386938095,0.5616781711578369,0.49501103162765503,-0.11766651272773743,0.5957884192466736,0.7754426598548889,-0.08031290769577026,0.5805575847625732,0.6659535765647888,-0.10507220029830933,0.5630649924278259,0.5933666825294495,-0.11691488325595856,0.5473505854606628,0.5354750156402588,-0.12698818743228912,0.5503168702125549,0.806645929813385,-0.09230975061655045,0.5421924591064453,0.7307939529418945,-0.11564724892377853,0.5402346253395081,0.6820385456085205,-0.12481606751680374,0.5382479429244995,0.6383621692657471,-0.13234786689281464,0.36997416615486145,0.900455117225647,8.316710591316223e-07,0.32573220133781433,0.8244341611862183,-0.028946084901690483,0.28020021319389343,0.7363025546073914,-0.05585436522960663,0.25217050313949585,0.6680062413215637,-0.07673975080251694,0.2397485077381134,0.6007680892944336,-0.09800904989242554,0.2988579571247101,0.7675036191940308,-0.090366430580616,0.33520233631134033,0.6827177405357361,-0.13308875262737274,0.36081662774086,0.6200528740882874,-0.15618203580379486,0.38560768961906433,0.562763512134552,-0.17039111256599426,0.3500920534133911,0.7998613119125366,-0.09470465034246445,0.3866787254810333,0.6846498250961304,-0.13696648180484772,0.413174569606781,0.60019850730896,-0.15615037083625793,0.4335727095603943,0.5302273035049438,-0.16980792582035065,0.40170904994010925,0.825287938117981,-0.09808717668056488,0.43079674243927,0.7121810913085938,-0.13689714670181274,0.45521873235702515,0.6316549777984619,-0.14902116358280182,0.470224529504776,0.5642827749252319,-0.1549435406923294,0.44651731848716736,0.8385275602340698,-0.10157503187656403,0.4645994305610657,0.7530032396316528,-0.13118703663349152,0.4737767279148102,0.6946088671684265,-0.13956236839294434,0.47929641604423523,0.6418213844299316,-0.14450444281101227
100,0.0,0.0,0.0,0.0,0.0,0.0,0.0,0.0,0.0,0.0,0.0,0.0,0.0,0.0,0.0,0.0,0.0,0.0,0.0,0.0,0.0,0.0,0.0,0.0,0.0,0.0,0.0,0.0,0.0,0.0,0.0,0.0,0.0,0.0,0.0,0.0,0.0,0.0,0.0,0.0,0.0,0.0,0.0,0.0,0.0,0.0,0.0,0.0,0.0,0.0,0.0,0.0,0.0,0.0,0.0,0.0,0.0,0.0,0.0,0.0,0.0,0.0,0.0,0.37340113520622253,0.888409435749054,7.895168891991489e-07,0.3321126699447632,0.8160243630409241,-0.023412572219967842,0.2889595627784729,0.7278982400894165,-0.04608765244483948,0.26133912801742554,0.6589938998222351,-0.06424492597579956,0.2475827932357788,0.5935876369476318,-0.0828561931848526,0.3009932041168213,0.7555750012397766,-0.07590095698833466,0.3356344699859619,0.6684715747833252,-0.1133689358830452,0.36039331555366516,0.6094344854354858,-0.13272647559642792,0.38413602113723755,0.5583375692367554,-0.14428046345710754,0.3493620753288269,0.7858549356460571,-0.08217862993478775,0.383522629737854,0.6701465845108032,-0.11821446567773819,0.4101100265979767,0.5898578763008118,-0.13353818655014038,0.4313226640224457,0.5246697664260864,-0.14435048401355743,0.3990516662597656,0.8106157183647156,-0.0878690853714943,0.4261171519756317,0.6969945430755615,-0.12236300110816956,0.45041316747665405,0.6192116141319275,-0.13253264129161835,0.46535399556159973,0.5537706613540649,-0.1373405158519745,0.444282591342926,0.8253805041313171,-0.09344600141048431,0.4632309675216675,0.7398985624313354,-0.12115950882434845,0.47276991605758667,0.6834067106246948,-0.1282607465982437,0.4767169952392578,0.632648766040802,-0.13198375701904297
101,0.0,0.0,0.0,0.0,0.0,0.0,0.0,0.0,0.0,0.0,0.0,0.0,0.0,0.0,0.0,0.0,0.0,0.0,0.0,0.0,0.0,0.0,0.0,0.0,0.0,0.0,0.0,0.0,0.0,0.0,0.0,0.0,0.0,0.0,0.0,0.0,0.0,0.0,0.0,0.0,0.0,0.0,0.0,0.0,0.0,0.0,0.0,0.0,0.0,0.0,0.0,0.0,0.0,0.0,0.0,0.0,0.0,0.0,0.0,0.0,0.0,0.0,0.0,0.0,0.0,0.0,0.0,0.0,0.0,0.0,0.0,0.0,0.0,0.0,0.0,0.0,0.0,0.0,0.0,0.0,0.0,0.0,0.0,0.0,0.0,0.0,0.0,0.0,0.0,0.0,0.0,0.0,0.0,0.0,0.0,0.0,0.0,0.0,0.0,0.0,0.0,0.0,0.0,0.0,0.0,0.0,0.0,0.0,0.0,0.0,0.0,0.0,0.0,0.0,0.0,0.0,0.0,0.0,0.0,0.0,0.0,0.0,0.0,0.0,0.0,0.0
102,0.5818564295768738,0.871310830116272,1.2570777130349597e-07,0.6116591691970825,0.7756141424179077,-0.004992618691176176,0.6365367770195007,0.6692246794700623,-0.017606699839234352,0.6422501802444458,0.5843184590339661,-0.028120089322328568,0.6392354965209961,0.5192253589630127,-0.04278590530157089,0.6481640934944153,0.685084879398346,-0.06336554884910583,0.6194717288017273,0.581898033618927,-0.08856052160263062,0.5944969058036804,0.5300690531730652,-0.09944294393062592,0.5671594142913818,0.4860156774520874,-0.10613545775413513,0.6236349940299988,0.7154901623725891,-0.0752912163734436,0.5924525260925293,0.60054612159729,-0.0990852564573288,0.5616304278373718,0.535152792930603,-0.10829655081033707,0.5329231023788452,0.4835342764854431,-0.1175634041428566,0.5868970155715942,0.7512435913085938,-0.08471091091632843,0.5641555786132812,0.6481455564498901,-0.10663340985774994,0.5413055419921875,0.579623818397522,-0.11548236012458801,0.521299421787262,0.5239043831825256,-0.12372666597366333,0.5368314981460571,0.7908246517181396,-0.09256678074598312,0.5231001377105713,0.719040036201477,-0.11110451072454453,0.5160065293312073,0.6666319370269775,-0.1166238859295845,0.5095512866973877,0.6184361577033997,-0.12228939682245255,0.2854916453361511,0.8979893922805786,5.082224561192561e-07,0.2506035566329956,0.8068747520446777,-0.013900809921324253,0.24064071476459503,0.7084707617759705,-0.021179139614105225,0.24795721471309662,0.6339126229286194,-0.02667493373155594,0.24792034924030304,0.5743290185928345,-0.0322561152279377,0.26937156915664673,0.7237730622291565,-0.028213001787662506,0.3158007860183716,0.6459482312202454,-0.04736511781811714,0.3428959250450134,0.5923104882240295,-0.058481987565755844,0.3636607825756073,0.5465180277824402,-0.06550252437591553,0.3106650710105896,0.7388346791267395,-0.03180348500609398,0.3604065477848053,0.6496034264564514,-0.05354943498969078,0.39026954770088196,0.5768583416938782,-0.06779275834560394,0.4133298993110657,0.5163952112197876,-0.07713577896356583,0.3463870584964752,0.7606497406959534,-0.03628046438097954,0.3934828042984009,0.6743409633636475,-0.057401832193136215,0.42018452286720276,0.6099133491516113,-0.07015380263328552,0.4409219026565552,0.5521005392074585,-0.07735639065504074,0.37633371353149414,0.7860586643218994,-0.04086412489414215,0.4150785207748413,0.7287358045578003,-0.05965936928987503,0.43495509028434753,0.682240903377533,-0.06944697350263596,0.4524475336074829,0.6348990797996521,-0.07489311695098877
103,0.5568222403526306,0.8436440229415894,-9.430274161559282e-08,0.5891773700714111,0.7604566812515259,-0.0007900149212218821,0.6134948134422302,0.6671465039253235,-0.012520819902420044,0.6241805553436279,0.5875536799430847,-0.023596366867423058,0.6342990398406982,0.5222584009170532,-0.03830438107252121,0.6330829858779907,0.6879549026489258,-0.05362125113606453,0.6110361814498901,0.5900649428367615,-0.08204877376556396,0.5875577330589294,0.5346392393112183,-0.09816993027925491,0.5630599856376648,0.4886654019355774,-0.10854128003120422,0.6087380051612854,0.7215970158576965,-0.06839250773191452,0.5804383158683777,0.6065145134925842,-0.09378554672002792,0.554232120513916,0.5369856953620911,-0.10598856210708618,0.5273832678794861,0.48569256067276,-0.1179325133562088,0.5717663764953613,0.753781259059906,-0.08098983764648438,0.5494397878646851,0.6465193033218384,-0.10569795221090317,0.53207927942276,0.5778303146362305,-0.11418749392032623,0.5147764086723328,0.5239496827125549,-0.12188754975795746,0.5253781080245972,0.7815464735031128,-0.09162002056837082,0.5130305290222168,0.7012982368469238,-0.11539200693368912,0.5090398788452148,0.6540967226028442,-0.12281425297260284,0.5038571357727051,0.6137961149215698,-0.12873414158821106,0.36963358521461487,0.8662535548210144,5.275333592180687e-07,0.32481756806373596,0.7922743558883667,-0.013769195415079594,0.2890816628932953,0.7040817737579346,-0.031160661950707436,0.26966729760169983,0.6335477828979492,-0.045837800949811935,0.25561684370040894,0.5747804641723633,-0.06110657751560211,0.2965047061443329,0.7333759069442749,-0.06476578861474991,0.3179982900619507,0.6468448638916016,-0.09646731615066528,0.34152549505233765,0.5885248780250549,-0.11075413972139359,0.3631037175655365,0.5435230731964111,-0.1176006942987442,0.33661049604415894,0.7622565627098083,-0.07231037318706512,0.36109185218811035,0.6550722122192383,-0.10239247977733612,0.38830405473709106,0.5790635347366333,-0.11281555145978928,0.410028874874115,0.5199605226516724,-0.11945100128650665,0.38001710176467896,0.7866498827934265,-0.0786365494132042,0.40080904960632324,0.6845894455909729,-0.10440954566001892,0.42182451486587524,0.6119354367256165,-0.11152058094739914,0.43678659200668335,0.5508273243904114,-0.11468660831451416,0.4230806231498718,0.8063179850578308,-0.08457214385271072,0.4353434145450592,0.7258881330490112,-0.10452921688556671,0.44265681505203247,0.6720128059387207,-0.10909300297498703,0.44727444648742676,0.624022901058197,-0.1111578717827797
104,0.5643515586853027,0.8322693705558777,-1.7537283270030457e-07,0.59139084815979,0.7560978531837463,-0.0033635629806667566,0.6085008382797241,0.6705371141433716,-0.015116099268198013,0.6175037622451782,0.5955098271369934,-0.026361674070358276,0.6296256184577942,0.5315431356430054,-0.04119233414530754,0.6264169812202454,0.6779519319534302,-0.04787353426218033,0.6018348932266235,0.5864896774291992,-0.07516906410455704,0.5775203108787537,0.5386967658996582,-0.09179817885160446,0.5558993816375732,0.5012572407722473,-0.10227733850479126,0.6025199890136719,0.7136905789375305,-0.06018396094441414,0.5704767107963562,0.6057212948799133,-0.08168759196996689,0.5451105237007141,0.545009434223175,-0.09243800491094589,0.5217183232307434,0.49908512830734253,-0.10401102155447006,0.5680546164512634,0.7471534013748169,-0.07130002975463867,0.5392097234725952,0.6468393802642822,-0.09255839884281158,0.5185967087745667,0.5859385132789612,-0.09930205345153809,0.502069890499115,0.5361387729644775,-0.10653385519981384,0.5266019105911255,0.7748901844024658,-0.08114342391490936,0.5087864398956299,0.7017213702201843,-0.10222484916448593,0.5035332441329956,0.6608772277832031,-0.10846731066703796,0.49958136677742004,0.6258283853530884,-0.11368229985237122,0.3810581564903259,0.8700213432312012,6.259649012463342e-07,0.34167569875717163,0.8008215427398682,-0.016416450962424278,0.3022212088108063,0.7102892398834229,-0.03223877027630806,0.28190305829048157,0.6355386972427368,-0.04575562849640846,0.266340047121048,0.5709068775177002,-0.05948798730969429,0.296347975730896,0.7317312359809875,-0.057725317776203156,0.32155099511146545,0.6471375226974487,-0.09029492735862732,0.3447551727294922,0.5916259288787842,-0.10803049057722092,0.3650885224342346,0.5462507605552673,-0.11859935522079468,0.33332934975624084,0.7666649222373962,-0.06582091003656387,0.3616463840007782,0.6615750789642334,-0.09829552471637726,0.3875352740287781,0.5855252742767334,-0.11198673397302628,0.4081052243709564,0.5272020101547241,-0.12100712954998016,0.3787311613559723,0.7943727970123291,-0.07389779388904572,0.4018760025501251,0.6888833045959473,-0.10484574735164642,0.42469656467437744,0.6163517236709595,-0.11350417137145996,0.43774664402008057,0.560076892375946,-0.11666310578584671,0.4222509562969208,0.8090853691101074,-0.08200979977846146,0.4383198916912079,0.726624608039856,-0.10646437853574753,0.4445585608482361,0.6736480593681335,-0.11212125420570374,0.4464529752731323,0.630431592464447,-0.1141677126288414
105,0.0,0.0,0.0,0.0,0.0,0.0,0.0,0.0,0.0,0.0,0.0,0.0,0.0,0.0,0.0,0.0,0.0,0.0,0.0,0.0,0.0,0.0,0.0,0.0,0.0,0.0,0.0,0.0,0.0,0.0,0.0,0.0,0.0,0.0,0.0,0.0,0.0,0.0,0.0,0.0,0.0,0.0,0.0,0.0,0.0,0.0,0.0,0.0,0.0,0.0,0.0,0.0,0.0,0.0,0.0,0.0,0.0,0.0,0.0,0.0,0.0,0.0,0.0,0.3807114064693451,0.8760191798210144,5.871589792150189e-07,0.342294305562973,0.800859808921814,-0.011081745848059654,0.30737993121147156,0.7097510099411011,-0.02671888843178749,0.2885853052139282,0.6331857442855835,-0.04095005244016647,0.27532920241355896,0.5676651000976562,-0.056459005922079086,0.3008486032485962,0.7272741794586182,-0.055874019861221313,0.32308247685432434,0.6399261951446533,-0.08870979398488998,0.347434937953949,0.5855135917663574,-0.10676108300685883,0.3689834177494049,0.5428870320320129,-0.11777617782354355,0.3360534608364105,0.7617129683494568,-0.06675156950950623,0.3636915385723114,0.6532837152481079,-0.09747772663831711,0.3894805908203125,0.5808470249176025,-0.10944302380084991,0.4101529121398926,0.5257791876792908,-0.11814147979021072,0.37830835580825806,0.7916828393936157,-0.07716195285320282,0.40234214067459106,0.684426486492157,-0.10617467761039734,0.42323875427246094,0.6130042672157288,-0.1118246391415596,0.4368005096912384,0.5569539070129395,-0.11404699832201004,0.42060330510139465,0.8125408291816711,-0.08726794272661209,0.43653517961502075,0.7302179932594299,-0.10974559187889099,0.44322121143341064,0.6757441759109497,-0.11313331127166748,0.4467577636241913,0.6304790377616882,-0.11422126740217209
106,0.0,0.0,0.0,0.0,0.0,0.0,0.0,0.0,0.0,0.0,0.0,0.0,0.0,0.0,0.0,0.0,0.0,0.0,0.0,0.0,0.0,0.0,0.0,0.0,0.0,0.0,0.0,0.0,0.0,0.0,0.0,0.0,0.0,0.0,0.0,0.0,0.0,0.0,0.0,0.0,0.0,0.0,0.0,0.0,0.0,0.0,0.0,0.0,0.0,0.0,0.0,0.0,0.0,0.0,0.0,0.0,0.0,0.0,0.0,0.0,0.0,0.0,0.0,0.38541823625564575,0.8646641969680786,5.887675342819421e-07,0.34588780999183655,0.7904157042503357,-0.00834528636187315,0.31247079372406006,0.7024791240692139,-0.02303040400147438,0.29678159952163696,0.6254353523254395,-0.03720454126596451,0.2835131585597992,0.5612990856170654,-0.05243723466992378,0.30207112431526184,0.7163134217262268,-0.054020993411540985,0.3238510489463806,0.6261308789253235,-0.08698941767215729,0.34739676117897034,0.5741282105445862,-0.10412023961544037,0.366848349571228,0.5318413972854614,-0.11455842852592468,0.33333370089530945,0.7494186162948608,-0.06684629619121552,0.36199480295181274,0.6430540084838867,-0.0991581603884697,0.38896963000297546,0.5740534663200378,-0.11078000068664551,0.41032838821411133,0.5211174488067627,-0.11849057674407959,0.37363752722740173,0.7802770137786865,-0.07916627079248428,0.3988412022590637,0.6764492392539978,-0.10964634269475937,0.4215255677700043,0.6091945171356201,-0.11558465659618378,0.4353984594345093,0.5541893839836121,-0.11756574362516403,0.4151245355606079,0.8032122850418091,-0.09108041971921921,0.43217018246650696,0.7256689667701721,-0.11549790948629379,0.4389287829399109,0.6738195419311523,-0.12048736214637756,0.44218841195106506,0.6298011541366577,-0.12227435410022736
107,0.0,0.0,0.0,0.0,0.0,0.0,0.0,0.0,0.0,0.0,0.0,0.0,0.0,0.0,0.0,0.0,0.0,0.0,0.0,0.0,0.0,0.0,0.0,0.0,0.0,0.0,0.0,0.0,0.0,0.0,0.0,0.0,0.0,0.0,0.0,0.0,0.0,0.0,0.0,0.0,0.0,0.0,0.0,0.0,0.0,0.0,0.0,0.0,0.0,0.0,0.0,0.0,0.0,0.0,0.0,0.0,0.0,0.0,0.0,0.0,0.0,0.0,0.0,0.3848663568496704,0.8678675889968872,5.832602596456127e-07,0.34532061219215393,0.7916003465652466,-0.0040152594447135925,0.31408488750457764,0.7036052346229553,-0.018896088004112244,0.2996954321861267,0.6262362003326416,-0.03396705165505409,0.2893589735031128,0.5605863332748413,-0.05089407041668892,0.30445775389671326,0.7142633199691772,-0.057226113975048065,0.3211815357208252,0.6245484352111816,-0.09229934960603714,0.3441580832004547,0.5705648064613342,-0.11048134416341782,0.3634187877178192,0.5270906090736389,-0.12157299369573593,0.33113494515419006,0.7486974596977234,-0.07284899055957794,0.3563075363636017,0.6397215723991394,-0.1078169196844101,0.38421258330345154,0.5678891539573669,-0.11998091638088226,0.4059187173843384,0.5143256783485413,-0.12793530523777008,0.36907243728637695,0.7813971638679504,-0.08733878284692764,0.39089977741241455,0.674332857131958,-0.11959128081798553,0.41445139050483704,0.6040042042732239,-0.12568099796772003,0.42910826206207275,0.5489508509635925,-0.12779271602630615,0.4093681573867798,0.8071249127388,-0.10090889036655426,0.4238188564777374,0.7279770374298096,-0.1263851672410965,0.43142199516296387,0.6731576919555664,-0.1318775862455368,0.4360697865486145,0.627221941947937,-0.13420318067073822
108,0.0,0.0,0.0,0.0,0.0,0.0,0.0,0.0,0.0,0.0,0.0,0.0,0.0,0.0,0.0,0.0,0.0,0.0,0.0,0.0,0.0,0.0,0.0,0.0,0.0,0.0,0.0,0.0,0.0,0.0,0.0,0.0,0.0,0.0,0.0,0.0,0.0,0.0,0.0,0.0,0.0,0.0,0.0,0.0,0.0,0.0,0.0,0.0,0.0,0.0,0.0,0.0,0.0,0.0,0.0,0.0,0.0,0.0,0.0,0.0,0.0,0.0,0.0,0.3820696473121643,0.8670874834060669,5.986747169117734e-07,0.3423372805118561,0.7897005677223206,-0.004406980238854885,0.31123608350753784,0.7030388712882996,-0.020418602973222733,0.2977966070175171,0.6265297532081604,-0.03663419932126999,0.2878975570201874,0.5611040592193604,-0.05479518696665764,0.30062368512153625,0.7139080166816711,-0.06068742275238037,0.31861546635627747,0.6243630647659302,-0.09748665243387222,0.34155580401420593,0.5713225603103638,-0.11637858301401138,0.3599417507648468,0.5286788940429688,-0.1277809739112854,0.3279048204421997,0.7478643655776978,-0.07695912569761276,0.3534410297870636,0.6405522227287292,-0.11411222070455551,0.38120564818382263,0.5686594247817993,-0.1270757019519806,0.4028471112251282,0.5152904391288757,-0.13521330058574677,0.367031991481781,0.7807871103286743,-0.09202256053686142,0.3887539207935333,0.6753504872322083,-0.1263621747493744,0.4128958284854889,0.6049884557723999,-0.13324080407619476,0.42733386158943176,0.5494758486747742,-0.13545581698417664,0.4080507755279541,0.807261049747467,-0.10610561072826385,0.4221651256084442,0.7292305827140808,-0.1336210072040558,0.42914360761642456,0.6732509136199951,-0.1402304619550705,0.4334219694137573,0.625670313835144,-0.1429770290851593
109,0.0,0.0,0.0,0.0,0.0,0.0,0.0,0.0,0.0,0.0,0.0,0.0,0.0,0.0,0.0,0.0,0.0,0.0,0.0,0.0,0.0,0.0,0.0,0.0,0.0,0.0,0.0,0.0,0.0,0.0,0.0,0.0,0.0,0.0,0.0,0.0,0.0,0.0,0.0,0.0,0.0,0.0,0.0,0.0,0.0,0.0,0.0,0.0,0.0,0.0,0.0,0.0,0.0,0.0,0.0,0.0,0.0,0.0,0.0,0.0,0.0,0.0,0.0,0.3825095295906067,0.8641899228096008,6.144828148535453e-07,0.34205499291419983,0.7894124984741211,-0.00699688820168376,0.311542272567749,0.7013871073722839,-0.023693948984146118,0.2990071773529053,0.6238921284675598,-0.039613865315914154,0.28970715403556824,0.5587498545646667,-0.057096611708402634,0.3013571798801422,0.714038074016571,-0.06236064061522484,0.3221145272254944,0.6246691346168518,-0.09856532514095306,0.3455309569835663,0.5702226758003235,-0.11739317327737808,0.3657940626144409,0.5258906483650208,-0.1289219707250595,0.3301171064376831,0.7489132285118103,-0.07679353654384613,0.35872119665145874,0.6415019631385803,-0.11259455233812332,0.3868526220321655,0.5707037448883057,-0.12448593974113464,0.4086213707923889,0.517053484916687,-0.13261063396930695,0.3686525821685791,0.7813160419464111,-0.09019697457551956,0.395180344581604,0.6749674677848816,-0.12315469980239868,0.41846394538879395,0.6064900159835815,-0.12850341200828552,0.43330204486846924,0.5521209239959717,-0.13028773665428162,0.4088442623615265,0.8062518835067749,-0.10294350236654282,0.4253152906894684,0.7288203239440918,-0.12896597385406494,0.4330093264579773,0.6748851537704468,-0.13410568237304688,0.4382343292236328,0.6288542747497559,-0.13623502850532532
110,0.0,0.0,0.0,0.0,0.0,0.0,0.0,0.0,0.0,0.0,0.0,0.0,0.0,0.0,0.0,0.0,0.0,0.0,0.0,0.0,0.0,0.0,0.0,0.0,0.0,0.0,0.0,0.0,0.0,0.0,0.0,0.0,0.0,0.0,0.0,0.0,0.0,0.0,0.0,0.0,0.0,0.0,0.0,0.0,0.0,0.0,0.0,0.0,0.0,0.0,0.0,0.0,0.0,0.0,0.0,0.0,0.0,0.0,0.0,0.0,0.0,0.0,0.0,0.38535788655281067,0.8692802786827087,5.98150108999107e-07,0.34547001123428345,0.7926267981529236,-0.006085296627134085,0.31505322456359863,0.7063114643096924,-0.023768559098243713,0.3011363744735718,0.6301701068878174,-0.04080910608172417,0.2912146747112274,0.5643187761306763,-0.06000774726271629,0.30559179186820984,0.7175672650337219,-0.06594304740428925,0.3235054910182953,0.6285082697868347,-0.10369110852479935,0.3468390107154846,0.5742709636688232,-0.1232072114944458,0.36777541041374207,0.5303553342819214,-0.1352127492427826,0.334776371717453,0.7514117956161499,-0.0817255973815918,0.360867977142334,0.6440097689628601,-0.11930723488330841,0.3888469338417053,0.5730764865875244,-0.13161340355873108,0.4109122157096863,0.5200202465057373,-0.139912948012352,0.3738170862197876,0.7842614650726318,-0.09617617726325989,0.39780840277671814,0.678044855594635,-0.13012883067131042,0.42065703868865967,0.6093347072601318,-0.1352815181016922,0.4354393780231476,0.5548484325408936,-0.1370629519224167,0.4143230617046356,0.8115473389625549,-0.10975456237792969,0.42866331338882446,0.7337002754211426,-0.1358221173286438,0.43525436520576477,0.6785150766372681,-0.14041024446487427,0.43981438875198364,0.6313002109527588,-0.14241957664489746
111,0.0,0.0,0.0,0.0,0.0,0.0,0.0,0.0,0.0,0.0,0.0,0.0,0.0,0.0,0.0,0.0,0.0,0.0,0.0,0.0,0.0,0.0,0.0,0.0,0.0,0.0,0.0,0.0,0.0,0.0,0.0,0.0,0.0,0.0,0.0,0.0,0.0,0.0,0.0,0.0,0.0,0.0,0.0,0.0,0.0,0.0,0.0,0.0,0.0,0.0,0.0,0.0,0.0,0.0,0.0,0.0,0.0,0.0,0.0,0.0,0.0,0.0,0.0,0.3877262473106384,0.8667780756950378,5.869144388270797e-07,0.348858505487442,0.7912423610687256,-0.006877409294247627,0.31649789214134216,0.7048538327217102,-0.022312868386507034,0.301462858915329,0.6297858953475952,-0.03753626346588135,0.2891208231449127,0.5668364763259888,-0.05417986586689949,0.30394721031188965,0.7214596271514893,-0.057744067162275314,0.32130396366119385,0.6339075565338135,-0.0924222469329834,0.34404346346855164,0.5812327861785889,-0.11032025516033173,0.3636750280857086,0.5392683744430542,-0.1209552213549614,0.33303284645080566,0.7565968036651611,-0.07188057154417038,0.35575029253959656,0.6535048484802246,-0.10688403248786926,0.38283053040504456,0.5817270278930664,-0.11901869624853134,0.4051155149936676,0.5272168517112732,-0.12653164565563202,0.372586727142334,0.7889221906661987,-0.08512335270643234,0.3924737274646759,0.6872926950454712,-0.11782485246658325,0.415083646774292,0.6203933954238892,-0.12389501929283142,0.43007540702819824,0.5670044422149658,-0.12543703615665436,0.4145318269729614,0.8125962615013123,-0.09770941734313965,0.42680734395980835,0.7378805875778198,-0.12371844798326492,0.4324324131011963,0.6857264041900635,-0.12921088933944702,0.436257004737854,0.6412986516952515,-0.13103502988815308
112,0.0,0.0,0.0,0.0,0.0,0.0,0.0,0.0,0.0,0.0,0.0,0.0,0.0,0.0,0.0,0.0,0.0,0.0,0.0,0.0,0.0,0.0,0.0,0.0,0.0,0.0,0.0,0.0,0.0,0.0,0.0,0.0,0.0,0.0,0.0,0.0,0.0,0.0,0.0,0.0,0.0,0.0,0.0,0.0,0.0,0.0,0.0,0.0,0.0,0.0,0.0,0.0,0.0,0.0,0.0,0.0,0.0,0.0,0.0,0.0,0.0,0.0,0.0,0.386004775762558,0.8698501586914062,5.722791343032441e-07,0.3453948497772217,0.7941384315490723,-0.006563899572938681,0.31428098678588867,0.7070832252502441,-0.022733986377716064,0.29908648133277893,0.6308435201644897,-0.03836476802825928,0.2881355583667755,0.5668321251869202,-0.05594590678811073,0.30436405539512634,0.7239908576011658,-0.061332959681749344,0.32237574458122253,0.6351066827774048,-0.09672970324754715,0.3438112437725067,0.5812486410140991,-0.11483519524335861,0.3625989258289337,0.5379696488380432,-0.1259615272283554,0.33356380462646484,0.757777750492096,-0.07612278312444687,0.35768765211105347,0.6534404158592224,-0.11128916591405869,0.3831009268760681,0.5833657383918762,-0.12289875000715256,0.403937429189682,0.5303733348846436,-0.1309533715248108,0.3722090423107147,0.7898750901222229,-0.08985994011163712,0.39481449127197266,0.6878941655158997,-0.12242741882801056,0.4155363440513611,0.6203447580337524,-0.12801997363567352,0.4294827878475189,0.565842866897583,-0.1301814317703247,0.41284260153770447,0.8151330947875977,-0.10285699367523193,0.4260568618774414,0.7409809827804565,-0.12828315794467926,0.4313318133354187,0.6876999735832214,-0.1334063857793808,0.4352795481681824,0.6413974761962891,-0.13585488498210907
113,0.0,0.0,0.0,0.0,0.0,0.0,0.0,0.0,0.0,0.0,0.0,0.0,0.0,0.0,0.0,0.0,0.0,0.0,0.0,0.0,0.0,0.0,0.0,0.0,0.0,0.0,0.0,0.0,0.0,0.0,0.0,0.0,0.0,0.0,0.0,0.0,0.0,0.0,0.0,0.0,0.0,0.0,0.0,0.0,0.0,0.0,0.0,0.0,0.0,0.0,0.0,0.0,0.0,0.0,0.0,0.0,0.0,0.0,0.0,0.0,0.0,0.0,0.0,0.3844914734363556,0.8704030513763428,5.495091954799136e-07,0.34343165159225464,0.796421468257904,-0.0059916675090789795,0.31053897738456726,0.7085967659950256,-0.02017383463680744,0.29492810368537903,0.633295476436615,-0.03393945470452309,0.2820417284965515,0.5709851384162903,-0.049116481095552444,0.3000934422016144,0.7265661358833313,-0.05546610802412033,0.3177701234817505,0.6405119299888611,-0.08770430088043213,0.3402135968208313,0.5889245867729187,-0.10406835377216339,0.3599059581756592,0.5475531816482544,-0.11417784541845322,0.33150938153266907,0.7603055834770203,-0.06935729086399078,0.3556671142578125,0.6577688455581665,-0.10122509300708771,0.3817361295223236,0.5876672267913818,-0.11187814921140671,0.40312713384628296,0.5337027907371521,-0.1193087100982666,0.3717917501926422,0.792112410068512,-0.08228760212659836,0.3936794698238373,0.693341076374054,-0.11234570294618607,0.4145413339138031,0.6259470582008362,-0.11793338507413864,0.4282870590686798,0.5704770088195801,-0.12003936618566513,0.4142134487628937,0.8160556554794312,-0.09447140246629715,0.4277803301811218,0.741740882396698,-0.1179453507065773,0.43189728260040283,0.69008868932724,-0.12260565906763077,0.43384668231010437,0.6447427868843079,-0.12467856705188751
114,0.5546168088912964,0.8897941708564758,1.5223106686335086e-07,0.5807822942733765,0.7890153527259827,-0.0006289861048571765,0.5989497900009155,0.6848676800727844,-0.013503271155059338,0.602937638759613,0.6056556105613708,-0.026802480220794678,0.6111732721328735,0.5409013032913208,-0.0442986786365509,0.614665150642395,0.6968559622764587,-0.0542788952589035,0.5842706561088562,0.599709153175354,-0.08143170177936554,0.5578358173370361,0.5499318242073059,-0.0948738306760788,0.5323420763015747,0.5112351775169373,-0.10373374819755554,0.5895417928695679,0.7267733216285706,-0.06993117928504944,0.5600534677505493,0.6254844665527344,-0.09605532139539719,0.5279447436332703,0.5635397434234619,-0.10843147337436676,0.5004534125328064,0.515304446220398,-0.12037727236747742,0.5555065274238586,0.7659904360771179,-0.08351417630910873,0.5327290296554565,0.6731532216072083,-0.10789873450994492,0.5081576704978943,0.6096616983413696,-0.11813012510538101,0.4891989231109619,0.557172417640686,-0.12754739820957184,0.512080729007721,0.8106074333190918,-0.09541923552751541,0.49734973907470703,0.740092396736145,-0.11783469468355179,0.4900076985359192,0.6904163360595703,-0.125950887799263,0.4828639030456543,0.6448054909706116,-0.13336722552776337,0.3751339912414551,0.8695403337478638,5.425266067504708e-07,0.3353993892669678,0.792921781539917,-0.007713699247688055,0.30275729298591614,0.706841230392456,-0.022797951474785805,0.2850317358970642,0.6325949430465698,-0.03725077584385872,0.2704451084136963,0.5708738565444946,-0.052818089723587036,0.29589852690696716,0.7308184504508972,-0.0564364455640316,0.31054845452308655,0.6478418707847595,-0.08980553597211838,0.331742525100708,0.5968945026397705,-0.1070505902171135,0.35054242610931396,0.5572540163993835,-0.11745565384626389,0.3284432888031006,0.7643224596977234,-0.0694274976849556,0.34905901551246643,0.6625032424926758,-0.10222683846950531,0.37184226512908936,0.5909833908081055,-0.1134864017367363,0.39056313037872314,0.5368978977203369,-0.12123808264732361,0.36944207549095154,0.7936803102493286,-0.081660695374012,0.3887132406234741,0.6960649490356445,-0.11239080876111984,0.40740635991096497,0.6285863518714905,-0.11824886500835419,0.4189203083515167,0.5743468999862671,-0.12029824405908585,0.4113272428512573,0.8146612644195557,-0.09331141412258148,0.42460760474205017,0.7402989268302917,-0.11701077967882156,0.4267474114894867,0.690037727355957,-0.12154779583215714,0.42688658833503723,0.6478024125099182,-0.12347013503313065
115,0.0,0.0,0.0,0.0,0.0,0.0,0.0,0.0,0.0,0.0,0.0,0.0,0.0,0.0,0.0,0.0,0.0,0.0,0.0,0.0,0.0,0.0,0.0,0.0,0.0,0.0,0.0,0.0,0.0,0.0,0.0,0.0,0.0,0.0,0.0,0.0,0.0,0.0,0.0,0.0,0.0,0.0,0.0,0.0,0.0,0.0,0.0,0.0,0.0,0.0,0.0,0.0,0.0,0.0,0.0,0.0,0.0,0.0,0.0,0.0,0.0,0.0,0.0,0.3746606111526489,0.8725678324699402,4.999733960175945e-07,0.3335592448711395,0.7991747856140137,-0.008318073116242886,0.2986230254173279,0.7098772525787354,-0.023026587441563606,0.2789701521396637,0.6346356868743896,-0.036795612424612045,0.2633509337902069,0.5731656551361084,-0.05178918316960335,0.2935165464878082,0.7369205355644226,-0.05857044830918312,0.3082577586174011,0.6565892100334167,-0.09034845232963562,0.32732516527175903,0.6059712767601013,-0.10627847909927368,0.3441362977027893,0.5648974180221558,-0.11624772101640701,0.3284332752227783,0.7698519229888916,-0.071103535592556,0.3484886884689331,0.6686251759529114,-0.10282464325428009,0.36979758739471436,0.59664386510849,-0.11373306810855865,0.3871537744998932,0.5410381555557251,-0.12155154347419739,0.3717005252838135,0.7974236011505127,-0.08261905610561371,0.38910844922065735,0.697716474533081,-0.11303797364234924,0.40737220644950867,0.6295359134674072,-0.11959103494882584,0.41854962706565857,0.5753090381622314,-0.12224315851926804,0.41575634479522705,0.8156731724739075,-0.09345139563083649,0.42770975828170776,0.7376666069030762,-0.11768684536218643,0.4281306862831116,0.6879502534866333,-0.12303688377141953,0.4257665276527405,0.6472684741020203,-0.12568360567092896
116,0.0,0.0,0.0,0.0,0.0,0.0,0.0,0.0,0.0,0.0,0.0,0.0,0.0,0.0,0.0,0.0,0.0,0.0,0.0,0.0,0.0,0.0,0.0,0.0,0.0,0.0,0.0,0.0,0.0,0.0,0.0,0.0,0.0,0.0,0.0,0.0,0.0,0.0,0.0,0.0,0.0,0.0,0.0,0.0,0.0,0.0,0.0,0.0,0.0,0.0,0.0,0.0,0.0,0.0,0.0,0.0,0.0,0.0,0.0,0.0,0.0,0.0,0.0,0.3723503351211548,0.8720617294311523,4.886427973360696e-07,0.331374853849411,0.7984433770179749,-0.010239803232252598,0.2949838936328888,0.7100409269332886,-0.025076212361454964,0.27333927154541016,0.6361085176467896,-0.03833462670445442,0.2575218081474304,0.5753780603408813,-0.052649229764938354,0.2940981388092041,0.739196240901947,-0.059628043323755264,0.30875539779663086,0.6601418852806091,-0.09029637277126312,0.32778364419937134,0.6105007529258728,-0.10508453845977783,0.34512966871261597,0.5697797536849976,-0.11435592174530029,0.32907313108444214,0.7723644971847534,-0.07055655866861343,0.3502123951911926,0.6717280745506287,-0.10087379813194275,0.3713126480579376,0.600759744644165,-0.11074548214673996,0.38856562972068787,0.5448970794677734,-0.11827016621828079,0.3710865080356598,0.7997820377349854,-0.08062049746513367,0.3892427980899811,0.7024229168891907,-0.11052089184522629,0.40787309408187866,0.6334165334701538,-0.11744473874568939,0.42022618651390076,0.5774462819099426,-0.12057645618915558,0.41380465030670166,0.8173000812530518,-0.090068519115448,0.42647337913513184,0.7403590083122253,-0.11445140093564987,0.429622083902359,0.6905167102813721,-0.12027928233146667,0.4301854968070984,0.6486043334007263,-0.12338230758905411
117,0.0,0.0,0.0,0.0,0.0,0.0,0.0,0.0,0.0,0.0,0.0,0.0,0.0,0.0,0.0,0.0,0.0,0.0,0.0,0.0,0.0,0.0,0.0,0.0,0.0,0.0,0.0,0.0,0.0,0.0,0.0,0.0,0.0,0.0,0.0,0.0,0.0,0.0,0.0,0.0,0.0,0.0,0.0,0.0,0.0,0.0,0.0,0.0,0.0,0.0,0.0,0.0,0.0,0.0,0.0,0.0,0.0,0.0,0.0,0.0,0.0,0.0,0.0,0.3732069730758667,0.8738642930984497,4.6973289613561064e-07,0.33275917172431946,0.7997719645500183,-0.010617755353450775,0.29679176211357117,0.7130173444747925,-0.02476128749549389,0.27565547823905945,0.641871452331543,-0.03731825202703476,0.2600579261779785,0.5816622376441956,-0.050525639206171036,0.29441213607788086,0.7412508130073547,-0.054143499583005905,0.30723661184310913,0.6677646040916443,-0.08351218700408936,0.32621681690216064,0.6167356371879578,-0.09898261725902557,0.34500136971473694,0.5744065642356873,-0.10855527967214584,0.3300248682498932,0.7745199203491211,-0.06397676467895508,0.3484226167201996,0.6798761487007141,-0.09205823391675949,0.3685614764690399,0.6085724830627441,-0.10230176150798798,0.38584455847740173,0.5519975423812866,-0.11003398150205612,0.37250709533691406,0.8011935353279114,-0.07322544604539871,0.3885623514652252,0.7068237066268921,-0.10145159810781479,0.4064105749130249,0.637933611869812,-0.10797812044620514,0.41843393445014954,0.5828922390937805,-0.11068480461835861,0.41557392477989197,0.8176237940788269,-0.08200466632843018,0.4276827573776245,0.7429072260856628,-0.10496611893177032,0.4312179386615753,0.6942823529243469,-0.10959579050540924,0.43196019530296326,0.6534184217453003,-0.11152447760105133
118,0.0,0.0,0.0,0.0,0.0,0.0,0.0,0.0,0.0,0.0,0.0,0.0,0.0,0.0,0.0,0.0,0.0,0.0,0.0,0.0,0.0,0.0,0.0,0.0,0.0,0.0,0.0,0.0,0.0,0.0,0.0,0.0,0.0,0.0,0.0,0.0,0.0,0.0,0.0,0.0,0.0,0.0,0.0,0.0,0.0,0.0,0.0,0.0,0.0,0.0,0.0,0.0,0.0,0.0,0.0,0.0,0.0,0.0,0.0,0.0,0.0,0.0,0.0,0.3754652738571167,0.8779915571212769,4.5125040060156607e-07,0.33377593755722046,0.8067846298217773,-0.010624260641634464,0.29663074016571045,0.7211085557937622,-0.02478298731148243,0.2755659520626068,0.6516146063804626,-0.037470366805791855,0.2613716125488281,0.5918431282043457,-0.05083860456943512,0.29799771308898926,0.7484573125839233,-0.05455981194972992,0.3133816123008728,0.678496241569519,-0.084414042532444,0.3313791751861572,0.6291338801383972,-0.09981200844049454,0.34920600056648254,0.5869705080986023,-0.10962033271789551,0.3335505723953247,0.7807797193527222,-0.06517232954502106,0.35318127274513245,0.6925902366638184,-0.09499245882034302,0.37179484963417053,0.6233012080192566,-0.10594326257705688,0.38737937808036804,0.5668704509735107,-0.11396937072277069,0.3761998414993286,0.8074475526809692,-0.07523974776268005,0.3934154808521271,0.7198162078857422,-0.10598141700029373,0.4124276041984558,0.6518658399581909,-0.1135348230600357,0.42425769567489624,0.5954960584640503,-0.11660753935575485,0.4195164442062378,0.8244765996932983,-0.08475574851036072,0.43365922570228577,0.7551667094230652,-0.11115611344575882,0.4396957755088806,0.706518828868866,-0.1176426112651825,0.44186168909072876,0.6623495817184448,-0.1205664873123169
119,0.0,0.0,0.0,0.0,0.0,0.0,0.0,0.0,0.0,0.0,0.0,0.0,0.0,0.0,0.0,0.0,0.0,0.0,0.0,0.0,0.0,0.0,0.0,0.0,0.0,0.0,0.0,0.0,0.0,0.0,0.0,0.0,0.0,0.0,0.0,0.0,0.0,0.0,0.0,0.0,0.0,0.0,0.0,0.0,0.0,0.0,0.0,0.0,0.0,0.0,0.0,0.0,0.0,0.0,0.0,0.0,0.0,0.0,0.0,0.0,0.0,0.0,0.0,0.3807641267776489,0.8706515431404114,4.6197982328521903e-07,0.33743101358413696,0.7982491254806519,-0.00981577392667532,0.2995675206184387,0.7156615257263184,-0.024294786155223846,0.2780655324459076,0.6510339379310608,-0.03715776652097702,0.26401838660240173,0.595349907875061,-0.05040344223380089,0.30240315198898315,0.7473488450050354,-0.05402488633990288,0.31919214129447937,0.6820697784423828,-0.08377938717603683,0.3382223844528198,0.631883442401886,-0.09986764192581177,0.35752904415130615,0.5885075330734253,-0.11021292209625244,0.3407790958881378,0.7790989279747009,-0.0647832602262497,0.3605869710445404,0.694374680519104,-0.09422340244054794,0.380466490983963,0.625289797782898,-0.10567955672740936,0.3966210186481476,0.5679140686988831,-0.11395841091871262,0.38467833399772644,0.804868221282959,-0.07459717243909836,0.39926639199256897,0.7188897132873535,-0.10481667518615723,0.41836294531822205,0.6504659652709961,-0.11172828078269958,0.4305078685283661,0.5941560864448547,-0.11408623307943344,0.4287453591823578,0.8204155564308167,-0.08378967642784119,0.4392973780632019,0.7507882118225098,-0.10906510055065155,0.445089727640152,0.7025226354598999,-0.11417281627655029,0.4476257562637329,0.6595869660377502,-0.11588118970394135
120,0.558567225933075,0.8903421759605408,2.0696141689313663e-07,0.5796674489974976,0.7850899696350098,0.0010240416740998626,0.6008701920509338,0.6907618641853333,-0.009199539199471474,0.6074715256690979,0.6103178262710571,-0.020198404788970947,0.6090909838676453,0.5464800000190735,-0.03477870300412178,0.6178355813026428,0.7137472033500671,-0.037198975682258606,0.5904055237770081,0.6233082413673401,-0.057676877826452255,0.5640742182731628,0.5725193023681641,-0.06904527544975281,0.5386917591094971,0.5338337421417236,-0.0761207789182663,0.5928149819374084,0.7449115514755249,-0.04992971569299698,0.5619000196456909,0.6455854773521423,-0.06714247912168503,0.5314915776252747,0.5836290717124939,-0.0740264505147934,0.5063347816467285,0.5386307835578918,-0.08202878385782242,0.5570952892303467,0.7796546816825867,-0.0614122673869133,0.5303639769554138,0.6861984133720398,-0.0764055922627449,0.5052382946014404,0.6234455108642578,-0.07935944944620132,0.4861879348754883,0.5765512585639954,-0.0837036520242691,0.5113859176635742,0.8160481452941895,-0.07188417762517929,0.4941747784614563,0.7417865991592407,-0.08454097807407379,0.4846348166465759,0.6923695206642151,-0.08519020676612854,0.47370797395706177,0.651343822479248,-0.08707369863986969,0.3137933313846588,0.833202600479126,2.396513139046874e-07,0.2756982743740082,0.7595899701118469,-0.011593211442232132,0.26806023716926575,0.6856789588928223,-0.021954623982310295,0.27729734778404236,0.6259859204292297,-0.030168460682034492,0.26955580711364746,0.5784794092178345,-0.038922879844903946,0.2868020832538605,0.7162459492683411,-0.04569659382104874,0.31977492570877075,0.6604726910591125,-0.06746503710746765,0.34403204917907715,0.613905668258667,-0.07880931347608566,0.36690229177474976,0.5769280195236206,-0.08593428879976273,0.3268665075302124,0.7430175542831421,-0.052069783210754395,0.3623476028442383,0.673236072063446,-0.07319477945566177,0.3877485990524292,0.6099575161933899,-0.08109178394079208,0.40946415066719055,0.5589551329612732,-0.0876392051577568,0.3648005723953247,0.769710898399353,-0.05817217752337456,0.40047863125801086,0.701436460018158,-0.07980936020612717,0.42297491431236267,0.6439682841300964,-0.0853196233510971,0.4409860372543335,0.5905957221984863,-0.08847053349018097,0.39919230341911316,0.7972528338432312,-0.06441297382116318,0.4290034770965576,0.7459535598754883,-0.08346760272979736,0.4465181529521942,0.7037540078163147,-0.08863971382379532,0.46072059869766235,0.6605955362319946,-0.09200183302164078
121,0.0,0.0,0.0,0.0,0.0,0.0,0.0,0.0,0.0,0.0,0.0,0.0,0.0,0.0,0.0,0.0,0.0,0.0,0.0,0.0,0.0,0.0,0.0,0.0,0.0,0.0,0.0,0.0,0.0,0.0,0.0,0.0,0.0,0.0,0.0,0.0,0.0,0.0,0.0,0.0,0.0,0.0,0.0,0.0,0.0,0.0,0.0,0.0,0.0,0.0,0.0,0.0,0.0,0.0,0.0,0.0,0.0,0.0,0.0,0.0,0.0,0.0,0.0,0.3794577419757843,0.857975959777832,4.6144953103066655e-07,0.34937599301338196,0.7794675827026367,-0.015130177140235901,0.3230627179145813,0.6940708160400391,-0.02884616330265999,0.3097711503505707,0.6244111657142639,-0.04049689322710037,0.2990680932998657,0.5686007142066956,-0.052209775894880295,0.321285218000412,0.7310149073600769,-0.052768487483263016,0.33816173672676086,0.6572806239128113,-0.08317794650793076,0.3604089617729187,0.6061792969703674,-0.09936469793319702,0.37992560863494873,0.5646654963493347,-0.10863136500120163,0.3535161018371582,0.7621459364891052,-0.058543894439935684,0.3744357228279114,0.6788633465766907,-0.08920791000127792,0.4008277654647827,0.6137204170227051,-0.10263839364051819,0.4221764802932739,0.5604121088981628,-0.11122652888298035,0.3904206156730652,0.7907384634017944,-0.06438220292329788,0.40828588604927063,0.715531587600708,-0.09231513738632202,0.4304554760456085,0.6512538194656372,-0.10323859006166458,0.4467511773109436,0.5956336259841919,-0.10840592533349991,0.4272865951061249,0.8133395314216614,-0.0702444538474083,0.44108816981315613,0.7574424743652344,-0.0934503823518753,0.4514494836330414,0.7085210084915161,-0.1028951108455658,0.4596974551677704,0.6621966361999512,-0.10806781053543091
122,0.5554028749465942,0.8779548406600952,1.1454635995278295e-07,0.559107780456543,0.7624279856681824,-0.004564279690384865,0.5655490159988403,0.6595406532287598,-0.015611158683896065,0.5582935214042664,0.5820428729057312,-0.027059394866228104,0.5536045432090759,0.5150554180145264,-0.04250630363821983,0.5955850481987,0.6886585354804993,-0.04185141623020172,0.5775566697120667,0.6150476336479187,-0.06798340380191803,0.5527364611625671,0.5727301836013794,-0.0849682092666626,0.5277507901191711,0.535284161567688,-0.09738626331090927,0.5843703746795654,0.7269659638404846,-0.055300965905189514,0.5627341866493225,0.6472671627998352,-0.08002661168575287,0.5299967527389526,0.5964993238449097,-0.09666110575199127,0.5008867383003235,0.5532236099243164,-0.1124064102768898,0.5616733431816101,0.7743251323699951,-0.06791050732135773,0.5447969436645508,0.7034997940063477,-0.09419479221105576,0.5153866410255432,0.6468530297279358,-0.10878586024045944,0.49105143547058105,0.597203254699707,-0.12072670459747314,0.5252705216407776,0.8276339173316956,-0.07927265763282776,0.5107710957527161,0.7767391800880432,-0.10378649830818176,0.5006711483001709,0.732011079788208,-0.11476399004459381,0.49210458993911743,0.6876171231269836,-0.12429025769233704,0.39310505986213684,0.8616533279418945,4.4695971723740513e-07,0.3678632080554962,0.7770426869392395,-0.008729560300707817,0.34530577063560486,0.686497151851654,-0.023239541798830032,0.3348798453807831,0.610633373260498,-0.03714866191148758,0.33110111951828003,0.5464306473731995,-0.05232998728752136,0.33610010147094727,0.7091970443725586,-0.052306320518255234,0.3589688837528229,0.6444535255432129,-0.08450203388929367,0.38308021426200867,0.6011350750923157,-0.10225369781255722,0.40681883692741394,0.5654950737953186,-0.11380520462989807,0.3591497242450714,0.7487837672233582,-0.06467345356941223,0.38817837834358215,0.6731327772140503,-0.09760091453790665,0.41851091384887695,0.6153860092163086,-0.11033281683921814,0.445125550031662,0.5709379315376282,-0.11922570317983627,0.39161449670791626,0.7889266610145569,-0.07654178887605667,0.4191302955150604,0.7117447257041931,-0.10887385159730911,0.4473825693130493,0.6550493240356445,-0.11587513983249664,0.4687349200248718,0.6079124808311462,-0.11853375285863876,0.4265674650669098,0.8228071928024292,-0.0879196971654892,0.4455212950706482,0.7650231719017029,-0.11496642976999283,0.45667824149131775,0.7190583348274231,-0.12167802453041077,0.4660455584526062,0.6776137351989746,-0.12463050335645676
123,0.543666660785675,0.8573821783065796,-6.022636256375336e-08,0.562617838382721,0.7621124386787415,0.003167632967233658,0.5726296305656433,0.67488694190979,-0.004054669756442308,0.569087564945221,0.6056423187255859,-0.012513535097241402,0.5563320517539978,0.5500681400299072,-0.024439949542284012,0.593791663646698,0.6847878098487854,-0.03559112176299095,0.5740473866462708,0.6012808680534363,-0.05937720835208893,0.5560999512672424,0.5547949075698853,-0.07549112290143967,0.5396274924278259,0.5160903334617615,-0.08676011115312576,0.5822450518608093,0.7210503816604614,-0.05131487920880318,0.5536461472511292,0.6326611638069153,-0.07227975130081177,0.5228687524795532,0.5792549848556519,-0.08350295573472977,0.4947187006473541,0.5408057570457458,-0.0946013480424881,0.5581948757171631,0.763484537601471,-0.06582319736480713,0.5338335037231445,0.6814666986465454,-0.08559592068195343,0.5080729722976685,0.6282097697257996,-0.09400048106908798,0.48716285824775696,0.5882986187934875,-0.10228118300437927,0.5227881669998169,0.805465579032898,-0.07918204367160797,0.5055221915245056,0.7550700902938843,-0.1004132404923439,0.4961116909980774,0.7111166715621948,-0.10957331210374832,0.4882875084877014,0.6727491021156311,-0.11685023456811905,0.0,0.0,0.0,0.0,0.0,0.0,0.0,0.0,0.0,0.0,0.0,0.0,0.0,0.0,0.0,0.0,0.0,0.0,0.0,0.0,0.0,0.0,0.0,0.0,0.0,0.0,0.0,0.0,0.0,0.0,0.0,0.0,0.0,0.0,0.0,0.0,0.0,0.0,0.0,0.0,0.0,0.0,0.0,0.0,0.0,0.0,0.0,0.0,0.0,0.0,0.0,0.0,0.0,0.0,0.0,0.0,0.0,0.0,0.0,0.0,0.0,0.0,0.0
124,0.0,0.0,0.0,0.0,0.0,0.0,0.0,0.0,0.0,0.0,0.0,0.0,0.0,0.0,0.0,0.0,0.0,0.0,0.0,0.0,0.0,0.0,0.0,0.0,0.0,0.0,0.0,0.0,0.0,0.0,0.0,0.0,0.0,0.0,0.0,0.0,0.0,0.0,0.0,0.0,0.0,0.0,0.0,0.0,0.0,0.0,0.0,0.0,0.0,0.0,0.0,0.0,0.0,0.0,0.0,0.0,0.0,0.0,0.0,0.0,0.0,0.0,0.0,0.0,0.0,0.0,0.0,0.0,0.0,0.0,0.0,0.0,0.0,0.0,0.0,0.0,0.0,0.0,0.0,0.0,0.0,0.0,0.0,0.0,0.0,0.0,0.0,0.0,0.0,0.0,0.0,0.0,0.0,0.0,0.0,0.0,0.0,0.0,0.0,0.0,0.0,0.0,0.0,0.0,0.0,0.0,0.0,0.0,0.0,0.0,0.0,0.0,0.0,0.0,0.0,0.0,0.0,0.0,0.0,0.0,0.0,0.0,0.0,0.0,0.0,0.0
125,0.0,0.0,0.0,0.0,0.0,0.0,0.0,0.0,0.0,0.0,0.0,0.0,0.0,0.0,0.0,0.0,0.0,0.0,0.0,0.0,0.0,0.0,0.0,0.0,0.0,0.0,0.0,0.0,0.0,0.0,0.0,0.0,0.0,0.0,0.0,0.0,0.0,0.0,0.0,0.0,0.0,0.0,0.0,0.0,0.0,0.0,0.0,0.0,0.0,0.0,0.0,0.0,0.0,0.0,0.0,0.0,0.0,0.0,0.0,0.0,0.0,0.0,0.0,0.0,0.0,0.0,0.0,0.0,0.0,0.0,0.0,0.0,0.0,0.0,0.0,0.0,0.0,0.0,0.0,0.0,0.0,0.0,0.0,0.0,0.0,0.0,0.0,0.0,0.0,0.0,0.0,0.0,0.0,0.0,0.0,0.0,0.0,0.0,0.0,0.0,0.0,0.0,0.0,0.0,0.0,0.0,0.0,0.0,0.0,0.0,0.0,0.0,0.0,0.0,0.0,0.0,0.0,0.0,0.0,0.0,0.0,0.0,0.0,0.0,0.0,0.0
126,0.0,0.0,0.0,0.0,0.0,0.0,0.0,0.0,0.0,0.0,0.0,0.0,0.0,0.0,0.0,0.0,0.0,0.0,0.0,0.0,0.0,0.0,0.0,0.0,0.0,0.0,0.0,0.0,0.0,0.0,0.0,0.0,0.0,0.0,0.0,0.0,0.0,0.0,0.0,0.0,0.0,0.0,0.0,0.0,0.0,0.0,0.0,0.0,0.0,0.0,0.0,0.0,0.0,0.0,0.0,0.0,0.0,0.0,0.0,0.0,0.0,0.0,0.0,0.0,0.0,0.0,0.0,0.0,0.0,0.0,0.0,0.0,0.0,0.0,0.0,0.0,0.0,0.0,0.0,0.0,0.0,0.0,0.0,0.0,0.0,0.0,0.0,0.0,0.0,0.0,0.0,0.0,0.0,0.0,0.0,0.0,0.0,0.0,0.0,0.0,0.0,0.0,0.0,0.0,0.0,0.0,0.0,0.0,0.0,0.0,0.0,0.0,0.0,0.0,0.0,0.0,0.0,0.0,0.0,0.0,0.0,0.0,0.0,0.0,0.0,0.0
127,0.0,0.0,0.0,0.0,0.0,0.0,0.0,0.0,0.0,0.0,0.0,0.0,0.0,0.0,0.0,0.0,0.0,0.0,0.0,0.0,0.0,0.0,0.0,0.0,0.0,0.0,0.0,0.0,0.0,0.0,0.0,0.0,0.0,0.0,0.0,0.0,0.0,0.0,0.0,0.0,0.0,0.0,0.0,0.0,0.0,0.0,0.0,0.0,0.0,0.0,0.0,0.0,0.0,0.0,0.0,0.0,0.0,0.0,0.0,0.0,0.0,0.0,0.0,0.0,0.0,0.0,0.0,0.0,0.0,0.0,0.0,0.0,0.0,0.0,0.0,0.0,0.0,0.0,0.0,0.0,0.0,0.0,0.0,0.0,0.0,0.0,0.0,0.0,0.0,0.0,0.0,0.0,0.0,0.0,0.0,0.0,0.0,0.0,0.0,0.0,0.0,0.0,0.0,0.0,0.0,0.0,0.0,0.0,0.0,0.0,0.0,0.0,0.0,0.0,0.0,0.0,0.0,0.0,0.0,0.0,0.0,0.0,0.0,0.0,0.0,0.0
128,0.0,0.0,0.0,0.0,0.0,0.0,0.0,0.0,0.0,0.0,0.0,0.0,0.0,0.0,0.0,0.0,0.0,0.0,0.0,0.0,0.0,0.0,0.0,0.0,0.0,0.0,0.0,0.0,0.0,0.0,0.0,0.0,0.0,0.0,0.0,0.0,0.0,0.0,0.0,0.0,0.0,0.0,0.0,0.0,0.0,0.0,0.0,0.0,0.0,0.0,0.0,0.0,0.0,0.0,0.0,0.0,0.0,0.0,0.0,0.0,0.0,0.0,0.0,0.0,0.0,0.0,0.0,0.0,0.0,0.0,0.0,0.0,0.0,0.0,0.0,0.0,0.0,0.0,0.0,0.0,0.0,0.0,0.0,0.0,0.0,0.0,0.0,0.0,0.0,0.0,0.0,0.0,0.0,0.0,0.0,0.0,0.0,0.0,0.0,0.0,0.0,0.0,0.0,0.0,0.0,0.0,0.0,0.0,0.0,0.0,0.0,0.0,0.0,0.0,0.0,0.0,0.0,0.0,0.0,0.0,0.0,0.0,0.0,0.0,0.0,0.0
129,0.0,0.0,0.0,0.0,0.0,0.0,0.0,0.0,0.0,0.0,0.0,0.0,0.0,0.0,0.0,0.0,0.0,0.0,0.0,0.0,0.0,0.0,0.0,0.0,0.0,0.0,0.0,0.0,0.0,0.0,0.0,0.0,0.0,0.0,0.0,0.0,0.0,0.0,0.0,0.0,0.0,0.0,0.0,0.0,0.0,0.0,0.0,0.0,0.0,0.0,0.0,0.0,0.0,0.0,0.0,0.0,0.0,0.0,0.0,0.0,0.0,0.0,0.0,0.0,0.0,0.0,0.0,0.0,0.0,0.0,0.0,0.0,0.0,0.0,0.0,0.0,0.0,0.0,0.0,0.0,0.0,0.0,0.0,0.0,0.0,0.0,0.0,0.0,0.0,0.0,0.0,0.0,0.0,0.0,0.0,0.0,0.0,0.0,0.0,0.0,0.0,0.0,0.0,0.0,0.0,0.0,0.0,0.0,0.0,0.0,0.0,0.0,0.0,0.0,0.0,0.0,0.0,0.0,0.0,0.0,0.0,0.0,0.0,0.0,0.0,0.0
130,0.0,0.0,0.0,0.0,0.0,0.0,0.0,0.0,0.0,0.0,0.0,0.0,0.0,0.0,0.0,0.0,0.0,0.0,0.0,0.0,0.0,0.0,0.0,0.0,0.0,0.0,0.0,0.0,0.0,0.0,0.0,0.0,0.0,0.0,0.0,0.0,0.0,0.0,0.0,0.0,0.0,0.0,0.0,0.0,0.0,0.0,0.0,0.0,0.0,0.0,0.0,0.0,0.0,0.0,0.0,0.0,0.0,0.0,0.0,0.0,0.0,0.0,0.0,0.0,0.0,0.0,0.0,0.0,0.0,0.0,0.0,0.0,0.0,0.0,0.0,0.0,0.0,0.0,0.0,0.0,0.0,0.0,0.0,0.0,0.0,0.0,0.0,0.0,0.0,0.0,0.0,0.0,0.0,0.0,0.0,0.0,0.0,0.0,0.0,0.0,0.0,0.0,0.0,0.0,0.0,0.0,0.0,0.0,0.0,0.0,0.0,0.0,0.0,0.0,0.0,0.0,0.0,0.0,0.0,0.0,0.0,0.0,0.0,0.0,0.0,0.0
131,0.0,0.0,0.0,0.0,0.0,0.0,0.0,0.0,0.0,0.0,0.0,0.0,0.0,0.0,0.0,0.0,0.0,0.0,0.0,0.0,0.0,0.0,0.0,0.0,0.0,0.0,0.0,0.0,0.0,0.0,0.0,0.0,0.0,0.0,0.0,0.0,0.0,0.0,0.0,0.0,0.0,0.0,0.0,0.0,0.0,0.0,0.0,0.0,0.0,0.0,0.0,0.0,0.0,0.0,0.0,0.0,0.0,0.0,0.0,0.0,0.0,0.0,0.0,0.3832039535045624,0.8638349771499634,1.6349375187019177e-07,0.36467379331588745,0.7672576904296875,-0.007263582665473223,0.367978572845459,0.6790974140167236,-0.010782250203192234,0.3767721652984619,0.6258338689804077,-0.015285229310393333,0.3816683888435364,0.5932650566101074,-0.020144741982221603,0.3965338170528412,0.6562233567237854,-0.015038885176181793,0.4141281843185425,0.5796919465065002,-0.03321593999862671,0.4279661178588867,0.5367279648780823,-0.04820450395345688,0.4424630105495453,0.49954938888549805,-0.059865761548280716,0.409182608127594,0.6815469861030579,-0.023187769576907158,0.4287770688533783,0.6026236414909363,-0.041882116347551346,0.44480645656585693,0.5501815676689148,-0.05791117250919342,0.46083569526672363,0.5008900165557861,-0.07037211209535599,0.4206990599632263,0.7193865776062012,-0.03292790800333023,0.4383280873298645,0.6539034247398376,-0.05181213095784187,0.4488123655319214,0.6055408716201782,-0.06583349406719208,0.4558880925178528,0.5605213046073914,-0.07606394588947296,0.43136462569236755,0.7662914991378784,-0.04326055571436882,0.4437792897224426,0.7261893153190613,-0.0617465041577816,0.4462299644947052,0.6882384419441223,-0.07211975008249283,0.4481469690799713,0.6506316065788269,-0.07983342558145523
132,0.0,0.0,0.0,0.0,0.0,0.0,0.0,0.0,0.0,0.0,0.0,0.0,0.0,0.0,0.0,0.0,0.0,0.0,0.0,0.0,0.0,0.0,0.0,0.0,0.0,0.0,0.0,0.0,0.0,0.0,0.0,0.0,0.0,0.0,0.0,0.0,0.0,0.0,0.0,0.0,0.0,0.0,0.0,0.0,0.0,0.0,0.0,0.0,0.0,0.0,0.0,0.0,0.0,0.0,0.0,0.0,0.0,0.0,0.0,0.0,0.0,0.0,0.0,0.38694027066230774,0.8568230867385864,2.5999685249189497e-07,0.39224857091903687,0.7735118269920349,0.008975123055279255,0.40581631660461426,0.698360800743103,0.005078718066215515,0.42258715629577637,0.6459775567054749,-0.0025072782300412655,0.4326469898223877,0.6065137982368469,-0.011716359294950962,0.4073328375816345,0.6758400797843933,-0.02293071150779724,0.42564284801483154,0.5863476991653442,-0.04643518477678299,0.4384775161743164,0.5319313406944275,-0.061118416488170624,0.4511162042617798,0.4874345064163208,-0.07075484097003937,0.4124360680580139,0.6914738416671753,-0.04155535623431206,0.42896074056625366,0.5940123796463013,-0.06492144614458084,0.4444308876991272,0.531862199306488,-0.07985254377126694,0.45720580220222473,0.48023781180381775,-0.08971472084522247,0.4236668646335602,0.7225557565689087,-0.05841764435172081,0.4347005784511566,0.63600093126297,-0.07938916981220245,0.4425707459449768,0.5827022790908813,-0.09111116826534271,0.4472661018371582,0.5355790257453918,-0.09892015159130096,0.4417150616645813,0.7623437643051147,-0.07397502660751343,0.44745245575904846,0.7133329510688782,-0.09299303591251373,0.4464609622955322,0.6759378910064697,-0.10041645169258118,0.44481411576271057,0.640501856803894,-0.10493939369916916
133,0.0,0.0,0.0,0.0,0.0,0.0,0.0,0.0,0.0,0.0,0.0,0.0,0.0,0.0,0.0,0.0,0.0,0.0,0.0,0.0,0.0,0.0,0.0,0.0,0.0,0.0,0.0,0.0,0.0,0.0,0.0,0.0,0.0,0.0,0.0,0.0,0.0,0.0,0.0,0.0,0.0,0.0,0.0,0.0,0.0,0.0,0.0,0.0,0.0,0.0,0.0,0.0,0.0,0.0,0.0,0.0,0.0,0.0,0.0,0.0,0.0,0.0,0.0,0.39706578850746155,0.8325406312942505,3.4780649116328277e-07,0.39547544717788696,0.7545976042747498,0.007398467045277357,0.40257877111434937,0.6795698404312134,0.0034803475718945265,0.4157872796058655,0.6237239241600037,-0.0037645497359335423,0.42426878213882446,0.5793640613555908,-0.012897053733468056,0.4042964279651642,0.6536812782287598,-0.021064769476652145,0.4214087724685669,0.5620458126068115,-0.04266815632581711,0.43354225158691406,0.5075677633285522,-0.05614491552114487,0.4471622705459595,0.4620850682258606,-0.06520345062017441,0.41265884041786194,0.6681669354438782,-0.038218963891267776,0.4290028214454651,0.5684618353843689,-0.058228541165590286,0.44337087869644165,0.5059294700622559,-0.07187702506780624,0.45762598514556885,0.4538998007774353,-0.08098143339157104,0.4273647665977478,0.6978555917739868,-0.05385112017393112,0.43986696004867554,0.6053425073623657,-0.07218791544437408,0.4476417899131775,0.5514656901359558,-0.08342017233371735,0.4537842869758606,0.5043947696685791,-0.09121788293123245,0.44756272435188293,0.7369545102119446,-0.06834670156240463,0.45099931955337524,0.6895982027053833,-0.08677748590707779,0.44844216108322144,0.6523508429527283,-0.09446438401937485,0.4480671286582947,0.6163449883460999,-0.09887368232011795
134,0.0,0.0,0.0,0.0,0.0,0.0,0.0,0.0,0.0,0.0,0.0,0.0,0.0,0.0,0.0,0.0,0.0,0.0,0.0,0.0,0.0,0.0,0.0,0.0,0.0,0.0,0.0,0.0,0.0,0.0,0.0,0.0,0.0,0.0,0.0,0.0,0.0,0.0,0.0,0.0,0.0,0.0,0.0,0.0,0.0,0.0,0.0,0.0,0.0,0.0,0.0,0.0,0.0,0.0,0.0,0.0,0.0,0.0,0.0,0.0,0.0,0.0,0.0,0.4112687408924103,0.8189125657081604,4.510529834078625e-07,0.39826133847236633,0.7525809407234192,0.0018171909032389522,0.3928922116756439,0.6737307906150818,-0.005719016306102276,0.3962726593017578,0.6115385293960571,-0.015231816098093987,0.3955201506614685,0.564839243888855,-0.026705896481871605,0.4007704257965088,0.6447623372077942,-0.03150300309062004,0.41738203167915344,0.5457785129547119,-0.05471263453364372,0.4327806234359741,0.4879288673400879,-0.06794518977403641,0.44868582487106323,0.4408315420150757,-0.07644003629684448,0.4121358096599579,0.658212423324585,-0.04628982022404671,0.4306676983833313,0.5490201711654663,-0.06784258037805557,0.4493815004825592,0.482685387134552,-0.08057074248790741,0.46702173352241516,0.43025681376457214,-0.08886168897151947,0.43006429076194763,0.6857026815414429,-0.05964236706495285,0.4458184838294983,0.5885113477706909,-0.07861941307783127,0.46050193905830383,0.532243013381958,-0.08849639445543289,0.4730086326599121,0.48536932468414307,-0.09520453214645386,0.45382606983184814,0.7217251658439636,-0.07216115295886993,0.46288010478019714,0.6658528447151184,-0.09011781960725784,0.4675391614437103,0.6254193782806396,-0.09696276485919952,0.47386616468429565,0.587142288684845,-0.10086365789175034
135,0.0,0.0,0.0,0.0,0.0,0.0,0.0,0.0,0.0,0.0,0.0,0.0,0.0,0.0,0.0,0.0,0.0,0.0,0.0,0.0,0.0,0.0,0.0,0.0,0.0,0.0,0.0,0.0,0.0,0.0,0.0,0.0,0.0,0.0,0.0,0.0,0.0,0.0,0.0,0.0,0.0,0.0,0.0,0.0,0.0,0.0,0.0,0.0,0.0,0.0,0.0,0.0,0.0,0.0,0.0,0.0,0.0,0.0,0.0,0.0,0.0,0.0,0.0,0.411147803068161,0.824127733707428,4.5656648239855713e-07,0.40143150091171265,0.7521368861198425,0.00474237697198987,0.39969369769096375,0.6746167540550232,-0.004392468836158514,0.4048640727996826,0.614501416683197,-0.016030998900532722,0.40654119849205017,0.5691205263137817,-0.030688341706991196,0.407953679561615,0.649326503276825,-0.03787742555141449,0.42514127492904663,0.5469682812690735,-0.06464045494794846,0.44073209166526794,0.487395316362381,-0.07953917980194092,0.45683637261390686,0.4399849772453308,-0.08870111405849457,0.4187292754650116,0.6658175587654114,-0.05553764849901199,0.4390019476413727,0.5513205528259277,-0.08001186698675156,0.45817285776138306,0.4811151623725891,-0.09369651228189468,0.4764278531074524,0.42770880460739136,-0.10275691002607346,0.43691936135292053,0.6944054365158081,-0.07119984924793243,0.4543709456920624,0.5902717709541321,-0.09188219904899597,0.46846804022789,0.5305984020233154,-0.10317984223365784,0.48109763860702515,0.482666552066803,-0.11125437170267105,0.46235382556915283,0.7295624017715454,-0.08555621653795242,0.47074609994888306,0.6670757532119751,-0.10533323138952255,0.4728795886039734,0.6228289008140564,-0.11378102749586105,0.47654232382774353,0.5824365615844727,-0.1190992072224617
136,0.0,0.0,0.0,0.0,0.0,0.0,0.0,0.0,0.0,0.0,0.0,0.0,0.0,0.0,0.0,0.0,0.0,0.0,0.0,0.0,0.0,0.0,0.0,0.0,0.0,0.0,0.0,0.0,0.0,0.0,0.0,0.0,0.0,0.0,0.0,0.0,0.0,0.0,0.0,0.0,0.0,0.0,0.0,0.0,0.0,0.0,0.0,0.0,0.0,0.0,0.0,0.0,0.0,0.0,0.0,0.0,0.0,0.0,0.0,0.0,0.0,0.0,0.0,0.4129753112792969,0.8197239637374878,4.736497771773429e-07,0.3982309401035309,0.7489511370658875,0.003295262809842825,0.3934130072593689,0.6692934632301331,-0.006716936826705933,0.39905446767807007,0.6070716977119446,-0.018755221739411354,0.4009416103363037,0.559457540512085,-0.03373230621218681,0.40530791878700256,0.6414960622787476,-0.04222165420651436,0.42355039715766907,0.5391402244567871,-0.07018212229013443,0.4398982524871826,0.47990965843200684,-0.08591783791780472,0.4562399685382843,0.43227437138557434,-0.09594862163066864,0.4173848628997803,0.6574049592018127,-0.05948341637849808,0.4384976923465729,0.5451644659042358,-0.08607388287782669,0.4580427408218384,0.4758625328540802,-0.10073143243789673,0.4757365584373474,0.42279374599456787,-0.11052051186561584,0.43615269660949707,0.6877870559692383,-0.07461158186197281,0.45396915078163147,0.5869022607803345,-0.09785238653421402,0.46878039836883545,0.5263879895210266,-0.10959061235189438,0.4807150065898895,0.4764627516269684,-0.11773032695055008,0.46087828278541565,0.7266892790794373,-0.08827020972967148,0.4713681638240814,0.6655882596969604,-0.1097598671913147,0.4757886230945587,0.6199081540107727,-0.1182711273431778,0.4805002212524414,0.5767980217933655,-0.12360771000385284
137,0.0,0.0,0.0,0.0,0.0,0.0,0.0,0.0,0.0,0.0,0.0,0.0,0.0,0.0,0.0,0.0,0.0,0.0,0.0,0.0,0.0,0.0,0.0,0.0,0.0,0.0,0.0,0.0,0.0,0.0,0.0,0.0,0.0,0.0,0.0,0.0,0.0,0.0,0.0,0.0,0.0,0.0,0.0,0.0,0.0,0.0,0.0,0.0,0.0,0.0,0.0,0.0,0.0,0.0,0.0,0.0,0.0,0.0,0.0,0.0,0.0,0.0,0.0,0.4133344292640686,0.8255022764205933,4.4300662693785853e-07,0.4005804657936096,0.7534939646720886,0.005550154950469732,0.3974408507347107,0.675502598285675,-0.0028677170630544424,0.40573617815971375,0.6144779324531555,-0.014012309722602367,0.41038021445274353,0.5710024833679199,-0.028101840987801552,0.4066537916660309,0.6446893215179443,-0.036267686635255814,0.4257265329360962,0.541826069355011,-0.06208552047610283,0.4425812065601349,0.48391735553741455,-0.07655560225248337,0.4594458341598511,0.4362615644931793,-0.08606262505054474,0.4178200662136078,0.6595423817634583,-0.054232414811849594,0.4387081563472748,0.5461550354957581,-0.07906409353017807,0.45854681730270386,0.47891324758529663,-0.09319683164358139,0.477422833442688,0.4267141819000244,-0.10294153541326523,0.43588757514953613,0.6885203123092651,-0.07011216878890991,0.45396196842193604,0.5872401595115662,-0.09133925288915634,0.46826907992362976,0.5289648771286011,-0.10211844742298126,0.4808392822742462,0.48137733340263367,-0.1100388616323471,0.46081358194351196,0.7255344390869141,-0.08458205312490463,0.46995484828948975,0.6624547243118286,-0.10414858907461166,0.47327977418899536,0.6184403300285339,-0.11191430687904358,0.4777558445930481,0.5772748589515686,-0.11721401661634445
138,0.0,0.0,0.0,0.0,0.0,0.0,0.0,0.0,0.0,0.0,0.0,0.0,0.0,0.0,0.0,0.0,0.0,0.0,0.0,0.0,0.0,0.0,0.0,0.0,0.0,0.0,0.0,0.0,0.0,0.0,0.0,0.0,0.0,0.0,0.0,0.0,0.0,0.0,0.0,0.0,0.0,0.0,0.0,0.0,0.0,0.0,0.0,0.0,0.0,0.0,0.0,0.0,0.0,0.0,0.0,0.0,0.0,0.0,0.0,0.0,0.0,0.0,0.0,0.4111907184123993,0.825577974319458,4.597427221142425e-07,0.3967578113079071,0.7553398013114929,0.0026837880723178387,0.39299362897872925,0.6769758462905884,-0.007404041942209005,0.40023526549339294,0.6151859760284424,-0.01959332264959812,0.40521129965782166,0.5688278079032898,-0.03437252715229988,0.40517789125442505,0.6456239223480225,-0.039701346307992935,0.4222606122493744,0.5407095551490784,-0.06584645062685013,0.43762311339378357,0.48182201385498047,-0.07999885082244873,0.45351091027259827,0.43393269181251526,-0.08905407041311264,0.4163060188293457,0.6608006954193115,-0.056321173906326294,0.4357474744319916,0.545083224773407,-0.08090858161449432,0.45505473017692566,0.47674912214279175,-0.09421389549970627,0.4738805592060089,0.4248194694519043,-0.10323268175125122,0.43441054224967957,0.6897999048233032,-0.07104133069515228,0.45205965638160706,0.5870221257209778,-0.09206609427928925,0.4673304855823517,0.5277565121650696,-0.10235919803380966,0.4806942939758301,0.47989583015441895,-0.10978971421718597,0.4593403935432434,0.7265929579734802,-0.08462752401828766,0.46918511390686035,0.6629642248153687,-0.10383526980876923,0.4736175835132599,0.6174380779266357,-0.1113441064953804,0.47912776470184326,0.5747198462486267,-0.11628666520118713
139,0.0,0.0,0.0,0.0,0.0,0.0,0.0,0.0,0.0,0.0,0.0,0.0,0.0,0.0,0.0,0.0,0.0,0.0,0.0,0.0,0.0,0.0,0.0,0.0,0.0,0.0,0.0,0.0,0.0,0.0,0.0,0.0,0.0,0.0,0.0,0.0,0.0,0.0,0.0,0.0,0.0,0.0,0.0,0.0,0.0,0.0,0.0,0.0,0.0,0.0,0.0,0.0,0.0,0.0,0.0,0.0,0.0,0.0,0.0,0.0,0.0,0.0,0.0,0.41929057240486145,0.8325217962265015,4.06629254712243e-07,0.4041445851325989,0.7645400762557983,0.001823416561819613,0.399008572101593,0.6845417022705078,-0.005534905940294266,0.40687793493270874,0.6212050914764404,-0.014844723977148533,0.4118328392505646,0.5759546756744385,-0.026108523830771446,0.4032139778137207,0.6461753845214844,-0.027826795354485512,0.41596364974975586,0.548967182636261,-0.05049515515565872,0.42844659090042114,0.48972564935684204,-0.06454814970493317,0.4415435492992401,0.4408853054046631,-0.07414209097623825,0.41476941108703613,0.6578903794288635,-0.04318578913807869,0.43003541231155396,0.5492365956306458,-0.06376585364341736,0.4449760615825653,0.4800194799900055,-0.07673778384923935,0.46039071679115295,0.4234428405761719,-0.08599146455526352,0.4325285255908966,0.6850935220718384,-0.05754895880818367,0.4457535743713379,0.5855715274810791,-0.07519461214542389,0.4563346803188324,0.526921272277832,-0.08494317531585693,0.4664700925350189,0.47735750675201416,-0.09247931838035583,0.45597171783447266,0.7220363020896912,-0.07134110480546951,0.461416631937027,0.6640775203704834,-0.08888629078865051,0.4626804292201996,0.6230993866920471,-0.0957861989736557,0.4661564230918884,0.5840702056884766,-0.10031022131443024
140,0.0,0.0,0.0,0.0,0.0,0.0,0.0,0.0,0.0,0.0,0.0,0.0,0.0,0.0,0.0,0.0,0.0,0.0,0.0,0.0,0.0,0.0,0.0,0.0,0.0,0.0,0.0,0.0,0.0,0.0,0.0,0.0,0.0,0.0,0.0,0.0,0.0,0.0,0.0,0.0,0.0,0.0,0.0,0.0,0.0,0.0,0.0,0.0,0.0,0.0,0.0,0.0,0.0,0.0,0.0,0.0,0.0,0.0,0.0,0.0,0.0,0.0,0.0,0.4131132960319519,0.8284623622894287,4.5504754098146805e-07,0.40214642882347107,0.7570173144340515,0.006626839283853769,0.4003152847290039,0.6759325861930847,-0.00040913597331382334,0.407858282327652,0.6127329468727112,-0.010306690819561481,0.41179540753364563,0.5679112672805786,-0.022540226578712463,0.4039545953273773,0.6423771977424622,-0.028314676135778427,0.4164872169494629,0.5456302165985107,-0.05216021090745926,0.42974698543548584,0.48782598972320557,-0.06617596000432968,0.4446268677711487,0.4401077926158905,-0.0752505213022232,0.41292625665664673,0.6548001766204834,-0.04638449102640152,0.427731990814209,0.545628011226654,-0.06782650947570801,0.44439712166786194,0.47766661643981934,-0.08026410639286041,0.46176931262016296,0.42538708448410034,-0.08892988413572311,0.42927610874176025,0.6823909878730774,-0.0628030076622963,0.44274935126304626,0.5837447643280029,-0.08106281608343124,0.4549815058708191,0.5264149904251099,-0.08989080786705017,0.4669461250305176,0.47901445627212524,-0.09675221890211105,0.4527992308139801,0.7187091708183289,-0.07805532217025757,0.4609212279319763,0.6615808010101318,-0.09459394216537476,0.4639633893966675,0.6211701035499573,-0.09996899962425232,0.468017578125,0.5829730033874512,-0.1037287786602974
141,0.0,0.0,0.0,0.0,0.0,0.0,0.0,0.0,0.0,0.0,0.0,0.0,0.0,0.0,0.0,0.0,0.0,0.0,0.0,0.0,0.0,0.0,0.0,0.0,0.0,0.0,0.0,0.0,0.0,0.0,0.0,0.0,0.0,0.0,0.0,0.0,0.0,0.0,0.0,0.0,0.0,0.0,0.0,0.0,0.0,0.0,0.0,0.0,0.0,0.0,0.0,0.0,0.0,0.0,0.0,0.0,0.0,0.0,0.0,0.0,0.0,0.0,0.0,0.4208538830280304,0.8322510719299316,3.051376040730247e-07,0.4105272591114044,0.7562674283981323,0.0128110246732831,0.4080280363559723,0.6769803762435913,0.011289641261100769,0.4138410985469818,0.6149514317512512,0.006388956680893898,0.41512438654899597,0.5690891742706299,-0.0009232560405507684,0.4122713804244995,0.6469725966453552,-0.019053898751735687,0.420602411031723,0.5555127263069153,-0.04077868536114693,0.42966967821121216,0.49772968888282776,-0.05442940443754196,0.4410383403301239,0.4485320448875427,-0.06410132348537445,0.42067763209342957,0.6590222120285034,-0.03884604573249817,0.4303906559944153,0.5540331602096558,-0.06117691844701767,0.44122910499572754,0.4874410629272461,-0.07575537264347076,0.45344531536102295,0.42966461181640625,-0.08633701503276825,0.4326445758342743,0.6874532103538513,-0.056518781930208206,0.43960073590278625,0.5914285182952881,-0.07635626941919327,0.446664035320282,0.5336377024650574,-0.0867920070886612,0.4556506872177124,0.4841988682746887,-0.09476923197507858,0.45041924715042114,0.7241684794425964,-0.07237851619720459,0.45112624764442444,0.670089840888977,-0.0932556539773941,0.4502176344394684,0.631771981716156,-0.1021665558218956,0.4511003792285919,0.5933575630187988,-0.1083436906337738
142,0.0,0.0,0.0,0.0,0.0,0.0,0.0,0.0,0.0,0.0,0.0,0.0,0.0,0.0,0.0,0.0,0.0,0.0,0.0,0.0,0.0,0.0,0.0,0.0,0.0,0.0,0.0,0.0,0.0,0.0,0.0,0.0,0.0,0.0,0.0,0.0,0.0,0.0,0.0,0.0,0.0,0.0,0.0,0.0,0.0,0.0,0.0,0.0,0.0,0.0,0.0,0.0,0.0,0.0,0.0,0.0,0.0,0.0,0.0,0.0,0.0,0.0,0.0,0.41710567474365234,0.8269858360290527,3.2724318543841946e-07,0.40974774956703186,0.7521845698356628,0.012961525470018387,0.40833941102027893,0.6732528805732727,0.01106563862413168,0.4146920144557953,0.6126992106437683,0.005454338621348143,0.4167940020561218,0.5671246647834778,-0.0026944861747324467,0.41256535053253174,0.6415424346923828,-0.017851343378424644,0.42375367879867554,0.5526260137557983,-0.03932671621441841,0.43171173334121704,0.4940733313560486,-0.0533202663064003,0.44178521633148193,0.44391852617263794,-0.0631294995546341,0.418854683637619,0.652838945388794,-0.03785548359155655,0.4282520115375519,0.5527377724647522,-0.058936070650815964,0.43664413690567017,0.4850444495677948,-0.07342290878295898,0.44644269347190857,0.426102876663208,-0.0839521512389183,0.42989471554756165,0.6797543168067932,-0.05577549710869789,0.43731173872947693,0.5891376733779907,-0.07463723421096802,0.44331881403923035,0.531507134437561,-0.08504477143287659,0.4496607482433319,0.4805501699447632,-0.09296085685491562,0.4466943144798279,0.7155929207801819,-0.07195024937391281,0.44737860560417175,0.6642497181892395,-0.09126532822847366,0.4454905092716217,0.6271265745162964,-0.09885985404253006,0.44467729330062866,0.5897268652915955,-0.10401295870542526
143,0.0,0.0,0.0,0.0,0.0,0.0,0.0,0.0,0.0,0.0,0.0,0.0,0.0,0.0,0.0,0.0,0.0,0.0,0.0,0.0,0.0,0.0,0.0,0.0,0.0,0.0,0.0,0.0,0.0,0.0,0.0,0.0,0.0,0.0,0.0,0.0,0.0,0.0,0.0,0.0,0.0,0.0,0.0,0.0,0.0,0.0,0.0,0.0,0.0,0.0,0.0,0.0,0.0,0.0,0.0,0.0,0.0,0.0,0.0,0.0,0.0,0.0,0.0,0.41802558302879333,0.8295639753341675,3.305621589788643e-07,0.41044503450393677,0.7602725028991699,0.010880304500460625,0.40672969818115234,0.6807422041893005,0.008265255019068718,0.4132615327835083,0.6188867688179016,0.002052158582955599,0.41418692469596863,0.5722587704658508,-0.006658422295004129,0.41106799244880676,0.6470621228218079,-0.020751435309648514,0.4216810166835785,0.5541995167732239,-0.04344966635107994,0.4288822114467621,0.49353742599487305,-0.05784064531326294,0.4371738135814667,0.4427188038825989,-0.06775679439306259,0.41561025381088257,0.6581078767776489,-0.04030650854110718,0.42410531640052795,0.5524207353591919,-0.06270625442266464,0.4331827163696289,0.48283201456069946,-0.07751750946044922,0.44320034980773926,0.42404109239578247,-0.0878048986196518,0.4258754849433899,0.6830062866210938,-0.058018263429403305,0.4315471947193146,0.5856680274009705,-0.07826759666204453,0.43781962990760803,0.5252990126609802,-0.08966898173093796,0.44442203640937805,0.4734668433666229,-0.09785362333059311,0.44326797127723694,0.716122567653656,-0.07414504140615463,0.4429577589035034,0.6617791056632996,-0.09460959583520889,0.44028040766716003,0.6214573383331299,-0.10320787131786346,0.43903467059135437,0.5816358923912048,-0.10879809409379959
144,0.0,0.0,0.0,0.0,0.0,0.0,0.0,0.0,0.0,0.0,0.0,0.0,0.0,0.0,0.0,0.0,0.0,0.0,0.0,0.0,0.0,0.0,0.0,0.0,0.0,0.0,0.0,0.0,0.0,0.0,0.0,0.0,0.0,0.0,0.0,0.0,0.0,0.0,0.0,0.0,0.0,0.0,0.0,0.0,0.0,0.0,0.0,0.0,0.0,0.0,0.0,0.0,0.0,0.0,0.0,0.0,0.0,0.0,0.0,0.0,0.0,0.0,0.0,0.4210957884788513,0.8271680474281311,3.00968110877875e-07,0.41115137934684753,0.754837691783905,0.015024599619209766,0.40479743480682373,0.6760470271110535,0.014643850736320019,0.40778180956840515,0.614025890827179,0.01016334816813469,0.4065942168235779,0.5676879286766052,0.0030067255720496178,0.40868353843688965,0.6435585618019104,-0.015829695388674736,0.41625139117240906,0.5540411472320557,-0.03709355741739273,0.4227217733860016,0.49370449781417847,-0.05106383562088013,0.4311186671257019,0.4422847330570221,-0.06092831492424011,0.4159066379070282,0.6536704301834106,-0.03682265803217888,0.42375195026397705,0.5501254200935364,-0.05751536786556244,0.43194618821144104,0.4802364110946655,-0.07174000144004822,0.44163188338279724,0.42042940855026245,-0.08197221904993057,0.42790907621383667,0.6787691712379456,-0.05562002956867218,0.4329339563846588,0.5834913849830627,-0.07391119748353958,0.4375878572463989,0.5235155820846558,-0.08422224968671799,0.4434754252433777,0.4715263247489929,-0.09209820628166199,0.4457598030567169,0.7122747898101807,-0.07254962623119354,0.44501349329948425,0.6578273177146912,-0.09211479872465134,0.4422255754470825,0.6180778741836548,-0.1000932827591896,0.44136402010917664,0.5784655809402466,-0.10536520183086395
145,0.0,0.0,0.0,0.0,0.0,0.0,0.0,0.0,0.0,0.0,0.0,0.0,0.0,0.0,0.0,0.0,0.0,0.0,0.0,0.0,0.0,0.0,0.0,0.0,0.0,0.0,0.0,0.0,0.0,0.0,0.0,0.0,0.0,0.0,0.0,0.0,0.0,0.0,0.0,0.0,0.0,0.0,0.0,0.0,0.0,0.0,0.0,0.0,0.0,0.0,0.0,0.0,0.0,0.0,0.0,0.0,0.0,0.0,0.0,0.0,0.0,0.0,0.0,0.40155482292175293,0.8342902660369873,2.4825891387081356e-07,0.38288414478302,0.7560256719589233,0.005788597743958235,0.3759273886680603,0.6758745312690735,0.005116613116115332,0.3754828870296478,0.6240686178207397,0.0011552470969036222,0.3745192587375641,0.5903058052062988,-0.004034771583974361,0.3965049982070923,0.6362230181694031,-0.013813256286084652,0.4110736846923828,0.5413872599601746,-0.03169158473610878,0.42197221517562866,0.48471587896347046,-0.04184326156973839,0.43089771270751953,0.43905210494995117,-0.048968274146318436,0.4065350890159607,0.6497001051902771,-0.02938174083828926,0.4236092269420624,0.5442056655883789,-0.04905732721090317,0.4357961416244507,0.4794654846191406,-0.06066679581999779,0.44550684094429016,0.42507949471473694,-0.06766817718744278,0.4174554646015167,0.67690110206604,-0.044708218425512314,0.4288875460624695,0.5830610990524292,-0.06293042749166489,0.4348088502883911,0.5228226184844971,-0.0741606131196022,0.4380226135253906,0.46897464990615845,-0.08179694414138794,0.4291151463985443,0.7133592367172241,-0.05930785834789276,0.4359583854675293,0.6583276391029358,-0.07845137268304825,0.4361926019191742,0.6146485209465027,-0.08850976079702377,0.4362836182117462,0.5720570087432861,-0.09510940313339233
146,0.0,0.0,0.0,0.0,0.0,0.0,0.0,0.0,0.0,0.0,0.0,0.0,0.0,0.0,0.0,0.0,0.0,0.0,0.0,0.0,0.0,0.0,0.0,0.0,0.0,0.0,0.0,0.0,0.0,0.0,0.0,0.0,0.0,0.0,0.0,0.0,0.0,0.0,0.0,0.0,0.0,0.0,0.0,0.0,0.0,0.0,0.0,0.0,0.0,0.0,0.0,0.0,0.0,0.0,0.0,0.0,0.0,0.0,0.0,0.0,0.0,0.0,0.0,0.3882940113544464,0.8314639329910278,3.284175420503743e-07,0.367453396320343,0.74941086769104,0.005182295572012663,0.35588333010673523,0.671165943145752,0.0010674410732463002,0.35082703828811646,0.6265125870704651,-0.006222638767212629,0.34790346026420593,0.6007249355316162,-0.015542441979050636,0.38914206624031067,0.6333510279655457,-0.020386002957820892,0.4042130410671234,0.5410138368606567,-0.04145238921046257,0.4146050810813904,0.48210445046424866,-0.05439417436718941,0.4243570566177368,0.4358581006526947,-0.06339859962463379,0.39908331632614136,0.6491168141365051,-0.03708437457680702,0.41600799560546875,0.5448473691940308,-0.06017258018255234,0.42807719111442566,0.4757837951183319,-0.07474955916404724,0.4393836259841919,0.41824400424957275,-0.0838988721370697,0.41001877188682556,0.6777973175048828,-0.05309172347187996,0.42474937438964844,0.5862808227539062,-0.07449576258659363,0.4325879216194153,0.5254238247871399,-0.08803799748420715,0.4379887580871582,0.4713777005672455,-0.096883624792099,0.4219299852848053,0.7157580852508545,-0.06796491891145706,0.4304666519165039,0.660692036151886,-0.08986500650644302,0.43010419607162476,0.6174635887145996,-0.10064017027616501,0.428989440202713,0.5756046175956726,-0.1073634922504425
147,0.0,0.0,0.0,0.0,0.0,0.0,0.0,0.0,0.0,0.0,0.0,0.0,0.0,0.0,0.0,0.0,0.0,0.0,0.0,0.0,0.0,0.0,0.0,0.0,0.0,0.0,0.0,0.0,0.0,0.0,0.0,0.0,0.0,0.0,0.0,0.0,0.0,0.0,0.0,0.0,0.0,0.0,0.0,0.0,0.0,0.0,0.0,0.0,0.0,0.0,0.0,0.0,0.0,0.0,0.0,0.0,0.0,0.0,0.0,0.0,0.0,0.0,0.0,0.0,0.0,0.0,0.0,0.0,0.0,0.0,0.0,0.0,0.0,0.0,0.0,0.0,0.0,0.0,0.0,0.0,0.0,0.0,0.0,0.0,0.0,0.0,0.0,0.0,0.0,0.0,0.0,0.0,0.0,0.0,0.0,0.0,0.0,0.0,0.0,0.0,0.0,0.0,0.0,0.0,0.0,0.0,0.0,0.0,0.0,0.0,0.0,0.0,0.0,0.0,0.0,0.0,0.0,0.0,0.0,0.0,0.0,0.0,0.0,0.0,0.0,0.0
148,0.0,0.0,0.0,0.0,0.0,0.0,0.0,0.0,0.0,0.0,0.0,0.0,0.0,0.0,0.0,0.0,0.0,0.0,0.0,0.0,0.0,0.0,0.0,0.0,0.0,0.0,0.0,0.0,0.0,0.0,0.0,0.0,0.0,0.0,0.0,0.0,0.0,0.0,0.0,0.0,0.0,0.0,0.0,0.0,0.0,0.0,0.0,0.0,0.0,0.0,0.0,0.0,0.0,0.0,0.0,0.0,0.0,0.0,0.0,0.0,0.0,0.0,0.0,0.0,0.0,0.0,0.0,0.0,0.0,0.0,0.0,0.0,0.0,0.0,0.0,0.0,0.0,0.0,0.0,0.0,0.0,0.0,0.0,0.0,0.0,0.0,0.0,0.0,0.0,0.0,0.0,0.0,0.0,0.0,0.0,0.0,0.0,0.0,0.0,0.0,0.0,0.0,0.0,0.0,0.0,0.0,0.0,0.0,0.0,0.0,0.0,0.0,0.0,0.0,0.0,0.0,0.0,0.0,0.0,0.0,0.0,0.0,0.0,0.0,0.0,0.0
149,0.0,0.0,0.0,0.0,0.0,0.0,0.0,0.0,0.0,0.0,0.0,0.0,0.0,0.0,0.0,0.0,0.0,0.0,0.0,0.0,0.0,0.0,0.0,0.0,0.0,0.0,0.0,0.0,0.0,0.0,0.0,0.0,0.0,0.0,0.0,0.0,0.0,0.0,0.0,0.0,0.0,0.0,0.0,0.0,0.0,0.0,0.0,0.0,0.0,0.0,0.0,0.0,0.0,0.0,0.0,0.0,0.0,0.0,0.0,0.0,0.0,0.0,0.0,0.0,0.0,0.0,0.0,0.0,0.0,0.0,0.0,0.0,0.0,0.0,0.0,0.0,0.0,0.0,0.0,0.0,0.0,0.0,0.0,0.0,0.0,0.0,0.0,0.0,0.0,0.0,0.0,0.0,0.0,0.0,0.0,0.0,0.0,0.0,0.0,0.0,0.0,0.0,0.0,0.0,0.0,0.0,0.0,0.0,0.0,0.0,0.0,0.0,0.0,0.0,0.0,0.0,0.0,0.0,0.0,0.0,0.0,0.0,0.0,0.0,0.0,0.0
150,0.0,0.0,0.0,0.0,0.0,0.0,0.0,0.0,0.0,0.0,0.0,0.0,0.0,0.0,0.0,0.0,0.0,0.0,0.0,0.0,0.0,0.0,0.0,0.0,0.0,0.0,0.0,0.0,0.0,0.0,0.0,0.0,0.0,0.0,0.0,0.0,0.0,0.0,0.0,0.0,0.0,0.0,0.0,0.0,0.0,0.0,0.0,0.0,0.0,0.0,0.0,0.0,0.0,0.0,0.0,0.0,0.0,0.0,0.0,0.0,0.0,0.0,0.0,0.0,0.0,0.0,0.0,0.0,0.0,0.0,0.0,0.0,0.0,0.0,0.0,0.0,0.0,0.0,0.0,0.0,0.0,0.0,0.0,0.0,0.0,0.0,0.0,0.0,0.0,0.0,0.0,0.0,0.0,0.0,0.0,0.0,0.0,0.0,0.0,0.0,0.0,0.0,0.0,0.0,0.0,0.0,0.0,0.0,0.0,0.0,0.0,0.0,0.0,0.0,0.0,0.0,0.0,0.0,0.0,0.0,0.0,0.0,0.0,0.0,0.0,0.0
151,0.0,0.0,0.0,0.0,0.0,0.0,0.0,0.0,0.0,0.0,0.0,0.0,0.0,0.0,0.0,0.0,0.0,0.0,0.0,0.0,0.0,0.0,0.0,0.0,0.0,0.0,0.0,0.0,0.0,0.0,0.0,0.0,0.0,0.0,0.0,0.0,0.0,0.0,0.0,0.0,0.0,0.0,0.0,0.0,0.0,0.0,0.0,0.0,0.0,0.0,0.0,0.0,0.0,0.0,0.0,0.0,0.0,0.0,0.0,0.0,0.0,0.0,0.0,0.0,0.0,0.0,0.0,0.0,0.0,0.0,0.0,0.0,0.0,0.0,0.0,0.0,0.0,0.0,0.0,0.0,0.0,0.0,0.0,0.0,0.0,0.0,0.0,0.0,0.0,0.0,0.0,0.0,0.0,0.0,0.0,0.0,0.0,0.0,0.0,0.0,0.0,0.0,0.0,0.0,0.0,0.0,0.0,0.0,0.0,0.0,0.0,0.0,0.0,0.0,0.0,0.0,0.0,0.0,0.0,0.0,0.0,0.0,0.0,0.0,0.0,0.0
152,0.0,0.0,0.0,0.0,0.0,0.0,0.0,0.0,0.0,0.0,0.0,0.0,0.0,0.0,0.0,0.0,0.0,0.0,0.0,0.0,0.0,0.0,0.0,0.0,0.0,0.0,0.0,0.0,0.0,0.0,0.0,0.0,0.0,0.0,0.0,0.0,0.0,0.0,0.0,0.0,0.0,0.0,0.0,0.0,0.0,0.0,0.0,0.0,0.0,0.0,0.0,0.0,0.0,0.0,0.0,0.0,0.0,0.0,0.0,0.0,0.0,0.0,0.0,0.3282683789730072,0.8199578523635864,4.356151350748405e-07,0.3433248996734619,0.7543383240699768,-0.0036182573530822992,0.3562387526035309,0.6731361150741577,-0.008866737596690655,0.3712116777896881,0.617604672908783,-0.015680285170674324,0.3796771764755249,0.5798162221908569,-0.023184826597571373,0.36010128259658813,0.6229374408721924,-0.018801944330334663,0.3887510597705841,0.538922131061554,-0.04040305316448212,0.404796838760376,0.4771639108657837,-0.05581985041499138,0.4156518280506134,0.4265090823173523,-0.06699228286743164,0.3559955656528473,0.6308268904685974,-0.030315423384308815,0.39057496190071106,0.5414674878120422,-0.052980706095695496,0.4098272919654846,0.47469913959503174,-0.06865572184324265,0.4244720935821533,0.4146740138530731,-0.07896531373262405,0.3544093072414398,0.6531654596328735,-0.04214836657047272,0.3887733221054077,0.5789719223976135,-0.06231267750263214,0.4046040177345276,0.5234251022338867,-0.07281652092933655,0.41434594988822937,0.47186368703842163,-0.07974887639284134,0.35452893376350403,0.689254641532898,-0.054399069398641586,0.3833290934562683,0.6526786684989929,-0.07176583260297775,0.39525505900382996,0.6183626055717468,-0.07860742509365082,0.4035778343677521,0.5829035639762878,-0.0830017700791359
153,0.0,0.0,0.0,0.0,0.0,0.0,0.0,0.0,0.0,0.0,0.0,0.0,0.0,0.0,0.0,0.0,0.0,0.0,0.0,0.0,0.0,0.0,0.0,0.0,0.0,0.0,0.0,0.0,0.0,0.0,0.0,0.0,0.0,0.0,0.0,0.0,0.0,0.0,0.0,0.0,0.0,0.0,0.0,0.0,0.0,0.0,0.0,0.0,0.0,0.0,0.0,0.0,0.0,0.0,0.0,0.0,0.0,0.0,0.0,0.0,0.0,0.0,0.0,0.3964765965938568,0.8281226754188538,2.550257249822607e-07,0.3918698728084564,0.7567127346992493,0.01051781140267849,0.3816322386264801,0.6806457042694092,0.008144654333591461,0.37903866171836853,0.6266796588897705,0.0006332384655252099,0.376803457736969,0.5936735272407532,-0.008591409772634506,0.387966513633728,0.6326603293418884,-0.012044006958603859,0.4005007743835449,0.5393250584602356,-0.032562751322984695,0.4095997214317322,0.47795408964157104,-0.046826284378767014,0.4179688096046448,0.42647266387939453,-0.05773024633526802,0.3912387788295746,0.6439386010169983,-0.03314097225666046,0.4023352563381195,0.5398032069206238,-0.05420587956905365,0.41393524408340454,0.4687957167625427,-0.0693417340517044,0.4247339367866516,0.4071279764175415,-0.08021511882543564,0.39884433150291443,0.668828010559082,-0.05349541828036308,0.4075104594230652,0.5744713544845581,-0.07214998453855515,0.4171537756919861,0.5161513090133667,-0.08369190245866776,0.4253184199333191,0.46352165937423706,-0.09257906675338745,0.4134562015533447,0.7020034193992615,-0.07303246855735779,0.41601094603538513,0.6496720910072327,-0.09138081222772598,0.4162447154521942,0.6094197034835815,-0.0999964103102684,0.41725602746009827,0.5692340135574341,-0.10619992762804031
154,0.0,0.0,0.0,0.0,0.0,0.0,0.0,0.0,0.0,0.0,0.0,0.0,0.0,0.0,0.0,0.0,0.0,0.0,0.0,0.0,0.0,0.0,0.0,0.0,0.0,0.0,0.0,0.0,0.0,0.0,0.0,0.0,0.0,0.0,0.0,0.0,0.0,0.0,0.0,0.0,0.0,0.0,0.0,0.0,0.0,0.0,0.0,0.0,0.0,0.0,0.0,0.0,0.0,0.0,0.0,0.0,0.0,0.0,0.0,0.0,0.0,0.0,0.0,0.3845532238483429,0.8352259397506714,3.4659740322240395e-07,0.3914043605327606,0.7562887668609619,0.011292031966149807,0.3999202847480774,0.6737395524978638,0.007645155303180218,0.4112783372402191,0.6132031679153442,-0.0006079531740397215,0.41818252205848694,0.5644893050193787,-0.010602208785712719,0.38500261306762695,0.6425601243972778,-0.012822549790143967,0.39972618222236633,0.5501108765602112,-0.03495298698544502,0.4115992784500122,0.48506730794906616,-0.0497063547372818,0.4238623380661011,0.43254679441452026,-0.05993982404470444,0.3851346969604492,0.6535820960998535,-0.03410453721880913,0.3986664414405823,0.5463864207267761,-0.055155009031295776,0.4117690622806549,0.4719134271144867,-0.07024320960044861,0.42437446117401123,0.4083438813686371,-0.08082882314920425,0.3945661783218384,0.6758487820625305,-0.054272864013910294,0.4036175608634949,0.5748780369758606,-0.07330162078142166,0.4132586717605591,0.5120505094528198,-0.08403901010751724,0.4213816523551941,0.4581935405731201,-0.09181459993124008,0.4151470363140106,0.7038681507110596,-0.07336536049842834,0.41640231013298035,0.6462247371673584,-0.09107425808906555,0.4151209592819214,0.6054682731628418,-0.09788249433040619,0.4142360985279083,0.5668132305145264,-0.10253763198852539
155,0.0,0.0,0.0,0.0,0.0,0.0,0.0,0.0,0.0,0.0,0.0,0.0,0.0,0.0,0.0,0.0,0.0,0.0,0.0,0.0,0.0,0.0,0.0,0.0,0.0,0.0,0.0,0.0,0.0,0.0,0.0,0.0,0.0,0.0,0.0,0.0,0.0,0.0,0.0,0.0,0.0,0.0,0.0,0.0,0.0,0.0,0.0,0.0,0.0,0.0,0.0,0.0,0.0,0.0,0.0,0.0,0.0,0.0,0.0,0.0,0.0,0.0,0.0,0.39254996180534363,0.8279293775558472,3.481391956938751e-07,0.39267799258232117,0.7530710697174072,0.009886062704026699,0.3961833119392395,0.6714442372322083,0.007290091831237078,0.4056120812892914,0.6096044778823853,9.800565749173984e-05,0.4083211123943329,0.5610788464546204,-0.00873607862740755,0.3879506289958954,0.6384901404380798,-0.011405418626964092,0.40124982595443726,0.5444896221160889,-0.03271973505616188,0.41230764985084534,0.4782324433326721,-0.047049231827259064,0.4222882390022278,0.4234789311885834,-0.05710000544786453,0.38918226957321167,0.6486372351646423,-0.031345490366220474,0.4029810428619385,0.5421043634414673,-0.05125313997268677,0.41632044315338135,0.46902698278427124,-0.06517471373081207,0.4285776913166046,0.40443524718284607,-0.07481010258197784,0.3988967537879944,0.6697198748588562,-0.05052102729678154,0.4093901216983795,0.5714544057846069,-0.06805893778800964,0.4180651307106018,0.5098004937171936,-0.07793363928794861,0.42487406730651855,0.4556521773338318,-0.0849355161190033,0.41852447390556335,0.6978235244750977,-0.06904826313257217,0.4200765788555145,0.6402732133865356,-0.08539456129074097,0.41808053851127625,0.6002373099327087,-0.09165854007005692,0.4170894920825958,0.5622448921203613,-0.09574896097183228
156,0.0,0.0,0.0,0.0,0.0,0.0,0.0,0.0,0.0,0.0,0.0,0.0,0.0,0.0,0.0,0.0,0.0,0.0,0.0,0.0,0.0,0.0,0.0,0.0,0.0,0.0,0.0,0.0,0.0,0.0,0.0,0.0,0.0,0.0,0.0,0.0,0.0,0.0,0.0,0.0,0.0,0.0,0.0,0.0,0.0,0.0,0.0,0.0,0.0,0.0,0.0,0.0,0.0,0.0,0.0,0.0,0.0,0.0,0.0,0.0,0.0,0.0,0.0,0.39514654874801636,0.830258309841156,3.516405229220254e-07,0.39382296800613403,0.7534646391868591,0.008734450675547123,0.3996700644493103,0.6714118719100952,0.00654511246830225,0.4103698134422302,0.6098888516426086,-7.912927685538307e-05,0.4141242504119873,0.5631099939346313,-0.008410905487835407,0.3885332942008972,0.6426387429237366,-0.010148826986551285,0.40222257375717163,0.5513960123062134,-0.03161211311817169,0.4131774604320526,0.4858437776565552,-0.046425387263298035,0.42436105012893677,0.43263518810272217,-0.05667288973927498,0.3906804323196411,0.6519842743873596,-0.029427420347929,0.4042268991470337,0.5464731454849243,-0.050213418900966644,0.4169211983680725,0.4715117812156677,-0.06586350500583649,0.42953333258628845,0.405261367559433,-0.07650115340948105,0.4020761549472809,0.6712482571601868,-0.04807046800851822,0.4119064509868622,0.5725206732749939,-0.06713350117206573,0.4194950759410858,0.5098221898078918,-0.07881297916173935,0.42526644468307495,0.45531272888183594,-0.08659494668245316,0.4244541823863983,0.6974441409111023,-0.06605760008096695,0.4244382679462433,0.6381683945655823,-0.08328849822282791,0.42015641927719116,0.5977261662483215,-0.09022804349660873,0.4164575934410095,0.5596723556518555,-0.0946759581565857
157,0.0,0.0,0.0,0.0,0.0,0.0,0.0,0.0,0.0,0.0,0.0,0.0,0.0,0.0,0.0,0.0,0.0,0.0,0.0,0.0,0.0,0.0,0.0,0.0,0.0,0.0,0.0,0.0,0.0,0.0,0.0,0.0,0.0,0.0,0.0,0.0,0.0,0.0,0.0,0.0,0.0,0.0,0.0,0.0,0.0,0.0,0.0,0.0,0.0,0.0,0.0,0.0,0.0,0.0,0.0,0.0,0.0,0.0,0.0,0.0,0.0,0.0,0.0,0.0,0.0,0.0,0.0,0.0,0.0,0.0,0.0,0.0,0.0,0.0,0.0,0.0,0.0,0.0,0.0,0.0,0.0,0.0,0.0,0.0,0.0,0.0,0.0,0.0,0.0,0.0,0.0,0.0,0.0,0.0,0.0,0.0,0.0,0.0,0.0,0.0,0.0,0.0,0.0,0.0,0.0,0.0,0.0,0.0,0.0,0.0,0.0,0.0,0.0,0.0,0.0,0.0,0.0,0.0,0.0,0.0,0.0,0.0,0.0,0.0,0.0,0.0
158,0.0,0.0,0.0,0.0,0.0,0.0,0.0,0.0,0.0,0.0,0.0,0.0,0.0,0.0,0.0,0.0,0.0,0.0,0.0,0.0,0.0,0.0,0.0,0.0,0.0,0.0,0.0,0.0,0.0,0.0,0.0,0.0,0.0,0.0,0.0,0.0,0.0,0.0,0.0,0.0,0.0,0.0,0.0,0.0,0.0,0.0,0.0,0.0,0.0,0.0,0.0,0.0,0.0,0.0,0.0,0.0,0.0,0.0,0.0,0.0,0.0,0.0,0.0,0.3808177411556244,0.8449950218200684,3.4947535709761723e-07,0.37317022681236267,0.7647510766983032,0.004139188677072525,0.3651747405529022,0.6745072603225708,-0.0002788262499962002,0.3690994381904602,0.6161067485809326,-0.00841347873210907,0.37128746509552,0.5764989256858826,-0.01791171357035637,0.37423571944236755,0.6263046860694885,-0.016470402479171753,0.39449644088745117,0.5354753732681274,-0.03858107328414917,0.40742364525794983,0.4736585021018982,-0.054675135761499405,0.41878244280815125,0.4214485287666321,-0.06708962470293045,0.3787928521633148,0.6392983794212341,-0.03483356162905693,0.39914244413375854,0.535568356513977,-0.05706438422203064,0.4149043560028076,0.4633965790271759,-0.0729801133275032,0.42878401279449463,0.4004967212677002,-0.08467733860015869,0.38796406984329224,0.6666763424873352,-0.053301554173231125,0.4034600853919983,0.5688295960426331,-0.07402174174785614,0.4158809185028076,0.5076220631599426,-0.08552219718694687,0.4262365698814392,0.4528886079788208,-0.09428677707910538,0.4021594226360321,0.7044484615325928,-0.07152161002159119,0.4125255346298218,0.6447873711585999,-0.09073749929666519,0.4175584316253662,0.6023133993148804,-0.0987258106470108,0.42284393310546875,0.560806930065155,-0.10477034002542496
159,0.0,0.0,0.0,0.0,0.0,0.0,0.0,0.0,0.0,0.0,0.0,0.0,0.0,0.0,0.0,0.0,0.0,0.0,0.0,0.0,0.0,0.0,0.0,0.0,0.0,0.0,0.0,0.0,0.0,0.0,0.0,0.0,0.0,0.0,0.0,0.0,0.0,0.0,0.0,0.0,0.0,0.0,0.0,0.0,0.0,0.0,0.0,0.0,0.0,0.0,0.0,0.0,0.0,0.0,0.0,0.0,0.0,0.0,0.0,0.0,0.0,0.0,0.0,0.39242079854011536,0.844389796257019,3.0132233064250613e-07,0.3891543745994568,0.7637805938720703,0.015101900324225426,0.3814767003059387,0.6859380602836609,0.012665588408708572,0.38012588024139404,0.6267852783203125,0.004464956000447273,0.3757302165031433,0.5830678343772888,-0.00601375475525856,0.38494518399238586,0.6459277272224426,-0.010030212812125683,0.4000253677368164,0.5486650466918945,-0.03147276118397713,0.40973150730133057,0.4847412109375,-0.04602658748626709,0.42000457644462585,0.43159255385398865,-0.056505076587200165,0.3855772316455841,0.6571936011314392,-0.033368270844221115,0.3969639539718628,0.5439611077308655,-0.054228924214839935,0.40711072087287903,0.4696221351623535,-0.06773346662521362,0.4175015687942505,0.4044455885887146,-0.07732192426919937,0.393371045589447,0.6804090142250061,-0.05569050461053848,0.40007466077804565,0.5722780823707581,-0.07410024851560593,0.40770748257637024,0.5092600584030151,-0.08364663273096085,0.41439294815063477,0.4525524377822876,-0.09093265235424042,0.4107781946659088,0.7103327512741089,-0.07677773386240005,0.412001371383667,0.6470917463302612,-0.09430891275405884,0.40815019607543945,0.6028831005096436,-0.10116928070783615,0.40452834963798523,0.559740424156189,-0.10603588074445724
160,0.0,0.0,0.0,0.0,0.0,0.0,0.0,0.0,0.0,0.0,0.0,0.0,0.0,0.0,0.0,0.0,0.0,0.0,0.0,0.0,0.0,0.0,0.0,0.0,0.0,0.0,0.0,0.0,0.0,0.0,0.0,0.0,0.0,0.0,0.0,0.0,0.0,0.0,0.0,0.0,0.0,0.0,0.0,0.0,0.0,0.0,0.0,0.0,0.0,0.0,0.0,0.0,0.0,0.0,0.0,0.0,0.0,0.0,0.0,0.0,0.0,0.0,0.0,0.3392569124698639,0.8950276374816895,1.3613907867693342e-07,0.3392919898033142,0.8642416596412659,-0.0016549797728657722,0.3495744466781616,0.8325343132019043,-0.00492909736931324,0.36199429631233215,0.8118141293525696,-0.008441232144832611,0.37047410011291504,0.7958391904830933,-0.012036208994686604,0.348751425743103,0.8212858438491821,-0.008391892537474632,0.3604792356491089,0.7883026003837585,-0.017567118629813194,0.36966472864151,0.7638702988624573,-0.024410473182797432,0.3765488266944885,0.7446703314781189,-0.028647352010011673,0.3558780252933502,0.8279066681861877,-0.012242360040545464,0.3691200017929077,0.7946965098381042,-0.019585922360420227,0.37908312678337097,0.770322322845459,-0.02481107786297798,0.38760629296302795,0.7487512826919556,-0.028217889368534088,0.36394941806793213,0.8385502099990845,-0.016042867675423622,0.37682679295539856,0.8071854114532471,-0.02192869409918785,0.38668814301490784,0.7850434184074402,-0.022799061611294746,0.39478564262390137,0.7660307288169861,-0.02292107604444027,0.3722720146179199,0.8524213433265686,-0.020130762830376625,0.38286924362182617,0.8286546468734741,-0.023987865075469017,0.39016082882881165,0.8116721510887146,-0.02291436679661274,0.39650219678878784,0.7972666025161743,-0.021500205621123314
161,0.0,0.0,0.0,0.0,0.0,0.0,0.0,0.0,0.0,0.0,0.0,0.0,0.0,0.0,0.0,0.0,0.0,0.0,0.0,0.0,0.0,0.0,0.0,0.0,0.0,0.0,0.0,0.0,0.0,0.0,0.0,0.0,0.0,0.0,0.0,0.0,0.0,0.0,0.0,0.0,0.0,0.0,0.0,0.0,0.0,0.0,0.0,0.0,0.0,0.0,0.0,0.0,0.0,0.0,0.0,0.0,0.0,0.0,0.0,0.0,0.0,0.0,0.0,0.0,0.0,0.0,0.0,0.0,0.0,0.0,0.0,0.0,0.0,0.0,0.0,0.0,0.0,0.0,0.0,0.0,0.0,0.0,0.0,0.0,0.0,0.0,0.0,0.0,0.0,0.0,0.0,0.0,0.0,0.0,0.0,0.0,0.0,0.0,0.0,0.0,0.0,0.0,0.0,0.0,0.0,0.0,0.0,0.0,0.0,0.0,0.0,0.0,0.0,0.0,0.0,0.0,0.0,0.0,0.0,0.0,0.0,0.0,0.0,0.0,0.0,0.0
162,0.0,0.0,0.0,0.0,0.0,0.0,0.0,0.0,0.0,0.0,0.0,0.0,0.0,0.0,0.0,0.0,0.0,0.0,0.0,0.0,0.0,0.0,0.0,0.0,0.0,0.0,0.0,0.0,0.0,0.0,0.0,0.0,0.0,0.0,0.0,0.0,0.0,0.0,0.0,0.0,0.0,0.0,0.0,0.0,0.0,0.0,0.0,0.0,0.0,0.0,0.0,0.0,0.0,0.0,0.0,0.0,0.0,0.0,0.0,0.0,0.0,0.0,0.0,0.0,0.0,0.0,0.0,0.0,0.0,0.0,0.0,0.0,0.0,0.0,0.0,0.0,0.0,0.0,0.0,0.0,0.0,0.0,0.0,0.0,0.0,0.0,0.0,0.0,0.0,0.0,0.0,0.0,0.0,0.0,0.0,0.0,0.0,0.0,0.0,0.0,0.0,0.0,0.0,0.0,0.0,0.0,0.0,0.0,0.0,0.0,0.0,0.0,0.0,0.0,0.0,0.0,0.0,0.0,0.0,0.0,0.0,0.0,0.0,0.0,0.0,0.0
163,0.0,0.0,0.0,0.0,0.0,0.0,0.0,0.0,0.0,0.0,0.0,0.0,0.0,0.0,0.0,0.0,0.0,0.0,0.0,0.0,0.0,0.0,0.0,0.0,0.0,0.0,0.0,0.0,0.0,0.0,0.0,0.0,0.0,0.0,0.0,0.0,0.0,0.0,0.0,0.0,0.0,0.0,0.0,0.0,0.0,0.0,0.0,0.0,0.0,0.0,0.0,0.0,0.0,0.0,0.0,0.0,0.0,0.0,0.0,0.0,0.0,0.0,0.0,0.3888554573059082,0.9040212035179138,2.961967027204082e-07,0.3409654200077057,0.8129995465278625,0.01067806314677,0.3226080536842346,0.7195777893066406,0.002986664418131113,0.3215375542640686,0.6440085172653198,-0.009152390994131565,0.32415542006492615,0.5893372297286987,-0.022731736302375793,0.32154399156570435,0.6837436556816101,-0.027111200615763664,0.3260275721549988,0.5580956339836121,-0.051280226558446884,0.3408273458480835,0.4934180974960327,-0.06397174298763275,0.3573415279388428,0.4443276524543762,-0.0712643563747406,0.34429240226745605,0.6973716020584106,-0.0482436828315258,0.3489929735660553,0.5588257312774658,-0.07203453034162521,0.36347928643226624,0.4816845655441284,-0.08103571832180023,0.3799900412559509,0.42478036880493164,-0.08616967499256134,0.37766849994659424,0.7192168831825256,-0.06798866391181946,0.3807528614997864,0.5905560255050659,-0.08726330101490021,0.3904017210006714,0.5142894387245178,-0.0915081799030304,0.40092846751213074,0.4556725323200226,-0.09396570175886154,0.4221540689468384,0.747586190700531,-0.08655957132577896,0.42219749093055725,0.653572678565979,-0.09901285916566849,0.4231525659561157,0.5944827795028687,-0.09840983152389526,0.4268230199813843,0.544528067111969,-0.09748979657888412
164,0.0,0.0,0.0,0.0,0.0,0.0,0.0,0.0,0.0,0.0,0.0,0.0,0.0,0.0,0.0,0.0,0.0,0.0,0.0,0.0,0.0,0.0,0.0,0.0,0.0,0.0,0.0,0.0,0.0,0.0,0.0,0.0,0.0,0.0,0.0,0.0,0.0,0.0,0.0,0.0,0.0,0.0,0.0,0.0,0.0,0.0,0.0,0.0,0.0,0.0,0.0,0.0,0.0,0.0,0.0,0.0,0.0,0.0,0.0,0.0,0.0,0.0,0.0,0.374313622713089,0.8843634724617004,5.552603283831559e-07,0.3326994478702545,0.8005117177963257,0.006452633999288082,0.30863529443740845,0.716447651386261,-0.007322303485125303,0.29629576206207275,0.6497674584388733,-0.02406783401966095,0.29152733087539673,0.5984851717948914,-0.04274357110261917,0.3064902126789093,0.6825709939002991,-0.04368644952774048,0.30910539627075195,0.5573371648788452,-0.07310585677623749,0.32341402769088745,0.4958113431930542,-0.08701504021883011,0.3396622836589813,0.44902485609054565,-0.09412962198257446,0.3311312198638916,0.6990439295768738,-0.06372171640396118,0.33324357867240906,0.5599850416183472,-0.09302695095539093,0.34987547993659973,0.4835550785064697,-0.10295172035694122,0.36749494075775146,0.42842045426368713,-0.10787613689899445,0.36731600761413574,0.7212761640548706,-0.0816759392619133,0.3641415238380432,0.5905524492263794,-0.10680593550205231,0.3759652078151703,0.5114456415176392,-0.11351928859949112,0.38654935359954834,0.4504084885120392,-0.11652754992246628,0.41429391503334045,0.746498167514801,-0.09776834398508072,0.40912190079689026,0.6517864465713501,-0.11435089260339737,0.407664030790329,0.5898755192756653,-0.11531636118888855,0.40713536739349365,0.5375552773475647,-0.11491572111845016
165,0.5396881103515625,0.8842049241065979,6.933963447863789e-08,0.5743019580841064,0.7658571004867554,0.029736613854765892,0.590252161026001,0.6700291037559509,0.032636675983667374,0.5941376090049744,0.6066510081291199,0.02761273831129074,0.588280975818634,0.5696606636047363,0.01832306571304798,0.5887876152992249,0.6289095878601074,0.0035671372897922993,0.5514727234840393,0.5237491130828857,-0.008254787884652615,0.5282539129257202,0.46845173835754395,-0.015343411825597286,0.5098971128463745,0.41952526569366455,-0.02108229696750641,0.5713664889335632,0.6477795839309692,-0.02447262406349182,0.5328642129898071,0.5275741815567017,-0.03626054897904396,0.507510781288147,0.4605862498283386,-0.04271530732512474,0.48755067586898804,0.40404289960861206,-0.04999496042728424,0.5432621240615845,0.6788887977600098,-0.050482772290706635,0.5127868056297302,0.5629937648773193,-0.05840536579489708,0.490148663520813,0.49787506461143494,-0.0618562325835228,0.4736218750476837,0.4409087300300598,-0.06800300627946854,0.5081062912940979,0.7169923782348633,-0.07409510016441345,0.48631995916366577,0.6323015093803406,-0.0808287262916565,0.4762321412563324,0.5777349472045898,-0.08169541507959366,0.4683762788772583,0.529574990272522,-0.08489347994327545,0.3699127435684204,0.8643714785575867,5.519425485545071e-07,0.3292481601238251,0.7826938629150391,0.00776322465389967,0.30042946338653564,0.7046607732772827,-0.0062329028733074665,0.28574100136756897,0.6408845782279968,-0.022459793835878372,0.2820635139942169,0.587415337562561,-0.039838600903749466,0.2995850145816803,0.6801946759223938,-0.048831623047590256,0.300538569688797,0.557068407535553,-0.07693064212799072,0.3160785436630249,0.49899476766586304,-0.08832219243049622,0.3321557641029358,0.45664864778518677,-0.09299612045288086,0.3262803554534912,0.6998213529586792,-0.06762391328811646,0.33198636770248413,0.5589104294776917,-0.09527967125177383,0.34894120693206787,0.4807886779308319,-0.10205264389514923,0.36530131101608276,0.42669573426246643,-0.1045137494802475,0.36351707577705383,0.7215164303779602,-0.08341212570667267,0.3685319423675537,0.5899959802627563,-0.10321151465177536,0.38295653462409973,0.5125182867050171,-0.10487070679664612,0.3939814567565918,0.4555904269218445,-0.10471479594707489,0.4078471064567566,0.743736207485199,-0.0974881574511528,0.407533198595047,0.6468679308891296,-0.10899128764867783,0.4058934152126312,0.5863295793533325,-0.1064855083823204,0.4044475257396698,0.5372819900512695,-0.10341665148735046
166,0.5403931140899658,0.8366281390190125,-1.9515608684628205e-08,0.5647956132888794,0.7420117259025574,0.012919165194034576,0.5748757123947144,0.6503112316131592,0.008561835624277592,0.5751938819885254,0.5750425457954407,0.0017746886005625129,0.5642345547676086,0.5172039270401001,-0.008581740781664848,0.5807327628135681,0.6230870485305786,-0.025307830423116684,0.5479120016098022,0.5158568620681763,-0.04596814513206482,0.5283598303794861,0.4622076451778412,-0.05818811431527138,0.513212263584137,0.42050081491470337,-0.06575441360473633,0.5634699463844299,0.6492855548858643,-0.044636670500040054,0.5291415452957153,0.5262128710746765,-0.06139684095978737,0.50534588098526,0.45932748913764954,-0.06986759603023529,0.48683279752731323,0.4097351133823395,-0.07812018692493439,0.5342350602149963,0.6831859946250916,-0.06191551312804222,0.5061614513397217,0.5647257566452026,-0.0777677521109581,0.48636823892593384,0.49709588289260864,-0.08444041758775711,0.4734322428703308,0.44182509183883667,-0.09132298082113266,0.4954929053783417,0.7212324142456055,-0.07690160721540451,0.47818806767463684,0.6357014775276184,-0.09334352612495422,0.4699319005012512,0.5814943909645081,-0.09836845844984055,0.4643324315547943,0.5310666561126709,-0.10262130945920944,0.3698105216026306,0.8611101508140564,5.9802272289744e-07,0.3272717297077179,0.786221981048584,0.0034792067017406225,0.2960992157459259,0.7044378519058228,-0.012454398907721043,0.282148540019989,0.6359230875968933,-0.029356928542256355,0.2826266884803772,0.5763448476791382,-0.04848097637295723,0.2980080544948578,0.6865209341049194,-0.058163806796073914,0.30765819549560547,0.5630859136581421,-0.08775359392166138,0.32485318183898926,0.4985273480415344,-0.10006256401538849,0.34140774607658386,0.45323091745376587,-0.1051018089056015,0.32552388310432434,0.7051953077316284,-0.07433435320854187,0.3358781933784485,0.5656170845031738,-0.10223597288131714,0.3531183898448944,0.4849022924900055,-0.10896728932857513,0.3689802885055542,0.43147796392440796,-0.11149279773235321,0.36316147446632385,0.7258487343788147,-0.08751820027828217,0.36728906631469727,0.5915843844413757,-0.1089620292186737,0.3791287839412689,0.5100219249725342,-0.11344949901103973,0.38861018419265747,0.4523847997188568,-0.11516855657100677,0.4071495532989502,0.7447475790977478,-0.0987735241651535,0.40560266375541687,0.6452993750572205,-0.11424960941076279,0.4019146263599396,0.5833911299705505,-0.11553715169429779,0.39786258339881897,0.5353901386260986,-0.11477181315422058
167,0.5396050810813904,0.8097660541534424,1.0039621578528113e-08,0.5664889216423035,0.7334861159324646,0.008896108716726303,0.576983630657196,0.6411736607551575,0.001289469888433814,0.5783814787864685,0.5660053491592407,-0.007012911140918732,0.5828285217285156,0.5073596835136414,-0.019321653991937637,0.5855172872543335,0.6282044053077698,-0.0433356910943985,0.5523923635482788,0.5158955454826355,-0.06648777425289154,0.532235324382782,0.45722582936286926,-0.07786257565021515,0.5146776437759399,0.41051170229911804,-0.08484780788421631,0.5667946934700012,0.6552691459655762,-0.06190958991646767,0.5348914861679077,0.5254898071289062,-0.08342685550451279,0.5098653435707092,0.45295006036758423,-0.0935186967253685,0.48845458030700684,0.39792072772979736,-0.10227561742067337,0.5367640852928162,0.6880179047584534,-0.07725027948617935,0.5114194750785828,0.5682418346405029,-0.09706731885671616,0.49305033683776855,0.49471133947372437,-0.10588418692350388,0.4793696403503418,0.43668586015701294,-0.11346885561943054,0.4961928129196167,0.7221435904502869,-0.08985860645771027,0.4817716181278229,0.6338027119636536,-0.10924235731363297,0.47636115550994873,0.5783824920654297,-0.1155179888010025,0.47254467010498047,0.5290288329124451,-0.12043281644582748,0.3676552176475525,0.8484082221984863,6.098562153056264e-07,0.32612425088882446,0.7751275897026062,0.003138056257739663,0.2941371202468872,0.696797251701355,-0.01125076599419117,0.27914926409721375,0.6307181715965271,-0.026629799976944923,0.2789272367954254,0.572874903678894,-0.044500913470983505,0.29749929904937744,0.6719154715538025,-0.05304894968867302,0.3094218671321869,0.5529098510742188,-0.08139078319072723,0.3269350528717041,0.49071115255355835,-0.09465307742357254,0.3430666923522949,0.44536012411117554,-0.10159000754356384,0.32758828997612,0.68831467628479,-0.06902097910642624,0.3427017331123352,0.554730236530304,-0.09532252699136734,0.36060601472854614,0.4776763916015625,-0.1042720153927803,0.37517881393432617,0.4242476224899292,-0.10952771455049515,0.3660837411880493,0.7081607580184937,-0.0822480097413063,0.3747342526912689,0.5822343230247498,-0.10253473371267319,0.3890998363494873,0.5068016052246094,-0.10750436037778854,0.39951425790786743,0.4514356255531311,-0.1105942353606224,0.4081233739852905,0.7282482981681824,-0.0937553271651268,0.4088546335697174,0.6382558345794678,-0.10934696346521378,0.40691107511520386,0.5803306102752686,-0.11119344085454941,0.4050924479961395,0.5335564613342285,-0.11141759902238846
168,0.5503208637237549,0.8105403184890747,1.6092581489601798e-08,0.5762744545936584,0.7392477989196777,0.004744297359138727,0.5878958702087402,0.6470521688461304,-0.004061662591993809,0.5911588668823242,0.5698280930519104,-0.013199718669056892,0.5955600738525391,0.508105993270874,-0.026154961436986923,0.5877717137336731,0.6330735087394714,-0.044842638075351715,0.5576228499412537,0.5209368467330933,-0.06919959932565689,0.5375606417655945,0.4622616171836853,-0.08174479752779007,0.5197736620903015,0.4169039726257324,-0.0891624391078949,0.5653890371322632,0.6555328965187073,-0.06106920912861824,0.5352999567985535,0.5305181741714478,-0.08341263234615326,0.5096743702888489,0.4585585594177246,-0.09422755986452103,0.4884633421897888,0.40360450744628906,-0.10312719643115997,0.5335484743118286,0.684373140335083,-0.07456311583518982,0.5095212459564209,0.5671119689941406,-0.09431766718626022,0.49043357372283936,0.4959859848022461,-0.10236234217882156,0.4767613708972931,0.4392741918563843,-0.1090715080499649,0.4934396743774414,0.715376079082489,-0.08585011214017868,0.47833552956581116,0.6271600723266602,-0.10500504076480865,0.47315043210983276,0.5759543180465698,-0.11062528938055038,0.46982669830322266,0.5290700197219849,-0.11450781673192978,0.3610251247882843,0.8491994142532349,5.986835276416969e-07,0.31782516837120056,0.7799222469329834,-0.0009312015608884394,0.2845030426979065,0.700408399105072,-0.01730511710047722,0.2712307572364807,0.6316462755203247,-0.03302530199289322,0.274007111787796,0.5716437697410583,-0.05115804448723793,0.2944282591342926,0.6796531081199646,-0.06415299326181412,0.3021104037761688,0.5619698166847229,-0.09498150646686554,0.31883546710014343,0.49789273738861084,-0.1089276671409607,0.3343968689441681,0.45011645555496216,-0.11601690202951431,0.3250077962875366,0.6952295303344727,-0.07775785773992538,0.3382771909236908,0.5611629486083984,-0.10651034116744995,0.35635316371917725,0.4819992184638977,-0.11536737531423569,0.37158867716789246,0.42748135328292847,-0.12027116864919662,0.36411789059638977,0.7150217294692993,-0.0883297547698021,0.371198445558548,0.5876749753952026,-0.1105988398194313,0.3850843608379364,0.5106701850891113,-0.11648336797952652,0.39572349190711975,0.4549856185913086,-0.11984812468290329,0.4064095616340637,0.7344055771827698,-0.09724872559309006,0.40772804617881775,0.6437841057777405,-0.11553705483675003,0.4060131907463074,0.5848945379257202,-0.1195293664932251,0.40444880723953247,0.5370560884475708,-0.12093306332826614
169,0.0,0.0,0.0,0.0,0.0,0.0,0.0,0.0,0.0,0.0,0.0,0.0,0.0,0.0,0.0,0.0,0.0,0.0,0.0,0.0,0.0,0.0,0.0,0.0,0.0,0.0,0.0,0.0,0.0,0.0,0.0,0.0,0.0,0.0,0.0,0.0,0.0,0.0,0.0,0.0,0.0,0.0,0.0,0.0,0.0,0.0,0.0,0.0,0.0,0.0,0.0,0.0,0.0,0.0,0.0,0.0,0.0,0.0,0.0,0.0,0.0,0.0,0.0,0.3606813848018646,0.8396746516227722,6.358625341817969e-07,0.3201221525669098,0.7705848813056946,-0.0018217796459794044,0.2901042103767395,0.6899802088737488,-0.01740291528403759,0.27769947052001953,0.6208752393722534,-0.03255379945039749,0.2799534499645233,0.5619426965713501,-0.04983779042959213,0.29594752192497253,0.6702895760536194,-0.0593620240688324,0.3089416027069092,0.5510756969451904,-0.08740133792161942,0.32579031586647034,0.4890947937965393,-0.09961874783039093,0.34023717045783997,0.4428447186946869,-0.10537385940551758,0.32608547806739807,0.6895859241485596,-0.07177963107824326,0.3436271846294403,0.5537606477737427,-0.09813293814659119,0.36136558651924133,0.4749106466770172,-0.10618122667074203,0.37438029050827026,0.4199874699115753,-0.11031496524810791,0.36461493372917175,0.7108384966850281,-0.08135170489549637,0.37733954191207886,0.5840940475463867,-0.10080613940954208,0.3911994695663452,0.5073326826095581,-0.10530503839254379,0.39966118335723877,0.451735258102417,-0.1075824573636055,0.4053417444229126,0.7308273911476135,-0.0896221175789833,0.41182994842529297,0.6361711025238037,-0.10428506880998611,0.41209399700164795,0.5780555009841919,-0.10563915222883224,0.4108201861381531,0.5324708819389343,-0.10511372238397598
170,0.554404616355896,0.8490198850631714,1.790823489500326e-07,0.5776611566543579,0.7485031485557556,0.007263640407472849,0.5822222232818604,0.642020046710968,0.0020681489259004593,0.5794329047203064,0.5570548176765442,-0.004706910811364651,0.5845621228218079,0.4943277835845947,-0.014746014028787613,0.5963963866233826,0.6241054534912109,-0.031142707914114,0.560431957244873,0.5146518349647522,-0.05007779598236084,0.5358432531356812,0.4573345184326172,-0.058456726372241974,0.5111865997314453,0.4110729694366455,-0.06435425579547882,0.576761782169342,0.6466410160064697,-0.04719159007072449,0.5383126735687256,0.5246639847755432,-0.06677163392305374,0.5121985077857971,0.4592980742454529,-0.07464009523391724,0.4896606206893921,0.4042840003967285,-0.08163533359766006,0.5458871722221375,0.6816056370735168,-0.06122562661767006,0.5120015740394592,0.5684632658958435,-0.08013224601745605,0.49046680331230164,0.5028391480445862,-0.0864236056804657,0.47481027245521545,0.44846099615097046,-0.09151487052440643,0.5030643939971924,0.7265704870223999,-0.07336971908807755,0.4809611737728119,0.643246591091156,-0.09042726457118988,0.47278261184692383,0.5884788632392883,-0.09539429843425751,0.46692153811454773,0.5377668142318726,-0.09960782527923584,0.3656347393989563,0.8335958123207092,6.409427442122251e-07,0.3253994286060333,0.7640077471733093,-0.005038260482251644,0.2917259931564331,0.6814919710159302,-0.022246982902288437,0.27827873826026917,0.607170045375824,-0.03891387954354286,0.287773072719574,0.544140100479126,-0.057203810662031174,0.3008947968482971,0.6682453751564026,-0.059486351907253265,0.31515130400657654,0.5501496195793152,-0.08808553963899612,0.3330289423465729,0.488736093044281,-0.10054638236761093,0.3487803041934967,0.4419856071472168,-0.10679298639297485,0.33058878779411316,0.6898027658462524,-0.07157987356185913,0.35076606273651123,0.5565176010131836,-0.09894336760044098,0.36992835998535156,0.4753873944282532,-0.10808494687080383,0.3853076100349426,0.41701555252075195,-0.11328273266553879,0.3696005046367645,0.713266134262085,-0.08130257576704025,0.3854542672634125,0.5883839130401611,-0.10304492712020874,0.40350380539894104,0.5115326046943665,-0.10937385261058807,0.4149213433265686,0.4543263912200928,-0.11274463683366776,0.41073957085609436,0.7339667081832886,-0.08998360484838486,0.42049676179885864,0.6413798928260803,-0.10698623955249786,0.4231584370136261,0.5833852291107178,-0.11037693917751312,0.42336344718933105,0.5368940830230713,-0.11140850931406021
171,0.0,0.0,0.0,0.0,0.0,0.0,0.0,0.0,0.0,0.0,0.0,0.0,0.0,0.0,0.0,0.0,0.0,0.0,0.0,0.0,0.0,0.0,0.0,0.0,0.0,0.0,0.0,0.0,0.0,0.0,0.0,0.0,0.0,0.0,0.0,0.0,0.0,0.0,0.0,0.0,0.0,0.0,0.0,0.0,0.0,0.0,0.0,0.0,0.0,0.0,0.0,0.0,0.0,0.0,0.0,0.0,0.0,0.0,0.0,0.0,0.0,0.0,0.0,0.0,0.0,0.0,0.0,0.0,0.0,0.0,0.0,0.0,0.0,0.0,0.0,0.0,0.0,0.0,0.0,0.0,0.0,0.0,0.0,0.0,0.0,0.0,0.0,0.0,0.0,0.0,0.0,0.0,0.0,0.0,0.0,0.0,0.0,0.0,0.0,0.0,0.0,0.0,0.0,0.0,0.0,0.0,0.0,0.0,0.0,0.0,0.0,0.0,0.0,0.0,0.0,0.0,0.0,0.0,0.0,0.0,0.0,0.0,0.0,0.0,0.0,0.0
172,0.0,0.0,0.0,0.0,0.0,0.0,0.0,0.0,0.0,0.0,0.0,0.0,0.0,0.0,0.0,0.0,0.0,0.0,0.0,0.0,0.0,0.0,0.0,0.0,0.0,0.0,0.0,0.0,0.0,0.0,0.0,0.0,0.0,0.0,0.0,0.0,0.0,0.0,0.0,0.0,0.0,0.0,0.0,0.0,0.0,0.0,0.0,0.0,0.0,0.0,0.0,0.0,0.0,0.0,0.0,0.0,0.0,0.0,0.0,0.0,0.0,0.0,0.0,0.0,0.0,0.0,0.0,0.0,0.0,0.0,0.0,0.0,0.0,0.0,0.0,0.0,0.0,0.0,0.0,0.0,0.0,0.0,0.0,0.0,0.0,0.0,0.0,0.0,0.0,0.0,0.0,0.0,0.0,0.0,0.0,0.0,0.0,0.0,0.0,0.0,0.0,0.0,0.0,0.0,0.0,0.0,0.0,0.0,0.0,0.0,0.0,0.0,0.0,0.0,0.0,0.0,0.0,0.0,0.0,0.0,0.0,0.0,0.0,0.0,0.0,0.0
173,0.0,0.0,0.0,0.0,0.0,0.0,0.0,0.0,0.0,0.0,0.0,0.0,0.0,0.0,0.0,0.0,0.0,0.0,0.0,0.0,0.0,0.0,0.0,0.0,0.0,0.0,0.0,0.0,0.0,0.0,0.0,0.0,0.0,0.0,0.0,0.0,0.0,0.0,0.0,0.0,0.0,0.0,0.0,0.0,0.0,0.0,0.0,0.0,0.0,0.0,0.0,0.0,0.0,0.0,0.0,0.0,0.0,0.0,0.0,0.0,0.0,0.0,0.0,0.0,0.0,0.0,0.0,0.0,0.0,0.0,0.0,0.0,0.0,0.0,0.0,0.0,0.0,0.0,0.0,0.0,0.0,0.0,0.0,0.0,0.0,0.0,0.0,0.0,0.0,0.0,0.0,0.0,0.0,0.0,0.0,0.0,0.0,0.0,0.0,0.0,0.0,0.0,0.0,0.0,0.0,0.0,0.0,0.0,0.0,0.0,0.0,0.0,0.0,0.0,0.0,0.0,0.0,0.0,0.0,0.0,0.0,0.0,0.0,0.0,0.0,0.0
174,0.0,0.0,0.0,0.0,0.0,0.0,0.0,0.0,0.0,0.0,0.0,0.0,0.0,0.0,0.0,0.0,0.0,0.0,0.0,0.0,0.0,0.0,0.0,0.0,0.0,0.0,0.0,0.0,0.0,0.0,0.0,0.0,0.0,0.0,0.0,0.0,0.0,0.0,0.0,0.0,0.0,0.0,0.0,0.0,0.0,0.0,0.0,0.0,0.0,0.0,0.0,0.0,0.0,0.0,0.0,0.0,0.0,0.0,0.0,0.0,0.0,0.0,0.0,0.0,0.0,0.0,0.0,0.0,0.0,0.0,0.0,0.0,0.0,0.0,0.0,0.0,0.0,0.0,0.0,0.0,0.0,0.0,0.0,0.0,0.0,0.0,0.0,0.0,0.0,0.0,0.0,0.0,0.0,0.0,0.0,0.0,0.0,0.0,0.0,0.0,0.0,0.0,0.0,0.0,0.0,0.0,0.0,0.0,0.0,0.0,0.0,0.0,0.0,0.0,0.0,0.0,0.0,0.0,0.0,0.0,0.0,0.0,0.0,0.0,0.0,0.0
175,0.5625282526016235,0.8548440337181091,3.302017717032868e-07,0.5969817638397217,0.776922345161438,0.0035148223396390676,0.6070040464401245,0.6672781109809875,-0.00501366937533021,0.6077420711517334,0.5776839852333069,-0.013200661167502403,0.6142793893814087,0.510981023311615,-0.026080025359988213,0.6235309839248657,0.6503915190696716,-0.054057247936725616,0.5892671942710876,0.5292401313781738,-0.07827447354793549,0.5679254531860352,0.4614735245704651,-0.08835817128419876,0.5480639338493347,0.40817615389823914,-0.09441374242305756,0.6014621257781982,0.6808563470840454,-0.07016207277774811,0.5672301650047302,0.5444896221160889,-0.09577374905347824,0.5406148433685303,0.4621902108192444,-0.10713168978691101,0.5164662003517151,0.40000176429748535,-0.1160447746515274,0.5664934515953064,0.7161068320274353,-0.08303096145391464,0.5397291779518127,0.5873596668243408,-0.10730093717575073,0.521056056022644,0.508664608001709,-0.11940323561429977,0.5069376826286316,0.4480082094669342,-0.12789511680603027,0.5197864770889282,0.7535574436187744,-0.09301595389842987,0.5025372505187988,0.6558581590652466,-0.11610705405473709,0.4995044767856598,0.5956004858016968,-0.12591366469860077,0.4991961121559143,0.5421420335769653,-0.13266943395137787,0.0,0.0,0.0,0.0,0.0,0.0,0.0,0.0,0.0,0.0,0.0,0.0,0.0,0.0,0.0,0.0,0.0,0.0,0.0,0.0,0.0,0.0,0.0,0.0,0.0,0.0,0.0,0.0,0.0,0.0,0.0,0.0,0.0,0.0,0.0,0.0,0.0,0.0,0.0,0.0,0.0,0.0,0.0,0.0,0.0,0.0,0.0,0.0,0.0,0.0,0.0,0.0,0.0,0.0,0.0,0.0,0.0,0.0,0.0,0.0,0.0,0.0,0.0
176,0.5717588067054749,0.8767374753952026,-3.805212500651578e-08,0.6007863879203796,0.7929720878601074,0.011252121068537235,0.6120062470436096,0.6811519265174866,0.0050595649518072605,0.6116214394569397,0.5873309373855591,-0.0027215287555009127,0.6083612442016602,0.5159238576889038,-0.015878800302743912,0.6280670762062073,0.666201114654541,-0.05045705661177635,0.5975291728973389,0.5433183312416077,-0.07982620596885681,0.5762571692466736,0.47093456983566284,-0.09604940563440323,0.5548627972602844,0.41416966915130615,-0.1069381833076477,0.6067630648612976,0.6968375444412231,-0.07351148128509521,0.5778461694717407,0.5577571392059326,-0.10419292002916336,0.5522452592849731,0.4716196656227112,-0.1207561120390892,0.5277794003486633,0.40632182359695435,-0.13406378030776978,0.5722700953483582,0.7345960736274719,-0.09253524988889694,0.5490834712982178,0.6033101677894592,-0.1213880330324173,0.5302140712738037,0.5175430774688721,-0.13518120348453522,0.5150976181030273,0.4520326256752014,-0.14558178186416626,0.5249851942062378,0.7719348669052124,-0.10805293172597885,0.5101416110992432,0.6738272309303284,-0.13705788552761078,0.506485104560852,0.612643301486969,-0.14871788024902344,0.5065493583679199,0.559058427810669,-0.1567440778017044,0.3188230097293854,0.9592874050140381,3.595899897845811e-07,0.26029565930366516,0.8436390161514282,0.014979388564825058,0.23708464205265045,0.7370615005493164,0.013576914556324482,0.24385342001914978,0.6555682420730591,0.006905427668243647,0.2656462788581848,0.6135880947113037,0.0012495837872847915,0.2571618854999542,0.6892356872558594,-0.0017649487126618624,0.28019171953201294,0.5501569509506226,-0.016218669712543488,0.30551934242248535,0.47807741165161133,-0.02176423743367195,0.33174222707748413,0.4248618185520172,-0.023800935596227646,0.2946234345436096,0.7035651803016663,-0.020829785615205765,0.31913429498672485,0.5421918034553528,-0.039376188069581985,0.34734630584716797,0.4509190320968628,-0.04643748700618744,0.37391048669815063,0.38360971212387085,-0.04835737124085426,0.33666324615478516,0.7303073406219482,-0.03908660635352135,0.35886961221694946,0.5809256434440613,-0.051904551684856415,0.38111406564712524,0.49419286847114563,-0.05507032573223114,0.3988106846809387,0.4243387281894684,-0.05531597137451172,0.3839603364467621,0.7708460688591003,-0.05586069077253342,0.39633607864379883,0.6588556170463562,-0.0616438202559948,0.4021458327770233,0.5874595642089844,-0.058305591344833374,0.4068812131881714,0.5249134302139282,-0.05415809527039528
177,0.5905588865280151,0.912055253982544,-3.0382629745417944e-08,0.6127176880836487,0.816791296005249,0.018215321004390717,0.6183843612670898,0.6987873315811157,0.014464179053902626,0.6167988181114197,0.601070761680603,0.007325614802539349,0.6132517457008362,0.5251331925392151,-0.005638753995299339,0.6377540230751038,0.6871040463447571,-0.04355488717556,0.6021364331245422,0.5637149810791016,-0.07174486666917801,0.5805192589759827,0.4893394708633423,-0.08686279505491257,0.5608941316604614,0.42859989404678345,-0.09780053049325943,0.6187072992324829,0.7158935070037842,-0.07137099653482437,0.585322916507721,0.5713814496994019,-0.10215508192777634,0.5599927306175232,0.48246634006500244,-0.1188695877790451,0.5370107889175415,0.41327816247940063,-0.132547989487648,0.5845123529434204,0.752842903137207,-0.09497591108083725,0.5571418404579163,0.6156219840049744,-0.12526346743106842,0.5370510816574097,0.5261616706848145,-0.14117224514484406,0.5221109390258789,0.4553802013397217,-0.15329453349113464,0.5367826223373413,0.7916910648345947,-0.11434003710746765,0.5196955800056458,0.6925002336502075,-0.1456230729818344,0.5139622688293457,0.6275728344917297,-0.1598280668258667,0.5120605230331421,0.5688270330429077,-0.17009620368480682,0.3314770460128784,0.9291110038757324,4.5523074732045643e-07,0.29033052921295166,0.8320698142051697,0.008556614629924297,0.2661394476890564,0.7270716428756714,0.0003321100084576756,0.2645304203033447,0.6500756144523621,-0.012254242785274982,0.2735039293766022,0.6003264784812927,-0.02545296959578991,0.26420071721076965,0.6933014392852783,-0.034668806940317154,0.28022855520248413,0.5460410118103027,-0.06537624448537827,0.30833226442337036,0.4653686285018921,-0.08007849007844925,0.3353670835494995,0.4057386815547943,-0.08753363788127899,0.29273882508277893,0.714977502822876,-0.05523737892508507,0.3134886920452118,0.5548287630081177,-0.08738680183887482,0.34756743907928467,0.4629875421524048,-0.10078029334545135,0.37751901149749756,0.39406463503837585,-0.10686644911766052,0.3328990936279297,0.7460851073265076,-0.07429137080907822,0.3486119508743286,0.5962052941322327,-0.10043366253376007,0.37440741062164307,0.5084432363510132,-0.11104239523410797,0.3945484757423401,0.43773412704467773,-0.1155204251408577,0.38159289956092834,0.7860592007637024,-0.09175997227430344,0.3885655999183655,0.6792728900909424,-0.11315043270587921,0.39578378200531006,0.6077333688735962,-0.1199081689119339,0.4025494456291199,0.5425354242324829,-0.12201042473316193
178,0.5720192790031433,0.9185837507247925,-3.2386655579585977e-09,0.5717516541481018,0.8315134644508362,0.013482085429131985,0.5656042695045471,0.7248570919036865,0.013708562590181828,0.5533815026283264,0.6476922631263733,0.010843186639249325,0.5340222120285034,0.5906431674957275,0.00480808038264513,0.6118226051330566,0.6748884320259094,-0.018937645480036736,0.574612021446228,0.559255063533783,-0.03861997276544571,0.5507451295852661,0.48972126841545105,-0.051376599818468094,0.5295130014419556,0.4303625226020813,-0.06205655261874199,0.6041515469551086,0.6942635178565979,-0.0412435345351696,0.5668785572052002,0.5618493556976318,-0.06229550018906593,0.543444037437439,0.48325487971305847,-0.07550061494112015,0.5219926834106445,0.4145067632198334,-0.08673996478319168,0.5805565714836121,0.7280962467193604,-0.061962660402059555,0.551219642162323,0.598146378993988,-0.08608946949243546,0.5287956595420837,0.5216243863105774,-0.09983976930379868,0.512355387210846,0.4532586336135864,-0.11024834960699081,0.5423679351806641,0.7677720785140991,-0.08019281178712845,0.5269713997840881,0.6797884702682495,-0.11053619533777237,0.5182297825813293,0.6177499890327454,-0.1263793259859085,0.5135858058929443,0.5576549768447876,-0.13714808225631714,0.0,0.0,0.0,0.0,0.0,0.0,0.0,0.0,0.0,0.0,0.0,0.0,0.0,0.0,0.0,0.0,0.0,0.0,0.0,0.0,0.0,0.0,0.0,0.0,0.0,0.0,0.0,0.0,0.0,0.0,0.0,0.0,0.0,0.0,0.0,0.0,0.0,0.0,0.0,0.0,0.0,0.0,0.0,0.0,0.0,0.0,0.0,0.0,0.0,0.0,0.0,0.0,0.0,0.0,0.0,0.0,0.0,0.0,0.0,0.0,0.0,0.0,0.0
179,0.0,0.0,0.0,0.0,0.0,0.0,0.0,0.0,0.0,0.0,0.0,0.0,0.0,0.0,0.0,0.0,0.0,0.0,0.0,0.0,0.0,0.0,0.0,0.0,0.0,0.0,0.0,0.0,0.0,0.0,0.0,0.0,0.0,0.0,0.0,0.0,0.0,0.0,0.0,0.0,0.0,0.0,0.0,0.0,0.0,0.0,0.0,0.0,0.0,0.0,0.0,0.0,0.0,0.0,0.0,0.0,0.0,0.0,0.0,0.0,0.0,0.0,0.0,0.32123079895973206,0.949436366558075,3.5472999115881976e-07,0.2823850214481354,0.8484879732131958,0.005760244559496641,0.26084262132644653,0.7418007850646973,-0.0005322547513060272,0.2594015598297119,0.6698536276817322,-0.011382375843822956,0.266777366399765,0.6248300075531006,-0.023140089586377144,0.2798251807689667,0.6953203678131104,-0.029150763526558876,0.2957909107208252,0.5534752011299133,-0.05825468897819519,0.31602972745895386,0.477325439453125,-0.07336091995239258,0.3383762240409851,0.4215121865272522,-0.08204108476638794,0.29997527599334717,0.7123640179634094,-0.049028802663087845,0.3105962574481964,0.5527361035346985,-0.08104950934648514,0.33740437030792236,0.4663148522377014,-0.09561540186405182,0.36710113286972046,0.40252435207366943,-0.10204111784696579,0.3274345099925995,0.7447512149810791,-0.0683785229921341,0.3330472409725189,0.5993797183036804,-0.09719754010438919,0.35323017835617065,0.5194852352142334,-0.11067802459001541,0.37328505516052246,0.45611298084259033,-0.11670579761266708,0.3622859716415405,0.7899510860443115,-0.08648397773504257,0.3628787100315094,0.6971681714057922,-0.11096564680337906,0.3650524616241455,0.6342737078666687,-0.1202125996351242,0.37008264660835266,0.5781348943710327,-0.12403377890586853
180,0.0,0.0,0.0,0.0,0.0,0.0,0.0,0.0,0.0,0.0,0.0,0.0,0.0,0.0,0.0,0.0,0.0,0.0,0.0,0.0,0.0,0.0,0.0,0.0,0.0,0.0,0.0,0.0,0.0,0.0,0.0,0.0,0.0,0.0,0.0,0.0,0.0,0.0,0.0,0.0,0.0,0.0,0.0,0.0,0.0,0.0,0.0,0.0,0.0,0.0,0.0,0.0,0.0,0.0,0.0,0.0,0.0,0.0,0.0,0.0,0.0,0.0,0.0,0.3461102843284607,0.9588492512702942,4.633129151443427e-07,0.3453223705291748,0.854857861995697,0.016364049166440964,0.3410579562187195,0.7428735494613647,0.007060951553285122,0.3482469320297241,0.6588014960289001,-0.008664634078741074,0.3566911518573761,0.592370867729187,-0.026403212919831276,0.31190547347068787,0.7137288451194763,-0.03982548788189888,0.31530651450157166,0.5651189684867859,-0.07412146776914597,0.33408087491989136,0.4868616461753845,-0.09109766036272049,0.35599052906036377,0.42812925577163696,-0.10118433833122253,0.31666624546051025,0.7330248951911926,-0.06964465975761414,0.3207179605960846,0.5660393238067627,-0.10256142914295197,0.35125938057899475,0.47755855321884155,-0.11602215468883514,0.3829748034477234,0.41800063848495483,-0.1235896423459053,0.3400268256664276,0.7659034729003906,-0.0971076637506485,0.34224143624305725,0.6064155101776123,-0.1246858760714531,0.36571624875068665,0.5266128182411194,-0.13452458381652832,0.3884325921535492,0.4664311408996582,-0.14101243019104004,0.3808189630508423,0.8040581345558167,-0.12260234355926514,0.3816719651222229,0.7107598781585693,-0.14670053124427795,0.3817915916442871,0.646249532699585,-0.15547095239162445,0.3831219971179962,0.590086042881012,-0.16119042038917542
181,0.0,0.0,0.0,0.0,0.0,0.0,0.0,0.0,0.0,0.0,0.0,0.0,0.0,0.0,0.0,0.0,0.0,0.0,0.0,0.0,0.0,0.0,0.0,0.0,0.0,0.0,0.0,0.0,0.0,0.0,0.0,0.0,0.0,0.0,0.0,0.0,0.0,0.0,0.0,0.0,0.0,0.0,0.0,0.0,0.0,0.0,0.0,0.0,0.0,0.0,0.0,0.0,0.0,0.0,0.0,0.0,0.0,0.0,0.0,0.0,0.0,0.0,0.0,0.35131436586380005,0.9657317996025085,5.12333258484432e-07,0.349610298871994,0.8657764196395874,0.012639732100069523,0.3501788079738617,0.7554142475128174,0.0018677825573831797,0.36312469840049744,0.6740760207176208,-0.013948501087725163,0.3762260973453522,0.6106239557266235,-0.03184385597705841,0.3270021378993988,0.7227160334587097,-0.04322875291109085,0.33727914094924927,0.575314462184906,-0.0772261843085289,0.35569772124290466,0.4985198676586151,-0.09419429302215576,0.37677595019340515,0.4412223994731903,-0.10415544360876083,0.3334599733352661,0.7419953942298889,-0.07050452381372452,0.34158462285995483,0.5741069912910461,-0.1030861958861351,0.36906030774116516,0.4865398406982422,-0.1176622286438942,0.3971223831176758,0.42567184567451477,-0.12603238224983215,0.35789212584495544,0.7754933834075928,-0.09527911990880966,0.3637332320213318,0.6170064806938171,-0.12299761921167374,0.3835873603820801,0.5360739231109619,-0.1337626725435257,0.40216100215911865,0.4744914174079895,-0.14069122076034546,0.39859825372695923,0.8141632676124573,-0.1180572509765625,0.4012528657913208,0.7215287685394287,-0.141016885638237,0.4023466408252716,0.6587963700294495,-0.1486824005842209,0.4042559564113617,0.602928876876831,-0.15365472435951233
182,0.0,0.0,0.0,0.0,0.0,0.0,0.0,0.0,0.0,0.0,0.0,0.0,0.0,0.0,0.0,0.0,0.0,0.0,0.0,0.0,0.0,0.0,0.0,0.0,0.0,0.0,0.0,0.0,0.0,0.0,0.0,0.0,0.0,0.0,0.0,0.0,0.0,0.0,0.0,0.0,0.0,0.0,0.0,0.0,0.0,0.0,0.0,0.0,0.0,0.0,0.0,0.0,0.0,0.0,0.0,0.0,0.0,0.0,0.0,0.0,0.0,0.0,0.0,0.0,0.0,0.0,0.0,0.0,0.0,0.0,0.0,0.0,0.0,0.0,0.0,0.0,0.0,0.0,0.0,0.0,0.0,0.0,0.0,0.0,0.0,0.0,0.0,0.0,0.0,0.0,0.0,0.0,0.0,0.0,0.0,0.0,0.0,0.0,0.0,0.0,0.0,0.0,0.0,0.0,0.0,0.0,0.0,0.0,0.0,0.0,0.0,0.0,0.0,0.0,0.0,0.0,0.0,0.0,0.0,0.0,0.0,0.0,0.0,0.0,0.0,0.0
183,0.0,0.0,0.0,0.0,0.0,0.0,0.0,0.0,0.0,0.0,0.0,0.0,0.0,0.0,0.0,0.0,0.0,0.0,0.0,0.0,0.0,0.0,0.0,0.0,0.0,0.0,0.0,0.0,0.0,0.0,0.0,0.0,0.0,0.0,0.0,0.0,0.0,0.0,0.0,0.0,0.0,0.0,0.0,0.0,0.0,0.0,0.0,0.0,0.0,0.0,0.0,0.0,0.0,0.0,0.0,0.0,0.0,0.0,0.0,0.0,0.0,0.0,0.0,0.0,0.0,0.0,0.0,0.0,0.0,0.0,0.0,0.0,0.0,0.0,0.0,0.0,0.0,0.0,0.0,0.0,0.0,0.0,0.0,0.0,0.0,0.0,0.0,0.0,0.0,0.0,0.0,0.0,0.0,0.0,0.0,0.0,0.0,0.0,0.0,0.0,0.0,0.0,0.0,0.0,0.0,0.0,0.0,0.0,0.0,0.0,0.0,0.0,0.0,0.0,0.0,0.0,0.0,0.0,0.0,0.0,0.0,0.0,0.0,0.0,0.0,0.0
184,0.0,0.0,0.0,0.0,0.0,0.0,0.0,0.0,0.0,0.0,0.0,0.0,0.0,0.0,0.0,0.0,0.0,0.0,0.0,0.0,0.0,0.0,0.0,0.0,0.0,0.0,0.0,0.0,0.0,0.0,0.0,0.0,0.0,0.0,0.0,0.0,0.0,0.0,0.0,0.0,0.0,0.0,0.0,0.0,0.0,0.0,0.0,0.0,0.0,0.0,0.0,0.0,0.0,0.0,0.0,0.0,0.0,0.0,0.0,0.0,0.0,0.0,0.0,0.0,0.0,0.0,0.0,0.0,0.0,0.0,0.0,0.0,0.0,0.0,0.0,0.0,0.0,0.0,0.0,0.0,0.0,0.0,0.0,0.0,0.0,0.0,0.0,0.0,0.0,0.0,0.0,0.0,0.0,0.0,0.0,0.0,0.0,0.0,0.0,0.0,0.0,0.0,0.0,0.0,0.0,0.0,0.0,0.0,0.0,0.0,0.0,0.0,0.0,0.0,0.0,0.0,0.0,0.0,0.0,0.0,0.0,0.0,0.0,0.0,0.0,0.0
185,0.0,0.0,0.0,0.0,0.0,0.0,0.0,0.0,0.0,0.0,0.0,0.0,0.0,0.0,0.0,0.0,0.0,0.0,0.0,0.0,0.0,0.0,0.0,0.0,0.0,0.0,0.0,0.0,0.0,0.0,0.0,0.0,0.0,0.0,0.0,0.0,0.0,0.0,0.0,0.0,0.0,0.0,0.0,0.0,0.0,0.0,0.0,0.0,0.0,0.0,0.0,0.0,0.0,0.0,0.0,0.0,0.0,0.0,0.0,0.0,0.0,0.0,0.0,0.0,0.0,0.0,0.0,0.0,0.0,0.0,0.0,0.0,0.0,0.0,0.0,0.0,0.0,0.0,0.0,0.0,0.0,0.0,0.0,0.0,0.0,0.0,0.0,0.0,0.0,0.0,0.0,0.0,0.0,0.0,0.0,0.0,0.0,0.0,0.0,0.0,0.0,0.0,0.0,0.0,0.0,0.0,0.0,0.0,0.0,0.0,0.0,0.0,0.0,0.0,0.0,0.0,0.0,0.0,0.0,0.0,0.0,0.0,0.0,0.0,0.0,0.0
186,0.5571267604827881,0.8112792372703552,-1.2067937404935947e-07,0.6029922962188721,0.7416015267372131,-0.005493031814694405,0.6281525492668152,0.655894935131073,-0.011170557700097561,0.628739058971405,0.5858418345451355,-0.017897428944706917,0.6172529458999634,0.5263285040855408,-0.028310926631093025,0.5896086096763611,0.5901360511779785,-0.029407339170575142,0.5759161114692688,0.5103839039802551,-0.05057123675942421,0.5623742341995239,0.4849455952644348,-0.06550610065460205,0.5482664108276367,0.45891308784484863,-0.07822756469249725,0.5548030138015747,0.6116282939910889,-0.0425596609711647,0.5473023653030396,0.5343308448791504,-0.06533200293779373,0.5355477333068848,0.49972593784332275,-0.08178046345710754,0.522545337677002,0.4620870351791382,-0.09596249461174011,0.5255815982818604,0.6526099443435669,-0.05604703351855278,0.5170796513557434,0.5811958909034729,-0.08134002238512039,0.5115217566490173,0.5449008941650391,-0.09533806145191193,0.509027361869812,0.504258930683136,-0.10735509544610977,0.49808961153030396,0.7073096036911011,-0.06880450248718262,0.4846058487892151,0.670641303062439,-0.09734015166759491,0.486030250787735,0.6440508961677551,-0.10937722772359848,0.4924182891845703,0.6078839898109436,-0.11874336749315262,0.0,0.0,0.0,0.0,0.0,0.0,0.0,0.0,0.0,0.0,0.0,0.0,0.0,0.0,0.0,0.0,0.0,0.0,0.0,0.0,0.0,0.0,0.0,0.0,0.0,0.0,0.0,0.0,0.0,0.0,0.0,0.0,0.0,0.0,0.0,0.0,0.0,0.0,0.0,0.0,0.0,0.0,0.0,0.0,0.0,0.0,0.0,0.0,0.0,0.0,0.0,0.0,0.0,0.0,0.0,0.0,0.0,0.0,0.0,0.0,0.0,0.0,0.0
187,0.5756909251213074,0.8591658473014832,9.813805945668719e-08,0.6143302321434021,0.781967282295227,-0.0021631326526403427,0.6284270882606506,0.6867679357528687,-0.016236543655395508,0.6277309060096741,0.6076688766479492,-0.02954132668673992,0.6241083741188049,0.538774311542511,-0.0474410206079483,0.6324170231819153,0.6753901243209839,-0.06762680411338806,0.6017048358917236,0.5628961324691772,-0.10131839662790298,0.5750446319580078,0.5010204315185547,-0.11847127974033356,0.5484811663627625,0.45133107900619507,-0.1292829066514969,0.6016756296157837,0.7002464532852173,-0.08466845005750656,0.5719587802886963,0.5762324333190918,-0.11882477253675461,0.5444921851158142,0.5008619427680969,-0.1360839158296585,0.5198432803153992,0.44263169169425964,-0.1490599364042282,0.5663078427314758,0.7374224662780762,-0.09844285249710083,0.5381088256835938,0.6229102611541748,-0.12985916435718536,0.5172639489173889,0.5503807663917542,-0.1440896987915039,0.5029722452163696,0.49281036853790283,-0.15370629727840424,0.5264559388160706,0.7788817882537842,-0.10957393795251846,0.5029774904251099,0.6990056037902832,-0.1392725706100464,0.49700894951820374,0.648010790348053,-0.150052011013031,0.49798905849456787,0.6010298728942871,-0.1568586379289627,0.0,0.0,0.0,0.0,0.0,0.0,0.0,0.0,0.0,0.0,0.0,0.0,0.0,0.0,0.0,0.0,0.0,0.0,0.0,0.0,0.0,0.0,0.0,0.0,0.0,0.0,0.0,0.0,0.0,0.0,0.0,0.0,0.0,0.0,0.0,0.0,0.0,0.0,0.0,0.0,0.0,0.0,0.0,0.0,0.0,0.0,0.0,0.0,0.0,0.0,0.0,0.0,0.0,0.0,0.0,0.0,0.0,0.0,0.0,0.0,0.0,0.0,0.0
188,0.5737821459770203,0.8800523281097412,5.717551587736125e-08,0.6008192896842957,0.8010416030883789,0.0002917313831858337,0.6149377822875977,0.6924641132354736,-0.011220155283808708,0.6142776608467102,0.6023169159889221,-0.02139083482325077,0.6142237186431885,0.5285944938659668,-0.036055196076631546,0.6358481645584106,0.6803895831108093,-0.06295358389616013,0.6011173725128174,0.5612068176269531,-0.0936499759554863,0.5738285779953003,0.49430811405181885,-0.1090862825512886,0.548987090587616,0.4425051510334015,-0.11839278042316437,0.6094425916671753,0.7167231440544128,-0.07923775911331177,0.5718544721603394,0.5786877274513245,-0.11005064100027084,0.5414871573448181,0.497488796710968,-0.12390640377998352,0.5154350996017456,0.4374694228172302,-0.1346801072359085,0.5693296790122986,0.7569668889045715,-0.09220051020383835,0.5388301014900208,0.6260241866111755,-0.12147664278745651,0.5148935914039612,0.5434519052505493,-0.13287287950515747,0.49581456184387207,0.48006588220596313,-0.1403060406446457,0.5183889269828796,0.7959152460098267,-0.10225499421358109,0.5005785226821899,0.6926257014274597,-0.13046672940254211,0.4937564730644226,0.6316121220588684,-0.14031313359737396,0.4889615476131439,0.5776748657226562,-0.14594437181949615,0.0,0.0,0.0,0.0,0.0,0.0,0.0,0.0,0.0,0.0,0.0,0.0,0.0,0.0,0.0,0.0,0.0,0.0,0.0,0.0,0.0,0.0,0.0,0.0,0.0,0.0,0.0,0.0,0.0,0.0,0.0,0.0,0.0,0.0,0.0,0.0,0.0,0.0,0.0,0.0,0.0,0.0,0.0,0.0,0.0,0.0,0.0,0.0,0.0,0.0,0.0,0.0,0.0,0.0,0.0,0.0,0.0,0.0,0.0,0.0,0.0,0.0,0.0
189,0.5703917741775513,0.8811612129211426,1.2263025039871422e-09,0.604367733001709,0.801433265209198,0.0003807019384112209,0.6241622567176819,0.691555917263031,-0.011031471192836761,0.6235960721969604,0.5980992317199707,-0.021176587790250778,0.6256440877914429,0.5228354930877686,-0.035817187279462814,0.6382479667663574,0.6810622811317444,-0.062410950660705566,0.6011608839035034,0.5581085085868835,-0.0929204449057579,0.5741963982582092,0.4902556240558624,-0.10848042368888855,0.5509012341499329,0.43780457973480225,-0.11784471571445465,0.6086238026618958,0.7174026370048523,-0.0786597803235054,0.5705246329307556,0.577007532119751,-0.10933319479227066,0.5400276184082031,0.49281859397888184,-0.1235782578587532,0.5145034193992615,0.4302469491958618,-0.13500939309597015,0.5671071410179138,0.7572002410888672,-0.09153671562671661,0.5370419025421143,0.6239619255065918,-0.12059896439313889,0.5134001970291138,0.5393368005752563,-0.13173484802246094,0.4947969317436218,0.47365015745162964,-0.13937388360500336,0.5151867270469666,0.7951198816299438,-0.10153941810131073,0.49768730998039246,0.6891981363296509,-0.12941622734069824,0.49100470542907715,0.6282157897949219,-0.13864560425281525,0.48620104789733887,0.5744584202766418,-0.14404863119125366,0.0,0.0,0.0,0.0,0.0,0.0,0.0,0.0,0.0,0.0,0.0,0.0,0.0,0.0,0.0,0.0,0.0,0.0,0.0,0.0,0.0,0.0,0.0,0.0,0.0,0.0,0.0,0.0,0.0,0.0,0.0,0.0,0.0,0.0,0.0,0.0,0.0,0.0,0.0,0.0,0.0,0.0,0.0,0.0,0.0,0.0,0.0,0.0,0.0,0.0,0.0,0.0,0.0,0.0,0.0,0.0,0.0,0.0,0.0,0.0,0.0,0.0,0.0
190,0.5694694519042969,0.8808714151382446,-2.4826636746411168e-08,0.603144645690918,0.799366295337677,0.0007025874801911414,0.6229156255722046,0.689395546913147,-0.010353024117648602,0.6241451501846313,0.5959916710853577,-0.02031019702553749,0.6270712614059448,0.5193346738815308,-0.03490332141518593,0.6362454295158386,0.6799543499946594,-0.05941703915596008,0.5986410975456238,0.5590023994445801,-0.08783145248889923,0.5716520547866821,0.49169760942459106,-0.1027333065867424,0.5498935580253601,0.43867239356040955,-0.11222677677869797,0.6069204807281494,0.7170640826225281,-0.07527130842208862,0.5692439675331116,0.5773062109947205,-0.10319749265909195,0.5400334000587463,0.49303847551345825,-0.11704163998365402,0.5160187482833862,0.4306165874004364,-0.12918272614479065,0.5656523704528809,0.7566495537757874,-0.08781646937131882,0.5351231694221497,0.6234623193740845,-0.11477717757225037,0.5128033757209778,0.5393872261047363,-0.12574467062950134,0.4955301284790039,0.4748900830745697,-0.1341167390346527,0.514354944229126,0.7932384014129639,-0.09757266193628311,0.4967995584011078,0.6869084239006042,-0.12409035116434097,0.4903701841831207,0.6265309453010559,-0.13319317996501923,0.48556020855903625,0.5742781758308411,-0.1391335278749466,0.0,0.0,0.0,0.0,0.0,0.0,0.0,0.0,0.0,0.0,0.0,0.0,0.0,0.0,0.0,0.0,0.0,0.0,0.0,0.0,0.0,0.0,0.0,0.0,0.0,0.0,0.0,0.0,0.0,0.0,0.0,0.0,0.0,0.0,0.0,0.0,0.0,0.0,0.0,0.0,0.0,0.0,0.0,0.0,0.0,0.0,0.0,0.0,0.0,0.0,0.0,0.0,0.0,0.0,0.0,0.0,0.0,0.0,0.0,0.0,0.0,0.0,0.0
191,0.5675487518310547,0.8772060871124268,-2.590876668762121e-08,0.6013527512550354,0.7998532652854919,0.001288269180804491,0.6206772327423096,0.6909758448600769,-0.010028901509940624,0.622409462928772,0.597353458404541,-0.02020120993256569,0.6255258321762085,0.5219172239303589,-0.035157982259988785,0.6368629336357117,0.6779888272285461,-0.06210161745548248,0.6019971370697021,0.5541327595710754,-0.0922401174902916,0.5762038826942444,0.48614537715911865,-0.10784077644348145,0.5532232522964478,0.434128075838089,-0.11723743379116058,0.608486533164978,0.7127331495285034,-0.07815256714820862,0.5720419883728027,0.573351263999939,-0.10695509612560272,0.5423306226730347,0.49008646607398987,-0.12015261501073837,0.5166826844215393,0.4286290109157562,-0.13134030997753143,0.5677739977836609,0.750708281993866,-0.09088674187660217,0.5391045212745667,0.6177188754081726,-0.1177857294678688,0.5151559114456177,0.5340349674224854,-0.12854880094528198,0.49540287256240845,0.4695466160774231,-0.1366897076368332,0.5169611573219299,0.7868136167526245,-0.10082175582647324,0.5006241798400879,0.681656002998352,-0.1272514909505844,0.493740051984787,0.6200075745582581,-0.13695500791072845,0.4883376657962799,0.5647714138031006,-0.14326784014701843,0.0,0.0,0.0,0.0,0.0,0.0,0.0,0.0,0.0,0.0,0.0,0.0,0.0,0.0,0.0,0.0,0.0,0.0,0.0,0.0,0.0,0.0,0.0,0.0,0.0,0.0,0.0,0.0,0.0,0.0,0.0,0.0,0.0,0.0,0.0,0.0,0.0,0.0,0.0,0.0,0.0,0.0,0.0,0.0,0.0,0.0,0.0,0.0,0.0,0.0,0.0,0.0,0.0,0.0,0.0,0.0,0.0,0.0,0.0,0.0,0.0,0.0,0.0
192,0.5156345963478088,0.7864569425582886,5.7177365064831065e-09,0.5692009925842285,0.7250800728797913,-0.010007479228079319,0.60660320520401,0.6462839841842651,-0.017486847937107086,0.620205283164978,0.5795666575431824,-0.02502455562353134,0.6179739236831665,0.5185950994491577,-0.03629571199417114,0.559074342250824,0.5886842012405396,-0.03138311579823494,0.5505420565605164,0.5043096542358398,-0.05134478211402893,0.5395090579986572,0.4711494445800781,-0.06537847220897675,0.5259929299354553,0.4360278248786926,-0.077912837266922,0.5207411050796509,0.6068950295448303,-0.041351914405822754,0.5201584100723267,0.5262949466705322,-0.06319483369588852,0.5148643851280212,0.485237717628479,-0.08073626458644867,0.5071510672569275,0.4370582401752472,-0.09660740941762924,0.48927032947540283,0.6450739502906799,-0.05182065814733505,0.49039894342422485,0.5705811977386475,-0.0777134820818901,0.4925655126571655,0.530512809753418,-0.093734510242939,0.4971962571144104,0.4861146807670593,-0.10709068924188614,0.4632432162761688,0.6950476169586182,-0.06185508146882057,0.45730143785476685,0.6512668132781982,-0.0910017117857933,0.4622940719127655,0.6217246651649475,-0.10491001605987549,0.47143056988716125,0.5831259489059448,-0.11606741696596146,0.0,0.0,0.0,0.0,0.0,0.0,0.0,0.0,0.0,0.0,0.0,0.0,0.0,0.0,0.0,0.0,0.0,0.0,0.0,0.0,0.0,0.0,0.0,0.0,0.0,0.0,0.0,0.0,0.0,0.0,0.0,0.0,0.0,0.0,0.0,0.0,0.0,0.0,0.0,0.0,0.0,0.0,0.0,0.0,0.0,0.0,0.0,0.0,0.0,0.0,0.0,0.0,0.0,0.0,0.0,0.0,0.0,0.0,0.0,0.0,0.0,0.0,0.0
193,0.5648775696754456,0.8492785692214966,9.667324718520831e-08,0.6025494933128357,0.7794475555419922,-0.006540381815284491,0.6197299957275391,0.6739973425865173,-0.020585594698786736,0.6220127940177917,0.5861013531684875,-0.03244775906205177,0.6253564357757568,0.5161141157150269,-0.04872821643948555,0.6357519030570984,0.667327880859375,-0.07061634957790375,0.6052349805831909,0.5512921214103699,-0.10288439691066742,0.5788995027542114,0.48345983028411865,-0.11859795451164246,0.553288459777832,0.42981863021850586,-0.1287086308002472,0.6078688502311707,0.6969292759895325,-0.08480715751647949,0.5771927237510681,0.5683261752128601,-0.11915834993124008,0.5472704768180847,0.48642852902412415,-0.1357213258743286,0.5211446285247803,0.4234160780906677,-0.14816814661026,0.5699073672294617,0.7323926687240601,-0.09598733484745026,0.5433422923088074,0.6129927635192871,-0.12729498744010925,0.5199345350265503,0.5319664478302002,-0.14037220180034637,0.503530740737915,0.4680008888244629,-0.14899849891662598,0.5218797326087952,0.7674546241760254,-0.10507368296384811,0.5007969737052917,0.6776729226112366,-0.13515561819076538,0.4950188994407654,0.6203271746635437,-0.1464167982339859,0.4941895604133606,0.5680816173553467,-0.15325050055980682,0.0,0.0,0.0,0.0,0.0,0.0,0.0,0.0,0.0,0.0,0.0,0.0,0.0,0.0,0.0,0.0,0.0,0.0,0.0,0.0,0.0,0.0,0.0,0.0,0.0,0.0,0.0,0.0,0.0,0.0,0.0,0.0,0.0,0.0,0.0,0.0,0.0,0.0,0.0,0.0,0.0,0.0,0.0,0.0,0.0,0.0,0.0,0.0,0.0,0.0,0.0,0.0,0.0,0.0,0.0,0.0,0.0,0.0,0.0,0.0,0.0,0.0,0.0
194,0.5693716406822205,0.8561047911643982,-4.688693522325593e-08,0.6015523672103882,0.7813548445701599,0.002090651774778962,0.6213019490242004,0.6755370497703552,-0.008184232749044895,0.6231562495231628,0.5844994187355042,-0.017751039937138557,0.6269446015357971,0.5107294321060181,-0.03212320804595947,0.6358420848846436,0.6639877557754517,-0.057157013565301895,0.6025566458702087,0.5461291074752808,-0.08601217716932297,0.5764696002006531,0.48013943433761597,-0.101464182138443,0.5552034974098206,0.43034639954566956,-0.11118058860301971,0.6079241633415222,0.6996608972549438,-0.0739850401878357,0.5747280120849609,0.5616926550865173,-0.1017114445567131,0.5462620258331299,0.47835347056388855,-0.11543207615613937,0.5218415856361389,0.4188164472579956,-0.12719641625881195,0.567887008190155,0.7376770973205566,-0.08759062737226486,0.5429127216339111,0.6039872765541077,-0.11484362185001373,0.5214740633964539,0.5224724411964417,-0.12578637897968292,0.5038514733314514,0.46133559942245483,-0.13381409645080566,0.5171985030174255,0.7732529640197754,-0.09826679527759552,0.5037331581115723,0.6713188290596008,-0.12594127655029297,0.4996221959590912,0.613173246383667,-0.1357506513595581,0.4971083700656891,0.5626781582832336,-0.14174148440361023,0.0,0.0,0.0,0.0,0.0,0.0,0.0,0.0,0.0,0.0,0.0,0.0,0.0,0.0,0.0,0.0,0.0,0.0,0.0,0.0,0.0,0.0,0.0,0.0,0.0,0.0,0.0,0.0,0.0,0.0,0.0,0.0,0.0,0.0,0.0,0.0,0.0,0.0,0.0,0.0,0.0,0.0,0.0,0.0,0.0,0.0,0.0,0.0,0.0,0.0,0.0,0.0,0.0,0.0,0.0,0.0,0.0,0.0,0.0,0.0,0.0,0.0,0.0
195,0.5646717548370361,0.8517001271247864,-1.5984717549599736e-08,0.5968531966209412,0.7748891115188599,0.002025655936449766,0.6150766611099243,0.6674547791481018,-0.00847278069704771,0.6173731684684753,0.5761637091636658,-0.018314095214009285,0.6240094304084778,0.5044982433319092,-0.032546620815992355,0.6314316987991333,0.6572555899620056,-0.05430632084608078,0.5974242687225342,0.5383965969085693,-0.08180857449769974,0.5721311569213867,0.4729587435722351,-0.09641978144645691,0.5511201024055481,0.42275547981262207,-0.10555927455425262,0.6036283373832703,0.6892476081848145,-0.0706106647849083,0.5695976614952087,0.5518158078193665,-0.09595392644405365,0.5422737002372742,0.47103509306907654,-0.10774065554141998,0.5190543532371521,0.41238144040107727,-0.11801514774560928,0.5638564229011536,0.7253773212432861,-0.08403757959604263,0.5377026200294495,0.5932278633117676,-0.10798325389623642,0.5180248022079468,0.5135759115219116,-0.11711768805980682,0.5025292038917542,0.45286452770233154,-0.12431225925683975,0.514764666557312,0.7603187561035156,-0.09485264867544174,0.5010029673576355,0.6590717434883118,-0.11882589757442474,0.49614906311035156,0.6000137329101562,-0.12675094604492188,0.4927026331424713,0.5477638244628906,-0.13182395696640015,0.0,0.0,0.0,0.0,0.0,0.0,0.0,0.0,0.0,0.0,0.0,0.0,0.0,0.0,0.0,0.0,0.0,0.0,0.0,0.0,0.0,0.0,0.0,0.0,0.0,0.0,0.0,0.0,0.0,0.0,0.0,0.0,0.0,0.0,0.0,0.0,0.0,0.0,0.0,0.0,0.0,0.0,0.0,0.0,0.0,0.0,0.0,0.0,0.0,0.0,0.0,0.0,0.0,0.0,0.0,0.0,0.0,0.0,0.0,0.0,0.0,0.0,0.0
196,0.5591083765029907,0.8342287540435791,-4.0673921120060186e-08,0.59384685754776,0.7585959434509277,0.006325616035610437,0.6122936010360718,0.653876006603241,-0.0013262131251394749,0.6157966256141663,0.5650620460510254,-0.009089326485991478,0.6171589493751526,0.4934267997741699,-0.02169211022555828,0.6250200867652893,0.6410961747169495,-0.049749694764614105,0.5907368063926697,0.5238014459609985,-0.07542305439710617,0.5672819018363953,0.45940256118774414,-0.08931122720241547,0.5470864176750183,0.41027724742889404,-0.09828640520572662,0.6001540422439575,0.6714624166488647,-0.06790467351675034,0.5663576722145081,0.5366654992103577,-0.09091072529554367,0.5405856370925903,0.4573829770088196,-0.10220220685005188,0.5180641412734985,0.3996911942958832,-0.11275407671928406,0.5626783967018127,0.7072455286979675,-0.08299843221902847,0.5382195115089417,0.5779024362564087,-0.10524400323629379,0.519948422908783,0.4991127848625183,-0.11541762202978134,0.5049656629562378,0.43759769201278687,-0.1241864562034607,0.5145477056503296,0.7435876727104187,-0.09519538283348083,0.5008156895637512,0.6475613117218018,-0.11891987919807434,0.49501729011535645,0.5894409418106079,-0.12810102105140686,0.49010515213012695,0.5363860130310059,-0.13465462625026703,0.0,0.0,0.0,0.0,0.0,0.0,0.0,0.0,0.0,0.0,0.0,0.0,0.0,0.0,0.0,0.0,0.0,0.0,0.0,0.0,0.0,0.0,0.0,0.0,0.0,0.0,0.0,0.0,0.0,0.0,0.0,0.0,0.0,0.0,0.0,0.0,0.0,0.0,0.0,0.0,0.0,0.0,0.0,0.0,0.0,0.0,0.0,0.0,0.0,0.0,0.0,0.0,0.0,0.0,0.0,0.0,0.0,0.0,0.0,0.0,0.0,0.0,0.0
197,0.5577781200408936,0.8201837539672852,-5.575963513138049e-08,0.5898175835609436,0.7481120228767395,0.0033225647639483213,0.6100019216537476,0.6462292075157166,-0.0054397895000875,0.6129844188690186,0.5597029328346252,-0.01410694420337677,0.6144129633903503,0.4895072281360626,-0.027074012905359268,0.6239485740661621,0.6340983510017395,-0.047968555241823196,0.5923736691474915,0.5189590454101562,-0.07455568760633469,0.5704617500305176,0.4549875855445862,-0.08992287516593933,0.5502836108207703,0.4052566885948181,-0.10003398358821869,0.5998063683509827,0.6615290641784668,-0.06494106352329254,0.5700171589851379,0.5304610133171082,-0.08866263180971146,0.5456887483596802,0.4543517529964447,-0.10121291130781174,0.5233637094497681,0.3968470096588135,-0.11243833601474762,0.564355731010437,0.6945215463638306,-0.07944894582033157,0.5410671830177307,0.5692326426506042,-0.1019827350974083,0.5235109329223633,0.49327510595321655,-0.1123955026268959,0.5091486573219299,0.43261104822158813,-0.12137921899557114,0.5190190672874451,0.7270756363868713,-0.09162081032991409,0.5059022903442383,0.6351171135902405,-0.11525223404169083,0.5008958578109741,0.5782731771469116,-0.12475548684597015,0.4975147843360901,0.5257560610771179,-0.1316932737827301,0.0,0.0,0.0,0.0,0.0,0.0,0.0,0.0,0.0,0.0,0.0,0.0,0.0,0.0,0.0,0.0,0.0,0.0,0.0,0.0,0.0,0.0,0.0,0.0,0.0,0.0,0.0,0.0,0.0,0.0,0.0,0.0,0.0,0.0,0.0,0.0,0.0,0.0,0.0,0.0,0.0,0.0,0.0,0.0,0.0,0.0,0.0,0.0,0.0,0.0,0.0,0.0,0.0,0.0,0.0,0.0,0.0,0.0,0.0,0.0,0.0,0.0,0.0
198,0.5368492603302002,0.7427495718002319,-9.889966179343901e-08,0.588445246219635,0.6820581555366516,-0.00026899133808910847,0.616411030292511,0.6056212186813354,-0.005337405949831009,0.6224020719528198,0.5393694043159485,-0.011841758154332638,0.6159902811050415,0.4828716218471527,-0.022282280027866364,0.5889046788215637,0.5484445691108704,-0.028451375663280487,0.5712184906005859,0.4633373022079468,-0.0481877326965332,0.5585572123527527,0.4287654161453247,-0.060994308441877365,0.5456401109695435,0.3965018093585968,-0.07131873071193695,0.5553901195526123,0.5677015781402588,-0.04143888130784035,0.5467839241027832,0.48538100719451904,-0.06028846278786659,0.5368032455444336,0.44086843729019165,-0.0729207843542099,0.5267776250839233,0.3964563310146332,-0.08468225598335266,0.5237108469009399,0.6019391417503357,-0.0539911687374115,0.5164233446121216,0.5245258808135986,-0.07447461783885956,0.5112069249153137,0.4803747534751892,-0.08550459891557693,0.5090603232383728,0.43648776412010193,-0.09558682888746262,0.490127295255661,0.6455991864204407,-0.06545089185237885,0.480984091758728,0.5978169441223145,-0.08964239060878754,0.4817589819431305,0.5629422068595886,-0.09985972195863724,0.4864383339881897,0.5231094360351562,-0.10788770020008087,0.0,0.0,0.0,0.0,0.0,0.0,0.0,0.0,0.0,0.0,0.0,0.0,0.0,0.0,0.0,0.0,0.0,0.0,0.0,0.0,0.0,0.0,0.0,0.0,0.0,0.0,0.0,0.0,0.0,0.0,0.0,0.0,0.0,0.0,0.0,0.0,0.0,0.0,0.0,0.0,0.0,0.0,0.0,0.0,0.0,0.0,0.0,0.0,0.0,0.0,0.0,0.0,0.0,0.0,0.0,0.0,0.0,0.0,0.0,0.0,0.0,0.0,0.0
199,0.5615053176879883,0.7883251309394836,1.0885984558228756e-08,0.5925868153572083,0.7218400835990906,-0.00038536195643246174,0.6127287149429321,0.627057671546936,-0.011527379043400288,0.6186912059783936,0.5485987663269043,-0.02146703563630581,0.6185603737831116,0.4835449159145355,-0.03568945825099945,0.6291677355766296,0.6157404780387878,-0.059337884187698364,0.600740909576416,0.5067716240882874,-0.08605358749628067,0.5802152752876282,0.4453957974910736,-0.09929609298706055,0.5607132315635681,0.3953365087509155,-0.10813315957784653,0.6075717210769653,0.6429657936096191,-0.07450465857982635,0.5780505537986755,0.5170682072639465,-0.10144057124853134,0.5553218722343445,0.4431641697883606,-0.11383773386478424,0.53449946641922,0.3871847093105316,-0.12408388406038284,0.5731675624847412,0.6744295358657837,-0.08654691278934479,0.5503584146499634,0.5563576221466064,-0.1113588958978653,0.5343679189682007,0.48519355058670044,-0.1204872876405716,0.5218615531921387,0.43142712116241455,-0.12724821269512177,0.5280992984771729,0.7053147554397583,-0.09633845835924149,0.5143029689788818,0.6160425543785095,-0.12010172009468079,0.5121016502380371,0.5644967555999756,-0.12781298160552979,0.5125905275344849,0.5205418467521667,-0.1328991800546646,0.0,0.0,0.0,0.0,0.0,0.0,0.0,0.0,0.0,0.0,0.0,0.0,0.0,0.0,0.0,0.0,0.0,0.0,0.0,0.0,0.0,0.0,0.0,0.0,0.0,0.0,0.0,0.0,0.0,0.0,0.0,0.0,0.0,0.0,0.0,0.0,0.0,0.0,0.0,0.0,0.0,0.0,0.0,0.0,0.0,0.0,0.0,0.0,0.0,0.0,0.0,0.0,0.0,0.0,0.0,0.0,0.0,0.0,0.0,0.0,0.0,0.0,0.0
200,0.5635836124420166,0.7821263670921326,-7.549060399014706e-08,0.5938644409179688,0.7117924690246582,0.006153122056275606,0.6120465993881226,0.6197832226753235,-0.00023404986131936312,0.6172994375228882,0.5415570139884949,-0.007300402037799358,0.616813600063324,0.47742658853530884,-0.018624575808644295,0.6225976347923279,0.610724687576294,-0.040068618953228,0.598122239112854,0.5028443336486816,-0.0635431781411171,0.5791366100311279,0.44391947984695435,-0.07690581679344177,0.5625531077384949,0.3976789116859436,-0.08555515110492706,0.602483868598938,0.6377191543579102,-0.05626003444194794,0.5767487287521362,0.515448272228241,-0.07868552207946777,0.5550467371940613,0.44238215684890747,-0.09106502681970596,0.5357043147087097,0.3871736526489258,-0.10186394304037094,0.5704220533370972,0.6675103902816772,-0.06986100971698761,0.5499634742736816,0.5490774512290955,-0.09125949442386627,0.5351450443267822,0.4773644804954529,-0.10153573006391525,0.5234361290931702,0.4212377071380615,-0.10981059819459915,0.5287740230560303,0.6950812339782715,-0.08094575256109238,0.5188958048820496,0.6057772636413574,-0.10250122100114822,0.5171488523483276,0.5543025732040405,-0.11124073714017868,0.5164828300476074,0.508429765701294,-0.11752582341432571,0.0,0.0,0.0,0.0,0.0,0.0,0.0,0.0,0.0,0.0,0.0,0.0,0.0,0.0,0.0,0.0,0.0,0.0,0.0,0.0,0.0,0.0,0.0,0.0,0.0,0.0,0.0,0.0,0.0,0.0,0.0,0.0,0.0,0.0,0.0,0.0,0.0,0.0,0.0,0.0,0.0,0.0,0.0,0.0,0.0,0.0,0.0,0.0,0.0,0.0,0.0,0.0,0.0,0.0,0.0,0.0,0.0,0.0,0.0,0.0,0.0,0.0,0.0
201,0.5667772889137268,0.7748324871063232,-4.2909185538064776e-08,0.5925341844558716,0.7064770460128784,0.003052926855161786,0.608696699142456,0.615041971206665,-0.004523120820522308,0.6147474646568298,0.5380570292472839,-0.012110916897654533,0.6168438196182251,0.4754910171031952,-0.023958204314112663,0.6216536164283752,0.6057682037353516,-0.04358728975057602,0.5974494218826294,0.5035197138786316,-0.06794288754463196,0.5799129009246826,0.4463548958301544,-0.08211536705493927,0.5636811256408691,0.4006994366645813,-0.09150402992963791,0.6034269332885742,0.633394718170166,-0.05878022685647011,0.578955888748169,0.516940176486969,-0.08128444850444794,0.5582261085510254,0.44905078411102295,-0.09342122077941895,0.5395306348800659,0.3973137140274048,-0.10419119894504547,0.5732712745666504,0.6656123399734497,-0.07167039811611176,0.5535814762115479,0.5554690361022949,-0.09303153306245804,0.5390048623085022,0.4861193597316742,-0.10313864797353745,0.527443528175354,0.4314280152320862,-0.11166024208068848,0.5329830646514893,0.695696234703064,-0.08242185413837433,0.5228844285011292,0.6132564544677734,-0.10393944382667542,0.5214259624481201,0.5633306503295898,-0.11254837363958359,0.521704375743866,0.5179463028907776,-0.11909296363592148,0.0,0.0,0.0,0.0,0.0,0.0,0.0,0.0,0.0,0.0,0.0,0.0,0.0,0.0,0.0,0.0,0.0,0.0,0.0,0.0,0.0,0.0,0.0,0.0,0.0,0.0,0.0,0.0,0.0,0.0,0.0,0.0,0.0,0.0,0.0,0.0,0.0,0.0,0.0,0.0,0.0,0.0,0.0,0.0,0.0,0.0,0.0,0.0,0.0,0.0,0.0,0.0,0.0,0.0,0.0,0.0,0.0,0.0,0.0,0.0,0.0,0.0,0.0
202,0.5645537376403809,0.7687618136405945,-5.5537313414788514e-08,0.5915257334709167,0.701920747756958,0.00472068227827549,0.6069680452346802,0.610504686832428,-0.0016339182620868087,0.6144959926605225,0.5345028638839722,-0.008260521106421947,0.6166251301765442,0.47234266996383667,-0.018995298072695732,0.6213013529777527,0.6046539545059204,-0.04128473624587059,0.5965607762336731,0.5050967931747437,-0.06404558569192886,0.57843416929245,0.4486464262008667,-0.07688535749912262,0.5623908042907715,0.4039839506149292,-0.08556506037712097,0.6028193235397339,0.6320737600326538,-0.05657409131526947,0.5776818990707397,0.5193305611610413,-0.07916203141212463,0.5572322010993958,0.45142555236816406,-0.0918518528342247,0.5388883948326111,0.40049058198928833,-0.10309998691082001,0.573025107383728,0.6628941893577576,-0.06928334385156631,0.5523931980133057,0.5554082989692688,-0.09098673611879349,0.5372289419174194,0.4875394105911255,-0.10194900631904602,0.5249515175819397,0.4348990321159363,-0.11089716106653214,0.5339286923408508,0.6914181709289551,-0.07959198206663132,0.521642804145813,0.6087351441383362,-0.10167761147022247,0.5191372036933899,0.5602154731750488,-0.11127186566591263,0.5185075402259827,0.516886830329895,-0.11842750757932663,0.0,0.0,0.0,0.0,0.0,0.0,0.0,0.0,0.0,0.0,0.0,0.0,0.0,0.0,0.0,0.0,0.0,0.0,0.0,0.0,0.0,0.0,0.0,0.0,0.0,0.0,0.0,0.0,0.0,0.0,0.0,0.0,0.0,0.0,0.0,0.0,0.0,0.0,0.0,0.0,0.0,0.0,0.0,0.0,0.0,0.0,0.0,0.0,0.0,0.0,0.0,0.0,0.0,0.0,0.0,0.0,0.0,0.0,0.0,0.0,0.0,0.0,0.0
203,0.5684927701950073,0.7567217946052551,-3.136013759785783e-08,0.5953198671340942,0.6890105605125427,0.0034109782427549362,0.6110059022903442,0.6015945672988892,-0.004280094522982836,0.6142420768737793,0.5273300409317017,-0.012281489558517933,0.6121852397918701,0.4654812514781952,-0.02435327135026455,0.624207079410553,0.5960131883621216,-0.04248343035578728,0.5991603136062622,0.49908775091171265,-0.06738197803497314,0.5808764100074768,0.4440630078315735,-0.08216194808483124,0.5631024837493896,0.39961373805999756,-0.09185197204351425,0.6059117913246155,0.6233232617378235,-0.05812617018818855,0.5821577310562134,0.5131972432136536,-0.08124181628227234,0.5609716176986694,0.44752734899520874,-0.0939561054110527,0.540589451789856,0.39694440364837646,-0.10510517656803131,0.5760170817375183,0.6541934609413147,-0.07155288010835648,0.5576711893081665,0.5491142272949219,-0.09385723620653152,0.542565107345581,0.48288190364837646,-0.1044868528842926,0.5294321179389954,0.4307187497615814,-0.11310745775699615,0.535848081111908,0.6828493475914001,-0.08279505372047424,0.5262959003448486,0.6039069294929504,-0.10514175891876221,0.524348258972168,0.5558382272720337,-0.11436641216278076,0.5234203934669495,0.513294517993927,-0.12121623009443283,0.0,0.0,0.0,0.0,0.0,0.0,0.0,0.0,0.0,0.0,0.0,0.0,0.0,0.0,0.0,0.0,0.0,0.0,0.0,0.0,0.0,0.0,0.0,0.0,0.0,0.0,0.0,0.0,0.0,0.0,0.0,0.0,0.0,0.0,0.0,0.0,0.0,0.0,0.0,0.0,0.0,0.0,0.0,0.0,0.0,0.0,0.0,0.0,0.0,0.0,0.0,0.0,0.0,0.0,0.0,0.0,0.0,0.0,0.0,0.0,0.0,0.0,0.0
204,0.5739806890487671,0.7608894109725952,-3.441061480202734e-08,0.5963667035102844,0.6921759247779846,0.003125866875052452,0.6104189157485962,0.600699245929718,-0.003931745886802673,0.6128965616226196,0.5247061848640442,-0.011216302402317524,0.6098684668540955,0.46329522132873535,-0.022463032975792885,0.6257492303848267,0.5944622755050659,-0.0427890419960022,0.6009319424629211,0.4989904761314392,-0.06637050956487656,0.582884669303894,0.4445651173591614,-0.07987385243177414,0.5666494965553284,0.4004208445549011,-0.08907793462276459,0.6076964735984802,0.6219515204429626,-0.05814821273088455,0.5836794972419739,0.5129050016403198,-0.08160176873207092,0.5630245804786682,0.44659653306007385,-0.09505977481603622,0.5436848402023315,0.39590728282928467,-0.10666050761938095,0.5786530375480652,0.6529325842857361,-0.07106950879096985,0.5593117475509644,0.548723042011261,-0.0940319076180458,0.5444794297218323,0.4831870198249817,-0.10595498979091644,0.5322742462158203,0.4327172338962555,-0.11519769579172134,0.5401515960693359,0.6821606755256653,-0.0816955417394638,0.5300426483154297,0.6020368933677673,-0.1045844703912735,0.5271396040916443,0.554167628288269,-0.11474553495645523,0.5255197882652283,0.5127005577087402,-0.1221127137541771,0.0,0.0,0.0,0.0,0.0,0.0,0.0,0.0,0.0,0.0,0.0,0.0,0.0,0.0,0.0,0.0,0.0,0.0,0.0,0.0,0.0,0.0,0.0,0.0,0.0,0.0,0.0,0.0,0.0,0.0,0.0,0.0,0.0,0.0,0.0,0.0,0.0,0.0,0.0,0.0,0.0,0.0,0.0,0.0,0.0,0.0,0.0,0.0,0.0,0.0,0.0,0.0,0.0,0.0,0.0,0.0,0.0,0.0,0.0,0.0,0.0,0.0,0.0
205,0.5736699104309082,0.7618772387504578,-2.8685967379260546e-08,0.5957027673721313,0.6907162666320801,0.007343425881117582,0.6086917519569397,0.6014236211776733,0.0017244959017261863,0.6126782298088074,0.526634931564331,-0.0051382752135396,0.6107938289642334,0.46540722250938416,-0.0161790382117033,0.6251481175422668,0.5956205129623413,-0.03597669303417206,0.6009129881858826,0.4994072914123535,-0.058476727455854416,0.5833515524864197,0.44414007663726807,-0.07171342521905899,0.5670113563537598,0.3998068571090698,-0.08092954754829407,0.6091302037239075,0.6203543543815613,-0.05353861302137375,0.5847804546356201,0.5104743242263794,-0.07558337599039078,0.5638930201530457,0.44638359546661377,-0.08810412883758545,0.5446635484695435,0.3975096642971039,-0.09895896166563034,0.5807581543922424,0.6492446660995483,-0.06879265606403351,0.5603792071342468,0.5435102581977844,-0.09004547446966171,0.5444542169570923,0.47911882400512695,-0.10117325931787491,0.5319013595581055,0.4286648631095886,-0.1102697104215622,0.5419149994850159,0.6776626110076904,-0.08158069103956223,0.5301501750946045,0.6010453701019287,-0.1028563380241394,0.5268605351448059,0.5550501346588135,-0.11230602860450745,0.5257130861282349,0.5137460231781006,-0.11958367377519608,0.0,0.0,0.0,0.0,0.0,0.0,0.0,0.0,0.0,0.0,0.0,0.0,0.0,0.0,0.0,0.0,0.0,0.0,0.0,0.0,0.0,0.0,0.0,0.0,0.0,0.0,0.0,0.0,0.0,0.0,0.0,0.0,0.0,0.0,0.0,0.0,0.0,0.0,0.0,0.0,0.0,0.0,0.0,0.0,0.0,0.0,0.0,0.0,0.0,0.0,0.0,0.0,0.0,0.0,0.0,0.0,0.0,0.0,0.0,0.0,0.0,0.0,0.0
206,0.5742506384849548,0.7604967951774597,-2.4756827698979578e-08,0.5938499569892883,0.6875384449958801,0.0066471160389482975,0.6046695113182068,0.5975951552391052,0.00015951355453580618,0.6072043180465698,0.5220801830291748,-0.007282175589352846,0.6034133434295654,0.4622061550617218,-0.018895547837018967,0.6234334111213684,0.5907143950462341,-0.040164947509765625,0.5971654057502747,0.4943263530731201,-0.06435179710388184,0.5785123705863953,0.4395174980163574,-0.07832945138216019,0.5617087483406067,0.3950314521789551,-0.08780425041913986,0.6077466011047363,0.6179082989692688,-0.05746088922023773,0.5807618498802185,0.5069862604141235,-0.0813363566994667,0.5587336421012878,0.4416855275630951,-0.09407275915145874,0.5389876961708069,0.3919823169708252,-0.10499868541955948,0.5795490741729736,0.649397075176239,-0.07230493426322937,0.5577134490013123,0.5431840419769287,-0.09507139027118683,0.5413036942481995,0.4774358570575714,-0.10607787221670151,0.5287560224533081,0.4269370138645172,-0.11474761366844177,0.5408281087875366,0.6799154877662659,-0.08470307290554047,0.5303680896759033,0.6002228856086731,-0.10713064670562744,0.527489423751831,0.5526504516601562,-0.11681868135929108,0.5265077948570251,0.5111842751502991,-0.12402870506048203,0.0,0.0,0.0,0.0,0.0,0.0,0.0,0.0,0.0,0.0,0.0,0.0,0.0,0.0,0.0,0.0,0.0,0.0,0.0,0.0,0.0,0.0,0.0,0.0,0.0,0.0,0.0,0.0,0.0,0.0,0.0,0.0,0.0,0.0,0.0,0.0,0.0,0.0,0.0,0.0,0.0,0.0,0.0,0.0,0.0,0.0,0.0,0.0,0.0,0.0,0.0,0.0,0.0,0.0,0.0,0.0,0.0,0.0,0.0,0.0,0.0,0.0,0.0
207,0.5672038197517395,0.7577741146087646,-2.1594660282175937e-08,0.5910515189170837,0.6878571510314941,0.006174164358526468,0.6031548976898193,0.598266065120697,-6.598748586839065e-05,0.6046401262283325,0.5218454599380493,-0.007102188188582659,0.60081547498703,0.46122053265571594,-0.01794205978512764,0.6211931705474854,0.5941100716590881,-0.038369905203580856,0.5967453718185425,0.49506911635398865,-0.0611947625875473,0.5791426301002502,0.43817687034606934,-0.07420641928911209,0.5631377100944519,0.3930591642856598,-0.08301876485347748,0.6048337817192078,0.6183613538742065,-0.05514562502503395,0.5802162885665894,0.5065242052078247,-0.07745210826396942,0.5598522424697876,0.44070881605148315,-0.08959802985191345,0.5414224863052368,0.3903087377548218,-0.0998874306678772,0.5766127705574036,0.6472151875495911,-0.06952358037233353,0.5568555593490601,0.5401698350906372,-0.09108424186706543,0.541023850440979,0.4745706617832184,-0.10169871896505356,0.5285117626190186,0.422873318195343,-0.11005356162786484,0.5382339954376221,0.6756899356842041,-0.08154407888650894,0.528259813785553,0.5968579649925232,-0.10351357609033585,0.5249543786048889,0.549354076385498,-0.11282329261302948,0.5231638550758362,0.5068091750144958,-0.1195073202252388,0.0,0.0,0.0,0.0,0.0,0.0,0.0,0.0,0.0,0.0,0.0,0.0,0.0,0.0,0.0,0.0,0.0,0.0,0.0,0.0,0.0,0.0,0.0,0.0,0.0,0.0,0.0,0.0,0.0,0.0,0.0,0.0,0.0,0.0,0.0,0.0,0.0,0.0,0.0,0.0,0.0,0.0,0.0,0.0,0.0,0.0,0.0,0.0,0.0,0.0,0.0,0.0,0.0,0.0,0.0,0.0,0.0,0.0,0.0,0.0,0.0,0.0,0.0
208,0.5668619275093079,0.7582565546035767,-4.713981383019927e-08,0.5866916179656982,0.6856183409690857,0.0053892238065600395,0.5972195267677307,0.5933572053909302,-0.0021877761464565992,0.5979399681091309,0.5161219835281372,-0.01050602551549673,0.5969661474227905,0.45541220903396606,-0.02276034839451313,0.6167479753494263,0.5925365686416626,-0.04401341825723648,0.5919548869132996,0.49516791105270386,-0.06993988901376724,0.5731410384178162,0.43813082575798035,-0.08475062251091003,0.5548048615455627,0.3923889398574829,-0.09477367997169495,0.600027859210968,0.6180028915405273,-0.061522264033555984,0.5760584473609924,0.5072458386421204,-0.08706574887037277,0.5545677542686462,0.4397360682487488,-0.10026898235082626,0.5332034230232239,0.3887234926223755,-0.11144816130399704,0.5719124674797058,0.6482149958610535,-0.07658984512090683,0.5534614324569702,0.5412747263908386,-0.10069043934345245,0.5366848707199097,0.4746866226196289,-0.11215915530920029,0.5220728516578674,0.4226587116718292,-0.12116710841655731,0.533930242061615,0.6786838173866272,-0.08928724378347397,0.5260579586029053,0.602205216884613,-0.11362346261739731,0.5227029323577881,0.5522392392158508,-0.12492352724075317,0.5202773213386536,0.5080587267875671,-0.1331537961959839,0.0,0.0,0.0,0.0,0.0,0.0,0.0,0.0,0.0,0.0,0.0,0.0,0.0,0.0,0.0,0.0,0.0,0.0,0.0,0.0,0.0,0.0,0.0,0.0,0.0,0.0,0.0,0.0,0.0,0.0,0.0,0.0,0.0,0.0,0.0,0.0,0.0,0.0,0.0,0.0,0.0,0.0,0.0,0.0,0.0,0.0,0.0,0.0,0.0,0.0,0.0,0.0,0.0,0.0,0.0,0.0,0.0,0.0,0.0,0.0,0.0,0.0,0.0
209,0.5715813040733337,0.7766639590263367,-3.1424509217004015e-08,0.5782034993171692,0.6959258317947388,0.004536105785518885,0.5833677649497986,0.6036682724952698,-0.000856699189171195,0.5846261382102966,0.5279983282089233,-0.007241144776344299,0.5849577784538269,0.4694501459598541,-0.016904352232813835,0.6088578104972839,0.6011513471603394,-0.0333327017724514,0.5848996043205261,0.5085777044296265,-0.05608207359910011,0.5675927996635437,0.4509245753288269,-0.0697084367275238,0.5519565343856812,0.40335068106651306,-0.0792439803481102,0.5978255867958069,0.6258805394172668,-0.04959261417388916,0.5732375383377075,0.5187656879425049,-0.07233796268701553,0.5531159043312073,0.4527607560157776,-0.08525393903255463,0.5345602035522461,0.39989715814590454,-0.095904141664505,0.5744857788085938,0.6556677222251892,-0.06411927938461304,0.5536400675773621,0.5524768829345703,-0.08681289851665497,0.5352115631103516,0.4867837429046631,-0.09817918390035629,0.5205705761909485,0.43456995487213135,-0.10660075396299362,0.5397544503211975,0.686160147190094,-0.07673928886651993,0.5286458134651184,0.6104685664176941,-0.0997614935040474,0.5241279006004333,0.5626018047332764,-0.10998918116092682,0.5215075016021729,0.5207231044769287,-0.11706342548131943,0.0,0.0,0.0,0.0,0.0,0.0,0.0,0.0,0.0,0.0,0.0,0.0,0.0,0.0,0.0,0.0,0.0,0.0,0.0,0.0,0.0,0.0,0.0,0.0,0.0,0.0,0.0,0.0,0.0,0.0,0.0,0.0,0.0,0.0,0.0,0.0,0.0,0.0,0.0,0.0,0.0,0.0,0.0,0.0,0.0,0.0,0.0,0.0,0.0,0.0,0.0,0.0,0.0,0.0,0.0,0.0,0.0,0.0,0.0,0.0,0.0,0.0,0.0
210,0.5559316873550415,0.8137246370315552,-6.955797005048225e-08,0.5084463953971863,0.742529034614563,0.0029706957284361124,0.49991539120674133,0.6732717752456665,-0.00044305858318693936,0.49491843581199646,0.6197742819786072,-0.006316555198282003,0.4949977397918701,0.5751874446868896,-0.013643434271216393,0.5724053382873535,0.6213403344154358,-0.007464211899787188,0.5533058047294617,0.5461199283599854,-0.023838123306632042,0.5388407707214355,0.4971313774585724,-0.03772657737135887,0.5218192934989929,0.45450249314308167,-0.05001356452703476,0.578913688659668,0.6323062181472778,-0.023288624361157417,0.5574457049369812,0.5347834229469299,-0.04318954423069954,0.5386314392089844,0.47869765758514404,-0.0582052618265152,0.5192148089408875,0.42864423990249634,-0.07041766494512558,0.5717706084251404,0.6580845713615417,-0.039797306060791016,0.5545496940612793,0.5575669407844543,-0.059876780956983566,0.5392602682113647,0.5044269561767578,-0.07157019525766373,0.5258333683013916,0.45669692754745483,-0.08110875636339188,0.550640344619751,0.6879367232322693,-0.056009691208601,0.5425049662590027,0.6292474865913391,-0.08094123750925064,0.5392448902130127,0.5850139260292053,-0.09633414447307587,0.5389932990074158,0.5390328764915466,-0.10779531300067902,0.0,0.0,0.0,0.0,0.0,0.0,0.0,0.0,0.0,0.0,0.0,0.0,0.0,0.0,0.0,0.0,0.0,0.0,0.0,0.0,0.0,0.0,0.0,0.0,0.0,0.0,0.0,0.0,0.0,0.0,0.0,0.0,0.0,0.0,0.0,0.0,0.0,0.0,0.0,0.0,0.0,0.0,0.0,0.0,0.0,0.0,0.0,0.0,0.0,0.0,0.0,0.0,0.0,0.0,0.0,0.0,0.0,0.0,0.0,0.0,0.0,0.0,0.0
211,0.5496907830238342,0.8130475878715515,-3.234933210194413e-09,0.5004401206970215,0.7407249212265015,0.0001189806789625436,0.4888327717781067,0.6676779985427856,-0.004409885033965111,0.48552757501602173,0.6126685738563538,-0.010866045951843262,0.48276814818382263,0.568536639213562,-0.019057147204875946,0.5510881543159485,0.6240745186805725,-0.01291586458683014,0.5347922444343567,0.551292359828949,-0.030927203595638275,0.5227978825569153,0.5051974654197693,-0.04620293527841568,0.5101245045661926,0.46135199069976807,-0.06008373200893402,0.5602502226829529,0.6353281736373901,-0.027031220495700836,0.53901606798172,0.5379010438919067,-0.04869484528899193,0.5252652764320374,0.485599547624588,-0.06526494771242142,0.5137966275215149,0.4329322278499603,-0.07921760529279709,0.5590991973876953,0.6594634056091309,-0.04187566414475441,0.5423073768615723,0.5623127222061157,-0.06456242501735687,0.5306084156036377,0.5128400325775146,-0.07845531404018402,0.5218654870986938,0.4680745601654053,-0.08946003764867783,0.5490994453430176,0.6886383891105652,-0.05641483515501022,0.5425778031349182,0.6295360922813416,-0.08225425332784653,0.5402716994285583,0.5874717831611633,-0.09890241920948029,0.5414829850196838,0.543205201625824,-0.11191338300704956,0.0,0.0,0.0,0.0,0.0,0.0,0.0,0.0,0.0,0.0,0.0,0.0,0.0,0.0,0.0,0.0,0.0,0.0,0.0,0.0,0.0,0.0,0.0,0.0,0.0,0.0,0.0,0.0,0.0,0.0,0.0,0.0,0.0,0.0,0.0,0.0,0.0,0.0,0.0,0.0,0.0,0.0,0.0,0.0,0.0,0.0,0.0,0.0,0.0,0.0,0.0,0.0,0.0,0.0,0.0,0.0,0.0,0.0,0.0,0.0,0.0,0.0,0.0
212,0.5542365312576294,0.8151540756225586,6.271060470908196e-08,0.5042322278022766,0.7502737045288086,0.0037249468732625246,0.48574352264404297,0.6776320338249207,0.0016490617999807,0.4788370728492737,0.6237943172454834,-0.003295121481642127,0.474333256483078,0.5816014409065247,-0.009981497190892696,0.5392443537712097,0.629737913608551,-0.006997150368988514,0.5263938903808594,0.5514799952507019,-0.024751394987106323,0.5176717042922974,0.5011856555938721,-0.03948405012488365,0.5087122321128845,0.45672643184661865,-0.05276205390691757,0.5509875416755676,0.6401203870773315,-0.023526573553681374,0.5326203107833862,0.5437355637550354,-0.04574314132332802,0.5198633074760437,0.486621230840683,-0.06242363527417183,0.5088261365890503,0.43323320150375366,-0.07567784935235977,0.5541690587997437,0.6631308197975159,-0.0408494770526886,0.5378668904304504,0.5667880177497864,-0.06420239061117172,0.5262811779975891,0.5149792432785034,-0.07715322077274323,0.5183159708976746,0.4678945243358612,-0.086863674223423,0.5501293540000916,0.6915464401245117,-0.057700563222169876,0.5402427315711975,0.634587287902832,-0.08627058565616608,0.5369413495063782,0.589288592338562,-0.10336589068174362,0.5380866527557373,0.5418717265129089,-0.11568412184715271,0.36292827129364014,0.8375290036201477,4.498628811688832e-07,0.35046443343162537,0.7571534514427185,0.012064315378665924,0.3518028259277344,0.6701501607894897,0.010877550579607487,0.3614031672477722,0.60417640209198,0.005286684259772301,0.36728909611701965,0.5552082061767578,-0.001800056896172464,0.35583600401878357,0.6181104779243469,-0.011252297088503838,0.3783784508705139,0.5263508558273315,-0.0316961370408535,0.4064421057701111,0.47079646587371826,-0.046280622482299805,0.43266743421554565,0.42647191882133484,-0.0553583987057209,0.36433225870132446,0.6291196942329407,-0.028628375381231308,0.3904271721839905,0.5274568200111389,-0.048271846026182175,0.4206981062889099,0.46393948793411255,-0.06060861796140671,0.4496380686759949,0.4135496914386749,-0.06861378252506256,0.37726855278015137,0.654548168182373,-0.04490434005856514,0.40492743253707886,0.5601876378059387,-0.06094435229897499,0.4307219684123993,0.5020129680633545,-0.06784901767969131,0.4552120268344879,0.45422878861427307,-0.07281346619129181,0.39468804001808167,0.6928327679634094,-0.06007516011595726,0.4143567681312561,0.629250168800354,-0.07212299108505249,0.4251646399497986,0.5879780650138855,-0.07397226989269257,0.43523699045181274,0.5511547327041626,-0.07516578584909439
213,0.5537538528442383,0.8114458322525024,1.3879282789730496e-07,0.5050792694091797,0.7434401512145996,0.004886628594249487,0.49203595519065857,0.6644522547721863,0.0013415165012702346,0.48800045251846313,0.6015985608100891,-0.004627248737961054,0.4841107130050659,0.551911473274231,-0.012385520152747631,0.5435494184494019,0.6282933354377747,-0.014242587611079216,0.5301467180252075,0.5498716831207275,-0.03429066017270088,0.5162128210067749,0.4971083402633667,-0.049667805433273315,0.5006870031356812,0.4502525329589844,-0.06312627345323563,0.552547812461853,0.6393804550170898,-0.031000202521681786,0.5342953205108643,0.5406230688095093,-0.05444248765707016,0.5165784358978271,0.48021769523620605,-0.07007687538862228,0.49939048290252686,0.4248374104499817,-0.08300194144248962,0.5523091554641724,0.6637271642684937,-0.04762405529618263,0.5406282544136047,0.5622571110725403,-0.069618359208107,0.5301229357719421,0.5107850432395935,-0.07958344370126724,0.5207757353782654,0.46564972400665283,-0.08819479495286942,0.5430506467819214,0.6935232281684875,-0.06370352953672409,0.5409147143363953,0.6382450461387634,-0.09038426727056503,0.5399957895278931,0.5938107371330261,-0.10574495792388916,0.54161536693573,0.5469421148300171,-0.11743509024381638,0.3851952850818634,0.8257964849472046,4.1708898379511083e-07,0.37783247232437134,0.7432584762573242,0.014352080412209034,0.37976327538490295,0.6673049926757812,0.005078177433460951,0.389546662569046,0.6097806096076965,-0.009760410524904728,0.4015946388244629,0.5634822249412537,-0.026952529326081276,0.3794823884963989,0.6368473768234253,-0.034034423530101776,0.39445382356643677,0.5211969017982483,-0.06295180320739746,0.4168657660484314,0.4646293520927429,-0.0772627666592598,0.4397100806236267,0.4229969084262848,-0.08540535718202591,0.3836442232131958,0.6487876176834106,-0.0586220845580101,0.39894387125968933,0.5202716588973999,-0.08734355121850967,0.4290102422237396,0.4551701843738556,-0.09882945567369461,0.45702749490737915,0.4136432111263275,-0.10489892214536667,0.4004829525947571,0.6768966913223267,-0.08098091185092926,0.4142865538597107,0.5588135719299316,-0.10449919104576111,0.44044187664985657,0.5000606179237366,-0.11264629662036896,0.4631171226501465,0.45720213651657104,-0.11770644038915634,0.4303972125053406,0.7134058475494385,-0.10152211040258408,0.44056662917137146,0.6413401365280151,-0.12132269889116287,0.44572576880455017,0.5895994305610657,-0.12814177572727203,0.44968366622924805,0.5438057780265808,-0.13230103254318237
214,0.5537095069885254,0.8148207664489746,8.158527720070197e-08,0.5050813555717468,0.7525546550750732,0.003457121318206191,0.48918306827545166,0.6806208491325378,0.00018209574045613408,0.4822885990142822,0.626555323600769,-0.005250015761703253,0.47536328434944153,0.5831277966499329,-0.01245690044015646,0.541146993637085,0.6336995363235474,-0.013410158455371857,0.5255538821220398,0.5558606386184692,-0.03237474709749222,0.5128757357597351,0.506217896938324,-0.04698066785931587,0.5018599629402161,0.4613276720046997,-0.059816427528858185,0.5509973168373108,0.6445414423942566,-0.029236240312457085,0.5267866849899292,0.5469568371772766,-0.051507655531167984,0.5093890428543091,0.4891795516014099,-0.06739885360002518,0.4955144226551056,0.43414169549942017,-0.08035452663898468,0.5531729459762573,0.6687173247337341,-0.045211028307676315,0.5329222083091736,0.5717864632606506,-0.06757883727550507,0.5195517539978027,0.5208238959312439,-0.07985110580921173,0.5104238986968994,0.47394442558288574,-0.08965262025594711,0.5488545298576355,0.6988654136657715,-0.06057602912187576,0.5413066744804382,0.6432669162750244,-0.0889381617307663,0.538593053817749,0.5988874435424805,-0.1062558963894844,0.5388787984848022,0.551498293876648,-0.1190064549446106,0.38242390751838684,0.825470507144928,4.431548461525381e-07,0.3626542389392853,0.7387498021125793,0.009957741014659405,0.35658353567123413,0.6530094146728516,0.004660482984036207,0.3614021837711334,0.5864143967628479,-0.0047676535323262215,0.369429349899292,0.536943793296814,-0.01623292826116085,0.3663957715034485,0.6169533729553223,-0.025042403489351273,0.38812971115112305,0.5211664438247681,-0.04961191490292549,0.41291528940200806,0.4688660502433777,-0.06411689519882202,0.4368261396884918,0.42614343762397766,-0.0730428546667099,0.3781066834926605,0.6334668397903442,-0.04450218006968498,0.402596116065979,0.5250153541564941,-0.0665784627199173,0.4304010570049286,0.46339428424835205,-0.07803710550069809,0.45671361684799194,0.4164242744445801,-0.0856422632932663,0.39667701721191406,0.6627495884895325,-0.06270726770162582,0.41958102583885193,0.5652589797973633,-0.08196326345205307,0.44278669357299805,0.5091571807861328,-0.08969680219888687,0.46371692419052124,0.46369653940200806,-0.09529618918895721,0.42165905237197876,0.703018069267273,-0.07962819188833237,0.435002863407135,0.636908769607544,-0.09509562700986862,0.4417613446712494,0.5929288268089294,-0.0985078439116478,0.44791239500045776,0.5536055564880371,-0.10078175365924835
215,0.552772045135498,0.8135316371917725,9.238937792588331e-08,0.5138992667198181,0.7361519932746887,0.008737589232623577,0.5077183246612549,0.662391185760498,0.006103632040321827,0.5039991736412048,0.6083780527114868,0.0007861931808292866,0.5001698732376099,0.563642680644989,-0.006129715591669083,0.5824334621429443,0.628969132900238,-0.01159634254872799,0.5640629529953003,0.543194055557251,-0.028549442067742348,0.5474926233291626,0.48833656311035156,-0.040102768689394,0.5286060571670532,0.44330859184265137,-0.049215395003557205,0.586011528968811,0.642727792263031,-0.028145115822553635,0.5642954111099243,0.5402325391769409,-0.04677259922027588,0.5431221127510071,0.47927725315093994,-0.057552412152290344,0.5206623077392578,0.42845839262008667,-0.06591352820396423,0.5752177834510803,0.6655977964401245,-0.0438639335334301,0.5539291501045227,0.5666861534118652,-0.06119122728705406,0.5340650677680969,0.5107283592224121,-0.06808134913444519,0.5166098475456238,0.4643282890319824,-0.07361757010221481,0.550545871257782,0.6908048987388611,-0.05852021649479866,0.5393761396408081,0.6289025545120239,-0.07840768992900848,0.5350376963615417,0.583462655544281,-0.08777903765439987,0.5341383218765259,0.5380762219429016,-0.09446202963590622,0.38896143436431885,0.8106802701950073,5.311878794600489e-07,0.36508890986442566,0.7283276319503784,0.005885671358555555,0.3565637767314911,0.6467836499214172,-0.006399172358214855,0.36201024055480957,0.5838518142700195,-0.021811921149492264,0.3729129135608673,0.5370060801506042,-0.03885287418961525,0.3540259301662445,0.6300904154777527,-0.04190193489193916,0.36980488896369934,0.5201850533485413,-0.07040196657180786,0.39321181178092957,0.4637663960456848,-0.08394787460565567,0.416473388671875,0.42176735401153564,-0.09076917916536331,0.3720332384109497,0.6492980122566223,-0.0602726973593235,0.3957964777946472,0.5279210805892944,-0.08702591806650162,0.4265925884246826,0.458626925945282,-0.09636397659778595,0.4549931287765503,0.41201531887054443,-0.10083914548158646,0.401570200920105,0.6773034334182739,-0.07676360756158829,0.42206183075904846,0.5649511814117432,-0.09747521579265594,0.4468304514884949,0.5005741119384766,-0.10372105985879898,0.46790143847465515,0.454156756401062,-0.10707096755504608,0.439636766910553,0.7092825174331665,-0.09209038317203522,0.4506133794784546,0.6307198405265808,-0.10783133655786514,0.4563203454017639,0.5788552761077881,-0.11108652502298355,0.46243491768836975,0.5353618860244751,-0.11219222843647003
216,0.5670675039291382,0.8006008267402649,-3.093955314170671e-09,0.5515293478965759,0.7228934168815613,0.011988331563770771,0.5457837581634521,0.6465036273002625,0.007773451041430235,0.5368252396583557,0.5907655954360962,0.0010060956701636314,0.5265782475471497,0.5465420484542847,-0.009144273586571217,0.5992648005485535,0.6153727769851685,-0.025700043886899948,0.572504460811615,0.5199726223945618,-0.048013169318437576,0.5529879927635193,0.46803978085517883,-0.06241532042622566,0.5355993509292603,0.4267921447753906,-0.07276863604784012,0.5954996943473816,0.6355791687965393,-0.04643930122256279,0.5683128833770752,0.523102343082428,-0.0690845176577568,0.5467488169670105,0.4630417823791504,-0.08246780186891556,0.5283413529396057,0.41385483741760254,-0.09297677874565125,0.5764036178588867,0.6650744080543518,-0.06521829962730408,0.5522823333740234,0.5535286068916321,-0.08794856816530228,0.5344672203063965,0.4955100119113922,-0.1004268154501915,0.5226907730102539,0.44590523838996887,-0.10999666899442673,0.5433438420295715,0.6962743401527405,-0.08144952356815338,0.5292867422103882,0.6277245283126831,-0.10704837739467621,0.5246259570121765,0.5810726284980774,-0.1197897344827652,0.5256767868995667,0.5351279377937317,-0.1288256049156189,0.0,0.0,0.0,0.0,0.0,0.0,0.0,0.0,0.0,0.0,0.0,0.0,0.0,0.0,0.0,0.0,0.0,0.0,0.0,0.0,0.0,0.0,0.0,0.0,0.0,0.0,0.0,0.0,0.0,0.0,0.0,0.0,0.0,0.0,0.0,0.0,0.0,0.0,0.0,0.0,0.0,0.0,0.0,0.0,0.0,0.0,0.0,0.0,0.0,0.0,0.0,0.0,0.0,0.0,0.0,0.0,0.0,0.0,0.0,0.0,0.0,0.0,0.0
217,0.5711793899536133,0.7908816933631897,-5.1251923594008986e-08,0.5865192413330078,0.7154451608657837,0.021878443658351898,0.5896632671356201,0.6429324150085449,0.02155883051455021,0.5887186527252197,0.5857491493225098,0.017794232815504074,0.5839104652404785,0.5457770228385925,0.009279432706534863,0.6105677485466003,0.6123812198638916,-0.029733292758464813,0.589820146560669,0.5124207735061646,-0.05176093801856041,0.5720995664596558,0.4568460285663605,-0.06344746053218842,0.5550591349601746,0.4148842394351959,-0.0709114521741867,0.6001039147377014,0.6349396705627441,-0.053575385361909866,0.5755634903907776,0.5209353566169739,-0.07682199776172638,0.5534458756446838,0.45667576789855957,-0.08797511458396912,0.5334766507148743,0.40779805183410645,-0.09680790454149246,0.5770395398139954,0.6663597226142883,-0.07359083741903305,0.5544019341468811,0.560211181640625,-0.09608840942382812,0.5353469848632812,0.4957278370857239,-0.10741011798381805,0.5209978818893433,0.44534504413604736,-0.11589963734149933,0.5437430739402771,0.6988551616668701,-0.08970677107572556,0.5294090509414673,0.622668981552124,-0.11491359025239944,0.524898111820221,0.5738027691841125,-0.12620796263217926,0.5237850546836853,0.529332160949707,-0.13382071256637573,0.0,0.0,0.0,0.0,0.0,0.0,0.0,0.0,0.0,0.0,0.0,0.0,0.0,0.0,0.0,0.0,0.0,0.0,0.0,0.0,0.0,0.0,0.0,0.0,0.0,0.0,0.0,0.0,0.0,0.0,0.0,0.0,0.0,0.0,0.0,0.0,0.0,0.0,0.0,0.0,0.0,0.0,0.0,0.0,0.0,0.0,0.0,0.0,0.0,0.0,0.0,0.0,0.0,0.0,0.0,0.0,0.0,0.0,0.0,0.0,0.0,0.0,0.0
218,0.5684004426002502,0.7925785779953003,-3.081699162521545e-08,0.588092029094696,0.7220957279205322,0.01601235382258892,0.5947238206863403,0.6438935995101929,0.013734575361013412,0.5970332622528076,0.5818342566490173,0.00895406398922205,0.5965073704719543,0.5406213998794556,-0.000559030391741544,0.612612783908844,0.6152982115745544,-0.03458916023373604,0.5931084752082825,0.5137529373168945,-0.05718657746911049,0.5764849185943604,0.4561604857444763,-0.06953014433383942,0.560123860836029,0.4111090302467346,-0.07783003151416779,0.6009988188743591,0.6388112902641296,-0.0562375970184803,0.578872799873352,0.5229440331459045,-0.08058466762304306,0.5575006008148193,0.45683130621910095,-0.09370802342891693,0.5367897152900696,0.4042505621910095,-0.10387115180492401,0.5765976309776306,0.6703042984008789,-0.07419383525848389,0.5560190677642822,0.5614196062088013,-0.09698152542114258,0.539117693901062,0.4952278733253479,-0.10896232724189758,0.5252863168716431,0.44247671961784363,-0.11799688637256622,0.5405097603797913,0.7018755674362183,-0.08882991224527359,0.5273532867431641,0.6234244704246521,-0.11302938312292099,0.5241954922676086,0.5747677683830261,-0.12364935129880905,0.5241292715072632,0.5306118726730347,-0.13096223771572113,0.0,0.0,0.0,0.0,0.0,0.0,0.0,0.0,0.0,0.0,0.0,0.0,0.0,0.0,0.0,0.0,0.0,0.0,0.0,0.0,0.0,0.0,0.0,0.0,0.0,0.0,0.0,0.0,0.0,0.0,0.0,0.0,0.0,0.0,0.0,0.0,0.0,0.0,0.0,0.0,0.0,0.0,0.0,0.0,0.0,0.0,0.0,0.0,0.0,0.0,0.0,0.0,0.0,0.0,0.0,0.0,0.0,0.0,0.0,0.0,0.0,0.0,0.0
219,0.5637778043746948,0.7911832332611084,-3.9487030534246514e-08,0.5858423113822937,0.7205783128738403,0.016044946387410164,0.5941101312637329,0.6419353485107422,0.013074801303446293,0.5947161316871643,0.5787167549133301,0.0074899448081851006,0.5897510051727295,0.5337463617324829,-0.0030647998210042715,0.6149150729179382,0.6137842535972595,-0.03564304858446121,0.5935887098312378,0.5111867785453796,-0.058780182152986526,0.57709139585495,0.45339953899383545,-0.07159750163555145,0.5610834956169128,0.40833568572998047,-0.08008794486522675,0.6018203496932983,0.6368197798728943,-0.05764039605855942,0.5777598023414612,0.5195499062538147,-0.08154155313968658,0.5570867657661438,0.45215779542922974,-0.09427082538604736,0.5379188656806946,0.39862576127052307,-0.10419078171253204,0.5754989981651306,0.6677964925765991,-0.07600203901529312,0.5543223023414612,0.554673969745636,-0.09916616976261139,0.5373473763465881,0.4871327877044678,-0.11105302721261978,0.5241549015045166,0.43255579471588135,-0.11982649564743042,0.5376924872398376,0.699648916721344,-0.0909469947218895,0.5259941220283508,0.6189030408859253,-0.1161731407046318,0.522922694683075,0.5674996376037598,-0.12704171240329742,0.5233615040779114,0.5206064581871033,-0.1341218203306198,0.0,0.0,0.0,0.0,0.0,0.0,0.0,0.0,0.0,0.0,0.0,0.0,0.0,0.0,0.0,0.0,0.0,0.0,0.0,0.0,0.0,0.0,0.0,0.0,0.0,0.0,0.0,0.0,0.0,0.0,0.0,0.0,0.0,0.0,0.0,0.0,0.0,0.0,0.0,0.0,0.0,0.0,0.0,0.0,0.0,0.0,0.0,0.0,0.0,0.0,0.0,0.0,0.0,0.0,0.0,0.0,0.0,0.0,0.0,0.0,0.0,0.0,0.0
220,0.5618836879730225,0.7886664867401123,-8.614666313633279e-08,0.5813844799995422,0.7098045349121094,0.014223572798073292,0.5888844728469849,0.6187348961830139,0.010464122518897057,0.5923876166343689,0.5416948795318604,0.004200355149805546,0.5921765565872192,0.48146772384643555,-0.006458248011767864,0.6130468845367432,0.6106207966804504,-0.03503643348813057,0.5899600386619568,0.5125206708908081,-0.059190548956394196,0.5730382800102234,0.45551612973213196,-0.07309448719024658,0.5569068193435669,0.410356342792511,-0.0825912356376648,0.599456787109375,0.6368422508239746,-0.056286465376615524,0.5729533433914185,0.5245084166526794,-0.08126753568649292,0.5519248843193054,0.4570651054382324,-0.09413255751132965,0.5320327281951904,0.4054834842681885,-0.10497276484966278,0.5732367634773254,0.6691367626190186,-0.07450207322835922,0.5505226850509644,0.5605457425117493,-0.09827405214309692,0.5339148640632629,0.4924260377883911,-0.10922443866729736,0.5207029581069946,0.4376547634601593,-0.1179475486278534,0.5359313488006592,0.7013580799102783,-0.08963973820209503,0.5235297679901123,0.6220565438270569,-0.11404053121805191,0.5203440189361572,0.5703710317611694,-0.12482091039419174,0.5194501280784607,0.5227299928665161,-0.13270747661590576,0.0,0.0,0.0,0.0,0.0,0.0,0.0,0.0,0.0,0.0,0.0,0.0,0.0,0.0,0.0,0.0,0.0,0.0,0.0,0.0,0.0,0.0,0.0,0.0,0.0,0.0,0.0,0.0,0.0,0.0,0.0,0.0,0.0,0.0,0.0,0.0,0.0,0.0,0.0,0.0,0.0,0.0,0.0,0.0,0.0,0.0,0.0,0.0,0.0,0.0,0.0,0.0,0.0,0.0,0.0,0.0,0.0,0.0,0.0,0.0,0.0,0.0,0.0
221,0.5662105083465576,0.7879098653793335,-6.287233134116832e-08,0.5844426155090332,0.7138630747795105,0.007172090001404285,0.5933475494384766,0.6208878755569458,0.0007384340278804302,0.5942139625549316,0.5437645316123962,-0.006601477041840553,0.5916225910186768,0.48365503549575806,-0.018417121842503548,0.6168994903564453,0.613249659538269,-0.04230876639485359,0.5888553857803345,0.5151262879371643,-0.06635511666536331,0.5693082213401794,0.45893314480781555,-0.08068244159221649,0.5518916249275208,0.41404491662979126,-0.09079249203205109,0.6018764972686768,0.6414028406143188,-0.060451481491327286,0.5730651021003723,0.5274387001991272,-0.084333136677742,0.5506318807601929,0.46068480610847473,-0.09757775813341141,0.530093252658844,0.4093177318572998,-0.10922986268997192,0.5737974643707275,0.6747176051139832,-0.07576295733451843,0.550550639629364,0.5636599659919739,-0.09885834902524948,0.5329402685165405,0.49567899107933044,-0.1102246642112732,0.5187559127807617,0.44232168793678284,-0.1195843294262886,0.5346356630325317,0.7065844535827637,-0.08847342431545258,0.5222882628440857,0.6242988109588623,-0.11240824311971664,0.5177851915359497,0.5740817189216614,-0.12250915169715881,0.5148268938064575,0.5294328331947327,-0.12999175488948822,0.0,0.0,0.0,0.0,0.0,0.0,0.0,0.0,0.0,0.0,0.0,0.0,0.0,0.0,0.0,0.0,0.0,0.0,0.0,0.0,0.0,0.0,0.0,0.0,0.0,0.0,0.0,0.0,0.0,0.0,0.0,0.0,0.0,0.0,0.0,0.0,0.0,0.0,0.0,0.0,0.0,0.0,0.0,0.0,0.0,0.0,0.0,0.0,0.0,0.0,0.0,0.0,0.0,0.0,0.0,0.0,0.0,0.0,0.0,0.0,0.0,0.0,0.0
222,0.5696333050727844,0.8015697002410889,-8.188837341549515e-08,0.5733175277709961,0.7218676209449768,0.008825313299894333,0.577717661857605,0.6306140422821045,0.0036230296827852726,0.5796719193458557,0.5563936233520508,-0.0030037483666092157,0.5782279968261719,0.49764007329940796,-0.013771074824035168,0.6099039912223816,0.6186476945877075,-0.03820348158478737,0.5853949189186096,0.526127815246582,-0.06165828928351402,0.5674046277999878,0.4713941812515259,-0.07615598291158676,0.5513356924057007,0.4279181957244873,-0.08677352964878082,0.5999810695648193,0.6457489132881165,-0.05748971551656723,0.5719865560531616,0.5369450449943542,-0.08157531172037125,0.5502192974090576,0.4704502522945404,-0.09631764143705368,0.5291464924812317,0.4179883897304535,-0.108991838991642,0.5765455365180969,0.6794703006744385,-0.0740262046456337,0.5524376630783081,0.5730081796646118,-0.09840596467256546,0.5334830284118652,0.5059771537780762,-0.11258388310670853,0.5180052518844604,0.45220428705215454,-0.12377779185771942,0.5408170223236084,0.7134275436401367,-0.08774292469024658,0.5256503224372864,0.6374653577804565,-0.11344805359840393,0.5195180177688599,0.5876575112342834,-0.12608198821544647,0.5159339904785156,0.5425435304641724,-0.13533325493335724,0.0,0.0,0.0,0.0,0.0,0.0,0.0,0.0,0.0,0.0,0.0,0.0,0.0,0.0,0.0,0.0,0.0,0.0,0.0,0.0,0.0,0.0,0.0,0.0,0.0,0.0,0.0,0.0,0.0,0.0,0.0,0.0,0.0,0.0,0.0,0.0,0.0,0.0,0.0,0.0,0.0,0.0,0.0,0.0,0.0,0.0,0.0,0.0,0.0,0.0,0.0,0.0,0.0,0.0,0.0,0.0,0.0,0.0,0.0,0.0,0.0,0.0,0.0
223,0.5696748495101929,0.8170897364616394,-6.53700524821943e-08,0.5463906526565552,0.7367724180221558,0.014482129365205765,0.5401852130889893,0.6616279482841492,0.009863336570560932,0.5288997292518616,0.6057977080345154,0.0023004584945738316,0.5187021493911743,0.5575745701789856,-0.00845157541334629,0.5972086787223816,0.6341899037361145,-0.026445671916007996,0.5692458748817444,0.537442684173584,-0.0480773039162159,0.5507627725601196,0.48450183868408203,-0.06177346035838127,0.5326524972915649,0.4413309097290039,-0.07248140126466751,0.5968325138092041,0.6516505479812622,-0.04865465685725212,0.567857563495636,0.5349222421646118,-0.07179942727088928,0.5449206829071045,0.4742300808429718,-0.08486737310886383,0.5232182741165161,0.42562800645828247,-0.09619523584842682,0.5800952911376953,0.6799622178077698,-0.06848426908254623,0.5545264482498169,0.5639174580574036,-0.09104753285646439,0.5331079959869385,0.5051630139350891,-0.10226640850305557,0.5163244009017944,0.4563383460044861,-0.11196837574243546,0.5488225221633911,0.7092241644859314,-0.08566746115684509,0.5350717902183533,0.641186535358429,-0.11282942444086075,0.5291463136672974,0.5925620198249817,-0.12720689177513123,0.5278889536857605,0.5446987748146057,-0.13801850378513336,0.0,0.0,0.0,0.0,0.0,0.0,0.0,0.0,0.0,0.0,0.0,0.0,0.0,0.0,0.0,0.0,0.0,0.0,0.0,0.0,0.0,0.0,0.0,0.0,0.0,0.0,0.0,0.0,0.0,0.0,0.0,0.0,0.0,0.0,0.0,0.0,0.0,0.0,0.0,0.0,0.0,0.0,0.0,0.0,0.0,0.0,0.0,0.0,0.0,0.0,0.0,0.0,0.0,0.0,0.0,0.0,0.0,0.0,0.0,0.0,0.0,0.0,0.0
224,0.561221182346344,0.8191362619400024,-5.975791594892144e-08,0.5395469665527344,0.7349740266799927,0.01527258288115263,0.5398377776145935,0.6616219282150269,0.015709560364484787,0.5377547740936279,0.6052001714706421,0.013018599711358547,0.5315577387809753,0.5601422786712646,0.0074175698682665825,0.5940462350845337,0.6321032643318176,-0.0130866514518857,0.560553789138794,0.5409539937973022,-0.02944953553378582,0.5405879020690918,0.4883480966091156,-0.039851121604442596,0.5224922895431519,0.444820761680603,-0.047789815813302994,0.5941215753555298,0.6476514935493469,-0.03281428664922714,0.5611558556556702,0.5367806553840637,-0.05141821876168251,0.5365758538246155,0.4729554057121277,-0.061534080654382706,0.5138224959373474,0.42161622643470764,-0.06971582770347595,0.5760324597358704,0.6732543706893921,-0.05079159513115883,0.5492653846740723,0.5603238344192505,-0.06969944387674332,0.5275024771690369,0.4995483160018921,-0.07866869866847992,0.5119684934616089,0.4502760171890259,-0.08572690933942795,0.5435048937797546,0.6995925307273865,-0.06651614606380463,0.5323345065116882,0.6270623207092285,-0.09051991999149323,0.5287487506866455,0.577587902545929,-0.10280007869005203,0.529277503490448,0.5303403735160828,-0.11117078363895416,0.0,0.0,0.0,0.0,0.0,0.0,0.0,0.0,0.0,0.0,0.0,0.0,0.0,0.0,0.0,0.0,0.0,0.0,0.0,0.0,0.0,0.0,0.0,0.0,0.0,0.0,0.0,0.0,0.0,0.0,0.0,0.0,0.0,0.0,0.0,0.0,0.0,0.0,0.0,0.0,0.0,0.0,0.0,0.0,0.0,0.0,0.0,0.0,0.0,0.0,0.0,0.0,0.0,0.0,0.0,0.0,0.0,0.0,0.0,0.0,0.0,0.0,0.0
225,0.5529516339302063,0.8226885199546814,-1.778250968698103e-08,0.5120530128479004,0.7385067939758301,0.0024358949158340693,0.5094582438468933,0.6644532084465027,-0.0010131902527064085,0.51136314868927,0.6070910692214966,-0.005780537147074938,0.5117546916007996,0.5602240562438965,-0.011866637505590916,0.5800551176071167,0.6302444934844971,-0.014551140367984772,0.5541605353355408,0.5434600114822388,-0.03201912343502045,0.5366173982620239,0.49086177349090576,-0.04479645565152168,0.5189372301101685,0.4447261691093445,-0.05502909794449806,0.584912121295929,0.6434841752052307,-0.029047159478068352,0.5565752983093262,0.5404193997383118,-0.0493156798183918,0.5352258086204529,0.47704800963401794,-0.06272940337657928,0.5150085091590881,0.4230896234512329,-0.07307128608226776,0.573324978351593,0.6689051389694214,-0.04360855743288994,0.5479316711425781,0.5657886862754822,-0.06605859100818634,0.5286604762077332,0.5053645372390747,-0.07884106785058975,0.5143413543701172,0.4538966417312622,-0.08778287470340729,0.5464336276054382,0.6976470947265625,-0.057252660393714905,0.5345749855041504,0.6313651204109192,-0.08297554403543472,0.5289583206176758,0.583636462688446,-0.09717141091823578,0.5281855463981628,0.536373496055603,-0.10682697594165802,0.0,0.0,0.0,0.0,0.0,0.0,0.0,0.0,0.0,0.0,0.0,0.0,0.0,0.0,0.0,0.0,0.0,0.0,0.0,0.0,0.0,0.0,0.0,0.0,0.0,0.0,0.0,0.0,0.0,0.0,0.0,0.0,0.0,0.0,0.0,0.0,0.0,0.0,0.0,0.0,0.0,0.0,0.0,0.0,0.0,0.0,0.0,0.0,0.0,0.0,0.0,0.0,0.0,0.0,0.0,0.0,0.0,0.0,0.0,0.0,0.0,0.0,0.0
226,0.5523008704185486,0.8167377710342407,-3.931952718971843e-08,0.5115225911140442,0.7413312792778015,0.004103894345462322,0.5027118921279907,0.6670029163360596,0.001256873831152916,0.49871012568473816,0.609256386756897,-0.002936015138402581,0.49585482478141785,0.5599924921989441,-0.008907168172299862,0.5706288814544678,0.6161116361618042,-0.015415753237903118,0.5390893816947937,0.5295398235321045,-0.03288322314620018,0.520268440246582,0.47626209259033203,-0.04584948346018791,0.5032402873039246,0.4302716553211212,-0.05712050572037697,0.5763509273529053,0.6313155889511108,-0.030871575698256493,0.5393321514129639,0.527119517326355,-0.051254138350486755,0.5162137746810913,0.46762189269065857,-0.06518092751502991,0.49625933170318604,0.41597235202789307,-0.0767672061920166,0.5654803514480591,0.6599550247192383,-0.046226903796195984,0.5346534848213196,0.5540700554847717,-0.06882141530513763,0.5146402716636658,0.49714145064353943,-0.0819527730345726,0.5010071396827698,0.4464898705482483,-0.09221107512712479,0.5401730537414551,0.6921743154525757,-0.06045708432793617,0.5273720026016235,0.629231870174408,-0.0905969962477684,0.5228073000907898,0.5825981497764587,-0.10895994305610657,0.5230497121810913,0.5343867540359497,-0.12179526686668396,0.39077281951904297,0.8456509709358215,3.372962851244665e-07,0.3725561797618866,0.7595962285995483,0.016817731782794,0.36900362372398376,0.6857346296310425,0.018530381843447685,0.37377995252609253,0.6263508796691895,0.014219733886420727,0.3817090392112732,0.580832839012146,0.008115946315228939,0.3651758134365082,0.6660251021385193,0.0057868449948728085,0.3720836937427521,0.5847887992858887,-0.006556276697665453,0.3817828893661499,0.5323113203048706,-0.015322350896894932,0.3911775052547455,0.488467276096344,-0.021071044728159904,0.3757220506668091,0.6684488654136658,-0.012966885231435299,0.39622247219085693,0.5754817724227905,-0.02523486129939556,0.4152001738548279,0.5177470445632935,-0.034642066806554794,0.4324597418308258,0.4732460677623749,-0.04007349908351898,0.3964722752571106,0.6835041642189026,-0.03062913380563259,0.41608718037605286,0.5913528800010681,-0.04221995919942856,0.4349343180656433,0.5340805053710938,-0.0488138347864151,0.4507746696472168,0.4879039525985718,-0.052426740527153015,0.42564353346824646,0.7110469341278076,-0.04676803573966026,0.43854832649230957,0.6362004280090332,-0.05432937294244766,0.4461800456047058,0.5905992388725281,-0.054411038756370544,0.453742653131485,0.5506508946418762,-0.05363179370760918
227,0.5533322095870972,0.8257591724395752,-8.570566478738328e-08,0.514775812625885,0.7503623366355896,0.008216309361159801,0.5084074139595032,0.6811359524726868,0.006677973084151745,0.5046511292457581,0.6275798678398132,0.0026074049528688192,0.49925729632377625,0.5810812711715698,-0.0034291220363229513,0.5714141726493835,0.6322256922721863,-0.010491634719073772,0.5446627140045166,0.5466678142547607,-0.02648419886827469,0.5277904272079468,0.4950460195541382,-0.03836536034941673,0.5112231969833374,0.44999629259109497,-0.04852376878261566,0.5749571323394775,0.6439692378044128,-0.027284160256385803,0.5442769527435303,0.538249135017395,-0.045911144465208054,0.5233161449432373,0.4788769483566284,-0.059002410620450974,0.5038192868232727,0.42628347873687744,-0.07021116465330124,0.5628241896629333,0.6675031185150146,-0.0436057522892952,0.538052499294281,0.5633674263954163,-0.0636751726269722,0.5197201371192932,0.5047032833099365,-0.07665088772773743,0.5056860446929932,0.4555416703224182,-0.08710579574108124,0.5379822850227356,0.6938391327857971,-0.058513093739748,0.5285980105400085,0.6256090402603149,-0.08371852338314056,0.52458655834198,0.577561616897583,-0.09958428889513016,0.5234987139701843,0.5316962599754333,-0.11146419495344162,0.0,0.0,0.0,0.0,0.0,0.0,0.0,0.0,0.0,0.0,0.0,0.0,0.0,0.0,0.0,0.0,0.0,0.0,0.0,0.0,0.0,0.0,0.0,0.0,0.0,0.0,0.0,0.0,0.0,0.0,0.0,0.0,0.0,0.0,0.0,0.0,0.0,0.0,0.0,0.0,0.0,0.0,0.0,0.0,0.0,0.0,0.0,0.0,0.0,0.0,0.0,0.0,0.0,0.0,0.0,0.0,0.0,0.0,0.0,0.0,0.0,0.0,0.0
228,0.5483010411262512,0.8161717057228088,-2.5255078028862954e-08,0.5093490481376648,0.743967592716217,0.008099941536784172,0.5031008720397949,0.6740689873695374,0.005589833948761225,0.49846646189689636,0.6215910315513611,0.0010004340438172221,0.4930366575717926,0.5775081515312195,-0.0054047429002821445,0.5736010670661926,0.6223236918449402,-0.01596762426197529,0.5471194386482239,0.5330306887626648,-0.0321708545088768,0.5305916666984558,0.48195409774780273,-0.04297206178307533,0.5137357115745544,0.43816742300987244,-0.05277087539434433,0.5785108804702759,0.6360184550285339,-0.033019471913576126,0.5463560223579407,0.5288232564926147,-0.052957843989133835,0.5243855714797974,0.46949684619903564,-0.06549454480409622,0.5037371516227722,0.4193316102027893,-0.0765245109796524,0.5662153363227844,0.6618301272392273,-0.04919130355119705,0.5414210557937622,0.5511263608932495,-0.0695681944489479,0.5229336619377136,0.4960939884185791,-0.08032147586345673,0.5085442662239075,0.44939595460891724,-0.08966579288244247,0.5403486490249634,0.6899147629737854,-0.06391240656375885,0.5283831357955933,0.6249014735221863,-0.09172653406858444,0.5236767530441284,0.5776863098144531,-0.10867954045534134,0.5225363373756409,0.5306875705718994,-0.1210375502705574,0.0,0.0,0.0,0.0,0.0,0.0,0.0,0.0,0.0,0.0,0.0,0.0,0.0,0.0,0.0,0.0,0.0,0.0,0.0,0.0,0.0,0.0,0.0,0.0,0.0,0.0,0.0,0.0,0.0,0.0,0.0,0.0,0.0,0.0,0.0,0.0,0.0,0.0,0.0,0.0,0.0,0.0,0.0,0.0,0.0,0.0,0.0,0.0,0.0,0.0,0.0,0.0,0.0,0.0,0.0,0.0,0.0,0.0,0.0,0.0,0.0,0.0,0.0
229,0.5465927124023438,0.8181546330451965,-7.068506846508171e-08,0.5054870843887329,0.7412771582603455,0.003692865604534745,0.5009230375289917,0.6684821248054504,0.0007214505458250642,0.5004789233207703,0.6126209497451782,-0.004214923828840256,0.496879518032074,0.5659482479095459,-0.010859714820981026,0.5724959373474121,0.6233292818069458,-0.011383681558072567,0.5465136766433716,0.538270890712738,-0.02811567485332489,0.5289940237998962,0.4863772988319397,-0.04153217747807503,0.5118361711502075,0.44125455617904663,-0.05313738435506821,0.5770673155784607,0.6363584399223328,-0.026488712057471275,0.5476518273353577,0.5323468446731567,-0.04556001350283623,0.525894045829773,0.473501592874527,-0.059876397252082825,0.5057802200317383,0.4220752716064453,-0.07216838747262955,0.5652335286140442,0.6609126329421997,-0.0417034737765789,0.5419767498970032,0.5576114654541016,-0.06196312606334686,0.5236222743988037,0.500710129737854,-0.07478448748588562,0.5090121030807495,0.4529527425765991,-0.08521336317062378,0.5399073362350464,0.6888568997383118,-0.05615044757723808,0.5295588970184326,0.623229444026947,-0.08107710629701614,0.5246038436889648,0.5765356421470642,-0.0965387150645256,0.5228965878486633,0.5309362411499023,-0.10814692080020905,0.0,0.0,0.0,0.0,0.0,0.0,0.0,0.0,0.0,0.0,0.0,0.0,0.0,0.0,0.0,0.0,0.0,0.0,0.0,0.0,0.0,0.0,0.0,0.0,0.0,0.0,0.0,0.0,0.0,0.0,0.0,0.0,0.0,0.0,0.0,0.0,0.0,0.0,0.0,0.0,0.0,0.0,0.0,0.0,0.0,0.0,0.0,0.0,0.0,0.0,0.0,0.0,0.0,0.0,0.0,0.0,0.0,0.0,0.0,0.0,0.0,0.0,0.0
230,0.546075701713562,0.8133164644241333,-7.172849336711806e-08,0.512852132320404,0.73902827501297,0.00395701639354229,0.5076238512992859,0.6649649143218994,0.0014168982161208987,0.5064363479614258,0.6067147254943848,-0.0026694387197494507,0.5002659559249878,0.5575529932975769,-0.008237929083406925,0.5696492195129395,0.6202619075775146,-0.013890659436583519,0.5435701608657837,0.5347267985343933,-0.03158360719680786,0.5267321467399597,0.48061472177505493,-0.04479420557618141,0.5124602913856506,0.43271875381469727,-0.05624143034219742,0.5750482678413391,0.6329674124717712,-0.02877054177224636,0.5445413589477539,0.5291099548339844,-0.04909159988164902,0.5242903232574463,0.46737420558929443,-0.06354214251041412,0.5079167485237122,0.41159749031066895,-0.0757661834359169,0.5649696588516235,0.6561729311943054,-0.04362229257822037,0.540302574634552,0.5531398057937622,-0.06517595797777176,0.5225712656974792,0.49311500787734985,-0.07926229387521744,0.5102700591087341,0.441903293132782,-0.09042741358280182,0.5427668690681458,0.6835324764251709,-0.05751645565032959,0.5303820371627808,0.6187353134155273,-0.08456341922283173,0.5234882235527039,0.5708884000778198,-0.1019500121474266,0.5204170942306519,0.5246721506118774,-0.11470258980989456,0.0,0.0,0.0,0.0,0.0,0.0,0.0,0.0,0.0,0.0,0.0,0.0,0.0,0.0,0.0,0.0,0.0,0.0,0.0,0.0,0.0,0.0,0.0,0.0,0.0,0.0,0.0,0.0,0.0,0.0,0.0,0.0,0.0,0.0,0.0,0.0,0.0,0.0,0.0,0.0,0.0,0.0,0.0,0.0,0.0,0.0,0.0,0.0,0.0,0.0,0.0,0.0,0.0,0.0,0.0,0.0,0.0,0.0,0.0,0.0,0.0,0.0,0.0
231,0.5461947321891785,0.8102503418922424,-7.591795991856998e-08,0.5122378468513489,0.7337005138397217,0.006465318612754345,0.5092504024505615,0.6629990339279175,0.004366111475974321,0.5086070895195007,0.6079006791114807,8.202880417229608e-05,0.5032942891120911,0.5604640245437622,-0.006298738997429609,0.5688429474830627,0.6201410889625549,-0.012527018785476685,0.5430615544319153,0.5345097780227661,-0.029871296137571335,0.526806652545929,0.4810594916343689,-0.04287371411919594,0.5122637152671814,0.4335525631904602,-0.054137811064720154,0.5738940238952637,0.6324339509010315,-0.028745321556925774,0.5453886985778809,0.5296125411987305,-0.04908965528011322,0.5253275036811829,0.46829697489738464,-0.0637008473277092,0.507878303527832,0.4130234122276306,-0.07611171901226044,0.5631412863731384,0.6563149690628052,-0.04463035613298416,0.5410427451133728,0.5544005632400513,-0.06585478037595749,0.5253867506980896,0.49477314949035645,-0.07971104234457016,0.5145668983459473,0.4443388283252716,-0.09089996665716171,0.5398143529891968,0.6838427782058716,-0.05928269401192665,0.529208242893219,0.6189643144607544,-0.08595506846904755,0.5242611765861511,0.5714548230171204,-0.10289645195007324,0.523546040058136,0.5257041454315186,-0.11553294956684113,0.0,0.0,0.0,0.0,0.0,0.0,0.0,0.0,0.0,0.0,0.0,0.0,0.0,0.0,0.0,0.0,0.0,0.0,0.0,0.0,0.0,0.0,0.0,0.0,0.0,0.0,0.0,0.0,0.0,0.0,0.0,0.0,0.0,0.0,0.0,0.0,0.0,0.0,0.0,0.0,0.0,0.0,0.0,0.0,0.0,0.0,0.0,0.0,0.0,0.0,0.0,0.0,0.0,0.0,0.0,0.0,0.0,0.0,0.0,0.0,0.0,0.0,0.0
232,0.545901894569397,0.820289134979248,-3.6790698487720874e-08,0.5050119161605835,0.7452446818351746,0.00426627229899168,0.49834156036376953,0.6706862449645996,0.0014290176331996918,0.4963821470737457,0.6138983368873596,-0.0035243381280452013,0.49221378564834595,0.5657605528831482,-0.010700130835175514,0.56810063123703,0.629191517829895,-0.013722402974963188,0.5447173118591309,0.5442109107971191,-0.03146030381321907,0.5294346809387207,0.4902375638484955,-0.045260023325681686,0.5137742161750793,0.4418250322341919,-0.05742841586470604,0.5733155012130737,0.6412394642829895,-0.029463723301887512,0.5470038056373596,0.5390447974205017,-0.05071600154042244,0.5270896553993225,0.4759785532951355,-0.06674188375473022,0.5084019899368286,0.41850078105926514,-0.08041148632764816,0.5619698762893677,0.6644678115844727,-0.04505271092057228,0.5427559614181519,0.5622732639312744,-0.0673329159617424,0.5277794003486633,0.5024794936180115,-0.0817970559000969,0.5163325071334839,0.45183229446411133,-0.09332411736249924,0.5366203784942627,0.6910476088523865,-0.05964206904172897,0.5275528430938721,0.625377357006073,-0.08652788400650024,0.5233872532844543,0.5783494710922241,-0.10334021598100662,0.523524284362793,0.5329674482345581,-0.11598818004131317,0.37652868032455444,0.838488757610321,3.7697898847000033e-07,0.35293692350387573,0.7578521966934204,0.009772791527211666,0.34666889905929565,0.6696598529815674,0.006242095958441496,0.3523982763290405,0.6019139289855957,-0.0007092563319019973,0.3551577627658844,0.5519212484359741,-0.009524332359433174,0.3583843410015106,0.6252673268318176,-0.025118689984083176,0.38001540303230286,0.5291025042533875,-0.04698814079165459,0.40150678157806396,0.47330164909362793,-0.06070084124803543,0.4210440516471863,0.4258646070957184,-0.07019687443971634,0.37113869190216064,0.636678159236908,-0.04303412884473801,0.39669081568717957,0.525559663772583,-0.06584665179252625,0.4213826656341553,0.459005206823349,-0.07938576489686966,0.44371211528778076,0.40274709463119507,-0.0892905667424202,0.3875870704650879,0.6626297235488892,-0.0591876320540905,0.41259241104125977,0.5603921413421631,-0.07920180261135101,0.43421363830566406,0.49929359555244446,-0.09009058773517609,0.452789306640625,0.447437584400177,-0.09862413257360458,0.40802788734436035,0.6991563439369202,-0.0738477036356926,0.4268359839916229,0.6350686550140381,-0.09122549742460251,0.4333297610282898,0.5915919542312622,-0.09836817532777786,0.43821030855178833,0.5512665510177612,-0.10397719591856003
233,0.5491467118263245,0.8164789080619812,-5.301544447888773e-08,0.5101901888847351,0.748191773891449,0.00537969870492816,0.50156569480896,0.6766462326049805,0.0032726479694247246,0.49710068106651306,0.6198051571846008,-0.0004999570082873106,0.4874497950077057,0.5728811025619507,-0.006282438058406115,0.5671895742416382,0.6295790672302246,-0.015316854231059551,0.5443935394287109,0.5439250469207764,-0.032795779407024384,0.5294049978256226,0.48947209119796753,-0.04566339775919914,0.5142671465873718,0.440713107585907,-0.057144373655319214,0.573630154132843,0.6416448354721069,-0.031199200078845024,0.5462620854377747,0.5354726314544678,-0.053061261773109436,0.5254821181297302,0.4724096953868866,-0.06797071546316147,0.50630784034729,0.41554224491119385,-0.08028648793697357,0.5634435415267944,0.6644444465637207,-0.046633508056402206,0.5429731011390686,0.5576090812683105,-0.06991470605134964,0.5260878205299377,0.49716365337371826,-0.08405797183513641,0.5131975412368774,0.44688093662261963,-0.09476891905069351,0.5396983623504639,0.6894643306732178,-0.06071524694561958,0.5286293625831604,0.6221641898155212,-0.0896080732345581,0.52443927526474,0.573555588722229,-0.10777372866868973,0.5245261192321777,0.5276452898979187,-0.12084005028009415,0.0,0.0,0.0,0.0,0.0,0.0,0.0,0.0,0.0,0.0,0.0,0.0,0.0,0.0,0.0,0.0,0.0,0.0,0.0,0.0,0.0,0.0,0.0,0.0,0.0,0.0,0.0,0.0,0.0,0.0,0.0,0.0,0.0,0.0,0.0,0.0,0.0,0.0,0.0,0.0,0.0,0.0,0.0,0.0,0.0,0.0,0.0,0.0,0.0,0.0,0.0,0.0,0.0,0.0,0.0,0.0,0.0,0.0,0.0,0.0,0.0,0.0,0.0
234,0.5472569465637207,0.8145534992218018,-7.373895982709655e-08,0.5139638781547546,0.7421180605888367,0.009665772318840027,0.5051640272140503,0.6681162714958191,0.009157191962003708,0.49976035952568054,0.6090153455734253,0.006304262671619654,0.489548921585083,0.5605863332748413,0.0013143867254257202,0.5636177062988281,0.623709499835968,-0.012664050795137882,0.5395515561103821,0.5398082137107849,-0.029195474460721016,0.5246874094009399,0.48601922392845154,-0.0409819632768631,0.5110968351364136,0.43732401728630066,-0.051905181258916855,0.5693587064743042,0.6369628310203552,-0.03024100326001644,0.5392507910728455,0.5342763662338257,-0.050802867859601974,0.5197892785072327,0.47112083435058594,-0.06450308859348297,0.5032458305358887,0.4127578139305115,-0.07648441940546036,0.5596851706504822,0.6615816950798035,-0.0471036359667778,0.5371101498603821,0.5584155321121216,-0.06914976239204407,0.5218888521194458,0.4973631501197815,-0.0826164036989212,0.5117267370223999,0.4446316361427307,-0.09350277483463287,0.5379837155342102,0.6887741684913635,-0.06229064241051674,0.5273118019104004,0.6228859424591064,-0.09162218868732452,0.5225790143013,0.5739105343818665,-0.11033839732408524,0.5220896601676941,0.5268795490264893,-0.123989038169384,0.39524781703948975,0.8542755246162415,2.7236239930061856e-07,0.38096773624420166,0.7576121091842651,0.017540734261274338,0.37605124711990356,0.6691984534263611,0.011977696791291237,0.3784944415092468,0.5983806252479553,0.0006216591573320329,0.37614020705223083,0.5431653261184692,-0.012992104515433311,0.37655705213546753,0.6401894092559814,-0.027848049998283386,0.3946169912815094,0.5253138542175293,-0.05370679870247841,0.41259366273880005,0.4630357027053833,-0.06690262258052826,0.43133723735809326,0.41279280185699463,-0.07518695294857025,0.38541853427886963,0.6556407809257507,-0.05354967340826988,0.4066723883152008,0.5261388421058655,-0.07884056866168976,0.4278745651245117,0.45244231820106506,-0.09021326154470444,0.44706252217292786,0.3971794545650482,-0.09772425889968872,0.4046246409416199,0.6844046711921692,-0.07683289051055908,0.42258769273757935,0.566765308380127,-0.09809446334838867,0.4415876269340515,0.4985561668872833,-0.10582169145345688,0.45826613903045654,0.4449692368507385,-0.11165273189544678,0.43521761894226074,0.722717821598053,-0.09824767708778381,0.44267910718917847,0.6459125280380249,-0.11619190126657486,0.4451185166835785,0.5912377238273621,-0.12148074060678482,0.44926923513412476,0.5431640148162842,-0.12529873847961426
235,0.5440903902053833,0.804463803768158,-6.842154931518962e-08,0.5390735268592834,0.7311066389083862,0.015874503180384636,0.533416748046875,0.6553724408149719,0.017316466197371483,0.5261482000350952,0.5953198671340942,0.015435495413839817,0.5127659440040588,0.5480927228927612,0.010693986900150776,0.5625168681144714,0.6195015907287598,-0.012297543697059155,0.5373038053512573,0.5313461422920227,-0.030602172017097473,0.5219101905822754,0.4736061692237854,-0.04294420778751373,0.5096428394317627,0.42384976148605347,-0.053343627601861954,0.56414794921875,0.6332559585571289,-0.03233383968472481,0.5306448340415955,0.5291714072227478,-0.05193647742271423,0.5115523934364319,0.4660256505012512,-0.06438210606575012,0.4970466196537018,0.40808022022247314,-0.07544631510972977,0.5536766052246094,0.6583753228187561,-0.050933338701725006,0.5265839695930481,0.5563480854034424,-0.07169217616319656,0.5096566677093506,0.49548348784446716,-0.08478382229804993,0.4985288381576538,0.44368958473205566,-0.09556259959936142,0.5336498022079468,0.6882398724555969,-0.06717679649591446,0.5222501158714294,0.6241114139556885,-0.09538093954324722,0.5168752670288086,0.5748821496963501,-0.1130961924791336,0.5148833990097046,0.5283288359642029,-0.1259331852197647,0.39447078108787537,0.8411008715629578,4.1807493289525155e-07,0.38275280594825745,0.7464849948883057,0.012555772438645363,0.38107576966285706,0.6588508486747742,0.006060134153813124,0.38706767559051514,0.5931539535522461,-0.004969444591552019,0.3935636579990387,0.5427722930908203,-0.01828145608305931,0.3826809823513031,0.635383129119873,-0.026505224406719208,0.40285006165504456,0.5276148319244385,-0.051613446325063705,0.42313775420188904,0.46662747859954834,-0.06599149852991104,0.4430966079235077,0.4178883135318756,-0.0746334120631218,0.39273202419281006,0.6514756679534912,-0.04794348031282425,0.4132472574710846,0.5298936367034912,-0.07046473026275635,0.43527063727378845,0.4594267010688782,-0.08177127689123154,0.45542317628860474,0.4053932726383209,-0.08911699801683426,0.413715124130249,0.6788424849510193,-0.06750695407390594,0.4306407868862152,0.5672929883003235,-0.08559829741716385,0.44772571325302124,0.5032399296760559,-0.09343884885311127,0.4625043570995331,0.4528254270553589,-0.0991206094622612,0.44548720121383667,0.7140385508537292,-0.08568403124809265,0.455085426568985,0.6387732028961182,-0.09928561747074127,0.45801758766174316,0.5887749791145325,-0.10267934203147888,0.4605247378349304,0.5467563271522522,-0.10511414706707001
236,0.5444126129150391,0.8105285167694092,-2.711129987176264e-08,0.5272605419158936,0.7345883250236511,0.012436987832188606,0.5227107405662537,0.6565829515457153,0.013492423109710217,0.5198395848274231,0.5958356261253357,0.011882915161550045,0.5102327466011047,0.5461345911026001,0.007953423075377941,0.5604139566421509,0.620373010635376,-0.012807146646082401,0.5311107039451599,0.5337967276573181,-0.03112182766199112,0.5136977434158325,0.4763408303260803,-0.04344015568494797,0.5000211596488953,0.426636278629303,-0.05364328995347023,0.5638533234596252,0.6339157819747925,-0.030962688848376274,0.5287819504737854,0.5303417444229126,-0.051026519387960434,0.5089771747589111,0.4647212028503418,-0.06363866478204727,0.49386459589004517,0.40680116415023804,-0.0746462419629097,0.5530072450637817,0.6586447954177856,-0.04809943959116936,0.5249688029289246,0.5568242073059082,-0.06846999377012253,0.507352352142334,0.4950724244117737,-0.08134766668081284,0.4961824417114258,0.44361352920532227,-0.09197992831468582,0.5315141081809998,0.6876041293144226,-0.06341683119535446,0.5222293138504028,0.6234686970710754,-0.09118417650461197,0.5179866552352905,0.5743070244789124,-0.10936224460601807,0.5170407295227051,0.5275170803070068,-0.12257353216409683,0.39576736092567444,0.836854100227356,4.3264336113679747e-07,0.3787240982055664,0.7492857575416565,0.010044698603451252,0.3753165602684021,0.6639833450317383,0.0028812249656766653,0.37890803813934326,0.5971938371658325,-0.008549723774194717,0.3838539123535156,0.5450916886329651,-0.022080304101109505,0.38164475560188293,0.6429505348205566,-0.02871490828692913,0.4025789797306061,0.5307817459106445,-0.054532717913389206,0.42137229442596436,0.46818971633911133,-0.06844648718833923,0.4399312734603882,0.41944098472595215,-0.0764084905385971,0.39085543155670166,0.656380295753479,-0.04906422644853592,0.4125882685184479,0.5318037867546082,-0.07307111471891403,0.43458378314971924,0.4602941870689392,-0.08486910164356232,0.4550270438194275,0.4090067148208618,-0.09193991124629974,0.41198861598968506,0.6811944842338562,-0.06777545809745789,0.43152984976768494,0.5678865909576416,-0.0877743735909462,0.4486275911331177,0.5023609399795532,-0.09764302521944046,0.46210503578186035,0.45143330097198486,-0.10419173538684845,0.44455015659332275,0.7137417197227478,-0.08513535559177399,0.4562564790248871,0.6378723382949829,-0.10142261534929276,0.45963454246520996,0.5874624252319336,-0.10723233968019485,0.46202149987220764,0.5433609485626221,-0.11081191152334213
237,0.5454838871955872,0.8137169480323792,-5.390991475451301e-08,0.5369666814804077,0.7376401424407959,0.01532193273305893,0.5314163565635681,0.6579501032829285,0.018493864685297012,0.526052713394165,0.5953063368797302,0.018468480557203293,0.5154887437820435,0.5456475615501404,0.016036855056881905,0.5580258369445801,0.6236004829406738,-0.009454785846173763,0.5303270220756531,0.5340782403945923,-0.02658253349363804,0.5131246447563171,0.47578179836273193,-0.037638209760189056,0.5005377531051636,0.4267917275428772,-0.04701664671301842,0.5588597655296326,0.6363828182220459,-0.028870584443211555,0.5244218111038208,0.5306150317192078,-0.048147253692150116,0.5057245492935181,0.465273380279541,-0.060537129640579224,0.4920142590999603,0.40760940313339233,-0.07138697803020477,0.5485983490943909,0.6612753868103027,-0.047140948474407196,0.520538330078125,0.5591402053833008,-0.06772176176309586,0.5029777884483337,0.49685248732566833,-0.08198026567697525,0.49197670817375183,0.44487494230270386,-0.09368188679218292,0.5300292372703552,0.6913838982582092,-0.06320975720882416,0.5198513865470886,0.6275595426559448,-0.09248042106628418,0.5153369307518005,0.5779392123222351,-0.11237257719039917,0.5138559341430664,0.5304547548294067,-0.12681947648525238,0.3944826126098633,0.8340232372283936,4.780027325068659e-07,0.37904053926467896,0.7483693361282349,0.008960235863924026,0.3774150311946869,0.6660955548286438,0.0011203093454241753,0.3830014765262604,0.6021826267242432,-0.010880788788199425,0.39027929306030273,0.5514733195304871,-0.025056440383195877,0.3808043599128723,0.6451672315597534,-0.028847258538007736,0.40226396918296814,0.5321008563041687,-0.055481940507888794,0.4228704869747162,0.4677668809890747,-0.06995220482349396,0.44287344813346863,0.41881826519966125,-0.07788080722093582,0.391019731760025,0.6571322083473206,-0.0484204962849617,0.41288110613822937,0.533482015132904,-0.07229926437139511,0.4363988935947418,0.4599995017051697,-0.08441871404647827,0.4587136507034302,0.40779972076416016,-0.0915517657995224,0.4128170907497406,0.6810414791107178,-0.06645968556404114,0.43246155977249146,0.5680866241455078,-0.086293525993824,0.4502320885658264,0.5017713904380798,-0.09647037833929062,0.46498623490333557,0.4506792724132538,-0.10309955477714539,0.44573065638542175,0.712552011013031,-0.08320032805204391,0.45805346965789795,0.6386029720306396,-0.09947242587804794,0.46123310923576355,0.5882711410522461,-0.10534706711769104,0.4634808897972107,0.5440562963485718,-0.10874108225107193
238,0.0,0.0,0.0,0.0,0.0,0.0,0.0,0.0,0.0,0.0,0.0,0.0,0.0,0.0,0.0,0.0,0.0,0.0,0.0,0.0,0.0,0.0,0.0,0.0,0.0,0.0,0.0,0.0,0.0,0.0,0.0,0.0,0.0,0.0,0.0,0.0,0.0,0.0,0.0,0.0,0.0,0.0,0.0,0.0,0.0,0.0,0.0,0.0,0.0,0.0,0.0,0.0,0.0,0.0,0.0,0.0,0.0,0.0,0.0,0.0,0.0,0.0,0.0,0.39704492688179016,0.8249092698097229,4.822954338123964e-07,0.3798568844795227,0.7393852472305298,0.007838884368538857,0.3741267919540405,0.6537395715713501,-0.0007481109932996333,0.3754887878894806,0.5861896872520447,-0.012732699513435364,0.37950587272644043,0.5325102806091309,-0.027117928490042686,0.3800213038921356,0.632857084274292,-0.033338479697704315,0.40338248014450073,0.5244569182395935,-0.060757193714380264,0.424150288105011,0.4631554186344147,-0.0759921669960022,0.4441312253475189,0.41557085514068604,-0.08480152487754822,0.38995999097824097,0.6484569311141968,-0.05255541205406189,0.4144729673862457,0.5299403667449951,-0.0773918479681015,0.43750178813934326,0.459796667098999,-0.08962665498256683,0.4586082398891449,0.4082457423210144,-0.09732291847467422,0.41071709990501404,0.6757655739784241,-0.07015419006347656,0.43288761377334595,0.5670768022537231,-0.09109973907470703,0.4513406753540039,0.5029488205909729,-0.10133002698421478,0.46584266424179077,0.45168399810791016,-0.10834681242704391,0.44157132506370544,0.7114887833595276,-0.08636517822742462,0.4545578360557556,0.6397331953048706,-0.10394392162561417,0.45798152685165405,0.5907778739929199,-0.11031745374202728,0.45981305837631226,0.5477346777915955,-0.11433496326208115
239,0.0,0.0,0.0,0.0,0.0,0.0,0.0,0.0,0.0,0.0,0.0,0.0,0.0,0.0,0.0,0.0,0.0,0.0,0.0,0.0,0.0,0.0,0.0,0.0,0.0,0.0,0.0,0.0,0.0,0.0,0.0,0.0,0.0,0.0,0.0,0.0,0.0,0.0,0.0,0.0,0.0,0.0,0.0,0.0,0.0,0.0,0.0,0.0,0.0,0.0,0.0,0.0,0.0,0.0,0.0,0.0,0.0,0.0,0.0,0.0,0.0,0.0,0.0,0.39769425988197327,0.8298212289810181,4.7649274392824736e-07,0.3791010081768036,0.7448815703392029,0.00759022356942296,0.3749069571495056,0.6618173122406006,-0.0016592484898865223,0.37911689281463623,0.5987711548805237,-0.014609786681830883,0.38749590516090393,0.5498272776603699,-0.029857473447918892,0.3807513117790222,0.6391616463661194,-0.03278471529483795,0.4009987711906433,0.5277412533760071,-0.05999761447310448,0.4215477406978607,0.46572035551071167,-0.07470720261335373,0.44153910875320435,0.4183030128479004,-0.0828469768166542,0.3908870816230774,0.6534314155578613,-0.05215689539909363,0.41251420974731445,0.5310803055763245,-0.07667457312345505,0.4357755780220032,0.45831435918807983,-0.0882093757390976,0.4580833911895752,0.40657496452331543,-0.09484057873487473,0.41282662749290466,0.6797018051147461,-0.06996595859527588,0.43248701095581055,0.5655778050422668,-0.08989471197128296,0.4508163332939148,0.4983466565608978,-0.09920097142457962,0.46627581119537354,0.4465291500091553,-0.10518740117549896,0.44600343704223633,0.7137869000434875,-0.08655359596014023,0.45709487795829773,0.6374606490135193,-0.10288731008768082,0.45911112427711487,0.5855144262313843,-0.10811881721019745,0.46051281690597534,0.5408654808998108,-0.11094094812870026
240,0.0,0.0,0.0,0.0,0.0,0.0,0.0,0.0,0.0,0.0,0.0,0.0,0.0,0.0,0.0,0.0,0.0,0.0,0.0,0.0,0.0,0.0,0.0,0.0,0.0,0.0,0.0,0.0,0.0,0.0,0.0,0.0,0.0,0.0,0.0,0.0,0.0,0.0,0.0,0.0,0.0,0.0,0.0,0.0,0.0,0.0,0.0,0.0,0.0,0.0,0.0,0.0,0.0,0.0,0.0,0.0,0.0,0.0,0.0,0.0,0.0,0.0,0.0,0.39559778571128845,0.8306516408920288,5.010372206015745e-07,0.37834253907203674,0.7445459365844727,0.00913215521723032,0.37563472986221313,0.661977231502533,0.0002939070400316268,0.379853218793869,0.5983769297599792,-0.012657498009502888,0.3872838616371155,0.5491374731063843,-0.027968669310212135,0.37970858812332153,0.642184853553772,-0.03171814605593681,0.40092161297798157,0.5285242795944214,-0.0595521405339241,0.4223310351371765,0.4651465117931366,-0.07460937649011612,0.4434770345687866,0.41742128133773804,-0.08292273432016373,0.3887011408805847,0.6556888222694397,-0.05197945237159729,0.4110957980155945,0.5315839648246765,-0.07759074866771698,0.43566957116127014,0.45832592248916626,-0.08980600535869598,0.45924630761146545,0.40645748376846313,-0.09682871401309967,0.41045039892196655,0.6806282997131348,-0.0705849900841713,0.4298709034919739,0.564990222454071,-0.09161170572042465,0.44875138998031616,0.49716031551361084,-0.10154391080141068,0.46495532989501953,0.44516104459762573,-0.10790963470935822,0.44417375326156616,0.7127236723899841,-0.0878336951136589,0.45547550916671753,0.6371598839759827,-0.10506108403205872,0.45853352546691895,0.5853331089019775,-0.11106415092945099,0.46124666929244995,0.5400020480155945,-0.11449988186359406
241,0.5647911429405212,0.8204020857810974,-1.3013458044497384e-07,0.5517756342887878,0.729788601398468,0.03145892918109894,0.5303503274917603,0.6589089632034302,0.038697149604558945,0.5063389539718628,0.6073548197746277,0.03864024952054024,0.4850090444087982,0.5607736110687256,0.035202570259571075,0.5375542044639587,0.606833279132843,0.007304358296096325,0.5065897107124329,0.5201553702354431,-0.009004566818475723,0.4904811382293701,0.46753597259521484,-0.0222813468426466,0.4799150228500366,0.42027419805526733,-0.033865563571453094,0.5381186008453369,0.6227566599845886,-0.02093932405114174,0.502519965171814,0.5154575705528259,-0.0369260236620903,0.4876020550727844,0.4581136703491211,-0.047529492527246475,0.47680872678756714,0.4023556113243103,-0.05801437795162201,0.533291757106781,0.654293417930603,-0.047808971256017685,0.5060594081878662,0.5521259903907776,-0.06551340967416763,0.4941979944705963,0.49195533990859985,-0.07628675550222397,0.488116979598999,0.43920451402664185,-0.08685912191867828,0.5263534188270569,0.6941020488739014,-0.07140201330184937,0.5121082067489624,0.6327283978462219,-0.09801459312438965,0.5032873153686523,0.5859217047691345,-0.11399723589420319,0.49796539545059204,0.5407334566116333,-0.1266801804304123,0.3972852826118469,0.8355193734169006,4.865083838012652e-07,0.3802364468574524,0.7509161829948425,0.007942033931612968,0.3777378499507904,0.668114960193634,-0.0012807726161554456,0.3835979402065277,0.6051056981086731,-0.014501161873340607,0.39183634519577026,0.555726170539856,-0.02991546131670475,0.38109636306762695,0.6465888619422913,-0.032671310007572174,0.4009076952934265,0.5313332080841064,-0.06032843142747879,0.4218713343143463,0.46795329451560974,-0.0750519260764122,0.4423639476299286,0.42002999782562256,-0.08311328291893005,0.3900667428970337,0.6594319939613342,-0.0524287074804306,0.41166332364082336,0.5334554314613342,-0.07750204205513,0.4357454478740692,0.4602853059768677,-0.08908948302268982,0.45860081911087036,0.4092666506767273,-0.09562888741493225,0.4119613766670227,0.6844308376312256,-0.07064457982778549,0.4314247667789459,0.5668944716453552,-0.0909709483385086,0.4501645267009735,0.4988052546977997,-0.10036256909370422,0.46611499786376953,0.4468916654586792,-0.10636738687753677,0.4460478127002716,0.7168963551521301,-0.08766533434391022,0.45814043283462524,0.6392109990119934,-0.10415550321340561,0.46168047189712524,0.5864884257316589,-0.10970892757177353,0.4647713005542755,0.5407270193099976,-0.11281758546829224
242,0.5529460906982422,0.8300909996032715,3.8146957592744e-08,0.5478578805923462,0.7366273999214172,0.0238243006169796,0.5388632416725159,0.6561236381530762,0.02710176445543766,0.5293093323707581,0.596872091293335,0.024803603067994118,0.5140144228935242,0.5485620498657227,0.019630584865808487,0.5526033043861389,0.6154589653015137,-0.0011750308331102133,0.5250831246376038,0.5289301872253418,-0.015714403241872787,0.5084541440010071,0.47472083568573,-0.027169115841388702,0.495665967464447,0.424818754196167,-0.03719129040837288,0.5518646240234375,0.6298579573631287,-0.024858443066477776,0.5129573941230774,0.5282275080680847,-0.040167830884456635,0.4929541349411011,0.4659639596939087,-0.05187152326107025,0.47855618596076965,0.4083256125450134,-0.0634302869439125,0.5444394946098328,0.6591488122940063,-0.046547673642635345,0.5127323865890503,0.5625489950180054,-0.0613657645881176,0.49660524725914,0.5017240047454834,-0.07199368625879288,0.4882143437862396,0.4525883197784424,-0.0827644094824791,0.5318567752838135,0.6951451301574707,-0.06578608602285385,0.5169263482093811,0.6317510604858398,-0.08721800148487091,0.5113455057144165,0.583446204662323,-0.10097354650497437,0.510047972202301,0.5377313494682312,-0.11238779127597809,0.38820746541023254,0.8469443917274475,4.556574708658445e-07,0.3588876724243164,0.7614697813987732,0.007926314137876034,0.33895164728164673,0.6743312478065491,0.00692908838391304,0.3354591131210327,0.6050864458084106,0.0026129097677767277,0.3390628695487976,0.5539543628692627,-0.002719841431826353,0.36266574263572693,0.637356698513031,-0.00970123428851366,0.3842339515686035,0.5410646200180054,-0.029522625729441643,0.40919244289398193,0.4790242910385132,-0.04411995783448219,0.43267208337783813,0.42953360080718994,-0.05390200763940811,0.3803820013999939,0.6474202871322632,-0.02420131489634514,0.40594977140426636,0.5403218865394592,-0.04222962260246277,0.43229028582572937,0.47060996294021606,-0.05494142323732376,0.4578087329864502,0.41281548142433167,-0.063484787940979,0.40276604890823364,0.6695725917816162,-0.03828934580087662,0.4227469265460968,0.5661678314208984,-0.05464230105280876,0.44289451837539673,0.502558708190918,-0.0639190822839737,0.4634445011615753,0.44822022318840027,-0.07022052258253098,0.4273392856121063,0.7048900723457336,-0.0513916015625,0.43705737590789795,0.6373111605644226,-0.06726006418466568,0.44243794679641724,0.5919289588928223,-0.07303546369075775,0.450161337852478,0.548442006111145,-0.0760236456990242
243,0.5486268997192383,0.8196904063224792,3.039095730628105e-08,0.5347684025764465,0.7334869503974915,0.016513412818312645,0.5253849625587463,0.6531028747558594,0.017563296481966972,0.51926189661026,0.5903188586235046,0.0145904291421175,0.5083125233650208,0.5399605631828308,0.008966268971562386,0.540591299533844,0.6182757616043091,-0.008558742702007294,0.5150843858718872,0.5294283628463745,-0.02718372829258442,0.4986419379711151,0.4738793969154358,-0.04022456333041191,0.48871681094169617,0.4233042597770691,-0.05103139951825142,0.5438637137413025,0.6310393214225769,-0.029245249927043915,0.5085458755493164,0.5278141498565674,-0.048392102122306824,0.4916496276855469,0.46602365374565125,-0.060995932668447495,0.48136061429977417,0.4086640179157257,-0.07236208766698837,0.5395585894584656,0.6576035618782043,-0.0488925464451313,0.5094422698020935,0.5589884519577026,-0.06878164410591125,0.49425527453422546,0.4984809160232544,-0.08194712549448013,0.4855056703090668,0.4472979009151459,-0.0932670310139656,0.5296717286109924,0.6922084093093872,-0.06645186245441437,0.5156171321868896,0.6297105550765991,-0.09306855499744415,0.5071752667427063,0.5795683860778809,-0.1104452833533287,0.5022361874580383,0.5310744047164917,-0.1236397847533226,0.399280846118927,0.8227231502532959,4.803781052942213e-07,0.3845319151878357,0.7374926209449768,0.007493938785046339,0.38024911284446716,0.6524219512939453,-0.0017295082798227668,0.3844914734363556,0.5850977301597595,-0.014774858020246029,0.3891223073005676,0.5317090153694153,-0.0301051065325737,0.38285890221595764,0.635040819644928,-0.034362029284238815,0.40177372097969055,0.5213996767997742,-0.06218404322862625,0.42226752638816833,0.4616411328315735,-0.07622887194156647,0.44216567277908325,0.4153214991092682,-0.08418883383274078,0.3926970958709717,0.6506431698799133,-0.054412610828876495,0.41313621401786804,0.5265023708343506,-0.08084968477487564,0.436749130487442,0.4551355242729187,-0.09296288341283798,0.45824337005615234,0.4040311276912689,-0.10018575191497803,0.41431528329849243,0.6783238053321838,-0.07296013832092285,0.43252280354499817,0.5652596354484558,-0.09549159556627274,0.4523809254169464,0.5014821887016296,-0.10596976429224014,0.46814560890197754,0.44995760917663574,-0.11294784396886826,0.4461398124694824,0.7129493355751038,-0.09009992331266403,0.4558921158313751,0.6418297290802002,-0.10940716415643692,0.45857396721839905,0.5904800891876221,-0.11694300174713135,0.461031436920166,0.5445361137390137,-0.12174775451421738
244,0.0,0.0,0.0,0.0,0.0,0.0,0.0,0.0,0.0,0.0,0.0,0.0,0.0,0.0,0.0,0.0,0.0,0.0,0.0,0.0,0.0,0.0,0.0,0.0,0.0,0.0,0.0,0.0,0.0,0.0,0.0,0.0,0.0,0.0,0.0,0.0,0.0,0.0,0.0,0.0,0.0,0.0,0.0,0.0,0.0,0.0,0.0,0.0,0.0,0.0,0.0,0.0,0.0,0.0,0.0,0.0,0.0,0.0,0.0,0.0,0.0,0.0,0.0,0.3787696659564972,0.860682487487793,4.4707715574077156e-07,0.3583452105522156,0.7572143077850342,0.013516789302229881,0.35466986894607544,0.6610279083251953,0.013522659428417683,0.36616674065589905,0.589949369430542,0.007810970302671194,0.37624359130859375,0.5378429889678955,0.0006048926152288914,0.36182594299316406,0.6363803148269653,-0.00528723793104291,0.38330358266830444,0.5352658629417419,-0.026067515835165977,0.40874016284942627,0.47072213888168335,-0.04157516360282898,0.43292880058288574,0.41794338822364807,-0.05250747129321098,0.3746480941772461,0.6511754989624023,-0.026042358949780464,0.3999969959259033,0.5393785238265991,-0.046900730580091476,0.4261101186275482,0.4661884903907776,-0.06310589611530304,0.45019543170928955,0.40602177381515503,-0.07461371272802353,0.3941822648048401,0.6786544322967529,-0.04621961712837219,0.4180154800415039,0.5742653608322144,-0.06517338007688522,0.44046545028686523,0.5078772902488708,-0.07720983773469925,0.45979610085487366,0.45252496004104614,-0.08595394343137741,0.41912955045700073,0.7181845307350159,-0.06515484303236008,0.43456903100013733,0.6481937766075134,-0.08145425468683243,0.44318410754203796,0.6010720133781433,-0.08793693035840988,0.45255130529403687,0.5575006604194641,-0.09267846494913101
245,0.5181152820587158,0.8256253600120544,-4.87979523455806e-09,0.4923536777496338,0.735981822013855,0.028578102588653564,0.4686432480812073,0.6630797982215881,0.03389429673552513,0.4473138153553009,0.6097310781478882,0.03239687904715538,0.42981022596359253,0.5646908283233643,0.027857428416609764,0.4882673919200897,0.6117107272148132,0.006205991841852665,0.4694325029850006,0.5255889892578125,-0.00830631610006094,0.4625908434391022,0.4776603579521179,-0.020803850144147873,0.45848628878593445,0.4298928380012512,-0.031861547380685806,0.4992687404155731,0.6220385432243347,-0.019738350063562393,0.47606122493743896,0.5171752572059631,-0.03582897409796715,0.4668401777744293,0.4603593349456787,-0.05002760514616966,0.4590319097042084,0.4025437831878662,-0.06325026601552963,0.506885290145874,0.6519489884376526,-0.04342016950249672,0.49475106596946716,0.5517096519470215,-0.06022947281599045,0.48800790309906006,0.4935052692890167,-0.0716857835650444,0.4864388108253479,0.44162511825561523,-0.08251118659973145,0.5147533416748047,0.6901261210441589,-0.06393910944461823,0.5073774456977844,0.6285175681114197,-0.08575094491243362,0.504609227180481,0.58296138048172,-0.09826488792896271,0.50490802526474,0.5360627770423889,-0.10880425572395325,0.3982127904891968,0.837590754032135,4.6100726081022003e-07,0.3833285868167877,0.7510784864425659,0.01094998512417078,0.37856316566467285,0.673482358455658,0.0015608756802976131,0.3827596604824066,0.6137097477912903,-0.012771369889378548,0.38922157883644104,0.5683672428131104,-0.029790116474032402,0.3821287751197815,0.6438400745391846,-0.03222784027457237,0.4010402262210846,0.5307596325874329,-0.05885988101363182,0.41971781849861145,0.4685608744621277,-0.07318533957004547,0.4379921555519104,0.41879719495773315,-0.08172807842493057,0.39080381393432617,0.6573404669761658,-0.05428938940167427,0.4101940393447876,0.5300070643424988,-0.07931745797395706,0.4313511252403259,0.4553050994873047,-0.09169470518827438,0.450755774974823,0.40078797936439514,-0.09970579296350479,0.4109048843383789,0.6838909387588501,-0.07433147728443146,0.42814868688583374,0.5696613192558289,-0.09468160569667816,0.44685593247413635,0.5042689442634583,-0.10425310581922531,0.46196794509887695,0.4539259076118469,-0.11111987382173538,0.4421265423297882,0.7178708910942078,-0.0929931104183197,0.4513983726501465,0.6428409814834595,-0.11000113934278488,0.4543711841106415,0.5909162759780884,-0.11614940315485,0.45735853910446167,0.5453299283981323,-0.12019477039575577
246,0.0,0.0,0.0,0.0,0.0,0.0,0.0,0.0,0.0,0.0,0.0,0.0,0.0,0.0,0.0,0.0,0.0,0.0,0.0,0.0,0.0,0.0,0.0,0.0,0.0,0.0,0.0,0.0,0.0,0.0,0.0,0.0,0.0,0.0,0.0,0.0,0.0,0.0,0.0,0.0,0.0,0.0,0.0,0.0,0.0,0.0,0.0,0.0,0.0,0.0,0.0,0.0,0.0,0.0,0.0,0.0,0.0,0.0,0.0,0.0,0.0,0.0,0.0,0.39692792296409607,0.830727756023407,4.6165277467480337e-07,0.3798484206199646,0.7457154393196106,0.010448109358549118,0.37457090616226196,0.6642079949378967,0.0033033867366611958,0.3764179050922394,0.6003268957138062,-0.008107110857963562,0.3800400495529175,0.5510940551757812,-0.022047778591513634,0.3797004520893097,0.6388043761253357,-0.02798166312277317,0.39936012029647827,0.5290400981903076,-0.05414639040827751,0.4190368056297302,0.46706026792526245,-0.06864652782678604,0.4379712641239166,0.41874754428863525,-0.07700472325086594,0.3890748620033264,0.6517926454544067,-0.04852861166000366,0.41003739833831787,0.5306578874588013,-0.07272761315107346,0.43185660243034363,0.4594683051109314,-0.08491116017103195,0.452325701713562,0.40713030099868774,-0.09227830171585083,0.4104699194431305,0.6769835352897644,-0.06748092919588089,0.4289643168449402,0.5660021305084229,-0.0875750258564949,0.4460773468017578,0.5019821524620056,-0.0976787880063057,0.46042850613594055,0.4506016969680786,-0.10442997515201569,0.44210273027420044,0.7105591893196106,-0.08500020951032639,0.4533953070640564,0.6371070742607117,-0.10157442837953568,0.4559608995914459,0.5876809358596802,-0.10751961916685104,0.4585876166820526,0.5438843965530396,-0.11117789149284363
247,0.572827160358429,0.8235090374946594,8.653628214005948e-08,0.5712229013442993,0.7327368259429932,0.020460743457078934,0.5674451589584351,0.6574289202690125,0.02257602848112583,0.5596947073936462,0.599678099155426,0.019792377948760986,0.5432496666908264,0.5562430024147034,0.013444933108985424,0.5861803293228149,0.6185261607170105,-0.004578814841806889,0.5501765608787537,0.5316663384437561,-0.020334461703896523,0.5294649004936218,0.475208580493927,-0.031115010380744934,0.5123567581176758,0.4244535565376282,-0.039608392864465714,0.584016740322113,0.6316570043563843,-0.02646932192146778,0.5470320582389832,0.5255063772201538,-0.04405201971530914,0.5249427556991577,0.46059513092041016,-0.05539221316576004,0.5067072510719299,0.40547892451286316,-0.06518860906362534,0.5700713396072388,0.6572595834732056,-0.046498533338308334,0.5422000288963318,0.5518966913223267,-0.06387340277433395,0.5219625234603882,0.49103039503097534,-0.07493061572313309,0.5080296993255615,0.44244611263275146,-0.08399844169616699,0.5455958843231201,0.6898338794708252,-0.06403102725744247,0.5311969518661499,0.6218705177307129,-0.08576513081789017,0.5241883993148804,0.5728585124015808,-0.09893324226140976,0.5218155980110168,0.5283752083778381,-0.10862994194030762,0.3967812657356262,0.8285115957260132,4.6121002128529653e-07,0.3786138892173767,0.7450509667396545,0.009570815600454807,0.373555064201355,0.664495587348938,0.0020989689510315657,0.3751903772354126,0.600899338722229,-0.009479514323174953,0.37871164083480835,0.5509108901023865,-0.023396357893943787,0.3780490756034851,0.6413543224334717,-0.028581753373146057,0.3968285918235779,0.5305919647216797,-0.05473000556230545,0.4161719083786011,0.4684705138206482,-0.06901102513074875,0.43497416377067566,0.42060136795043945,-0.07701633870601654,0.38901418447494507,0.653476357460022,-0.048600949347019196,0.40947985649108887,0.5307148098945618,-0.07250718027353287,0.4313408136367798,0.45927220582962036,-0.08446048200130463,0.4519319236278534,0.40783995389938354,-0.09151171147823334,0.41104820370674133,0.6772527098655701,-0.06706716120243073,0.4290463924407959,0.5653896331787109,-0.0867842361330986,0.4457390308380127,0.5012262463569641,-0.09632277488708496,0.4594813287258148,0.45072606205940247,-0.10261372476816177,0.44364652037620544,0.7087698578834534,-0.08420979976654053,0.45299792289733887,0.6356370449066162,-0.1006631851196289,0.45477625727653503,0.5864765644073486,-0.10626301169395447,0.4561097323894501,0.5429838299751282,-0.10949710756540298
248,0.5432063937187195,0.82271808385849,1.18261782589002e-08,0.5133552551269531,0.7443429827690125,0.006702751852571964,0.5069990754127502,0.6684152483940125,0.005560921970754862,0.5058549642562866,0.6075364947319031,0.001973770558834076,0.4982530474662781,0.5577141642570496,-0.003756558522582054,0.5614654421806335,0.6211335062980652,-0.008816628716886044,0.5343344211578369,0.5391021370887756,-0.02709788829088211,0.5164860486984253,0.4844825267791748,-0.04162050038576126,0.5020049214363098,0.4366537928581238,-0.05349250137805939,0.56546550989151,0.6335353851318359,-0.02507859095931053,0.5333685874938965,0.5342010855674744,-0.04509894549846649,0.5124944448471069,0.4716821014881134,-0.05957283824682236,0.4953842759132385,0.4158722162246704,-0.07162729650735855,0.5558968186378479,0.6588283777236938,-0.0415499322116375,0.5284383893013,0.5604045391082764,-0.06287132948637009,0.5100568532943726,0.4985139071941376,-0.07706712186336517,0.4974813163280487,0.4464852511882782,-0.0880439281463623,0.5351055860519409,0.6903315186500549,-0.05701519176363945,0.5248386263847351,0.6237236261367798,-0.08356135338544846,0.5197339057922363,0.5745499730110168,-0.10025449097156525,0.5181014537811279,0.5266172885894775,-0.1123005822300911,0.3995143473148346,0.8197811841964722,4.9365553422831e-07,0.38097479939460754,0.7368296980857849,0.009139089845120907,0.37410682439804077,0.6556556224822998,0.00038791506085544825,0.37407606840133667,0.5906859040260315,-0.012191756628453732,0.3784087002277374,0.5382920503616333,-0.027146192267537117,0.37717634439468384,0.6340696811676025,-0.03265885263681412,0.39750197529792786,0.5240316987037659,-0.06015752628445625,0.4169822633266449,0.46267175674438477,-0.07494088262319565,0.43604788184165955,0.4158756136894226,-0.08338497579097748,0.38697847723960876,0.6474892497062683,-0.05319098010659218,0.40874791145324707,0.5249594449996948,-0.07902513444423676,0.43136072158813477,0.4539308249950409,-0.09171585738658905,0.45235395431518555,0.40315908193588257,-0.09930125623941422,0.4086085855960846,0.6728340983390808,-0.07196827977895737,0.42802274227142334,0.5617125630378723,-0.0936647281050682,0.44552847743034363,0.49832868576049805,-0.10424043983221054,0.45903438329696655,0.4481087327003479,-0.1112765520811081,0.4410551190376282,0.7054183483123779,-0.08921258896589279,0.4512728452682495,0.6340188980102539,-0.10763070732355118,0.45261484384536743,0.5849792957305908,-0.11456774920225143,0.45290637016296387,0.5408772826194763,-0.1187848225235939
249,0.5427889823913574,0.8163334131240845,-4.197459801957848e-08,0.5167711973190308,0.7431514263153076,0.012607472948729992,0.507463812828064,0.6663274168968201,0.012462019920349121,0.5030972361564636,0.6056761145591736,0.009167879819869995,0.4928750991821289,0.5577903985977173,0.003480717306956649,0.5584079027175903,0.6233331561088562,-0.011669265106320381,0.5324954390525818,0.5347129106521606,-0.030116207897663116,0.5154085755348206,0.4768984615802765,-0.04342034459114075,0.5009254217147827,0.4268377423286438,-0.05487058684229851,0.5636718273162842,0.6353040337562561,-0.031195612624287605,0.5318378210067749,0.5278656482696533,-0.051393773406744,0.5112925171852112,0.4621700644493103,-0.06488366425037384,0.49532827734947205,0.40507757663726807,-0.07688775658607483,0.5539066195487976,0.6593852639198303,-0.049848772585392,0.5292701721191406,0.5533052682876587,-0.07027235627174377,0.5110067129135132,0.49070054292678833,-0.08301594853401184,0.4983419179916382,0.4384880065917969,-0.09398758411407471,0.5331776738166809,0.6885187029838562,-0.06679166108369827,0.5224471092224121,0.623245358467102,-0.09433841705322266,0.5154166221618652,0.5730802416801453,-0.11175767332315445,0.5117394328117371,0.5248662829399109,-0.12477798014879227,0.3981170952320099,0.8232764005661011,5.037531423113251e-07,0.37762451171875,0.7388821840286255,0.010288480669260025,0.37094181776046753,0.6586739420890808,0.001735760597512126,0.3712906241416931,0.595268726348877,-0.010925515554845333,0.3758440315723419,0.5455483198165894,-0.026134440675377846,0.37460944056510925,0.6355008482933044,-0.03008212335407734,0.39564916491508484,0.5264698266983032,-0.056488294154405594,0.41547349095344543,0.46461784839630127,-0.07080036401748657,0.4339117109775543,0.4169713854789734,-0.07899568229913712,0.3847689628601074,0.6485187411308289,-0.05100288614630699,0.4079018235206604,0.5272120237350464,-0.07536052167415619,0.4299487769603729,0.4537240266799927,-0.08720050007104874,0.45009130239486694,0.39974063634872437,-0.09431060403585434,0.4068145453929901,0.6732785701751709,-0.07019423693418503,0.4268929064273834,0.561845064163208,-0.08995519578456879,0.4447595477104187,0.4956010580062866,-0.09931184351444244,0.45898550748825073,0.4430445432662964,-0.10565085709095001,0.43964090943336487,0.7055240869522095,-0.08791327476501465,0.44977807998657227,0.6313932538032532,-0.10384666174650192,0.4513942003250122,0.581349790096283,-0.10901240259408951,0.4527662992477417,0.5373326539993286,-0.112139493227005
250,0.0,0.0,0.0,0.0,0.0,0.0,0.0,0.0,0.0,0.0,0.0,0.0,0.0,0.0,0.0,0.0,0.0,0.0,0.0,0.0,0.0,0.0,0.0,0.0,0.0,0.0,0.0,0.0,0.0,0.0,0.0,0.0,0.0,0.0,0.0,0.0,0.0,0.0,0.0,0.0,0.0,0.0,0.0,0.0,0.0,0.0,0.0,0.0,0.0,0.0,0.0,0.0,0.0,0.0,0.0,0.0,0.0,0.0,0.0,0.0,0.0,0.0,0.0,0.3980838358402252,0.8258389234542847,4.827743964597175e-07,0.380784809589386,0.7429614067077637,0.011731300503015518,0.37579023838043213,0.6637046933174133,0.004302956163883209,0.37931424379348755,0.6035468578338623,-0.0076478044502437115,0.3863518238067627,0.5570103526115417,-0.02212536893785,0.377142071723938,0.6393651962280273,-0.027936020866036415,0.39655256271362305,0.5292440056800842,-0.053307849913835526,0.4143117666244507,0.46600571274757385,-0.06671328842639923,0.43115654587745667,0.41766583919525146,-0.07411205023527145,0.38584667444229126,0.6514065265655518,-0.049152836203575134,0.40576332807540894,0.5268178582191467,-0.07260157912969589,0.4272093176841736,0.45332974195480347,-0.08380782604217529,0.44703468680381775,0.40053290128707886,-0.0900164470076561,0.4068802297115326,0.6749851107597351,-0.0684688538312912,0.42520368099212646,0.559739351272583,-0.0875481590628624,0.44293010234832764,0.49394717812538147,-0.09635462611913681,0.45730650424957275,0.44307810068130493,-0.10185681283473969,0.439353346824646,0.7058656215667725,-0.08620139211416245,0.45000630617141724,0.6307311654090881,-0.10112947970628738,0.4522632658481598,0.5810275077819824,-0.10552903264760971,0.45392942428588867,0.5379462838172913,-0.10783771425485611
251,0.536562442779541,0.8403563499450684,-8.582946975366212e-08,0.5200688242912292,0.7594625949859619,0.02573768049478531,0.5082884430885315,0.6896267533302307,0.02775435335934162,0.49228808283805847,0.6397708058357239,0.022503670305013657,0.48012882471084595,0.594086766242981,0.0135923707857728,0.5135645270347595,0.6269594430923462,-0.0012350804172456264,0.48572394251823425,0.5290497541427612,-0.020009715110063553,0.47470787167549133,0.4722267985343933,-0.03539825975894928,0.4688621461391449,0.4224858283996582,-0.048861756920814514,0.5147887468338013,0.639179527759552,-0.029248086735606194,0.4831215441226959,0.5164485573768616,-0.051573656499385834,0.471843957901001,0.4522606134414673,-0.06756449490785599,0.4626021981239319,0.392250120639801,-0.08157116174697876,0.5146241784095764,0.6670809984207153,-0.05580258369445801,0.49187982082366943,0.5493875741958618,-0.07754936814308167,0.48442021012306213,0.4866252541542053,-0.08928506076335907,0.4801168739795685,0.43145620822906494,-0.10009388625621796,0.51460200548172,0.7011654376983643,-0.07957642525434494,0.5033616423606873,0.6303773522377014,-0.10435307770967484,0.5007023215293884,0.5819355845451355,-0.11756739020347595,0.5005773305892944,0.536468505859375,-0.12909841537475586,0.3982192575931549,0.8274945020675659,4.6782906792941503e-07,0.380582332611084,0.7430065274238586,0.009718483313918114,0.37304234504699707,0.6569504141807556,0.0014696273719891906,0.3712928593158722,0.5878689289093018,-0.010781937278807163,0.36896660923957825,0.5325180888175964,-0.025866884738206863,0.378025621175766,0.6376335024833679,-0.033217791467905045,0.3967225253582001,0.5271872282028198,-0.0608459897339344,0.41363927721977234,0.46306735277175903,-0.07572142779827118,0.42998161911964417,0.4127865433692932,-0.08466188609600067,0.3854868412017822,0.6532174944877625,-0.05452823266386986,0.404841810464859,0.5297444462776184,-0.0812850147485733,0.42401084303855896,0.4556977152824402,-0.09451663494110107,0.44163352251052856,0.3994995057582855,-0.10276231169700623,0.4051709771156311,0.6790097951889038,-0.07409496605396271,0.42209041118621826,0.5646915435791016,-0.0970257893204689,0.43788716197013855,0.4974979758262634,-0.10805654525756836,0.4505840837955475,0.4430291950702667,-0.11543403565883636,0.4365503489971161,0.7122706770896912,-0.09207995235919952,0.4442752003669739,0.6376938223838806,-0.11187189817428589,0.44533663988113403,0.5859777331352234,-0.1199866235256195,0.446306049823761,0.5390161275863647,-0.1252470761537552
252,0.0,0.0,0.0,0.0,0.0,0.0,0.0,0.0,0.0,0.0,0.0,0.0,0.0,0.0,0.0,0.0,0.0,0.0,0.0,0.0,0.0,0.0,0.0,0.0,0.0,0.0,0.0,0.0,0.0,0.0,0.0,0.0,0.0,0.0,0.0,0.0,0.0,0.0,0.0,0.0,0.0,0.0,0.0,0.0,0.0,0.0,0.0,0.0,0.0,0.0,0.0,0.0,0.0,0.0,0.0,0.0,0.0,0.0,0.0,0.0,0.0,0.0,0.0,0.39598819613456726,0.8257977962493896,4.621788320946507e-07,0.38055944442749023,0.7435746788978577,0.013266962952911854,0.3741493225097656,0.6624066233634949,0.004927132744342089,0.3753724694252014,0.6012822389602661,-0.008361786603927612,0.37954455614089966,0.552207887172699,-0.02451532706618309,0.3750931918621063,0.634002685546875,-0.029855066910386086,0.3915269076824188,0.5253504514694214,-0.05714036524295807,0.407546728849411,0.4633379578590393,-0.07231159508228302,0.42310476303100586,0.41449791193008423,-0.08152343332767487,0.3818800151348114,0.649472713470459,-0.05356621369719505,0.4004911780357361,0.52436363697052,-0.07939630001783371,0.4200557470321655,0.4517265558242798,-0.09321578592061996,0.4378640055656433,0.39716625213623047,-0.1019563227891922,0.4011060893535614,0.6763426661491394,-0.07515380531549454,0.41625577211380005,0.5585700869560242,-0.09702274203300476,0.43211451172828674,0.49386197328567505,-0.10772517323493958,0.44474557042121887,0.4410998225212097,-0.11497393250465393,0.43290576338768005,0.709219753742218,-0.0948609784245491,0.44042328000068665,0.6353347897529602,-0.11302238702774048,0.4411005973815918,0.5847023129463196,-0.11969676613807678,0.44187408685684204,0.5379446744918823,-0.12398169189691544
253,0.0,0.0,0.0,0.0,0.0,0.0,0.0,0.0,0.0,0.0,0.0,0.0,0.0,0.0,0.0,0.0,0.0,0.0,0.0,0.0,0.0,0.0,0.0,0.0,0.0,0.0,0.0,0.0,0.0,0.0,0.0,0.0,0.0,0.0,0.0,0.0,0.0,0.0,0.0,0.0,0.0,0.0,0.0,0.0,0.0,0.0,0.0,0.0,0.0,0.0,0.0,0.0,0.0,0.0,0.0,0.0,0.0,0.0,0.0,0.0,0.0,0.0,0.0,0.3927849233150482,0.829367995262146,4.271754505680292e-07,0.37724077701568604,0.7457637786865234,0.013401203788816929,0.37088143825531006,0.6595874428749084,0.006323087029159069,0.36895304918289185,0.5917307138442993,-0.005579219665378332,0.3655295670032501,0.5369415879249573,-0.020590024068951607,0.37736275792121887,0.640150785446167,-0.031114736571907997,0.3915742337703705,0.5287582278251648,-0.05759962648153305,0.4058404862880707,0.46446341276168823,-0.07137829810380936,0.4204575717449188,0.4146144390106201,-0.07954928278923035,0.3834518492221832,0.6548999547958374,-0.05440181866288185,0.3997113108634949,0.5276419520378113,-0.07975319027900696,0.41794368624687195,0.45240336656570435,-0.09222996979951859,0.43504104018211365,0.39800435304641724,-0.10011883080005646,0.4014997184276581,0.6797775030136108,-0.07552200555801392,0.4154422879219055,0.5610643625259399,-0.0964532122015953,0.43003106117248535,0.49356988072395325,-0.10690632462501526,0.44190874695777893,0.44064801931381226,-0.11437525600194931,0.4316857159137726,0.7107036113739014,-0.09482816606760025,0.43778908252716064,0.6349573731422424,-0.11271669715642929,0.43852996826171875,0.5824292898178101,-0.12020696699619293,0.43966972827911377,0.5353965759277344,-0.12542559206485748
254,0.0,0.0,0.0,0.0,0.0,0.0,0.0,0.0,0.0,0.0,0.0,0.0,0.0,0.0,0.0,0.0,0.0,0.0,0.0,0.0,0.0,0.0,0.0,0.0,0.0,0.0,0.0,0.0,0.0,0.0,0.0,0.0,0.0,0.0,0.0,0.0,0.0,0.0,0.0,0.0,0.0,0.0,0.0,0.0,0.0,0.0,0.0,0.0,0.0,0.0,0.0,0.0,0.0,0.0,0.0,0.0,0.0,0.0,0.0,0.0,0.0,0.0,0.0,0.3933491110801697,0.8326472640037537,4.5884422661401914e-07,0.3762759864330292,0.7528083920478821,0.012271830812096596,0.37137332558631897,0.6724194884300232,0.004912596195936203,0.37486302852630615,0.6114131212234497,-0.007458436768501997,0.3812641501426697,0.5633466243743896,-0.0223141647875309,0.37332725524902344,0.6439311504364014,-0.02744893915951252,0.3888286352157593,0.5318126678466797,-0.05404510349035263,0.40503016114234924,0.46672874689102173,-0.0683538094162941,0.4214775562286377,0.4163782596588135,-0.07668690383434296,0.379666268825531,0.6560652256011963,-0.05013096705079079,0.39647433161735535,0.5286310911178589,-0.07555269449949265,0.4171052575111389,0.4538413882255554,-0.08851444721221924,0.43664053082466125,0.39861607551574707,-0.09605396538972855,0.39901202917099,0.6799284815788269,-0.07104919105768204,0.4134378731250763,0.5622267723083496,-0.09251702576875687,0.42969051003456116,0.4965221881866455,-0.10259462147951126,0.44355055689811707,0.4440062642097473,-0.10894297063350677,0.4310111701488495,0.7104849815368652,-0.09037727117538452,0.4383537173271179,0.6364305019378662,-0.10774427652359009,0.43967321515083313,0.5868415832519531,-0.11365956813097,0.4412967562675476,0.5414508581161499,-0.11717317253351212
255,0.0,0.0,0.0,0.0,0.0,0.0,0.0,0.0,0.0,0.0,0.0,0.0,0.0,0.0,0.0,0.0,0.0,0.0,0.0,0.0,0.0,0.0,0.0,0.0,0.0,0.0,0.0,0.0,0.0,0.0,0.0,0.0,0.0,0.0,0.0,0.0,0.0,0.0,0.0,0.0,0.0,0.0,0.0,0.0,0.0,0.0,0.0,0.0,0.0,0.0,0.0,0.0,0.0,0.0,0.0,0.0,0.0,0.0,0.0,0.0,0.0,0.0,0.0,0.0,0.0,0.0,0.0,0.0,0.0,0.0,0.0,0.0,0.0,0.0,0.0,0.0,0.0,0.0,0.0,0.0,0.0,0.0,0.0,0.0,0.0,0.0,0.0,0.0,0.0,0.0,0.0,0.0,0.0,0.0,0.0,0.0,0.0,0.0,0.0,0.0,0.0,0.0,0.0,0.0,0.0,0.0,0.0,0.0,0.0,0.0,0.0,0.0,0.0,0.0,0.0,0.0,0.0,0.0,0.0,0.0,0.0,0.0,0.0,0.0,0.0,0.0
256,0.0,0.0,0.0,0.0,0.0,0.0,0.0,0.0,0.0,0.0,0.0,0.0,0.0,0.0,0.0,0.0,0.0,0.0,0.0,0.0,0.0,0.0,0.0,0.0,0.0,0.0,0.0,0.0,0.0,0.0,0.0,0.0,0.0,0.0,0.0,0.0,0.0,0.0,0.0,0.0,0.0,0.0,0.0,0.0,0.0,0.0,0.0,0.0,0.0,0.0,0.0,0.0,0.0,0.0,0.0,0.0,0.0,0.0,0.0,0.0,0.0,0.0,0.0,0.0,0.0,0.0,0.0,0.0,0.0,0.0,0.0,0.0,0.0,0.0,0.0,0.0,0.0,0.0,0.0,0.0,0.0,0.0,0.0,0.0,0.0,0.0,0.0,0.0,0.0,0.0,0.0,0.0,0.0,0.0,0.0,0.0,0.0,0.0,0.0,0.0,0.0,0.0,0.0,0.0,0.0,0.0,0.0,0.0,0.0,0.0,0.0,0.0,0.0,0.0,0.0,0.0,0.0,0.0,0.0,0.0,0.0,0.0,0.0,0.0,0.0,0.0
257,0.0,0.0,0.0,0.0,0.0,0.0,0.0,0.0,0.0,0.0,0.0,0.0,0.0,0.0,0.0,0.0,0.0,0.0,0.0,0.0,0.0,0.0,0.0,0.0,0.0,0.0,0.0,0.0,0.0,0.0,0.0,0.0,0.0,0.0,0.0,0.0,0.0,0.0,0.0,0.0,0.0,0.0,0.0,0.0,0.0,0.0,0.0,0.0,0.0,0.0,0.0,0.0,0.0,0.0,0.0,0.0,0.0,0.0,0.0,0.0,0.0,0.0,0.0,0.0,0.0,0.0,0.0,0.0,0.0,0.0,0.0,0.0,0.0,0.0,0.0,0.0,0.0,0.0,0.0,0.0,0.0,0.0,0.0,0.0,0.0,0.0,0.0,0.0,0.0,0.0,0.0,0.0,0.0,0.0,0.0,0.0,0.0,0.0,0.0,0.0,0.0,0.0,0.0,0.0,0.0,0.0,0.0,0.0,0.0,0.0,0.0,0.0,0.0,0.0,0.0,0.0,0.0,0.0,0.0,0.0,0.0,0.0,0.0,0.0,0.0,0.0
258,0.5667378306388855,0.8458433151245117,2.8576062405250013e-08,0.5444085001945496,0.7495193481445312,0.026194604113698006,0.5352458953857422,0.6682089567184448,0.03170756623148918,0.5265704989433289,0.6114678382873535,0.030954239889979362,0.5127216577529907,0.5702803134918213,0.02728985622525215,0.561282217502594,0.6162861585617065,0.010260234586894512,0.5312733054161072,0.5331875681877136,-0.00251788180321455,0.5168382525444031,0.4812304377555847,-0.013688769191503525,0.5055593252182007,0.4321780204772949,-0.02390901744365692,0.5621810555458069,0.6310294270515442,-0.01449594460427761,0.5179086327552795,0.5323357582092285,-0.029815219342708588,0.49089497327804565,0.4694826900959015,-0.04200219735503197,0.46689438819885254,0.41073763370513916,-0.05352403596043587,0.5557098388671875,0.6609442234039307,-0.038353294134140015,0.520268440246582,0.5581415295600891,-0.05409116670489311,0.49837204813957214,0.5008522868156433,-0.0636710599064827,0.48377150297164917,0.4508427381515503,-0.07285593450069427,0.5414447784423828,0.695014476776123,-0.05994940549135208,0.5233091711997986,0.6320692896842957,-0.08415863662958145,0.5150715708732605,0.583666980266571,-0.09977129846811295,0.5107747316360474,0.5367454290390015,-0.11171934753656387,0.0,0.0,0.0,0.0,0.0,0.0,0.0,0.0,0.0,0.0,0.0,0.0,0.0,0.0,0.0,0.0,0.0,0.0,0.0,0.0,0.0,0.0,0.0,0.0,0.0,0.0,0.0,0.0,0.0,0.0,0.0,0.0,0.0,0.0,0.0,0.0,0.0,0.0,0.0,0.0,0.0,0.0,0.0,0.0,0.0,0.0,0.0,0.0,0.0,0.0,0.0,0.0,0.0,0.0,0.0,0.0,0.0,0.0,0.0,0.0,0.0,0.0,0.0
259,0.5680949091911316,0.8274089097976685,5.410616665812995e-08,0.5604914426803589,0.7326546311378479,0.03170168399810791,0.5490908026695251,0.6563507318496704,0.03991458937525749,0.535056471824646,0.6023492813110352,0.040899474173784256,0.5156470537185669,0.5647424459457397,0.03739900887012482,0.572966456413269,0.6172672510147095,0.007181274704635143,0.5410101413726807,0.542701005935669,-0.004171707201749086,0.5237127542495728,0.4964183270931244,-0.012586713768541813,0.5085224509239197,0.45274603366851807,-0.020738637074828148,0.5737825036048889,0.6294480562210083,-0.019617849960923195,0.5420201420783997,0.5326810479164124,-0.03552928939461708,0.5229002833366394,0.4721314311027527,-0.04746434465050697,0.5046659708023071,0.41818514466285706,-0.058308087289333344,0.5661410093307495,0.6563146114349365,-0.044097669422626495,0.5420866012573242,0.5603749752044678,-0.06000768765807152,0.522651731967926,0.5029370188713074,-0.072578065097332,0.5081609487533569,0.45565181970596313,-0.08391768485307693,0.5489256978034973,0.6884788274765015,-0.06514321267604828,0.5313920974731445,0.6262589693069458,-0.08783256262540817,0.5213289856910706,0.5797232389450073,-0.10433696210384369,0.5153064131736755,0.5374065637588501,-0.11758533120155334,0.0,0.0,0.0,0.0,0.0,0.0,0.0,0.0,0.0,0.0,0.0,0.0,0.0,0.0,0.0,0.0,0.0,0.0,0.0,0.0,0.0,0.0,0.0,0.0,0.0,0.0,0.0,0.0,0.0,0.0,0.0,0.0,0.0,0.0,0.0,0.0,0.0,0.0,0.0,0.0,0.0,0.0,0.0,0.0,0.0,0.0,0.0,0.0,0.0,0.0,0.0,0.0,0.0,0.0,0.0,0.0,0.0,0.0,0.0,0.0,0.0,0.0,0.0
260,0.5380210280418396,0.8257142305374146,8.0801477508885e-08,0.49920445680618286,0.7493730783462524,0.004376539029181004,0.48937922716140747,0.6729184985160828,0.002419855212792754,0.4852403700351715,0.6138186454772949,-0.002447656821459532,0.47801247239112854,0.5647608041763306,-0.00907661858946085,0.554760754108429,0.6267478466033936,-0.00700320303440094,0.5325431823730469,0.5442113280296326,-0.02451183833181858,0.5163248777389526,0.4900449216365814,-0.03808927908539772,0.5021229386329651,0.440641850233078,-0.049950987100601196,0.5578180551528931,0.638186514377594,-0.023541918024420738,0.532001256942749,0.5365951061248779,-0.04496925696730614,0.5139101147651672,0.4752673804759979,-0.06063433736562729,0.4993772506713867,0.41907966136932373,-0.07312524318695068,0.5480124950408936,0.6629496812820435,-0.04088077321648598,0.5266129970550537,0.5638830661773682,-0.0632922500371933,0.5115669369697571,0.5046995282173157,-0.07833858579397202,0.5020095705986023,0.4525306522846222,-0.08961440622806549,0.5268427729606628,0.693121612071991,-0.05766136571764946,0.516281008720398,0.6300671100616455,-0.08401763439178467,0.5108895897865295,0.581952691078186,-0.10135740786790848,0.5101220607757568,0.5328196287155151,-0.11414515972137451,0.38403555750846863,0.8950464725494385,1.8878432683777646e-07,0.34075266122817993,0.7961738705635071,0.02575780637562275,0.3173357844352722,0.7045438289642334,0.028400639072060585,0.3107583224773407,0.6400097012519836,0.02350706420838833,0.3144415318965912,0.6009294986724854,0.017207618802785873,0.33958899974823,0.6486710906028748,0.0029995606746524572,0.35561007261276245,0.5259114503860474,-0.010059041902422905,0.3708048462867737,0.4641062617301941,-0.016522718593478203,0.3878646492958069,0.4172176122665405,-0.021225616335868835,0.3555245101451874,0.6592997312545776,-0.022069159895181656,0.3746849596500397,0.5217369794845581,-0.03858902305364609,0.3955339789390564,0.44985127449035645,-0.04440959170460701,0.4159877896308899,0.398365318775177,-0.04708315059542656,0.377677321434021,0.6869990825653076,-0.045896563678979874,0.39336585998535156,0.5541114807128906,-0.060673728585243225,0.40923836827278137,0.4838363826274872,-0.06536902487277985,0.42345130443573,0.42960429191589355,-0.06835270673036575,0.41022807359695435,0.7282907366752625,-0.0672413781285286,0.4191718101501465,0.6431198716163635,-0.07873691618442535,0.4227978587150574,0.5877944231033325,-0.0807136744260788,0.42762792110443115,0.5384683609008789,-0.08181843161582947
261,0.5350499749183655,0.8217717409133911,3.6736999220465805e-08,0.4959906339645386,0.7481672167778015,0.001795845222659409,0.4877678453922272,0.6682687401771545,-0.0012084449408575892,0.4856875538825989,0.607800304889679,-0.0058985063806176186,0.478751540184021,0.5580776929855347,-0.012114167213439941,0.550964891910553,0.6265985369682312,-0.014817513525485992,0.5297178626060486,0.539586067199707,-0.03191995620727539,0.5158447027206421,0.48485511541366577,-0.044587183743715286,0.5026760697364807,0.4350224733352661,-0.0557485967874527,0.5548338294029236,0.6399147510528564,-0.028911206871271133,0.5289363265037537,0.5340179800987244,-0.048751287162303925,0.5132886171340942,0.47231435775756836,-0.06275765597820282,0.5011554956436157,0.4157078266143799,-0.07461719959974289,0.5448175668716431,0.6639655828475952,-0.04321257397532463,0.5232341289520264,0.5615877509117126,-0.0633125752210617,0.5101883411407471,0.5015045404434204,-0.07622195035219193,0.5027426481246948,0.45096099376678467,-0.08659172058105469,0.5239426493644714,0.6914423704147339,-0.05695948749780655,0.5125770568847656,0.6233680248260498,-0.08027923107147217,0.5079533457756042,0.5750765800476074,-0.0951191857457161,0.5091947317123413,0.5286967754364014,-0.10655245929956436,0.37044936418533325,0.8855880498886108,3.717531171787414e-07,0.37133052945137024,0.7882513403892517,0.025106890127062798,0.3710925281047821,0.7009286284446716,0.01911333203315735,0.37984657287597656,0.6365069150924683,0.004874733742326498,0.3896968960762024,0.5847436189651489,-0.012305363081395626,0.3608219027519226,0.6588779091835022,-0.023036716505885124,0.36921897530555725,0.5332217812538147,-0.050377119332551956,0.3858656883239746,0.4664175510406494,-0.06452713161706924,0.40415188670158386,0.4150409698486328,-0.07358405739068985,0.36433717608451843,0.672961413860321,-0.05470888316631317,0.3709486424922943,0.528344452381134,-0.08265285938978195,0.3957791328430176,0.4513317346572876,-0.09419688582420349,0.4199778437614441,0.3975011110305786,-0.10135676711797714,0.3830762803554535,0.7019743323326111,-0.08375615626573563,0.39104047417640686,0.564073920249939,-0.10764757543802261,0.4116341173648834,0.49281322956085205,-0.11572787165641785,0.42962250113487244,0.4383377134799957,-0.12144334614276886,0.4177756905555725,0.7377261519432068,-0.11009145528078079,0.42555174231529236,0.6514003872871399,-0.12879249453544617,0.42764049768447876,0.5933791995048523,-0.13426776230335236,0.42856279015541077,0.5429493188858032,-0.13847890496253967
262,0.5373506546020508,0.8202502727508545,2.9075147622847908e-08,0.4895092248916626,0.7454828023910522,0.002619795734062791,0.4819231629371643,0.6628832817077637,-0.00040464784251526,0.48156702518463135,0.6025232672691345,-0.0049597956240177155,0.4764690101146698,0.5532543659210205,-0.01148170791566372,0.5509775876998901,0.6213323473930359,-0.018717939034104347,0.5306651592254639,0.5359483957290649,-0.036330416798591614,0.5172615051269531,0.48105838894844055,-0.04940409958362579,0.503652811050415,0.4309520125389099,-0.061277613043785095,0.5564145445823669,0.637137770652771,-0.03361529856920242,0.5301841497421265,0.5318212509155273,-0.054794613271951675,0.5135776400566101,0.4717140197753906,-0.06953375041484833,0.5001838207244873,0.4148891568183899,-0.08200319111347198,0.5479229688644409,0.6641338467597961,-0.048231206834316254,0.525172233581543,0.5617561340332031,-0.07020550221204758,0.5104888081550598,0.5020955204963684,-0.08388036489486694,0.5013595819473267,0.4510437846183777,-0.09475106745958328,0.5278128385543823,0.6938080787658691,-0.06197478249669075,0.5148112177848816,0.6256481409072876,-0.08753226697444916,0.5089630484580994,0.576877772808075,-0.10350322723388672,0.5093262791633606,0.5296990871429443,-0.11572881788015366,0.37232306599617004,0.8692781329154968,3.939610166980856e-07,0.33431506156921387,0.7906224131584167,0.005726305302232504,0.31327393651008606,0.7030436992645264,-0.004290404729545116,0.30986911058425903,0.6361267566680908,-0.01847650296986103,0.30960848927497864,0.59051114320755,-0.034981124103069305,0.33888161182403564,0.639953076839447,-0.03645700961351395,0.35299408435821533,0.524901270866394,-0.06482238322496414,0.37068215012550354,0.4642988443374634,-0.08042900264263153,0.3888658881187439,0.414922297000885,-0.09098242223262787,0.3545045852661133,0.6563062071800232,-0.05830078944563866,0.3721499443054199,0.525589644908905,-0.08697150647640228,0.3958669900894165,0.45251256227493286,-0.09993255138397217,0.41852980852127075,0.395279198884964,-0.10811176896095276,0.3764403462409973,0.6875771880149841,-0.07916973531246185,0.38965773582458496,0.5658235549926758,-0.10382179915904999,0.4082793593406677,0.49901869893074036,-0.11168578267097473,0.42572805285453796,0.4449548125267029,-0.11672697961330414,0.4044075012207031,0.7293928265571594,-0.09930697083473206,0.41133612394332886,0.6459726691246033,-0.11959555745124817,0.41486892104148865,0.5911805629730225,-0.12489397078752518,0.41935449838638306,0.5429669618606567,-0.12823589146137238
263,0.5370043516159058,0.8178225159645081,3.921730140632462e-08,0.5045940279960632,0.7378599643707275,0.004147285129874945,0.5000401139259338,0.6519023180007935,0.001355806365609169,0.5008419752120972,0.5878475308418274,-0.0030558400321751833,0.4959821403026581,0.5366215705871582,-0.009091774933040142,0.557037353515625,0.6219804286956787,-0.019933266565203667,0.5363669395446777,0.5337753295898438,-0.04013844579458237,0.5208562612533569,0.47728538513183594,-0.05400362238287926,0.505483865737915,0.4276754856109619,-0.06527043879032135,0.5571610331535339,0.6385509371757507,-0.03576476499438286,0.5331946015357971,0.5320535898208618,-0.058085303753614426,0.5154107809066772,0.46946337819099426,-0.07166796922683716,0.5000370740890503,0.41279271245002747,-0.08254016190767288,0.5445600152015686,0.664909839630127,-0.05124172195792198,0.5240132808685303,0.5616369247436523,-0.07367294281721115,0.5091099739074707,0.5015751123428345,-0.08581656217575073,0.49939435720443726,0.4499119222164154,-0.09489563852548599,0.5213983654975891,0.6954131126403809,-0.06576554477214813,0.5114477872848511,0.628134548664093,-0.09098076820373535,0.5069575905799866,0.578339159488678,-0.10544124245643616,0.5073255896568298,0.5300948023796082,-0.11589527130126953,0.3762541115283966,0.8616892695426941,3.948676976506249e-07,0.37017056345939636,0.7714413404464722,0.017810262739658356,0.370630145072937,0.6839568018913269,0.009072531014680862,0.38000014424324036,0.6181683540344238,-0.006192757748067379,0.39046019315719604,0.5664801001548767,-0.02437625266611576,0.3612520098686218,0.6508166193962097,-0.034734681248664856,0.36856213212013245,0.5264624357223511,-0.06525611877441406,0.38538238406181335,0.46178925037384033,-0.08032853901386261,0.4040617346763611,0.4134501814842224,-0.08915591984987259,0.3643932640552521,0.6668763160705566,-0.06269416958093643,0.37252721190452576,0.526856005191803,-0.09301610291004181,0.39761602878570557,0.4522897005081177,-0.10489735752344131,0.42251789569854736,0.4023493230342865,-0.11163192242383957,0.38330042362213135,0.6962863206863403,-0.08825726807117462,0.3912399411201477,0.5654016137123108,-0.11371374130249023,0.41122007369995117,0.495730996131897,-0.12235932052135468,0.4293920397758484,0.44405436515808105,-0.12792181968688965,0.4180988073348999,0.7315694689750671,-0.11162926256656647,0.42364004254341125,0.6475678086280823,-0.13194556534290314,0.42558085918426514,0.5895461440086365,-0.1382564902305603,0.42729711532592773,0.5397254228591919,-0.14256247878074646
264,0.5375484228134155,0.8191895484924316,3.2849747810814733e-08,0.5003361105918884,0.7463964223861694,0.006193415727466345,0.4909187853336334,0.6681950092315674,0.0032249437645077705,0.48749402165412903,0.6111654043197632,-0.0020605463068932295,0.4802241027355194,0.5641615390777588,-0.009237835183739662,0.5552825927734375,0.6246578097343445,-0.017221709713339806,0.5331155061721802,0.5344780683517456,-0.036399416625499725,0.5168908834457397,0.4779946506023407,-0.0494987815618515,0.500922679901123,0.42838746309280396,-0.06076847389340401,0.5596721172332764,0.6368155479431152,-0.03449944406747818,0.5333523154258728,0.527940034866333,-0.05661161616444588,0.5143396258354187,0.4638211131095886,-0.07047154009342194,0.4982558488845825,0.4079289734363556,-0.08220046758651733,0.5483918786048889,0.6613004207611084,-0.05143822357058525,0.5265112519264221,0.5541546940803528,-0.07322056591510773,0.5104517340660095,0.4952419400215149,-0.08520416170358658,0.4995180070400238,0.4452062249183655,-0.09512242674827576,0.5244620442390442,0.6900293231010437,-0.06736594438552856,0.5140719413757324,0.6239113807678223,-0.09417080134153366,0.5083574056625366,0.5745099782943726,-0.11053957790136337,0.5076412558555603,0.5252587795257568,-0.12280932068824768,0.36575791239738464,0.853466272354126,3.4171046081610257e-07,0.3308931291103363,0.7749021053314209,0.00948383193463087,0.3131618797779083,0.6845827102661133,0.005605663172900677,0.3130814731121063,0.6185991168022156,-0.002558516338467598,0.3172009587287903,0.5795778632164001,-0.012811481021344662,0.33369171619415283,0.6307514905929565,-0.024528328329324722,0.35278546810150146,0.5186394453048706,-0.04723523557186127,0.37212809920310974,0.4599722623825073,-0.059933874756097794,0.39028146862983704,0.41516542434692383,-0.068442702293396,0.35125407576560974,0.6459294557571411,-0.04454965144395828,0.372840017080307,0.5195891857147217,-0.0673704668879509,0.3963872790336609,0.44959819316864014,-0.07809910923242569,0.4185944199562073,0.3968987464904785,-0.08487825840711594,0.3738696873188019,0.6761526465415955,-0.06381604075431824,0.38936668634414673,0.5559309124946594,-0.08447571843862534,0.4056564271450043,0.4898243248462677,-0.09349152445793152,0.42089569568634033,0.4388493597507477,-0.09943047910928726,0.40180838108062744,0.7165341377258301,-0.0818777084350586,0.41116461157798767,0.6373376846313477,-0.09963209182024002,0.4140234589576721,0.5861151814460754,-0.10580648481845856,0.4179392457008362,0.5415736436843872,-0.10979535430669785
265,0.5376460552215576,0.8186473250389099,-7.637044774355672e-09,0.502503514289856,0.7409470081329346,0.0050139045342803,0.4964073598384857,0.6592587828636169,0.002702216384932399,0.49567723274230957,0.5964330434799194,-0.001417139545083046,0.4895516335964203,0.545038104057312,-0.00741859246045351,0.5554957985877991,0.6235077977180481,-0.018576787784695625,0.5348528027534485,0.5334539413452148,-0.03797328844666481,0.5194147825241089,0.4785289168357849,-0.05118391290307045,0.5037014484405518,0.42999589443206787,-0.062105972319841385,0.5582404732704163,0.6380801796913147,-0.034385763108730316,0.5343701243400574,0.5305100083351135,-0.05650715157389641,0.5156603455543518,0.4680454730987549,-0.07031894475221634,0.4986114799976349,0.4123842120170593,-0.08163079619407654,0.5463800430297852,0.6636698842048645,-0.04977218434214592,0.5256736874580383,0.559170663356781,-0.07207492738962173,0.5099531412124634,0.4992254376411438,-0.08503114432096481,0.49865561723709106,0.4484958052635193,-0.09503147006034851,0.5222510099411011,0.6931438446044922,-0.0640367940068245,0.5122484564781189,0.6246695518493652,-0.09031213819980621,0.5072608590126038,0.5751780867576599,-0.10632883757352829,0.506706178188324,0.5276665687561035,-0.11807511746883392,0.38225674629211426,0.8532555103302002,3.9639334659113956e-07,0.3712359666824341,0.7675533890724182,0.015071750618517399,0.3671601414680481,0.6841950416564941,0.006418840494006872,0.3742453157901764,0.6183995008468628,-0.008212381973862648,0.3838578462600708,0.5694746375083923,-0.02551816962659359,0.3594132959842682,0.6491497755050659,-0.031996019184589386,0.3681566119194031,0.5262413620948792,-0.06033877655863762,0.38400688767433167,0.46119385957717896,-0.07450228929519653,0.40143096446990967,0.4109993577003479,-0.08305782079696655,0.36582493782043457,0.6631781458854675,-0.05804755911231041,0.3761991262435913,0.5260700583457947,-0.08635183423757553,0.3993900418281555,0.45179319381713867,-0.09808860719203949,0.4222738742828369,0.4007597267627716,-0.1047385185956955,0.38729745149612427,0.6903771162033081,-0.08193379640579224,0.3950643837451935,0.5647067427635193,-0.10535258054733276,0.41298070549964905,0.49706408381462097,-0.11264441162347794,0.42946749925613403,0.4455925524234772,-0.11742184311151505,0.4233357310295105,0.7248144149780273,-0.10408208519220352,0.42462122440338135,0.643622875213623,-0.12323618680238724,0.42442744970321655,0.5895551443099976,-0.1280231475830078,0.4251534044742584,0.5427237749099731,-0.13096076250076294
266,0.5387535691261292,0.8223474621772766,5.168937633470705e-08,0.4926319122314453,0.7494189739227295,0.005352591164410114,0.48114585876464844,0.6738409996032715,0.0023394778836518526,0.47637295722961426,0.6196724772453308,-0.003535779193043709,0.4699481427669525,0.5731461048126221,-0.011065986007452011,0.5489177107810974,0.6259593963623047,-0.010541417635977268,0.5277600884437561,0.5380890369415283,-0.028248341754078865,0.5129929184913635,0.4822755455970764,-0.04137832671403885,0.49825793504714966,0.4317414462566376,-0.053125880658626556,0.5554040670394897,0.6359927654266357,-0.027669666334986687,0.5312186479568481,0.5283336639404297,-0.048587191849946976,0.5136869549751282,0.4651552736759186,-0.06327742338180542,0.4992135763168335,0.4089036285877228,-0.07562902569770813,0.5457335114479065,0.6581278443336487,-0.04500127211213112,0.5260034799575806,0.5506303906440735,-0.06564365327358246,0.5111439228057861,0.4925287365913391,-0.07784426212310791,0.5011427998542786,0.44261693954467773,-0.08804479241371155,0.5231477618217468,0.6844377517700195,-0.06166883930563927,0.5135517120361328,0.6204445958137512,-0.08677659183740616,0.5078538656234741,0.5730158090591431,-0.10246653109788895,0.5070740580558777,0.5253982543945312,-0.11445216834545135,0.3632328510284424,0.86175936460495,4.318673063608003e-07,0.3215927481651306,0.7883837819099426,0.0038494900800287724,0.29466506838798523,0.7017630338668823,-0.0040184492245316505,0.2826337218284607,0.6446614861488342,-0.015988143160939217,0.2756032645702362,0.6185610890388489,-0.030639996752142906,0.33057263493537903,0.622534453868866,-0.021953314542770386,0.34848344326019287,0.5168569087982178,-0.04281504452228546,0.36811310052871704,0.4595111012458801,-0.056623149663209915,0.3862948417663574,0.4125173091888428,-0.06706853210926056,0.3509286642074585,0.638248085975647,-0.04061729088425636,0.372774600982666,0.519095778465271,-0.06141699478030205,0.39591777324676514,0.4519946575164795,-0.07388126850128174,0.41812169551849365,0.3965842127799988,-0.08292098343372345,0.37387770414352417,0.6718988418579102,-0.05942152813076973,0.39126527309417725,0.5597381591796875,-0.07885225117206573,0.4087459444999695,0.4972434341907501,-0.08884081244468689,0.42588043212890625,0.444781094789505,-0.09618321061134338,0.39815565943717957,0.7167159914970398,-0.07778750360012054,0.41073840856552124,0.6406177878379822,-0.09404690563678741,0.4159327745437622,0.5906269550323486,-0.09985461831092834,0.4217838644981384,0.5450851917266846,-0.1043848842382431
267,0.5378094911575317,0.8196250796318054,3.125357750377589e-08,0.5055685043334961,0.7406744360923767,0.008615183643996716,0.4962422251701355,0.6571574211120605,0.008286177180707455,0.49253398180007935,0.5936528444290161,0.00489032082259655,0.48559096455574036,0.5409577488899231,-5.2768846217077225e-06,0.5437238812446594,0.6191362142562866,-0.008331002667546272,0.525559663772583,0.53175288438797,-0.02542390301823616,0.5110227465629578,0.476632297039032,-0.03786187991499901,0.4970821142196655,0.42683786153793335,-0.048893578350543976,0.545247495174408,0.6314281821250916,-0.026386652141809464,0.5229505300521851,0.5274087190628052,-0.046057891100645065,0.5063602328300476,0.4645655155181885,-0.05943112447857857,0.4915417730808258,0.40831613540649414,-0.07078763097524643,0.5358879566192627,0.6561749577522278,-0.044510338455438614,0.5164387226104736,0.555762767791748,-0.06538696587085724,0.5011699199676514,0.49667078256607056,-0.07836098968982697,0.490568608045578,0.44624531269073486,-0.08893736451864243,0.5168092250823975,0.6860938668251038,-0.061524342745542526,0.5081532001495361,0.6237707734107971,-0.08761798590421677,0.5042335987091064,0.5748583078384399,-0.10440289974212646,0.5049508810043335,0.5273215174674988,-0.11703711003065109,0.38237395882606506,0.8474628925323486,3.730152968728362e-07,0.37201228737831116,0.7573947906494141,0.020147202536463737,0.3674730658531189,0.6740884184837341,0.013208622112870216,0.3721367120742798,0.6102626323699951,-0.0004056384786963463,0.37790217995643616,0.5623034834861755,-0.016427790746092796,0.35940223932266235,0.6412910223007202,-0.02869202382862568,0.3720563054084778,0.5193657279014587,-0.05666624754667282,0.3918745815753937,0.45702970027923584,-0.07058865576982498,0.4119986593723297,0.4110804796218872,-0.0785994678735733,0.36382055282592773,0.6569414138793945,-0.05614320561289787,0.3735244870185852,0.515119194984436,-0.08332084864377975,0.39931753277778625,0.4432806968688965,-0.09330347925424576,0.42375046014785767,0.3954372704029083,-0.09876604378223419,0.38378486037254333,0.6847542524337769,-0.08112484961748123,0.39019668102264404,0.5519825220108032,-0.10499870032072067,0.4106038212776184,0.4869822561740875,-0.11222010105848312,0.4288076162338257,0.4387989640235901,-0.11662044376134872,0.4194343686103821,0.7179557085037231,-0.10360533744096756,0.4224497079849243,0.6382795572280884,-0.12284259498119354,0.42253613471984863,0.5846127867698669,-0.1279325932264328,0.4231453537940979,0.5378562211990356,-0.13110777735710144
268,0.5366958379745483,0.8167237043380737,3.449281038570007e-08,0.5043997764587402,0.7389684915542603,0.01082972064614296,0.4951394498348236,0.6581539511680603,0.010388467460870743,0.4903607964515686,0.5972328186035156,0.006551835685968399,0.4821396470069885,0.5472203493118286,0.0008276317385025322,0.5476034879684448,0.6238301396369934,-0.010965750552713871,0.5277063250541687,0.5358943939208984,-0.02894044853746891,0.5126124620437622,0.47995391488075256,-0.041578155010938644,0.4979328513145447,0.4288634657859802,-0.05285116285085678,0.5492854118347168,0.6365092396736145,-0.029650896787643433,0.5240965485572815,0.5299937725067139,-0.0504959300160408,0.5070070028305054,0.4672126770019531,-0.06376265734434128,0.4924941658973694,0.4090220332145691,-0.07523754239082336,0.5384466648101807,0.6608240604400635,-0.04777950793504715,0.5176352858543396,0.556686282157898,-0.06820238381624222,0.5024921298027039,0.49875712394714355,-0.07990169525146484,0.4920869469642639,0.4484827518463135,-0.08987919241189957,0.5182923078536987,0.6881721019744873,-0.06468573212623596,0.510573148727417,0.6246441602706909,-0.090424083173275,0.5052075982093811,0.575433075428009,-0.10725727677345276,0.5035433769226074,0.5267325043678284,-0.1201571598649025,0.3719944953918457,0.8417946100234985,4.18965839799057e-07,0.3391335904598236,0.7623493075370789,0.006228790618479252,0.32076701521873474,0.675377607345581,6.919824954820797e-05,0.319813996553421,0.6094030141830444,-0.009821347892284393,0.32605797052383423,0.5690571665763855,-0.02149805799126625,0.33389443159103394,0.6162181496620178,-0.02614063210785389,0.3538196086883545,0.5116755366325378,-0.049284279346466064,0.37415677309036255,0.45667320489883423,-0.0631675273180008,0.3924272060394287,0.41192758083343506,-0.07272985577583313,0.35062524676322937,0.6327545046806335,-0.04476078599691391,0.3745770752429962,0.5157137513160706,-0.06785889714956284,0.39754119515419006,0.44806015491485596,-0.07948493212461472,0.41876542568206787,0.39320799708366394,-0.08760813623666763,0.37168818712234497,0.6642881035804749,-0.0628456398844719,0.3911508023738861,0.5558615326881409,-0.08291082084178925,0.4072832465171814,0.49427109956741333,-0.09154035151004791,0.42175400257110596,0.44485485553741455,-0.09796992689371109,0.3966294825077057,0.705186128616333,-0.08020999282598495,0.4096188247203827,0.6324812769889832,-0.0972876101732254,0.4145439863204956,0.5845637321472168,-0.10296826809644699,0.4197721481323242,0.5417617559432983,-0.1070604920387268
269,0.5365864038467407,0.8121574521064758,4.0217685182142304e-08,0.5032512545585632,0.7319578528404236,0.010763953439891338,0.49723753333091736,0.6519529223442078,0.009318883530795574,0.4963442385196686,0.5907334089279175,0.004540750291198492,0.48934119939804077,0.5403515100479126,-0.002550265518948436,0.5519609451293945,0.6176432371139526,-0.014120226725935936,0.5298906564712524,0.5299963355064392,-0.03303220868110657,0.5137689709663391,0.47333163022994995,-0.04625915735960007,0.49808642268180847,0.421511173248291,-0.057803090661764145,0.5550292730331421,0.6327138543128967,-0.03334799408912659,0.5283551216125488,0.5280644297599792,-0.05537763983011246,0.5092542767524719,0.4638562798500061,-0.0698152408003807,0.49324697256088257,0.4056588411331177,-0.08222033083438873,0.5434399843215942,0.6590326428413391,-0.05163171514868736,0.5206725597381592,0.5556190013885498,-0.07287096977233887,0.5042348504066467,0.4955083131790161,-0.08468100428581238,0.49324294924736023,0.4441462457180023,-0.09460869431495667,0.5206522941589355,0.6886329650878906,-0.06852031499147415,0.5091891884803772,0.6217527985572815,-0.093721404671669,0.5032350420951843,0.5719708204269409,-0.10900937020778656,0.5021368265151978,0.5233001112937927,-0.12077293545007706,0.0,0.0,0.0,0.0,0.0,0.0,0.0,0.0,0.0,0.0,0.0,0.0,0.0,0.0,0.0,0.0,0.0,0.0,0.0,0.0,0.0,0.0,0.0,0.0,0.0,0.0,0.0,0.0,0.0,0.0,0.0,0.0,0.0,0.0,0.0,0.0,0.0,0.0,0.0,0.0,0.0,0.0,0.0,0.0,0.0,0.0,0.0,0.0,0.0,0.0,0.0,0.0,0.0,0.0,0.0,0.0,0.0,0.0,0.0,0.0,0.0,0.0,0.0
270,0.5337374806404114,0.8208048343658447,2.8194625301125598e-08,0.49524301290512085,0.747769832611084,0.006219731643795967,0.48491427302360535,0.6723319292068481,0.0032643224112689495,0.4792608618736267,0.6167275309562683,-0.002205104799941182,0.470953106880188,0.5696930289268494,-0.009329200722277164,0.5515485405921936,0.6287549138069153,-0.014163143001496792,0.5274010300636292,0.5393938422203064,-0.03355555236339569,0.510526716709137,0.4821016192436218,-0.04728681594133377,0.49332067370414734,0.43115323781967163,-0.05900934711098671,0.5562034249305725,0.6395544409751892,-0.031218906864523888,0.5288618206977844,0.5303831100463867,-0.05395137146115303,0.5082079172134399,0.4648902118206024,-0.0686335563659668,0.4899729788303375,0.40807247161865234,-0.08080548048019409,0.5439528226852417,0.6618124842643738,-0.048095811158418655,0.5223942995071411,0.5534843802452087,-0.06979162245988846,0.5050496459007263,0.49285122752189636,-0.08188570290803909,0.4915615916252136,0.4413009285926819,-0.09169842302799225,0.5183922052383423,0.687786340713501,-0.06407430022954941,0.510374128818512,0.6217368245124817,-0.09054762125015259,0.5047292709350586,0.5725001692771912,-0.1070876494050026,0.5019373297691345,0.5237488150596619,-0.11939077824354172,0.0,0.0,0.0,0.0,0.0,0.0,0.0,0.0,0.0,0.0,0.0,0.0,0.0,0.0,0.0,0.0,0.0,0.0,0.0,0.0,0.0,0.0,0.0,0.0,0.0,0.0,0.0,0.0,0.0,0.0,0.0,0.0,0.0,0.0,0.0,0.0,0.0,0.0,0.0,0.0,0.0,0.0,0.0,0.0,0.0,0.0,0.0,0.0,0.0,0.0,0.0,0.0,0.0,0.0,0.0,0.0,0.0,0.0,0.0,0.0,0.0,0.0,0.0
271,0.5375801920890808,0.8196923732757568,-3.579335228209857e-08,0.5134180784225464,0.7360677719116211,0.012643600814044476,0.5095338225364685,0.6529226303100586,0.01231149211525917,0.5088230967521667,0.5887832045555115,0.0091122817248106,0.5003130435943604,0.5372753143310547,0.003929377067834139,0.5554428696632385,0.6208980679512024,-0.015320261009037495,0.5316120386123657,0.5282476544380188,-0.034581780433654785,0.5141274333000183,0.4716913104057312,-0.046962983906269073,0.49658191204071045,0.42248648405075073,-0.056849200278520584,0.5576317310333252,0.6361979246139526,-0.034250807017087936,0.5288519263267517,0.5281301140785217,-0.055209122598171234,0.5064880847930908,0.4637807309627533,-0.06679088622331619,0.48568716645240784,0.4078637957572937,-0.07657182216644287,0.5448944568634033,0.6618322134017944,-0.052017152309417725,0.5206336975097656,0.5545668005943298,-0.07277493923902512,0.5016363859176636,0.494431734085083,-0.08290613442659378,0.4866671562194824,0.44373053312301636,-0.09115990996360779,0.5194353461265564,0.691502034664154,-0.06798140704631805,0.5087850689888,0.6231917142868042,-0.09291119873523712,0.5025007128715515,0.5731276273727417,-0.10708442330360413,0.49904265999794006,0.5250887870788574,-0.11744298040866852,0.3783125877380371,0.8628975749015808,4.519056346907746e-07,0.3366970121860504,0.7769576907157898,0.004984245169907808,0.31349244713783264,0.6860088109970093,-0.0022843056358397007,0.312943696975708,0.6210327744483948,-0.014018317684531212,0.3251549005508423,0.5827001333236694,-0.026785733178257942,0.33365368843078613,0.6346805691719055,-0.019514773041009903,0.3516996502876282,0.524095892906189,-0.04189940541982651,0.37162432074546814,0.46271055936813354,-0.05536378547549248,0.3921494483947754,0.4162046015262604,-0.06380325555801392,0.35360878705978394,0.6493968963623047,-0.03720010817050934,0.37505578994750977,0.5268498659133911,-0.058751706033945084,0.398720383644104,0.4556027054786682,-0.0707954689860344,0.4217495918273926,0.4023386240005493,-0.07790837436914444,0.38304293155670166,0.6774598360061646,-0.054612983018159866,0.3985862135887146,0.5634698271751404,-0.07253815978765488,0.4180784225463867,0.4968172311782837,-0.08109694719314575,0.4347473978996277,0.4451128840446472,-0.08635018765926361,0.4196755290031433,0.7170954346656799,-0.0716208666563034,0.4261789321899414,0.6364212036132812,-0.08606808632612228,0.42840003967285156,0.5825121402740479,-0.08992583304643631,0.4321778416633606,0.5352955460548401,-0.09158158302307129
272,0.5453358292579651,0.8148293495178223,3.7574338307422295e-08,0.555692732334137,0.7384610176086426,0.011212405748665333,0.5574002861976624,0.6570234298706055,0.008450950495898724,0.5463141798973083,0.5937117338180542,0.003322749398648739,0.5313568711280823,0.5470782518386841,-0.005298811476677656,0.5850061178207397,0.630888044834137,-0.025073865428566933,0.5584489703178406,0.5326194167137146,-0.045426562428474426,0.5395635962486267,0.4738972783088684,-0.057528335601091385,0.5217955112457275,0.4246409833431244,-0.06577181071043015,0.5766294002532959,0.6479859352111816,-0.043226175010204315,0.5513845086097717,0.5345247983932495,-0.06340859085321426,0.5295988917350769,0.46719151735305786,-0.07421539723873138,0.5091246962547302,0.4118800759315491,-0.0824943259358406,0.5538095235824585,0.6729073524475098,-0.05913696810603142,0.5317558646202087,0.5613076686859131,-0.07867178320884705,0.5131069421768188,0.496842622756958,-0.08773580938577652,0.49863049387931824,0.44451016187667847,-0.09422527998685837,0.5174024105072021,0.7006522417068481,-0.07277711480855942,0.503708004951477,0.6233556270599365,-0.09320604801177979,0.498518168926239,0.5744020938873291,-0.10116743296384811,0.49677929282188416,0.5306333303451538,-0.10617516934871674,0.37778741121292114,0.8453829884529114,6.608191824852838e-07,0.3314397633075714,0.7715320587158203,-0.0020184197928756475,0.29004234075546265,0.7046684622764587,-0.0218421071767807,0.2543349266052246,0.6620734930038452,-0.04365166649222374,0.23018860816955566,0.6423248648643494,-0.06794076412916183,0.3107835054397583,0.6627845764160156,-0.05235050246119499,0.31856948137283325,0.5417770147323608,-0.08351925015449524,0.3395427167415619,0.48000413179397583,-0.09998337179422379,0.36089780926704407,0.43264687061309814,-0.1086004301905632,0.3438310921192169,0.6799942255020142,-0.06875459849834442,0.35511893033981323,0.5474811792373657,-0.09461155533790588,0.3781486749649048,0.4697829484939575,-0.10373082756996155,0.40150222182273865,0.4129221439361572,-0.10938955098390579,0.38395577669143677,0.7043008208274841,-0.08370950818061829,0.392334520816803,0.5816105008125305,-0.10292650759220123,0.4079549014568329,0.5094990730285645,-0.1078457310795784,0.4207710325717926,0.4545215368270874,-0.11090049892663956,0.4294895827770233,0.728943943977356,-0.0982736125588417,0.43089985847473145,0.6380364894866943,-0.11117486655712128,0.4301515221595764,0.5808271169662476,-0.11091165989637375,0.43006667494773865,0.5308202505111694,-0.11003635823726654
273,0.5538836121559143,0.7852645516395569,1.069333777081738e-07,0.5810847878456116,0.7126272916793823,0.0035681806039065123,0.5954545140266418,0.618821918964386,-0.0033472925424575806,0.5985459685325623,0.537743330001831,-0.010182945057749748,0.5952572822570801,0.47829753160476685,-0.021424805745482445,0.6104555130004883,0.6147185564041138,-0.044584982097148895,0.5878357887268066,0.5107421875,-0.06766089051961899,0.5705936551094055,0.4504077136516571,-0.07982632517814636,0.5538715124130249,0.4020843803882599,-0.08798114955425262,0.5918496251106262,0.6395525336265564,-0.06010361760854721,0.5713620781898499,0.5209670662879944,-0.08300498127937317,0.553372859954834,0.44987353682518005,-0.09522662311792374,0.5350667238235474,0.39579784870147705,-0.10533752292394638,0.5614665150642395,0.668994128704071,-0.07287321984767914,0.5446605682373047,0.5586872696876526,-0.09576496481895447,0.5308436751365662,0.4884198307991028,-0.10726217180490494,0.5186470150947571,0.43477582931518555,-0.11586184799671173,0.5202261209487915,0.6983384490013123,-0.08316408842802048,0.5114908218383789,0.6182750463485718,-0.10620790719985962,0.5101337432861328,0.5675932168960571,-0.11610136181116104,0.511090874671936,0.5238317847251892,-0.12304950505495071,0.3598194420337677,0.8406344652175903,5.529702207240916e-07,0.3168257474899292,0.7633509635925293,-0.0051118736155331135,0.28225329518318176,0.6795071363449097,-0.01915791817009449,0.2657983899116516,0.6045026183128357,-0.033227868378162384,0.2654891610145569,0.5407641530036926,-0.048284247517585754,0.29490435123443604,0.668104350566864,-0.04548356682062149,0.30775290727615356,0.5564936399459839,-0.07204634696245193,0.32481876015663147,0.4978533089160919,-0.08483247458934784,0.34125053882598877,0.4520769715309143,-0.09154964238405228,0.33050090074539185,0.68784499168396,-0.05717036500573158,0.3462509512901306,0.5623270273208618,-0.08155667036771774,0.36294203996658325,0.48400068283081055,-0.09107150137424469,0.3776482939720154,0.4255927801132202,-0.09709756821393967,0.3716282248497009,0.7104085683822632,-0.06777868419885635,0.38505685329437256,0.5935727953910828,-0.08883285522460938,0.3979920744895935,0.5193497538566589,-0.0950993001461029,0.40489840507507324,0.4608179032802582,-0.09851834923028946,0.4138319194316864,0.7323237657546997,-0.07773366570472717,0.42207813262939453,0.6456718444824219,-0.09466198086738586,0.4219711720943451,0.5904970169067383,-0.09754527360200882,0.41853663325309753,0.5445991158485413,-0.09828394651412964
274,0.558648943901062,0.7829670310020447,2.7300723459688925e-08,0.5880119800567627,0.7143878936767578,-6.415734969777986e-05,0.6083675622940063,0.6267404556274414,-0.009902911260724068,0.6157569289207458,0.5514507293701172,-0.01903105340898037,0.6207140684127808,0.48770612478256226,-0.03201285004615784,0.6214355230331421,0.6156491041183472,-0.048037655651569366,0.6000846028327942,0.515373945236206,-0.0720769464969635,0.5835500359535217,0.4578492343425751,-0.08505067974328995,0.5685275197029114,0.4092239737510681,-0.09389552474021912,0.5993743538856506,0.642293393611908,-0.06187425181269646,0.5779173970222473,0.5297422409057617,-0.08583029359579086,0.5590786933898926,0.46064603328704834,-0.09866954386234283,0.5422294735908508,0.40702950954437256,-0.10992662608623505,0.5654433965682983,0.6720555424690247,-0.07320497184991837,0.5478159785270691,0.5664636492729187,-0.09606442600488663,0.5361205339431763,0.4978311061859131,-0.1064896509051323,0.5279813408851624,0.44390037655830383,-0.11490917950868607,0.5219796299934387,0.6998206377029419,-0.08244804292917252,0.5116047263145447,0.6196538209915161,-0.10484013706445694,0.5110599994659424,0.5712188482284546,-0.11377517879009247,0.513499915599823,0.5274209380149841,-0.12039100378751755,0.3524998724460602,0.8309141397476196,5.694847118320467e-07,0.30445724725723267,0.7623831033706665,-0.01174156367778778,0.2640400528907776,0.6891101002693176,-0.02797769196331501,0.23945078253746033,0.6213833093643188,-0.042679429054260254,0.23055213689804077,0.5597375631332397,-0.058173585683107376,0.2880784273147583,0.6783085465431213,-0.0479901023209095,0.30335474014282227,0.579130232334137,-0.0768214762210846,0.31817826628685,0.5186424255371094,-0.09263940900564194,0.3339422345161438,0.469920814037323,-0.10165293514728546,0.33195051550865173,0.6895895004272461,-0.05651383474469185,0.3463209271430969,0.577885627746582,-0.08243663609027863,0.35998600721359253,0.5015242099761963,-0.09476582705974579,0.3708706796169281,0.44120198488235474,-0.10342047363519669,0.3769517242908478,0.7046181559562683,-0.06458333134651184,0.3872939348220825,0.6007775664329529,-0.08830612897872925,0.3961907625198364,0.5289637446403503,-0.09681893140077591,0.40030357241630554,0.4678151309490204,-0.10168392956256866,0.41831114888191223,0.7204701900482178,-0.07231079041957855,0.4242217540740967,0.642989456653595,-0.09215889126062393,0.4241026043891907,0.591799259185791,-0.0968814268708229,0.4224332869052887,0.5449116826057434,-0.0988784059882164
275,0.5545699596405029,0.7853620052337646,2.926372255629417e-09,0.5878363847732544,0.7190054655075073,-0.0002627657086122781,0.6136016249656677,0.63340163230896,-0.009519604966044426,0.6243700385093689,0.5595107674598694,-0.017846275120973587,0.6301587224006653,0.4968879818916321,-0.02993709221482277,0.619218111038208,0.6285281777381897,-0.04776730388402939,0.6004292964935303,0.5263602137565613,-0.0711839497089386,0.5833708643913269,0.46923691034317017,-0.08333789557218552,0.5684340596199036,0.4228307008743286,-0.09109889715909958,0.5942123532295227,0.6549907326698303,-0.06052650138735771,0.573698103427887,0.5392680764198303,-0.08365122228860855,0.5554060339927673,0.4694484770298004,-0.09578016400337219,0.5398848652839661,0.41651272773742676,-0.1062786728143692,0.5590182542800903,0.6817483305931091,-0.07075684517621994,0.5420864224433899,0.5729771256446838,-0.09341070055961609,0.530234694480896,0.5044627785682678,-0.10296107083559036,0.5219179391860962,0.4511129558086395,-0.11028274893760681,0.5152227878570557,0.7046520709991455,-0.07881023734807968,0.5048117637634277,0.6210715174674988,-0.10060138255357742,0.504951536655426,0.5748099088668823,-0.10812520235776901,0.5074202418327332,0.5342233777046204,-0.11329533159732819,0.35411885380744934,0.8193188905715942,6.343808536257711e-07,0.3028019070625305,0.7604087591171265,-0.01716405525803566,0.2590043544769287,0.6902739405632019,-0.03756168857216835,0.232020303606987,0.6287384629249573,-0.054635971784591675,0.21801674365997314,0.5697646141052246,-0.07307498902082443,0.28514137864112854,0.6821267604827881,-0.06618823111057281,0.3002588450908661,0.5939319133758545,-0.09941557794809341,0.3146477937698364,0.5338318943977356,-0.11766938865184784,0.329659104347229,0.48255130648612976,-0.12865307927131653,0.33295825123786926,0.6928058862686157,-0.07317918539047241,0.34756016731262207,0.5877323150634766,-0.10580532252788544,0.36099010705947876,0.5093812346458435,-0.12210672348737717,0.37027981877326965,0.44342800974845886,-0.13350971043109894,0.37961524724960327,0.7068807482719421,-0.07890772074460983,0.3887872099876404,0.6072936058044434,-0.10855608433485031,0.3982391357421875,0.5341655015945435,-0.12017783522605896,0.40183427929878235,0.4691796898841858,-0.12691065669059753,0.4201146364212036,0.7212257385253906,-0.08406092971563339,0.42586278915405273,0.6457404494285583,-0.1085200235247612,0.4248058795928955,0.5939238667488098,-0.11608563363552094,0.421802282333374,0.5442227721214294,-0.12034222483634949
276,0.5482685565948486,0.7835197448730469,3.0863898103916654e-08,0.5834493041038513,0.7201626896858215,-0.003092385595664382,0.6107374429702759,0.6360735893249512,-0.0148508595302701,0.6218996047973633,0.5633530020713806,-0.025246363133192062,0.6301426887512207,0.49997663497924805,-0.03913625329732895,0.6151283383369446,0.6328078508377075,-0.05267489328980446,0.5967618227005005,0.530367910861969,-0.07872308045625687,0.579258918762207,0.472508043050766,-0.09251845628023148,0.5637950897216797,0.42565178871154785,-0.1012449786067009,0.5875532031059265,0.6577489972114563,-0.064943827688694,0.5683842897415161,0.5433060526847839,-0.09089444577693939,0.5501746535301208,0.4725511074066162,-0.10434847325086594,0.5348926186561584,0.41869062185287476,-0.11562274396419525,0.5508848428726196,0.6837179660797119,-0.07484079152345657,0.5343636870384216,0.5770033597946167,-0.09932590276002884,0.5230859518051147,0.5089765787124634,-0.10936728119850159,0.5156964659690857,0.45511704683303833,-0.11695948243141174,0.5074249505996704,0.7065538763999939,-0.08278093487024307,0.49711862206459045,0.6254171133041382,-0.10616813600063324,0.4971773624420166,0.5800343751907349,-0.11441726237535477,0.49949759244918823,0.5391318798065186,-0.11996818333864212,0.35378557443618774,0.8166534900665283,6.854599519101612e-07,0.30507564544677734,0.7592161297798157,-0.018459685146808624,0.26117339730262756,0.6898508071899414,-0.04005247354507446,0.2323884218931198,0.6298991441726685,-0.05763397738337517,0.2176074981689453,0.571432888507843,-0.07661361992359161,0.2848148047924042,0.6832051277160645,-0.06979324668645859,0.30160006880760193,0.5951645970344543,-0.10379485785961151,0.3163149654865265,0.5353636741638184,-0.12237866967916489,0.3321356475353241,0.4841548502445221,-0.13337351381778717,0.33253034949302673,0.6932549476623535,-0.07560600340366364,0.34920358657836914,0.5855937600135803,-0.10905513912439346,0.36236709356307983,0.507960319519043,-0.12576928734779358,0.3716968894004822,0.4435666799545288,-0.13716267049312592,0.37925899028778076,0.7066832184791565,-0.07988770306110382,0.3904573321342468,0.6044908165931702,-0.11024153232574463,0.40027838945388794,0.5315101146697998,-0.12254087626934052,0.4041917026042938,0.46854913234710693,-0.1294950395822525,0.42037853598594666,0.7197074890136719,-0.08342035859823227,0.4278464615345001,0.6431993246078491,-0.10831808298826218,0.42686301469802856,0.5911415219306946,-0.1162675991654396,0.423160195350647,0.541612982749939,-0.12061814218759537
277,0.5506294965744019,0.7818313241004944,1.2416021988315151e-08,0.5828881859779358,0.7188171148300171,-0.00161028525326401,0.6071169972419739,0.633202075958252,-0.012263602577149868,0.6180186867713928,0.5603127479553223,-0.021739600226283073,0.6260102391242981,0.496637225151062,-0.03487034887075424,0.6115870475769043,0.6260901093482971,-0.05060553550720215,0.5928351879119873,0.526129961013794,-0.07559793442487717,0.5752552151679993,0.4707137942314148,-0.08900666981935501,0.5593661069869995,0.42624709010124207,-0.09759172052145004,0.5851842761039734,0.6525685787200928,-0.06325159221887589,0.564752995967865,0.5390588045120239,-0.08819524198770523,0.5458300113677979,0.4697839915752411,-0.10155067592859268,0.5296651721000671,0.4168097674846649,-0.11293260008096695,0.549481213092804,0.6807063221931458,-0.07343178242444992,0.5319355726242065,0.5725804567337036,-0.0975610762834549,0.518705427646637,0.504558801651001,-0.10847517102956772,0.5085547566413879,0.4510992765426636,-0.11674045026302338,0.5069522857666016,0.7062654495239258,-0.08138255774974823,0.4955058991909027,0.6242020726203918,-0.10483221709728241,0.49460136890411377,0.5789636969566345,-0.11378685384988785,0.49561071395874023,0.5383176207542419,-0.11984654515981674,0.3524775207042694,0.8180275559425354,6.920230362084112e-07,0.3039819896221161,0.7599272727966309,-0.017955876886844635,0.2615202069282532,0.6883470416069031,-0.03923182189464569,0.23471547663211823,0.6261952519416809,-0.05669717863202095,0.2213512361049652,0.566543459892273,-0.07556170970201492,0.28375184535980225,0.6800919771194458,-0.06782052665948868,0.30250900983810425,0.5913270115852356,-0.10091407597064972,0.3180895745754242,0.5321171879768372,-0.11902441829442978,0.3342030644416809,0.48154115676879883,-0.12982960045337677,0.33059126138687134,0.6904207468032837,-0.07380347698926926,0.3494390547275543,0.5830668210983276,-0.10602179169654846,0.36351385712623596,0.5058972239494324,-0.12194406986236572,0.3732408583164215,0.4416421055793762,-0.13298648595809937,0.37744516134262085,0.7047489881515503,-0.07833581417798996,0.3902100622653961,0.6030905246734619,-0.1075626015663147,0.40087008476257324,0.5321535468101501,-0.11859763413667679,0.4054804742336273,0.47028857469558716,-0.12486521154642105,0.41929763555526733,0.718975841999054,-0.08220016956329346,0.42732831835746765,0.6421802043914795,-0.10601337254047394,0.42676520347595215,0.5910362005233765,-0.11290830373764038,0.4239619970321655,0.5423561930656433,-0.11658710241317749
278,0.5564054846763611,0.7786695957183838,-1.3645574448162279e-08,0.5834798812866211,0.712967574596405,-0.00037048448575660586,0.601618230342865,0.6235010027885437,-0.009961646050214767,0.6081700325012207,0.5484029054641724,-0.01890674978494644,0.6155278086662292,0.4885450601577759,-0.03156016394495964,0.6130408048629761,0.6214519143104553,-0.04824342206120491,0.5915151238441467,0.5241056084632874,-0.07318499684333801,0.5726855397224426,0.4689447283744812,-0.08705264329910278,0.5548031330108643,0.4259156584739685,-0.09593929350376129,0.5890570282936096,0.6483821272850037,-0.06170792877674103,0.5668806433677673,0.5394863486289978,-0.08504094928503036,0.5467101335525513,0.4737655818462372,-0.0978226363658905,0.5280442833900452,0.424796462059021,-0.10906726121902466,0.5558422207832336,0.6774205565452576,-0.07287155836820602,0.5380644202232361,0.5762797594070435,-0.09572985023260117,0.5242347717285156,0.51064532995224,-0.10696105659008026,0.512516438961029,0.4593532681465149,-0.11596127599477768,0.5148090720176697,0.7038246393203735,-0.08187376707792282,0.5009159445762634,0.6276155710220337,-0.10462448000907898,0.4985389709472656,0.5832656025886536,-0.11401315778493881,0.49863600730895996,0.5445581674575806,-0.12084853649139404,0.0,0.0,0.0,0.0,0.0,0.0,0.0,0.0,0.0,0.0,0.0,0.0,0.0,0.0,0.0,0.0,0.0,0.0,0.0,0.0,0.0,0.0,0.0,0.0,0.0,0.0,0.0,0.0,0.0,0.0,0.0,0.0,0.0,0.0,0.0,0.0,0.0,0.0,0.0,0.0,0.0,0.0,0.0,0.0,0.0,0.0,0.0,0.0,0.0,0.0,0.0,0.0,0.0,0.0,0.0,0.0,0.0,0.0,0.0,0.0,0.0,0.0,0.0
279,0.553136944770813,0.8035578727722168,-1.2521560677214438e-07,0.5460127592086792,0.7301049828529358,0.01417394820600748,0.54316645860672,0.6562723517417908,0.010682761669158936,0.5371878743171692,0.5996607542037964,0.004228781443089247,0.5285679697990417,0.5531601905822754,-0.005494251381605864,0.585446298122406,0.6315091848373413,-0.025117583572864532,0.563507080078125,0.5367118120193481,-0.04770682379603386,0.5449402332305908,0.4827864170074463,-0.06224367395043373,0.5264633893966675,0.4391496181488037,-0.07251474261283875,0.5831052660942078,0.6478785872459412,-0.04546911641955376,0.5590085387229919,0.5385816693305969,-0.06674540042877197,0.5365825891494751,0.4754616916179657,-0.07827749103307724,0.5152550339698792,0.42390239238739014,-0.0881233960390091,0.5658689737319946,0.6732851266860962,-0.06368263810873032,0.5467071533203125,0.5663464069366455,-0.08401813358068466,0.5273712873458862,0.5066491961479187,-0.0936170443892479,0.511182427406311,0.45683661103248596,-0.1017196774482727,0.5360566973686218,0.701125979423523,-0.07946405559778214,0.5259160995483398,0.6353417038917542,-0.10315882414579391,0.5210378766059875,0.590202271938324,-0.11460650712251663,0.5191466808319092,0.5464598536491394,-0.12292098253965378,0.35377591848373413,0.8968883156776428,3.6442239093048556e-07,0.32524374127388,0.8023698925971985,-0.003056017914786935,0.3151787519454956,0.7088574767112732,-0.013935369439423084,0.3224853575229645,0.6412423253059387,-0.026201089844107628,0.3316965699195862,0.5944185853004456,-0.03897262364625931,0.32857850193977356,0.6609998941421509,-0.035089410841464996,0.3412712514400482,0.5442821979522705,-0.06238338723778725,0.36321505904197693,0.48843008279800415,-0.07926268875598907,0.38857555389404297,0.44620615243911743,-0.08921792358160019,0.3450824022293091,0.6808956861495972,-0.048591043800115585,0.3629167675971985,0.5568089485168457,-0.0724058747291565,0.38949960470199585,0.48751187324523926,-0.08420500159263611,0.41872143745422363,0.4388887286186218,-0.09129371494054794,0.3670225739479065,0.7146918177604675,-0.06201105937361717,0.3836927115917206,0.5986001491546631,-0.08128541707992554,0.4051133394241333,0.531706690788269,-0.08788694441318512,0.42679363489151,0.48175206780433655,-0.09205223619937897,0.3927382528781891,0.7592617273330688,-0.07548811286687851,0.40098634362220764,0.6818779110908508,-0.09119264781475067,0.40757960081100464,0.6269631385803223,-0.0933312177658081,0.41589969396591187,0.5805331468582153,-0.09368445724248886
280,0.551426351070404,0.7949461936950684,-6.84554564145401e-08,0.5468346476554871,0.7214891314506531,0.0169686209410429,0.5446566343307495,0.6501826047897339,0.017332080751657486,0.5400583744049072,0.5955823659896851,0.014321092516183853,0.5340789556503296,0.553473949432373,0.008772803470492363,0.5799785852432251,0.620864748954773,-0.014252789318561554,0.5578800439834595,0.5338003039360046,-0.03163052722811699,0.5411632657051086,0.4815467596054077,-0.04254607483744621,0.5243849158287048,0.4374160170555115,-0.05073472857475281,0.5778071880340576,0.6330296993255615,-0.03469996526837349,0.5550346970558167,0.530320405960083,-0.05114048719406128,0.5362003445625305,0.4683269262313843,-0.058445919305086136,0.5168448090553284,0.41882234811782837,-0.06521153450012207,0.5628955960273743,0.6565996408462524,-0.05349757894873619,0.544459879398346,0.5542703866958618,-0.06960742920637131,0.527993381023407,0.4973783493041992,-0.07583477348089218,0.5145040154457092,0.45123928785324097,-0.08190851658582687,0.5370534658432007,0.6846578121185303,-0.07016777247190475,0.5275927186012268,0.6220460534095764,-0.09230014681816101,0.5241737961769104,0.5751962065696716,-0.10338754951953888,0.5237153768539429,0.5303342342376709,-0.11134186387062073,0.3622506558895111,0.88371741771698,4.275293576938566e-07,0.3544872999191284,0.7741318941116333,0.010599853470921516,0.357327401638031,0.6710315346717834,0.0003805994929280132,0.3636563718318939,0.5918207764625549,-0.014101609587669373,0.36038219928741455,0.5311375260353088,-0.030628837645053864,0.3573167026042938,0.6600865721702576,-0.0438334196805954,0.3683815598487854,0.5400893688201904,-0.07620472460985184,0.39197635650634766,0.4790993928909302,-0.09281949698925018,0.4166589677333832,0.43195194005966187,-0.10230164229869843,0.3645036220550537,0.6875221133232117,-0.06781994551420212,0.3794800043106079,0.5590313673019409,-0.09767961502075195,0.4088454842567444,0.48391008377075195,-0.10877801477909088,0.4370589256286621,0.43164899945259094,-0.11563225090503693,0.3841012418270111,0.7267977595329285,-0.08976615965366364,0.3975847661495209,0.6068812608718872,-0.11444299668073654,0.4214978814125061,0.5358844995498657,-0.12169145047664642,0.44333183765411377,0.48163658380508423,-0.12657450139522552,0.4153374433517456,0.7707749605178833,-0.1102282926440239,0.4201214611530304,0.6902811527252197,-0.1306350976228714,0.4249860644340515,0.6270750761032104,-0.1368454545736313,0.4315565824508667,0.5740751028060913,-0.14090785384178162
281,0.5501479506492615,0.7859367728233337,-2.370125073980489e-08,0.5520163178443909,0.7094854116439819,0.019484831020236015,0.5533567667007446,0.6381833553314209,0.02179877646267414,0.5496991872787476,0.5830021500587463,0.02072902023792267,0.5445576310157776,0.5408769249916077,0.016843372955918312,0.5797973275184631,0.618431031703949,-0.014924915507435799,0.56037437915802,0.5260234475135803,-0.03173375129699707,0.5452661514282227,0.4720642566680908,-0.040417496114969254,0.5299922227859497,0.42855846881866455,-0.04653708264231682,0.5756570100784302,0.6293555498123169,-0.035444919019937515,0.5578460693359375,0.5239245295524597,-0.052136436104774475,0.5406557321548462,0.46151137351989746,-0.058365870267152786,0.5232400298118591,0.4115445613861084,-0.0637374222278595,0.5580807328224182,0.6505941152572632,-0.05382179841399193,0.5437241196632385,0.5458473563194275,-0.07026713341474533,0.5297085046768188,0.48812729120254517,-0.0764084979891777,0.5194233059883118,0.4413378834724426,-0.08188284933567047,0.5284284353256226,0.6753573417663574,-0.06960030645132065,0.5214031338691711,0.6096767783164978,-0.09275460243225098,0.5207187533378601,0.5628259778022766,-0.10452082008123398,0.523580014705658,0.5194846391677856,-0.11245454847812653,0.38160619139671326,0.8396661281585693,4.080503401837632e-07,0.35838115215301514,0.7406381368637085,0.011398972012102604,0.35090306401252747,0.6521257162094116,0.0030013839714229107,0.35531145334243774,0.5794007182121277,-0.009470274671912193,0.36444777250289917,0.5259411334991455,-0.023362664505839348,0.3469265401363373,0.6381950974464417,-0.03256126865744591,0.3593809902667999,0.5230264663696289,-0.0576530285179615,0.3794691264629364,0.46801620721817017,-0.06982629001140594,0.4002920389175415,0.42661693692207336,-0.07623740285634995,0.36317625641822815,0.6585904359817505,-0.05288742110133171,0.3788275718688965,0.5345690250396729,-0.07587964087724686,0.4034735858440399,0.4682680368423462,-0.08353496342897415,0.42746949195861816,0.4227943420410156,-0.08757041394710541,0.3924836814403534,0.6888432502746582,-0.07109789550304413,0.40516093373298645,0.5753406286239624,-0.08945657312870026,0.42424821853637695,0.5105214715003967,-0.09391572326421738,0.4415830671787262,0.4615604877471924,-0.09679723531007767,0.43241724371910095,0.7245898842811584,-0.08773934096097946,0.43530428409576416,0.6460522413253784,-0.1011759340763092,0.4369988441467285,0.5942819714546204,-0.10198387503623962,0.44064903259277344,0.5510168075561523,-0.10179494321346283
282,0.5580650568008423,0.7726625204086304,-3.2928554105637886e-08,0.5682713389396667,0.7034382224082947,0.017292890697717667,0.5681601762771606,0.6312127113342285,0.016398383304476738,0.5577359199523926,0.5764544010162354,0.012538849376142025,0.5453953742980957,0.5367268919944763,0.0045051597990095615,0.5981679558753967,0.6048043370246887,-0.02415577322244644,0.5729065537452698,0.5118446350097656,-0.044553183019161224,0.5528035163879395,0.4596249461174011,-0.05615592375397682,0.5345961451530457,0.4196874499320984,-0.06376869231462479,0.589358389377594,0.6222978830337524,-0.044943228363990784,0.5664212107658386,0.5141638517379761,-0.06499325484037399,0.5447114109992981,0.45455458760261536,-0.07504065334796906,0.5245343446731567,0.4078350067138672,-0.08280623704195023,0.5671064853668213,0.6478355526924133,-0.06295621395111084,0.5478872656822205,0.544655442237854,-0.0830150619149208,0.530497670173645,0.4855803847312927,-0.09291572868824005,0.5174602270126343,0.43788546323776245,-0.10024473071098328,0.5330981612205505,0.6748790144920349,-0.07776478677988052,0.521470844745636,0.6049352884292603,-0.10040952265262604,0.5171524882316589,0.5590256452560425,-0.1102786660194397,0.5168536305427551,0.5164382457733154,-0.11675674468278885,0.3429000675678253,0.8226494193077087,4.185252748811763e-07,0.3270760476589203,0.7438992261886597,-0.0067196497693657875,0.31504103541374207,0.6519439816474915,-0.012064295820891857,0.3149460554122925,0.5764274597167969,-0.017521152272820473,0.3178139626979828,0.5163782238960266,-0.023260001093149185,0.323627769947052,0.6132158041000366,-0.019292403012514114,0.3494091331958771,0.5197319984436035,-0.03589780256152153,0.3719695508480072,0.4712870717048645,-0.047064539045095444,0.39271560311317444,0.4311226010322571,-0.054457470774650574,0.3325713276863098,0.6231657266616821,-0.026058753952383995,0.3648170828819275,0.5203368663787842,-0.04214064031839371,0.3908621072769165,0.4630783200263977,-0.05217941850423813,0.41669848561286926,0.41431933641433716,-0.059527963399887085,0.3426569402217865,0.6423951387405396,-0.034063905477523804,0.37054702639579773,0.5473757386207581,-0.048073314130306244,0.39557579159736633,0.4912135601043701,-0.05410179868340492,0.41968005895614624,0.44332969188690186,-0.058866359293460846,0.35062122344970703,0.6673899292945862,-0.042667489498853683,0.360248863697052,0.5975801944732666,-0.05325455963611603,0.3670949339866638,0.5510845184326172,-0.056069228798151016,0.37613409757614136,0.5072153806686401,-0.05853700265288353
283,0.5680810809135437,0.7574164271354675,2.0160346281272723e-08,0.585391640663147,0.686175525188446,0.003335752757266164,0.5949414968490601,0.597248375415802,-0.00258080568164587,0.5974363684654236,0.5224112868309021,-0.008363709785044193,0.5960825085639954,0.4635688364505768,-0.017770016565918922,0.611412763595581,0.5948561429977417,-0.04050125926733017,0.5861310362815857,0.5025516152381897,-0.06255057454109192,0.568930983543396,0.44933947920799255,-0.07453377544879913,0.5534790754318237,0.4071476459503174,-0.08238103240728378,0.5981598496437073,0.6202861666679382,-0.05501551181077957,0.5730740427970886,0.5137313008308411,-0.07539118081331253,0.5535240173339844,0.4512910842895508,-0.08550376445055008,0.5357368588447571,0.4057873487472534,-0.09460639953613281,0.5727177262306213,0.6500623226165771,-0.0674290880560875,0.5519225001335144,0.5502410531044006,-0.08809034526348114,0.5361229777336121,0.4861364960670471,-0.09793958812952042,0.5234990119934082,0.43680912256240845,-0.10579858720302582,0.5364004969596863,0.6797987222671509,-0.07772080600261688,0.5261186361312866,0.6062192320823669,-0.09860387444496155,0.5232282280921936,0.5586745738983154,-0.10751842707395554,0.5227258801460266,0.5162798762321472,-0.11413075029850006,0.3911148011684418,0.7864632606506348,4.319218191994878e-07,0.34824416041374207,0.7203201055526733,-0.010393308475613594,0.31093236804008484,0.6455102562904358,-0.02614973857998848,0.2941230535507202,0.5785210728645325,-0.04062632471323013,0.292736679315567,0.518452525138855,-0.05518880486488342,0.33087360858917236,0.6370236277580261,-0.047737039625644684,0.3477465510368347,0.5368943214416504,-0.0727323368191719,0.3655669689178467,0.48249906301498413,-0.08489231020212173,0.3825932741165161,0.4381730258464813,-0.09141667932271957,0.36778685450553894,0.6527406573295593,-0.05506780371069908,0.38709989190101624,0.5396480560302734,-0.0759846493601799,0.4039537310600281,0.4688428044319153,-0.08313643932342529,0.4179202616214752,0.4135410785675049,-0.08865164965391159,0.40713122487068176,0.6716841459274292,-0.06182017922401428,0.42260029911994934,0.5676015019416809,-0.07921747863292694,0.436208039522171,0.5004145503044128,-0.08277089893817902,0.44524234533309937,0.44463956356048584,-0.08531160652637482,0.4463641345500946,0.6902050375938416,-0.06859396398067474,0.45296531915664673,0.6117079854011536,-0.08312952518463135,0.45341378450393677,0.5598491430282593,-0.08520649373531342,0.4519073963165283,0.5145436525344849,-0.08605758845806122
284,0.5692543387413025,0.7506473064422607,3.6265120684220165e-08,0.5942807197570801,0.6852525472640991,0.0006749735330231488,0.6117905378341675,0.5997372269630432,-0.007915998809039593,0.6179683804512024,0.526244580745697,-0.015875160694122314,0.6147757172584534,0.4663088321685791,-0.027763741090893745,0.6206254363059998,0.595203161239624,-0.04560980573296547,0.5975617170333862,0.5007942318916321,-0.06895341724157333,0.5802345275878906,0.447698712348938,-0.08163154125213623,0.5639950633049011,0.4054858684539795,-0.08992011100053787,0.6018608808517456,0.6201393604278564,-0.059225596487522125,0.5787085294723511,0.5131924152374268,-0.08161909133195877,0.5591552257537842,0.4503902494907379,-0.09356707334518433,0.5413836240768433,0.4036448001861572,-0.1039518415927887,0.5722681879997253,0.649408221244812,-0.07058704644441605,0.5524300336837769,0.5496575832366943,-0.092241570353508,0.5388298630714417,0.48592251539230347,-0.10301604121923447,0.5282929539680481,0.43654417991638184,-0.11165614426136017,0.5334261655807495,0.6776898503303528,-0.079895980656147,0.5236678719520569,0.6017969250679016,-0.1012435182929039,0.5216134786605835,0.5572251677513123,-0.11025875806808472,0.5210863947868347,0.517559289932251,-0.11707361042499542,0.0,0.0,0.0,0.0,0.0,0.0,0.0,0.0,0.0,0.0,0.0,0.0,0.0,0.0,0.0,0.0,0.0,0.0,0.0,0.0,0.0,0.0,0.0,0.0,0.0,0.0,0.0,0.0,0.0,0.0,0.0,0.0,0.0,0.0,0.0,0.0,0.0,0.0,0.0,0.0,0.0,0.0,0.0,0.0,0.0,0.0,0.0,0.0,0.0,0.0,0.0,0.0,0.0,0.0,0.0,0.0,0.0,0.0,0.0,0.0,0.0,0.0,0.0
285,0.5664923787117004,0.7538358569145203,-7.052526562745243e-09,0.5936540365219116,0.689594566822052,-0.00039361920789815485,0.6139247417449951,0.60636305809021,-0.009557151235640049,0.6207870244979858,0.5353149771690369,-0.017710695043206215,0.6202313303947449,0.47390568256378174,-0.029575448483228683,0.6201689839363098,0.6027100086212158,-0.04798061400651932,0.5974512100219727,0.510565996170044,-0.07099281996488571,0.5793943405151367,0.4587571620941162,-0.08340895175933838,0.5632148385047913,0.4169214367866516,-0.09160859137773514,0.5977612733840942,0.6295924186706543,-0.060335367918014526,0.5749683380126953,0.5261243581771851,-0.08314770460128784,0.5556700229644775,0.46199238300323486,-0.09541117399930954,0.5378998517990112,0.4145645499229431,-0.10640932619571686,0.5658431649208069,0.6576775312423706,-0.07022476941347122,0.546887218952179,0.5590381026268005,-0.0922594740986824,0.5335760116577148,0.4959173798561096,-0.10290105640888214,0.5225789546966553,0.44797760248184204,-0.11148034036159515,0.5264040231704712,0.6828999519348145,-0.07800950855016708,0.515857994556427,0.6061636805534363,-0.10005374997854233,0.5141211152076721,0.5618393421173096,-0.10948780924081802,0.5134374499320984,0.5231586694717407,-0.11640801280736923,0.0,0.0,0.0,0.0,0.0,0.0,0.0,0.0,0.0,0.0,0.0,0.0,0.0,0.0,0.0,0.0,0.0,0.0,0.0,0.0,0.0,0.0,0.0,0.0,0.0,0.0,0.0,0.0,0.0,0.0,0.0,0.0,0.0,0.0,0.0,0.0,0.0,0.0,0.0,0.0,0.0,0.0,0.0,0.0,0.0,0.0,0.0,0.0,0.0,0.0,0.0,0.0,0.0,0.0,0.0,0.0,0.0,0.0,0.0,0.0,0.0,0.0,0.0
286,0.5641025304794312,0.7587429285049438,3.5954730859266704e-10,0.5922410488128662,0.696716845035553,-0.002295596059411764,0.612987220287323,0.6138156652450562,-0.01239380706101656,0.6201555728912354,0.5427057147026062,-0.02103252336382866,0.622509241104126,0.4820336103439331,-0.03334192559123039,0.6211339235305786,0.6097555756568909,-0.050398457795381546,0.5969572067260742,0.5158673524856567,-0.07408362627029419,0.5775449872016907,0.46397703886032104,-0.0867510586977005,0.5608704686164856,0.4224955439567566,-0.09503884613513947,0.5981190204620361,0.6378371715545654,-0.06201735511422157,0.5730271935462952,0.5318793058395386,-0.08526052534580231,0.5523208379745483,0.468089759349823,-0.09769374132156372,0.5346234440803528,0.42059582471847534,-0.10861949622631073,0.5650938153266907,0.6670960187911987,-0.0712529644370079,0.5445029735565186,0.5683035254478455,-0.09408464282751083,0.529927134513855,0.5039947628974915,-0.10514979809522629,0.5188454985618591,0.45378223061561584,-0.11379903554916382,0.5245253443717957,0.6932410597801208,-0.07839055359363556,0.5125675797462463,0.617638885974884,-0.10128504782915115,0.5098151564598083,0.5741350054740906,-0.1107315942645073,0.5086613893508911,0.535142719745636,-0.11738713830709457,0.0,0.0,0.0,0.0,0.0,0.0,0.0,0.0,0.0,0.0,0.0,0.0,0.0,0.0,0.0,0.0,0.0,0.0,0.0,0.0,0.0,0.0,0.0,0.0,0.0,0.0,0.0,0.0,0.0,0.0,0.0,0.0,0.0,0.0,0.0,0.0,0.0,0.0,0.0,0.0,0.0,0.0,0.0,0.0,0.0,0.0,0.0,0.0,0.0,0.0,0.0,0.0,0.0,0.0,0.0,0.0,0.0,0.0,0.0,0.0,0.0,0.0,0.0
287,0.566834032535553,0.759061872959137,-1.3196265413739638e-08,0.5944357514381409,0.696736216545105,-0.0018839049153029919,0.6137340664863586,0.6137332320213318,-0.011492706835269928,0.6198405027389526,0.5429713726043701,-0.019944526255130768,0.6234639286994934,0.4814843535423279,-0.03187120705842972,0.6212661862373352,0.6078997254371643,-0.046922408044338226,0.5974434614181519,0.5162634253501892,-0.06994950026273727,0.5776141881942749,0.46529269218444824,-0.08267807215452194,0.5603948831558228,0.42426323890686035,-0.09096934646368027,0.5974906086921692,0.6362062096595764,-0.05859451740980148,0.5731003880500793,0.5314216017723083,-0.08083317428827286,0.5523457527160645,0.46807724237442017,-0.09302967041730881,0.533846914768219,0.42098116874694824,-0.10380658507347107,0.5643261075019836,0.6659595370292664,-0.06805567443370819,0.5441871285438538,0.5677497982978821,-0.08999022841453552,0.5296068787574768,0.5048530101776123,-0.10038134455680847,0.5173068046569824,0.45596715807914734,-0.10848656296730042,0.5244752168655396,0.6930677890777588,-0.07547329366207123,0.5124297142028809,0.6174808144569397,-0.09723879396915436,0.5093761086463928,0.574015200138092,-0.10578824579715729,0.5070381164550781,0.5353459715843201,-0.11173930764198303,0.0,0.0,0.0,0.0,0.0,0.0,0.0,0.0,0.0,0.0,0.0,0.0,0.0,0.0,0.0,0.0,0.0,0.0,0.0,0.0,0.0,0.0,0.0,0.0,0.0,0.0,0.0,0.0,0.0,0.0,0.0,0.0,0.0,0.0,0.0,0.0,0.0,0.0,0.0,0.0,0.0,0.0,0.0,0.0,0.0,0.0,0.0,0.0,0.0,0.0,0.0,0.0,0.0,0.0,0.0,0.0,0.0,0.0,0.0,0.0,0.0,0.0,0.0
288,0.5674133896827698,0.7692619562149048,-3.0041931609048333e-08,0.5950283408164978,0.7052217125892639,0.00046851878869347274,0.6133096814155579,0.6217015981674194,-0.008046377450227737,0.6185083985328674,0.548689603805542,-0.01587858982384205,0.6209171414375305,0.4868655204772949,-0.027475420385599136,0.6223351955413818,0.6175084114074707,-0.04547446221113205,0.5979087352752686,0.5244494080543518,-0.06843533366918564,0.5773181915283203,0.4731811285018921,-0.08098933845758438,0.5592182278633118,0.4324902296066284,-0.08909550309181213,0.5995267033576965,0.6444970369338989,-0.05820582062005997,0.5740706920623779,0.539079487323761,-0.08034496009349823,0.5524206757545471,0.4755505323410034,-0.09246309846639633,0.5330259203910828,0.4293697476387024,-0.10316755622625351,0.5669669508934021,0.6742035150527954,-0.0685548335313797,0.545818030834198,0.5757551789283752,-0.09059534221887589,0.5304460525512695,0.5138394832611084,-0.10079936683177948,0.5178918242454529,0.4668596386909485,-0.10874909162521362,0.5267316699028015,0.7019795775413513,-0.07668697088956833,0.5139411687850952,0.6249244213104248,-0.09908798336982727,0.5107811689376831,0.5825043320655823,-0.10782856494188309,0.5089115500450134,0.5458766222000122,-0.11380597203969955,0.0,0.0,0.0,0.0,0.0,0.0,0.0,0.0,0.0,0.0,0.0,0.0,0.0,0.0,0.0,0.0,0.0,0.0,0.0,0.0,0.0,0.0,0.0,0.0,0.0,0.0,0.0,0.0,0.0,0.0,0.0,0.0,0.0,0.0,0.0,0.0,0.0,0.0,0.0,0.0,0.0,0.0,0.0,0.0,0.0,0.0,0.0,0.0,0.0,0.0,0.0,0.0,0.0,0.0,0.0,0.0,0.0,0.0,0.0,0.0,0.0,0.0,0.0
289,0.5794347524642944,0.790998101234436,-7.181169792147557e-08,0.5956243276596069,0.7200244665145874,0.0033009550534188747,0.6034587621688843,0.6275113224983215,-0.0035993249621242285,0.602328360080719,0.549442708492279,-0.010608683340251446,0.5975794196128845,0.48771464824676514,-0.021838152781128883,0.6203307509422302,0.6254737973213196,-0.04531460255384445,0.5919708609580994,0.5336309671401978,-0.06970109045505524,0.5697423815727234,0.4814903140068054,-0.08383038640022278,0.5496175289154053,0.44104641675949097,-0.09347037971019745,0.6020755767822266,0.6552462577819824,-0.060624733567237854,0.5745318531990051,0.5495055913925171,-0.08457085490226746,0.5511448383331299,0.48622384667396545,-0.097571961581707,0.5292391180992126,0.4412030875682831,-0.1090317964553833,0.5729243159294128,0.689076840877533,-0.07344157248735428,0.5504056215286255,0.5915884971618652,-0.09731245785951614,0.5322766304016113,0.5276284217834473,-0.10953260958194733,0.5167247653007507,0.4802306294441223,-0.11905459314584732,0.534797728061676,0.721135139465332,-0.0837918072938919,0.5219296216964722,0.6474041938781738,-0.10818562656641006,0.5164074301719666,0.6027206182479858,-0.11916691809892654,0.5123748779296875,0.5655838251113892,-0.12708869576454163,0.0,0.0,0.0,0.0,0.0,0.0,0.0,0.0,0.0,0.0,0.0,0.0,0.0,0.0,0.0,0.0,0.0,0.0,0.0,0.0,0.0,0.0,0.0,0.0,0.0,0.0,0.0,0.0,0.0,0.0,0.0,0.0,0.0,0.0,0.0,0.0,0.0,0.0,0.0,0.0,0.0,0.0,0.0,0.0,0.0,0.0,0.0,0.0,0.0,0.0,0.0,0.0,0.0,0.0,0.0,0.0,0.0,0.0,0.0,0.0,0.0,0.0,0.0
290,0.5718948841094971,0.8001196384429932,-2.3967295703641867e-08,0.5855385661125183,0.7314633727073669,0.0047078425996005535,0.5896327495574951,0.6440006494522095,-0.0016370619414374232,0.5845873355865479,0.5714929699897766,-0.008361325599253178,0.5764821171760559,0.5180277228355408,-0.019220829010009766,0.6158208250999451,0.6301326751708984,-0.04067924618721008,0.5873668789863586,0.5407477617263794,-0.06469708681106567,0.5663040280342102,0.48758190870285034,-0.07943015545606613,0.5467216372489929,0.4461522102355957,-0.0900031328201294,0.6042145490646362,0.6568220853805542,-0.05750080943107605,0.5767534971237183,0.5545244812965393,-0.08127269893884659,0.5536356568336487,0.4945363998413086,-0.09533172100782394,0.5311073064804077,0.4471368193626404,-0.10704844444990158,0.5798068046569824,0.690530002117157,-0.07203692942857742,0.5574048161506653,0.5938297510147095,-0.09640427678823471,0.5375304818153381,0.5319633483886719,-0.11066045612096786,0.521034836769104,0.48158249258995056,-0.12160488218069077,0.5436643362045288,0.7242706418037415,-0.08411714434623718,0.5302940011024475,0.6573775410652161,-0.10993919521570206,0.5246479511260986,0.6135412454605103,-0.1227402463555336,0.5219138264656067,0.5735238194465637,-0.13203328847885132,0.3528062701225281,0.8748566508293152,4.871887426816102e-07,0.31422799825668335,0.7727963924407959,-0.0014954094076529145,0.3006596565246582,0.6666396856307983,-0.009697209112346172,0.3095647096633911,0.5821368098258972,-0.019310900941491127,0.31728413701057434,0.5183660984039307,-0.029046397656202316,0.3128318786621094,0.652101457118988,-0.029512742534279823,0.3447793424129486,0.5480325222015381,-0.051089175045490265,0.37204688787460327,0.4990479052066803,-0.06180823966860771,0.3976896405220032,0.46160659193992615,-0.06760945171117783,0.3371080458164215,0.6807572245597839,-0.04163947328925133,0.3738340139389038,0.565757155418396,-0.06114603206515312,0.4065316915512085,0.5024824738502502,-0.06801170110702515,0.4372931122779846,0.45716190338134766,-0.07216332107782364,0.3664473593235016,0.7163249850273132,-0.053556472063064575,0.39909613132476807,0.6094503402709961,-0.06878355890512466,0.42780613899230957,0.549217939376831,-0.07001490145921707,0.4525427222251892,0.5033131837844849,-0.07077202945947647,0.3997289538383484,0.7571699619293213,-0.06554920226335526,0.41952502727508545,0.6780094504356384,-0.07524082809686661,0.4318179488182068,0.625630795955658,-0.07317359000444412,0.44313329458236694,0.582303524017334,-0.07127584517002106
291,0.5703004598617554,0.8205499649047852,-9.225435348980682e-08,0.5717527270317078,0.751991331577301,0.008206600323319435,0.5656125545501709,0.6761580109596252,0.004544482566416264,0.5489463806152344,0.6190705895423889,-0.0010348549112677574,0.5352893471717834,0.5720293521881104,-0.009397021494805813,0.6036801338195801,0.6400174498558044,-0.021942147985100746,0.5721648335456848,0.5534017086029053,-0.04043048247694969,0.5508818626403809,0.5018518567085266,-0.05273633077740669,0.5328494310379028,0.45795607566833496,-0.0625978633761406,0.5978360772132874,0.6566712260246277,-0.03856780380010605,0.567106306552887,0.5556913614273071,-0.05760551616549492,0.5448068976402283,0.4978989362716675,-0.0688040554523468,0.5244764089584351,0.4489964544773102,-0.07845482230186462,0.5780911445617676,0.683664858341217,-0.05384045094251633,0.5540183186531067,0.5842840075492859,-0.07426107674837112,0.534415066242218,0.5277898907661438,-0.08571182936429977,0.5186222791671753,0.47972801327705383,-0.09470640122890472,0.546156108379364,0.7147220373153687,-0.06709977984428406,0.5343788266181946,0.6541644334793091,-0.0915929451584816,0.5296298861503601,0.6101597547531128,-0.10482924431562424,0.528064489364624,0.567459762096405,-0.1142248883843422,0.3950066864490509,0.8525358438491821,4.525727774762345e-07,0.37040460109710693,0.752895712852478,0.006214229855686426,0.3537057936191559,0.6545098423957825,-0.005436398088932037,0.34709885716438293,0.5744335055351257,-0.01998179592192173,0.3456976115703583,0.5098056793212891,-0.036350883543491364,0.35215163230895996,0.6500260233879089,-0.046320147812366486,0.3683895170688629,0.541305422782898,-0.07645756751298904,0.39135849475860596,0.4919698238372803,-0.09020928293466568,0.41473594307899475,0.4562922716140747,-0.09777293354272842,0.36607909202575684,0.6786326169967651,-0.06586266309022903,0.3915698230266571,0.5615044832229614,-0.09417758136987686,0.4232102632522583,0.4966657757759094,-0.10361756384372711,0.45358288288116455,0.4537180960178375,-0.10945292562246323,0.3909585177898407,0.7147794961929321,-0.0832289606332779,0.4109218120574951,0.6083411574363708,-0.10649780184030533,0.4374624490737915,0.5467934608459473,-0.11270609498023987,0.46123239398002625,0.4997851252555847,-0.11694657802581787,0.42410311102867126,0.7528812885284424,-0.09919024258852005,0.43055853247642517,0.6797223091125488,-0.118467316031456,0.4370047450065613,0.6288944482803345,-0.12345130741596222,0.44616708159446716,0.5858926773071289,-0.1262446641921997
292,0.5637347102165222,0.8188796043395996,-4.750001991737918e-08,0.5594344735145569,0.7448316812515259,0.013971207663416862,0.5526884198188782,0.6721306443214417,0.012071548961102962,0.5389242172241211,0.6197823286056519,0.0071929884143173695,0.5276521444320679,0.5764633417129517,-0.00042398241930641234,0.597672164440155,0.6370584964752197,-0.01650514267385006,0.5644076466560364,0.5521106123924255,-0.03298858925700188,0.5425992608070374,0.5044833421707153,-0.04370870441198349,0.5236150622367859,0.4645574688911438,-0.052156705409288406,0.5920724272727966,0.6516839265823364,-0.03627442568540573,0.5613455176353455,0.5496073961257935,-0.05372548848390579,0.5382781028747559,0.48940813541412354,-0.06308852881193161,0.51584392786026,0.4409828186035156,-0.07134423404932022,0.5725566744804382,0.6789572238922119,-0.054413534700870514,0.5489814877510071,0.576183021068573,-0.07329893112182617,0.5288949012756348,0.5204677581787109,-0.08263824135065079,0.512886106967926,0.4750932455062866,-0.09029212594032288,0.5409143567085266,0.7106255292892456,-0.07017965614795685,0.5319676995277405,0.646030068397522,-0.09473279118537903,0.5281617641448975,0.5995607972145081,-0.1071140393614769,0.5269100666046143,0.5555396676063538,-0.11570560932159424,0.0,0.0,0.0,0.0,0.0,0.0,0.0,0.0,0.0,0.0,0.0,0.0,0.0,0.0,0.0,0.0,0.0,0.0,0.0,0.0,0.0,0.0,0.0,0.0,0.0,0.0,0.0,0.0,0.0,0.0,0.0,0.0,0.0,0.0,0.0,0.0,0.0,0.0,0.0,0.0,0.0,0.0,0.0,0.0,0.0,0.0,0.0,0.0,0.0,0.0,0.0,0.0,0.0,0.0,0.0,0.0,0.0,0.0,0.0,0.0,0.0,0.0,0.0
293,0.558149516582489,0.8228678703308105,-3.229698819495752e-08,0.5357440710067749,0.7441586852073669,0.009963314048945904,0.5338515043258667,0.6726583242416382,0.00831680279225111,0.5305789113044739,0.6201003789901733,0.004770937841385603,0.5244437456130981,0.5776280164718628,-0.0010050010168924928,0.5822893977165222,0.6400774717330933,-0.01680070161819458,0.5585151314735413,0.5530662536621094,-0.03374775871634483,0.5400916934013367,0.5033118724822998,-0.044716477394104004,0.5216907262802124,0.4611566662788391,-0.052871014922857285,0.5825495719909668,0.6548259258270264,-0.03300384804606438,0.5561284422874451,0.5523667335510254,-0.050474803894758224,0.5339720845222473,0.49330371618270874,-0.059768833220005035,0.5128832459449768,0.44473201036453247,-0.06743337213993073,0.5687761902809143,0.6814966201782227,-0.04799388721585274,0.5463220477104187,0.5795610547065735,-0.06668230891227722,0.5259745717048645,0.5254152417182922,-0.07620017975568771,0.5095531344413757,0.4807341396808624,-0.08340134471654892,0.5415010452270508,0.7131965756416321,-0.06113602966070175,0.531657338142395,0.651820957660675,-0.08430550992488861,0.526170015335083,0.6065719127655029,-0.09661921858787537,0.5237938165664673,0.5627200603485107,-0.10496769100427628,0.33511868119239807,0.8828696012496948,5.489324621521519e-07,0.2929424047470093,0.7960820198059082,-0.009075169451534748,0.2804759442806244,0.7050900459289551,-0.020724520087242126,0.2884773910045624,0.6452744007110596,-0.03244815766811371,0.30332133173942566,0.6182900667190552,-0.0449165441095829,0.33397552371025085,0.6565991640090942,-0.03638284280896187,0.35913753509521484,0.55260169506073,-0.060055311769247055,0.3842359483242035,0.49770623445510864,-0.07396381348371506,0.40783029794692993,0.45846861600875854,-0.08227051794528961,0.35556042194366455,0.6761122345924377,-0.04587960243225098,0.3865950405597687,0.5599725842475891,-0.07065477967262268,0.4175538420677185,0.495029091835022,-0.08144502341747284,0.4470069706439972,0.4476166367530823,-0.08642447739839554,0.3765674829483032,0.7076801061630249,-0.05572139471769333,0.4035811424255371,0.5992420315742493,-0.07607128471136093,0.4298441410064697,0.5365978479385376,-0.08323758840560913,0.4542393684387207,0.48796042799949646,-0.08604354411363602,0.39602378010749817,0.7498601078987122,-0.06604266911745071,0.4175254702568054,0.6738535165786743,-0.08008670061826706,0.43092992901802063,0.622921347618103,-0.08218962699174881,0.4439510703086853,0.5806689262390137,-0.08208480477333069
294,0.5487608909606934,0.8180147409439087,-4.2500129637801365e-08,0.5207322835922241,0.7412875294685364,0.008926315233111382,0.5201230645179749,0.6670046448707581,0.006811703089624643,0.5198748707771301,0.61017906665802,0.0035427233669906855,0.515532910823822,0.564231276512146,-0.0022479300387203693,0.5795416235923767,0.6364386081695557,-0.023207301273941994,0.5541688799858093,0.5497332811355591,-0.041149675846099854,0.5369763374328613,0.4987286329269409,-0.0523507334291935,0.518980085849762,0.4560575783252716,-0.061230987310409546,0.5822202563285828,0.6542878150939941,-0.039942171424627304,0.5536841750144958,0.5516009330749512,-0.05980313941836357,0.5309613347053528,0.49280327558517456,-0.0699569433927536,0.5081729292869568,0.44432082772254944,-0.07857014983892441,0.5689958333969116,0.6833904385566711,-0.05531954765319824,0.5460870265960693,0.5780775547027588,-0.07684016972780228,0.5259749293327332,0.5226196646690369,-0.08747754991054535,0.5092656016349792,0.4766541123390198,-0.09571593999862671,0.5406042337417603,0.7147372961044312,-0.06866518408060074,0.531303882598877,0.6510385274887085,-0.09594903141260147,0.5271440148353577,0.603482186794281,-0.11102429777383804,0.5262079238891602,0.5560283660888672,-0.12152151018381119,0.40052613615989685,0.8466971516609192,4.5421967342917924e-07,0.38089120388031006,0.7457082867622375,0.013085299171507359,0.36855167150497437,0.6560396552085876,0.004769719671458006,0.3646754324436188,0.582931637763977,-0.008096052333712578,0.35806751251220703,0.5272500514984131,-0.021701430901885033,0.36552736163139343,0.64363032579422,-0.032052598893642426,0.3800182342529297,0.5283111929893494,-0.05867060273885727,0.4053439497947693,0.47866207361221313,-0.07068490236997604,0.4300595223903656,0.4457927346229553,-0.07628507167100906,0.3741886615753174,0.6671273708343506,-0.0535309761762619,0.39557719230651855,0.5403476357460022,-0.08018758893013,0.4284344017505646,0.48121538758277893,-0.08752692490816116,0.4570986330509186,0.44551360607147217,-0.0901581421494484,0.3946356773376465,0.6995975375175476,-0.07288654893636703,0.4135763645172119,0.5830991268157959,-0.09224478900432587,0.443053662776947,0.5294747948646545,-0.09403399378061295,0.46742668747901917,0.4910343885421753,-0.09438421577215195,0.4245114326477051,0.7391050457954407,-0.09078218787908554,0.4325944483280182,0.6643247008323669,-0.1025097444653511,0.4423882067203522,0.6144524216651917,-0.10153719782829285,0.45282578468322754,0.5732226967811584,-0.10016927868127823
295,0.5478991866111755,0.8220762014389038,-5.732701779948002e-08,0.5203428268432617,0.7472746968269348,0.00536873284727335,0.518966794013977,0.6713477969169617,0.002120203571394086,0.5182102918624878,0.6142634749412537,-0.0023303960915654898,0.5153531432151794,0.5666527152061462,-0.00890814233571291,0.5776733160018921,0.6360337138175964,-0.02123178541660309,0.5534859895706177,0.5511844754219055,-0.040645744651556015,0.5367599129676819,0.4993804693222046,-0.0540027916431427,0.5201842188835144,0.45561909675598145,-0.06437303125858307,0.5808624029159546,0.6521257758140564,-0.03719375282526016,0.5535116195678711,0.5528761744499207,-0.05756004899740219,0.532478392124176,0.49213460087776184,-0.06965886801481247,0.5118438005447388,0.44067782163619995,-0.07949449121952057,0.56895512342453,0.6803130507469177,-0.05247218906879425,0.5444386005401611,0.5787786245346069,-0.07454793155193329,0.5265041589736938,0.5223259329795837,-0.08556769043207169,0.5124349594116211,0.4741196632385254,-0.0937780886888504,0.5418466329574585,0.7122390270233154,-0.06629379838705063,0.5295501947402954,0.6485379338264465,-0.09292127937078476,0.525985598564148,0.6024104952812195,-0.10658859461545944,0.5272803902626038,0.5567052960395813,-0.11582981050014496,0.4052254855632782,0.8430535793304443,4.866314498030988e-07,0.3781604766845703,0.7527711987495422,0.008781598880887032,0.36048662662506104,0.6562796831130981,-0.0036938658449798822,0.353652685880661,0.5761252641677856,-0.018766630440950394,0.34892481565475464,0.5106465816497803,-0.035659678280353546,0.35655149817466736,0.6519411206245422,-0.05301183834671974,0.3745872974395752,0.534959077835083,-0.08393273502588272,0.3996233344078064,0.4821949303150177,-0.09643524885177612,0.42323100566864014,0.44685274362564087,-0.1023150086402893,0.37013280391693115,0.6792004108428955,-0.07401775568723679,0.38985782861709595,0.5508317947387695,-0.10327927768230438,0.4209260642528534,0.48208481073379517,-0.11043534427881241,0.44993510842323303,0.4403921365737915,-0.11393772065639496,0.3969103693962097,0.7117369174957275,-0.09219146519899368,0.4114282727241516,0.5898391008377075,-0.1151740700006485,0.4372495710849762,0.5238276124000549,-0.12047932296991348,0.4593866765499115,0.4758574068546295,-0.12396223098039627,0.43449366092681885,0.744051992893219,-0.10851496458053589,0.4381972849369049,0.663932204246521,-0.12716571986675262,0.4431498348712921,0.6096360683441162,-0.1319459080696106,0.45108145475387573,0.5651899576187134,-0.13458427786827087
296,0.5702782869338989,0.8048149347305298,-7.114685285358746e-09,0.5746644139289856,0.7344297766685486,0.00911884568631649,0.575254499912262,0.6553002595901489,0.004016422666609287,0.5681018829345703,0.5950709581375122,-0.002557561732828617,0.5552834868431091,0.5519036650657654,-0.013299289159476757,0.601249635219574,0.6259283423423767,-0.03392893075942993,0.5701396465301514,0.5320484042167664,-0.056859090924263,0.5491904616355896,0.4816790223121643,-0.07142077386379242,0.5309440493583679,0.44213196635246277,-0.081532321870327,0.5934295654296875,0.6501030325889587,-0.05201735720038414,0.5627206563949585,0.5428550243377686,-0.07407819479703903,0.5383803248405457,0.4852966070175171,-0.08604204654693604,0.5163236260414124,0.44013792276382446,-0.09609635919332504,0.5724310278892517,0.6834186911582947,-0.06784403324127197,0.5449731945991516,0.5802958011627197,-0.08960585296154022,0.5230586528778076,0.5228729844093323,-0.10056540369987488,0.5064564347267151,0.4764685034751892,-0.10929753631353378,0.5393884778022766,0.717708945274353,-0.08121272921562195,0.5246981382369995,0.6488518714904785,-0.10508605092763901,0.5190772414207458,0.6024901866912842,-0.1160324215888977,0.5172241926193237,0.5581862330436707,-0.12384484708309174,0.0,0.0,0.0,0.0,0.0,0.0,0.0,0.0,0.0,0.0,0.0,0.0,0.0,0.0,0.0,0.0,0.0,0.0,0.0,0.0,0.0,0.0,0.0,0.0,0.0,0.0,0.0,0.0,0.0,0.0,0.0,0.0,0.0,0.0,0.0,0.0,0.0,0.0,0.0,0.0,0.0,0.0,0.0,0.0,0.0,0.0,0.0,0.0,0.0,0.0,0.0,0.0,0.0,0.0,0.0,0.0,0.0,0.0,0.0,0.0,0.0,0.0,0.0
297,0.5729921460151672,0.8021114468574524,-1.4856882835090346e-08,0.5889071822166443,0.7251269817352295,0.004531559068709612,0.5940696597099304,0.6328720450401306,-0.0015954854898154736,0.5906022787094116,0.5556460022926331,-0.008205604739487171,0.5913445949554443,0.49701836705207825,-0.018381468951702118,0.6155285835266113,0.6279841065406799,-0.03679165616631508,0.5851908922195435,0.5369731783866882,-0.0582013800740242,0.5649402737617493,0.4855312705039978,-0.07041038572788239,0.547241747379303,0.44407665729522705,-0.07892904430627823,0.6013304591178894,0.6582728028297424,-0.05231669172644615,0.5718089938163757,0.5538613796234131,-0.07317990064620972,0.5487372875213623,0.49278777837753296,-0.08452211320400238,0.5275449156761169,0.44676482677459717,-0.09470125287771225,0.5747339129447937,0.692756175994873,-0.06579987704753876,0.5488166809082031,0.5932325720787048,-0.08739563077688217,0.5290380716323853,0.5304883718490601,-0.09843222796916962,0.5127301216125488,0.48262372612953186,-0.10705013573169708,0.5372280478477478,0.7268070578575134,-0.0769737958908081,0.5233280062675476,0.6504983901977539,-0.09811636805534363,0.5172238945960999,0.6039118766784668,-0.10716628283262253,0.5123255848884583,0.564044713973999,-0.11401420086622238,0.0,0.0,0.0,0.0,0.0,0.0,0.0,0.0,0.0,0.0,0.0,0.0,0.0,0.0,0.0,0.0,0.0,0.0,0.0,0.0,0.0,0.0,0.0,0.0,0.0,0.0,0.0,0.0,0.0,0.0,0.0,0.0,0.0,0.0,0.0,0.0,0.0,0.0,0.0,0.0,0.0,0.0,0.0,0.0,0.0,0.0,0.0,0.0,0.0,0.0,0.0,0.0,0.0,0.0,0.0,0.0,0.0,0.0,0.0,0.0,0.0,0.0,0.0
298,0.5798770785331726,0.8030562996864319,-5.911865130769911e-08,0.6019578576087952,0.7345951795578003,0.004714418202638626,0.6106691956520081,0.6427375078201294,-0.0025944297667592764,0.6086984872817993,0.5645730495452881,-0.009966090321540833,0.6065908074378967,0.5048274993896484,-0.021573707461357117,0.6303947567939758,0.6356289386749268,-0.04574805125594139,0.6004692912101746,0.5406460762023926,-0.069737508893013,0.5788121223449707,0.4885610342025757,-0.08320840448141098,0.5588463544845581,0.4496176242828369,-0.092083640396595,0.6122011542320251,0.6656341552734375,-0.061592258512973785,0.5818124413490295,0.5575221180915833,-0.08414778858423233,0.556739330291748,0.4966133236885071,-0.09560468047857285,0.5344321131706238,0.45322084426879883,-0.10585205256938934,0.5823280215263367,0.6996331810951233,-0.07471980899572372,0.5569307208061218,0.5957961678504944,-0.09714420884847641,0.5369813442230225,0.5314674973487854,-0.10774020850658417,0.5208690762519836,0.48366641998291016,-0.11636596918106079,0.5419291257858276,0.7319943308830261,-0.0851980596780777,0.5250993967056274,0.6519932746887207,-0.10772856324911118,0.5196406245231628,0.6063804030418396,-0.1165907233953476,0.5172718167304993,0.5680311918258667,-0.12312001734972,0.0,0.0,0.0,0.0,0.0,0.0,0.0,0.0,0.0,0.0,0.0,0.0,0.0,0.0,0.0,0.0,0.0,0.0,0.0,0.0,0.0,0.0,0.0,0.0,0.0,0.0,0.0,0.0,0.0,0.0,0.0,0.0,0.0,0.0,0.0,0.0,0.0,0.0,0.0,0.0,0.0,0.0,0.0,0.0,0.0,0.0,0.0,0.0,0.0,0.0,0.0,0.0,0.0,0.0,0.0,0.0,0.0,0.0,0.0,0.0,0.0,0.0,0.0
299,0.5787527561187744,0.8054925203323364,-8.2806529633217e-08,0.5994722247123718,0.7355520725250244,0.001702234847471118,0.6115661263465881,0.642766535282135,-0.00699306046590209,0.6141560077667236,0.564807653427124,-0.015043950639665127,0.61308753490448,0.5023499727249146,-0.02722426876425743,0.6308999061584473,0.6399219036102295,-0.05105995014309883,0.5994793772697449,0.5463476181030273,-0.07647334784269333,0.5757910013198853,0.494087278842926,-0.09064408391714096,0.5553405284881592,0.45316872000694275,-0.10012296587228775,0.6104017496109009,0.6722176671028137,-0.06550558656454086,0.5792669653892517,0.5643365383148193,-0.08983717113733292,0.5541112422943115,0.499390184879303,-0.10244739800691605,0.5315806269645691,0.4533751606941223,-0.11410938203334808,0.5792531371116638,0.7067137360572815,-0.07733086496591568,0.5533135533332825,0.6063818335533142,-0.1011372059583664,0.5340494513511658,0.5403657555580139,-0.11293975263834,0.5183444619178772,0.4909067749977112,-0.12260591238737106,0.5399940609931946,0.7388128042221069,-0.08674734085798264,0.5248844623565674,0.6603530049324036,-0.11117622256278992,0.518850564956665,0.6141040325164795,-0.12221924960613251,0.5147169828414917,0.5747067332267761,-0.1304594874382019,0.0,0.0,0.0,0.0,0.0,0.0,0.0,0.0,0.0,0.0,0.0,0.0,0.0,0.0,0.0,0.0,0.0,0.0,0.0,0.0,0.0,0.0,0.0,0.0,0.0,0.0,0.0,0.0,0.0,0.0,0.0,0.0,0.0,0.0,0.0,0.0,0.0,0.0,0.0,0.0,0.0,0.0,0.0,0.0,0.0,0.0,0.0,0.0,0.0,0.0,0.0,0.0,0.0,0.0,0.0,0.0,0.0,0.0,0.0,0.0,0.0,0.0,0.0
300,0.5837835669517517,0.8126561641693115,-7.00041056234113e-08,0.607740044593811,0.7388817071914673,0.004167277831584215,0.6168972849845886,0.646446943283081,-0.0031862903852015734,0.6119183301925659,0.5678567886352539,-0.010624323040246964,0.6055780053138733,0.5071550011634827,-0.02234194241464138,0.6340916156768799,0.6418956518173218,-0.04417012259364128,0.5986108779907227,0.5484405159950256,-0.06764059513807297,0.5728960037231445,0.49579715728759766,-0.08104628324508667,0.5515502691268921,0.45620453357696533,-0.09014158695936203,0.6114485859870911,0.6751095652580261,-0.05968201532959938,0.576606273651123,0.5667749643325806,-0.08279498666524887,0.5496337413787842,0.501411497592926,-0.09555119276046753,0.5256754159927368,0.45489588379859924,-0.10687508434057236,0.5784293413162231,0.7110631465911865,-0.07244346290826797,0.5509006381034851,0.6078206896781921,-0.09598816931247711,0.5289744734764099,0.5407803058624268,-0.10756982117891312,0.5105600357055664,0.48958757519721985,-0.11655229330062866,0.537465512752533,0.7453412413597107,-0.08249107003211975,0.521364688873291,0.6662178039550781,-0.1069665402173996,0.5149364471435547,0.6188621520996094,-0.11736805737018585,0.5100813508033752,0.5772202014923096,-0.12456301599740982,0.0,0.0,0.0,0.0,0.0,0.0,0.0,0.0,0.0,0.0,0.0,0.0,0.0,0.0,0.0,0.0,0.0,0.0,0.0,0.0,0.0,0.0,0.0,0.0,0.0,0.0,0.0,0.0,0.0,0.0,0.0,0.0,0.0,0.0,0.0,0.0,0.0,0.0,0.0,0.0,0.0,0.0,0.0,0.0,0.0,0.0,0.0,0.0,0.0,0.0,0.0,0.0,0.0,0.0,0.0,0.0,0.0,0.0,0.0,0.0,0.0,0.0,0.0
301,0.5883766412734985,0.8333376049995422,-4.034476930314668e-08,0.609064519405365,0.7587107419967651,0.001260686432942748,0.6124091148376465,0.6595661044120789,-0.006520209833979607,0.5993567109107971,0.5766848921775818,-0.013799711130559444,0.5823816061019897,0.5182216763496399,-0.025415776297450066,0.6295854449272156,0.6560455560684204,-0.046820349991321564,0.5934526324272156,0.5610998272895813,-0.07160724699497223,0.5681899189949036,0.5052819848060608,-0.08631478995084763,0.547087550163269,0.4623830318450928,-0.09661102294921875,0.6114371418952942,0.6867624521255493,-0.06151247397065163,0.5768090486526489,0.5767511129379272,-0.08593714237213135,0.5501074194908142,0.5110148787498474,-0.09981561452150345,0.5259692072868347,0.4631422758102417,-0.11160685122013092,0.5820016860961914,0.7231913208961487,-0.07362005859613419,0.553501307964325,0.6187120079994202,-0.09855803102254868,0.5305513143539429,0.551875114440918,-0.11148099601268768,0.5115991234779358,0.5010336637496948,-0.12108473479747772,0.5423737168312073,0.7584014534950256,-0.08328502625226974,0.5247252583503723,0.6796316504478455,-0.1089392900466919,0.5166107416152954,0.6312888264656067,-0.12005849182605743,0.510685384273529,0.5909936428070068,-0.12763936817646027,0.0,0.0,0.0,0.0,0.0,0.0,0.0,0.0,0.0,0.0,0.0,0.0,0.0,0.0,0.0,0.0,0.0,0.0,0.0,0.0,0.0,0.0,0.0,0.0,0.0,0.0,0.0,0.0,0.0,0.0,0.0,0.0,0.0,0.0,0.0,0.0,0.0,0.0,0.0,0.0,0.0,0.0,0.0,0.0,0.0,0.0,0.0,0.0,0.0,0.0,0.0,0.0,0.0,0.0,0.0,0.0,0.0,0.0,0.0,0.0,0.0,0.0,0.0
302,0.5735000371932983,0.8572763204574585,-4.7752315879279195e-08,0.5889982581138611,0.7889077067375183,0.005111009813845158,0.5909759402275085,0.6987866163253784,-0.0023350915871560574,0.5804219841957092,0.6277849674224854,-0.010469533503055573,0.5628496408462524,0.5786571502685547,-0.023332936689257622,0.616508424282074,0.6726800799369812,-0.04414171352982521,0.5824217796325684,0.5760559439659119,-0.06999053806066513,0.5557058453559875,0.5182521343231201,-0.08661442995071411,0.5299199223518372,0.47279173135757446,-0.09829019755125046,0.6048001646995544,0.6994891166687012,-0.062143247574567795,0.5717501640319824,0.5876606702804565,-0.08753302693367004,0.5433019399642944,0.5213430523872375,-0.10339363664388657,0.5152272582054138,0.4688817858695984,-0.11618206650018692,0.5796893239021301,0.7346684336662292,-0.07730067521333694,0.5532482266426086,0.627789318561554,-0.10279671102762222,0.530031144618988,0.5612959861755371,-0.11798442900180817,0.509160578250885,0.5085846781730652,-0.12934549152851105,0.5423091650009155,0.7705145478248596,-0.08982459455728531,0.5256913900375366,0.6952705979347229,-0.11599425226449966,0.5186275839805603,0.6487393379211426,-0.1276749223470688,0.5145788788795471,0.6082426905632019,-0.13580286502838135,0.0,0.0,0.0,0.0,0.0,0.0,0.0,0.0,0.0,0.0,0.0,0.0,0.0,0.0,0.0,0.0,0.0,0.0,0.0,0.0,0.0,0.0,0.0,0.0,0.0,0.0,0.0,0.0,0.0,0.0,0.0,0.0,0.0,0.0,0.0,0.0,0.0,0.0,0.0,0.0,0.0,0.0,0.0,0.0,0.0,0.0,0.0,0.0,0.0,0.0,0.0,0.0,0.0,0.0,0.0,0.0,0.0,0.0,0.0,0.0,0.0,0.0,0.0
303,0.5743042826652527,0.8761049509048462,-8.04311497404342e-08,0.5853211283683777,0.8029340505599976,0.009550697170197964,0.5872138142585754,0.716656506061554,0.005540997255593538,0.5802649855613708,0.6485165953636169,-9.477837738813832e-05,0.5665356516838074,0.5968276858329773,-0.00992803554981947,0.6031862497329712,0.6802263259887695,-0.033716168254613876,0.5696588158607483,0.5826059579849243,-0.05794757604598999,0.5438991785049438,0.5226417779922485,-0.07379567623138428,0.520828366279602,0.47625821828842163,-0.08500175178050995,0.5963890552520752,0.7004560828208923,-0.05296122282743454,0.5601135492324829,0.5871716737747192,-0.07643520832061768,0.5307762622833252,0.5180291533470154,-0.09132704138755798,0.504372775554657,0.46332186460494995,-0.10343560576438904,0.5753211379051208,0.7326794266700745,-0.06978979706764221,0.5465131998062134,0.6187670230865479,-0.09428392350673676,0.5202475786209106,0.5500193238258362,-0.11059766262769699,0.49859610199928284,0.4957795739173889,-0.12286904454231262,0.540711522102356,0.770703911781311,-0.08382117003202438,0.5258157253265381,0.699884295463562,-0.11186732351779938,0.5170125365257263,0.6496877074241638,-0.12722879648208618,0.5115420818328857,0.6044147610664368,-0.13770735263824463,0.3363237679004669,0.9099023938179016,2.638502962781786e-07,0.3089970648288727,0.8073501586914062,0.012468671426177025,0.3016056418418884,0.7066929340362549,0.007874542847275734,0.3125047981739044,0.6275107264518738,-0.0010063286172226071,0.32979723811149597,0.5784393548965454,-0.011291726492345333,0.3194502592086792,0.6787019371986389,-0.02222299948334694,0.3441169857978821,0.5673086643218994,-0.04204206541180611,0.3671126365661621,0.5121667981147766,-0.052021514624357224,0.39128780364990234,0.47326183319091797,-0.057939913123846054,0.3398401737213135,0.697024405002594,-0.042010314762592316,0.3735434412956238,0.5717896223068237,-0.06191537529230118,0.40451759099960327,0.4999886453151703,-0.07134081423282623,0.43474632501602173,0.4511488676071167,-0.07699500769376755,0.36293280124664307,0.7298258543014526,-0.060058511793613434,0.39324527978897095,0.6115556955337524,-0.07660916447639465,0.42111465334892273,0.5451162457466125,-0.08418594300746918,0.44577476382255554,0.4949725866317749,-0.08949334919452667,0.3878905475139618,0.7735486030578613,-0.07624457031488419,0.4039589762687683,0.6917960047721863,-0.09050491452217102,0.41346484422683716,0.6353171467781067,-0.09430475533008575,0.42382001876831055,0.5862074494361877,-0.09616287797689438
304,0.5688697695732117,0.8857320547103882,-2.0028771530178346e-08,0.5640680193901062,0.8017005920410156,0.009869592264294624,0.5646185278892517,0.7130070924758911,0.005206246394664049,0.5577913522720337,0.6487151980400085,-0.0010417833691462874,0.5442908406257629,0.600175142288208,-0.011399716138839722,0.6028123497962952,0.6801108121871948,-0.030371418222784996,0.5654505491256714,0.5869925022125244,-0.052821286022663116,0.5386888980865479,0.5306812524795532,-0.06801749765872955,0.5148974061012268,0.4837394952774048,-0.07927476614713669,0.5983641743659973,0.7027749419212341,-0.049672748893499374,0.5584763288497925,0.5945155024528503,-0.07276778668165207,0.5287553668022156,0.5278655290603638,-0.08769475668668747,0.5015162825584412,0.47103431820869446,-0.10006716102361679,0.5778937935829163,0.737482488155365,-0.0666138306260109,0.5475986003875732,0.625926673412323,-0.09062045067548752,0.5229259133338928,0.5599015355110168,-0.10555512458086014,0.5031768679618835,0.5055942535400391,-0.11684048175811768,0.5419040322303772,0.7766542434692383,-0.08082477748394012,0.5253954529762268,0.7056907415390015,-0.10756856203079224,0.5176509618759155,0.6546750068664551,-0.1213843822479248,0.5144448280334473,0.6062519550323486,-0.13107362389564514,0.39037126302719116,0.9137238264083862,4.6893802618797054e-07,0.3669394552707672,0.8139171004295349,0.007039782591164112,0.35017773509025574,0.7084174752235413,-0.004006656352430582,0.34303075075149536,0.6239482164382935,-0.018771545961499214,0.34170985221862793,0.5562453866004944,-0.03533928096294403,0.34316393733024597,0.6969679594039917,-0.04253385588526726,0.3581719696521759,0.5729405879974365,-0.07398965954780579,0.3810463547706604,0.5110841393470764,-0.08918514102697372,0.4067966341972351,0.4680507481098175,-0.0972408726811409,0.3549571931362152,0.7212492823600769,-0.0634988397359848,0.3746482729911804,0.5842635035514832,-0.0934043899178505,0.4059228003025055,0.5078551769256592,-0.10570642352104187,0.4371708929538727,0.4573269784450531,-0.11216084659099579,0.38149482011795044,0.7551462650299072,-0.08254865556955338,0.3957726061344147,0.6235451698303223,-0.10763099044561386,0.4221467971801758,0.5510234832763672,-0.11793366819620132,0.4454622268676758,0.49703431129455566,-0.12412764132022858,0.4195093512535095,0.793511152267456,-0.09997611492872238,0.42354491353034973,0.707214891910553,-0.12087919563055038,0.42816245555877686,0.6482343673706055,-0.12790070474147797,0.43347832560539246,0.5982092618942261,-0.13160458207130432
305,0.0,0.0,0.0,0.0,0.0,0.0,0.0,0.0,0.0,0.0,0.0,0.0,0.0,0.0,0.0,0.0,0.0,0.0,0.0,0.0,0.0,0.0,0.0,0.0,0.0,0.0,0.0,0.0,0.0,0.0,0.0,0.0,0.0,0.0,0.0,0.0,0.0,0.0,0.0,0.0,0.0,0.0,0.0,0.0,0.0,0.0,0.0,0.0,0.0,0.0,0.0,0.0,0.0,0.0,0.0,0.0,0.0,0.0,0.0,0.0,0.0,0.0,0.0,0.38558292388916016,0.9216317534446716,6.011640039105259e-07,0.3577892482280731,0.8287183046340942,0.006686822045594454,0.33822065591812134,0.7271823287010193,-0.007933743298053741,0.33018022775650024,0.6450901627540588,-0.025386488065123558,0.32849204540252686,0.5771962404251099,-0.04491378366947174,0.33956679701805115,0.7066588401794434,-0.056116703897714615,0.35250866413116455,0.5733190178871155,-0.09138325601816177,0.3789118528366089,0.5098366141319275,-0.10749112814664841,0.4064536988735199,0.4661833941936493,-0.11563330143690109,0.35334494709968567,0.731787383556366,-0.07809104025363922,0.3737727999687195,0.5889933705329895,-0.11084674298763275,0.4071734547615051,0.5106284618377686,-0.1212136372923851,0.4396803379058838,0.4599747061729431,-0.12655213475227356,0.3816283047199249,0.7656601667404175,-0.09745090454816818,0.39698201417922974,0.6322290301322937,-0.1226072683930397,0.42472758889198303,0.5578690767288208,-0.12854020297527313,0.4495645761489868,0.5044146776199341,-0.132208913564682,0.42155957221984863,0.8010015487670898,-0.11529940366744995,0.42499840259552,0.7122228145599365,-0.13447456061840057,0.4294591546058655,0.6527314782142639,-0.1380811482667923,0.4363953769207001,0.6035714149475098,-0.13974107801914215
306,0.0,0.0,0.0,0.0,0.0,0.0,0.0,0.0,0.0,0.0,0.0,0.0,0.0,0.0,0.0,0.0,0.0,0.0,0.0,0.0,0.0,0.0,0.0,0.0,0.0,0.0,0.0,0.0,0.0,0.0,0.0,0.0,0.0,0.0,0.0,0.0,0.0,0.0,0.0,0.0,0.0,0.0,0.0,0.0,0.0,0.0,0.0,0.0,0.0,0.0,0.0,0.0,0.0,0.0,0.0,0.0,0.0,0.0,0.0,0.0,0.0,0.0,0.0,0.3848516643047333,0.9258058071136475,6.045760301276459e-07,0.3588865101337433,0.8329959511756897,0.007728371769189835,0.33981937170028687,0.7313804626464844,-0.007685768883675337,0.33344578742980957,0.6513911485671997,-0.026298150420188904,0.3341487944126129,0.5867143869400024,-0.047342393547296524,0.3376149833202362,0.7034841775894165,-0.059945736080408096,0.3515222668647766,0.5670281648635864,-0.0974709764122963,0.37840181589126587,0.5060242414474487,-0.11520642042160034,0.4052656590938568,0.46441537141799927,-0.12451882660388947,0.35046523809432983,0.7331095933914185,-0.08357823640108109,0.3717764616012573,0.5866644382476807,-0.11949802190065384,0.4067716598510742,0.5100102424621582,-0.13147541880607605,0.4402143359184265,0.4601956605911255,-0.13749191164970398,0.3793051540851593,0.7716413140296936,-0.10429153591394424,0.3939867317676544,0.6341654658317566,-0.13273675739765167,0.42211538553237915,0.5591570734977722,-0.14058572053909302,0.44700950384140015,0.5037404894828796,-0.1449647694826126,0.42090415954589844,0.8110758662223816,-0.12312771379947662,0.4257117807865143,0.7205771207809448,-0.14449049532413483,0.43003037571907043,0.6603180170059204,-0.14911988377571106,0.436440646648407,0.6092274785041809,-0.1512674242258072
307,0.0,0.0,0.0,0.0,0.0,0.0,0.0,0.0,0.0,0.0,0.0,0.0,0.0,0.0,0.0,0.0,0.0,0.0,0.0,0.0,0.0,0.0,0.0,0.0,0.0,0.0,0.0,0.0,0.0,0.0,0.0,0.0,0.0,0.0,0.0,0.0,0.0,0.0,0.0,0.0,0.0,0.0,0.0,0.0,0.0,0.0,0.0,0.0,0.0,0.0,0.0,0.0,0.0,0.0,0.0,0.0,0.0,0.0,0.0,0.0,0.0,0.0,0.0,0.38058680295944214,0.927407443523407,5.99979273374629e-07,0.34377244114875793,0.8300603628158569,0.004481289070099592,0.31952306628227234,0.717727780342102,-0.009547567926347256,0.311945378780365,0.6246376037597656,-0.025706639513373375,0.3184727430343628,0.5497770309448242,-0.04379376769065857,0.31581568717956543,0.7093429565429688,-0.0553523451089859,0.34317106008529663,0.5775336027145386,-0.08716332167387009,0.37082356214523315,0.5165247321128845,-0.10036319494247437,0.3957485556602478,0.4736365079879761,-0.10689999908208847,0.33728355169296265,0.7404255867004395,-0.07546715438365936,0.3654250502586365,0.5934710502624512,-0.10504067689180374,0.39848244190216064,0.5129901170730591,-0.11395695805549622,0.42953887581825256,0.4607542157173157,-0.11856963485479355,0.37252458930015564,0.7774910926818848,-0.09296361356973648,0.3909341096878052,0.6381269693374634,-0.11756306886672974,0.41817790269851685,0.5606616735458374,-0.12446264922618866,0.4398382008075714,0.5030669569969177,-0.1286454051733017,0.41753000020980835,0.8130174279212952,-0.10875371098518372,0.4237084984779358,0.7183122634887695,-0.1290815770626068,0.42825326323509216,0.6569481492042542,-0.13379624485969543,0.43381211161613464,0.6063799858093262,-0.13578011095523834
308,0.0,0.0,0.0,0.0,0.0,0.0,0.0,0.0,0.0,0.0,0.0,0.0,0.0,0.0,0.0,0.0,0.0,0.0,0.0,0.0,0.0,0.0,0.0,0.0,0.0,0.0,0.0,0.0,0.0,0.0,0.0,0.0,0.0,0.0,0.0,0.0,0.0,0.0,0.0,0.0,0.0,0.0,0.0,0.0,0.0,0.0,0.0,0.0,0.0,0.0,0.0,0.0,0.0,0.0,0.0,0.0,0.0,0.0,0.0,0.0,0.0,0.0,0.0,0.0,0.0,0.0,0.0,0.0,0.0,0.0,0.0,0.0,0.0,0.0,0.0,0.0,0.0,0.0,0.0,0.0,0.0,0.0,0.0,0.0,0.0,0.0,0.0,0.0,0.0,0.0,0.0,0.0,0.0,0.0,0.0,0.0,0.0,0.0,0.0,0.0,0.0,0.0,0.0,0.0,0.0,0.0,0.0,0.0,0.0,0.0,0.0,0.0,0.0,0.0,0.0,0.0,0.0,0.0,0.0,0.0,0.0,0.0,0.0,0.0,0.0,0.0
309,0.5803366303443909,0.9161880016326904,2.255898436942516e-07,0.609317421913147,0.8257842063903809,-0.006142489146441221,0.6169906258583069,0.7074311971664429,-0.021192558109760284,0.6015721559524536,0.6172635555267334,-0.03340112045407295,0.5961712598800659,0.5545173287391663,-0.05060543119907379,0.6409776210784912,0.710141658782959,-0.07392121106386185,0.598518431186676,0.5967696905136108,-0.10350626707077026,0.5660285949707031,0.5345872640609741,-0.11712297052145004,0.5342957973480225,0.48677849769592285,-0.12598639726638794,0.6149253845214844,0.7501844167709351,-0.08783204108476639,0.5754534602165222,0.6220147609710693,-0.11800254881381989,0.5403984785079956,0.547947883605957,-0.13127459585666656,0.5082937479019165,0.4924267530441284,-0.14255645871162415,0.5785117745399475,0.793474555015564,-0.09843610227108002,0.5466091632843018,0.6694427132606506,-0.12586703896522522,0.5177780985832214,0.5927827954292297,-0.13800469040870667,0.4939916729927063,0.5346344709396362,-0.14757408201694489,0.5318279266357422,0.837477445602417,-0.10687486827373505,0.5105332732200623,0.741010308265686,-0.13214708864688873,0.500190019607544,0.6809982657432556,-0.1418674886226654,0.49094337224960327,0.6299154758453369,-0.1494075357913971,0.0,0.0,0.0,0.0,0.0,0.0,0.0,0.0,0.0,0.0,0.0,0.0,0.0,0.0,0.0,0.0,0.0,0.0,0.0,0.0,0.0,0.0,0.0,0.0,0.0,0.0,0.0,0.0,0.0,0.0,0.0,0.0,0.0,0.0,0.0,0.0,0.0,0.0,0.0,0.0,0.0,0.0,0.0,0.0,0.0,0.0,0.0,0.0,0.0,0.0,0.0,0.0,0.0,0.0,0.0,0.0,0.0,0.0,0.0,0.0,0.0,0.0,0.0
310,0.5706031918525696,0.9111526608467102,-5.972916738983258e-08,0.6019061803817749,0.8302031755447388,0.00031822221353650093,0.6209099888801575,0.7227726578712463,-0.01126561127603054,0.6194760203361511,0.6307905912399292,-0.021206149831414223,0.6103739142417908,0.5614311695098877,-0.03564662113785744,0.6358660459518433,0.7198363542556763,-0.06312070041894913,0.5987338423728943,0.6040418148040771,-0.09236117452383041,0.5705005526542664,0.5415968298912048,-0.10751976072788239,0.5458822250366211,0.4941331446170807,-0.11674484610557556,0.6099795699119568,0.7584280967712402,-0.07837911695241928,0.5705742239952087,0.623981773853302,-0.10528047382831573,0.539000928401947,0.5450406074523926,-0.1175062283873558,0.5114881992340088,0.49040985107421875,-0.1286262571811676,0.5718796253204346,0.7985055446624756,-0.0902654156088829,0.5392962694168091,0.6698490977287292,-0.11580212414264679,0.5137463212013245,0.5908929109573364,-0.12582340836524963,0.4933069944381714,0.5324400663375854,-0.1340458244085312,0.5233743786811829,0.8350478410720825,-0.09948720037937164,0.5046947002410889,0.7357860803604126,-0.12475378811359406,0.4964366853237152,0.6785250902175903,-0.13350524008274078,0.4900747537612915,0.6294913291931152,-0.13961254060268402,0.0,0.0,0.0,0.0,0.0,0.0,0.0,0.0,0.0,0.0,0.0,0.0,0.0,0.0,0.0,0.0,0.0,0.0,0.0,0.0,0.0,0.0,0.0,0.0,0.0,0.0,0.0,0.0,0.0,0.0,0.0,0.0,0.0,0.0,0.0,0.0,0.0,0.0,0.0,0.0,0.0,0.0,0.0,0.0,0.0,0.0,0.0,0.0,0.0,0.0,0.0,0.0,0.0,0.0,0.0,0.0,0.0,0.0,0.0,0.0,0.0,0.0,0.0
311,0.5698885917663574,0.9008607864379883,-8.298683695784348e-08,0.6002544164657593,0.8225864171981812,0.001033657230436802,0.6181821227073669,0.7166376709938049,-0.009367435239255428,0.6177576780319214,0.6264411807060242,-0.018636660650372505,0.611558735370636,0.5554986000061035,-0.03250546380877495,0.6331578493118286,0.7114742398262024,-0.059388261288404465,0.595801055431366,0.5987453460693359,-0.08763760328292847,0.5669400095939636,0.5372811555862427,-0.10279502719640732,0.5425558090209961,0.49091771245002747,-0.11223284900188446,0.6073614954948425,0.7507194876670837,-0.0747213363647461,0.5676862597465515,0.6193110942840576,-0.10019617527723312,0.5368030667304993,0.5417531728744507,-0.11171109229326248,0.5102152824401855,0.4873402416706085,-0.12259635329246521,0.5690321326255798,0.7901227474212646,-0.087000273168087,0.5358103513717651,0.6634727120399475,-0.11203911900520325,0.5115200281143188,0.5852428674697876,-0.1216706782579422,0.49163341522216797,0.5272268056869507,-0.12973593175411224,0.5203644633293152,0.8246669769287109,-0.09667792171239853,0.5013682246208191,0.7263463139533997,-0.1223084032535553,0.4932677745819092,0.6689464449882507,-0.13125406205654144,0.4870286285877228,0.620759129524231,-0.13746322691440582,0.0,0.0,0.0,0.0,0.0,0.0,0.0,0.0,0.0,0.0,0.0,0.0,0.0,0.0,0.0,0.0,0.0,0.0,0.0,0.0,0.0,0.0,0.0,0.0,0.0,0.0,0.0,0.0,0.0,0.0,0.0,0.0,0.0,0.0,0.0,0.0,0.0,0.0,0.0,0.0,0.0,0.0,0.0,0.0,0.0,0.0,0.0,0.0,0.0,0.0,0.0,0.0,0.0,0.0,0.0,0.0,0.0,0.0,0.0,0.0,0.0,0.0,0.0
312,0.566564679145813,0.8963506817817688,-9.52747214455485e-08,0.5953143835067749,0.8200584650039673,-0.0007737076375633478,0.6135845184326172,0.7135857343673706,-0.010922705754637718,0.6161515116691589,0.6232751607894897,-0.01955200918018818,0.6110665202140808,0.5513956546783447,-0.03255198523402214,0.630953311920166,0.7092172503471375,-0.05964197218418121,0.5953389406204224,0.5987576842308044,-0.0881604477763176,0.5659056305885315,0.5367608666419983,-0.10374462604522705,0.5412439107894897,0.4895382523536682,-0.11368804425001144,0.6075003147125244,0.7481568455696106,-0.07418449223041534,0.5679560899734497,0.617904543876648,-0.10023784637451172,0.5364539623260498,0.5408469438552856,-0.11251946538686752,0.5099344849586487,0.4862932562828064,-0.12392621487379074,0.570767879486084,0.7879917025566101,-0.08589055389165878,0.5364813208580017,0.6632530093193054,-0.11139891296625137,0.5116189122200012,0.5852329134941101,-0.12181776762008667,0.49152740836143494,0.5262121558189392,-0.13042153418064117,0.52301025390625,0.8232176303863525,-0.09521205723285675,0.5035091638565063,0.7282935380935669,-0.12168270349502563,0.4950011968612671,0.6709383130073547,-0.13177542388439178,0.4884515404701233,0.6210756897926331,-0.13877595961093903,0.0,0.0,0.0,0.0,0.0,0.0,0.0,0.0,0.0,0.0,0.0,0.0,0.0,0.0,0.0,0.0,0.0,0.0,0.0,0.0,0.0,0.0,0.0,0.0,0.0,0.0,0.0,0.0,0.0,0.0,0.0,0.0,0.0,0.0,0.0,0.0,0.0,0.0,0.0,0.0,0.0,0.0,0.0,0.0,0.0,0.0,0.0,0.0,0.0,0.0,0.0,0.0,0.0,0.0,0.0,0.0,0.0,0.0,0.0,0.0,0.0,0.0,0.0
313,0.5659334063529968,0.8940951824188232,-9.026205560758171e-08,0.5932406187057495,0.8160751461982727,0.0013384433696046472,0.6099814772605896,0.7102799415588379,-0.008739798329770565,0.61185222864151,0.6214681267738342,-0.0180209930986166,0.6090895533561707,0.548674464225769,-0.03168906271457672,0.6294055581092834,0.7050169110298157,-0.05841100960969925,0.5948470830917358,0.5928719639778137,-0.08794964104890823,0.56598961353302,0.5318186283111572,-0.1039508655667305,0.541577935218811,0.48674947023391724,-0.11395872384309769,0.6066701412200928,0.7432594895362854,-0.07437779009342194,0.5682092905044556,0.6126765012741089,-0.10153030604124069,0.536234974861145,0.5363049507141113,-0.11359114944934845,0.508959949016571,0.483178049325943,-0.12466410547494888,0.5699294805526733,0.7826009392738342,-0.08754631131887436,0.5365779399871826,0.6554031372070312,-0.11366001516580582,0.5096350312232971,0.5796805620193481,-0.12313820421695709,0.4880009889602661,0.5231738090515137,-0.13102219998836517,0.5217624306678772,0.8177545666694641,-0.09820165485143661,0.5015578866004944,0.7236549854278564,-0.12522195279598236,0.4929155707359314,0.6671486496925354,-0.13531328737735748,0.48719483613967896,0.6178194284439087,-0.1422232836484909,0.0,0.0,0.0,0.0,0.0,0.0,0.0,0.0,0.0,0.0,0.0,0.0,0.0,0.0,0.0,0.0,0.0,0.0,0.0,0.0,0.0,0.0,0.0,0.0,0.0,0.0,0.0,0.0,0.0,0.0,0.0,0.0,0.0,0.0,0.0,0.0,0.0,0.0,0.0,0.0,0.0,0.0,0.0,0.0,0.0,0.0,0.0,0.0,0.0,0.0,0.0,0.0,0.0,0.0,0.0,0.0,0.0,0.0,0.0,0.0,0.0,0.0,0.0
314,0.5772349238395691,0.8949610590934753,-1.2414662364790274e-07,0.6030826568603516,0.8177924156188965,0.00019416910072322935,0.6183339357376099,0.7100702524185181,-0.00954349897801876,0.6167798042297363,0.6187844276428223,-0.01814471185207367,0.602364718914032,0.5531091094017029,-0.03149993345141411,0.6318899393081665,0.7000035643577576,-0.05812961608171463,0.5958816409111023,0.5917999744415283,-0.08675158768892288,0.565599262714386,0.5313315391540527,-0.10294515639543533,0.5402857661247253,0.48685556650161743,-0.11367222666740417,0.60849928855896,0.7384366393089294,-0.07317144423723221,0.5675850510597229,0.6108957529067993,-0.10011359304189682,0.5355145335197449,0.5344192981719971,-0.11387530714273453,0.5078462362289429,0.4813438057899475,-0.1266244500875473,0.5735008120536804,0.7795140147209167,-0.08528230339288712,0.5379862189292908,0.6575807332992554,-0.1116563007235527,0.5110998749732971,0.5804972648620605,-0.12356044352054596,0.48875439167022705,0.5240928530693054,-0.13333773612976074,0.5287642478942871,0.8168377876281738,-0.09492902457714081,0.5058686137199402,0.7233035564422607,-0.12239887565374374,0.49576228857040405,0.6661083698272705,-0.1341187208890915,0.48827868700027466,0.6170971989631653,-0.14253509044647217,0.0,0.0,0.0,0.0,0.0,0.0,0.0,0.0,0.0,0.0,0.0,0.0,0.0,0.0,0.0,0.0,0.0,0.0,0.0,0.0,0.0,0.0,0.0,0.0,0.0,0.0,0.0,0.0,0.0,0.0,0.0,0.0,0.0,0.0,0.0,0.0,0.0,0.0,0.0,0.0,0.0,0.0,0.0,0.0,0.0,0.0,0.0,0.0,0.0,0.0,0.0,0.0,0.0,0.0,0.0,0.0,0.0,0.0,0.0,0.0,0.0,0.0,0.0
315,0.5900331735610962,0.899519681930542,-1.0086682067367292e-07,0.6071224212646484,0.8182951211929321,0.004567725118249655,0.614102840423584,0.7135341763496399,-0.004833581857383251,0.5996866226196289,0.6279610395431519,-0.01402234099805355,0.5764830112457275,0.5746504068374634,-0.028863515704870224,0.6394188404083252,0.6934777498245239,-0.05351429432630539,0.596901535987854,0.5935531854629517,-0.08159541338682175,0.5660991668701172,0.5342286825180054,-0.09984205663204193,0.5395112037658691,0.4891383945941925,-0.11307994276285172,0.6213019490242004,0.7311644554138184,-0.07262317836284637,0.5780890583992004,0.6148543357849121,-0.09954293072223663,0.5459768176078796,0.5465419888496399,-0.11473483592271805,0.5167211294174194,0.49487435817718506,-0.12831060588359833,0.5891979932785034,0.7755547165870667,-0.08850127458572388,0.5544946193695068,0.661389946937561,-0.11648540198802948,0.5272575616836548,0.5886645913124084,-0.13100647926330566,0.5040948987007141,0.5328717231750488,-0.14266720414161682,0.5447222590446472,0.8184559345245361,-0.1013524979352951,0.521980881690979,0.7344691157341003,-0.1307108849287033,0.5126104354858398,0.6820035576820374,-0.14300695061683655,0.5069100260734558,0.636208176612854,-0.15196369588375092,0.0,0.0,0.0,0.0,0.0,0.0,0.0,0.0,0.0,0.0,0.0,0.0,0.0,0.0,0.0,0.0,0.0,0.0,0.0,0.0,0.0,0.0,0.0,0.0,0.0,0.0,0.0,0.0,0.0,0.0,0.0,0.0,0.0,0.0,0.0,0.0,0.0,0.0,0.0,0.0,0.0,0.0,0.0,0.0,0.0,0.0,0.0,0.0,0.0,0.0,0.0,0.0,0.0,0.0,0.0,0.0,0.0,0.0,0.0,0.0,0.0,0.0,0.0
316,0.0,0.0,0.0,0.0,0.0,0.0,0.0,0.0,0.0,0.0,0.0,0.0,0.0,0.0,0.0,0.0,0.0,0.0,0.0,0.0,0.0,0.0,0.0,0.0,0.0,0.0,0.0,0.0,0.0,0.0,0.0,0.0,0.0,0.0,0.0,0.0,0.0,0.0,0.0,0.0,0.0,0.0,0.0,0.0,0.0,0.0,0.0,0.0,0.0,0.0,0.0,0.0,0.0,0.0,0.0,0.0,0.0,0.0,0.0,0.0,0.0,0.0,0.0,0.3159313499927521,1.0171847343444824,2.1815279183101666e-07,0.2621462345123291,0.9144823551177979,-0.003995851147919893,0.23953749239444733,0.7999255061149597,-0.009379365481436253,0.2374657243490219,0.7245225310325623,-0.017404768615961075,0.24075938761234283,0.6859516501426697,-0.02544054575264454,0.30663299560546875,0.7446888089179993,-0.009676038287580013,0.3242994546890259,0.6304592490196228,-0.027823472395539284,0.3383254110813141,0.5718911290168762,-0.04186805710196495,0.35417789220809937,0.5261078476905823,-0.05128291994333267,0.33981767296791077,0.7604085206985474,-0.02296588383615017,0.37104642391204834,0.6212942600250244,-0.0418626144528389,0.4009389281272888,0.5429298877716064,-0.05463920533657074,0.4314388036727905,0.4862218201160431,-0.06194725260138512,0.36871254444122314,0.7941794395446777,-0.037956174463033676,0.3974831998348236,0.6679036617279053,-0.05515458807349205,0.4214232563972473,0.5960738658905029,-0.0655260682106018,0.44255098700523376,0.5403114557266235,-0.07086686789989471,0.39542412757873535,0.8448481559753418,-0.05346178263425827,0.4145577549934387,0.7556774616241455,-0.06589439511299133,0.4237508177757263,0.6964163184165955,-0.06783830374479294,0.4316173195838928,0.6453434824943542,-0.06775467842817307
317,0.0,0.0,0.0,0.0,0.0,0.0,0.0,0.0,0.0,0.0,0.0,0.0,0.0,0.0,0.0,0.0,0.0,0.0,0.0,0.0,0.0,0.0,0.0,0.0,0.0,0.0,0.0,0.0,0.0,0.0,0.0,0.0,0.0,0.0,0.0,0.0,0.0,0.0,0.0,0.0,0.0,0.0,0.0,0.0,0.0,0.0,0.0,0.0,0.0,0.0,0.0,0.0,0.0,0.0,0.0,0.0,0.0,0.0,0.0,0.0,0.0,0.0,0.0,0.3623320162296295,0.9791336059570312,4.52368368542011e-07,0.3578888177871704,0.8697563409805298,0.01678471639752388,0.3634010851383209,0.7664622068405151,0.01163878571242094,0.37656235694885254,0.691903829574585,4.904209345113486e-05,0.3836776614189148,0.6354841589927673,-0.012358663603663445,0.3618512451648712,0.7282272577285767,-0.020876843482255936,0.3798806071281433,0.5950670838356018,-0.04955943673849106,0.40819215774536133,0.531697690486908,-0.06551137566566467,0.4370459318161011,0.48457103967666626,-0.07422883063554764,0.3657679855823517,0.7476193904876709,-0.046753305941820145,0.388816773891449,0.5975332856178284,-0.074156753718853,0.42462050914764404,0.5222193598747253,-0.08625806123018265,0.4575403928756714,0.4710310995578766,-0.09219367057085037,0.38318854570388794,0.7841953635215759,-0.07098937034606934,0.40375781059265137,0.6415395140647888,-0.09340009093284607,0.43401432037353516,0.5707105994224548,-0.10001403093338013,0.4604758322238922,0.5183615684509277,-0.10324560850858688,0.4148055613040924,0.8329234719276428,-0.09361181408166885,0.42708009481430054,0.7431563138961792,-0.1083856150507927,0.43730705976486206,0.6817091107368469,-0.10937219113111496,0.44755953550338745,0.6293250322341919,-0.10924572497606277
318,0.0,0.0,0.0,0.0,0.0,0.0,0.0,0.0,0.0,0.0,0.0,0.0,0.0,0.0,0.0,0.0,0.0,0.0,0.0,0.0,0.0,0.0,0.0,0.0,0.0,0.0,0.0,0.0,0.0,0.0,0.0,0.0,0.0,0.0,0.0,0.0,0.0,0.0,0.0,0.0,0.0,0.0,0.0,0.0,0.0,0.0,0.0,0.0,0.0,0.0,0.0,0.0,0.0,0.0,0.0,0.0,0.0,0.0,0.0,0.0,0.0,0.0,0.0,0.37327250838279724,0.9581201076507568,4.370485555682535e-07,0.3673427999019623,0.8486890196800232,0.02068767137825489,0.37097251415252686,0.748225212097168,0.014509877189993858,0.3776395916938782,0.6751792430877686,0.0017137696268036962,0.3792431950569153,0.6180430054664612,-0.012257779017090797,0.37248679995536804,0.7133786678314209,-0.0258730947971344,0.388651043176651,0.5790337920188904,-0.05370749160647392,0.4160526692867279,0.5165107250213623,-0.06729696691036224,0.4444658160209656,0.47352442145347595,-0.0739087164402008,0.3760186731815338,0.7320518493652344,-0.05293747037649155,0.3955445885658264,0.5859799385070801,-0.07820464670658112,0.43007558584213257,0.514678418636322,-0.08576798439025879,0.4627516567707062,0.4703596830368042,-0.08893760293722153,0.3936687707901001,0.7671710848808289,-0.07767330855131149,0.41297486424446106,0.6313896179199219,-0.09712309390306473,0.4426397383213043,0.5618950128555298,-0.10128083825111389,0.47039419412612915,0.5123110413551331,-0.10336285084486008,0.4276711344718933,0.8133070468902588,-0.10041409730911255,0.44168853759765625,0.7221677303314209,-0.11198052018880844,0.4506632685661316,0.661825954914093,-0.11173631995916367,0.4592891037464142,0.6129196286201477,-0.11112550646066666
319,0.0,0.0,0.0,0.0,0.0,0.0,0.0,0.0,0.0,0.0,0.0,0.0,0.0,0.0,0.0,0.0,0.0,0.0,0.0,0.0,0.0,0.0,0.0,0.0,0.0,0.0,0.0,0.0,0.0,0.0,0.0,0.0,0.0,0.0,0.0,0.0,0.0,0.0,0.0,0.0,0.0,0.0,0.0,0.0,0.0,0.0,0.0,0.0,0.0,0.0,0.0,0.0,0.0,0.0,0.0,0.0,0.0,0.0,0.0,0.0,0.0,0.0,0.0,0.3601950407028198,0.9045618176460266,4.7344585141217976e-07,0.3383494019508362,0.8093996047973633,0.007691160775721073,0.3350490927696228,0.7099704146385193,0.0027859187684953213,0.34440022706985474,0.6388815641403198,-0.005490963812917471,0.3486388027667999,0.5914028882980347,-0.015403221361339092,0.3532399535179138,0.6726174354553223,-0.026784952729940414,0.38527584075927734,0.5671404600143433,-0.050887323915958405,0.4162360429763794,0.5097422003746033,-0.06572658568620682,0.4452195465564728,0.46484649181365967,-0.07489775121212006,0.36749881505966187,0.6937192678451538,-0.04485081881284714,0.4008924961090088,0.5742868781089783,-0.06878962367773056,0.43473339080810547,0.5055147409439087,-0.08057734370231628,0.46589502692222595,0.4526796340942383,-0.08763299882411957,0.3861401081085205,0.7298052906990051,-0.06164136901497841,0.4167482256889343,0.61427903175354,-0.0828334167599678,0.4447733759880066,0.5504069328308105,-0.09019401669502258,0.4696022868156433,0.501105010509491,-0.09440833330154419,0.4092506468296051,0.7781067490577698,-0.07719435542821884,0.4272889494895935,0.7027809619903564,-0.09452637284994125,0.4386541247367859,0.6529125571250916,-0.09801825135946274,0.44972479343414307,0.6103370785713196,-0.09945908188819885
320,0.0,0.0,0.0,0.0,0.0,0.0,0.0,0.0,0.0,0.0,0.0,0.0,0.0,0.0,0.0,0.0,0.0,0.0,0.0,0.0,0.0,0.0,0.0,0.0,0.0,0.0,0.0,0.0,0.0,0.0,0.0,0.0,0.0,0.0,0.0,0.0,0.0,0.0,0.0,0.0,0.0,0.0,0.0,0.0,0.0,0.0,0.0,0.0,0.0,0.0,0.0,0.0,0.0,0.0,0.0,0.0,0.0,0.0,0.0,0.0,0.0,0.0,0.0,0.3919382691383362,0.8906810283660889,4.648861136047344e-07,0.38408002257347107,0.7936100363731384,0.011468128301203251,0.38241177797317505,0.6967442631721497,0.0025976235046982765,0.3819049000740051,0.6209844350814819,-0.010971414856612682,0.37281620502471924,0.5628867745399475,-0.02714034914970398,0.38508740067481995,0.6785100698471069,-0.0365365594625473,0.40691450238227844,0.5573996901512146,-0.06684575974941254,0.433933287858963,0.4977274537086487,-0.0827844887971878,0.46057817339897156,0.45381611585617065,-0.09160608053207397,0.39001309871673584,0.6983420252799988,-0.059346701949834824,0.4152672290802002,0.5628471374511719,-0.08686269819736481,0.44798600673675537,0.49301040172576904,-0.09822999686002731,0.47775375843048096,0.4467603266239166,-0.10488336533308029,0.40761157870292664,0.7320349812507629,-0.0801539421081543,0.4302319884300232,0.6066914200782776,-0.10303553193807602,0.4583023190498352,0.5432217121124268,-0.11204920709133148,0.48211416602134705,0.4956848919391632,-0.11802084743976593,0.4369983971118927,0.7746555805206299,-0.09927957504987717,0.44974052906036377,0.6940129399299622,-0.11800161749124527,0.4582255482673645,0.638638973236084,-0.12409038841724396,0.4659801125526428,0.590964138507843,-0.1280335783958435
321,0.5558692216873169,0.8583182096481323,7.850452021784804e-08,0.5304291844367981,0.7727313041687012,0.006030331831425428,0.5265467762947083,0.6896502375602722,0.005603786092251539,0.528569757938385,0.6237990856170654,0.0030985716730356216,0.5203064680099487,0.5728784203529358,-0.0016652974300086498,0.575910747051239,0.648967444896698,-0.009838207624852657,0.5488604307174683,0.5661521553993225,-0.028842762112617493,0.5294522047042847,0.5081765651702881,-0.04352366551756859,0.5119097828865051,0.4582487940788269,-0.0550449937582016,0.5789445638656616,0.6643266081809998,-0.025557100772857666,0.5477203130722046,0.5668564438819885,-0.04617637023329735,0.5251700282096863,0.5016888976097107,-0.060791704803705215,0.504941999912262,0.4456881880760193,-0.07227864861488342,0.568658709526062,0.6918860673904419,-0.041533004492521286,0.5435917377471924,0.59505695104599,-0.06322067230939865,0.5239518880844116,0.5327097773551941,-0.07808512449264526,0.5094731450080872,0.48276275396347046,-0.08884897083044052,0.546882688999176,0.7270436882972717,-0.05654078722000122,0.5346370935440063,0.6641871929168701,-0.08311185985803604,0.5279293060302734,0.6146068572998047,-0.10005061328411102,0.5247326493263245,0.5670785903930664,-0.11178400367498398,0.0,0.0,0.0,0.0,0.0,0.0,0.0,0.0,0.0,0.0,0.0,0.0,0.0,0.0,0.0,0.0,0.0,0.0,0.0,0.0,0.0,0.0,0.0,0.0,0.0,0.0,0.0,0.0,0.0,0.0,0.0,0.0,0.0,0.0,0.0,0.0,0.0,0.0,0.0,0.0,0.0,0.0,0.0,0.0,0.0,0.0,0.0,0.0,0.0,0.0,0.0,0.0,0.0,0.0,0.0,0.0,0.0,0.0,0.0,0.0,0.0,0.0,0.0
322,0.5583280324935913,0.8387494087219238,9.633930098118526e-09,0.5400598049163818,0.7527951002120972,0.013761419802904129,0.5389930009841919,0.6676424145698547,0.013552150689065456,0.5371827483177185,0.6025020480155945,0.011380426585674286,0.5270805358886719,0.5505087375640869,0.0064193690195679665,0.5875712037086487,0.6375848054885864,-0.021368134766817093,0.5507221817970276,0.5414959192276001,-0.04115733504295349,0.5291016101837158,0.4809243679046631,-0.053627558052539825,0.5092775225639343,0.4287378787994385,-0.06310049444437027,0.5894666910171509,0.6558035016059875,-0.04004080221056938,0.5469978451728821,0.5391430854797363,-0.060881197452545166,0.5202845335006714,0.4688415229320526,-0.07273740321397781,0.4976571500301361,0.40838637948036194,-0.08274153620004654,0.5733931064605713,0.6830146312713623,-0.05652449280023575,0.540998637676239,0.5669251084327698,-0.07818742841482162,0.5202473998069763,0.49885237216949463,-0.0911925882101059,0.5050880312919617,0.44227367639541626,-0.10121645778417587,0.541688859462738,0.7128238081932068,-0.07040569186210632,0.5294871926307678,0.6418781876564026,-0.09807396680116653,0.522923469543457,0.5910490155220032,-0.11406244337558746,0.5191805362701416,0.5430326461791992,-0.1250506341457367,0.3939252495765686,0.8761681318283081,4.706390654973802e-07,0.35354000329971313,0.777300238609314,0.0020274552516639233,0.33730170130729675,0.6809879541397095,-0.009811925701797009,0.3451135754585266,0.6054059863090515,-0.024379484355449677,0.36307182908058167,0.5582674741744995,-0.03945273905992508,0.34777548909187317,0.6461679339408875,-0.03713560104370117,0.3756512403488159,0.5248684287071228,-0.06364776939153671,0.4060715138912201,0.4687400758266449,-0.07663699239492416,0.43551918864250183,0.429869681596756,-0.08318895846605301,0.3729880750179291,0.6661409735679626,-0.053376778960227966,0.40510138869285583,0.5327472686767578,-0.07657252252101898,0.43924441933631897,0.4642152786254883,-0.08477926254272461,0.47007107734680176,0.41724371910095215,-0.08924883604049683,0.4059940278530121,0.6984899044036865,-0.06854512542486191,0.43495920300483704,0.5711739659309387,-0.0868595689535141,0.46345996856689453,0.5067344903945923,-0.09015011787414551,0.4877578616142273,0.4604140520095825,-0.09198375046253204,0.4447755217552185,0.741732120513916,-0.08322811871767044,0.4608444273471832,0.6524888277053833,-0.09640473127365112,0.4743668735027313,0.5972006916999817,-0.09595592319965363,0.48921483755111694,0.5532678365707397,-0.09450992196798325
323,0.566470205783844,0.8178936243057251,-2.3990395447981427e-08,0.5853786468505859,0.7401837706565857,0.017478227615356445,0.5905663967132568,0.6647326946258545,0.015947718173265457,0.5823184251785278,0.6061478853225708,0.011188589036464691,0.5656022429466248,0.5653827786445618,0.0017975801602005959,0.6106184124946594,0.6275328397750854,-0.021795574575662613,0.568959653377533,0.5266838073730469,-0.04201335087418556,0.5427279472351074,0.47028762102127075,-0.05459693819284439,0.5228869318962097,0.42610764503479004,-0.06266707926988602,0.5997551083564758,0.6451828479766846,-0.04259541630744934,0.5592263340950012,0.5258382558822632,-0.06124897301197052,0.5309380292892456,0.4596145749092102,-0.07077772915363312,0.508105456829071,0.40927815437316895,-0.07836313545703888,0.5739861130714417,0.6729885339736938,-0.060578469187021255,0.5416727662086487,0.5569270849227905,-0.0784984603524208,0.5174236297607422,0.49263256788253784,-0.08662449568510056,0.500708818435669,0.44371795654296875,-0.09290986508131027,0.536078691482544,0.7029397487640381,-0.07566984742879868,0.518625020980835,0.6218446493148804,-0.09531662613153458,0.5098052620887756,0.5715848207473755,-0.10185625404119492,0.5045484304428101,0.5263867974281311,-0.1057034432888031,0.0,0.0,0.0,0.0,0.0,0.0,0.0,0.0,0.0,0.0,0.0,0.0,0.0,0.0,0.0,0.0,0.0,0.0,0.0,0.0,0.0,0.0,0.0,0.0,0.0,0.0,0.0,0.0,0.0,0.0,0.0,0.0,0.0,0.0,0.0,0.0,0.0,0.0,0.0,0.0,0.0,0.0,0.0,0.0,0.0,0.0,0.0,0.0,0.0,0.0,0.0,0.0,0.0,0.0,0.0,0.0,0.0,0.0,0.0,0.0,0.0,0.0,0.0
324,0.5687756538391113,0.7962639927864075,-8.484149560672449e-08,0.5926188826560974,0.7263137102127075,0.016350246965885162,0.5988392233848572,0.6448152661323547,0.015184084884822369,0.5947483777999878,0.5796460509300232,0.011654608882963657,0.5808299779891968,0.5355086922645569,0.0031245185527950525,0.6139736175537109,0.6095737218856812,-0.0288760494440794,0.5794724822044373,0.508347749710083,-0.05096529796719551,0.5548406839370728,0.4517778158187866,-0.06508729606866837,0.534550666809082,0.4111955165863037,-0.07443559169769287,0.6009882688522339,0.6332718729972839,-0.0491674542427063,0.5634595155715942,0.5165831446647644,-0.0684119462966919,0.5370340943336487,0.4506247639656067,-0.07931654155254364,0.5151493549346924,0.4010257124900818,-0.08914051204919815,0.5742297172546387,0.6652191877365112,-0.06649759411811829,0.5445195436477661,0.5519155859947205,-0.08649660646915436,0.5221783518791199,0.48529404401779175,-0.09762730449438095,0.5049071907997131,0.4334743320941925,-0.10672914236783981,0.5357010960578918,0.6986541152000427,-0.08058489859104156,0.5189051628112793,0.6166484355926514,-0.10499890893697739,0.5100876092910767,0.5638192296028137,-0.11584775894880295,0.5035750865936279,0.5158355236053467,-0.12301758676767349,0.0,0.0,0.0,0.0,0.0,0.0,0.0,0.0,0.0,0.0,0.0,0.0,0.0,0.0,0.0,0.0,0.0,0.0,0.0,0.0,0.0,0.0,0.0,0.0,0.0,0.0,0.0,0.0,0.0,0.0,0.0,0.0,0.0,0.0,0.0,0.0,0.0,0.0,0.0,0.0,0.0,0.0,0.0,0.0,0.0,0.0,0.0,0.0,0.0,0.0,0.0,0.0,0.0,0.0,0.0,0.0,0.0,0.0,0.0,0.0,0.0,0.0,0.0
325,0.5728172659873962,0.7867825031280518,-8.731221612379159e-08,0.5967006683349609,0.7191966772079468,0.00966713111847639,0.6028024554252625,0.6243019104003906,0.005147993564605713,0.5954965353012085,0.5420037508010864,-0.00044582036207430065,0.581946849822998,0.4849433898925781,-0.010949013754725456,0.615607738494873,0.6076892018318176,-0.0393538624048233,0.579525887966156,0.5024130940437317,-0.062384117394685745,0.5537104606628418,0.4449412226676941,-0.07644886523485184,0.532939076423645,0.4027486741542816,-0.08618759363889694,0.5986698269844055,0.6327961683273315,-0.057201746851205826,0.561343789100647,0.5124277472496033,-0.07809184491634369,0.5335225462913513,0.44509240984916687,-0.08967944979667664,0.510036289691925,0.3948762118816376,-0.10034948587417603,0.569888174533844,0.6647427082061768,-0.07212147116661072,0.5400047302246094,0.5473661422729492,-0.09260239452123642,0.5181710720062256,0.4802052974700928,-0.10351699590682983,0.5001931190490723,0.4287160634994507,-0.11305037885904312,0.5303117632865906,0.6973458528518677,-0.0842481404542923,0.5159410238265991,0.6144124865531921,-0.10786890238523483,0.5082195401191711,0.5621457695960999,-0.11875192821025848,0.5009168982505798,0.514449954032898,-0.12670309841632843,0.0,0.0,0.0,0.0,0.0,0.0,0.0,0.0,0.0,0.0,0.0,0.0,0.0,0.0,0.0,0.0,0.0,0.0,0.0,0.0,0.0,0.0,0.0,0.0,0.0,0.0,0.0,0.0,0.0,0.0,0.0,0.0,0.0,0.0,0.0,0.0,0.0,0.0,0.0,0.0,0.0,0.0,0.0,0.0,0.0,0.0,0.0,0.0,0.0,0.0,0.0,0.0,0.0,0.0,0.0,0.0,0.0,0.0,0.0,0.0,0.0,0.0,0.0
326,0.566321074962616,0.7871969938278198,-5.423293103490323e-08,0.5923703908920288,0.7190127968788147,0.006647610571235418,0.6009112000465393,0.6255847811698914,0.0008491695043630898,0.596401572227478,0.5456320643424988,-0.005381894763559103,0.5841318964958191,0.4875103831291199,-0.015989845618605614,0.6163425445556641,0.6083486080169678,-0.03979843109846115,0.5797357559204102,0.503127932548523,-0.06203833594918251,0.5534465312957764,0.4471984803676605,-0.0747637078166008,0.5332116484642029,0.405592143535614,-0.0833265483379364,0.5977853536605835,0.6321267485618591,-0.05587088316679001,0.56003338098526,0.5107511281967163,-0.07619911432266235,0.5325601100921631,0.4447159171104431,-0.0864977240562439,0.5101305842399597,0.39573007822036743,-0.09560500085353851,0.5673311948776245,0.6629172563552856,-0.06932832300662994,0.537466287612915,0.5454299449920654,-0.0889732614159584,0.516189694404602,0.4792030453681946,-0.09808501601219177,0.49945005774497986,0.42785727977752686,-0.10578847676515579,0.5274181365966797,0.6954420208930969,-0.08035624772310257,0.5133136510848999,0.6116370558738708,-0.1022995188832283,0.5063449144363403,0.5593854188919067,-0.11126939207315445,0.5000287294387817,0.5111215114593506,-0.1174735352396965,0.0,0.0,0.0,0.0,0.0,0.0,0.0,0.0,0.0,0.0,0.0,0.0,0.0,0.0,0.0,0.0,0.0,0.0,0.0,0.0,0.0,0.0,0.0,0.0,0.0,0.0,0.0,0.0,0.0,0.0,0.0,0.0,0.0,0.0,0.0,0.0,0.0,0.0,0.0,0.0,0.0,0.0,0.0,0.0,0.0,0.0,0.0,0.0,0.0,0.0,0.0,0.0,0.0,0.0,0.0,0.0,0.0,0.0,0.0,0.0,0.0,0.0,0.0
327,0.5627073049545288,0.7784143686294556,-8.33849824743993e-08,0.5893789529800415,0.714197039604187,0.004803215153515339,0.6003892421722412,0.6191567778587341,-0.0013812691904604435,0.5970807075500488,0.537284255027771,-0.007482850458472967,0.5860621929168701,0.4782443642616272,-0.017622750252485275,0.615702748298645,0.6043952107429504,-0.04071022570133209,0.5814605355262756,0.4991094470024109,-0.06266055256128311,0.5562769174575806,0.4437725841999054,-0.07548051327466965,0.5364463329315186,0.4042760133743286,-0.08415302634239197,0.5962834358215332,0.6302543878555298,-0.0555223748087883,0.5597513318061829,0.509340763092041,-0.07454080879688263,0.53300940990448,0.4436380863189697,-0.08434872329235077,0.510624349117279,0.39600086212158203,-0.0937374159693718,0.5656723380088806,0.6617588996887207,-0.06799187511205673,0.5369860529899597,0.5448201298713684,-0.08629098534584045,0.5166705846786499,0.47875863313674927,-0.09506500512361526,0.5004457831382751,0.4280845522880554,-0.10314416140317917,0.5257357954978943,0.6932882070541382,-0.07827040553092957,0.5115097165107727,0.6102243065834045,-0.09950283169746399,0.5051510334014893,0.5581297874450684,-0.10899326205253601,0.49963438510894775,0.5098094940185547,-0.11602320522069931,0.0,0.0,0.0,0.0,0.0,0.0,0.0,0.0,0.0,0.0,0.0,0.0,0.0,0.0,0.0,0.0,0.0,0.0,0.0,0.0,0.0,0.0,0.0,0.0,0.0,0.0,0.0,0.0,0.0,0.0,0.0,0.0,0.0,0.0,0.0,0.0,0.0,0.0,0.0,0.0,0.0,0.0,0.0,0.0,0.0,0.0,0.0,0.0,0.0,0.0,0.0,0.0,0.0,0.0,0.0,0.0,0.0,0.0,0.0,0.0,0.0,0.0,0.0
328,0.5643237233161926,0.7765653133392334,-9.471234818647645e-08,0.590502917766571,0.7107381224632263,0.005139737855643034,0.6023954153060913,0.6170714497566223,-0.0007628881721757352,0.5985292196273804,0.535953938961029,-0.006733134854584932,0.591513991355896,0.47545984387397766,-0.016835231333971024,0.6157336831092834,0.6027567982673645,-0.038933780044317245,0.5791604518890381,0.4992307722568512,-0.060026783496141434,0.5543810725212097,0.4441414773464203,-0.07247572392225266,0.5357686281204224,0.4040393531322479,-0.08083643764257431,0.5950483083724976,0.627762496471405,-0.05371200665831566,0.5592507123947144,0.5071799755096436,-0.07229962944984436,0.534005880355835,0.4399290680885315,-0.08238349109888077,0.5130287408828735,0.3907911777496338,-0.09179350733757019,0.5639955401420593,0.6576322913169861,-0.06603513658046722,0.5371782779693604,0.5405099391937256,-0.08423042297363281,0.5191360712051392,0.47329914569854736,-0.09319116175174713,0.5047575235366821,0.42186009883880615,-0.10104624181985855,0.5238478779792786,0.6881303787231445,-0.07605522871017456,0.5110594630241394,0.6026549339294434,-0.09623188525438309,0.5053572058677673,0.5508282780647278,-0.10453969985246658,0.5003772377967834,0.5038660168647766,-0.11055834591388702,0.0,0.0,0.0,0.0,0.0,0.0,0.0,0.0,0.0,0.0,0.0,0.0,0.0,0.0,0.0,0.0,0.0,0.0,0.0,0.0,0.0,0.0,0.0,0.0,0.0,0.0,0.0,0.0,0.0,0.0,0.0,0.0,0.0,0.0,0.0,0.0,0.0,0.0,0.0,0.0,0.0,0.0,0.0,0.0,0.0,0.0,0.0,0.0,0.0,0.0,0.0,0.0,0.0,0.0,0.0,0.0,0.0,0.0,0.0,0.0,0.0,0.0,0.0
329,0.5659231543540955,0.7734760642051697,-6.476557956602846e-08,0.5917193293571472,0.709908127784729,0.003915826324373484,0.605347216129303,0.6143763065338135,-0.0025470717810094357,0.6034418344497681,0.5331617593765259,-0.008747512474656105,0.5971459150314331,0.47136664390563965,-0.018725018948316574,0.6183967590332031,0.6014226078987122,-0.04180466756224632,0.5823473930358887,0.4964139461517334,-0.06326692551374435,0.5570406317710876,0.44121259450912476,-0.07528777420520782,0.5377629995346069,0.4013921022415161,-0.08316122740507126,0.596218466758728,0.6268343925476074,-0.05589839443564415,0.5614006519317627,0.507162868976593,-0.0750848650932312,0.5356170535087585,0.43958067893981934,-0.08453987538814545,0.5141422152519226,0.3907848596572876,-0.09333837032318115,0.5642746686935425,0.6563066840171814,-0.06754537671804428,0.53753262758255,0.5401728749275208,-0.0858975201845169,0.5187121629714966,0.4734259843826294,-0.09371473640203476,0.5036224126815796,0.4220978617668152,-0.10062362253665924,0.5238521695137024,0.6858963966369629,-0.07704343646764755,0.5109128952026367,0.6005198955535889,-0.09765888750553131,0.505018413066864,0.5490474700927734,-0.10568665713071823,0.5001664161682129,0.5023649334907532,-0.11122791469097137,0.0,0.0,0.0,0.0,0.0,0.0,0.0,0.0,0.0,0.0,0.0,0.0,0.0,0.0,0.0,0.0,0.0,0.0,0.0,0.0,0.0,0.0,0.0,0.0,0.0,0.0,0.0,0.0,0.0,0.0,0.0,0.0,0.0,0.0,0.0,0.0,0.0,0.0,0.0,0.0,0.0,0.0,0.0,0.0,0.0,0.0,0.0,0.0,0.0,0.0,0.0,0.0,0.0,0.0,0.0,0.0,0.0,0.0,0.0,0.0,0.0,0.0,0.0
330,0.5628032088279724,0.7654842734336853,-6.69062671931897e-08,0.591415524482727,0.7046718597412109,0.0032403022050857544,0.6050968766212463,0.6119140982627869,-0.00389727926813066,0.6030030846595764,0.5317175984382629,-0.010452330112457275,0.5976946949958801,0.47067633271217346,-0.020828142762184143,0.6189773082733154,0.5966501235961914,-0.04466990381479263,0.5826492309570312,0.4923776388168335,-0.06630434095859528,0.558350145816803,0.43716317415237427,-0.0776580423116684,0.5393648743629456,0.3973662257194519,-0.08506665378808975,0.5966120958328247,0.6217578649520874,-0.05860111117362976,0.5611745715141296,0.5020402073860168,-0.07874701172113419,0.5355745553970337,0.4353708028793335,-0.08778741955757141,0.5139722228050232,0.38742929697036743,-0.0959474965929985,0.5648707151412964,0.6515612602233887,-0.06995953619480133,0.5368506908416748,0.5365960597991943,-0.08904801309108734,0.5174686908721924,0.4697192907333374,-0.09633483737707138,0.502158522605896,0.41819292306900024,-0.10264021158218384,0.5248477458953857,0.681570827960968,-0.07917433232069016,0.5112784504890442,0.5962976813316345,-0.10014785081148148,0.5058072805404663,0.5444991588592529,-0.10801617056131363,0.5017620921134949,0.49720555543899536,-0.11335761100053787,0.0,0.0,0.0,0.0,0.0,0.0,0.0,0.0,0.0,0.0,0.0,0.0,0.0,0.0,0.0,0.0,0.0,0.0,0.0,0.0,0.0,0.0,0.0,0.0,0.0,0.0,0.0,0.0,0.0,0.0,0.0,0.0,0.0,0.0,0.0,0.0,0.0,0.0,0.0,0.0,0.0,0.0,0.0,0.0,0.0,0.0,0.0,0.0,0.0,0.0,0.0,0.0,0.0,0.0,0.0,0.0,0.0,0.0,0.0,0.0,0.0,0.0,0.0
331,0.5628215074539185,0.7613352537155151,-9.732175954013655e-08,0.5906150341033936,0.7005490064620972,0.004407190252095461,0.6037923693656921,0.6068925857543945,-0.0014558967668563128,0.6009820103645325,0.5253984928131104,-0.007204478140920401,0.5933370590209961,0.4685525596141815,-0.016982892528176308,0.6168426275253296,0.5927595496177673,-0.03996392339468002,0.5801211595535278,0.48949769139289856,-0.06068689376115799,0.5556386113166809,0.43413665890693665,-0.07284774631261826,0.536879301071167,0.39379802346229553,-0.08117745071649551,0.5953852534294128,0.6189695000648499,-0.054149094969034195,0.5594598650932312,0.5001475214958191,-0.07286433130502701,0.5343055725097656,0.4320279061794281,-0.08318252116441727,0.5129907131195068,0.3819487690925598,-0.09293445199728012,0.5643178820610046,0.648068904876709,-0.06581694632768631,0.5372872948646545,0.5328086614608765,-0.08418527245521545,0.5189062356948853,0.4663864076137543,-0.09313365817070007,0.5040220022201538,0.41531044244766235,-0.10098838061094284,0.5244508385658264,0.6758298277854919,-0.07528667151927948,0.5112661123275757,0.5908491015434265,-0.09560238569974899,0.5057488083839417,0.5409681797027588,-0.10410569608211517,0.5014037489891052,0.4961436092853546,-0.11031798273324966,0.0,0.0,0.0,0.0,0.0,0.0,0.0,0.0,0.0,0.0,0.0,0.0,0.0,0.0,0.0,0.0,0.0,0.0,0.0,0.0,0.0,0.0,0.0,0.0,0.0,0.0,0.0,0.0,0.0,0.0,0.0,0.0,0.0,0.0,0.0,0.0,0.0,0.0,0.0,0.0,0.0,0.0,0.0,0.0,0.0,0.0,0.0,0.0,0.0,0.0,0.0,0.0,0.0,0.0,0.0,0.0,0.0,0.0,0.0,0.0,0.0,0.0,0.0
332,0.5637969374656677,0.7586950063705444,-1.0252392712573055e-07,0.5910495519638062,0.6963056325912476,0.006675181444734335,0.6012381911277771,0.603488028049469,0.001929943566210568,0.5978503227233887,0.5222916603088379,-0.0035484053660184145,0.5904175043106079,0.46525412797927856,-0.013037286698818207,0.6152284741401672,0.5903377532958984,-0.03517458215355873,0.581303596496582,0.4888319671154022,-0.05668303743004799,0.5573031306266785,0.43333256244659424,-0.06985728442668915,0.537391722202301,0.3928658962249756,-0.07872068881988525,0.5968258380889893,0.613242506980896,-0.05073842778801918,0.5623264908790588,0.49637967348098755,-0.06977470219135284,0.5363041758537292,0.4292033910751343,-0.08066576719284058,0.5131524801254272,0.37933969497680664,-0.09066878259181976,0.5678189396858215,0.6413586735725403,-0.06401118636131287,0.5408279299736023,0.5285357236862183,-0.08260238170623779,0.5209817290306091,0.462574303150177,-0.09236906468868256,0.5037322640419006,0.41173988580703735,-0.10076949745416641,0.5288764238357544,0.6699059009552002,-0.07503467053174973,0.5173823833465576,0.5893536806106567,-0.09550639986991882,0.5118232369422913,0.5394298434257507,-0.10487467050552368,0.50628262758255,0.49381500482559204,-0.11181840300559998,0.0,0.0,0.0,0.0,0.0,0.0,0.0,0.0,0.0,0.0,0.0,0.0,0.0,0.0,0.0,0.0,0.0,0.0,0.0,0.0,0.0,0.0,0.0,0.0,0.0,0.0,0.0,0.0,0.0,0.0,0.0,0.0,0.0,0.0,0.0,0.0,0.0,0.0,0.0,0.0,0.0,0.0,0.0,0.0,0.0,0.0,0.0,0.0,0.0,0.0,0.0,0.0,0.0,0.0,0.0,0.0,0.0,0.0,0.0,0.0,0.0,0.0,0.0
333,0.5664202570915222,0.7588913440704346,-7.406415392097188e-08,0.5856708884239197,0.694904625415802,0.001762285945005715,0.595838725566864,0.602027952671051,-0.004193850327283144,0.5943271517753601,0.5232089161872864,-0.010242832824587822,0.5843586325645447,0.4659278690814972,-0.019922686740756035,0.6126171946525574,0.585819661617279,-0.03788528963923454,0.5819761753082275,0.48849451541900635,-0.06170906126499176,0.5594725012779236,0.4301266670227051,-0.0774044468998909,0.5392931699752808,0.3865804672241211,-0.08803913742303848,0.5987703204154968,0.6106730103492737,-0.05152332782745361,0.56660395860672,0.5015969276428223,-0.07314988970756531,0.5409596562385559,0.43299251794815063,-0.08625446259975433,0.5164635181427002,0.3808940649032593,-0.09768278896808624,0.5730489492416382,0.6407656669616699,-0.06345351785421371,0.5473976731300354,0.5333794951438904,-0.08456986397504807,0.5261166095733643,0.4674707055091858,-0.0958092138171196,0.506202220916748,0.4168131351470947,-0.10473661869764328,0.5354390740394592,0.670678436756134,-0.07374803721904755,0.5241478681564331,0.5927985906600952,-0.0967700183391571,0.5176913738250732,0.5418009757995605,-0.10800299048423767,0.511134922504425,0.4966430068016052,-0.11587764322757721,0.0,0.0,0.0,0.0,0.0,0.0,0.0,0.0,0.0,0.0,0.0,0.0,0.0,0.0,0.0,0.0,0.0,0.0,0.0,0.0,0.0,0.0,0.0,0.0,0.0,0.0,0.0,0.0,0.0,0.0,0.0,0.0,0.0,0.0,0.0,0.0,0.0,0.0,0.0,0.0,0.0,0.0,0.0,0.0,0.0,0.0,0.0,0.0,0.0,0.0,0.0,0.0,0.0,0.0,0.0,0.0,0.0,0.0,0.0,0.0,0.0,0.0,0.0
334,0.5734701156616211,0.7784237861633301,-1.4844631834876054e-07,0.5827019810676575,0.7032100558280945,0.02174343541264534,0.5855494141578674,0.6368852853775024,0.023127278313040733,0.5778562426567078,0.5839778780937195,0.019944319501519203,0.5648117661476135,0.5451192259788513,0.013018915429711342,0.6068366169929504,0.6043177843093872,-0.012192191556096077,0.5802058577537537,0.5046206712722778,-0.031035590916872025,0.5596015453338623,0.4479106664657593,-0.04228690639138222,0.5400171875953674,0.4039086699485779,-0.04980289936065674,0.6012471318244934,0.6133921146392822,-0.03469116985797882,0.5714620351791382,0.4965752959251404,-0.052447497844696045,0.5491719245910645,0.43195557594299316,-0.061805643141269684,0.52837073802948,0.3796146810054779,-0.06968960165977478,0.5807279348373413,0.6325607895851135,-0.05481359735131264,0.5561589002609253,0.5186453461647034,-0.07224857807159424,0.537156343460083,0.45620670914649963,-0.08075030893087387,0.5220659375190735,0.4043117165565491,-0.08794445544481277,0.5485846996307373,0.6549509167671204,-0.07196764647960663,0.5370392203330994,0.5802215337753296,-0.0940425917506218,0.5324283838272095,0.5311662554740906,-0.10448446124792099,0.5298328995704651,0.4848601222038269,-0.11172690987586975,0.0,0.0,0.0,0.0,0.0,0.0,0.0,0.0,0.0,0.0,0.0,0.0,0.0,0.0,0.0,0.0,0.0,0.0,0.0,0.0,0.0,0.0,0.0,0.0,0.0,0.0,0.0,0.0,0.0,0.0,0.0,0.0,0.0,0.0,0.0,0.0,0.0,0.0,0.0,0.0,0.0,0.0,0.0,0.0,0.0,0.0,0.0,0.0,0.0,0.0,0.0,0.0,0.0,0.0,0.0,0.0,0.0,0.0,0.0,0.0,0.0,0.0,0.0
335,0.5623140335083008,0.7813722491264343,-1.2756619582887652e-07,0.540889322757721,0.7017940282821655,0.021057045087218285,0.5401580333709717,0.6317346692085266,0.024059247225522995,0.5358561873435974,0.5781553983688354,0.022353848442435265,0.5278587937355042,0.5373041033744812,0.01798749342560768,0.5913894772529602,0.600263774394989,-0.006608683615922928,0.5665075182914734,0.504749059677124,-0.022801218554377556,0.5468515157699585,0.44945091009140015,-0.03303113579750061,0.5257925987243652,0.4032137393951416,-0.04107321798801422,0.5922950506210327,0.6093459725379944,-0.028620155528187752,0.5654674768447876,0.49693143367767334,-0.04729978367686272,0.542028546333313,0.43381962180137634,-0.05737302452325821,0.5181698203086853,0.38133782148361206,-0.06565380096435547,0.5771715641021729,0.6287237405776978,-0.048771634697914124,0.5532389879226685,0.5168824195861816,-0.0661068931221962,0.532878041267395,0.4581606388092041,-0.07392536848783493,0.5158345103263855,0.4087827205657959,-0.08073398470878601,0.5486710071563721,0.6496636867523193,-0.0666247308254242,0.5383034348487854,0.5787213444709778,-0.08868414163589478,0.5318679213523865,0.5288844704627991,-0.10101474076509476,0.5285078287124634,0.48135846853256226,-0.11011628061532974,0.35595011711120605,0.8544743061065674,4.973515501660586e-07,0.32061710953712463,0.7701823115348816,-0.00032501667737960815,0.3070530593395233,0.6845402717590332,-0.012618054635822773,0.3119640648365021,0.6251729726791382,-0.02790759690105915,0.31823107600212097,0.5868712663650513,-0.04432391747832298,0.33717647194862366,0.6260453462600708,-0.03322432562708855,0.3595520555973053,0.5068045258522034,-0.05973557382822037,0.3849533796310425,0.44285261631011963,-0.07531043142080307,0.4102032780647278,0.39568188786506653,-0.08486562967300415,0.3554036319255829,0.6382237672805786,-0.049176208674907684,0.38011932373046875,0.5075724124908447,-0.0747547298669815,0.4113921821117401,0.435853511095047,-0.08591645210981369,0.4417373538017273,0.38396143913269043,-0.09204398095607758,0.3781961500644684,0.6633270978927612,-0.06500520557165146,0.3990001976490021,0.5394436717033386,-0.0851512923836708,0.42332723736763,0.4703774154186249,-0.09135910123586655,0.44645947217941284,0.4178728759288788,-0.0950067788362503,0.4064338803291321,0.70024174451828,-0.08089637011289597,0.4196770191192627,0.6170583367347717,-0.0960492193698883,0.42670947313308716,0.5602146983146667,-0.09891372174024582,0.4353637993335724,0.5117480754852295,-0.10005072504281998
336,0.5531748533248901,0.7833865880966187,-7.95000474340668e-08,0.5126554369926453,0.7018063068389893,0.014028172008693218,0.5121594071388245,0.6360589265823364,0.013110867701470852,0.5106738805770874,0.5844780802726746,0.00820939801633358,0.5089970231056213,0.5423977375030518,0.0014679612359032035,0.5840288996696472,0.5984371304512024,-0.0060460492968559265,0.5573437213897705,0.5041494965553284,-0.022401172667741776,0.5359452366828918,0.44808846712112427,-0.034061431884765625,0.514339804649353,0.40126118063926697,-0.043397869914770126,0.5897380113601685,0.6078821420669556,-0.025141751393675804,0.5572580695152283,0.49334287643432617,-0.04443413391709328,0.5310503840446472,0.4278380572795868,-0.056059613823890686,0.5082731246948242,0.37567102909088135,-0.06551988422870636,0.5761256814002991,0.6259506940841675,-0.04325025901198387,0.5506991147994995,0.5097410082817078,-0.059938035905361176,0.5289454460144043,0.44909393787384033,-0.06657635420560837,0.5121055841445923,0.3996959924697876,-0.07264009118080139,0.5479406118392944,0.6446133255958557,-0.06009278446435928,0.5346853137016296,0.5725953578948975,-0.0812746211886406,0.5276423692703247,0.5235077142715454,-0.09261641651391983,0.5244619846343994,0.47628509998321533,-0.10075438022613525,0.4098043143749237,0.8209635615348816,4.13531097365194e-07,0.3934587836265564,0.7372204661369324,0.020303666591644287,0.3812713921070099,0.6582209467887878,0.013465710915625095,0.3804609775543213,0.5924491882324219,4.287744377506897e-05,0.3808547854423523,0.5434468388557434,-0.014901869930326939,0.37283051013946533,0.6231677532196045,-0.02506501041352749,0.3818797767162323,0.4941862225532532,-0.0501851923763752,0.4047822952270508,0.43353646993637085,-0.06226170435547829,0.42733895778656006,0.3895081579685211,-0.06866232305765152,0.38093751668930054,0.634852945804596,-0.0505056194961071,0.39220649003982544,0.49098390340805054,-0.07321085780858994,0.42211300134658813,0.4216703772544861,-0.07942456752061844,0.44991549849510193,0.38019469380378723,-0.08248191326856613,0.40150344371795654,0.6580575704574585,-0.07357893139123917,0.40993189811706543,0.5238386392593384,-0.08940448611974716,0.43234825134277344,0.4592946171760559,-0.09072858840227127,0.45349615812301636,0.4152441620826721,-0.09251417219638824,0.43560686707496643,0.6870256662368774,-0.09482970088720322,0.4374113082885742,0.603873074054718,-0.1057996153831482,0.4404758810997009,0.5501814484596252,-0.10600049048662186,0.44533437490463257,0.5055344104766846,-0.10647042095661163
337,0.5541372299194336,0.7772557139396667,-1.7003385721636732e-07,0.5202818512916565,0.7053660750389099,0.012143622152507305,0.515591025352478,0.6334906816482544,0.011168443597853184,0.5118246078491211,0.5781575441360474,0.006932966411113739,0.5050051808357239,0.5335132479667664,-2.4372616280743387e-06,0.5789451003074646,0.5859159827232361,-0.012970058247447014,0.5495972037315369,0.4934297800064087,-0.030127666890621185,0.528082013130188,0.44008660316467285,-0.042562153190374374,0.507567286491394,0.39579445123672485,-0.05320758372545242,0.5844265818595886,0.5971683263778687,-0.032675012946128845,0.5510191917419434,0.48601239919662476,-0.05172272399067879,0.525242805480957,0.4252753257751465,-0.0638522207736969,0.5008586049079895,0.3768429756164551,-0.07480864226818085,0.5728963613510132,0.6213920712471008,-0.051581621170043945,0.54622882604599,0.5094801187515259,-0.07119961082935333,0.5243380069732666,0.45119568705558777,-0.08257628232240677,0.5061541199684143,0.40358299016952515,-0.09293657541275024,0.5477524399757385,0.6490564942359924,-0.06886769831180573,0.5371330976486206,0.5814669728279114,-0.0957517996430397,0.5301126837730408,0.5316678285598755,-0.11252272874116898,0.525920569896698,0.4828139543533325,-0.12530630826950073,0.4014136493206024,0.8204883337020874,4.560083652904723e-07,0.3883434534072876,0.7386793494224548,0.019299842417240143,0.3804340958595276,0.6592912673950195,0.01009414903819561,0.3826933801174164,0.5977016687393188,-0.00513478321954608,0.3866852819919586,0.5489071011543274,-0.022410113364458084,0.3764485716819763,0.6174753308296204,-0.03272625431418419,0.3813767433166504,0.4901182949542999,-0.06160365045070648,0.40312936902046204,0.43188732862472534,-0.07595567405223846,0.42534348368644714,0.3906862139701843,-0.08370710909366608,0.3846202790737152,0.633012592792511,-0.05925088748335838,0.3939025104045868,0.4918261170387268,-0.0862637460231781,0.4235500991344452,0.4213715195655823,-0.09490817785263062,0.4514126479625702,0.3777036666870117,-0.09949462860822678,0.4054796099662781,0.6596601605415344,-0.08311358839273453,0.41270241141319275,0.524351179599762,-0.10273293405771255,0.4353656470775604,0.45809829235076904,-0.10523111373186111,0.4566587805747986,0.4121288061141968,-0.10704367607831955,0.440308541059494,0.689516544342041,-0.10496918112039566,0.4426267147064209,0.6026647090911865,-0.11761299520730972,0.44415047764778137,0.5464673042297363,-0.1177147850394249,0.44690704345703125,0.49959832429885864,-0.11783081293106079
338,0.5478249788284302,0.7847563028335571,-1.1975112101936247e-07,0.514532208442688,0.7090265154838562,0.007599350530654192,0.5129032135009766,0.6376098394393921,0.006720311474055052,0.5131606459617615,0.58037930727005,0.0026056880597025156,0.5076747536659241,0.5335170030593872,-0.003584320889785886,0.5745920538902283,0.5944061875343323,-0.007176400627940893,0.5473402142524719,0.5064643621444702,-0.022370724007487297,0.5277857184410095,0.4520868957042694,-0.034219518303871155,0.509902834892273,0.40516793727874756,-0.044643230736255646,0.5793247818946838,0.6036220788955688,-0.02415608800947666,0.5466418862342834,0.49600154161453247,-0.041794899851083755,0.5238842964172363,0.4329777956008911,-0.055185213685035706,0.5029263496398926,0.3798961043357849,-0.06689346581697464,0.568327009677887,0.625234067440033,-0.041024722158908844,0.5417896509170532,0.5185500383377075,-0.05898730829358101,0.5220110416412354,0.45867249369621277,-0.07041437178850174,0.5058186054229736,0.40971511602401733,-0.08016502857208252,0.54569011926651,0.6505489349365234,-0.05713703855872154,0.5352315306663513,0.5814110040664673,-0.07979217916727066,0.5291235446929932,0.5316901803016663,-0.09419262409210205,0.5257470607757568,0.48431238532066345,-0.10519150644540787,0.40469855070114136,0.8194442987442017,4.082175735220517e-07,0.38841861486434937,0.7366583943367004,0.018735406920313835,0.37891578674316406,0.6597452163696289,0.010931036435067654,0.38122814893722534,0.6019063591957092,-0.0032427713740617037,0.38662204146385193,0.5565327405929565,-0.01952521875500679,0.3786856532096863,0.6163201332092285,-0.02445986308157444,0.39165571331977844,0.4984833598136902,-0.050560321658849716,0.4129575192928314,0.4402303397655487,-0.064200259745121,0.43454301357269287,0.39799264073371887,-0.07189945876598358,0.38614776730537415,0.6282731890678406,-0.05004333332180977,0.39832672476768494,0.4944067597389221,-0.07481420785188675,0.4258374869823456,0.42558208107948303,-0.08355248719453812,0.4524281322956085,0.3817160725593567,-0.08807723969221115,0.40652352571487427,0.6533031463623047,-0.07362233847379684,0.41540825366973877,0.5248686671257019,-0.0935726910829544,0.43667611479759216,0.46085214614868164,-0.09860239923000336,0.4566414952278137,0.41448289155960083,-0.10149063915014267,0.4413943588733673,0.6854894757270813,-0.09519468247890472,0.4469507336616516,0.6013790369033813,-0.10880779474973679,0.44815006852149963,0.548599123954773,-0.11055760830640793,0.45006877183914185,0.5037916302680969,-0.11149310320615768
339,0.5531577467918396,0.7858070135116577,-9.827827085473473e-08,0.5215462446212769,0.7115518450737,0.009202917106449604,0.5192384719848633,0.6382476687431335,0.007691981270909309,0.5189988017082214,0.5792062282562256,0.00338655523955822,0.5116109848022461,0.5306648015975952,-0.0029264932963997126,0.5770280957221985,0.5968201756477356,-0.011672916822135448,0.5491818189620972,0.5051928758621216,-0.029519077390432358,0.5285896062850952,0.44925686717033386,-0.04238823428750038,0.5092123746871948,0.40315383672714233,-0.05267971754074097,0.5819905996322632,0.6068177223205566,-0.028662482276558876,0.5488616228103638,0.49655041098594666,-0.04675201326608658,0.5248619914054871,0.4331173300743103,-0.057785458862781525,0.5024638175964355,0.38083651661872864,-0.06755517423152924,0.570784330368042,0.6278436183929443,-0.04528890177607536,0.5420637130737305,0.5170682072639465,-0.06333743780851364,0.5199532508850098,0.4581295847892761,-0.07252336293458939,0.5011406540870667,0.40984728932380676,-0.08069837838411331,0.5460473895072937,0.6524621844291687,-0.060866788029670715,0.5344169735908508,0.5849757194519043,-0.08386724442243576,0.5268898606300354,0.5358302593231201,-0.09738052636384964,0.5215142965316772,0.4879087507724762,-0.10746253281831741,0.40175068378448486,0.8191685676574707,5.352890184440184e-07,0.37482139468193054,0.737432599067688,0.008957943879067898,0.36298298835754395,0.6521465182304382,-0.0036083529703319073,0.3650795519351959,0.584976315498352,-0.019786395132541656,0.37213364243507385,0.5344446897506714,-0.03805476054549217,0.3624231815338135,0.6254830360412598,-0.04462325945496559,0.37656429409980774,0.4997172951698303,-0.07468854635953903,0.3992244303226471,0.43904805183410645,-0.08850407600402832,0.42192286252975464,0.3953002095222473,-0.0953201875090599,0.37657690048217773,0.6396088004112244,-0.06528259813785553,0.39241018891334534,0.5007736682891846,-0.09352919459342957,0.4199857711791992,0.4276936650276184,-0.10200728476047516,0.44650110602378845,0.3797392249107361,-0.10568875819444656,0.40444716811180115,0.6644187569618225,-0.083554208278656,0.415288507938385,0.533794641494751,-0.10563401877880096,0.43573254346847534,0.46591994166374207,-0.11031763255596161,0.4550262987613678,0.41808533668518066,-0.11253613233566284,0.44473329186439514,0.6946658492088318,-0.10026360303163528,0.4473263919353485,0.6064472794532776,-0.1157567948102951,0.4487796723842621,0.5505359172821045,-0.11753014475107193,0.45256590843200684,0.5038818120956421,-0.11773578077554703
340,0.5647709369659424,0.7760025262832642,-5.957140558621177e-08,0.5891311764717102,0.7017646431922913,0.010914322920143604,0.5963372588157654,0.6069284081459045,0.0072562661953270435,0.5936917662620544,0.5262771844863892,0.0024276552721858025,0.584637463092804,0.46866750717163086,-0.006850281730294228,0.6136109828948975,0.593965470790863,-0.03694237768650055,0.576465904712677,0.49024254083633423,-0.05686720460653305,0.55181485414505,0.43511825799942017,-0.06771842390298843,0.5313605666160583,0.3938920497894287,-0.07533121109008789,0.5976555943489075,0.6187618970870972,-0.055073998868465424,0.561111330986023,0.49983087182044983,-0.07345624268054962,0.5351988077163696,0.43292635679244995,-0.08320067822933197,0.5130739808082581,0.38388359546661377,-0.09264692664146423,0.5689504742622375,0.6501808762550354,-0.07016001641750336,0.5404009222984314,0.5357397794723511,-0.08911331743001938,0.5201635956764221,0.4664587080478668,-0.09969199448823929,0.5037880539894104,0.4134536385536194,-0.10906808823347092,0.5296462178230286,0.6835013628005981,-0.08227365463972092,0.5123344659805298,0.6011321544647217,-0.10422702878713608,0.5041691064834595,0.5490497350692749,-0.11409743875265121,0.4977665841579437,0.5021610260009766,-0.12159023433923721,0.0,0.0,0.0,0.0,0.0,0.0,0.0,0.0,0.0,0.0,0.0,0.0,0.0,0.0,0.0,0.0,0.0,0.0,0.0,0.0,0.0,0.0,0.0,0.0,0.0,0.0,0.0,0.0,0.0,0.0,0.0,0.0,0.0,0.0,0.0,0.0,0.0,0.0,0.0,0.0,0.0,0.0,0.0,0.0,0.0,0.0,0.0,0.0,0.0,0.0,0.0,0.0,0.0,0.0,0.0,0.0,0.0,0.0,0.0,0.0,0.0,0.0,0.0
341,0.5686466693878174,0.7862251400947571,-1.213891067664008e-07,0.591198205947876,0.7159828543663025,0.009744159877300262,0.5989770889282227,0.6177433729171753,0.005075185094028711,0.5951278805732727,0.5359161496162415,-0.0007199292886070907,0.5897748470306396,0.4770326018333435,-0.011432576924562454,0.6159433126449585,0.602990984916687,-0.038570061326026917,0.5767610669136047,0.4994966983795166,-0.060471173375844955,0.5507506132125854,0.44318288564682007,-0.07325568050146103,0.5297473669052124,0.40129587054252625,-0.0822560265660286,0.5974562764167786,0.6303909420967102,-0.057096779346466064,0.5625131726264954,0.5100195407867432,-0.07769544422626495,0.5354911684989929,0.4418720602989197,-0.08909747004508972,0.5120000839233398,0.3911718428134918,-0.09965415298938751,0.567274272441864,0.6634735465049744,-0.0726427435874939,0.5417978763580322,0.546310544013977,-0.09373502433300018,0.5226187705993652,0.47627902030944824,-0.10470849275588989,0.5068292617797852,0.42324018478393555,-0.11399673670530319,0.5263921022415161,0.696624755859375,-0.08519268780946732,0.5131968855857849,0.6083744764328003,-0.10777632147073746,0.5083790421485901,0.5574079155921936,-0.11696810275316238,0.5049928426742554,0.5123057961463928,-0.1239214763045311,0.0,0.0,0.0,0.0,0.0,0.0,0.0,0.0,0.0,0.0,0.0,0.0,0.0,0.0,0.0,0.0,0.0,0.0,0.0,0.0,0.0,0.0,0.0,0.0,0.0,0.0,0.0,0.0,0.0,0.0,0.0,0.0,0.0,0.0,0.0,0.0,0.0,0.0,0.0,0.0,0.0,0.0,0.0,0.0,0.0,0.0,0.0,0.0,0.0,0.0,0.0,0.0,0.0,0.0,0.0,0.0,0.0,0.0,0.0,0.0,0.0,0.0,0.0
342,0.0,0.0,0.0,0.0,0.0,0.0,0.0,0.0,0.0,0.0,0.0,0.0,0.0,0.0,0.0,0.0,0.0,0.0,0.0,0.0,0.0,0.0,0.0,0.0,0.0,0.0,0.0,0.0,0.0,0.0,0.0,0.0,0.0,0.0,0.0,0.0,0.0,0.0,0.0,0.0,0.0,0.0,0.0,0.0,0.0,0.0,0.0,0.0,0.0,0.0,0.0,0.0,0.0,0.0,0.0,0.0,0.0,0.0,0.0,0.0,0.0,0.0,0.0,0.0,0.0,0.0,0.0,0.0,0.0,0.0,0.0,0.0,0.0,0.0,0.0,0.0,0.0,0.0,0.0,0.0,0.0,0.0,0.0,0.0,0.0,0.0,0.0,0.0,0.0,0.0,0.0,0.0,0.0,0.0,0.0,0.0,0.0,0.0,0.0,0.0,0.0,0.0,0.0,0.0,0.0,0.0,0.0,0.0,0.0,0.0,0.0,0.0,0.0,0.0,0.0,0.0,0.0,0.0,0.0,0.0,0.0,0.0,0.0,0.0,0.0,0.0
343,0.0,0.0,0.0,0.0,0.0,0.0,0.0,0.0,0.0,0.0,0.0,0.0,0.0,0.0,0.0,0.0,0.0,0.0,0.0,0.0,0.0,0.0,0.0,0.0,0.0,0.0,0.0,0.0,0.0,0.0,0.0,0.0,0.0,0.0,0.0,0.0,0.0,0.0,0.0,0.0,0.0,0.0,0.0,0.0,0.0,0.0,0.0,0.0,0.0,0.0,0.0,0.0,0.0,0.0,0.0,0.0,0.0,0.0,0.0,0.0,0.0,0.0,0.0,0.0,0.0,0.0,0.0,0.0,0.0,0.0,0.0,0.0,0.0,0.0,0.0,0.0,0.0,0.0,0.0,0.0,0.0,0.0,0.0,0.0,0.0,0.0,0.0,0.0,0.0,0.0,0.0,0.0,0.0,0.0,0.0,0.0,0.0,0.0,0.0,0.0,0.0,0.0,0.0,0.0,0.0,0.0,0.0,0.0,0.0,0.0,0.0,0.0,0.0,0.0,0.0,0.0,0.0,0.0,0.0,0.0,0.0,0.0,0.0,0.0,0.0,0.0
344,0.0,0.0,0.0,0.0,0.0,0.0,0.0,0.0,0.0,0.0,0.0,0.0,0.0,0.0,0.0,0.0,0.0,0.0,0.0,0.0,0.0,0.0,0.0,0.0,0.0,0.0,0.0,0.0,0.0,0.0,0.0,0.0,0.0,0.0,0.0,0.0,0.0,0.0,0.0,0.0,0.0,0.0,0.0,0.0,0.0,0.0,0.0,0.0,0.0,0.0,0.0,0.0,0.0,0.0,0.0,0.0,0.0,0.0,0.0,0.0,0.0,0.0,0.0,0.0,0.0,0.0,0.0,0.0,0.0,0.0,0.0,0.0,0.0,0.0,0.0,0.0,0.0,0.0,0.0,0.0,0.0,0.0,0.0,0.0,0.0,0.0,0.0,0.0,0.0,0.0,0.0,0.0,0.0,0.0,0.0,0.0,0.0,0.0,0.0,0.0,0.0,0.0,0.0,0.0,0.0,0.0,0.0,0.0,0.0,0.0,0.0,0.0,0.0,0.0,0.0,0.0,0.0,0.0,0.0,0.0,0.0,0.0,0.0,0.0,0.0,0.0
345,0.0,0.0,0.0,0.0,0.0,0.0,0.0,0.0,0.0,0.0,0.0,0.0,0.0,0.0,0.0,0.0,0.0,0.0,0.0,0.0,0.0,0.0,0.0,0.0,0.0,0.0,0.0,0.0,0.0,0.0,0.0,0.0,0.0,0.0,0.0,0.0,0.0,0.0,0.0,0.0,0.0,0.0,0.0,0.0,0.0,0.0,0.0,0.0,0.0,0.0,0.0,0.0,0.0,0.0,0.0,0.0,0.0,0.0,0.0,0.0,0.0,0.0,0.0,0.0,0.0,0.0,0.0,0.0,0.0,0.0,0.0,0.0,0.0,0.0,0.0,0.0,0.0,0.0,0.0,0.0,0.0,0.0,0.0,0.0,0.0,0.0,0.0,0.0,0.0,0.0,0.0,0.0,0.0,0.0,0.0,0.0,0.0,0.0,0.0,0.0,0.0,0.0,0.0,0.0,0.0,0.0,0.0,0.0,0.0,0.0,0.0,0.0,0.0,0.0,0.0,0.0,0.0,0.0,0.0,0.0,0.0,0.0,0.0,0.0,0.0,0.0
346,0.0,0.0,0.0,0.0,0.0,0.0,0.0,0.0,0.0,0.0,0.0,0.0,0.0,0.0,0.0,0.0,0.0,0.0,0.0,0.0,0.0,0.0,0.0,0.0,0.0,0.0,0.0,0.0,0.0,0.0,0.0,0.0,0.0,0.0,0.0,0.0,0.0,0.0,0.0,0.0,0.0,0.0,0.0,0.0,0.0,0.0,0.0,0.0,0.0,0.0,0.0,0.0,0.0,0.0,0.0,0.0,0.0,0.0,0.0,0.0,0.0,0.0,0.0,0.0,0.0,0.0,0.0,0.0,0.0,0.0,0.0,0.0,0.0,0.0,0.0,0.0,0.0,0.0,0.0,0.0,0.0,0.0,0.0,0.0,0.0,0.0,0.0,0.0,0.0,0.0,0.0,0.0,0.0,0.0,0.0,0.0,0.0,0.0,0.0,0.0,0.0,0.0,0.0,0.0,0.0,0.0,0.0,0.0,0.0,0.0,0.0,0.0,0.0,0.0,0.0,0.0,0.0,0.0,0.0,0.0,0.0,0.0,0.0,0.0,0.0,0.0
347,0.0,0.0,0.0,0.0,0.0,0.0,0.0,0.0,0.0,0.0,0.0,0.0,0.0,0.0,0.0,0.0,0.0,0.0,0.0,0.0,0.0,0.0,0.0,0.0,0.0,0.0,0.0,0.0,0.0,0.0,0.0,0.0,0.0,0.0,0.0,0.0,0.0,0.0,0.0,0.0,0.0,0.0,0.0,0.0,0.0,0.0,0.0,0.0,0.0,0.0,0.0,0.0,0.0,0.0,0.0,0.0,0.0,0.0,0.0,0.0,0.0,0.0,0.0,0.0,0.0,0.0,0.0,0.0,0.0,0.0,0.0,0.0,0.0,0.0,0.0,0.0,0.0,0.0,0.0,0.0,0.0,0.0,0.0,0.0,0.0,0.0,0.0,0.0,0.0,0.0,0.0,0.0,0.0,0.0,0.0,0.0,0.0,0.0,0.0,0.0,0.0,0.0,0.0,0.0,0.0,0.0,0.0,0.0,0.0,0.0,0.0,0.0,0.0,0.0,0.0,0.0,0.0,0.0,0.0,0.0,0.0,0.0,0.0,0.0,0.0,0.0
348,0.0,0.0,0.0,0.0,0.0,0.0,0.0,0.0,0.0,0.0,0.0,0.0,0.0,0.0,0.0,0.0,0.0,0.0,0.0,0.0,0.0,0.0,0.0,0.0,0.0,0.0,0.0,0.0,0.0,0.0,0.0,0.0,0.0,0.0,0.0,0.0,0.0,0.0,0.0,0.0,0.0,0.0,0.0,0.0,0.0,0.0,0.0,0.0,0.0,0.0,0.0,0.0,0.0,0.0,0.0,0.0,0.0,0.0,0.0,0.0,0.0,0.0,0.0,0.0,0.0,0.0,0.0,0.0,0.0,0.0,0.0,0.0,0.0,0.0,0.0,0.0,0.0,0.0,0.0,0.0,0.0,0.0,0.0,0.0,0.0,0.0,0.0,0.0,0.0,0.0,0.0,0.0,0.0,0.0,0.0,0.0,0.0,0.0,0.0,0.0,0.0,0.0,0.0,0.0,0.0,0.0,0.0,0.0,0.0,0.0,0.0,0.0,0.0,0.0,0.0,0.0,0.0,0.0,0.0,0.0,0.0,0.0,0.0,0.0,0.0,0.0
349,0.0,0.0,0.0,0.0,0.0,0.0,0.0,0.0,0.0,0.0,0.0,0.0,0.0,0.0,0.0,0.0,0.0,0.0,0.0,0.0,0.0,0.0,0.0,0.0,0.0,0.0,0.0,0.0,0.0,0.0,0.0,0.0,0.0,0.0,0.0,0.0,0.0,0.0,0.0,0.0,0.0,0.0,0.0,0.0,0.0,0.0,0.0,0.0,0.0,0.0,0.0,0.0,0.0,0.0,0.0,0.0,0.0,0.0,0.0,0.0,0.0,0.0,0.0,0.0,0.0,0.0,0.0,0.0,0.0,0.0,0.0,0.0,0.0,0.0,0.0,0.0,0.0,0.0,0.0,0.0,0.0,0.0,0.0,0.0,0.0,0.0,0.0,0.0,0.0,0.0,0.0,0.0,0.0,0.0,0.0,0.0,0.0,0.0,0.0,0.0,0.0,0.0,0.0,0.0,0.0,0.0,0.0,0.0,0.0,0.0,0.0,0.0,0.0,0.0,0.0,0.0,0.0,0.0,0.0,0.0,0.0,0.0,0.0,0.0,0.0,0.0
